 * Serving Flask app 'Profiler' (lazy loading)
 * Environment: production
   WARNING: This is a development server. Do not use it in a production deployment.
   Use a production WSGI server instead.
 * Debug mode: off
profiler http listen to 127.0.0.1:50123
try to connect to server...
connect to server success
cmdline is: python tests/profile_controlled_kernel.py --module submissions/nsa109.py --case-id 12 --prefix results/profile_pair_nsa109_source --seed 0 --mode public --cold
casename is: pair_instructions_nsa109
metrics is: ['Total Instructions', 'Compute Instructions', 'Memory Instructions', 'Global Read Instructions', 'Global Write Instructions', 'Private Read Instructions', 'Private Write Instructions']
start a local task...
[info] start a new perf exec thread
[info] start perf_exec
[info] new exec ba9a76d2-1f4f-47ee-b9fb-001a57844004:('python tests/profile_controlled_kernel.py --module submissions/nsa109.py --case-id 12 --prefix results/profile_pair_nsa109_source --seed 0 --mode public --cold', 'pair_instructions_nsa109', ['Total Instructions', 'Compute Instructions', 'Memory Instructions', 'Global Read Instructions', 'Global Write Instructions', 'Private Read Instructions', 'Private Write Instructions'])
########## exec_id: ba9a76d2-1f4f-47ee-b9fb-001a57844004 ##########
[info] start generate batch files
[info] output path is: /data/nsa_codex_20260909_r1/results/profile_pair_nsa109
[info] generate event_batch_1.json successfully!
[info] generate event_batch_2.json successfully!
[info] generate batch files done
[warning] get_srvrpc_port get rpc server ports failed: cannot retrieve rpc server port.
[warning] get_srvrpc_port get rpc server ports failed: cannot retrieve rpc server port.
[warning] get_srvrpc_port get rpc server ports failed: cannot retrieve rpc server port.
[warning] get_srvrpc_port get rpc server ports failed: cannot retrieve rpc server port.
Loading tilelang libs from dev root: /opt/tilelang-metax-v0.1.10/build
[08:22:16.924][MXS][W]| MCTX_TARGET_INIT               | 1               | 0               |
[08:22:16.926][MCR][I]mc_device.cpp            :562 : Signal SIGUSR1 now has a custom handler to enable mctx at runtime!
[08:22:16.926][MCR][I]mc_device.cpp            :309 : mcSnapShotCtx: Attempting to open shared memory: /shm_snapshot_148279
mctxAutoStart called!
[08:22:16.926][MCTX][I]mctxTPImpl.cpp           :201 : MACA configuration file path redirected from ${MACA_PATH}/etc to MACA_ETC_PATH
[08:22:16.926][MCTX][I]mctxTPImpl.cpp           :201 : MACA configuration file path redirected from ${MACA_PATH}/etc to MACA_ETC_PATH
[08:22:16.926][MCTX][I]mctxTPImpl.cpp           :300 : profiler target ENV file[/data/nsa_codex_20260909_r1/results/profile_pair_nsa109/mcProfiler.json] exist!
[08:22:16.927][MCR][I]mc_device.cpp            :849 : Init enter!
[08:22:16.927][MXC][I]MxcInit: entering
[08:22:16.929][MXKW][I]topology.c              :1358: [topology_sysfs_get_system_props]PlatformCpuNodes:2 ,num_sysfs_nodes:27
[08:22:16.929][MXKW][I]topology.c              :283 : [get_directory_socket_id]fscanf path:/sys/devices/virtual/mxcd/mxcd/layout/nodes/2/gpu_id,res: 0,errno:1
[08:22:16.929][MXKW][W]topology.c              :1424: [topology_sysfs_get_system_props]err_node_num is 1,ret is 0,is_node_supported is 0
[08:22:16.929][MXKW][I]topology.c              :283 : [get_directory_socket_id]fscanf path:/sys/devices/virtual/mxcd/mxcd/layout/nodes/3/gpu_id,res: 0,errno:1
[08:22:16.929][MXKW][W]topology.c              :1424: [topology_sysfs_get_system_props]err_node_num is 2,ret is 0,is_node_supported is 0
[08:22:16.929][MXKW][I]topology.c              :283 : [get_directory_socket_id]fscanf path:/sys/devices/virtual/mxcd/mxcd/layout/nodes/4/gpu_id,res: 0,errno:1
[08:22:16.929][MXKW][W]topology.c              :1424: [topology_sysfs_get_system_props]err_node_num is 3,ret is 0,is_node_supported is 0
[08:22:16.929][MXKW][I]topology.c              :283 : [get_directory_socket_id]fscanf path:/sys/devices/virtual/mxcd/mxcd/layout/nodes/5/gpu_id,res: 0,errno:1
[08:22:16.929][MXKW][W]topology.c              :1424: [topology_sysfs_get_system_props]err_node_num is 4,ret is 0,is_node_supported is 0
[08:22:16.929][MXKW][I]topology.c              :283 : [get_directory_socket_id]fscanf path:/sys/devices/virtual/mxcd/mxcd/layout/nodes/6/gpu_id,res: 0,errno:1
[08:22:16.929][MXKW][W]topology.c              :1424: [topology_sysfs_get_system_props]err_node_num is 5,ret is 0,is_node_supported is 0
[08:22:16.929][MXKW][I]topology.c              :283 : [get_directory_socket_id]fscanf path:/sys/devices/virtual/mxcd/mxcd/layout/nodes/7/gpu_id,res: 0,errno:1
[08:22:16.929][MXKW][W]topology.c              :1424: [topology_sysfs_get_system_props]err_node_num is 6,ret is 0,is_node_supported is 0
[08:22:16.929][MXKW][I]topology.c              :283 : [get_directory_socket_id]fscanf path:/sys/devices/virtual/mxcd/mxcd/layout/nodes/8/gpu_id,res: 0,errno:1
[08:22:16.929][MXKW][W]topology.c              :1424: [topology_sysfs_get_system_props]err_node_num is 7,ret is 0,is_node_supported is 0
[08:22:16.929][MXKW][I]topology.c              :283 : [get_directory_socket_id]fscanf path:/sys/devices/virtual/mxcd/mxcd/layout/nodes/9/gpu_id,res: 0,errno:1
[08:22:16.929][MXKW][W]topology.c              :1424: [topology_sysfs_get_system_props]err_node_num is 8,ret is 0,is_node_supported is 0
[08:22:16.929][MXKW][I]topology.c              :283 : [get_directory_socket_id]fscanf path:/sys/devices/virtual/mxcd/mxcd/layout/nodes/300/gpu_id,res: 0,errno:1
[08:22:16.929][MXKW][W]topology.c              :1424: [topology_sysfs_get_system_props]err_node_num is 9,ret is 0,is_node_supported is 0
[08:22:16.929][MXKW][I]topology.c              :283 : [get_directory_socket_id]fscanf path:/sys/devices/virtual/mxcd/mxcd/layout/nodes/301/gpu_id,res: 0,errno:1
[08:22:16.929][MXKW][W]topology.c              :1424: [topology_sysfs_get_system_props]err_node_num is 10,ret is 0,is_node_supported is 0
[08:22:16.929][MXKW][I]topology.c              :283 : [get_directory_socket_id]fscanf path:/sys/devices/virtual/mxcd/mxcd/layout/nodes/303/gpu_id,res: 0,errno:1
[08:22:16.929][MXKW][W]topology.c              :1424: [topology_sysfs_get_system_props]err_node_num is 11,ret is 0,is_node_supported is 0
[08:22:16.929][MXKW][I]topology.c              :283 : [get_directory_socket_id]fscanf path:/sys/devices/virtual/mxcd/mxcd/layout/nodes/304/gpu_id,res: 0,errno:1
[08:22:16.929][MXKW][W]topology.c              :1424: [topology_sysfs_get_system_props]err_node_num is 12,ret is 0,is_node_supported is 0
[08:22:16.929][MXKW][I]topology.c              :283 : [get_directory_socket_id]fscanf path:/sys/devices/virtual/mxcd/mxcd/layout/nodes/305/gpu_id,res: 0,errno:1
[08:22:16.929][MXKW][W]topology.c              :1424: [topology_sysfs_get_system_props]err_node_num is 13,ret is 0,is_node_supported is 0
[08:22:16.929][MXKW][I]topology.c              :283 : [get_directory_socket_id]fscanf path:/sys/devices/virtual/mxcd/mxcd/layout/nodes/306/gpu_id,res: 0,errno:1
[08:22:16.929][MXKW][W]topology.c              :1424: [topology_sysfs_get_system_props]err_node_num is 14,ret is 0,is_node_supported is 0
[08:22:16.930][MXKW][I]topology.c              :283 : [get_directory_socket_id]fscanf path:/sys/devices/virtual/mxcd/mxcd/layout/nodes/307/gpu_id,res: 0,errno:1
[08:22:16.930][MXKW][W]topology.c              :1424: [topology_sysfs_get_system_props]err_node_num is 15,ret is 0,is_node_supported is 0
[08:22:16.930][MXKW][I]topology.c              :283 : [get_directory_socket_id]fscanf path:/sys/devices/virtual/mxcd/mxcd/layout/nodes/308/gpu_id,res: 0,errno:1
[08:22:16.930][MXKW][W]topology.c              :1424: [topology_sysfs_get_system_props]err_node_num is 16,ret is 0,is_node_supported is 0
[08:22:16.930][MXKW][I]topology.c              :283 : [get_directory_socket_id]fscanf path:/sys/devices/virtual/mxcd/mxcd/layout/nodes/309/gpu_id,res: 0,errno:1
[08:22:16.930][MXKW][W]topology.c              :1424: [topology_sysfs_get_system_props]err_node_num is 17,ret is 0,is_node_supported is 0
[08:22:16.930][MXKW][I]topology.c              :283 : [get_directory_socket_id]fscanf path:/sys/devices/virtual/mxcd/mxcd/layout/nodes/310/gpu_id,res: 0,errno:1
[08:22:16.930][MXKW][W]topology.c              :1424: [topology_sysfs_get_system_props]err_node_num is 18,ret is 0,is_node_supported is 0
[08:22:16.930][MXKW][I]topology.c              :283 : [get_directory_socket_id]fscanf path:/sys/devices/virtual/mxcd/mxcd/layout/nodes/311/gpu_id,res: 0,errno:1
[08:22:16.930][MXKW][W]topology.c              :1424: [topology_sysfs_get_system_props]err_node_num is 19,ret is 0,is_node_supported is 0
[08:22:16.930][MXKW][I]topology.c              :283 : [get_directory_socket_id]fscanf path:/sys/devices/virtual/mxcd/mxcd/layout/nodes/312/gpu_id,res: 0,errno:1
[08:22:16.930][MXKW][W]topology.c              :1424: [topology_sysfs_get_system_props]err_node_num is 20,ret is 0,is_node_supported is 0
[08:22:16.930][MXKW][I]topology.c              :283 : [get_directory_socket_id]fscanf path:/sys/devices/virtual/mxcd/mxcd/layout/nodes/313/gpu_id,res: 0,errno:1
[08:22:16.930][MXKW][W]topology.c              :1424: [topology_sysfs_get_system_props]err_node_num is 21,ret is 0,is_node_supported is 0
[08:22:16.930][MXKW][I]topology.c              :283 : [get_directory_socket_id]fscanf path:/sys/devices/virtual/mxcd/mxcd/layout/nodes/314/gpu_id,res: 0,errno:1
[08:22:16.930][MXKW][W]topology.c              :1424: [topology_sysfs_get_system_props]err_node_num is 22,ret is 0,is_node_supported is 0
[08:22:16.930][MXKW][I]topology.c              :283 : [get_directory_socket_id]fscanf path:/sys/devices/virtual/mxcd/mxcd/layout/nodes/315/gpu_id,res: 0,errno:1
[08:22:16.930][MXKW][W]topology.c              :1424: [topology_sysfs_get_system_props]err_node_num is 23,ret is 0,is_node_supported is 0
[08:22:16.930][MXKW][I]topology.c              :283 : [get_directory_socket_id]fscanf path:/sys/devices/virtual/mxcd/mxcd/layout/nodes/317/gpu_id,res: 0,errno:1
[08:22:16.930][MXKW][W]topology.c              :1424: [topology_sysfs_get_system_props]err_node_num is 24,ret is 0,is_node_supported is 0
[08:22:16.930][MXKW][I]topology.c              :1460: [topology_sysfs_get_system_props]cpu total 2 nodes, map list:
[08:22:16.930][MXKW][I]topology.c              :1463: [topology_sysfs_get_system_props]map_cpu[0]:0
[08:22:16.930][MXKW][I]topology.c              :1463: [topology_sysfs_get_system_props]map_cpu[1]:1
[08:22:16.930][MXKW][I]topology.c              :1465: [topology_sysfs_get_system_props]gpu total 1 nodes, map list:
[08:22:16.930][MXKW][I]topology.c              :1468: [topology_sysfs_get_system_props]map_gpu[0]:12
[08:22:16.930][MXKW][I]topology.c              :1516: [topology_sysfs_init_gpu_page_size]XCORE_PAGE_SIZE: 0x200000, GPU_PAGE_SIZE: 0x200000
[08:22:16.930][MXKW][I]topology.c              :954 : [find_pci_info]create pci_info_array. It has 27 element. directory_name is 0.
[08:22:16.930][MXKW][I]topology.c              :962 : [find_pci_info]node 0 's pci info is not found
[08:22:16.930][MXKW][I]topology.c              :911 : [read_pci_info_from_file]can't open /sys/devices/virtual/mxcd/mxcd/layout/nodes/0/location file!
[08:22:16.930][MXKW][I]topology.c              :962 : [find_pci_info]node 0 's pci info is not found
[08:22:16.930][MXKW][I]topology.c              :911 : [read_pci_info_from_file]can't open /sys/devices/virtual/mxcd/mxcd/layout/nodes/0/location file!
[08:22:16.930][MXKW][I]topology.c              :1944: [topology_sysfs_get_node_props]Device isa_major is 0, isa_minor is 0, MXName is
[08:22:16.930][MXKW][I]topology.c              :962 : [find_pci_info]node 1 's pci info is not found
[08:22:16.930][MXKW][I]topology.c              :911 : [read_pci_info_from_file]can't open /sys/devices/virtual/mxcd/mxcd/layout/nodes/1/location file!
[08:22:16.930][MXKW][I]topology.c              :962 : [find_pci_info]node 1 's pci info is not found
[08:22:16.930][MXKW][I]topology.c              :911 : [read_pci_info_from_file]can't open /sys/devices/virtual/mxcd/mxcd/layout/nodes/1/location file!
[08:22:16.930][MXKW][I]topology.c              :1944: [topology_sysfs_get_node_props]Device isa_major is 0, isa_minor is 0, MXName is
[08:22:16.930][MXKW][I]topology.c              :962 : [find_pci_info]node 302 's pci info is not found
[08:22:16.930][MXKW][I]topology.c              :984 : [add_pci_info]added node 302 pci info , bdf_value:3584, domain_value:0
[08:22:16.930][MXKW][I]topology.c              :1944: [topology_sysfs_get_node_props]Device isa_major is 10, isa_minor is 0, MXName is
[08:22:16.930][MXKW][I]fmm.c                   :2445: [init_mmap_apertures]Initialized unreserved SVM apertures: 0xa00000000 - 0x7fffffffffff
[08:22:16.930][MXKW][I]topology.c              :1358: [topology_sysfs_get_system_props]PlatformCpuNodes:2 ,num_sysfs_nodes:27
[08:22:16.930][MXKW][I]topology.c              :283 : [get_directory_socket_id]fscanf path:/sys/devices/virtual/mxcd/mxcd/layout/nodes/2/gpu_id,res: 0,errno:1
[08:22:16.930][MXKW][W]topology.c              :1424: [topology_sysfs_get_system_props]err_node_num is 1,ret is 0,is_node_supported is 0
[08:22:16.930][MXKW][I]topology.c              :283 : [get_directory_socket_id]fscanf path:/sys/devices/virtual/mxcd/mxcd/layout/nodes/3/gpu_id,res: 0,errno:1
[08:22:16.930][MXKW][W]topology.c              :1424: [topology_sysfs_get_system_props]err_node_num is 2,ret is 0,is_node_supported is 0
[08:22:16.930][MXKW][I]topology.c              :283 : [get_directory_socket_id]fscanf path:/sys/devices/virtual/mxcd/mxcd/layout/nodes/4/gpu_id,res: 0,errno:1
[08:22:16.930][MXKW][W]topology.c              :1424: [topology_sysfs_get_system_props]err_node_num is 3,ret is 0,is_node_supported is 0
[08:22:16.930][MXKW][I]topology.c              :283 : [get_directory_socket_id]fscanf path:/sys/devices/virtual/mxcd/mxcd/layout/nodes/5/gpu_id,res: 0,errno:1
[08:22:16.930][MXKW][W]topology.c              :1424: [topology_sysfs_get_system_props]err_node_num is 4,ret is 0,is_node_supported is 0
[08:22:16.930][MXKW][I]topology.c              :283 : [get_directory_socket_id]fscanf path:/sys/devices/virtual/mxcd/mxcd/layout/nodes/6/gpu_id,res: 0,errno:1
[08:22:16.930][MXKW][W]topology.c              :1424: [topology_sysfs_get_system_props]err_node_num is 5,ret is 0,is_node_supported is 0
[08:22:16.930][MXKW][I]topology.c              :283 : [get_directory_socket_id]fscanf path:/sys/devices/virtual/mxcd/mxcd/layout/nodes/7/gpu_id,res: 0,errno:1
[08:22:16.930][MXKW][W]topology.c              :1424: [topology_sysfs_get_system_props]err_node_num is 6,ret is 0,is_node_supported is 0
[08:22:16.930][MXKW][I]topology.c              :283 : [get_directory_socket_id]fscanf path:/sys/devices/virtual/mxcd/mxcd/layout/nodes/8/gpu_id,res: 0,errno:1
[08:22:16.930][MXKW][W]topology.c              :1424: [topology_sysfs_get_system_props]err_node_num is 7,ret is 0,is_node_supported is 0
[08:22:16.930][MXKW][I]topology.c              :283 : [get_directory_socket_id]fscanf path:/sys/devices/virtual/mxcd/mxcd/layout/nodes/9/gpu_id,res: 0,errno:1
[08:22:16.930][MXKW][W]topology.c              :1424: [topology_sysfs_get_system_props]err_node_num is 8,ret is 0,is_node_supported is 0
[08:22:16.930][MXKW][I]topology.c              :283 : [get_directory_socket_id]fscanf path:/sys/devices/virtual/mxcd/mxcd/layout/nodes/300/gpu_id,res: 0,errno:1
[08:22:16.930][MXKW][W]topology.c              :1424: [topology_sysfs_get_system_props]err_node_num is 9,ret is 0,is_node_supported is 0
[08:22:16.930][MXKW][I]topology.c              :283 : [get_directory_socket_id]fscanf path:/sys/devices/virtual/mxcd/mxcd/layout/nodes/301/gpu_id,res: 0,errno:1
[08:22:16.930][MXKW][W]topology.c              :1424: [topology_sysfs_get_system_props]err_node_num is 10,ret is 0,is_node_supported is 0
[08:22:16.930][MXKW][I]topology.c              :283 : [get_directory_socket_id]fscanf path:/sys/devices/virtual/mxcd/mxcd/layout/nodes/303/gpu_id,res: 0,errno:1
[08:22:16.930][MXKW][W]topology.c              :1424: [topology_sysfs_get_system_props]err_node_num is 11,ret is 0,is_node_supported is 0
[08:22:16.930][MXKW][I]topology.c              :283 : [get_directory_socket_id]fscanf path:/sys/devices/virtual/mxcd/mxcd/layout/nodes/304/gpu_id,res: 0,errno:1
[08:22:16.930][MXKW][W]topology.c              :1424: [topology_sysfs_get_system_props]err_node_num is 12,ret is 0,is_node_supported is 0
[08:22:16.930][MXKW][I]topology.c              :283 : [get_directory_socket_id]fscanf path:/sys/devices/virtual/mxcd/mxcd/layout/nodes/305/gpu_id,res: 0,errno:1
[08:22:16.930][MXKW][W]topology.c              :1424: [topology_sysfs_get_system_props]err_node_num is 13,ret is 0,is_node_supported is 0
[08:22:16.930][MXKW][I]topology.c              :283 : [get_directory_socket_id]fscanf path:/sys/devices/virtual/mxcd/mxcd/layout/nodes/306/gpu_id,res: 0,errno:1
[08:22:16.930][MXKW][W]topology.c              :1424: [topology_sysfs_get_system_props]err_node_num is 14,ret is 0,is_node_supported is 0
[08:22:16.930][MXKW][I]topology.c              :283 : [get_directory_socket_id]fscanf path:/sys/devices/virtual/mxcd/mxcd/layout/nodes/307/gpu_id,res: 0,errno:1
[08:22:16.930][MXKW][W]topology.c              :1424: [topology_sysfs_get_system_props]err_node_num is 15,ret is 0,is_node_supported is 0
[08:22:16.930][MXKW][I]topology.c              :283 : [get_directory_socket_id]fscanf path:/sys/devices/virtual/mxcd/mxcd/layout/nodes/308/gpu_id,res: 0,errno:1
[08:22:16.930][MXKW][W]topology.c              :1424: [topology_sysfs_get_system_props]err_node_num is 16,ret is 0,is_node_supported is 0
[08:22:16.930][MXKW][I]topology.c              :283 : [get_directory_socket_id]fscanf path:/sys/devices/virtual/mxcd/mxcd/layout/nodes/309/gpu_id,res: 0,errno:1
[08:22:16.930][MXKW][W]topology.c              :1424: [topology_sysfs_get_system_props]err_node_num is 17,ret is 0,is_node_supported is 0
[08:22:16.930][MXKW][I]topology.c              :283 : [get_directory_socket_id]fscanf path:/sys/devices/virtual/mxcd/mxcd/layout/nodes/310/gpu_id,res: 0,errno:1
[08:22:16.931][MXKW][W]topology.c              :1424: [topology_sysfs_get_system_props]err_node_num is 18,ret is 0,is_node_supported is 0
[08:22:16.931][MXKW][I]topology.c              :283 : [get_directory_socket_id]fscanf path:/sys/devices/virtual/mxcd/mxcd/layout/nodes/311/gpu_id,res: 0,errno:1
[08:22:16.931][MXKW][W]topology.c              :1424: [topology_sysfs_get_system_props]err_node_num is 19,ret is 0,is_node_supported is 0
[08:22:16.931][MXKW][I]topology.c              :283 : [get_directory_socket_id]fscanf path:/sys/devices/virtual/mxcd/mxcd/layout/nodes/312/gpu_id,res: 0,errno:1
[08:22:16.931][MXKW][W]topology.c              :1424: [topology_sysfs_get_system_props]err_node_num is 20,ret is 0,is_node_supported is 0
[08:22:16.931][MXKW][I]topology.c              :283 : [get_directory_socket_id]fscanf path:/sys/devices/virtual/mxcd/mxcd/layout/nodes/313/gpu_id,res: 0,errno:1
[08:22:16.931][MXKW][W]topology.c              :1424: [topology_sysfs_get_system_props]err_node_num is 21,ret is 0,is_node_supported is 0
[08:22:16.931][MXKW][I]topology.c              :283 : [get_directory_socket_id]fscanf path:/sys/devices/virtual/mxcd/mxcd/layout/nodes/314/gpu_id,res: 0,errno:1
[08:22:16.931][MXKW][W]topology.c              :1424: [topology_sysfs_get_system_props]err_node_num is 22,ret is 0,is_node_supported is 0
[08:22:16.931][MXKW][I]topology.c              :283 : [get_directory_socket_id]fscanf path:/sys/devices/virtual/mxcd/mxcd/layout/nodes/315/gpu_id,res: 0,errno:1
[08:22:16.931][MXKW][W]topology.c              :1424: [topology_sysfs_get_system_props]err_node_num is 23,ret is 0,is_node_supported is 0
[08:22:16.931][MXKW][I]topology.c              :283 : [get_directory_socket_id]fscanf path:/sys/devices/virtual/mxcd/mxcd/layout/nodes/317/gpu_id,res: 0,errno:1
[08:22:16.931][MXKW][W]topology.c              :1424: [topology_sysfs_get_system_props]err_node_num is 24,ret is 0,is_node_supported is 0
[08:22:16.931][MXKW][I]topology.c              :1460: [topology_sysfs_get_system_props]cpu total 2 nodes, map list:
[08:22:16.931][MXKW][I]topology.c              :1463: [topology_sysfs_get_system_props]map_cpu[0]:0
[08:22:16.931][MXKW][I]topology.c              :1463: [topology_sysfs_get_system_props]map_cpu[1]:1
[08:22:16.931][MXKW][I]topology.c              :1465: [topology_sysfs_get_system_props]gpu total 1 nodes, map list:
[08:22:16.931][MXKW][I]topology.c              :1468: [topology_sysfs_get_system_props]map_gpu[0]:12
[08:22:16.931][MXKW][I]topology.c              :962 : [find_pci_info]node 0 's pci info is not found
[08:22:16.931][MXKW][I]topology.c              :911 : [read_pci_info_from_file]can't open /sys/devices/virtual/mxcd/mxcd/layout/nodes/0/location file!
[08:22:16.931][MXKW][I]topology.c              :962 : [find_pci_info]node 0 's pci info is not found
[08:22:16.931][MXKW][I]topology.c              :911 : [read_pci_info_from_file]can't open /sys/devices/virtual/mxcd/mxcd/layout/nodes/0/location file!
[08:22:16.931][MXKW][I]topology.c              :1944: [topology_sysfs_get_node_props]Device isa_major is 0, isa_minor is 0, MXName is
[08:22:16.931][MXKW][I]topology.c              :2548: [topology_take_snapshot]node0 direct_links route:
[08:22:16.931][MXKW][I]topology.c              :2562: [topology_take_snapshot]link0 type:2,  0--->1
[08:22:16.931][MXKW][I]topology.c              :962 : [find_pci_info]node 1 's pci info is not found
[08:22:16.931][MXKW][I]topology.c              :911 : [read_pci_info_from_file]can't open /sys/devices/virtual/mxcd/mxcd/layout/nodes/1/location file!
[08:22:16.931][MXKW][I]topology.c              :962 : [find_pci_info]node 1 's pci info is not found
[08:22:16.931][MXKW][I]topology.c              :911 : [read_pci_info_from_file]can't open /sys/devices/virtual/mxcd/mxcd/layout/nodes/1/location file!
[08:22:16.931][MXKW][I]topology.c              :1944: [topology_sysfs_get_node_props]Device isa_major is 0, isa_minor is 0, MXName is
[08:22:16.931][MXKW][I]topology.c              :2548: [topology_take_snapshot]node1 direct_links route:
[08:22:16.931][MXKW][I]topology.c              :2562: [topology_take_snapshot]link0 type:2,  1--->0
[08:22:16.931][MXKW][I]topology.c              :2573: [topology_take_snapshot]node1 indirect_links route:
[08:22:16.931][MXKW][I]topology.c              :1944: [topology_sysfs_get_node_props]Device isa_major is 10, isa_minor is 0, MXName is
[08:22:16.933][MXC][I]MxcInit: leaving
[08:22:16.933][MXC][I]InitDma: Entering
[08:22:16.934][MXC][I]InitDma: Leaving
[08:22:16.934][MCR][I]mx_device.cpp            :2294: Device xcore1000 create, major:10, minor:0
[08:22:16.934][MCR][I]mx_device.cpp            :2795: private_mem:436207616, info_.globalMemSize_:16341008384, gpu_single_alloc_percent:0.990000
[08:22:16.934][MCR][I]mx_device.cpp            :2865: get registersPerMtreg_:64,info_dpcNum_:8,info_wavePerDpc_:416, wavefrontWidth_:64
[08:22:16.934][MCR][I]mx_device.cpp            :3042: rmNum_:8, isuNum_:13, sl1Num_:7, vlsNum_:13, vl1Num_:13, l2cNum_:32, l2aNum_:4, l2xNum_:4

[08:22:16.935][MCR][I]mx_device.cpp            :1091: getQueueCnt hwQueueNum:16
[08:22:16.935][MCR][I]mx_device.cpp            :1153: agent_handle=0x5649a60d1810,hardware queues number:16, queue count configuration: 8-4-4(H-N-L), highForMccl:0
[08:22:16.935][MCR][I]mx_device.cpp            :2445: Device xcore1000 create fininshed!

[08:22:16.935][MCR][I]mx_device.cpp            :2294: Device xcore1000 create, major:10, minor:0
[08:22:16.935][MCR][I]mx_device.cpp            :2795: private_mem:436207616, info_.globalMemSize_:16341008384, gpu_single_alloc_percent:0.990000
[08:22:16.935][MCR][I]mx_device.cpp            :2865: get registersPerMtreg_:64,info_dpcNum_:8,info_wavePerDpc_:416, wavefrontWidth_:64
[08:22:16.935][MCR][I]mx_device.cpp            :3042: rmNum_:8, isuNum_:13, sl1Num_:7, vlsNum_:13, vl1Num_:13, l2cNum_:32, l2aNum_:4, l2xNum_:4

[08:22:16.936][MCR][I]mx_device.cpp            :1091: getQueueCnt hwQueueNum:16
[08:22:16.936][MCR][I]mx_device.cpp            :1153: agent_handle=0x5649a60d1810,hardware queues number:16, queue count configuration: 8-4-4(H-N-L), highForMccl:0
[08:22:16.936][MCR][I]mx_device.cpp            :2445: Device xcore1000 create fininshed!

[08:22:16.936][MCR][I]mc_vpu_impl.cpp          :80  : mcVpuLoad mxvpu lib version: 1.0.20260512_081136

[08:22:16.936][MCR][I]mc_vpu_impl.cpp          :86  : mcVpuLoad load mxvpu lib path: /opt/maca-3.7.1/lib/libmxvpu.so

[08:22:16.936][MCC][I]AddDevice device_id:0, arch:xcore1000
[08:22:16.936][MCC][I]Get compiler from environment variable MACA_PATH: /opt/maca/mxgpu_llvm/bin.
[warning] get_srvrpc_port get rpc server ports failed: cannot retrieve rpc server port.
[warning] get_srvrpc_port get rpc server ports failed: cannot retrieve rpc server port.
[warning] get_srvrpc_port get rpc server ports failed: cannot retrieve rpc server port.
[warning] get_srvrpc_port get rpc server ports failed: cannot retrieve rpc server port.
[warning] get_srvrpc_port get rpc server ports failed: cannot retrieve rpc server port.
[warning] get_srvrpc_port get rpc server ports failed: cannot retrieve rpc server port.
[warning] get_srvrpc_port get rpc server ports failed: cannot retrieve rpc server port.
[warning] get_srvrpc_port get rpc server ports failed: cannot retrieve rpc server port.
[warning] get_srvrpc_port get rpc server ports failed: cannot retrieve rpc server port.
[warning] get_srvrpc_port get rpc server ports failed: cannot retrieve rpc server port.
[warning] get_srvrpc_port get rpc server ports failed: cannot retrieve rpc server port.
[warning] get_srvrpc_port get rpc server ports failed: cannot retrieve rpc server port.
[warning] get_srvrpc_port get rpc server ports failed: cannot retrieve rpc server port.
[warning] get_srvrpc_port get rpc server ports failed: cannot retrieve rpc server port.
[warning] get_srvrpc_port get rpc server ports failed: cannot retrieve rpc server port.
[warning] get_srvrpc_port get rpc server ports failed: cannot retrieve rpc server port.
[warning] get_srvrpc_port get rpc server ports failed: cannot retrieve rpc server port.
[warning] get_srvrpc_port get rpc server ports failed: cannot retrieve rpc server port.
[warning] get_srvrpc_port get rpc server ports failed: cannot retrieve rpc server port.
[warning] get_srvrpc_port get rpc server ports failed: cannot retrieve rpc server port.
[warning] get_srvrpc_port get rpc server ports failed: cannot retrieve rpc server port.
[warning] get_srvrpc_port get rpc server ports failed: cannot retrieve rpc server port.
[08:22:38.937][MXS][I]                    Node0     Node1
[08:22:38.937][MXS][I]Gpu0                X
[08:22:38.937][MXS][I]CpuBind             X         X
get_mempolicy: Operation not permitted
[08:22:38.937][MXS][I]MemBind             X         X
[warning] get_srvrpc_port get rpc server ports failed: cannot retrieve rpc server port.
[08:22:39.684][MXS][I]mcruntime           1%        99%
[warning] get_srvrpc_port get rpc server ports failed: cannot retrieve rpc server port.
[08:22:40.428][MXS][I]mccompiler                    100%
[08:22:41.176][MXS][I]mxc-runtime                   100%
[warning] get_srvrpc_port get rpc server ports failed: cannot retrieve rpc server port.
[08:22:41.922][MXS][I]mxkw                          100%
[08:22:41.922][PTI][I]mcpti_profiler.cpp       :618 : getModuleInfo:1,8,13,7,13,13,32,4,4

[08:22:41.924][MCR][I]mx_device.cpp            :5792: agent_handle=0x5649a60d1810
[08:22:41.925][MCR][I]mx_device.cpp            :1446: created hardware queue 0x7fc2cbc0b000(HWq=0x7fbedc001a90) with size 1024 with priority 0(L), cooperative: 0, is_exclusive: 0
[08:22:41.925][MCR][I]mx_device.cpp            :1458: number of allocated hardware queues 0-0-1(H-N-L), number of users 0-0-1
[08:22:41.930][MCR][W]mx_perf_counter.cpp      :568 : Perf is not exclusive, can not be disabled!
[08:22:41.933][MCTX][I]mctxTPImpl.cpp           :186 : Automatically acquire a port.
[08:22:41.933][MCTX][I]mcRpcAsyncImpl.cpp       :421 : mcRpcServerAsyncInit 0x5649a60bccc0 0
[08:22:41.934][MCTX][I]mcRpcAsyncImpl.cpp       :500 : mcRpcAsyncServerTask start!
[08:22:41.934][MCTX][I]mcRpcAsyncImpl.cpp       :472 : mcRpcServerAsyncRun start
[08:22:41.934][MCTX][I]server.cpp               :69  : Server thread num: 1, listening on: 33583.
[info] MctxStreamProfilerCountDataGet Start
[info] MctxStreamProfilerCountDataGet Loop
mcToolsExtPid_UsedPort:148279-33583
[08:22:46.983][MCR][I]mc_memory.cpp            :1671: copy strategy - H2DCpuCopy:0,D2HCpuCopy:0,cpuCopy:0,d2dCrossDevices:0,pageableHToDAsync:0
[08:22:46.983][MCR][I]mc_memory.cpp            :1672: copy strategy - isAsync:0,waitComplete:1
[08:22:46.983][MXC][I]GpuDevice 0xa60d1810 enable profiling, sdm_counter:44468445383871, sys_time:1788942166983785464
[08:22:46.983][MXC][I]raw dispatch ts:[111007366665036,111007366665130]
[08:22:46.983][MXC][I]dispatch ts translate ret [1788942166983824691, 1788942166983825631]
[08:22:46.983][MXC][I]raw async_copy ts:[44468445590095,44468445601362]
[08:22:46.983][MXC][I]sdma_ts_.sdma_counter:44468445383871
[08:22:46.983][MXC][I]DNOCfreq:900000000, async_copy ts translate ret [1788942166984014601, 1788942166984027119]
[08:22:46.983][MXC][I]raw dispatch ts:[111007361886342,111007361891032]
[08:22:46.983][MXC][I]dispatch ts translate ret [1788942166936037769, 1788942166936084669]
[08:22:46.983][MXC][I]raw dispatch ts:[111007361891425,111007361892412]
[08:22:46.983][MXC][I]dispatch ts translate ret [1788942166936088599, 1788942166936098469]
[08:22:46.983][MXC][I]raw dispatch ts:[111007361895088,111007361896170]
[08:22:46.983][MXC][I]dispatch ts translate ret [1788942166936125229, 1788942166936136049]
[08:22:47.020][MXC][I]raw dispatch ts:[111007367653062,111007367653810]
[08:22:47.020][MXC][I]dispatch ts translate ret [1788942166993704943, 1788942166993712423]
[08:22:47.023][MXC][I]raw dispatch ts:[111007367662548,111007367663067]
[08:22:47.023][MXC][I]dispatch ts translate ret [1788942166993799803, 1788942166993804993]
[08:22:47.023][MCBLASLT][I]The handle of mcBlas/mcBlasLt is not thread-safe and cannot be shared across threads.
[08:22:47.024][MCBLASLT][I]Looking for the module path
[08:22:47.024][MCBLASLT][I]found mcblaslt lib path: /opt/maca-3.7.1/lib
[08:22:47.284][MCBLASLT][I]load module mcblas_xcore1000.mcfb successed
[08:22:47.284][MCBLASLT][I]xcore_major_ : 10, xcore_minor_ : 0, page_size_: 2097152
[08:22:47.536][MCBLASLT][I]Kernsel: Succeed init xcore_major: 10 with ap num: 104 !
[08:22:47.536][MCBLASLT][I]Kernsel: Kernsel not set MCBLAS_CUSTOMIZED_CONFIG_PATH
[08:22:47.536][MCBLASLT][I]xcore_major_ : 10, xcore_minor_ : 0, page_size_: 2097152
[08:22:47.813][MCBLASLT][I]Gemv Kernsel: Succeed init xcore_major: 10 with ap num: 104 !
[08:22:47.813][MCBLASLT][I]Gemv kernsel: Kernsel not set MCBLAS_GEMV_CUSTOMIZED_CONFIG_PATH
[08:22:47.813][MCBLASLT][I]allocated memory for signal buffer
[08:22:47.813][MCR][I]mc_memory.cpp            :2132: [mcMemset] dst:0x7fbea4000000 value:0 valueSize:1 sizeBytes:262144 isAsync:false
[08:22:47.813][MXC][I]raw dispatch ts:[111007367752510,111007367753576]
[08:22:47.813][MXC][I]dispatch ts translate ret [1788942166994699422, 1788942166994710082]
[08:22:47.813][MCBLASLT][I]set_workspace is called ! user allocated size: 67108864B = 64.000000MB
[08:22:47.813][MXC][I]raw dispatch ts:[111007367774681,111007367775187]
[08:22:47.813][MXC][I]dispatch ts translate ret [1788942166994921132, 1788942166994926192]
[08:22:47.813][MXC][I]raw dispatch ts:[111007368267956,111007368268453]
[08:22:47.813][MXC][I]dispatch ts translate ret [1788942166999853878, 1788942166999858848]
[08:22:47.813][MXC][I]raw dispatch ts:[111007368290485,111007368290783]
[08:22:47.813][MXC][I]dispatch ts translate ret [1788942167000079168, 1788942167000082148]
[08:22:47.813][MXC][I]raw dispatch ts:[111007369706925,111007369707604]
[08:22:47.813][MXC][I]dispatch ts translate ret [1788942167014243557, 1788942167014250347]
[08:22:47.813][MXC][I]raw dispatch ts:[111007369942711,111007369943296]
[08:22:47.813][MXC][I]dispatch ts translate ret [1788942167016601415, 1788942167016607265]
[08:22:47.813][MXC][I]raw dispatch ts:[111007369946643,111007369947127]
[08:22:47.813][MXC][I]dispatch ts translate ret [1788942167016640735, 1788942167016645575]
[08:22:47.813][MXC][I]raw dispatch ts:[111007370079626,111007370080111]
[08:22:47.813][MXC][I]dispatch ts translate ret [1788942167017970564, 1788942167017975414]
[08:22:47.813][MXC][I]raw dispatch ts:[111007370082521,111007370082817]
[08:22:47.813][MXC][I]dispatch ts translate ret [1788942167017999514, 1788942167018002474]
[08:22:47.813][MXC][I]raw dispatch ts:[111007370091826,111007370092620]
[08:22:47.813][MXC][I]dispatch ts translate ret [1788942167018092564, 1788942167018100504]
[08:22:47.813][MXC][I]raw dispatch ts:[111007370096242,111007370096563]
[08:22:47.813][MXC][I]dispatch ts translate ret [1788942167018136724, 1788942167018139934]
[08:22:47.813][MXC][I]raw dispatch ts:[111007370358745,111007370359464]
[08:22:47.813][MXC][I]dispatch ts translate ret [1788942167020761752, 1788942167020768942]
[08:22:47.813][MXC][I]raw dispatch ts:[111007370375583,111007370376477]
[08:22:47.813][MXC][I]dispatch ts translate ret [1788942167020930132, 1788942167020939070]
[08:22:47.813][MXC][I]raw dispatch ts:[111007370378883,111007370379480]
[08:22:47.813][MXC][I]dispatch ts translate ret [1788942167020963130, 1788942167020969100]
[08:22:47.813][MXC][I]raw dispatch ts:[111007370598060,111007370606483]
[08:22:47.813][MXC][I]dispatch ts translate ret [1788942167023154900, 1788942167023239130]
[08:22:47.813][MXC][I]raw dispatch ts:[111007449616329,111007449619652]
[08:22:47.813][MXC][I]dispatch ts translate ret [1788942167813337230, 1788942167813370460]
[08:22:47.813][MCBLAS][I]mcblasSgemmStridedBatched 1 0 128 16 64 64 64 128 256 8192 1024 2048 1.000000 0.000000
[08:22:47.814][MCBLASLT][I]Kernsel found best solution: Kernel name: mcblas__Mck_sgemm_tn_128x32x32_1m1n4k_256t_fp32_fp32_fp32_sb_0_0, slt:0, swap:0, ksplit:0
[08:22:47.814][MCBLASLT][I]module get function mcblas__Mck_sgemm_tn_128x32x32_1m1n4k_256t_fp32_fp32_fp32_sb_0_0 successed
[08:22:47.832][MCBLASLT][I]mcModuleLaunchKernel successed, ret = 0
[08:22:47.835][MCR][I]mc_memory.cpp            :1671: copy strategy - H2DCpuCopy:0,D2HCpuCopy:0,cpuCopy:0,d2dCrossDevices:0,pageableHToDAsync:0
[08:22:47.835][MCR][I]mc_memory.cpp            :1672: copy strategy - isAsync:0,waitComplete:0
[08:22:47.835][MXC][I]raw dispatch ts:[111007451853155,111007451853246]
[08:22:47.835][MXC][I]dispatch ts translate ret [1788942167835705387, 1788942167835706297]
[08:22:47.850][MCBLASLT][I]set_workspace is called ! user allocated size: 67108864B = 64.000000MB
[08:22:47.850][MCBLAS][I]mcblasSgemmStridedBatched 0 0 64 16 128 64 128 64 256 8192 2048 1024 1.000000 0.000000
[08:22:47.851][MCBLASLT][I]Kernsel found best solution: Kernel name: mcblas__Mck_sgemm_nn_64x32x64_1m1n4k_256t_fp32_fp32_fp32_sb_0_0, slt:0, swap:1, ksplit:0
[08:22:47.851][MCBLASLT][I]module get function mcblas__Mck_sgemm_nn_64x32x64_1m1n4k_256t_fp32_fp32_fp32_sb_0_0 successed
[08:22:47.851][MCBLASLT][I]mcModuleLaunchKernel successed, ret = 0
[08:22:47.851][MCR][I]mc_memory.cpp            :1671: copy strategy - H2DCpuCopy:0,D2HCpuCopy:0,cpuCopy:0,d2dCrossDevices:0,pageableHToDAsync:0
[08:22:47.851][MCR][I]mc_memory.cpp            :1672: copy strategy - isAsync:0,waitComplete:0
[08:22:47.851][MXC][I]raw dispatch ts:[111007453455596,111007453455689]
[08:22:47.851][MXC][I]dispatch ts translate ret [1788942167851729880, 1788942167851730810]
[08:22:47.851][MXC][I]raw async_copy ts:[44469486958342,44469486972575]
[08:22:47.851][MXC][I]sdma_ts_.sdma_counter:44468445383871
[08:22:47.851][MXC][I]DNOCfreq:900000000, async_copy ts translate ret [1788942168141090431, 1788942168141106245]
[08:22:47.851][MXC][I]raw dispatch ts:[111007451554204,111007451555899]
[08:22:47.851][MXC][I]dispatch ts translate ret [1788942167832715861, 1788942167832732811]
[08:22:47.851][MXC][I]raw dispatch ts:[111007451574740,111007451575251]
[08:22:47.851][MXC][I]dispatch ts translate ret [1788942167832921222, 1788942167832926332]
[08:22:47.851][MXC][I]raw dispatch ts:[111007451841312,111007451841796]
[08:22:47.851][MXC][I]dispatch ts translate ret [1788942167835586956, 1788942167835591796]
[08:22:47.851][MXC][I]raw async_copy ts:[44469467754441,44469467799330]
[08:22:47.851][MXC][I]sdma_ts_.sdma_counter:44468445383871
[08:22:47.851][MXC][I]DNOCfreq:900000000, async_copy ts translate ret [1788942168119752764, 1788942168119802640]
[08:22:47.851][MXC][I]raw dispatch ts:[111007453039634,111007453041009]
[08:22:47.851][MXC][I]dispatch ts translate ret [1788942167847570239, 1788942167847583989]
[08:22:47.851][MXC][I]raw dispatch ts:[111007453348948,111007453350194]
[08:22:47.851][MXC][I]dispatch ts translate ret [1788942167850663395, 1788942167850675855]
[08:22:47.852][MXC][I]raw dispatch ts:[111007453358506,111007453359176]
[08:22:47.852][MXC][I]dispatch ts translate ret [1788942167850758975, 1788942167850765675]
[08:22:47.852][MXC][I]raw dispatch ts:[111007453363976,111007453372273]
[08:22:47.852][MXC][I]dispatch ts translate ret [1788942167850813676, 1788942167850896646]
[08:22:47.852][MXC][I]raw dispatch ts:[111007453440945,111007453442340]
[08:22:47.852][MXC][I]dispatch ts translate ret [1788942167851583370, 1788942167851597320]
[08:22:47.852][MXC][I]raw dispatch ts:[111007453452624,111007453453320]
[08:22:47.852][MXC][I]dispatch ts translate ret [1788942167851700160, 1788942167851707120]
[08:22:47.852][MCBLASLT][I]set_workspace is called ! user allocated size: 67108864B = 64.000000MB
[08:22:47.852][MCBLAS][I]mcblasSgemmStridedBatched 1 0 128 16 64 64 64 128 256 8192 1024 2048 1.000000 0.000000
[08:22:47.852][MCBLASLT][I]Kernsel found best solution: Kernel name: mcblas__Mck_sgemm_tn_128x32x32_1m1n4k_256t_fp32_fp32_fp32_sb_0_0, slt:0, swap:0, ksplit:0
[08:22:47.852][MCBLASLT][I]module get function mcblas__Mck_sgemm_tn_128x32x32_1m1n4k_256t_fp32_fp32_fp32_sb_0_0 successed
[08:22:47.852][MCBLASLT][I]mcModuleLaunchKernel successed, ret = 0
[08:22:47.852][MXC][I]raw dispatch ts:[111007453462556,111007453462923]
[08:22:47.852][MXC][I]dispatch ts translate ret [1788942167851799480, 1788942167851803150]
[08:22:47.852][MXC][I]raw dispatch ts:[111007453465331,111007453465704]
[08:22:47.852][MXC][I]dispatch ts translate ret [1788942167851827230, 1788942167851830960]
[08:22:47.852][MCR][I]mc_memory.cpp            :1671: copy strategy - H2DCpuCopy:0,D2HCpuCopy:0,cpuCopy:0,d2dCrossDevices:0,pageableHToDAsync:0
[08:22:47.852][MCR][I]mc_memory.cpp            :1672: copy strategy - isAsync:0,waitComplete:0
[08:22:47.852][MXC][I]raw dispatch ts:[111007453468716,111007453468962]
[08:22:47.852][MXC][I]dispatch ts translate ret [1788942167851861112, 1788942167851863572]
[08:22:47.852][MXC][I]raw dispatch ts:[111007453514033,111007453514125]
[08:22:47.852][MXC][I]dispatch ts translate ret [1788942167852314398, 1788942167852315318]
[08:22:47.852][MXC][I]raw dispatch ts:[111007453471105,111007453471647]
[08:22:47.852][MXC][I]dispatch ts translate ret [1788942167851885008, 1788942167851890429]
[08:22:47.852][MXC][I]raw async_copy ts:[44469487649857,44469487692854]
[08:22:47.852][MXC][I]sdma_ts_.sdma_counter:44468445383871
[08:22:47.852][MXC][I]DNOCfreq:900000000, async_copy ts translate ret [1788942168141858781, 1788942168141906555]
[08:22:47.852][MXC][I]raw dispatch ts:[111007453475118,111007453475598]
[08:22:47.852][MXC][I]dispatch ts translate ret [1788942167851925148, 1788942167851929949]
[08:22:47.852][MCBLASLT][I]set_workspace is called ! user allocated size: 67108864B = 64.000000MB
[08:22:47.852][MCBLAS][I]mcblasSgemmStridedBatched 0 0 64 16 128 64 128 64 256 8192 2048 1024 1.000000 0.000000
[08:22:47.852][MXC][I]raw dispatch ts:[111007453477844,111007453478313]
[08:22:47.852][MCBLASLT][I]Kernsel found best solution: Kernel name: mcblas__Mck_sgemm_nn_64x32x64_1m1n4k_256t_fp32_fp32_fp32_sb_0_0, slt:0, swap:1, ksplit:0
[08:22:47.852][MCBLASLT][I]module get function mcblas__Mck_sgemm_nn_64x32x64_1m1n4k_256t_fp32_fp32_fp32_sb_0_0 successed
[08:22:47.852][MXC][I]dispatch ts translate ret [1788942167851952415, 1788942167851957106]
[08:22:47.852][MCBLASLT][I]mcModuleLaunchKernel successed, ret = 0
[08:22:47.852][MXC][I]raw dispatch ts:[111007453480514,111007453480825]
[08:22:47.852][MXC][I]dispatch ts translate ret [1788942167851979122, 1788942167851982233]
[08:22:47.852][MXC][I]raw dispatch ts:[111007453481129,111007453481387]
[08:22:47.852][MXC][I]dispatch ts translate ret [1788942167851985274, 1788942167851987854]
[08:22:47.852][MXC][I]raw dispatch ts:[111007453483627,111007453484425]
[08:22:47.852][MXC][I]dispatch ts translate ret [1788942167852010260, 1788942167852018242]
[08:22:47.852][MCR][I]mc_memory.cpp            :1671: copy strategy - H2DCpuCopy:0,D2HCpuCopy:0,cpuCopy:0,d2dCrossDevices:0,pageableHToDAsync:0
[08:22:47.852][MCR][I]mc_memory.cpp            :1672: copy strategy - isAsync:0,waitComplete:0
[08:22:47.852][MXC][I]raw dispatch ts:[111007453487594,111007453487914]
[08:22:47.852][MXC][I]dispatch ts translate ret [1788942167852049941, 1788942167852053141]
[08:22:47.852][MXC][I]raw dispatch ts:[111007453490084,111007453490618]
[08:22:47.852][MXC][I]dispatch ts translate ret [1788942167852074847, 1788942167852080188]
[08:22:47.852][MXC][I]raw dispatch ts:[111007453535700,111007453536058]
[08:22:47.852][MXC][I]dispatch ts translate ret [1788942167852530835, 1788942167852534412]
[08:22:47.852][MXC][I]raw dispatch ts:[111007453490913,111007453491636]
[08:22:47.852][MXC][I]dispatch ts translate ret [1788942167852083193, 1788942167852090423]
[08:22:47.852][MXC][I]raw async_copy ts:[44469487918618,44469487930482]
[08:22:47.852][MXC][I]sdma_ts_.sdma_counter:44468445383871
[08:22:47.852][MXC][I]DNOCfreq:900000000, async_copy ts translate ret [1788942168142157405, 1788942168142170587]
[08:22:47.852][MXC][I]raw dispatch ts:[111007453493909,111007453494458]
[08:22:47.852][MXC][I]dispatch ts translate ret [1788942167852113154, 1788942167852118644]
[08:22:47.852][MXC][I]raw dispatch ts:[111007453494755,111007453497176]
[08:22:47.852][MXC][I]dispatch ts translate ret [1788942167852121614, 1788942167852145824]
[08:22:47.852][MXC][I]raw dispatch ts:[111007453503957,111007453505363]
[08:22:47.852][MXC][I]dispatch ts translate ret [1788942167852213634, 1788942167852227694]
[08:22:47.852][MXC][I]raw dispatch ts:[111007453507787,111007453508273]
[08:22:47.852][MXC][I]dispatch ts translate ret [1788942167852251934, 1788942167852256794]
[08:22:47.852][MXC][I]raw dispatch ts:[111007453510663,111007453510976]
[08:22:47.852][MXC][I]dispatch ts translate ret [1788942167852280694, 1788942167852283824]
[08:22:47.852][MXC][I]raw dispatch ts:[111007453522597,111007453523628]
[08:22:47.852][MXC][I]dispatch ts translate ret [1788942167852399934, 1788942167852410234]
[08:22:47.852][MXC][I]raw dispatch ts:[111007453526042,111007453527164]
[08:22:47.852][MXC][I]dispatch ts translate ret [1788942167852434350, 1788942167852445559]
[08:22:47.852][MCBLASLT][I]set_workspace is called ! user allocated size: 67108864B = 64.000000MB
[08:22:47.852][MXC][I]raw dispatch ts:[111007453527451,111007453528017]
[08:22:47.852][MXC][I]dispatch ts translate ret [1788942167852448426, 1788942167852454081]
[08:22:47.852][MCBLAS][I]mcblasSgemmStridedBatched 1 0 128 16 64 64 64 128 256 8192 1024 2048 1.000000 0.000000
[08:22:47.852][MCBLASLT][I]Kernsel found best solution: Kernel name: mcblas__Mck_sgemm_tn_128x32x32_1m1n4k_256t_fp32_fp32_fp32_sb_0_0, slt:0, swap:0, ksplit:0
[08:22:47.852][MCBLASLT][I]module get function mcblas__Mck_sgemm_tn_128x32x32_1m1n4k_256t_fp32_fp32_fp32_sb_0_0 successed
[08:22:47.852][MXC][I]raw dispatch ts:[111007453530381,111007453532883]
[08:22:47.852][MXC][I]dispatch ts translate ret [1788942167852477698, 1788942167852502693]
[08:22:47.852][MCBLASLT][I]mcModuleLaunchKernel successed, ret = 0
[08:22:47.852][MXC][I]raw dispatch ts:[111007453533172,111007453534428]
[08:22:47.852][MXC][I]dispatch ts translate ret [1788942167852505580, 1788942167852518128]
[08:22:47.852][MXC][I]raw dispatch ts:[111007453534705,111007453535433]
[08:22:47.852][MXC][I]dispatch ts translate ret [1788942167852520895, 1788942167852528168]
[08:22:47.852][MXC][I]raw dispatch ts:[111007453542663,111007453543029]
[08:22:47.852][MXC][I]dispatch ts translate ret [1788942167852600396, 1788942167852604053]
[08:22:47.852][MCR][I]mc_memory.cpp            :1671: copy strategy - H2DCpuCopy:0,D2HCpuCopy:0,cpuCopy:0,d2dCrossDevices:0,pageableHToDAsync:0
[08:22:47.852][MXC][I]raw dispatch ts:[111007453545617,111007453545975]
[08:22:47.852][MXC][I]dispatch ts translate ret [1788942167852629907, 1788942167852633484]
[08:22:47.852][MCR][I]mc_memory.cpp            :1672: copy strategy - isAsync:0,waitComplete:0
[08:22:47.852][MXC][I]raw dispatch ts:[111007453546270,111007453546528]
[08:22:47.852][MXC][I]dispatch ts translate ret [1788942167852636431, 1788942167852639008]
[08:22:47.852][MXC][I]raw dispatch ts:[111007453566073,111007453566429]
[08:22:47.852][MXC][I]dispatch ts translate ret [1788942167852834552, 1788942167852838112]
[08:22:47.852][MXC][I]raw dispatch ts:[111007453546806,111007453547322]
[08:22:47.852][MCBLASLT][I]set_workspace is called ! user allocated size: 67108864B = 64.000000MB
[08:22:47.852][MXC][I]dispatch ts translate ret [1788942167852641885, 1788942167852647045]
[08:22:47.852][MCBLAS][I]mcblasSgemmStridedBatched 0 0 64 16 128 64 128 64 256 8192 2048 1024 1.000000 0.000000
[08:22:47.852][MCBLASLT][I]Kernsel found best solution: Kernel name: mcblas__Mck_sgemm_nn_64x32x64_1m1n4k_256t_fp32_fp32_fp32_sb_0_0, slt:0, swap:1, ksplit:0
[08:22:47.852][MCBLASLT][I]module get function mcblas__Mck_sgemm_nn_64x32x64_1m1n4k_256t_fp32_fp32_fp32_sb_0_0 successed
[08:22:47.852][MCBLASLT][I]mcModuleLaunchKernel successed, ret = 0
[08:22:47.852][MCR][I]mc_memory.cpp            :1671: copy strategy - H2DCpuCopy:0,D2HCpuCopy:0,cpuCopy:0,d2dCrossDevices:0,pageableHToDAsync:0
[08:22:47.852][MCR][I]mc_memory.cpp            :1672: copy strategy - isAsync:0,waitComplete:0
[08:22:47.852][MXC][I]raw async_copy ts:[44469488288286,44469488330636]
[08:22:47.852][MXC][I]sdma_ts_.sdma_counter:44468445383871
[08:22:47.852][MXC][I]DNOCfreq:900000000, async_copy ts translate ret [1788942168142568147, 1788942168142615202]
[08:22:47.852][MXC][I]raw dispatch ts:[111007453549620,111007453550045]
[08:22:47.852][MXC][I]dispatch ts translate ret [1788942167852670024, 1788942167852674274]
[08:22:47.852][MXC][I]raw dispatch ts:[111007453550350,111007453550706]
[08:22:47.852][MXC][I]dispatch ts translate ret [1788942167852677324, 1788942167852680884]
[08:22:47.852][MXC][I]raw dispatch ts:[111007453550979,111007453551270]
[08:22:47.852][MXC][I]dispatch ts translate ret [1788942167852683614, 1788942167852686524]
[08:22:47.852][MXC][I]raw dispatch ts:[111007453551549,111007453551739]
[08:22:47.852][MXC][I]dispatch ts translate ret [1788942167852689314, 1788942167852691214]
[08:22:47.852][MXC][I]raw dispatch ts:[111007453552009,111007453552768]
[08:22:47.852][MXC][I]dispatch ts translate ret [1788942167852693914, 1788942167852701504]
[08:22:47.852][MXC][I]raw dispatch ts:[111007453554982,111007453555281]
[08:22:47.852][MXC][I]dispatch ts translate ret [1788942167852723643, 1788942167852726633]
[08:22:47.852][MXC][I]raw dispatch ts:[111007453555583,111007453556130]
[08:22:47.852][MXC][I]dispatch ts translate ret [1788942167852729653, 1788942167852735123]
[08:22:47.853][MXC][I]raw dispatch ts:[111007453588694,111007453588835]
[08:22:47.853][MXC][I]dispatch ts translate ret [1788942167853060771, 1788942167853062181]
[08:22:47.853][MXC][I]raw dispatch ts:[111007453556410,111007453557108]
[08:22:47.853][MXC][I]dispatch ts translate ret [1788942167852737921, 1788942167852744901]
[08:22:47.853][MXC][I]raw async_copy ts:[44469488548134,44469488559750]
[08:22:47.853][MXC][I]sdma_ts_.sdma_counter:44468445383871
[08:22:47.853][MXC][I]DNOCfreq:900000000, async_copy ts translate ret [1788942168142856867, 1788942168142869773]
[08:22:47.853][MXC][I]raw dispatch ts:[111007453557392,111007453557917]
[08:22:47.853][MXC][I]dispatch ts translate ret [1788942167852747741, 1788942167852752991]
[08:22:47.853][MCBLASLT][I]set_workspace is called ! user allocated size: 67108864B = 64.000000MB
[08:22:47.853][MXC][I]raw dispatch ts:[111007453558198,111007453560721]
[08:22:47.853][MCBLAS][I]mcblasSgemmStridedBatched 1 0 128 16 64 64 64 128 256 8192 1024 2048 1.000000 0.000000
[08:22:47.853][MCBLASLT][I]Kernsel found best solution: Kernel name: mcblas__Mck_sgemm_tn_128x32x32_1m1n4k_256t_fp32_fp32_fp32_sb_0_0, slt:0, swap:0, ksplit:0
[08:22:47.853][MXC][I]dispatch ts translate ret [1788942167852755801, 1788942167852781031]
[08:22:47.853][MCBLASLT][I]module get function mcblas__Mck_sgemm_tn_128x32x32_1m1n4k_256t_fp32_fp32_fp32_sb_0_0 successed
[08:22:47.853][MCBLASLT][I]mcModuleLaunchKernel successed, ret = 0
[08:22:47.853][MXC][I]raw dispatch ts:[111007453563200,111007453564612]
[08:22:47.853][MXC][I]dispatch ts translate ret [1788942167852805821, 1788942167852819941]
[08:22:47.853][MXC][I]raw dispatch ts:[111007453564908,111007453565288]
[08:22:47.853][MXC][I]dispatch ts translate ret [1788942167852822901, 1788942167852826701]
[08:22:47.853][MXC][I]raw dispatch ts:[111007453565570,111007453565797]
[08:22:47.853][MXC][I]dispatch ts translate ret [1788942167852829521, 1788942167852831791]
[08:22:47.853][MXC][I]raw dispatch ts:[111007453575793,111007453576742]
[08:22:47.853][MXC][I]dispatch ts translate ret [1788942167852931755, 1788942167852941246]
[08:22:47.853][MCR][I]mc_memory.cpp            :1671: copy strategy - H2DCpuCopy:0,D2HCpuCopy:0,cpuCopy:0,d2dCrossDevices:0,pageableHToDAsync:0
[08:22:47.853][MCR][I]mc_memory.cpp            :1672: copy strategy - isAsync:0,waitComplete:0
[08:22:47.853][MXC][I]raw dispatch ts:[111007453579187,111007453580256]
[08:22:47.853][MXC][I]dispatch ts translate ret [1788942167852965697, 1788942167852976387]
[08:22:47.853][MXC][I]raw dispatch ts:[111007453580554,111007453581063]
[08:22:47.853][MXC][I]dispatch ts translate ret [1788942167852979368, 1788942167852984458]
[08:22:47.853][MXC][I]raw dispatch ts:[111007453581336,111007453583773]
[08:22:47.853][MXC][I]dispatch ts translate ret [1788942167852987188, 1788942167853011559]
[08:22:47.853][MXC][I]raw dispatch ts:[111007453584052,111007453585358]
[08:22:47.853][MXC][I]dispatch ts translate ret [1788942167853014349, 1788942167853027410]
[08:22:47.853][MXC][I]raw dispatch ts:[111007453587703,111007453588410]
[08:22:47.853][MXC][I]dispatch ts translate ret [1788942167853050861, 1788942167853057931]
[08:22:47.853][MXC][I]raw dispatch ts:[111007453595021,111007453595377]
[08:22:47.853][MXC][I]dispatch ts translate ret [1788942167853124043, 1788942167853127603]
[08:22:47.853][MXC][I]raw dispatch ts:[111007453597644,111007453598005]
[08:22:47.853][MXC][I]dispatch ts translate ret [1788942167853150274, 1788942167853153884]
[08:22:47.853][MXC][I]raw dispatch ts:[111007453600253,111007453600497]
[08:22:47.853][MXC][I]dispatch ts translate ret [1788942167853176362, 1788942167853178802]
[08:22:47.853][MCBLASLT][I]set_workspace is called ! user allocated size: 67108864B = 64.000000MB
[08:22:47.853][MCBLAS][I]mcblasSgemmStridedBatched 0 0 64 16 128 64 128 64 256 8192 2048 1024 1.000000 0.000000
[08:22:47.853][MCBLASLT][I]Kernsel found best solution: Kernel name: mcblas__Mck_sgemm_nn_64x32x64_1m1n4k_256t_fp32_fp32_fp32_sb_0_0, slt:0, swap:1, ksplit:0
[08:22:47.853][MCBLASLT][I]module get function mcblas__Mck_sgemm_nn_64x32x64_1m1n4k_256t_fp32_fp32_fp32_sb_0_0 successed
[08:22:47.853][MCBLASLT][I]mcModuleLaunchKernel successed, ret = 0
[08:22:47.853][MCR][I]mc_memory.cpp            :1671: copy strategy - H2DCpuCopy:0,D2HCpuCopy:0,cpuCopy:0,d2dCrossDevices:0,pageableHToDAsync:0
[08:22:47.853][MCR][I]mc_memory.cpp            :1672: copy strategy - isAsync:0,waitComplete:0
[08:22:47.853][MXC][I]raw dispatch ts:[111007453619705,111007453620088]
[08:22:47.853][MXC][I]dispatch ts translate ret [1788942167853370882, 1788942167853374712]
[08:22:47.853][MXC][I]raw dispatch ts:[111007453600792,111007453601307]
[08:22:47.853][MXC][I]dispatch ts translate ret [1788942167853181752, 1788942167853186902]
[08:22:47.853][MXC][I]raw async_copy ts:[44469488923103,44469488965568]
[08:22:47.853][MXC][I]sdma_ts_.sdma_counter:44468445383871
[08:22:47.853][MXC][I]DNOCfreq:900000000, async_copy ts translate ret [1788942168143273499, 1788942168143320682]
[08:22:47.853][MXC][I]raw dispatch ts:[111007453603596,111007453604047]
[08:22:47.853][MXC][I]dispatch ts translate ret [1788942167853209792, 1788942167853214302]
[08:22:47.853][MXC][I]raw dispatch ts:[111007453604341,111007453604715]
[08:22:47.853][MXC][I]dispatch ts translate ret [1788942167853217242, 1788942167853220982]
[08:22:47.853][MXC][I]raw dispatch ts:[111007453604993,111007453605286]
[08:22:47.853][MXC][I]dispatch ts translate ret [1788942167853223762, 1788942167853226692]
[08:22:47.853][MXC][I]raw dispatch ts:[111007453605572,111007453605752]
[08:22:47.853][MXC][I]dispatch ts translate ret [1788942167853229552, 1788942167853231352]
[08:22:47.853][MXC][I]raw dispatch ts:[111007453607997,111007453608800]
[08:22:47.853][MXC][I]dispatch ts translate ret [1788942167853253802, 1788942167853261832]
[08:22:47.853][MXC][I]raw dispatch ts:[111007453609093,111007453609390]
[08:22:47.853][MXC][I]dispatch ts translate ret [1788942167853264762, 1788942167853267732]
[08:22:47.853][MXC][I]raw dispatch ts:[111007453609678,111007453610126]
[08:22:47.853][MXC][I]dispatch ts translate ret [1788942167853270612, 1788942167853275092]
[08:22:47.853][MCBLASLT][I]set_workspace is called ! user allocated size: 67108864B = 64.000000MB
[08:22:47.853][MCBLAS][I]mcblasSgemmStridedBatched 1 0 128 16 64 64 64 128 256 8192 1024 2048 1.000000 0.000000
[08:22:47.853][MCBLASLT][I]Kernsel found best solution: Kernel name: mcblas__Mck_sgemm_tn_128x32x32_1m1n4k_256t_fp32_fp32_fp32_sb_0_0, slt:0, swap:0, ksplit:0
[08:22:47.853][MCBLASLT][I]module get function mcblas__Mck_sgemm_tn_128x32x32_1m1n4k_256t_fp32_fp32_fp32_sb_0_0 successed
[08:22:47.853][MCBLASLT][I]mcModuleLaunchKernel successed, ret = 0
[08:22:47.853][MXC][I]raw dispatch ts:[111007453641811,111007453641950]
[08:22:47.853][MXC][I]dispatch ts translate ret [1788942167853591893, 1788942167853593282]
[08:22:47.853][MXC][I]raw dispatch ts:[111007453610405,111007453611074]
[08:22:47.853][MXC][I]dispatch ts translate ret [1788942167853277882, 1788942167853284572]
[08:22:47.853][MCR][I]mc_memory.cpp            :1671: copy strategy - H2DCpuCopy:0,D2HCpuCopy:0,cpuCopy:0,d2dCrossDevices:0,pageableHToDAsync:0
[08:22:47.853][MCR][I]mc_memory.cpp            :1672: copy strategy - isAsync:0,waitComplete:0
[08:22:47.853][MXC][I]raw async_copy ts:[44469489185355,44469489197004]
[08:22:47.853][MXC][I]sdma_ts_.sdma_counter:44468445383871
[08:22:47.853][MXC][I]DNOCfreq:900000000, async_copy ts translate ret [1788942168143564890, 1788942168143577833]
[08:22:47.853][MXC][I]raw dispatch ts:[111007453613308,111007453614006]
[08:22:47.853][MXC][I]dispatch ts translate ret [1788942167853306909, 1788942167853313888]
[08:22:47.853][MXC][I]raw dispatch ts:[111007453614289,111007453616741]
[08:22:47.853][MXC][I]dispatch ts translate ret [1788942167853316717, 1788942167853341233]
[08:22:47.853][MXC][I]raw dispatch ts:[111007453617021,111007453618253]
[08:22:47.853][MXC][I]dispatch ts translate ret [1788942167853344033, 1788942167853356351]
[08:22:47.853][MXC][I]raw dispatch ts:[111007453618534,111007453618921]
[08:22:47.853][MXC][I]dispatch ts translate ret [1788942167853359160, 1788942167853363030]
[08:22:47.853][MXC][I]raw dispatch ts:[111007453619195,111007453619434]
[08:22:47.853][MXC][I]dispatch ts translate ret [1788942167853365769, 1788942167853368159]
[08:22:47.853][MXC][I]raw dispatch ts:[111007453628715,111007453629690]
[08:22:47.853][MXC][I]dispatch ts translate ret [1788942167853460954, 1788942167853470702]
[08:22:47.853][MCBLASLT][I]set_workspace is called ! user allocated size: 67108864B = 64.000000MB
[08:22:47.853][MCBLAS][I]mcblasSgemmStridedBatched 0 0 64 16 128 64 128 64 256 8192 2048 1024 1.000000 0.000000
[08:22:47.853][MXC][I]raw dispatch ts:[111007453632125,111007453633191]
[08:22:47.853][MXC][I]dispatch ts translate ret [1788942167853495048, 1788942167853505707]
[08:22:47.853][MCBLASLT][I]Kernsel found best solution: Kernel name: mcblas__Mck_sgemm_nn_64x32x64_1m1n4k_256t_fp32_fp32_fp32_sb_0_0, slt:0, swap:1, ksplit:0
[08:22:47.853][MCBLASLT][I]module get function mcblas__Mck_sgemm_nn_64x32x64_1m1n4k_256t_fp32_fp32_fp32_sb_0_0 successed
[08:22:47.853][MXC][I]raw dispatch ts:[111007453633485,111007453634013]
[08:22:47.853][MCBLASLT][I]mcModuleLaunchKernel successed, ret = 0
[08:22:47.853][MXC][I]dispatch ts translate ret [1788942167853508646, 1788942167853513925]
[08:22:47.853][MXC][I]raw dispatch ts:[111007453634298,111007453636731]
[08:22:47.853][MXC][I]dispatch ts translate ret [1788942167853516775, 1788942167853541101]
[08:22:47.853][MXC][I]raw dispatch ts:[111007453637021,111007453638307]
[08:22:47.853][MXC][I]dispatch ts translate ret [1788942167853544000, 1788942167853556858]
[08:22:47.853][MXC][I]raw dispatch ts:[111007453640756,111007453641518]
[08:22:47.853][MXC][I]dispatch ts translate ret [1788942167853581344, 1788942167853588963]
[08:22:47.853][MCR][I]mc_memory.cpp            :1671: copy strategy - H2DCpuCopy:0,D2HCpuCopy:0,cpuCopy:0,d2dCrossDevices:0,pageableHToDAsync:0
[08:22:47.853][MCR][I]mc_memory.cpp            :1672: copy strategy - isAsync:0,waitComplete:0
[08:22:47.853][MXC][I]raw dispatch ts:[111007453647997,111007453648364]
[08:22:47.853][MXC][I]dispatch ts translate ret [1788942167853653742, 1788942167853657411]
[08:22:47.853][MXC][I]raw dispatch ts:[111007453650599,111007453650957]
[08:22:47.853][MXC][I]dispatch ts translate ret [1788942167853679757, 1788942167853683337]
[08:22:47.853][MXC][I]raw dispatch ts:[111007453651239,111007453651509]
[08:22:47.853][MXC][I]dispatch ts translate ret [1788942167853686156, 1788942167853688856]
[08:22:47.853][MXC][I]raw dispatch ts:[111007453678270,111007453678362]
[08:22:47.853][MXC][I]dispatch ts translate ret [1788942167853956514, 1788942167853957434]
[08:22:47.853][MXC][I]raw dispatch ts:[111007453651784,111007453652269]
[08:22:47.853][MXC][I]dispatch ts translate ret [1788942167853691630, 1788942167853696480]
[08:22:47.854][MCBLASLT][I]set_workspace is called ! user allocated size: 67108864B = 64.000000MB
[08:22:47.854][MCBLAS][I]mcblasSgemmStridedBatched 1 0 128 16 64 64 64 128 256 8192 1024 2048 1.000000 0.000000
[08:22:47.854][MCBLASLT][I]Kernsel found best solution: Kernel name: mcblas__Mck_sgemm_tn_128x32x32_1m1n4k_256t_fp32_fp32_fp32_sb_0_0, slt:0, swap:0, ksplit:0
[08:22:47.854][MCBLASLT][I]module get function mcblas__Mck_sgemm_tn_128x32x32_1m1n4k_256t_fp32_fp32_fp32_sb_0_0 successed
[08:22:47.854][MXC][I]raw async_copy ts:[44469489623735,44469489666087]
[08:22:47.854][MCBLASLT][I]mcModuleLaunchKernel successed, ret = 0
[08:22:47.854][MXC][I]sdma_ts_.sdma_counter:44468445383871
[08:22:47.854][MXC][I]DNOCfreq:900000000, async_copy ts translate ret [1788942168144051979, 1788942168144099036]
[08:22:47.854][MXC][I]raw dispatch ts:[111007453654458,111007453654884]
[08:22:47.854][MXC][I]dispatch ts translate ret [1788942167853718372, 1788942167853722633]
[08:22:47.854][MXC][I]raw dispatch ts:[111007453655169,111007453655526]
[08:22:47.854][MXC][I]dispatch ts translate ret [1788942167853725483, 1788942167853729053]
[08:22:47.854][MXC][I]raw dispatch ts:[111007453655804,111007453656095]
[08:22:47.854][MXC][I]dispatch ts translate ret [1788942167853731834, 1788942167853734744]
[08:22:47.854][MXC][I]raw dispatch ts:[111007453656373,111007453656565]
[08:22:47.854][MXC][I]dispatch ts translate ret [1788942167853737524, 1788942167853739444]
[08:22:47.854][MCR][I]mc_memory.cpp            :1671: copy strategy - H2DCpuCopy:0,D2HCpuCopy:0,cpuCopy:0,d2dCrossDevices:0,pageableHToDAsync:0
[08:22:47.854][MCR][I]mc_memory.cpp            :1672: copy strategy - isAsync:0,waitComplete:0
[08:22:47.854][MXC][I]raw dispatch ts:[111007453658826,111007453659624]
[08:22:47.854][MXC][I]dispatch ts translate ret [1788942167853762056, 1788942167853770037]
[08:22:47.854][MXC][I]raw dispatch ts:[111007453659916,111007453660210]
[08:22:47.854][MXC][I]dispatch ts translate ret [1788942167853772957, 1788942167853775898]
[08:22:47.854][MXC][I]raw dispatch ts:[111007453660494,111007453660937]
[08:22:47.854][MXC][I]dispatch ts translate ret [1788942167853778738, 1788942167853783168]
[08:22:47.854][MCBLASLT][I]set_workspace is called ! user allocated size: 67108864B = 64.000000MB
[08:22:47.854][MCBLAS][I]mcblasSgemmStridedBatched 0 0 64 16 128 64 128 64 256 8192 2048 1024 1.000000 0.000000
[08:22:47.854][MCBLASLT][I]Kernsel found best solution: Kernel name: mcblas__Mck_sgemm_nn_64x32x64_1m1n4k_256t_fp32_fp32_fp32_sb_0_0, slt:0, swap:1, ksplit:0
[08:22:47.854][MCBLASLT][I]module get function mcblas__Mck_sgemm_nn_64x32x64_1m1n4k_256t_fp32_fp32_fp32_sb_0_0 successed
[08:22:47.854][MCBLASLT][I]mcModuleLaunchKernel successed, ret = 0
[08:22:47.854][MCR][I]mc_memory.cpp            :1671: copy strategy - H2DCpuCopy:0,D2HCpuCopy:0,cpuCopy:0,d2dCrossDevices:0,pageableHToDAsync:0
[08:22:47.854][MCR][I]mc_memory.cpp            :1672: copy strategy - isAsync:0,waitComplete:0
[08:22:47.854][MXC][I]raw dispatch ts:[111007453706821,111007453707036]
[08:22:47.854][MXC][I]dispatch ts translate ret [1788942167854242007, 1788942167854244157]
[08:22:47.854][MXC][I]raw dispatch ts:[111007453663248,111007453663968]
[08:22:47.854][MXC][I]dispatch ts translate ret [1788942167853806294, 1788942167853813494]
[08:22:47.854][MXC][I]raw async_copy ts:[44469489971503,44469489983115]
[08:22:47.854][MXC][I]sdma_ts_.sdma_counter:44468445383871
[08:22:47.854][MXC][I]DNOCfreq:900000000, async_copy ts translate ret [1788942168144438388, 1788942168144451290]
[08:22:47.854][MXC][I]raw dispatch ts:[111007453664266,111007453664793]
[08:22:47.854][MXC][I]dispatch ts translate ret [1788942167853816474, 1788942167853821744]
[08:22:47.854][MXC][I]raw dispatch ts:[111007453665082,111007453673243]
[08:22:47.854][MXC][I]dispatch ts translate ret [1788942167853824634, 1788942167853906244]
[08:22:47.854][MXC][I]raw dispatch ts:[111007453673534,111007453674770]
[08:22:47.854][MXC][I]dispatch ts translate ret [1788942167853909154, 1788942167853921514]
[08:22:47.854][MXC][I]raw dispatch ts:[111007453675058,111007453675435]
[08:22:47.854][MXC][I]dispatch ts translate ret [1788942167853924394, 1788942167853928164]
[08:22:47.854][MXC][I]raw dispatch ts:[111007453675711,111007453675951]
[08:22:47.854][MXC][I]dispatch ts translate ret [1788942167853930924, 1788942167853933324]
[08:22:47.854][MXC][I]raw dispatch ts:[111007453687815,111007453688794]
[08:22:47.854][MXC][I]dispatch ts translate ret [1788942167854051959, 1788942167854061748]
[08:22:47.854][MXC][I]raw dispatch ts:[111007453691145,111007453692360]
[08:22:47.854][MXC][I]dispatch ts translate ret [1788942167854085257, 1788942167854097406]
[08:22:47.854][MXC][I]raw dispatch ts:[111007453692646,111007453693238]
[08:22:47.854][MXC][I]dispatch ts translate ret [1788942167854100266, 1788942167854106186]
[08:22:47.854][MXC][I]raw dispatch ts:[111007453693517,111007453701690]
[08:22:47.854][MXC][I]dispatch ts translate ret [1788942167854108975, 1788942167854190700]
[08:22:47.854][MXC][I]raw dispatch ts:[111007453704126,111007453705518]
[08:22:47.854][MXC][I]dispatch ts translate ret [1788942167854215059, 1788942167854228978]
[08:22:47.854][MXC][I]raw dispatch ts:[111007453705804,111007453706546]
[08:22:47.854][MXC][I]dispatch ts translate ret [1788942167854231838, 1788942167854239257]
[08:22:47.854][MCBLASLT][I]set_workspace is called ! user allocated size: 67108864B = 64.000000MB
[08:22:47.854][MCBLAS][I]mcblasSgemmStridedBatched 1 0 128 16 64 64 64 128 256 8192 1024 2048 1.000000 0.000000
[08:22:47.854][MCBLASLT][I]Kernsel found best solution: Kernel name: mcblas__Mck_sgemm_tn_128x32x32_1m1n4k_256t_fp32_fp32_fp32_sb_0_0, slt:0, swap:0, ksplit:0
[08:22:47.854][MCBLASLT][I]module get function mcblas__Mck_sgemm_tn_128x32x32_1m1n4k_256t_fp32_fp32_fp32_sb_0_0 successed
[08:22:47.854][MXC][I]raw dispatch ts:[111007453713484,111007453713859]
[08:22:47.854][MXC][I]dispatch ts translate ret [1788942167854308632, 1788942167854312382]
[08:22:47.854][MCBLASLT][I]mcModuleLaunchKernel successed, ret = 0
[08:22:47.854][MXC][I]raw dispatch ts:[111007453716135,111007453716494]
[08:22:47.854][MXC][I]dispatch ts translate ret [1788942167854335140, 1788942167854338730]
[08:22:47.854][MXC][I]raw dispatch ts:[111007453716785,111007453717052]
[08:22:47.854][MXC][I]dispatch ts translate ret [1788942167854341640, 1788942167854344310]
[08:22:47.854][MCR][I]mc_memory.cpp            :1671: copy strategy - H2DCpuCopy:0,D2HCpuCopy:0,cpuCopy:0,d2dCrossDevices:0,pageableHToDAsync:0
[08:22:47.854][MCR][I]mc_memory.cpp            :1672: copy strategy - isAsync:0,waitComplete:0
[08:22:47.854][MXC][I]raw dispatch ts:[111007453735977,111007453736219]
[08:22:47.854][MXC][I]dispatch ts translate ret [1788942167854533544, 1788942167854535964]
[08:22:47.854][MXC][I]raw dispatch ts:[111007453717334,111007453717841]
[08:22:47.854][MXC][I]dispatch ts translate ret [1788942167854347129, 1788942167854352198]
[08:22:47.854][MCBLASLT][I]set_workspace is called ! user allocated size: 67108864B = 64.000000MB
[08:22:47.854][MCBLAS][I]mcblasSgemmStridedBatched 0 0 64 16 128 64 128 64 256 8192 2048 1024 1.000000 0.000000
[08:22:47.854][MCBLASLT][I]Kernsel found best solution: Kernel name: mcblas__Mck_sgemm_nn_64x32x64_1m1n4k_256t_fp32_fp32_fp32_sb_0_0, slt:0, swap:1, ksplit:0
[08:22:47.854][MCBLASLT][I]module get function mcblas__Mck_sgemm_nn_64x32x64_1m1n4k_256t_fp32_fp32_fp32_sb_0_0 successed
[08:22:47.854][MCBLASLT][I]mcModuleLaunchKernel successed, ret = 0
[08:22:47.854][MXC][I]raw async_copy ts:[44469490316465,44469490358819]
[08:22:47.854][MXC][I]sdma_ts_.sdma_counter:44468445383871
[08:22:47.854][MXC][I]DNOCfreq:900000000, async_copy ts translate ret [1788942168144821679, 1788942168144868739]
[08:22:47.854][MXC][I]raw dispatch ts:[111007453720068,111007453720500]
[08:22:47.854][MXC][I]dispatch ts translate ret [1788942167854374467, 1788942167854378786]
[08:22:47.854][MXC][I]raw dispatch ts:[111007453720783,111007453721141]
[08:22:47.854][MXC][I]dispatch ts translate ret [1788942167854381616, 1788942167854385196]
[08:22:47.854][MCR][I]mc_memory.cpp            :1671: copy strategy - H2DCpuCopy:0,D2HCpuCopy:0,cpuCopy:0,d2dCrossDevices:0,pageableHToDAsync:0
[08:22:47.854][MXC][I]raw dispatch ts:[111007453721416,111007453721706]
[08:22:47.854][MXC][I]dispatch ts translate ret [1788942167854387946, 1788942167854390845]
[08:22:47.854][MCR][I]mc_memory.cpp            :1672: copy strategy - isAsync:0,waitComplete:0
[08:22:47.854][MXC][I]raw dispatch ts:[111007453721984,111007453722165]
[08:22:47.854][MXC][I]dispatch ts translate ret [1788942167854393625, 1788942167854395435]
[08:22:47.854][MXC][I]raw dispatch ts:[111007453722426,111007453723159]
[08:22:47.854][MXC][I]dispatch ts translate ret [1788942167854398045, 1788942167854405374]
[08:22:47.854][MXC][I]raw dispatch ts:[111007453725382,111007453725693]
[08:22:47.854][MXC][I]dispatch ts translate ret [1788942167854427602, 1788942167854430712]
[08:22:47.854][MXC][I]raw dispatch ts:[111007453725996,111007453726527]
[08:22:47.854][MXC][I]dispatch ts translate ret [1788942167854433742, 1788942167854439052]
[08:22:47.854][MXC][I]raw dispatch ts:[111007453757946,111007453758161]
[08:22:47.854][MXC][I]dispatch ts translate ret [1788942167854753289, 1788942167854755440]
[08:22:47.854][MXC][I]raw dispatch ts:[111007453726809,111007453727430]
[08:22:47.854][MXC][I]dispatch ts translate ret [1788942167854441863, 1788942167854448073]
[08:22:47.854][MXC][I]raw async_copy ts:[44469490582320,44469490594057]
[08:22:47.854][MXC][I]sdma_ts_.sdma_counter:44468445383871
[08:22:47.854][MXC][I]DNOCfreq:900000000, async_copy ts translate ret [1788942168145117074, 1788942168145130115]
[08:22:47.854][MXC][I]raw dispatch ts:[111007453727711,111007453728196]
[08:22:47.854][MXC][I]dispatch ts translate ret [1788942167854450883, 1788942167854455733]
[08:22:47.854][MXC][I]raw dispatch ts:[111007453728466,111007453730828]
[08:22:47.854][MXC][I]dispatch ts translate ret [1788942167854458433, 1788942167854482053]
[08:22:47.854][MXC][I]raw dispatch ts:[111007453731115,111007453732338]
[08:22:47.854][MXC][I]dispatch ts translate ret [1788942167854484923, 1788942167854497153]
[08:22:47.854][MXC][I]raw dispatch ts:[111007453734688,111007453735164]
[08:22:47.854][MXC][I]dispatch ts translate ret [1788942167854520653, 1788942167854525413]
[08:22:47.854][MXC][I]raw dispatch ts:[111007453735457,111007453735701]
[08:22:47.854][MXC][I]dispatch ts translate ret [1788942167854528343, 1788942167854530783]
[08:22:47.854][MCBLASLT][I]set_workspace is called ! user allocated size: 67108864B = 64.000000MB
[08:22:47.854][MXC][I]raw dispatch ts:[111007453744740,111007453745693]
[08:22:47.854][MXC][I]dispatch ts translate ret [1788942167854621195, 1788942167854630727]
[08:22:47.854][MCBLAS][I]mcblasSgemmStridedBatched 1 0 128 16 64 64 64 128 256 8192 1024 2048 1.000000 0.000000
[08:22:47.854][MCBLASLT][I]Kernsel found best solution: Kernel name: mcblas__Mck_sgemm_tn_128x32x32_1m1n4k_256t_fp32_fp32_fp32_sb_0_0, slt:0, swap:0, ksplit:0
[08:22:47.854][MXC][I]raw dispatch ts:[111007453748100,111007453749174]
[08:22:47.854][MXC][I]dispatch ts translate ret [1788942167854654803, 1788942167854665546]
[08:22:47.854][MCBLASLT][I]module get function mcblas__Mck_sgemm_tn_128x32x32_1m1n4k_256t_fp32_fp32_fp32_sb_0_0 successed
[08:22:47.854][MXC][I]raw dispatch ts:[111007453749458,111007453750034]
[08:22:47.854][MCBLASLT][I]mcModuleLaunchKernel successed, ret = 0
[08:22:47.854][MXC][I]dispatch ts translate ret [1788942167854668387, 1788942167854674149]
[08:22:47.854][MXC][I]raw dispatch ts:[111007453750310,111007453752790]
[08:22:47.854][MXC][I]dispatch ts translate ret [1788942167854676909, 1788942167854701716]
[08:22:47.854][MXC][I]raw dispatch ts:[111007453755323,111007453756707]
[08:22:47.854][MXC][I]dispatch ts translate ret [1788942167854727053, 1788942167854740896]
[08:22:47.854][MXC][I]raw dispatch ts:[111007453756994,111007453757677]
[08:22:47.854][MXC][I]dispatch ts translate ret [1788942167854743767, 1788942167854750599]
[08:22:47.854][MXC][I]raw dispatch ts:[111007453764488,111007453764870]
[08:22:47.854][MXC][I]dispatch ts translate ret [1788942167854818726, 1788942167854822547]
[08:22:47.854][MXC][I]raw dispatch ts:[111007453767115,111007453767470]
[08:22:47.854][MCR][I]mc_memory.cpp            :1671: copy strategy - H2DCpuCopy:0,D2HCpuCopy:0,cpuCopy:0,d2dCrossDevices:0,pageableHToDAsync:0
[08:22:47.854][MCR][I]mc_memory.cpp            :1672: copy strategy - isAsync:0,waitComplete:0
[08:22:47.854][MXC][I]dispatch ts translate ret [1788942167854845003, 1788942167854848554]
[08:22:47.854][MXC][I]raw dispatch ts:[111007453767769,111007453768038]
[08:22:47.854][MXC][I]dispatch ts translate ret [1788942167854851544, 1788942167854854235]
[08:22:47.855][MCBLASLT][I]set_workspace is called ! user allocated size: 67108864B = 64.000000MB
[08:22:47.855][MCBLAS][I]mcblasSgemmStridedBatched 0 0 64 16 128 64 128 64 256 8192 2048 1024 1.000000 0.000000
[08:22:47.855][MCBLASLT][I]Kernsel found best solution: Kernel name: mcblas__Mck_sgemm_nn_64x32x64_1m1n4k_256t_fp32_fp32_fp32_sb_0_0, slt:0, swap:1, ksplit:0
[08:22:47.855][MCBLASLT][I]module get function mcblas__Mck_sgemm_nn_64x32x64_1m1n4k_256t_fp32_fp32_fp32_sb_0_0 successed
[08:22:47.855][MCBLASLT][I]mcModuleLaunchKernel successed, ret = 0
[08:22:47.855][MXC][I]raw dispatch ts:[111007453787442,111007453787806]
[08:22:47.855][MXC][I]dispatch ts translate ret [1788942167855048251, 1788942167855051891]
[08:22:47.855][MXC][I]raw dispatch ts:[111007453768320,111007453768809]
[08:22:47.855][MXC][I]dispatch ts translate ret [1788942167854857031, 1788942167854861921]
[08:22:47.855][MCR][I]mc_memory.cpp            :1671: copy strategy - H2DCpuCopy:0,D2HCpuCopy:0,cpuCopy:0,d2dCrossDevices:0,pageableHToDAsync:0
[08:22:47.855][MCR][I]mc_memory.cpp            :1672: copy strategy - isAsync:0,waitComplete:0
[08:22:47.855][MXC][I]raw async_copy ts:[44469490936585,44469490978923]
[08:22:47.855][MXC][I]sdma_ts_.sdma_counter:44468445383871
[08:22:47.855][MXC][I]DNOCfreq:900000000, async_copy ts translate ret [1788942168145510701, 1788942168145557743]
[08:22:47.855][MXC][I]raw dispatch ts:[111007453771068,111007453771495]
[08:22:47.855][MXC][I]dispatch ts translate ret [1788942167854884511, 1788942167854888781]
[08:22:47.855][MXC][I]raw dispatch ts:[111007453771784,111007453772139]
[08:22:47.855][MXC][I]dispatch ts translate ret [1788942167854891671, 1788942167854895221]
[08:22:47.855][MXC][I]raw dispatch ts:[111007453772424,111007453772714]
[08:22:47.855][MXC][I]dispatch ts translate ret [1788942167854898071, 1788942167854900971]
[08:22:47.855][MXC][I]raw dispatch ts:[111007453773000,111007453773176]
[08:22:47.855][MXC][I]dispatch ts translate ret [1788942167854903831, 1788942167854905591]
[08:22:47.855][MXC][I]raw dispatch ts:[111007453773446,111007453774180]
[08:22:47.855][MXC][I]dispatch ts translate ret [1788942167854908291, 1788942167854915631]
[08:22:47.855][MXC][I]raw dispatch ts:[111007453776395,111007453776695]
[08:22:47.855][MXC][I]dispatch ts translate ret [1788942167854937781, 1788942167854940781]
[08:22:47.855][MXC][I]raw dispatch ts:[111007453776995,111007453777563]
[08:22:47.855][MXC][I]dispatch ts translate ret [1788942167854943781, 1788942167854949461]
[08:22:47.855][MXC][I]raw dispatch ts:[111007453809525,111007453809667]
[08:22:47.855][MXC][I]dispatch ts translate ret [1788942167855269047, 1788942167855270466]
[08:22:47.855][MCBLASLT][I]set_workspace is called ! user allocated size: 67108864B = 64.000000MB
[08:22:47.855][MXC][I]raw dispatch ts:[111007453777841,111007453778587]
[08:22:47.855][MXC][I]dispatch ts translate ret [1788942167854952241, 1788942167854959701]
[08:22:47.855][MCBLAS][I]mcblasSgemmStridedBatched 1 0 128 16 64 64 64 128 256 8192 1024 2048 1.000000 0.000000
[08:22:47.855][MCBLASLT][I]Kernsel found best solution: Kernel name: mcblas__Mck_sgemm_tn_128x32x32_1m1n4k_256t_fp32_fp32_fp32_sb_0_0, slt:0, swap:0, ksplit:0
[08:22:47.855][MCBLASLT][I]module get function mcblas__Mck_sgemm_tn_128x32x32_1m1n4k_256t_fp32_fp32_fp32_sb_0_0 successed
[08:22:47.855][MCBLASLT][I]mcModuleLaunchKernel successed, ret = 0
[08:22:47.855][MXC][I]raw async_copy ts:[44469491228183,44469491239930]
[08:22:47.855][MXC][I]sdma_ts_.sdma_counter:44468445383871
[08:22:47.855][MXC][I]DNOCfreq:900000000, async_copy ts translate ret [1788942168145834699, 1788942168145847751]
[08:22:47.855][MXC][I]raw dispatch ts:[111007453778867,111007453779440]
[08:22:47.855][MXC][I]dispatch ts translate ret [1788942167854962501, 1788942167854968231]
[08:22:47.855][MXC][I]raw dispatch ts:[111007453779715,111007453782119]
[08:22:47.855][MXC][I]dispatch ts translate ret [1788942167854970981, 1788942167854995021]
[08:22:47.855][MXC][I]raw dispatch ts:[111007453784568,111007453785987]
[08:22:47.855][MXC][I]dispatch ts translate ret [1788942167855019511, 1788942167855033701]
[08:22:47.855][MXC][I]raw dispatch ts:[111007453786276,111007453786649]
[08:22:47.855][MXC][I]dispatch ts translate ret [1788942167855036591, 1788942167855040321]
[08:22:47.855][MXC][I]raw dispatch ts:[111007453786925,111007453787176]
[08:22:47.855][MXC][I]dispatch ts translate ret [1788942167855043081, 1788942167855045591]
[08:22:47.855][MCR][I]mc_memory.cpp            :1671: copy strategy - H2DCpuCopy:0,D2HCpuCopy:0,cpuCopy:0,d2dCrossDevices:0,pageableHToDAsync:0
[08:22:47.855][MCR][I]mc_memory.cpp            :1672: copy strategy - isAsync:0,waitComplete:0
[08:22:47.855][MXC][I]raw dispatch ts:[111007453796509,111007453797418]
[08:22:47.855][MXC][I]dispatch ts translate ret [1788942167855138908, 1788942167855147997]
[08:22:47.855][MXC][I]raw dispatch ts:[111007453799834,111007453800874]
[08:22:47.855][MXC][I]dispatch ts translate ret [1788942167855172153, 1788942167855182551]
[08:22:47.855][MXC][I]raw dispatch ts:[111007453801169,111007453801692]
[08:22:47.855][MXC][I]dispatch ts translate ret [1788942167855185500, 1788942167855190730]
[08:22:47.855][MXC][I]raw dispatch ts:[111007453801978,111007453804406]
[08:22:47.855][MXC][I]dispatch ts translate ret [1788942167855193589, 1788942167855217865]
[08:22:47.855][MXC][I]raw dispatch ts:[111007453804695,111007453805994]
[08:22:47.855][MXC][I]dispatch ts translate ret [1788942167855220755, 1788942167855233742]
[08:22:47.855][MXC][I]raw dispatch ts:[111007453808485,111007453809231]
[08:22:47.855][MXC][I]dispatch ts translate ret [1788942167855258648, 1788942167855266107]
[08:22:47.855][MXC][I]raw dispatch ts:[111007453818195,111007453818562]
[08:22:47.855][MXC][I]dispatch ts translate ret [1788942167855355731, 1788942167855359401]
[08:22:47.855][MXC][I]raw dispatch ts:[111007453820851,111007453821208]
[08:22:47.855][MCBLASLT][I]set_workspace is called ! user allocated size: 67108864B = 64.000000MB
[08:22:47.855][MXC][I]dispatch ts translate ret [1788942167855382318, 1788942167855385889]
[08:22:47.855][MCBLAS][I]mcblasSgemmStridedBatched 0 0 64 16 128 64 128 64 256 8192 2048 1024 1.000000 0.000000
[08:22:47.855][MCBLASLT][I]Kernsel found best solution: Kernel name: mcblas__Mck_sgemm_nn_64x32x64_1m1n4k_256t_fp32_fp32_fp32_sb_0_0, slt:0, swap:1, ksplit:0
[08:22:47.855][MXC][I]raw dispatch ts:[111007453821487,111007453821744]
[08:22:47.855][MCBLASLT][I]module get function mcblas__Mck_sgemm_nn_64x32x64_1m1n4k_256t_fp32_fp32_fp32_sb_0_0 successed
[08:22:47.855][MXC][I]dispatch ts translate ret [1788942167855388679, 1788942167855391249]
[08:22:47.855][MCBLASLT][I]mcModuleLaunchKernel successed, ret = 0
[08:22:47.855][MCR][I]mc_memory.cpp            :1671: copy strategy - H2DCpuCopy:0,D2HCpuCopy:0,cpuCopy:0,d2dCrossDevices:0,pageableHToDAsync:0
[08:22:47.855][MCR][I]mc_memory.cpp            :1672: copy strategy - isAsync:0,waitComplete:0
[08:22:47.855][MXC][I]raw dispatch ts:[111007453841013,111007453841257]
[08:22:47.855][MXC][I]dispatch ts translate ret [1788942167855583951, 1788942167855586391]
[08:22:47.855][MXC][I]raw dispatch ts:[111007453822019,111007453822497]
[08:22:47.855][MXC][I]dispatch ts translate ret [1788942167855394009, 1788942167855398789]
[08:22:47.855][MXC][I]raw async_copy ts:[44469491576126,44469491618663]
[08:22:47.855][MXC][I]sdma_ts_.sdma_counter:44468445383871
[08:22:47.855][MXC][I]DNOCfreq:900000000, async_copy ts translate ret [1788942168146221302, 1788942168146268565]
[08:22:47.855][MXC][I]raw dispatch ts:[111007453824771,111007453825219]
[08:22:47.855][MXC][I]dispatch ts translate ret [1788942167855421529, 1788942167855426009]
[08:22:47.855][MXC][I]raw dispatch ts:[111007453825508,111007453825869]
[08:22:47.855][MXC][I]dispatch ts translate ret [1788942167855428899, 1788942167855432509]
[08:22:47.855][MXC][I]raw dispatch ts:[111007453826143,111007453826434]
[08:22:47.855][MXC][I]dispatch ts translate ret [1788942167855435249, 1788942167855438159]
[08:22:47.855][MXC][I]raw dispatch ts:[111007453826712,111007453826887]
[08:22:47.855][MXC][I]dispatch ts translate ret [1788942167855440939, 1788942167855442689]
[08:22:47.855][MXC][I]raw dispatch ts:[111007453827154,111007453827891]
[08:22:47.855][MXC][I]dispatch ts translate ret [1788942167855445359, 1788942167855452729]
[08:22:47.855][MXC][I]raw dispatch ts:[111007453830097,111007453830397]
[08:22:47.855][MXC][I]dispatch ts translate ret [1788942167855474789, 1788942167855477790]
[08:22:47.855][MXC][I]raw dispatch ts:[111007453830707,111007453831240]
[08:22:47.855][MXC][I]dispatch ts translate ret [1788942167855480890, 1788942167855486220]
[08:22:47.855][MCBLASLT][I]set_workspace is called ! user allocated size: 67108864B = 64.000000MB
[08:22:47.855][MCBLAS][I]mcblasSgemmStridedBatched 1 0 128 16 64 64 64 128 256 8192 1024 2048 1.000000 0.000000
[08:22:47.855][MCBLASLT][I]Kernsel found best solution: Kernel name: mcblas__Mck_sgemm_tn_128x32x32_1m1n4k_256t_fp32_fp32_fp32_sb_0_0, slt:0, swap:0, ksplit:0
[08:22:47.855][MCBLASLT][I]module get function mcblas__Mck_sgemm_tn_128x32x32_1m1n4k_256t_fp32_fp32_fp32_sb_0_0 successed
[08:22:47.855][MCBLASLT][I]mcModuleLaunchKernel successed, ret = 0
[08:22:47.855][MXC][I]raw dispatch ts:[111007453862773,111007453862991]
[08:22:47.855][MXC][I]dispatch ts translate ret [1788942167855801562, 1788942167855803742]
[08:22:47.855][MXC][I]raw dispatch ts:[111007453831529,111007453832308]
[08:22:47.855][MXC][I]dispatch ts translate ret [1788942167855489111, 1788942167855496901]
[08:22:47.855][MCR][I]mc_memory.cpp            :1671: copy strategy - H2DCpuCopy:0,D2HCpuCopy:0,cpuCopy:0,d2dCrossDevices:0,pageableHToDAsync:0
[08:22:47.855][MCR][I]mc_memory.cpp            :1672: copy strategy - isAsync:0,waitComplete:0
[08:22:47.855][MXC][I]raw async_copy ts:[44469491837655,44469491849287]
[08:22:47.855][MXC][I]sdma_ts_.sdma_counter:44468445383871
[08:22:47.855][MXC][I]DNOCfreq:900000000, async_copy ts translate ret [1788942168146511890, 1788942168146524814]
[08:22:47.855][MXC][I]raw dispatch ts:[111007453832597,111007453833131]
[08:22:47.855][MXC][I]dispatch ts translate ret [1788942167855499791, 1788942167855505131]
[08:22:47.855][MXC][I]raw dispatch ts:[111007453833415,111007453835809]
[08:22:47.855][MXC][I]dispatch ts translate ret [1788942167855507971, 1788942167855531911]
[08:22:47.855][MXC][I]raw dispatch ts:[111007453836100,111007453837336]
[08:22:47.855][MXC][I]dispatch ts translate ret [1788942167855534821, 1788942167855547181]
[08:22:47.855][MXC][I]raw dispatch ts:[111007453839745,111007453840221]
[08:22:47.855][MXC][I]dispatch ts translate ret [1788942167855571271, 1788942167855576031]
[08:22:47.855][MXC][I]raw dispatch ts:[111007453840506,111007453840749]
[08:22:47.855][MXC][I]dispatch ts translate ret [1788942167855578881, 1788942167855581311]
[08:22:47.855][MCBLASLT][I]set_workspace is called ! user allocated size: 67108864B = 64.000000MB
[08:22:47.855][MXC][I]raw dispatch ts:[111007453849718,111007453850632]
[08:22:47.855][MCBLAS][I]mcblasSgemmStridedBatched 0 0 64 16 128 64 128 64 256 8192 2048 1024 1.000000 0.000000
[08:22:47.855][MXC][I]dispatch ts translate ret [1788942167855671006, 1788942167855680146]
[08:22:47.855][MCBLASLT][I]Kernsel found best solution: Kernel name: mcblas__Mck_sgemm_nn_64x32x64_1m1n4k_256t_fp32_fp32_fp32_sb_0_0, slt:0, swap:1, ksplit:0
[08:22:47.855][MCBLASLT][I]module get function mcblas__Mck_sgemm_nn_64x32x64_1m1n4k_256t_fp32_fp32_fp32_sb_0_0 successed
[08:22:47.855][MCBLASLT][I]mcModuleLaunchKernel successed, ret = 0
[08:22:47.855][MXC][I]raw dispatch ts:[111007453853011,111007453854099]
[08:22:47.855][MXC][I]dispatch ts translate ret [1788942167855703937, 1788942167855714818]
[08:22:47.855][MXC][I]raw dispatch ts:[111007453854387,111007453854938]
[08:22:47.855][MXC][I]dispatch ts translate ret [1788942167855717698, 1788942167855723208]
[08:22:47.855][MXC][I]raw dispatch ts:[111007453855215,111007453857610]
[08:22:47.855][MXC][I]dispatch ts translate ret [1788942167855725978, 1788942167855749929]
[08:22:47.855][MCR][I]mc_memory.cpp            :1671: copy strategy - H2DCpuCopy:0,D2HCpuCopy:0,cpuCopy:0,d2dCrossDevices:0,pageableHToDAsync:0
[08:22:47.855][MXC][I]raw dispatch ts:[111007453860160,111007453861507]
[08:22:47.855][MCR][I]mc_memory.cpp            :1672: copy strategy - isAsync:0,waitComplete:0
[08:22:47.855][MXC][I]dispatch ts translate ret [1788942167855775431, 1788942167855788901]
[08:22:47.855][MXC][I]raw dispatch ts:[111007453861799,111007453862498]
[08:22:47.855][MXC][I]dispatch ts translate ret [1788942167855791822, 1788942167855798812]
[08:22:47.855][MXC][I]raw dispatch ts:[111007453868942,111007453869318]
[08:22:47.855][MXC][I]dispatch ts translate ret [1788942167855863254, 1788942167855867014]
[08:22:47.856][MXC][I]raw dispatch ts:[111007453871592,111007453871971]
[08:22:47.856][MXC][I]dispatch ts translate ret [1788942167855889756, 1788942167855893546]
[08:22:47.856][MXC][I]raw dispatch ts:[111007453872283,111007453872539]
[08:22:47.856][MXC][I]dispatch ts translate ret [1788942167855896666, 1788942167855899226]
[08:22:47.856][MCBLASLT][I]set_workspace is called ! user allocated size: 67108864B = 64.000000MB
[08:22:47.856][MCBLAS][I]mcblasSgemmStridedBatched 1 0 128 16 64 64 64 128 256 8192 1024 2048 1.000000 0.000000
[08:22:47.856][MCBLASLT][I]Kernsel found best solution: Kernel name: mcblas__Mck_sgemm_tn_128x32x32_1m1n4k_256t_fp32_fp32_fp32_sb_0_0, slt:0, swap:0, ksplit:0
[08:22:47.856][MCBLASLT][I]module get function mcblas__Mck_sgemm_tn_128x32x32_1m1n4k_256t_fp32_fp32_fp32_sb_0_0 successed
[08:22:47.856][MXC][I]raw dispatch ts:[111007453899703,111007453899795]
[08:22:47.856][MCBLASLT][I]mcModuleLaunchKernel successed, ret = 0
[08:22:47.856][MXC][I]dispatch ts translate ret [1788942167856170856, 1788942167856171776]
[08:22:47.856][MXC][I]raw dispatch ts:[111007453872824,111007453873320]
[08:22:47.856][MXC][I]dispatch ts translate ret [1788942167855902071, 1788942167855907031]
[08:22:47.856][MCR][I]mc_memory.cpp            :1671: copy strategy - H2DCpuCopy:0,D2HCpuCopy:0,cpuCopy:0,d2dCrossDevices:0,pageableHToDAsync:0
[08:22:47.856][MCR][I]mc_memory.cpp            :1672: copy strategy - isAsync:0,waitComplete:0
[08:22:47.856][MXC][I]raw async_copy ts:[44469492280879,44469492323243]
[08:22:47.856][MXC][I]sdma_ts_.sdma_counter:44468445383871
[08:22:47.856][MXC][I]DNOCfreq:900000000, async_copy ts translate ret [1788942168147004361, 1788942168147051432]
[08:22:47.856][MXC][I]raw dispatch ts:[111007453875581,111007453876004]
[08:22:47.856][MXC][I]dispatch ts translate ret [1788942167855929640, 1788942167855933870]
[08:22:47.856][MXC][I]raw dispatch ts:[111007453876284,111007453876711]
[08:22:47.856][MXC][I]dispatch ts translate ret [1788942167855936670, 1788942167855940940]
[08:22:47.856][MXC][I]raw dispatch ts:[111007453876985,111007453877203]
[08:22:47.856][MXC][I]dispatch ts translate ret [1788942167855943680, 1788942167855945860]
[08:22:47.856][MXC][I]raw dispatch ts:[111007453879393,111007453879637]
[08:22:47.856][MXC][I]dispatch ts translate ret [1788942167855967759, 1788942167855970199]
[08:22:47.856][MXC][I]raw dispatch ts:[111007453879940,111007453880764]
[08:22:47.856][MXC][I]dispatch ts translate ret [1788942167855973229, 1788942167855981469]
[08:22:47.856][MCBLASLT][I]set_workspace is called ! user allocated size: 67108864B = 64.000000MB
[08:22:47.856][MXC][I]raw dispatch ts:[111007453881045,111007453881356]
[08:22:47.856][MXC][I]dispatch ts translate ret [1788942167855984279, 1788942167855987389]
[08:22:47.856][MCBLAS][I]mcblasSgemmStridedBatched 0 0 64 16 128 64 128 64 256 8192 2048 1024 1.000000 0.000000
[08:22:47.856][MXC][I]raw dispatch ts:[111007453881637,111007453882101]
[08:22:47.856][MXC][I]dispatch ts translate ret [1788942167855990199, 1788942167855994839]
[08:22:47.856][MCBLASLT][I]Kernsel found best solution: Kernel name: mcblas__Mck_sgemm_nn_64x32x64_1m1n4k_256t_fp32_fp32_fp32_sb_0_0, slt:0, swap:1, ksplit:0
[08:22:47.856][MCBLASLT][I]module get function mcblas__Mck_sgemm_nn_64x32x64_1m1n4k_256t_fp32_fp32_fp32_sb_0_0 successed
[08:22:47.856][MCBLASLT][I]mcModuleLaunchKernel successed, ret = 0
[08:22:47.856][MCR][I]mc_memory.cpp            :1671: copy strategy - H2DCpuCopy:0,D2HCpuCopy:0,cpuCopy:0,d2dCrossDevices:0,pageableHToDAsync:0
[08:22:47.856][MCR][I]mc_memory.cpp            :1672: copy strategy - isAsync:0,waitComplete:0
[08:22:47.856][MXC][I]raw dispatch ts:[111007453927646,111007453927856]
[08:22:47.856][MXC][I]dispatch ts translate ret [1788942167856450382, 1788942167856452482]
[08:22:47.856][MXC][I]raw dispatch ts:[111007453884351,111007453885159]
[08:22:47.856][MXC][I]dispatch ts translate ret [1788942167856017335, 1788942167856025415]
[08:22:47.856][MXC][I]raw async_copy ts:[44469492616269,44469492627921]
[08:22:47.856][MXC][I]sdma_ts_.sdma_counter:44468445383871
[08:22:47.856][MXC][I]DNOCfreq:900000000, async_copy ts translate ret [1788942168147377017, 1788942168147389963]
[08:22:47.856][MXC][I]raw dispatch ts:[111007453885448,111007453886022]
[08:22:47.856][MXC][I]dispatch ts translate ret [1788942167856028305, 1788942167856034045]
[08:22:47.856][MXC][I]raw dispatch ts:[111007453886306,111007453894543]
[08:22:47.856][MXC][I]dispatch ts translate ret [1788942167856036885, 1788942167856119255]
[08:22:47.856][MXC][I]raw dispatch ts:[111007453894832,111007453896099]
[08:22:47.856][MXC][I]dispatch ts translate ret [1788942167856122145, 1788942167856134815]
[08:22:47.856][MXC][I]raw dispatch ts:[111007453896384,111007453896772]
[08:22:47.856][MXC][I]dispatch ts translate ret [1788942167856137665, 1788942167856141545]
[08:22:47.856][MXC][I]raw dispatch ts:[111007453897057,111007453897297]
[08:22:47.856][MXC][I]dispatch ts translate ret [1788942167856144395, 1788942167856146795]
[08:22:47.856][MXC][I]raw dispatch ts:[111007453908613,111007453909665]
[08:22:47.856][MXC][I]dispatch ts translate ret [1788942167856259985, 1788942167856270508]
[08:22:47.856][MXC][I]raw dispatch ts:[111007453912047,111007453913206]
[08:22:47.856][MXC][I]dispatch ts translate ret [1788942167856294337, 1788942167856305931]
[08:22:47.856][MXC][I]raw dispatch ts:[111007453913492,111007453914099]
[08:22:47.856][MXC][I]dispatch ts translate ret [1788942167856308792, 1788942167856314864]
[08:22:47.856][MCBLASLT][I]set_workspace is called ! user allocated size: 67108864B = 64.000000MB
[08:22:47.856][MXC][I]raw dispatch ts:[111007453914375,111007453922568]
[08:22:47.856][MXC][I]dispatch ts translate ret [1788942167856317625, 1788942167856399584]
[08:22:47.856][MCBLAS][I]mcblasSgemmStridedBatched 1 0 128 16 64 64 64 128 256 8192 1024 2048 1.000000 0.000000
[08:22:47.856][MCBLASLT][I]Kernsel found best solution: Kernel name: mcblas__Mck_sgemm_tn_128x32x32_1m1n4k_256t_fp32_fp32_fp32_sb_0_0, slt:0, swap:0, ksplit:0
[08:22:47.856][MCBLASLT][I]module get function mcblas__Mck_sgemm_tn_128x32x32_1m1n4k_256t_fp32_fp32_fp32_sb_0_0 successed
[08:22:47.856][MXC][I]raw dispatch ts:[111007453925086,111007453926427]
[08:22:47.856][MXC][I]dispatch ts translate ret [1788942167856424773, 1788942167856438187]
[08:22:47.856][MCBLASLT][I]mcModuleLaunchKernel successed, ret = 0
[08:22:47.856][MXC][I]raw dispatch ts:[111007453926715,111007453927373]
[08:22:47.856][MXC][I]dispatch ts translate ret [1788942167856441068, 1788942167856447651]
[08:22:47.856][MXC][I]raw dispatch ts:[111007453933851,111007453934229]
[08:22:47.856][MXC][I]dispatch ts translate ret [1788942167856512453, 1788942167856516234]
[08:22:47.856][MXC][I]raw dispatch ts:[111007453936531,111007453936886]
[08:22:47.856][MXC][I]dispatch ts translate ret [1788942167856539262, 1788942167856542813]
[08:22:47.856][MXC][I]raw dispatch ts:[111007453937194,111007453937449]
[08:22:47.856][MXC][I]dispatch ts translate ret [1788942167856545894, 1788942167856548445]
[08:22:47.856][MCR][I]mc_memory.cpp            :1671: copy strategy - H2DCpuCopy:0,D2HCpuCopy:0,cpuCopy:0,d2dCrossDevices:0,pageableHToDAsync:0
[08:22:47.856][MCR][I]mc_memory.cpp            :1672: copy strategy - isAsync:0,waitComplete:0
[08:22:47.856][MCBLASLT][I]set_workspace is called ! user allocated size: 67108864B = 64.000000MB
[08:22:47.856][MCBLAS][I]mcblasSgemmStridedBatched 0 0 64 16 128 64 128 64 256 8192 2048 1024 1.000000 0.000000
[08:22:47.856][MCBLASLT][I]Kernsel found best solution: Kernel name: mcblas__Mck_sgemm_nn_64x32x64_1m1n4k_256t_fp32_fp32_fp32_sb_0_0, slt:0, swap:1, ksplit:0
[08:22:47.856][MCBLASLT][I]module get function mcblas__Mck_sgemm_nn_64x32x64_1m1n4k_256t_fp32_fp32_fp32_sb_0_0 successed
[08:22:47.856][MXC][I]raw dispatch ts:[111007453956932,111007453957197]
[08:22:47.856][MCBLASLT][I]mcModuleLaunchKernel successed, ret = 0
[08:22:47.856][MXC][I]dispatch ts translate ret [1788942167856743087, 1788942167856745735]
[08:22:47.856][MXC][I]raw dispatch ts:[111007453937730,111007453938227]
[08:22:47.856][MXC][I]dispatch ts translate ret [1788942167856551173, 1788942167856556140]
[08:22:47.856][MCR][I]mc_memory.cpp            :1671: copy strategy - H2DCpuCopy:0,D2HCpuCopy:0,cpuCopy:0,d2dCrossDevices:0,pageableHToDAsync:0
[08:22:47.856][MCR][I]mc_memory.cpp            :1672: copy strategy - isAsync:0,waitComplete:0
[08:22:47.856][MXC][I]raw async_copy ts:[44469492968832,44469493011238]
[08:22:47.856][MXC][I]sdma_ts_.sdma_counter:44468445383871
[08:22:47.856][MXC][I]DNOCfreq:900000000, async_copy ts translate ret [1788942168147768754, 1788942168147815871]
[08:22:47.856][MXC][I]raw dispatch ts:[111007453940486,111007453940905]
[08:22:47.856][MXC][I]dispatch ts translate ret [1788942167856578718, 1788942167856582905]
[08:22:47.856][MXC][I]raw dispatch ts:[111007453941214,111007453941650]
[08:22:47.856][MXC][I]dispatch ts translate ret [1788942167856585994, 1788942167856590351]
[08:22:47.856][MXC][I]raw dispatch ts:[111007453941934,111007453942225]
[08:22:47.856][MXC][I]dispatch ts translate ret [1788942167856593190, 1788942167856596098]
[08:22:47.856][MXC][I]raw dispatch ts:[111007453942516,111007453942714]
[08:22:47.856][MXC][I]dispatch ts translate ret [1788942167856599007, 1788942167856600985]
[08:22:47.856][MXC][I]raw dispatch ts:[111007453942997,111007453943732]
[08:22:47.856][MXC][I]dispatch ts translate ret [1788942167856603814, 1788942167856611160]
[08:22:47.856][MXC][I]raw dispatch ts:[111007453945972,111007453946276]
[08:22:47.856][MXC][I]dispatch ts translate ret [1788942167856633547, 1788942167856636586]
[08:22:47.856][MXC][I]raw dispatch ts:[111007453946558,111007453947113]
[08:22:47.856][MXC][I]dispatch ts translate ret [1788942167856639404, 1788942167856644951]
[08:22:47.856][MXC][I]raw dispatch ts:[111007453978770,111007453978912]
[08:22:47.856][MXC][I]dispatch ts translate ret [1788942167856961521, 1788942167856962941]
[08:22:47.856][MXC][I]raw dispatch ts:[111007453947387,111007453948154]
[08:22:47.856][MXC][I]dispatch ts translate ret [1788942167856647632, 1788942167856655302]
[08:22:47.856][MCBLASLT][I]set_workspace is called ! user allocated size: 67108864B = 64.000000MB
[08:22:47.856][MCBLAS][I]mcblasSgemmStridedBatched 1 0 128 16 64 64 64 128 256 8192 1024 2048 1.000000 0.000000
[08:22:47.856][MCBLASLT][I]Kernsel found best solution: Kernel name: mcblas__Mck_sgemm_tn_128x32x32_1m1n4k_256t_fp32_fp32_fp32_sb_0_0, slt:0, swap:0, ksplit:0
[08:22:47.856][MXC][I]raw async_copy ts:[44469493227482,44469493239184]
[08:22:47.857][MXC][I]sdma_ts_.sdma_counter:44468445383871
[08:22:47.857][MXC][I]DNOCfreq:900000000, async_copy ts translate ret [1788942168148056142, 1788942168148069144]
[08:22:47.856][MCBLASLT][I]module get function mcblas__Mck_sgemm_tn_128x32x32_1m1n4k_256t_fp32_fp32_fp32_sb_0_0 successed
[08:22:47.857][MXC][I]raw dispatch ts:[111007453948435,111007453948942]
[08:22:47.857][MXC][I]dispatch ts translate ret [1788942167856658112, 1788942167856663182]
[08:22:47.857][MCBLASLT][I]mcModuleLaunchKernel successed, ret = 0
[08:22:47.857][MXC][I]raw dispatch ts:[111007453949217,111007453951754]
[08:22:47.857][MXC][I]dispatch ts translate ret [1788942167856665932, 1788942167856691302]
[08:22:47.857][MXC][I]raw dispatch ts:[111007453952032,111007453953261]
[08:22:47.857][MXC][I]dispatch ts translate ret [1788942167856694082, 1788942167856706372]
[08:22:47.857][MXC][I]raw dispatch ts:[111007453955670,111007453956148]
[08:22:47.857][MXC][I]dispatch ts translate ret [1788942167856730462, 1788942167856735242]
[08:22:47.857][MXC][I]raw dispatch ts:[111007453956435,111007453956666]
[08:22:47.857][MXC][I]dispatch ts translate ret [1788942167856738112, 1788942167856740422]
[08:22:47.857][MCR][I]mc_memory.cpp            :1671: copy strategy - H2DCpuCopy:0,D2HCpuCopy:0,cpuCopy:0,d2dCrossDevices:0,pageableHToDAsync:0
[08:22:47.857][MCR][I]mc_memory.cpp            :1672: copy strategy - isAsync:0,waitComplete:0
[08:22:47.857][MXC][I]raw dispatch ts:[111007453965835,111007453966788]
[08:22:47.857][MXC][I]dispatch ts translate ret [1788942167856832135, 1788942167856841668]
[08:22:47.857][MXC][I]raw dispatch ts:[111007453969189,111007453970305]
[08:22:47.857][MXC][I]dispatch ts translate ret [1788942167856865684, 1788942167856876847]
[08:22:47.857][MXC][I]raw dispatch ts:[111007453970600,111007453971128]
[08:22:47.857][MXC][I]dispatch ts translate ret [1788942167856879798, 1788942167856885080]
[08:22:47.857][MXC][I]raw dispatch ts:[111007453971412,111007453973898]
[08:22:47.857][MXC][I]dispatch ts translate ret [1788942167856887920, 1788942167856912787]
[08:22:47.857][MXC][I]raw dispatch ts:[111007453974189,111007453975451]
[08:22:47.857][MXC][I]dispatch ts translate ret [1788942167856915698, 1788942167856928322]
[08:22:47.857][MXC][I]raw dispatch ts:[111007453977790,111007453978487]
[08:22:47.857][MXC][I]dispatch ts translate ret [1788942167856951718, 1788942167856958690]
[08:22:47.857][MXC][I]raw dispatch ts:[111007453985606,111007453985973]
[08:22:47.857][MXC][I]dispatch ts translate ret [1788942167857029899, 1788942167857033570]
[08:22:47.857][MCBLASLT][I]set_workspace is called ! user allocated size: 67108864B = 64.000000MB
[08:22:47.857][MXC][I]raw dispatch ts:[111007453988265,111007453988605]
[08:22:47.857][MXC][I]dispatch ts translate ret [1788942167857056496, 1788942167857059897]
[08:22:47.857][MCBLAS][I]mcblasSgemmStridedBatched 0 0 64 16 128 64 128 64 256 8192 2048 1024 1.000000 0.000000
[08:22:47.857][MCBLASLT][I]Kernsel found best solution: Kernel name: mcblas__Mck_sgemm_nn_64x32x64_1m1n4k_256t_fp32_fp32_fp32_sb_0_0, slt:0, swap:1, ksplit:0
[08:22:47.857][MXC][I]raw dispatch ts:[111007453988908,111007453989163]
[08:22:47.857][MXC][I]dispatch ts translate ret [1788942167857062928, 1788942167857065478]
[08:22:47.857][MCBLASLT][I]module get function mcblas__Mck_sgemm_nn_64x32x64_1m1n4k_256t_fp32_fp32_fp32_sb_0_0 successed
[08:22:47.857][MCBLASLT][I]mcModuleLaunchKernel successed, ret = 0
[08:22:47.857][MCR][I]mc_memory.cpp            :1671: copy strategy - H2DCpuCopy:0,D2HCpuCopy:0,cpuCopy:0,d2dCrossDevices:0,pageableHToDAsync:0
[08:22:47.857][MCR][I]mc_memory.cpp            :1672: copy strategy - isAsync:0,waitComplete:0
[08:22:47.857][MXC][I]raw dispatch ts:[111007454008043,111007454008447]
[08:22:47.857][MXC][I]dispatch ts translate ret [1788942167857254254, 1788942167857258294]
[08:22:47.857][MXC][I]raw dispatch ts:[111007453989440,111007453989929]
[08:22:47.857][MXC][I]dispatch ts translate ret [1788942167857068223, 1788942167857073113]
[08:22:47.857][MXC][I]raw async_copy ts:[44469493588743,44469493631084]
[08:22:47.857][MXC][I]sdma_ts_.sdma_counter:44468445383871
[08:22:47.857][MXC][I]DNOCfreq:900000000, async_copy ts translate ret [1788942168148457544, 1788942168148504589]
[08:22:47.857][MXC][I]raw dispatch ts:[111007453992114,111007453992527]
[08:22:47.857][MXC][I]dispatch ts translate ret [1788942167857094963, 1788942167857099093]
[08:22:47.857][MXC][I]raw dispatch ts:[111007453992813,111007453993169]
[08:22:47.857][MXC][I]dispatch ts translate ret [1788942167857101953, 1788942167857105513]
[08:22:47.857][MXC][I]raw dispatch ts:[111007453993444,111007453993735]
[08:22:47.857][MXC][I]dispatch ts translate ret [1788942167857108263, 1788942167857111173]
[08:22:47.857][MXC][I]raw dispatch ts:[111007453994017,111007453994193]
[08:22:47.857][MXC][I]dispatch ts translate ret [1788942167857113993, 1788942167857115753]
[08:22:47.857][MXC][I]raw dispatch ts:[111007453996430,111007453997242]
[08:22:47.857][MXC][I]dispatch ts translate ret [1788942167857138124, 1788942167857146244]
[08:22:47.857][MXC][I]raw dispatch ts:[111007453997534,111007453997834]
[08:22:47.857][MXC][I]dispatch ts translate ret [1788942167857149164, 1788942167857152164]
[08:22:47.857][MXC][I]raw dispatch ts:[111007453998117,111007453998571]
[08:22:47.857][MXC][I]dispatch ts translate ret [1788942167857154994, 1788942167857159534]
[08:22:47.857][MCBLASLT][I]set_workspace is called ! user allocated size: 67108864B = 64.000000MB
[08:22:47.857][MCBLAS][I]mcblasSgemmStridedBatched 1 0 128 16 64 64 64 128 256 8192 1024 2048 1.000000 0.000000
[08:22:47.857][MCBLASLT][I]Kernsel found best solution: Kernel name: mcblas__Mck_sgemm_tn_128x32x32_1m1n4k_256t_fp32_fp32_fp32_sb_0_0, slt:0, swap:0, ksplit:0
[08:22:47.857][MCBLASLT][I]module get function mcblas__Mck_sgemm_tn_128x32x32_1m1n4k_256t_fp32_fp32_fp32_sb_0_0 successed
[08:22:47.857][MCBLASLT][I]mcModuleLaunchKernel successed, ret = 0
[08:22:47.857][MXC][I]raw dispatch ts:[111007454030464,111007454030810]
[08:22:47.857][MXC][I]dispatch ts translate ret [1788942167857478657, 1788942167857482120]
[08:22:47.857][MXC][I]raw dispatch ts:[111007453998859,111007453999461]
[08:22:47.857][MXC][I]dispatch ts translate ret [1788942167857162414, 1788942167857168434]
[08:22:47.857][MCR][I]mc_memory.cpp            :1671: copy strategy - H2DCpuCopy:0,D2HCpuCopy:0,cpuCopy:0,d2dCrossDevices:0,pageableHToDAsync:0
[08:22:47.857][MCR][I]mc_memory.cpp            :1672: copy strategy - isAsync:0,waitComplete:0
[08:22:47.857][MXC][I]raw async_copy ts:[44469493851102,44469493862765]
[08:22:47.857][MXC][I]sdma_ts_.sdma_counter:44468445383871
[08:22:47.857][MXC][I]DNOCfreq:900000000, async_copy ts translate ret [1788942168148749054, 1788942168148762012]
[08:22:47.857][MXC][I]raw dispatch ts:[111007453999749,111007454000256]
[08:22:47.857][MXC][I]dispatch ts translate ret [1788942167857171314, 1788942167857176384]
[08:22:47.857][MXC][I]raw dispatch ts:[111007454002576,111007454005033]
[08:22:47.857][MXC][I]dispatch ts translate ret [1788942167857199584, 1788942167857224154]
[08:22:47.857][MXC][I]raw dispatch ts:[111007454005321,111007454006574]
[08:22:47.857][MXC][I]dispatch ts translate ret [1788942167857227034, 1788942167857239564]
[08:22:47.857][MXC][I]raw dispatch ts:[111007454006851,111007454007236]
[08:22:47.857][MXC][I]dispatch ts translate ret [1788942167857242334, 1788942167857246184]
[08:22:47.857][MXC][I]raw dispatch ts:[111007454007514,111007454007777]
[08:22:47.857][MXC][I]dispatch ts translate ret [1788942167857248964, 1788942167857251594]
[08:22:47.857][MXC][I]raw dispatch ts:[111007454017612,111007454018538]
[08:22:47.857][MXC][I]dispatch ts translate ret [1788942167857350022, 1788942167857359290]
[08:22:47.857][MCBLASLT][I]set_workspace is called ! user allocated size: 67108864B = 64.000000MB
[08:22:47.857][MXC][I]raw dispatch ts:[111007454020896,111007454021931]
[08:22:47.857][MXC][I]dispatch ts translate ret [1788942167857382891, 1788942167857393251]
[08:22:47.857][MCBLAS][I]mcblasSgemmStridedBatched 0 0 64 16 128 64 128 64 256 8192 2048 1024 1.000000 0.000000
[08:22:47.857][MXC][I]raw dispatch ts:[111007454022218,111007454022772]
[08:22:47.857][MCBLASLT][I]Kernsel found best solution: Kernel name: mcblas__Mck_sgemm_nn_64x32x64_1m1n4k_256t_fp32_fp32_fp32_sb_0_0, slt:0, swap:1, ksplit:0
[08:22:47.857][MCBLASLT][I]module get function mcblas__Mck_sgemm_nn_64x32x64_1m1n4k_256t_fp32_fp32_fp32_sb_0_0 successed
[08:22:47.857][MXC][I]dispatch ts translate ret [1788942167857396123, 1788942167857401668]
[08:22:47.857][MCBLASLT][I]mcModuleLaunchKernel successed, ret = 0
[08:22:47.857][MXC][I]raw dispatch ts:[111007454025118,111007454027702]
[08:22:47.857][MXC][I]dispatch ts translate ret [1788942167857425149, 1788942167857451012]
[08:22:47.857][MXC][I]raw dispatch ts:[111007454027994,111007454029262]
[08:22:47.857][MXC][I]dispatch ts translate ret [1788942167857453935, 1788942167857466626]
[08:22:47.857][MCR][I]mc_memory.cpp            :1671: copy strategy - H2DCpuCopy:0,D2HCpuCopy:0,cpuCopy:0,d2dCrossDevices:0,pageableHToDAsync:0
[08:22:47.857][MCR][I]mc_memory.cpp            :1672: copy strategy - isAsync:0,waitComplete:0
[08:22:47.857][MXC][I]raw dispatch ts:[111007454029546,111007454030189]
[08:22:47.857][MXC][I]dispatch ts translate ret [1788942167857469469, 1788942167857475905]
[08:22:47.857][MXC][I]raw dispatch ts:[111007454036650,111007454037028]
[08:22:47.857][MXC][I]dispatch ts translate ret [1788942167857540572, 1788942167857544355]
[08:22:47.857][MXC][I]raw dispatch ts:[111007454039322,111007454039665]
[08:22:47.857][MXC][I]dispatch ts translate ret [1788942167857567316, 1788942167857570749]
[08:22:47.857][MXC][I]raw dispatch ts:[111007454040176,111007454040417]
[08:22:47.857][MXC][I]dispatch ts translate ret [1788942167857575864, 1788942167857578276]
[08:22:47.857][MXC][I]raw dispatch ts:[111007454059381,111007454059769]
[08:22:47.857][MXC][I]dispatch ts translate ret [1788942167857767645, 1788942167857771522]
[08:22:47.857][MXC][I]raw dispatch ts:[111007454040708,111007454041209]
[08:22:47.857][MXC][I]dispatch ts translate ret [1788942167857581042, 1788942167857586049]
[08:22:47.857][MXC][I]raw async_copy ts:[44469494201071,44469494243416]
[08:22:47.857][MXC][I]sdma_ts_.sdma_counter:44468445383871
[08:22:47.857][MXC][I]DNOCfreq:900000000, async_copy ts translate ret [1788942168149137908, 1788942168149184958]
[08:22:47.857][MXC][I]raw dispatch ts:[111007454043370,111007454043801]
[08:22:47.857][MXC][I]dispatch ts translate ret [1788942167857607644, 1788942167857611951]
[08:22:47.857][MCBLASLT][I]set_workspace is called ! user allocated size: 67108864B = 64.000000MB
[08:22:47.857][MCBLAS][I]mcblasSgemmStridedBatched 1 0 128 16 64 64 64 128 256 8192 1024 2048 1.000000 0.000000
[08:22:47.857][MXC][I]raw dispatch ts:[111007454044082,111007454044443]
[08:22:47.857][MXC][I]dispatch ts translate ret [1788942167857614759, 1788942167857618367]
[08:22:47.857][MCBLASLT][I]Kernsel found best solution: Kernel name: mcblas__Mck_sgemm_tn_128x32x32_1m1n4k_256t_fp32_fp32_fp32_sb_0_0, slt:0, swap:0, ksplit:0
[08:22:47.857][MCBLASLT][I]module get function mcblas__Mck_sgemm_tn_128x32x32_1m1n4k_256t_fp32_fp32_fp32_sb_0_0 successed
[08:22:47.857][MXC][I]raw dispatch ts:[111007454044721,111007454045011]
[08:22:47.857][MXC][I]dispatch ts translate ret [1788942167857621145, 1788942167857624043]
[08:22:47.857][MCBLASLT][I]mcModuleLaunchKernel successed, ret = 0
[08:22:47.857][MXC][I]raw dispatch ts:[111007454045289,111007454045466]
[08:22:47.857][MXC][I]dispatch ts translate ret [1788942167857626821, 1788942167857628590]
[08:22:47.857][MXC][I]raw dispatch ts:[111007454045723,111007454046450]
[08:22:47.857][MXC][I]dispatch ts translate ret [1788942167857631158, 1788942167857638423]
[08:22:47.857][MXC][I]raw dispatch ts:[111007454048760,111007454049063]
[08:22:47.857][MXC][I]dispatch ts translate ret [1788942167857661507, 1788942167857664535]
[08:22:47.857][MXC][I]raw dispatch ts:[111007454049344,111007454049885]
[08:22:47.857][MXC][I]dispatch ts translate ret [1788942167857667343, 1788942167857672750]
[08:22:47.857][MCR][I]mc_memory.cpp            :1671: copy strategy - H2DCpuCopy:0,D2HCpuCopy:0,cpuCopy:0,d2dCrossDevices:0,pageableHToDAsync:0
[08:22:47.857][MCR][I]mc_memory.cpp            :1672: copy strategy - isAsync:0,waitComplete:0
[08:22:47.857][MXC][I]raw dispatch ts:[111007454081792,111007454082002]
[08:22:47.857][MXC][I]dispatch ts translate ret [1788942167857991904, 1788942167857994005]
[08:22:47.858][MXC][I]raw dispatch ts:[111007454050160,111007454050852]
[08:22:47.858][MXC][I]dispatch ts translate ret [1788942167857675428, 1788942167857682348]
[08:22:47.858][MCBLASLT][I]set_workspace is called ! user allocated size: 67108864B = 64.000000MB
[08:22:47.858][MCBLAS][I]mcblasSgemmStridedBatched 0 0 64 16 128 64 128 64 256 8192 2048 1024 1.000000 0.000000
[08:22:47.858][MCBLASLT][I]Kernsel found best solution: Kernel name: mcblas__Mck_sgemm_nn_64x32x64_1m1n4k_256t_fp32_fp32_fp32_sb_0_0, slt:0, swap:1, ksplit:0
[08:22:47.858][MCBLASLT][I]module get function mcblas__Mck_sgemm_nn_64x32x64_1m1n4k_256t_fp32_fp32_fp32_sb_0_0 successed
[08:22:47.858][MCBLASLT][I]mcModuleLaunchKernel successed, ret = 0
[08:22:47.858][MXC][I]raw async_copy ts:[44469494465326,44469494477104]
[08:22:47.858][MXC][I]sdma_ts_.sdma_counter:44468445383871
[08:22:47.858][MXC][I]DNOCfreq:900000000, async_copy ts translate ret [1788942168149431525, 1788942168149444611]
[08:22:47.858][MXC][I]raw dispatch ts:[111007454053127,111007454053694]
[08:22:47.858][MXC][I]dispatch ts translate ret [1788942167857705098, 1788942167857710768]
[08:22:47.858][MXC][I]raw dispatch ts:[111007454053987,111007454056397]
[08:22:47.858][MXC][I]dispatch ts translate ret [1788942167857713698, 1788942167857737798]
[08:22:47.858][MCR][I]mc_memory.cpp            :1671: copy strategy - H2DCpuCopy:0,D2HCpuCopy:0,cpuCopy:0,d2dCrossDevices:0,pageableHToDAsync:0
[08:22:47.858][MXC][I]raw dispatch ts:[111007454056682,111007454057919]
[08:22:47.858][MXC][I]dispatch ts translate ret [1788942167857740648, 1788942167857753018]
[08:22:47.858][MCR][I]mc_memory.cpp            :1672: copy strategy - isAsync:0,waitComplete:0
[08:22:47.858][MXC][I]raw dispatch ts:[111007454058208,111007454058595]
[08:22:47.858][MXC][I]dispatch ts translate ret [1788942167857755908, 1788942167857759778]
[08:22:47.858][MXC][I]raw dispatch ts:[111007454058876,111007454059103]
[08:22:47.858][MXC][I]dispatch ts translate ret [1788942167857762588, 1788942167857764858]
[08:22:47.858][MXC][I]raw dispatch ts:[111007454068690,111007454069678]
[08:22:47.858][MXC][I]dispatch ts translate ret [1788942167857860789, 1788942167857870676]
[08:22:47.858][MXC][I]raw dispatch ts:[111007454072046,111007454073081]
[08:22:47.858][MXC][I]dispatch ts translate ret [1788942167857894373, 1788942167857904731]
[08:22:47.858][MXC][I]raw dispatch ts:[111007454073366,111007454073952]
[08:22:47.858][MXC][I]dispatch ts translate ret [1788942167857907583, 1788942167857913447]
[08:22:47.858][MXC][I]raw dispatch ts:[111007454074228,111007454076774]
[08:22:47.858][MXC][I]dispatch ts translate ret [1788942167857916209, 1788942167857941688]
[08:22:47.858][MXC][I]raw dispatch ts:[111007454079190,111007454080548]
[08:22:47.858][MXC][I]dispatch ts translate ret [1788942167857965865, 1788942167857979455]
[08:22:47.858][MXC][I]raw dispatch ts:[111007454080835,111007454081520]
[08:22:47.858][MXC][I]dispatch ts translate ret [1788942167857982327, 1788942167857989182]
[08:22:47.858][MXC][I]raw dispatch ts:[111007454087864,111007454088240]
[08:22:47.858][MXC][I]dispatch ts translate ret [1788942167858052667, 1788942167858056430]
[08:22:47.858][MXC][I]raw dispatch ts:[111007454090557,111007454090883]
[08:22:47.858][MXC][I]dispatch ts translate ret [1788942167858079616, 1788942167858082879]
[08:22:47.858][MXC][I]raw dispatch ts:[111007454091192,111007454091462]
[08:22:47.858][MXC][I]dispatch ts translate ret [1788942167858085971, 1788942167858088673]
[08:22:47.858][MCBLASLT][I]set_workspace is called ! user allocated size: 67108864B = 64.000000MB
[08:22:47.858][MCBLAS][I]mcblasSgemmStridedBatched 1 0 128 16 64 64 64 128 256 8192 1024 2048 1.000000 0.000000
[08:22:47.858][MCBLASLT][I]Kernsel found best solution: Kernel name: mcblas__Mck_sgemm_tn_128x32x32_1m1n4k_256t_fp32_fp32_fp32_sb_0_0, slt:0, swap:0, ksplit:0
[08:22:47.858][MCBLASLT][I]module get function mcblas__Mck_sgemm_tn_128x32x32_1m1n4k_256t_fp32_fp32_fp32_sb_0_0 successed
[08:22:47.858][MCBLASLT][I]mcModuleLaunchKernel successed, ret = 0
[08:22:47.858][MXC][I]raw dispatch ts:[111007454116362,111007454116476]
[08:22:47.858][MXC][I]dispatch ts translate ret [1788942167858337470, 1788942167858338610]
[08:22:47.858][MXC][I]raw dispatch ts:[111007454091742,111007454092218]
[08:22:47.858][MXC][I]dispatch ts translate ret [1788942167858091372, 1788942167858096130]
[08:22:47.858][MCR][I]mc_memory.cpp            :1671: copy strategy - H2DCpuCopy:0,D2HCpuCopy:0,cpuCopy:0,d2dCrossDevices:0,pageableHToDAsync:0
[08:22:47.858][MCR][I]mc_memory.cpp            :1672: copy strategy - isAsync:0,waitComplete:0
[08:22:47.858][MXC][I]raw async_copy ts:[44469494879937,44469494922272]
[08:22:47.858][MXC][I]sdma_ts_.sdma_counter:44468445383871
[08:22:47.858][MXC][I]DNOCfreq:900000000, async_copy ts translate ret [1788942168149892204, 1788942168149939242]
[08:22:47.858][MXC][I]raw dispatch ts:[111007454094433,111007454094858]
[08:22:47.858][MXC][I]dispatch ts translate ret [1788942167858118271, 1788942167858122519]
[08:22:47.858][MXC][I]raw dispatch ts:[111007454095154,111007454095510]
[08:22:47.858][MXC][I]dispatch ts translate ret [1788942167858125478, 1788942167858129036]
[08:22:47.858][MXC][I]raw dispatch ts:[111007454095795,111007454096086]
[08:22:47.858][MCBLASLT][I]set_workspace is called ! user allocated size: 67108864B = 64.000000MB
[08:22:47.858][MXC][I]dispatch ts translate ret [1788942167858131885, 1788942167858134794]
[08:22:47.858][MCBLAS][I]mcblasSgemmStridedBatched 0 0 64 16 128 64 128 64 256 8192 2048 1024 1.000000 0.000000
[08:22:47.858][MCBLASLT][I]Kernsel found best solution: Kernel name: mcblas__Mck_sgemm_nn_64x32x64_1m1n4k_256t_fp32_fp32_fp32_sb_0_0, slt:0, swap:1, ksplit:0
[08:22:47.858][MXC][I]raw dispatch ts:[111007454096373,111007454096549]
[08:22:47.858][MXC][I]dispatch ts translate ret [1788942167858137663, 1788942167858139422]
[08:22:47.858][MCBLASLT][I]module get function mcblas__Mck_sgemm_nn_64x32x64_1m1n4k_256t_fp32_fp32_fp32_sb_0_0 successed
[08:22:47.858][MXC][I]raw dispatch ts:[111007454096805,111007454097540]
[08:22:47.858][MXC][I]dispatch ts translate ret [1788942167858141981, 1788942167858149328]
[08:22:47.858][MCBLASLT][I]mcModuleLaunchKernel successed, ret = 0
[08:22:47.858][MXC][I]raw dispatch ts:[111007454099772,111007454100072]
[08:22:47.858][MXC][I]dispatch ts translate ret [1788942167858171639, 1788942167858174637]
[08:22:47.858][MXC][I]raw dispatch ts:[111007454100372,111007454100917]
[08:22:47.858][MXC][I]dispatch ts translate ret [1788942167858177636, 1788942167858183084]
[08:22:47.858][MCR][I]mc_memory.cpp            :1671: copy strategy - H2DCpuCopy:0,D2HCpuCopy:0,cpuCopy:0,d2dCrossDevices:0,pageableHToDAsync:0
[08:22:47.858][MCR][I]mc_memory.cpp            :1672: copy strategy - isAsync:0,waitComplete:0
[08:22:47.858][MXC][I]raw dispatch ts:[111007454143675,111007454144027]
[08:22:47.858][MXC][I]dispatch ts translate ret [1788942167858610662, 1788942167858614183]
[08:22:47.858][MXC][I]raw dispatch ts:[111007454101198,111007454101944]
[08:22:47.858][MXC][I]dispatch ts translate ret [1788942167858185827, 1788942167858193287]
[08:22:47.858][MXC][I]raw async_copy ts:[44469495210594,44469495222213]
[08:22:47.858][MXC][I]sdma_ts_.sdma_counter:44468445383871
[08:22:47.858][MXC][I]DNOCfreq:900000000, async_copy ts translate ret [1788942168150259600, 1788942168150272510]
[08:22:47.858][MXC][I]raw dispatch ts:[111007454102225,111007454102822]
[08:22:47.858][MXC][I]dispatch ts translate ret [1788942167858196097, 1788942167858202067]
[08:22:47.858][MXC][I]raw dispatch ts:[111007454103097,111007454111283]
[08:22:47.858][MXC][I]dispatch ts translate ret [1788942167858204817, 1788942167858286677]
[08:22:47.858][MXC][I]raw dispatch ts:[111007454111566,111007454112809]
[08:22:47.858][MXC][I]dispatch ts translate ret [1788942167858289507, 1788942167858301937]
[08:22:47.858][MXC][I]raw dispatch ts:[111007454113086,111007454113462]
[08:22:47.858][MXC][I]dispatch ts translate ret [1788942167858304707, 1788942167858308467]
[08:22:47.858][MXC][I]raw dispatch ts:[111007454115759,111007454116054]
[08:22:47.858][MXC][I]dispatch ts translate ret [1788942167858331437, 1788942167858334387]
[08:22:47.858][MXC][I]raw dispatch ts:[111007454124989,111007454125986]
[08:22:47.858][MXC][I]dispatch ts translate ret [1788942167858423757, 1788942167858433729]
[08:22:47.858][MXC][I]raw dispatch ts:[111007454128378,111007454129433]
[08:22:47.858][MXC][I]dispatch ts translate ret [1788942167858457655, 1788942167858468208]
[08:22:47.858][MXC][I]raw dispatch ts:[111007454129729,111007454130271]
[08:22:47.858][MXC][I]dispatch ts translate ret [1788942167858471168, 1788942167858476590]
[08:22:47.858][MXC][I]raw dispatch ts:[111007454132651,111007454140853]
[08:22:47.858][MXC][I]dispatch ts translate ret [1788942167858500395, 1788942167858582435]
[08:22:47.858][MXC][I]raw dispatch ts:[111007454141152,111007454142500]
[08:22:47.858][MXC][I]dispatch ts translate ret [1788942167858585426, 1788942167858598909]
[08:22:47.858][MXC][I]raw dispatch ts:[111007454142776,111007454143409]
[08:22:47.858][MXC][I]dispatch ts translate ret [1788942167858601670, 1788942167858608002]
[08:22:47.858][MXC][I]raw dispatch ts:[111007454149954,111007454150320]
[08:22:47.858][MXC][I]dispatch ts translate ret [1788942167858673466, 1788942167858677127]
[08:22:47.858][MXC][I]raw dispatch ts:[111007454152630,111007454152990]
[08:22:47.858][MXC][I]dispatch ts translate ret [1788942167858700233, 1788942167858703834]
[08:22:47.858][MXC][I]raw dispatch ts:[111007454153273,111007454153528]
[08:22:47.858][MXC][I]dispatch ts translate ret [1788942167858706665, 1788942167858709215]
[08:22:47.858][MXC][I]raw dispatch ts:[111007454172519,111007454172633]
[08:22:47.858][MXC][I]dispatch ts translate ret [1788942167858899018, 1788942167858900158]
[08:22:47.858][MXC][I]raw dispatch ts:[111007454153802,111007454154302]
[08:22:47.858][MXC][I]dispatch ts translate ret [1788942167858711906, 1788942167858716905]
[08:22:47.858][MXC][I]raw async_copy ts:[44469495552350,44469495594682]
[08:22:47.858][MXC][I]sdma_ts_.sdma_counter:44468445383871
[08:22:47.858][MXC][I]DNOCfreq:900000000, async_copy ts translate ret [1788942168150639329, 1788942168150686364]
[08:22:47.858][MXC][I]raw dispatch ts:[111007454156498,111007454156947]
[08:22:47.858][MXC][I]dispatch ts translate ret [1788942167858738858, 1788942167858743346]
[08:22:47.858][MXC][I]raw dispatch ts:[111007454157231,111007454157591]
[08:22:47.858][MXC][I]dispatch ts translate ret [1788942167858746186, 1788942167858749784]
[08:22:47.858][MXC][I]raw dispatch ts:[111007454157872,111007454158161]
[08:22:47.858][MXC][I]dispatch ts translate ret [1788942167858752594, 1788942167858755483]
[08:22:47.858][MXC][I]raw dispatch ts:[111007454158447,111007454158628]
[08:22:47.858][MXC][I]dispatch ts translate ret [1788942167858758342, 1788942167858760151]
[08:22:47.859][MXC][I]raw dispatch ts:[111007454158898,111007454159645]
[08:22:47.859][MXC][I]dispatch ts translate ret [1788942167858762850, 1788942167858770318]
[08:22:47.859][MXC][I]raw dispatch ts:[111007454161860,111007454162170]
[08:22:47.859][MXC][I]dispatch ts translate ret [1788942167858792461, 1788942167858795560]
[08:22:47.859][MXC][I]raw dispatch ts:[111007454162481,111007454163012]
[08:22:47.859][MXC][I]dispatch ts translate ret [1788942167858798669, 1788942167858803978]
[08:22:47.859][MXC][I]raw dispatch ts:[111007454193749,111007454193891]
[08:22:47.859][MXC][I]dispatch ts translate ret [1788942167859111316, 1788942167859112736]
[08:22:47.859][MXC][I]raw dispatch ts:[111007454163302,111007454163959]
[08:22:47.859][MXC][I]dispatch ts translate ret [1788942167858806846, 1788942167858813416]
[08:22:47.859][MXC][I]raw async_copy ts:[44469495811784,44469495823396]
[08:22:47.859][MXC][I]sdma_ts_.sdma_counter:44468445383871
[08:22:47.859][MXC][I]DNOCfreq:900000000, async_copy ts translate ret [1788942168150927589, 1788942168150940491]
[08:22:47.859][MXC][I]raw dispatch ts:[111007454164251,111007454164807]
[08:22:47.859][MXC][I]dispatch ts translate ret [1788942167858816336, 1788942167858821896]
[08:22:47.859][MXC][I]raw dispatch ts:[111007454165080,111007454167486]
[08:22:47.859][MXC][I]dispatch ts translate ret [1788942167858824626, 1788942167858848686]
[08:22:47.859][MXC][I]raw dispatch ts:[111007454167765,111007454169013]
[08:22:47.859][MXC][I]dispatch ts translate ret [1788942167858851476, 1788942167858863956]
[08:22:47.859][MXC][I]raw dispatch ts:[111007454169290,111007454169661]
[08:22:47.859][MXC][I]dispatch ts translate ret [1788942167858866726, 1788942167858870436]
[08:22:47.859][MXC][I]raw dispatch ts:[111007454171918,111007454172216]
[08:22:47.859][MXC][I]dispatch ts translate ret [1788942167858893006, 1788942167858895986]
[08:22:47.859][MXC][I]raw dispatch ts:[111007454180978,111007454182032]
[08:22:47.859][MXC][I]dispatch ts translate ret [1788942167858983606, 1788942167858994146]
[08:22:47.859][MXC][I]raw dispatch ts:[111007454184414,111007454185427]
[08:22:47.859][MXC][I]dispatch ts translate ret [1788942167859017966, 1788942167859028096]
[08:22:47.859][MXC][I]raw dispatch ts:[111007454185708,111007454186236]
[08:22:47.859][MXC][I]dispatch ts translate ret [1788942167859030906, 1788942167859036186]
[08:22:47.859][MXC][I]raw dispatch ts:[111007454186518,111007454188932]
[08:22:47.859][MXC][I]dispatch ts translate ret [1788942167859039006, 1788942167859063146]
[08:22:47.859][MXC][I]raw dispatch ts:[111007454189220,111007454190512]
[08:22:47.859][MXC][I]dispatch ts translate ret [1788942167859066026, 1788942167859078946]
[08:22:47.859][MXC][I]raw dispatch ts:[111007454192752,111007454193457]
[08:22:47.859][MXC][I]dispatch ts translate ret [1788942167859101346, 1788942167859108396]
[08:22:47.859][MXC][I]raw dispatch ts:[111007454200333,111007454200712]
[08:22:47.859][MXC][I]dispatch ts translate ret [1788942167859177154, 1788942167859180944]
[08:22:47.859][MXC][I]raw dispatch ts:[111007454202976,111007454203330]
[08:22:47.859][MXC][I]dispatch ts translate ret [1788942167859203584, 1788942167859207124]
[08:22:47.859][MXC][I]raw dispatch ts:[111007454203630,111007454203885]
[08:22:47.859][MXC][I]dispatch ts translate ret [1788942167859210124, 1788942167859212674]
[08:22:47.859][MXC][I]raw dispatch ts:[111007454223006,111007454223125]
[08:22:47.859][MXC][I]dispatch ts translate ret [1788942167859403998, 1788942167859405188]
[08:22:47.859][MXC][I]raw dispatch ts:[111007454204161,111007454204656]
[08:22:47.859][MXC][I]dispatch ts translate ret [1788942167859215474, 1788942167859220426]
[08:22:47.859][MXC][I]raw async_copy ts:[44469496158785,44469496201107]
[08:22:47.859][MXC][I]sdma_ts_.sdma_counter:44468445383871
[08:22:47.859][MXC][I]DNOCfreq:900000000, async_copy ts translate ret [1788942168151313146, 1788942168151360170]
[08:22:47.859][MXC][I]raw dispatch ts:[111007454206938,111007454207363]
[08:22:47.859][MXC][I]dispatch ts translate ret [1788942167859243255, 1788942167859247506]
[08:22:47.859][MXC][I]raw dispatch ts:[111007454207646,111007454208072]
[08:22:47.859][MXC][I]dispatch ts translate ret [1788942167859250337, 1788942167859254599]
[08:22:47.859][MXC][I]raw dispatch ts:[111007454208348,111007454208638]
[08:22:47.859][MXC][I]dispatch ts translate ret [1788942167859257360, 1788942167859260261]
[08:22:47.859][MXC][I]raw dispatch ts:[111007454208918,111007454209099]
[08:22:47.859][MXC][I]dispatch ts translate ret [1788942167859263062, 1788942167859264873]
[08:22:47.859][MXC][I]raw dispatch ts:[111007454209365,111007454210114]
[08:22:47.859][MXC][I]dispatch ts translate ret [1788942167859267534, 1788942167859275027]
[08:22:47.859][MXC][I]raw dispatch ts:[111007454212336,111007454212650]
[08:22:47.859][MXC][I]dispatch ts translate ret [1788942167859297256, 1788942167859300397]
[08:22:47.859][MXC][I]raw dispatch ts:[111007454212950,111007454213484]
[08:22:47.859][MXC][I]dispatch ts translate ret [1788942167859303398, 1788942167859308740]
[08:22:47.859][MXC][I]raw dispatch ts:[111007454244957,111007454245098]
[08:22:47.859][MXC][I]dispatch ts translate ret [1788942167859623540, 1788942167859624950]
[08:22:47.859][MXC][I]raw dispatch ts:[111007454213765,111007454214451]
[08:22:47.859][MXC][I]dispatch ts translate ret [1788942167859311590, 1788942167859318450]
[08:22:47.859][MXC][I]raw async_copy ts:[44469496424768,44469496436495]
[08:22:47.859][MXC][I]sdma_ts_.sdma_counter:44468445383871
[08:22:47.859][MXC][I]DNOCfreq:900000000, async_copy ts translate ret [1788942168151608682, 1788942168151621712]
[08:22:47.859][MXC][I]raw dispatch ts:[111007454214740,111007454215216]
[08:22:47.859][MXC][I]dispatch ts translate ret [1788942167859321340, 1788942167859326100]
[08:22:47.859][MXC][I]raw dispatch ts:[111007454215495,111007454217920]
[08:22:47.859][MXC][I]dispatch ts translate ret [1788942167859328890, 1788942167859353140]
[08:22:47.859][MXC][I]raw dispatch ts:[111007454218208,111007454219467]
[08:22:47.859][MXC][I]dispatch ts translate ret [1788942167859356020, 1788942167859368610]
[08:22:47.859][MXC][I]raw dispatch ts:[111007454219752,111007454220116]
[08:22:47.859][MXC][I]dispatch ts translate ret [1788942167859371460, 1788942167859375100]
[08:22:47.859][MXC][I]raw dispatch ts:[111007454222400,111007454222711]
[08:22:47.859][MXC][I]dispatch ts translate ret [1788942167859397940, 1788942167859401050]
[08:22:47.859][MXC][I]raw dispatch ts:[111007454231928,111007454232879]
[08:22:47.859][MXC][I]dispatch ts translate ret [1788942167859493232, 1788942167859502743]
[08:22:47.859][MXC][I]raw dispatch ts:[111007454235364,111007454236415]
[08:22:47.859][MXC][I]dispatch ts translate ret [1788942167859527597, 1788942167859538108]
[08:22:47.859][MXC][I]raw dispatch ts:[111007454236700,111007454237308]
[08:22:47.859][MXC][I]dispatch ts translate ret [1788942167859540959, 1788942167859547040]
[08:22:47.859][MXC][I]raw dispatch ts:[111007454237585,111007454240122]
[08:22:47.859][MXC][I]dispatch ts translate ret [1788942167859549810, 1788942167859575184]
[08:22:47.859][MXC][I]raw dispatch ts:[111007454240402,111007454241670]
[08:22:47.859][MXC][I]dispatch ts translate ret [1788942167859577984, 1788942167859590666]
[08:22:47.859][MXC][I]raw dispatch ts:[111007454243875,111007454244673]
[08:22:47.859][MXC][I]dispatch ts translate ret [1788942167859612719, 1788942167859620700]
[08:22:47.859][MXC][I]raw dispatch ts:[111007454251306,111007454251683]
[08:22:47.859][MXC][I]dispatch ts translate ret [1788942167859687038, 1788942167859690809]
[08:22:47.859][MXC][I]raw dispatch ts:[111007454253976,111007454254317]
[08:22:47.859][MXC][I]dispatch ts translate ret [1788942167859713742, 1788942167859717152]
[08:22:47.859][MXC][I]raw dispatch ts:[111007454254624,111007454254890]
[08:22:47.859][MXC][I]dispatch ts translate ret [1788942167859720223, 1788942167859722883]
[08:22:47.859][MXC][I]raw dispatch ts:[111007454274712,111007454274829]
[08:22:47.859][MXC][I]dispatch ts translate ret [1788942167859920929, 1788942167859922098]
[08:22:47.859][MXC][I]raw dispatch ts:[111007454255175,111007454255692]
[08:22:47.859][MXC][I]dispatch ts translate ret [1788942167859725669, 1788942167859730836]
[08:22:47.859][MXC][I]raw async_copy ts:[44469496786610,44469496828947]
[08:22:47.859][MXC][I]sdma_ts_.sdma_counter:44468445383871
[08:22:47.859][MXC][I]DNOCfreq:900000000, async_copy ts translate ret [1788942168152010729, 1788942168152057770]
[08:22:47.859][MXC][I]raw dispatch ts:[111007454257971,111007454258408]
[08:22:47.859][MXC][I]dispatch ts translate ret [1788942167859753613, 1788942167859757981]
[08:22:47.860][MXC][I]raw dispatch ts:[111007454258700,111007454259137]
[08:22:47.860][MXC][I]dispatch ts translate ret [1788942167859760899, 1788942167859765267]
[08:22:47.860][MXC][I]raw dispatch ts:[111007454259426,111007454259715]
[08:22:47.860][MXC][I]dispatch ts translate ret [1788942167859768155, 1788942167859771043]
[08:22:47.860][MXC][I]raw dispatch ts:[111007454259989,111007454260167]
[08:22:47.860][MXC][I]dispatch ts translate ret [1788942167859773782, 1788942167859775561]
[08:22:47.860][MXC][I]raw dispatch ts:[111007454260425,111007454261147]
[08:22:47.860][MXC][I]dispatch ts translate ret [1788942167859778139, 1788942167859785355]
[08:22:47.860][MXC][I]raw dispatch ts:[111007454263415,111007454263713]
[08:22:47.860][MXC][I]dispatch ts translate ret [1788942167859808022, 1788942167859811001]
[08:22:47.860][MXC][I]raw dispatch ts:[111007454264016,111007454264549]
[08:22:47.860][MXC][I]dispatch ts translate ret [1788942167859814029, 1788942167859819356]
[08:22:47.860][MXC][I]raw dispatch ts:[111007454297082,111007454297293]
[08:22:47.860][MXC][I]dispatch ts translate ret [1788942167860144731, 1788942167860146842]
[08:22:47.860][MXC][I]raw dispatch ts:[111007454264829,111007454265498]
[08:22:47.860][MXC][I]dispatch ts translate ret [1788942167859822094, 1788942167859828784]
[08:22:47.993][MXC][I]raw dispatch ts:[111007454265781,111007454266312]
[08:22:47.993][MXC][I]dispatch ts translate ret [1788942167859831614, 1788942167859836924]
[08:22:47.993][MXC][I]raw dispatch ts:[111007454266588,111007454269028]
[08:22:47.993][MXC][I]dispatch ts translate ret [1788942167859839684, 1788942167859864084]
[08:22:47.993][MCR][W]mx_command.cpp           :1883: HW exec timestamp will be adjusted!!!
[08:22:47.993][MCR][W]mx_command.cpp           :1885: floor:1788942167835688498, start:1788942167835705344, end:1788942168119802624, ceiling:1788942167993832131
[08:22:47.993][MCR][W]mx_command.cpp           :1883: HW exec timestamp will be adjusted!!!
[08:22:47.993][MCR][W]mx_command.cpp           :1885: floor:1788942167851716189, start:1788942167851729920, end:1788942168141106176, ceiling:1788942167993857253
[08:22:47.993][MCR][W]mx_command.cpp           :1883: HW exec timestamp will be adjusted!!!
[08:22:47.993][MCR][W]mx_command.cpp           :1885: floor:1788942167852286486, start:1788942167852314368, end:1788942168141906432, ceiling:1788942167993889457
[08:22:47.993][MCR][W]mx_command.cpp           :1883: HW exec timestamp will be adjusted!!!
[08:22:47.993][MCR][W]mx_command.cpp           :1885: floor:1788942167852452542, start:1788942167852530944, end:1788942168142170624, ceiling:1788942167993904119
[08:22:47.993][MCR][W]mx_command.cpp           :1883: HW exec timestamp will be adjusted!!!
[08:22:47.993][MCR][W]mx_command.cpp           :1885: floor:1788942167852758061, start:1788942167852834560, end:1788942168142615296, ceiling:1788942167993931822
[08:22:47.993][MCR][W]mx_command.cpp           :1883: HW exec timestamp will be adjusted!!!
[08:22:47.993][MCR][W]mx_command.cpp           :1885: floor:1788942167852966253, start:1788942167853060864, end:1788942168142869760, ceiling:1788942167993942631
[08:22:47.993][MCR][W]mx_command.cpp           :1883: HW exec timestamp will be adjusted!!!
[08:22:47.993][MCR][W]mx_command.cpp           :1885: floor:1788942167853277765, start:1788942167853370880, end:1788942168143320576, ceiling:1788942167993965311
[08:22:47.993][MCR][W]mx_command.cpp           :1883: HW exec timestamp will be adjusted!!!
[08:22:47.993][MCR][W]mx_command.cpp           :1885: floor:1788942167853498641, start:1788942167853591808, end:1788942168143577856, ceiling:1788942167993976749
[08:22:47.993][MCR][W]mx_command.cpp           :1883: HW exec timestamp will be adjusted!!!
[08:22:47.994][MCR][W]mx_command.cpp           :1885: floor:1788942167853795065, start:1788942167853956608, end:1788942168144099072, ceiling:1788942167993998636
[08:22:47.994][MCR][W]mx_command.cpp           :1883: HW exec timestamp will be adjusted!!!
[08:22:47.994][MCR][W]mx_command.cpp           :1885: floor:1788942167854095342, start:1788942167854242048, end:1788942168144451328, ceiling:1788942167994009956
[08:22:47.994][MCR][W]mx_command.cpp           :1883: HW exec timestamp will be adjusted!!!
[08:22:47.994][MCR][W]mx_command.cpp           :1885: floor:1788942167854434957, start:1788942167854533632, end:1788942168144868864, ceiling:1788942167994031966
[08:22:47.994][MCR][W]mx_command.cpp           :1883: HW exec timestamp will be adjusted!!!
[08:22:47.994][MCR][W]mx_command.cpp           :1885: floor:1788942167854656152, start:1788942167854753280, end:1788942168145130240, ceiling:1788942167994043019
[08:22:47.994][MCR][W]mx_command.cpp           :1883: HW exec timestamp will be adjusted!!!
[08:22:47.994][MCR][W]mx_command.cpp           :1885: floor:1788942167854955492, start:1788942167855048192, end:1788942168145557760, ceiling:1788942167994064401
[08:22:47.994][MCR][W]mx_command.cpp           :1883: HW exec timestamp will be adjusted!!!
[08:22:47.994][MCR][W]mx_command.cpp           :1885: floor:1788942167855171741, start:1788942167855269120, end:1788942168145847808, ceiling:1788942167994087954
[08:22:47.994][MCR][W]mx_command.cpp           :1883: HW exec timestamp will be adjusted!!!
[08:22:47.994][MCR][W]mx_command.cpp           :1885: floor:1788942167855480445, start:1788942167855584000, end:1788942168146268672, ceiling:1788942167994114928
[08:22:47.994][MCR][W]mx_command.cpp           :1883: HW exec timestamp will be adjusted!!!
[08:22:47.994][MCR][W]mx_command.cpp           :1885: floor:1788942167855707638, start:1788942167855801600, end:1788942168146524928, ceiling:1788942167994127997
[08:22:47.994][MCR][W]mx_command.cpp           :1883: HW exec timestamp will be adjusted!!!
[08:22:47.994][MCR][W]mx_command.cpp           :1885: floor:1788942167856007673, start:1788942167856170752, end:1788942168147051520, ceiling:1788942167994152631
[08:22:47.994][MCR][W]mx_command.cpp           :1883: HW exec timestamp will be adjusted!!!
[08:22:47.994][MCR][W]mx_command.cpp           :1885: floor:1788942167856309464, start:1788942167856450304, end:1788942168147389952, ceiling:1788942167994164867
[08:22:47.994][MCR][W]mx_command.cpp           :1883: HW exec timestamp will be adjusted!!!
[08:22:47.994][MCR][W]mx_command.cpp           :1885: floor:1788942167856642795, start:1788942167856743168, end:1788942168147815936, ceiling:1788942167994189769
[08:22:47.994][MCR][W]mx_command.cpp           :1883: HW exec timestamp will be adjusted!!!
[08:22:47.994][MCR][W]mx_command.cpp           :1885: floor:1788942167856865819, start:1788942167856961536, end:1788942168148069120, ceiling:1788942167994200549
[08:22:47.994][MCR][W]mx_command.cpp           :1883: HW exec timestamp will be adjusted!!!
[08:22:47.994][MCR][W]mx_command.cpp           :1885: floor:1788942167857159551, start:1788942167857254144, end:1788942168148504576, ceiling:1788942167994221839
[08:22:47.994][MCR][W]mx_command.cpp           :1883: HW exec timestamp will be adjusted!!!
[08:22:47.994][MCR][W]mx_command.cpp           :1885: floor:1788942167857395002, start:1788942167857478656, end:1788942168148762112, ceiling:1788942167994233122
[08:22:47.994][MCR][W]mx_command.cpp           :1883: HW exec timestamp will be adjusted!!!
[08:22:47.994][MCR][W]mx_command.cpp           :1885: floor:1788942167857683815, start:1788942167857767680, end:1788942168149185024, ceiling:1788942167994253826
[08:22:47.994][MCR][W]mx_command.cpp           :1883: HW exec timestamp will be adjusted!!!
[08:22:47.994][MCR][W]mx_command.cpp           :1885: floor:1788942167857897246, start:1788942167857991936, end:1788942168149444608, ceiling:1788942167994264792
[08:22:47.994][MCR][W]mx_command.cpp           :1883: HW exec timestamp will be adjusted!!!
[08:22:47.994][MCR][W]mx_command.cpp           :1885: floor:1788942167858171190, start:1788942167858337536, end:1788942168149939200, ceiling:1788942167994285342
[08:22:47.994][MCR][W]mx_command.cpp           :1883: HW exec timestamp will be adjusted!!!
[08:22:47.994][MCR][W]mx_command.cpp           :1885: floor:1788942167858474871, start:1788942167858610688, end:1788942168150272512, ceiling:1788942167994296241
[08:22:47.994][MCR][W]mx_command.cpp           :1883: HW exec timestamp will be adjusted!!!
[08:22:47.994][MCR][W]mx_command.cpp           :1885: floor:1788942167858792690, start:1788942167858898944, end:1788942168150686464, ceiling:1788942167994317632
[08:22:47.994][MCR][W]mx_command.cpp           :1883: HW exec timestamp will be adjusted!!!
[08:22:47.994][MCR][W]mx_command.cpp           :1885: floor:1788942167859015981, start:1788942167859111424, end:1788942168150940416, ceiling:1788942167994328870
[08:22:47.994][MCR][W]mx_command.cpp           :1883: HW exec timestamp will be adjusted!!!
[08:22:47.994][MCR][W]mx_command.cpp           :1885: floor:1788942167859291620, start:1788942167859404032, end:1788942168151360256, ceiling:1788942167994350832
[08:22:47.994][MCR][W]mx_command.cpp           :1883: HW exec timestamp will be adjusted!!!
[08:22:47.994][MCR][W]mx_command.cpp           :1885: floor:1788942167859522226, start:1788942167859623424, end:1788942168151621632, ceiling:1788942167994365947
[08:22:47.994][MXC][I]raw dispatch ts:[111007454269309,111007454270511]
[08:22:47.994][MXC][I]dispatch ts translate ret [1788942167859866894, 1788942167859878914]
[08:22:47.994][MXC][I]raw dispatch ts:[111007454270787,111007454271183]
[08:22:47.994][MXC][I]dispatch ts translate ret [1788942167859881674, 1788942167859885634]
[08:22:47.994][MXC][I]raw dispatch ts:[111007454274121,111007454274420]
[08:22:47.994][MXC][I]dispatch ts translate ret [1788942167859915014, 1788942167859918004]
[08:22:47.994][MCR][W]mx_command.cpp           :1883: HW exec timestamp will be adjusted!!!
[08:22:47.994][MCR][W]mx_command.cpp           :1885: floor:1788942167859805019, start:1788942167859920896, end:1788942168152057856, ceiling:1788942167994397215
[08:22:47.994][MXC][I]raw dispatch ts:[111007454283915,111007454284961]
[08:22:47.994][MXC][I]dispatch ts translate ret [1788942167860012996, 1788942167860023461]
[08:22:47.994][MXC][I]raw dispatch ts:[111007454287332,111007454288437]
[08:22:47.994][MXC][I]dispatch ts translate ret [1788942167860047183, 1788942167860058238]
[08:22:47.994][MXC][I]raw dispatch ts:[111007454288734,111007454289367]
[08:22:47.994][MXC][I]dispatch ts translate ret [1788942167860061210, 1788942167860067543]
[08:22:47.994][MXC][I]raw dispatch ts:[111007454289654,111007454292124]
[08:22:47.994][MXC][I]dispatch ts translate ret [1788942167860070414, 1788942167860095127]
[08:22:47.994][MXC][I]raw dispatch ts:[111007454294580,111007454295954]
[08:22:47.994][MXC][I]dispatch ts translate ret [1788942167860119699, 1788942167860133445]
[08:22:47.994][MXC][I]raw dispatch ts:[111007454296240,111007454296814]
[08:22:47.994][MXC][I]dispatch ts translate ret [1788942167860136307, 1788942167860142050]
[08:22:47.994][MXC][I]raw async_copy ts:[44469497046055,44469497057682]
[08:22:47.994][MXC][I]sdma_ts_.sdma_counter:44468445383871
[08:22:47.994][MXC][I]DNOCfreq:900000000, async_copy ts translate ret [1788942168152299001, 1788942168152311919]
[08:22:47.994][MCR][W]mx_command.cpp           :1883: HW exec timestamp will be adjusted!!!
[08:22:47.994][MCR][W]mx_command.cpp           :1885: floor:1788942167860051061, start:1788942167860144640, end:1788942168152311808, ceiling:1788942167994427075
[08:22:47.994][MXC][I]raw dispatch ts:[111007467654597,111007467660937]
[08:22:47.994][MXC][I]dispatch ts translate ret [1788942167993719715, 1788942167993783115]
[08:22:48.004][MCR][I]mc_memory.cpp            :1671: copy strategy - H2DCpuCopy:0,D2HCpuCopy:0,cpuCopy:0,d2dCrossDevices:0,pageableHToDAsync:0
[08:22:48.004][MCR][I]mc_memory.cpp            :1672: copy strategy - isAsync:0,waitComplete:0
[08:22:48.004][MXC][I]raw dispatch ts:[111007467958710,111007467960494]
[08:22:48.004][MXC][I]dispatch ts translate ret [1788942167996760885, 1788942167996778725]
[08:22:48.004][MXC][I]raw dispatch ts:[111007468749084,111007468749175]
[08:22:48.004][MXC][I]dispatch ts translate ret [1788942168004664762, 1788942168004665672]
[08:22:48.004][MXC][I]raw dispatch ts:[111007467968308,111007467969539]
[08:22:48.004][MXC][I]dispatch ts translate ret [1788942167996856867, 1788942167996869177]
[08:22:48.004][MXC][I]raw async_copy ts:[44469670473513,44469670475206]
[08:22:48.004][MXC][I]sdma_ts_.sdma_counter:44468445383871
[08:22:48.004][MXC][I]DNOCfreq:900000000, async_copy ts translate ret [1788942168344996177, 1788942168344998058]
[08:22:48.004][MXC][I]raw dispatch ts:[111007468004091,111007468005593]
[08:22:48.004][MXC][I]dispatch ts translate ret [1788942167997214703, 1788942167997229723]
[08:22:48.004][MXC][I]raw dispatch ts:[111007468012714,111007468013976]
[08:22:48.004][MXC][I]dispatch ts translate ret [1788942167997300934, 1788942167997313555]
[08:22:48.004][MXC][I]raw dispatch ts:[111007468020452,111007468022286]
[08:22:48.004][MXC][I]dispatch ts translate ret [1788942167997378316, 1788942167997396656]
[08:22:48.004][MXC][I]raw dispatch ts:[111007468024835,111007468026012]
[08:22:48.004][MXC][I]dispatch ts translate ret [1788942167997422147, 1788942167997433917]
[08:22:48.004][MXC][I]raw dispatch ts:[111007468026307,111007468027609]
[08:22:48.004][MXC][I]dispatch ts translate ret [1788942167997436867, 1788942167997449887]
[08:22:48.004][MXC][I]raw dispatch ts:[111007468031047,111007468032182]
[08:22:48.004][MXC][I]dispatch ts translate ret [1788942167997484268, 1788942167997495618]
[08:22:48.004][MXC][I]raw dispatch ts:[111007468032479,111007468033738]
[08:22:48.004][MXC][I]dispatch ts translate ret [1788942167997498588, 1788942167997511178]
[08:22:48.004][MXC][I]raw dispatch ts:[111007468041296,111007468042601]
[08:22:48.004][MXC][I]dispatch ts translate ret [1788942167997586759, 1788942167997599810]
[08:22:48.004][MXC][I]raw dispatch ts:[111007468045894,111007468047750]
[08:22:48.004][MXC][I]dispatch ts translate ret [1788942167997632740, 1788942167997651301]
[08:22:48.004][MXC][I]raw dispatch ts:[111007468050218,111007468051295]
[08:22:48.004][MXC][I]dispatch ts translate ret [1788942167997675981, 1788942167997686751]
[08:22:48.004][MXC][I]raw dispatch ts:[111007468053985,111007468055160]
[08:22:48.004][MXC][I]dispatch ts translate ret [1788942167997713652, 1788942167997725402]
[08:22:48.004][MXC][I]raw dispatch ts:[111007468078912,111007468079250]
[08:22:48.004][MXC][I]dispatch ts translate ret [1788942167997962926, 1788942167997966306]
[08:22:48.004][MXC][I]raw dispatch ts:[111007468738980,111007468740771]
[08:22:48.004][MXC][I]dispatch ts translate ret [1788942168004563721, 1788942168004581631]
[08:22:48.004][MCR][W]mx_command.cpp           :1883: HW exec timestamp will be adjusted!!!
[08:22:48.004][MCR][W]mx_command.cpp           :1885: floor:1788942168004638254, start:1788942168004664832, end:1788942168344998144, ceiling:1788942168004778772
[08:22:48.010][MCR][I]mc_memory.cpp            :1671: copy strategy - H2DCpuCopy:0,D2HCpuCopy:0,cpuCopy:0,d2dCrossDevices:0,pageableHToDAsync:0
[08:22:48.010][MCR][I]mc_memory.cpp            :1672: copy strategy - isAsync:0,waitComplete:0
[08:22:48.010][MXC][I]raw dispatch ts:[111007469376733,111007469376826]
[08:22:48.010][MXC][I]dispatch ts translate ret [1788942168010941147, 1788942168010942077]
[08:22:48.010][MXC][I]raw async_copy ts:[44469678002058,44469678003957]
[08:22:48.010][MXC][I]sdma_ts_.sdma_counter:44468445383871
[08:22:48.010][MXC][I]DNOCfreq:900000000, async_copy ts translate ret [1788942168353361227, 1788942168353363337]
[08:22:48.010][MXC][I]raw dispatch ts:[111007468772119,111007468773939]
[08:22:48.010][MXC][I]dispatch ts translate ret [1788942168004895108, 1788942168004913308]
[08:22:48.010][MXC][I]raw dispatch ts:[111007468776479,111007468777739]
[08:22:48.010][MXC][I]dispatch ts translate ret [1788942168004938708, 1788942168004951307]
[08:22:48.010][MXC][I]raw dispatch ts:[111007468783679,111007468784041]
[08:22:48.010][MXC][I]dispatch ts translate ret [1788942168005010706, 1788942168005014326]
[08:22:48.010][MXC][I]raw dispatch ts:[111007469372335,111007469374363]
[08:22:48.010][MXC][I]dispatch ts translate ret [1788942168010897167, 1788942168010917447]
[08:22:48.010][MCR][W]mx_command.cpp           :1883: HW exec timestamp will be adjusted!!!
[08:22:48.010][MCR][W]mx_command.cpp           :1885: floor:1788942168010927206, start:1788942168010941184, end:1788942168353363456, ceiling:1788942168010996474
[08:22:48.012][MXC][I]raw dispatch ts:[111007469469589,111007469476091]
[08:22:48.012][MXC][I]dispatch ts translate ret [1788942168011869643, 1788942168011934659]
[08:22:48.012][MXC][I]raw dispatch ts:[111007469478780,111007469485029]
[08:22:48.012][MXC][I]dispatch ts translate ret [1788942168011961547, 1788942168012024033]
[08:22:48.012][MXC][I]raw dispatch ts:[111007469485327,111007469491602]
[08:22:48.012][MXC][I]dispatch ts translate ret [1788942168012027013, 1788942168012089758]
[08:22:48.012][MXC][I]raw dispatch ts:[111007469494042,111007469500296]
[08:22:48.012][MXC][I]dispatch ts translate ret [1788942168012114157, 1788942168012176692]
[08:22:48.012][MXC][I]raw dispatch ts:[111007469500581,111007469506852]
[08:22:48.012][MXC][I]dispatch ts translate ret [1788942168012179542, 1788942168012242248]
[08:22:48.012][MXC][I]raw dispatch ts:[111007469507130,111007469513366]
[08:22:48.012][MXC][I]dispatch ts translate ret [1788942168012245028, 1788942168012307383]
[08:22:48.012][MXC][I]raw dispatch ts:[111007469515873,111007469522121]
[08:22:48.012][MXC][I]dispatch ts translate ret [1788942168012332452, 1788942168012394927]
[08:22:48.012][MXC][I]raw dispatch ts:[111007469522406,111007469528663]
[08:22:48.012][MXC][I]dispatch ts translate ret [1788942168012397777, 1788942168012460343]
[08:22:48.012][MXC][I]raw dispatch ts:[111007469528941,111007469535250]
[08:22:48.012][MXC][I]dispatch ts translate ret [1788942168012463123, 1788942168012526208]
[08:22:48.012][MXC][I]raw dispatch ts:[111007469535533,111007469541813]
[08:22:48.012][MXC][I]dispatch ts translate ret [1788942168012529038, 1788942168012591834]
[08:22:48.013][MXC][I]raw dispatch ts:[111007469560395,111007469578061]
[08:22:48.013][MXC][I]dispatch ts translate ret [1788942168012777664, 1788942168012954337]
[08:22:48.015][MXC][I]raw dispatch ts:[111007469869888,111007469876115]
[08:22:48.015][MXC][I]dispatch ts translate ret [1788942168015872761, 1788942168015935034]
[info] MctxStreamProfilerCountDataGet Loop
[08:22:48.716][MCR][I]mc_device.cpp            :1002: tearDown enter!

[08:22:48.716][MCR][I]mx_device.cpp            :1578: deleting hardware queue 0x7fc2cbc0b000 with refCount 0
[08:22:48.716][MCR][I]mx_device.cpp            :1601: number of allocated hardware queues 0-0-0(H-N-L), number of users 0-0-0
[08:22:48.716][MXC][I]~GpuDevice: Entering
[08:22:48.717][MCTX][I]mcRpcAsyncImpl.cpp       :550 : callback mcRpcAsyncDone!
[08:22:48.717][PTI][I]mcpti_tracer.hpp         :309 : stopProcessThread
[08:22:48.717][MCTX][I]mcRpcAsyncImpl.cpp       :491 : mcRpcServerAsync TearDown!
[08:22:48.717][MCTX][I]server.cpp               :116 : Server will tearDown[3].
[08:22:48.721][MCTX][I]mcRpcAsyncImpl.cpp       :250 : ProfilerCountDataGet the last msg:[
{
"ISU" : {
"10" : {
"dpcId0" : [
3966708336455,
3965280072823,
3966483724009,
3964987519766,
3965235714401,
3964184986158,
3964188396490,
3963572647637,
3964415727491,
3962999799357,
3963854562311,
3961800001539,
3965829900396
],
"dpcId1" : [
3967594298960,
3966267535154,
3967367215929,
3965558492008,
3965802529409,
3964899002799,
3965195100057,
3964413216216,
3965638611488,
3964240909272,
3965101916545,
3963117262006,
3966708339327
],
"dpcId2" : [
3965744848976,
3964292095588,
3965524687857,
3963860959043,
3963890347683,
3962960170507,
3963496872698,
3962916343998,
3963364677151,
3962061771282,
3963610932054,
3961691518030,
3964847746758
],
"dpcId3" : [
3966574082692,
3965031193555,
3966543012348,
3965214705654,
3965254034339,
3964132572973,
3964917518434,
3964422180101,
3964549324965,
3962990999448,
3964326324546,
3962530367824,
3965606724197
],
"dpcId4" : [
3965286382116,
3963859233457,
3965485884158,
3964467761227,
3964444619494,
3963189645060,
[info] MctxStreamProfilerCountDataGet Loop
3963[08:22:48.732][MCTX][I]server.cpp               :348 : HandleRpcs exit. thread_no=[0].
[08:22:49.732][MCTX][I]server.cpp               :89  : Server Shutdown!
[08:22:49.732][MCTX][I]mcRpcAsyncImpl.cpp       :477 : mcRpcServerAsyncRun stop
[08:22:49.817][MCTX][I]mctxTPImpl.cpp           :433 : clear port.
[warning] get_srvrpc_port get rpc server ports failed: cannot retrieve rpc server port.
[warning] get_srvrpc_port get rpc server ports failed: cannot retrieve rpc server port.
[warning] get_srvrpc_port get rpc server ports failed: cannot retrieve rpc server port.
[warning] get_srvrpc_port get rpc server ports failed: cannot retrieve rpc server port.
[warning] get_srvrpc_port get rpc server ports failed: cannot retrieve rpc server port.
[warning] get_srvrpc_port get rpc server ports failed: cannot retrieve rpc server port.
[warning] get_srvrpc_port get rpc server ports failed: cannot retrieve rpc server port.
[warning] get_srvrpc_port get rpc server ports failed: cannot retrieve rpc server port.
[warning] get_srvrpc_port get rpc server ports failed: cannot retrieve rpc server port.

[warning] get_srvrpc_port get rpc server ports failed: cannot retrieve rpc server port.
[warning] get_srvrpc_port get rpc server ports failed: cannot retrieve rpc server port.
[warning] get_srvrpc_port get rpc server ports failed: cannot retrieve rpc server port.
[warning] get_srvrpc_port get rpc server ports failed: cannot retrieve rpc server port.
Loading tilelang libs from dev root: /opt/tilelang-metax-v0.1.10/build
[08:23:01.387][MXS][W]| MCTX_TARGET_INIT               | 1               | 0               |
[08:23:01.389][MCR][I]mc_device.cpp            :562 : Signal SIGUSR1 now has a custom handler to enable mctx at runtime!
[08:23:01.389][MCR][I]mc_device.cpp            :309 : mcSnapShotCtx: Attempting to open shared memory: /shm_snapshot_148586
mctxAutoStart called!
[08:23:01.389][MCTX][I]mctxTPImpl.cpp           :201 : MACA configuration file path redirected from ${MACA_PATH}/etc to MACA_ETC_PATH
[08:23:01.389][MCTX][I]mctxTPImpl.cpp           :201 : MACA configuration file path redirected from ${MACA_PATH}/etc to MACA_ETC_PATH
[08:23:01.389][MCTX][I]mctxTPImpl.cpp           :300 : profiler target ENV file[/data/nsa_codex_20260909_r1/results/profile_pair_nsa109/mcProfiler.json] exist!
[08:23:01.390][MCR][I]mc_device.cpp            :849 : Init enter!
[08:23:01.390][MXC][I]MxcInit: entering
[08:23:01.394][MXKW][I]topology.c              :1358: [topology_sysfs_get_system_props]PlatformCpuNodes:2 ,num_sysfs_nodes:27
[08:23:01.394][MXKW][I]topology.c              :283 : [get_directory_socket_id]fscanf path:/sys/devices/virtual/mxcd/mxcd/layout/nodes/2/gpu_id,res: 0,errno:1
[08:23:01.394][MXKW][W]topology.c              :1424: [topology_sysfs_get_system_props]err_node_num is 1,ret is 0,is_node_supported is 0
[08:23:01.394][MXKW][I]topology.c              :283 : [get_directory_socket_id]fscanf path:/sys/devices/virtual/mxcd/mxcd/layout/nodes/3/gpu_id,res: 0,errno:1
[08:23:01.394][MXKW][W]topology.c              :1424: [topology_sysfs_get_system_props]err_node_num is 2,ret is 0,is_node_supported is 0
[08:23:01.394][MXKW][I]topology.c              :283 : [get_directory_socket_id]fscanf path:/sys/devices/virtual/mxcd/mxcd/layout/nodes/4/gpu_id,res: 0,errno:1
[08:23:01.394][MXKW][W]topology.c              :1424: [topology_sysfs_get_system_props]err_node_num is 3,ret is 0,is_node_supported is 0
[08:23:01.394][MXKW][I]topology.c              :283 : [get_directory_socket_id]fscanf path:/sys/devices/virtual/mxcd/mxcd/layout/nodes/5/gpu_id,res: 0,errno:1
[08:23:01.394][MXKW][W]topology.c              :1424: [topology_sysfs_get_system_props]err_node_num is 4,ret is 0,is_node_supported is 0
[08:23:01.394][MXKW][I]topology.c              :283 : [get_directory_socket_id]fscanf path:/sys/devices/virtual/mxcd/mxcd/layout/nodes/6/gpu_id,res: 0,errno:1
[08:23:01.394][MXKW][W]topology.c              :1424: [topology_sysfs_get_system_props]err_node_num is 5,ret is 0,is_node_supported is 0
[08:23:01.394][MXKW][I]topology.c              :283 : [get_directory_socket_id]fscanf path:/sys/devices/virtual/mxcd/mxcd/layout/nodes/7/gpu_id,res: 0,errno:1
[08:23:01.394][MXKW][W]topology.c              :1424: [topology_sysfs_get_system_props]err_node_num is 6,ret is 0,is_node_supported is 0
[08:23:01.394][MXKW][I]topology.c              :283 : [get_directory_socket_id]fscanf path:/sys/devices/virtual/mxcd/mxcd/layout/nodes/8/gpu_id,res: 0,errno:1
[08:23:01.394][MXKW][W]topology.c              :1424: [topology_sysfs_get_system_props]err_node_num is 7,ret is 0,is_node_supported is 0
[08:23:01.394][MXKW][I]topology.c              :283 : [get_directory_socket_id]fscanf path:/sys/devices/virtual/mxcd/mxcd/layout/nodes/9/gpu_id,res: 0,errno:1
[08:23:01.394][MXKW][W]topology.c              :1424: [topology_sysfs_get_system_props]err_node_num is 8,ret is 0,is_node_supported is 0
[08:23:01.394][MXKW][I]topology.c              :283 : [get_directory_socket_id]fscanf path:/sys/devices/virtual/mxcd/mxcd/layout/nodes/300/gpu_id,res: 0,errno:1
[08:23:01.394][MXKW][W]topology.c              :1424: [topology_sysfs_get_system_props]err_node_num is 9,ret is 0,is_node_supported is 0
[08:23:01.394][MXKW][I]topology.c              :283 : [get_directory_socket_id]fscanf path:/sys/devices/virtual/mxcd/mxcd/layout/nodes/301/gpu_id,res: 0,errno:1
[08:23:01.394][MXKW][W]topology.c              :1424: [topology_sysfs_get_system_props]err_node_num is 10,ret is 0,is_node_supported is 0
[08:23:01.394][MXKW][I]topology.c              :283 : [get_directory_socket_id]fscanf path:/sys/devices/virtual/mxcd/mxcd/layout/nodes/303/gpu_id,res: 0,errno:1
[08:23:01.394][MXKW][W]topology.c              :1424: [topology_sysfs_get_system_props]err_node_num is 11,ret is 0,is_node_supported is 0
[08:23:01.394][MXKW][I]topology.c              :283 : [get_directory_socket_id]fscanf path:/sys/devices/virtual/mxcd/mxcd/layout/nodes/304/gpu_id,res: 0,errno:1
[08:23:01.394][MXKW][W]topology.c              :1424: [topology_sysfs_get_system_props]err_node_num is 12,ret is 0,is_node_supported is 0
[08:23:01.394][MXKW][I]topology.c              :283 : [get_directory_socket_id]fscanf path:/sys/devices/virtual/mxcd/mxcd/layout/nodes/305/gpu_id,res: 0,errno:1
[08:23:01.394][MXKW][W]topology.c              :1424: [topology_sysfs_get_system_props]err_node_num is 13,ret is 0,is_node_supported is 0
[08:23:01.394][MXKW][I]topology.c              :283 : [get_directory_socket_id]fscanf path:/sys/devices/virtual/mxcd/mxcd/layout/nodes/306/gpu_id,res: 0,errno:1
[08:23:01.394][MXKW][W]topology.c              :1424: [topology_sysfs_get_system_props]err_node_num is 14,ret is 0,is_node_supported is 0
[08:23:01.394][MXKW][I]topology.c              :283 : [get_directory_socket_id]fscanf path:/sys/devices/virtual/mxcd/mxcd/layout/nodes/307/gpu_id,res: 0,errno:1
[08:23:01.394][MXKW][W]topology.c              :1424: [topology_sysfs_get_system_props]err_node_num is 15,ret is 0,is_node_supported is 0
[08:23:01.394][MXKW][I]topology.c              :283 : [get_directory_socket_id]fscanf path:/sys/devices/virtual/mxcd/mxcd/layout/nodes/308/gpu_id,res: 0,errno:1
[08:23:01.394][MXKW][W]topology.c              :1424: [topology_sysfs_get_system_props]err_node_num is 16,ret is 0,is_node_supported is 0
[08:23:01.394][MXKW][I]topology.c              :283 : [get_directory_socket_id]fscanf path:/sys/devices/virtual/mxcd/mxcd/layout/nodes/309/gpu_id,res: 0,errno:1
[08:23:01.394][MXKW][W]topology.c              :1424: [topology_sysfs_get_system_props]err_node_num is 17,ret is 0,is_node_supported is 0
[08:23:01.394][MXKW][I]topology.c              :283 : [get_directory_socket_id]fscanf path:/sys/devices/virtual/mxcd/mxcd/layout/nodes/310/gpu_id,res: 0,errno:1
[08:23:01.394][MXKW][W]topology.c              :1424: [topology_sysfs_get_system_props]err_node_num is 18,ret is 0,is_node_supported is 0
[08:23:01.394][MXKW][I]topology.c              :283 : [get_directory_socket_id]fscanf path:/sys/devices/virtual/mxcd/mxcd/layout/nodes/311/gpu_id,res: 0,errno:1
[08:23:01.394][MXKW][W]topology.c              :1424: [topology_sysfs_get_system_props]err_node_num is 19,ret is 0,is_node_supported is 0
[08:23:01.394][MXKW][I]topology.c              :283 : [get_directory_socket_id]fscanf path:/sys/devices/virtual/mxcd/mxcd/layout/nodes/312/gpu_id,res: 0,errno:1
[08:23:01.394][MXKW][W]topology.c              :1424: [topology_sysfs_get_system_props]err_node_num is 20,ret is 0,is_node_supported is 0
[08:23:01.394][MXKW][I]topology.c              :283 : [get_directory_socket_id]fscanf path:/sys/devices/virtual/mxcd/mxcd/layout/nodes/313/gpu_id,res: 0,errno:1
[08:23:01.394][MXKW][W]topology.c              :1424: [topology_sysfs_get_system_props]err_node_num is 21,ret is 0,is_node_supported is 0
[08:23:01.394][MXKW][I]topology.c              :283 : [get_directory_socket_id]fscanf path:/sys/devices/virtual/mxcd/mxcd/layout/nodes/314/gpu_id,res: 0,errno:1
[08:23:01.394][MXKW][W]topology.c              :1424: [topology_sysfs_get_system_props]err_node_num is 22,ret is 0,is_node_supported is 0
[08:23:01.394][MXKW][I]topology.c              :283 : [get_directory_socket_id]fscanf path:/sys/devices/virtual/mxcd/mxcd/layout/nodes/315/gpu_id,res: 0,errno:1
[08:23:01.394][MXKW][W]topology.c              :1424: [topology_sysfs_get_system_props]err_node_num is 23,ret is 0,is_node_supported is 0
[08:23:01.394][MXKW][I]topology.c              :283 : [get_directory_socket_id]fscanf path:/sys/devices/virtual/mxcd/mxcd/layout/nodes/317/gpu_id,res: 0,errno:1
[08:23:01.394][MXKW][W]topology.c              :1424: [topology_sysfs_get_system_props]err_node_num is 24,ret is 0,is_node_supported is 0
[08:23:01.394][MXKW][I]topology.c              :1460: [topology_sysfs_get_system_props]cpu total 2 nodes, map list:
[08:23:01.394][MXKW][I]topology.c              :1463: [topology_sysfs_get_system_props]map_cpu[0]:0
[08:23:01.394][MXKW][I]topology.c              :1463: [topology_sysfs_get_system_props]map_cpu[1]:1
[08:23:01.394][MXKW][I]topology.c              :1465: [topology_sysfs_get_system_props]gpu total 1 nodes, map list:
[08:23:01.394][MXKW][I]topology.c              :1468: [topology_sysfs_get_system_props]map_gpu[0]:12
[08:23:01.394][MXKW][I]topology.c              :1516: [topology_sysfs_init_gpu_page_size]XCORE_PAGE_SIZE: 0x200000, GPU_PAGE_SIZE: 0x200000
[08:23:01.395][MXKW][I]topology.c              :954 : [find_pci_info]create pci_info_array. It has 27 element. directory_name is 0.
[08:23:01.395][MXKW][I]topology.c              :962 : [find_pci_info]node 0 's pci info is not found
[08:23:01.395][MXKW][I]topology.c              :911 : [read_pci_info_from_file]can't open /sys/devices/virtual/mxcd/mxcd/layout/nodes/0/location file!
[08:23:01.395][MXKW][I]topology.c              :962 : [find_pci_info]node 0 's pci info is not found
[08:23:01.395][MXKW][I]topology.c              :911 : [read_pci_info_from_file]can't open /sys/devices/virtual/mxcd/mxcd/layout/nodes/0/location file!
[08:23:01.395][MXKW][I]topology.c              :1944: [topology_sysfs_get_node_props]Device isa_major is 0, isa_minor is 0, MXName is
[08:23:01.395][MXKW][I]topology.c              :962 : [find_pci_info]node 1 's pci info is not found
[08:23:01.395][MXKW][I]topology.c              :911 : [read_pci_info_from_file]can't open /sys/devices/virtual/mxcd/mxcd/layout/nodes/1/location file!
[08:23:01.395][MXKW][I]topology.c              :962 : [find_pci_info]node 1 's pci info is not found
[08:23:01.395][MXKW][I]topology.c              :911 : [read_pci_info_from_file]can't open /sys/devices/virtual/mxcd/mxcd/layout/nodes/1/location file!
[08:23:01.395][MXKW][I]topology.c              :1944: [topology_sysfs_get_node_props]Device isa_major is 0, isa_minor is 0, MXName is
[08:23:01.395][MXKW][I]topology.c              :962 : [find_pci_info]node 302 's pci info is not found
[08:23:01.395][MXKW][I]topology.c              :984 : [add_pci_info]added node 302 pci info , bdf_value:3584, domain_value:0
[08:23:01.395][MXKW][I]topology.c              :1944: [topology_sysfs_get_node_props]Device isa_major is 10, isa_minor is 0, MXName is
[08:23:01.395][MXKW][I]fmm.c                   :2445: [init_mmap_apertures]Initialized unreserved SVM apertures: 0xa00000000 - 0x7fffffffffff
[08:23:01.395][MXKW][I]topology.c              :1358: [topology_sysfs_get_system_props]PlatformCpuNodes:2 ,num_sysfs_nodes:27
[08:23:01.395][MXKW][I]topology.c              :283 : [get_directory_socket_id]fscanf path:/sys/devices/virtual/mxcd/mxcd/layout/nodes/2/gpu_id,res: 0,errno:1
[08:23:01.395][MXKW][W]topology.c              :1424: [topology_sysfs_get_system_props]err_node_num is 1,ret is 0,is_node_supported is 0
[08:23:01.395][MXKW][I]topology.c              :283 : [get_directory_socket_id]fscanf path:/sys/devices/virtual/mxcd/mxcd/layout/nodes/3/gpu_id,res: 0,errno:1
[08:23:01.395][MXKW][W]topology.c              :1424: [topology_sysfs_get_system_props]err_node_num is 2,ret is 0,is_node_supported is 0
[08:23:01.395][MXKW][I]topology.c              :283 : [get_directory_socket_id]fscanf path:/sys/devices/virtual/mxcd/mxcd/layout/nodes/4/gpu_id,res: 0,errno:1
[08:23:01.395][MXKW][W]topology.c              :1424: [topology_sysfs_get_system_props]err_node_num is 3,ret is 0,is_node_supported is 0
[08:23:01.395][MXKW][I]topology.c              :283 : [get_directory_socket_id]fscanf path:/sys/devices/virtual/mxcd/mxcd/layout/nodes/5/gpu_id,res: 0,errno:1
[08:23:01.395][MXKW][W]topology.c              :1424: [topology_sysfs_get_system_props]err_node_num is 4,ret is 0,is_node_supported is 0
[08:23:01.395][MXKW][I]topology.c              :283 : [get_directory_socket_id]fscanf path:/sys/devices/virtual/mxcd/mxcd/layout/nodes/6/gpu_id,res: 0,errno:1
[08:23:01.395][MXKW][W]topology.c              :1424: [topology_sysfs_get_system_props]err_node_num is 5,ret is 0,is_node_supported is 0
[08:23:01.395][MXKW][I]topology.c              :283 : [get_directory_socket_id]fscanf path:/sys/devices/virtual/mxcd/mxcd/layout/nodes/7/gpu_id,res: 0,errno:1
[08:23:01.395][MXKW][W]topology.c              :1424: [topology_sysfs_get_system_props]err_node_num is 6,ret is 0,is_node_supported is 0
[08:23:01.395][MXKW][I]topology.c              :283 : [get_directory_socket_id]fscanf path:/sys/devices/virtual/mxcd/mxcd/layout/nodes/8/gpu_id,res: 0,errno:1
[08:23:01.395][MXKW][W]topology.c              :1424: [topology_sysfs_get_system_props]err_node_num is 7,ret is 0,is_node_supported is 0
[08:23:01.395][MXKW][I]topology.c              :283 : [get_directory_socket_id]fscanf path:/sys/devices/virtual/mxcd/mxcd/layout/nodes/9/gpu_id,res: 0,errno:1
[08:23:01.395][MXKW][W]topology.c              :1424: [topology_sysfs_get_system_props]err_node_num is 8,ret is 0,is_node_supported is 0
[08:23:01.395][MXKW][I]topology.c              :283 : [get_directory_socket_id]fscanf path:/sys/devices/virtual/mxcd/mxcd/layout/nodes/300/gpu_id,res: 0,errno:1
[08:23:01.395][MXKW][W]topology.c              :1424: [topology_sysfs_get_system_props]err_node_num is 9,ret is 0,is_node_supported is 0
[08:23:01.395][MXKW][I]topology.c              :283 : [get_directory_socket_id]fscanf path:/sys/devices/virtual/mxcd/mxcd/layout/nodes/301/gpu_id,res: 0,errno:1
[08:23:01.395][MXKW][W]topology.c              :1424: [topology_sysfs_get_system_props]err_node_num is 10,ret is 0,is_node_supported is 0
[08:23:01.395][MXKW][I]topology.c              :283 : [get_directory_socket_id]fscanf path:/sys/devices/virtual/mxcd/mxcd/layout/nodes/303/gpu_id,res: 0,errno:1
[08:23:01.395][MXKW][W]topology.c              :1424: [topology_sysfs_get_system_props]err_node_num is 11,ret is 0,is_node_supported is 0
[08:23:01.395][MXKW][I]topology.c              :283 : [get_directory_socket_id]fscanf path:/sys/devices/virtual/mxcd/mxcd/layout/nodes/304/gpu_id,res: 0,errno:1
[08:23:01.395][MXKW][W]topology.c              :1424: [topology_sysfs_get_system_props]err_node_num is 12,ret is 0,is_node_supported is 0
[08:23:01.395][MXKW][I]topology.c              :283 : [get_directory_socket_id]fscanf path:/sys/devices/virtual/mxcd/mxcd/layout/nodes/305/gpu_id,res: 0,errno:1
[08:23:01.395][MXKW][W]topology.c              :1424: [topology_sysfs_get_system_props]err_node_num is 13,ret is 0,is_node_supported is 0
[08:23:01.395][MXKW][I]topology.c              :283 : [get_directory_socket_id]fscanf path:/sys/devices/virtual/mxcd/mxcd/layout/nodes/306/gpu_id,res: 0,errno:1
[08:23:01.395][MXKW][W]topology.c              :1424: [topology_sysfs_get_system_props]err_node_num is 14,ret is 0,is_node_supported is 0
[08:23:01.395][MXKW][I]topology.c              :283 : [get_directory_socket_id]fscanf path:/sys/devices/virtual/mxcd/mxcd/layout/nodes/307/gpu_id,res: 0,errno:1
[08:23:01.395][MXKW][W]topology.c              :1424: [topology_sysfs_get_system_props]err_node_num is 15,ret is 0,is_node_supported is 0
[08:23:01.395][MXKW][I]topology.c              :283 : [get_directory_socket_id]fscanf path:/sys/devices/virtual/mxcd/mxcd/layout/nodes/308/gpu_id,res: 0,errno:1
[08:23:01.395][MXKW][W]topology.c              :1424: [topology_sysfs_get_system_props]err_node_num is 16,ret is 0,is_node_supported is 0
[08:23:01.395][MXKW][I]topology.c              :283 : [get_directory_socket_id]fscanf path:/sys/devices/virtual/mxcd/mxcd/layout/nodes/309/gpu_id,res: 0,errno:1
[08:23:01.395][MXKW][W]topology.c              :1424: [topology_sysfs_get_system_props]err_node_num is 17,ret is 0,is_node_supported is 0
[08:23:01.395][MXKW][I]topology.c              :283 : [get_directory_socket_id]fscanf path:/sys/devices/virtual/mxcd/mxcd/layout/nodes/310/gpu_id,res: 0,errno:1
[08:23:01.395][MXKW][W]topology.c              :1424: [topology_sysfs_get_system_props]err_node_num is 18,ret is 0,is_node_supported is 0
[08:23:01.395][MXKW][I]topology.c              :283 : [get_directory_socket_id]fscanf path:/sys/devices/virtual/mxcd/mxcd/layout/nodes/311/gpu_id,res: 0,errno:1
[08:23:01.395][MXKW][W]topology.c              :1424: [topology_sysfs_get_system_props]err_node_num is 19,ret is 0,is_node_supported is 0
[08:23:01.395][MXKW][I]topology.c              :283 : [get_directory_socket_id]fscanf path:/sys/devices/virtual/mxcd/mxcd/layout/nodes/312/gpu_id,res: 0,errno:1
[08:23:01.395][MXKW][W]topology.c              :1424: [topology_sysfs_get_system_props]err_node_num is 20,ret is 0,is_node_supported is 0
[08:23:01.395][MXKW][I]topology.c              :283 : [get_directory_socket_id]fscanf path:/sys/devices/virtual/mxcd/mxcd/layout/nodes/313/gpu_id,res: 0,errno:1
[08:23:01.395][MXKW][W]topology.c              :1424: [topology_sysfs_get_system_props]err_node_num is 21,ret is 0,is_node_supported is 0
[08:23:01.395][MXKW][I]topology.c              :283 : [get_directory_socket_id]fscanf path:/sys/devices/virtual/mxcd/mxcd/layout/nodes/314/gpu_id,res: 0,errno:1
[08:23:01.395][MXKW][W]topology.c              :1424: [topology_sysfs_get_system_props]err_node_num is 22,ret is 0,is_node_supported is 0
[08:23:01.395][MXKW][I]topology.c              :283 : [get_directory_socket_id]fscanf path:/sys/devices/virtual/mxcd/mxcd/layout/nodes/315/gpu_id,res: 0,errno:1
[08:23:01.395][MXKW][W]topology.c              :1424: [topology_sysfs_get_system_props]err_node_num is 23,ret is 0,is_node_supported is 0
[08:23:01.395][MXKW][I]topology.c              :283 : [get_directory_socket_id]fscanf path:/sys/devices/virtual/mxcd/mxcd/layout/nodes/317/gpu_id,res: 0,errno:1
[08:23:01.395][MXKW][W]topology.c              :1424: [topology_sysfs_get_system_props]err_node_num is 24,ret is 0,is_node_supported is 0
[08:23:01.395][MXKW][I]topology.c              :1460: [topology_sysfs_get_system_props]cpu total 2 nodes, map list:
[08:23:01.395][MXKW][I]topology.c              :1463: [topology_sysfs_get_system_props]map_cpu[0]:0
[08:23:01.395][MXKW][I]topology.c              :1463: [topology_sysfs_get_system_props]map_cpu[1]:1
[08:23:01.395][MXKW][I]topology.c              :1465: [topology_sysfs_get_system_props]gpu total 1 nodes, map list:
[08:23:01.395][MXKW][I]topology.c              :1468: [topology_sysfs_get_system_props]map_gpu[0]:12
[08:23:01.395][MXKW][I]topology.c              :962 : [find_pci_info]node 0 's pci info is not found
[08:23:01.395][MXKW][I]topology.c              :911 : [read_pci_info_from_file]can't open /sys/devices/virtual/mxcd/mxcd/layout/nodes/0/location file!
[08:23:01.395][MXKW][I]topology.c              :962 : [find_pci_info]node 0 's pci info is not found
[08:23:01.395][MXKW][I]topology.c              :911 : [read_pci_info_from_file]can't open /sys/devices/virtual/mxcd/mxcd/layout/nodes/0/location file!
[08:23:01.395][MXKW][I]topology.c              :1944: [topology_sysfs_get_node_props]Device isa_major is 0, isa_minor is 0, MXName is
[08:23:01.395][MXKW][I]topology.c              :2548: [topology_take_snapshot]node0 direct_links route:
[08:23:01.395][MXKW][I]topology.c              :2562: [topology_take_snapshot]link0 type:2,  0--->1
[08:23:01.396][MXKW][I]topology.c              :962 : [find_pci_info]node 1 's pci info is not found
[08:23:01.396][MXKW][I]topology.c              :911 : [read_pci_info_from_file]can't open /sys/devices/virtual/mxcd/mxcd/layout/nodes/1/location file!
[08:23:01.396][MXKW][I]topology.c              :962 : [find_pci_info]node 1 's pci info is not found
[08:23:01.396][MXKW][I]topology.c              :911 : [read_pci_info_from_file]can't open /sys/devices/virtual/mxcd/mxcd/layout/nodes/1/location file!
[08:23:01.396][MXKW][I]topology.c              :1944: [topology_sysfs_get_node_props]Device isa_major is 0, isa_minor is 0, MXName is
[08:23:01.396][MXKW][I]topology.c              :2548: [topology_take_snapshot]node1 direct_links route:
[08:23:01.396][MXKW][I]topology.c              :2562: [topology_take_snapshot]link0 type:2,  1--->0
[08:23:01.396][MXKW][I]topology.c              :2573: [topology_take_snapshot]node1 indirect_links route:
[08:23:01.396][MXKW][I]topology.c              :1944: [topology_sysfs_get_node_props]Device isa_major is 10, isa_minor is 0, MXName is
[08:23:01.398][MXC][I]MxcInit: leaving
[08:23:01.398][MXC][I]InitDma: Entering
[08:23:01.399][MXC][I]InitDma: Leaving
[08:23:01.399][MCR][I]mx_device.cpp            :2294: Device xcore1000 create, major:10, minor:0
[08:23:01.399][MCR][I]mx_device.cpp            :2795: private_mem:436207616, info_.globalMemSize_:16341008384, gpu_single_alloc_percent:0.990000
[08:23:01.399][MCR][I]mx_device.cpp            :2865: get registersPerMtreg_:64,info_dpcNum_:8,info_wavePerDpc_:416, wavefrontWidth_:64
[08:23:01.399][MCR][I]mx_device.cpp            :3042: rmNum_:8, isuNum_:13, sl1Num_:7, vlsNum_:13, vl1Num_:13, l2cNum_:32, l2aNum_:4, l2xNum_:4

[08:23:01.399][MCR][I]mx_device.cpp            :1091: getQueueCnt hwQueueNum:16
[08:23:01.399][MCR][I]mx_device.cpp            :1153: agent_handle=0x56078bfd2170,hardware queues number:16, queue count configuration: 8-4-4(H-N-L), highForMccl:0
[08:23:01.399][MCR][I]mx_device.cpp            :2445: Device xcore1000 create fininshed!

[08:23:01.400][MCR][I]mx_device.cpp            :2294: Device xcore1000 create, major:10, minor:0
[08:23:01.400][MCR][I]mx_device.cpp            :2795: private_mem:436207616, info_.globalMemSize_:16341008384, gpu_single_alloc_percent:0.990000
[08:23:01.400][MCR][I]mx_device.cpp            :2865: get registersPerMtreg_:64,info_dpcNum_:8,info_wavePerDpc_:416, wavefrontWidth_:64
[08:23:01.400][MCR][I]mx_device.cpp            :3042: rmNum_:8, isuNum_:13, sl1Num_:7, vlsNum_:13, vl1Num_:13, l2cNum_:32, l2aNum_:4, l2xNum_:4

[08:23:01.400][MCR][I]mx_device.cpp            :1091: getQueueCnt hwQueueNum:16
[08:23:01.400][MCR][I]mx_device.cpp            :1153: agent_handle=0x56078bfd2170,hardware queues number:16, queue count configuration: 8-4-4(H-N-L), highForMccl:0
[08:23:01.400][MCR][I]mx_device.cpp            :2445: Device xcore1000 create fininshed!

[08:23:01.400][MCR][I]mc_vpu_impl.cpp          :80  : mcVpuLoad mxvpu lib version: 1.0.20260512_081136

[08:23:01.400][MCR][I]mc_vpu_impl.cpp          :86  : mcVpuLoad load mxvpu lib path: /opt/maca-3.7.1/lib/libmxvpu.so

[08:23:01.400][MCC][I]AddDevice device_id:0, arch:xcore1000
[08:23:01.400][MCC][I]Get compiler from environment variable MACA_PATH: /opt/maca/mxgpu_llvm/bin.
[warning] get_srvrpc_port get rpc server ports failed: cannot retrieve rpc server port.
[warning] get_srvrpc_port get rpc server ports failed: cannot retrieve rpc server port.
[warning] get_srvrpc_port get rpc server ports failed: cannot retrieve rpc server port.
[warning] get_srvrpc_port get rpc server ports failed: cannot retrieve rpc server port.
[warning] get_srvrpc_port get rpc server ports failed: cannot retrieve rpc server port.
[warning] get_srvrpc_port get rpc server ports failed: cannot retrieve rpc server port.
[warning] get_srvrpc_port get rpc server ports failed: cannot retrieve rpc server port.
[warning] get_srvrpc_port get rpc server ports failed: cannot retrieve rpc server port.
[warning] get_srvrpc_port get rpc server ports failed: cannot retrieve rpc server port.
[warning] get_srvrpc_port get rpc server ports failed: cannot retrieve rpc server port.
[warning] get_srvrpc_port get rpc server ports failed: cannot retrieve rpc server port.
[warning] get_srvrpc_port get rpc server ports failed: cannot retrieve rpc server port.
[warning] get_srvrpc_port get rpc server ports failed: cannot retrieve rpc server port.
[warning] get_srvrpc_port get rpc server ports failed: cannot retrieve rpc server port.
[warning] get_srvrpc_port get rpc server ports failed: cannot retrieve rpc server port.
[warning] get_srvrpc_port get rpc server ports failed: cannot retrieve rpc server port.
[warning] get_srvrpc_port get rpc server ports failed: cannot retrieve rpc server port.
[warning] get_srvrpc_port get rpc server ports failed: cannot retrieve rpc server port.
[warning] get_srvrpc_port get rpc server ports failed: cannot retrieve rpc server port.
[warning] get_srvrpc_port get rpc server ports failed: cannot retrieve rpc server port.
[warning] get_srvrpc_port get rpc server ports failed: cannot retrieve rpc server port.
[warning] get_srvrpc_port get rpc server ports failed: cannot retrieve rpc server port.
[08:23:23.567][MXS][I]                    Node0     Node1
[08:23:23.567][MXS][I]Gpu0                X
[08:23:23.567][MXS][I]CpuBind             X         X
get_mempolicy: Operation not permitted
[08:23:23.567][MXS][I]MemBind             X         X
[warning] get_srvrpc_port get rpc server ports failed: cannot retrieve rpc server port.
[08:23:24.427][MXS][I]mcruntime           1%        99%
[warning] get_srvrpc_port get rpc server ports failed: cannot retrieve rpc server port.
[08:23:25.290][MXS][I]mccompiler                    100%
[warning] get_srvrpc_port get rpc server ports failed: cannot retrieve rpc server port.
[08:23:26.152][MXS][I]mxc-runtime                   100%
[warning] get_srvrpc_port get rpc server ports failed: cannot retrieve rpc server port.
[08:23:27.017][MXS][I]mxkw                          100%
[08:23:27.017][PTI][I]mcpti_profiler.cpp       :618 : getModuleInfo:1,8,13,7,13,13,32,4,4

[08:23:27.018][MCR][I]mx_device.cpp            :5792: agent_handle=0x56078bfd2170
[08:23:27.020][MCR][I]mx_device.cpp            :1446: created hardware queue 0x7f830000b000(HWq=0x7f7f10001a90) with size 1024 with priority 0(L), cooperative: 0, is_exclusive: 0
[08:23:27.020][MCR][I]mx_device.cpp            :1458: number of allocated hardware queues 0-0-1(H-N-L), number of users 0-0-1
[08:23:27.025][MCR][W]mx_perf_counter.cpp      :568 : Perf is not exclusive, can not be disabled!
[08:23:27.027][MCTX][I]mctxTPImpl.cpp           :186 : Automatically acquire a port.
[08:23:27.027][MCTX][I]mcRpcAsyncImpl.cpp       :421 : mcRpcServerAsyncInit 0x56078bfbd560 0
[08:23:27.028][MCTX][I]mcRpcAsyncImpl.cpp       :500 : mcRpcAsyncServerTask start!
[08:23:27.028][MCTX][I]mcRpcAsyncImpl.cpp       :472 : mcRpcServerAsyncRun start
[08:23:27.028][MCTX][I]server.cpp               :69  : Server thread num: 1, listening on: 40705.
[info] MctxStreamProfilerCountDataGet Start
[info] MctxStreamProfilerCountDataGet Loop
mcToolsExtPid_UsedPort:148586-40705
[08:23:32.055][MCR][I]mc_memory.cpp            :1671: copy strategy - H2DCpuCopy:0,D2HCpuCopy:0,cpuCopy:0,d2dCrossDevices:0,pageableHToDAsync:0
[08:23:32.055][MCR][I]mc_memory.cpp            :1672: copy strategy - isAsync:0,waitComplete:1
[08:23:32.055][MXC][I]GpuDevice 0x8bfd2170 enable profiling, sdm_counter:44522531745967, sys_time:1788942212055712705
[08:23:32.055][MXC][I]raw dispatch ts:[111011873864030,111011873864129]
[08:23:32.055][MXC][I]dispatch ts translate ret [1788942212055773347, 1788942212055774337]
[08:23:32.055][MXC][I]raw async_copy ts:[44522532011599,44522532024715]
[08:23:32.055][MXC][I]sdma_ts_.sdma_counter:44522531745967
[08:23:32.055][MXC][I]DNOCfreq:900000000, async_copy ts translate ret [1788942212056007851, 1788942212056022424]
[08:23:32.055][MXC][I]raw dispatch ts:[111011868965280,111011868969962]
[08:23:32.055][MXC][I]dispatch ts translate ret [1788942212006785920, 1788942212006832740]
[08:23:32.055][MXC][I]raw dispatch ts:[111011868973527,111011868974594]
[08:23:32.055][MXC][I]dispatch ts translate ret [1788942212006868390, 1788942212006879060]
[08:23:32.055][MXC][I]raw dispatch ts:[111011868974883,111011868975901]
[08:23:32.055][MXC][I]dispatch ts translate ret [1788942212006881950, 1788942212006892130]
[08:23:32.091][MXC][I]raw dispatch ts:[111011874833671,111011874834342]
[08:23:32.091][MXC][I]dispatch ts translate ret [1788942212065469746, 1788942212065476456]
[08:23:32.093][MXC][I]raw dispatch ts:[111011874841164,111011874841681]
[08:23:32.093][MXC][I]dispatch ts translate ret [1788942212065544676, 1788942212065549846]
[08:23:32.094][MCBLASLT][I]The handle of mcBlas/mcBlasLt is not thread-safe and cannot be shared across threads.
[08:23:32.094][MCBLASLT][I]Looking for the module path
[08:23:32.094][MCBLASLT][I]found mcblaslt lib path: /opt/maca-3.7.1/lib
[08:23:32.354][MCBLASLT][I]load module mcblas_xcore1000.mcfb successed
[08:23:32.354][MCBLASLT][I]xcore_major_ : 10, xcore_minor_ : 0, page_size_: 2097152
[08:23:32.601][MCBLASLT][I]Kernsel: Succeed init xcore_major: 10 with ap num: 104 !
[08:23:32.601][MCBLASLT][I]Kernsel: Kernsel not set MCBLAS_CUSTOMIZED_CONFIG_PATH
[08:23:32.601][MCBLASLT][I]xcore_major_ : 10, xcore_minor_ : 0, page_size_: 2097152
[08:23:32.865][MCBLASLT][I]Gemv Kernsel: Succeed init xcore_major: 10 with ap num: 104 !
[08:23:32.865][MCBLASLT][I]Gemv kernsel: Kernsel not set MCBLAS_GEMV_CUSTOMIZED_CONFIG_PATH
[08:23:32.865][MCBLASLT][I]allocated memory for signal buffer
[08:23:32.865][MCR][I]mc_memory.cpp            :2132: [mcMemset] dst:0x7f7ed8200000 value:0 valueSize:1 sizeBytes:262144 isAsync:false
[08:23:32.865][MXC][I]raw dispatch ts:[111011874929032,111011874930091]
[08:23:32.865][MXC][I]dispatch ts translate ret [1788942212066423355, 1788942212066433945]
[08:23:32.865][MCBLASLT][I]set_workspace is called ! user allocated size: 67108864B = 64.000000MB
[08:23:32.865][MXC][I]raw dispatch ts:[111011874951125,111011874951603]
[08:23:32.865][MXC][I]dispatch ts translate ret [1788942212066644285, 1788942212066649065]
[08:23:32.865][MXC][I]raw dispatch ts:[111011875434176,111011875434698]
[08:23:32.865][MXC][I]dispatch ts translate ret [1788942212071474790, 1788942212071480010]
[08:23:32.865][MXC][I]raw dispatch ts:[111011875455337,111011875455619]
[08:23:32.865][MXC][I]dispatch ts translate ret [1788942212071686400, 1788942212071689220]
[08:23:32.865][MXC][I]raw dispatch ts:[111011876854699,111011876855384]
[08:23:32.865][MXC][I]dispatch ts translate ret [1788942212085680005, 1788942212085686855]
[08:23:32.865][MXC][I]raw dispatch ts:[111011877092341,111011877092949]
[08:23:32.865][MXC][I]dispatch ts translate ret [1788942212088056422, 1788942212088062502]
[08:23:32.865][MXC][I]raw dispatch ts:[111011877095775,111011877096266]
[08:23:32.865][MXC][I]dispatch ts translate ret [1788942212088090762, 1788942212088095672]
[08:23:32.865][MXC][I]raw dispatch ts:[111011877151968,111011877152453]
[08:23:32.865][MXC][I]dispatch ts translate ret [1788942212088652692, 1788942212088657542]
[08:23:32.865][MXC][I]raw dispatch ts:[111011877155361,111011877155654]
[08:23:32.865][MXC][I]dispatch ts translate ret [1788942212088686622, 1788942212088689552]
[08:23:32.865][MXC][I]raw dispatch ts:[111011877163890,111011877164681]
[08:23:32.865][MXC][I]dispatch ts translate ret [1788942212088771912, 1788942212088779822]
[08:23:32.865][MXC][I]raw dispatch ts:[111011877168168,111011877168487]
[08:23:32.865][MXC][I]dispatch ts translate ret [1788942212088814692, 1788942212088817882]
[08:23:32.865][MXC][I]raw dispatch ts:[111011877440846,111011877441539]
[08:23:32.865][MXC][I]dispatch ts translate ret [1788942212091541469, 1788942212091548399]
[08:23:32.865][MXC][I]raw dispatch ts:[111011877457355,111011877458340]
[08:23:32.865][MXC][I]dispatch ts translate ret [1788942212091706559, 1788942212091716407]
[08:23:32.865][MXC][I]raw dispatch ts:[111011877461890,111011877462458]
[08:23:32.865][MXC][I]dispatch ts translate ret [1788942212091751907, 1788942212091757587]
[08:23:32.865][MXC][I]raw dispatch ts:[111011877677877,111011877686271]
[08:23:32.865][MXC][I]dispatch ts translate ret [1788942212093911776, 1788942212093995716]
[08:23:32.865][MXC][I]raw dispatch ts:[111011954836491,111011954840400]
[08:23:32.865][MXC][I]dispatch ts translate ret [1788942212865497069, 1788942212865536159]
[08:23:32.865][MCBLAS][I]mcblasSgemmStridedBatched 1 0 128 16 64 64 64 128 256 8192 1024 2048 1.000000 0.000000
[08:23:32.866][MCBLASLT][I]Kernsel found best solution: Kernel name: mcblas__Mck_sgemm_tn_128x32x32_1m1n4k_256t_fp32_fp32_fp32_sb_0_0, slt:0, swap:0, ksplit:0
[08:23:32.866][MCBLASLT][I]module get function mcblas__Mck_sgemm_tn_128x32x32_1m1n4k_256t_fp32_fp32_fp32_sb_0_0 successed
[08:23:32.884][MCBLASLT][I]mcModuleLaunchKernel successed, ret = 0
[08:23:32.887][MCR][I]mc_memory.cpp            :1671: copy strategy - H2DCpuCopy:0,D2HCpuCopy:0,cpuCopy:0,d2dCrossDevices:0,pageableHToDAsync:0
[08:23:32.887][MCR][I]mc_memory.cpp            :1672: copy strategy - isAsync:0,waitComplete:0
[08:23:32.887][MXC][I]raw dispatch ts:[111011957072717,111011957072814]
[08:23:32.887][MXC][I]dispatch ts translate ret [1788942212887859335, 1788942212887860305]
[08:23:32.902][MCBLASLT][I]set_workspace is called ! user allocated size: 67108864B = 64.000000MB
[08:23:32.902][MCBLAS][I]mcblasSgemmStridedBatched 0 0 64 16 128 64 128 64 256 8192 2048 1024 1.000000 0.000000
[08:23:32.903][MCBLASLT][I]Kernsel found best solution: Kernel name: mcblas__Mck_sgemm_nn_64x32x64_1m1n4k_256t_fp32_fp32_fp32_sb_0_0, slt:0, swap:1, ksplit:0
[08:23:32.903][MCBLASLT][I]module get function mcblas__Mck_sgemm_nn_64x32x64_1m1n4k_256t_fp32_fp32_fp32_sb_0_0 successed
[08:23:32.903][MCBLASLT][I]mcModuleLaunchKernel successed, ret = 0
[08:23:32.903][MCR][I]mc_memory.cpp            :1671: copy strategy - H2DCpuCopy:0,D2HCpuCopy:0,cpuCopy:0,d2dCrossDevices:0,pageableHToDAsync:0
[08:23:32.903][MCR][I]mc_memory.cpp            :1672: copy strategy - isAsync:0,waitComplete:0
[08:23:32.903][MXC][I]raw dispatch ts:[111011958613799,111011958613892]
[08:23:32.903][MXC][I]dispatch ts translate ret [1788942212903270020, 1788942212903270950]
[08:23:32.903][MXC][I]raw async_copy ts:[44523548857138,44523548871360]
[08:23:32.903][MXC][I]sdma_ts_.sdma_counter:44522531745967
[08:23:32.903][MXC][I]DNOCfreq:900000000, async_copy ts translate ret [1788942213185836228, 1788942213185852030]
[08:23:32.903][MXC][I]raw dispatch ts:[111011956759196,111011956760900]
[08:23:32.903][MXC][I]dispatch ts translate ret [1788942212884724153, 1788942212884741193]
[08:23:32.903][MXC][I]raw dispatch ts:[111011956781393,111011956781904]
[08:23:32.903][MXC][I]dispatch ts translate ret [1788942212884946121, 1788942212884951231]
[08:23:32.903][MXC][I]raw dispatch ts:[111011957057956,111011957058419]
[08:23:32.903][MXC][I]dispatch ts translate ret [1788942212887711727, 1788942212887716357]
[08:23:32.903][MXC][I]raw async_copy ts:[44523530372998,44523530417910]
[08:23:32.903][MXC][I]sdma_ts_.sdma_counter:44522531745967
[08:23:32.903][MXC][I]DNOCfreq:900000000, async_copy ts translate ret [1788942213165298295, 1788942213165348197]
[08:23:32.903][MXC][I]raw dispatch ts:[111011958207406,111011958208497]
[08:23:32.903][MXC][I]dispatch ts translate ret [1788942212899206125, 1788942212899217035]
[08:23:32.903][MXC][I]raw dispatch ts:[111011958507953,111011958509269]
[08:23:32.903][MXC][I]dispatch ts translate ret [1788942212902211569, 1788942212902224729]
[08:23:32.903][MXC][I]raw dispatch ts:[111011958516560,111011958517257]
[08:23:32.903][MXC][I]dispatch ts translate ret [1788942212902297638, 1788942212902304608]
[08:23:32.903][MXC][I]raw dispatch ts:[111011958522015,111011958530359]
[08:23:32.903][MXC][I]dispatch ts translate ret [1788942212902352188, 1788942212902435627]
[08:23:32.903][MXC][I]raw dispatch ts:[111011958598601,111011958599987]
[08:23:32.903][MXC][I]dispatch ts translate ret [1788942212903118041, 1788942212903131901]
[08:23:32.903][MXC][I]raw dispatch ts:[111011958610300,111011958611027]
[08:23:32.903][MXC][I]dispatch ts translate ret [1788942212903235030, 1788942212903242300]
[08:23:32.903][MCBLASLT][I]set_workspace is called ! user allocated size: 67108864B = 64.000000MB
[08:23:32.903][MCBLAS][I]mcblasSgemmStridedBatched 1 0 128 16 64 64 64 128 256 8192 1024 2048 1.000000 0.000000
[08:23:32.903][MCBLASLT][I]Kernsel found best solution: Kernel name: mcblas__Mck_sgemm_tn_128x32x32_1m1n4k_256t_fp32_fp32_fp32_sb_0_0, slt:0, swap:0, ksplit:0
[08:23:32.903][MCBLASLT][I]module get function mcblas__Mck_sgemm_tn_128x32x32_1m1n4k_256t_fp32_fp32_fp32_sb_0_0 successed
[08:23:32.903][MCBLASLT][I]mcModuleLaunchKernel successed, ret = 0
[08:23:32.903][MXC][I]raw dispatch ts:[111011958621134,111011958621511]
[08:23:32.903][MXC][I]dispatch ts translate ret [1788942212903343368, 1788942212903347138]
[08:23:32.903][MXC][I]raw dispatch ts:[111011958624081,111011958624477]
[08:23:32.903][MXC][I]dispatch ts translate ret [1788942212903372838, 1788942212903376798]
[08:23:32.903][MCR][I]mc_memory.cpp            :1671: copy strategy - H2DCpuCopy:0,D2HCpuCopy:0,cpuCopy:0,d2dCrossDevices:0,pageableHToDAsync:0
[08:23:32.903][MCR][I]mc_memory.cpp            :1672: copy strategy - isAsync:0,waitComplete:0
[08:23:32.903][MXC][I]raw dispatch ts:[111011958627094,111011958627339]
[08:23:32.903][MXC][I]dispatch ts translate ret [1788942212903402989, 1788942212903405440]
[08:23:32.903][MXC][I]raw dispatch ts:[111011958674260,111011958674356]
[08:23:32.903][MXC][I]dispatch ts translate ret [1788942212903874724, 1788942212903875684]
[08:23:32.903][MXC][I]raw dispatch ts:[111011958629897,111011958630426]
[08:23:32.903][MXC][I]dispatch ts translate ret [1788942212903431024, 1788942212903436315]
[08:23:32.903][MXC][I]raw async_copy ts:[44523549576210,44523549619234]
[08:23:32.903][MXC][I]sdma_ts_.sdma_counter:44522531745967
[08:23:32.903][MXC][I]DNOCfreq:900000000, async_copy ts translate ret [1788942213186635197, 1788942213186683001]
[08:23:32.903][MXC][I]raw dispatch ts:[111011958633018,111011958633520]
[08:23:32.903][MCBLASLT][I]set_workspace is called ! user allocated size: 67108864B = 64.000000MB
[08:23:32.903][MXC][I]dispatch ts translate ret [1788942212903462239, 1788942212903467260]
[08:23:32.903][MCBLAS][I]mcblasSgemmStridedBatched 0 0 64 16 128 64 128 64 256 8192 2048 1024 1.000000 0.000000
[08:23:32.903][MCBLASLT][I]Kernsel found best solution: Kernel name: mcblas__Mck_sgemm_nn_64x32x64_1m1n4k_256t_fp32_fp32_fp32_sb_0_0, slt:0, swap:1, ksplit:0
[08:23:32.903][MXC][I]raw dispatch ts:[111011958633799,111011958634151]
[08:23:32.903][MXC][I]dispatch ts translate ret [1788942212903470050, 1788942212903473571]
[08:23:32.903][MCBLASLT][I]module get function mcblas__Mck_sgemm_nn_64x32x64_1m1n4k_256t_fp32_fp32_fp32_sb_0_0 successed
[08:23:32.903][MXC][I]raw dispatch ts:[111011958636746,111011958637063]
[08:23:32.903][MXC][I]dispatch ts translate ret [1788942212903499525, 1788942212903502695]
[08:23:32.903][MCBLASLT][I]mcModuleLaunchKernel successed, ret = 0
[08:23:32.903][MXC][I]raw dispatch ts:[111011958639659,111011958639914]
[08:23:32.903][MXC][I]dispatch ts translate ret [1788942212903528659, 1788942212903531210]
[08:23:32.904][MXC][I]raw dispatch ts:[111011958642506,111011958643334]
[08:23:32.904][MXC][I]dispatch ts translate ret [1788942212903557134, 1788942212903565415]
[08:23:32.904][MXC][I]raw dispatch ts:[111011958645869,111011958646179]
[08:23:32.904][MXC][I]dispatch ts translate ret [1788942212903590769, 1788942212903593870]
[08:23:32.904][MCR][I]mc_memory.cpp            :1671: copy strategy - H2DCpuCopy:0,D2HCpuCopy:0,cpuCopy:0,d2dCrossDevices:0,pageableHToDAsync:0
[08:23:32.904][MCR][I]mc_memory.cpp            :1672: copy strategy - isAsync:0,waitComplete:0
[08:23:32.904][MXC][I]raw dispatch ts:[111011958646487,111011958647034]
[08:23:32.904][MXC][I]dispatch ts translate ret [1788942212903596950, 1788942212903602421]
[08:23:32.904][MXC][I]raw dispatch ts:[111011958698324,111011958698557]
[08:23:32.904][MXC][I]dispatch ts translate ret [1788942212904115372, 1788942212904117702]
[08:23:32.904][MXC][I]raw dispatch ts:[111011958649594,111011958650309]
[08:23:32.904][MXC][I]dispatch ts translate ret [1788942212903628062, 1788942212903635212]
[08:23:32.904][MXC][I]raw async_copy ts:[44523549872943,44523549884562]
[08:23:32.904][MXC][I]sdma_ts_.sdma_counter:44522531745967
[08:23:32.904][MXC][I]DNOCfreq:900000000, async_copy ts translate ret [1788942213186964900, 1788942213186977810]
[08:23:32.904][MXC][I]raw dispatch ts:[111011958650592,111011958651104]
[08:23:32.904][MXC][I]dispatch ts translate ret [1788942212903638042, 1788942212903643162]
[08:23:32.904][MXC][I]raw dispatch ts:[111011958653674,111011958656155]
[08:23:32.904][MXC][I]dispatch ts translate ret [1788942212903668862, 1788942212903693672]
[08:23:32.904][MXC][I]raw dispatch ts:[111011958663810,111011958665240]
[08:23:32.904][MXC][I]dispatch ts translate ret [1788942212903770221, 1788942212903784521]
[08:23:32.904][MXC][I]raw dispatch ts:[111011958668049,111011958668522]
[08:23:32.904][MXC][I]dispatch ts translate ret [1788942212903812611, 1788942212903817341]
[08:23:32.904][MXC][I]raw dispatch ts:[111011958671322,111011958671633]
[08:23:32.904][MXC][I]dispatch ts translate ret [1788942212903845341, 1788942212903848451]
[08:23:32.904][MXC][I]raw dispatch ts:[111011958684258,111011958685319]
[08:23:32.904][MXC][I]dispatch ts translate ret [1788942212903974706, 1788942212903985316]
[08:23:32.904][MXC][I]raw dispatch ts:[111011958688107,111011958689209]
[08:23:32.904][MXC][I]dispatch ts translate ret [1788942212904013198, 1788942212904024218]
[08:23:32.904][MXC][I]raw dispatch ts:[111011958689486,111011958690100]
[08:23:32.904][MXC][I]dispatch ts translate ret [1788942212904026988, 1788942212904033129]
[08:23:32.904][MXC][I]raw dispatch ts:[111011958690378,111011958692820]
[08:23:32.904][MXC][I]dispatch ts translate ret [1788942212904035909, 1788942212904060330]
[08:23:32.904][MXC][I]raw dispatch ts:[111011958695723,111011958697139]
[08:23:32.904][MXC][I]dispatch ts translate ret [1788942212904089361, 1788942212904103522]
[08:23:32.904][MXC][I]raw dispatch ts:[111011958697419,111011958698060]
[08:23:32.904][MXC][I]dispatch ts translate ret [1788942212904106322, 1788942212904112732]
[08:23:32.904][MCBLASLT][I]set_workspace is called ! user allocated size: 67108864B = 64.000000MB
[08:23:32.904][MCBLAS][I]mcblasSgemmStridedBatched 1 0 128 16 64 64 64 128 256 8192 1024 2048 1.000000 0.000000
[08:23:32.904][MCBLASLT][I]Kernsel found best solution: Kernel name: mcblas__Mck_sgemm_tn_128x32x32_1m1n4k_256t_fp32_fp32_fp32_sb_0_0, slt:0, swap:0, ksplit:0
[08:23:32.904][MCBLASLT][I]module get function mcblas__Mck_sgemm_tn_128x32x32_1m1n4k_256t_fp32_fp32_fp32_sb_0_0 successed
[08:23:32.904][MCBLASLT][I]mcModuleLaunchKernel successed, ret = 0
[08:23:32.904][MXC][I]raw dispatch ts:[111011958705405,111011958705778]
[08:23:32.904][MXC][I]dispatch ts translate ret [1788942212904186184, 1788942212904189914]
[08:23:32.904][MXC][I]raw dispatch ts:[111011958708434,111011958708854]
[08:23:32.904][MXC][I]dispatch ts translate ret [1788942212904216475, 1788942212904220676]
[08:23:32.904][MCR][I]mc_memory.cpp            :1671: copy strategy - H2DCpuCopy:0,D2HCpuCopy:0,cpuCopy:0,d2dCrossDevices:0,pageableHToDAsync:0
[08:23:32.904][MCR][I]mc_memory.cpp            :1672: copy strategy - isAsync:0,waitComplete:0
[08:23:32.904][MXC][I]raw dispatch ts:[111011958709140,111011958709331]
[08:23:32.904][MXC][I]dispatch ts translate ret [1788942212904223499, 1788942212904225408]
[08:23:32.904][MXC][I]raw dispatch ts:[111011958732461,111011958732710]
[08:23:32.904][MXC][I]dispatch ts translate ret [1788942212904456628, 1788942212904459118]
[08:23:32.904][MXC][I]raw dispatch ts:[111011958709606,111011958710106]
[08:23:32.904][MXC][I]dispatch ts translate ret [1788942212904228157, 1788942212904233156]
[08:23:32.904][MCBLASLT][I]set_workspace is called ! user allocated size: 67108864B = 64.000000MB
[08:23:32.904][MCBLAS][I]mcblasSgemmStridedBatched 0 0 64 16 128 64 128 64 256 8192 2048 1024 1.000000 0.000000
[08:23:32.904][MCBLASLT][I]Kernsel found best solution: Kernel name: mcblas__Mck_sgemm_nn_64x32x64_1m1n4k_256t_fp32_fp32_fp32_sb_0_0, slt:0, swap:1, ksplit:0
[08:23:32.904][MCBLASLT][I]module get function mcblas__Mck_sgemm_nn_64x32x64_1m1n4k_256t_fp32_fp32_fp32_sb_0_0 successed
[08:23:32.904][MXC][I]raw async_copy ts:[44523550280830,44523550323259]
[08:23:32.904][MXC][I]sdma_ts_.sdma_counter:44522531745967
[08:23:32.904][MCBLASLT][I]mcModuleLaunchKernel successed, ret = 0
[08:23:32.904][MXC][I]DNOCfreq:900000000, async_copy ts translate ret [1788942213187418108, 1788942213187465251]
[08:23:32.904][MXC][I]raw dispatch ts:[111011958712757,111011958713208]
[08:23:32.904][MXC][I]dispatch ts translate ret [1788942212904259657, 1788942212904264165]
[08:23:32.904][MXC][I]raw dispatch ts:[111011958713498,111011958713856]
[08:23:32.904][MXC][I]dispatch ts translate ret [1788942212904267064, 1788942212904270643]
[08:23:32.904][MCR][I]mc_memory.cpp            :1671: copy strategy - H2DCpuCopy:0,D2HCpuCopy:0,cpuCopy:0,d2dCrossDevices:0,pageableHToDAsync:0
[08:23:32.904][MCR][I]mc_memory.cpp            :1672: copy strategy - isAsync:0,waitComplete:0
[08:23:32.904][MXC][I]raw dispatch ts:[111011958714126,111011958714423]
[08:23:32.904][MXC][I]dispatch ts translate ret [1788942212904273342, 1788942212904276311]
[08:23:32.904][MXC][I]raw dispatch ts:[111011958714692,111011958714879]
[08:23:32.904][MXC][I]dispatch ts translate ret [1788942212904279000, 1788942212904280869]
[08:23:32.904][MXC][I]raw dispatch ts:[111011958715143,111011958715871]
[08:23:32.904][MXC][I]dispatch ts translate ret [1788942212904283508, 1788942212904290786]
[08:23:32.904][MXC][I]raw dispatch ts:[111011958718458,111011958718755]
[08:23:32.904][MXC][I]dispatch ts translate ret [1788942212904316647, 1788942212904319616]
[08:23:32.904][MXC][I]raw dispatch ts:[111011958719051,111011958719605]
[08:23:32.904][MXC][I]dispatch ts translate ret [1788942212904322575, 1788942212904328113]
[08:23:32.904][MXC][I]raw dispatch ts:[111011958756895,111011958757039]
[08:23:32.904][MXC][I]dispatch ts translate ret [1788942212904700988, 1788942212904702428]
[08:23:32.904][MXC][I]raw dispatch ts:[111011958719882,111011958720559]
[08:23:32.904][MXC][I]dispatch ts translate ret [1788942212904330847, 1788942212904337617]
[08:23:32.904][MXC][I]raw async_copy ts:[44523550566566,44523550578245]
[08:23:32.904][MXC][I]sdma_ts_.sdma_counter:44522531745967
[08:23:32.904][MXC][I]DNOCfreq:900000000, async_copy ts translate ret [1788942213187735592, 1788942213187748568]
[08:23:32.904][MXC][I]raw dispatch ts:[111011958720835,111011958721357]
[08:23:32.904][MXC][I]dispatch ts translate ret [1788942212904340377, 1788942212904345597]
[08:23:32.904][MXC][I]raw dispatch ts:[111011958721628,111011958724102]
[08:23:32.904][MXC][I]dispatch ts translate ret [1788942212904348307, 1788942212904373047]
[08:23:32.904][MXC][I]raw dispatch ts:[111011958727070,111011958728474]
[08:23:32.904][MXC][I]dispatch ts translate ret [1788942212904402727, 1788942212904416767]
[08:23:32.904][MCBLASLT][I]set_workspace is called ! user allocated size: 67108864B = 64.000000MB
[08:23:32.904][MXC][I]raw dispatch ts:[111011958731200,111011958731672]
[08:23:32.904][MXC][I]dispatch ts translate ret [1788942212904444027, 1788942212904448747]
[08:23:32.904][MCBLAS][I]mcblasSgemmStridedBatched 1 0 128 16 64 64 64 128 256 8192 1024 2048 1.000000 0.000000
[08:23:32.904][MXC][I]raw dispatch ts:[111011958731953,111011958732188]
[08:23:32.904][MXC][I]dispatch ts translate ret [1788942212904451557, 1788942212904453907]
[08:23:32.904][MCBLASLT][I]Kernsel found best solution: Kernel name: mcblas__Mck_sgemm_tn_128x32x32_1m1n4k_256t_fp32_fp32_fp32_sb_0_0, slt:0, swap:0, ksplit:0
[08:23:32.904][MCBLASLT][I]module get function mcblas__Mck_sgemm_tn_128x32x32_1m1n4k_256t_fp32_fp32_fp32_sb_0_0 successed
[08:23:32.904][MXC][I]raw dispatch ts:[111011958743236,111011958744222]
[08:23:32.904][MXC][I]dispatch ts translate ret [1788942212904564392, 1788942212904574253]
[08:23:32.904][MCBLASLT][I]mcModuleLaunchKernel successed, ret = 0
[08:23:32.904][MXC][I]raw dispatch ts:[111011958747059,111011958748096]
[08:23:32.904][MXC][I]dispatch ts translate ret [1788942212904602624, 1788942212904612994]
[08:23:32.904][MXC][I]raw dispatch ts:[111011958748385,111011958748921]
[08:23:32.904][MXC][I]dispatch ts translate ret [1788942212904615884, 1788942212904621245]
[08:23:32.904][MXC][I]raw dispatch ts:[111011958749195,111011958751622]
[08:23:32.904][MXC][I]dispatch ts translate ret [1788942212904623985, 1788942212904648256]
[08:23:32.904][MXC][I]raw dispatch ts:[111011958751892,111011958753174]
[08:23:32.904][MXC][I]dispatch ts translate ret [1788942212904650956, 1788942212904663777]
[08:23:32.904][MXC][I]raw dispatch ts:[111011958755906,111011958756619]
[08:23:32.904][MXC][I]dispatch ts translate ret [1788942212904691098, 1788942212904698228]
[08:23:32.904][MCR][I]mc_memory.cpp            :1671: copy strategy - H2DCpuCopy:0,D2HCpuCopy:0,cpuCopy:0,d2dCrossDevices:0,pageableHToDAsync:0
[08:23:32.904][MCR][I]mc_memory.cpp            :1672: copy strategy - isAsync:0,waitComplete:0
[08:23:32.904][MXC][I]raw dispatch ts:[111011958763346,111011958763710]
[08:23:32.904][MXC][I]dispatch ts translate ret [1788942212904765500, 1788942212904769140]
[08:23:32.904][MXC][I]raw dispatch ts:[111011958766314,111011958766670]
[08:23:32.904][MXC][I]dispatch ts translate ret [1788942212904795181, 1788942212904798742]
[08:23:32.904][MXC][I]raw dispatch ts:[111011958766946,111011958767223]
[08:23:32.904][MXC][I]dispatch ts translate ret [1788942212904801502, 1788942212904804272]
[08:23:32.904][MCBLASLT][I]set_workspace is called ! user allocated size: 67108864B = 64.000000MB
[08:23:32.904][MCBLAS][I]mcblasSgemmStridedBatched 0 0 64 16 128 64 128 64 256 8192 2048 1024 1.000000 0.000000
[08:23:32.904][MCBLASLT][I]Kernsel found best solution: Kernel name: mcblas__Mck_sgemm_nn_64x32x64_1m1n4k_256t_fp32_fp32_fp32_sb_0_0, slt:0, swap:1, ksplit:0
[08:23:32.904][MCBLASLT][I]module get function mcblas__Mck_sgemm_nn_64x32x64_1m1n4k_256t_fp32_fp32_fp32_sb_0_0 successed
[08:23:32.904][MCBLASLT][I]mcModuleLaunchKernel successed, ret = 0
[08:23:32.905][MXC][I]raw dispatch ts:[111011958786570,111011958786949]
[08:23:32.905][MXC][I]dispatch ts translate ret [1788942212904997681, 1788942212905001470]
[08:23:32.905][MXC][I]raw dispatch ts:[111011958769417,111011958769912]
[08:23:32.905][MXC][I]dispatch ts translate ret [1788942212904826185, 1788942212904831134]
[08:23:32.905][MCR][I]mc_memory.cpp            :1671: copy strategy - H2DCpuCopy:0,D2HCpuCopy:0,cpuCopy:0,d2dCrossDevices:0,pageableHToDAsync:0
[08:23:32.905][MCR][I]mc_memory.cpp            :1672: copy strategy - isAsync:0,waitComplete:0
[08:23:32.905][MXC][I]raw async_copy ts:[44523550926222,44523550968696]
[08:23:32.905][MXC][I]sdma_ts_.sdma_counter:44522531745967
[08:23:32.905][MXC][I]DNOCfreq:900000000, async_copy ts translate ret [1788942213188135210, 1788942213188182403]
[08:23:32.905][MXC][I]raw dispatch ts:[111011958770197,111011958770544]
[08:23:32.905][MXC][I]dispatch ts translate ret [1788942212904833984, 1788942212904837453]
[08:23:32.905][MXC][I]raw dispatch ts:[111011958770827,111011958771180]
[08:23:32.905][MXC][I]dispatch ts translate ret [1788942212904840282, 1788942212904843812]
[08:23:32.905][MXC][I]raw dispatch ts:[111011958771451,111011958771668]
[08:23:32.905][MXC][I]dispatch ts translate ret [1788942212904846521, 1788942212904848691]
[08:23:32.905][MXC][I]raw dispatch ts:[111011958773901,111011958774142]
[08:23:32.905][MXC][I]dispatch ts translate ret [1788942212904871016, 1788942212904873426]
[08:23:32.905][MXC][I]raw dispatch ts:[111011958774450,111011958775258]
[08:23:32.905][MXC][I]dispatch ts translate ret [1788942212904876505, 1788942212904884584]
[08:23:32.905][MXC][I]raw dispatch ts:[111011958775551,111011958775843]
[08:23:32.905][MXC][I]dispatch ts translate ret [1788942212904887513, 1788942212904890432]
[08:23:32.905][MXC][I]raw dispatch ts:[111011958776128,111011958776591]
[08:23:32.905][MXC][I]dispatch ts translate ret [1788942212904893282, 1788942212904897911]
[08:23:32.905][MXC][I]raw dispatch ts:[111011958809353,111011958809498]
[08:23:32.905][MXC][I]dispatch ts translate ret [1788942212905225551, 1788942212905227001]
[08:23:32.905][MXC][I]raw dispatch ts:[111011958779294,111011958780047]
[08:23:32.905][MXC][I]dispatch ts translate ret [1788942212904924920, 1788942212904932450]
[08:23:32.905][MCBLASLT][I]set_workspace is called ! user allocated size: 67108864B = 64.000000MB
[08:23:32.905][MCBLAS][I]mcblasSgemmStridedBatched 1 0 128 16 64 64 64 128 256 8192 1024 2048 1.000000 0.000000
[08:23:32.905][MCBLASLT][I]Kernsel found best solution: Kernel name: mcblas__Mck_sgemm_tn_128x32x32_1m1n4k_256t_fp32_fp32_fp32_sb_0_0, slt:0, swap:0, ksplit:0
[08:23:32.905][MCBLASLT][I]module get function mcblas__Mck_sgemm_tn_128x32x32_1m1n4k_256t_fp32_fp32_fp32_sb_0_0 successed
[08:23:32.905][MCBLASLT][I]mcModuleLaunchKernel successed, ret = 0
[08:23:32.905][MXC][I]raw async_copy ts:[44523551195571,44523551207419]
[08:23:32.905][MXC][I]sdma_ts_.sdma_counter:44522531745967
[08:23:32.905][MXC][I]DNOCfreq:900000000, async_copy ts translate ret [1788942213188434487, 1788942213188447651]
[08:23:32.905][MXC][I]raw dispatch ts:[111011958780323,111011958780831]
[08:23:32.905][MXC][I]dispatch ts translate ret [1788942212904935210, 1788942212904940290]
[08:23:32.905][MXC][I]raw dispatch ts:[111011958781102,111011958783644]
[08:23:32.905][MXC][I]dispatch ts translate ret [1788942212904943000, 1788942212904968420]
[08:23:32.905][MXC][I]raw dispatch ts:[111011958783917,111011958785147]
[08:23:32.905][MXC][I]dispatch ts translate ret [1788942212904971150, 1788942212904983450]
[08:23:32.905][MXC][I]raw dispatch ts:[111011958785421,111011958785800]
[08:23:32.905][MXC][I]dispatch ts translate ret [1788942212904986190, 1788942212904989980]
[08:23:32.905][MCR][I]mc_memory.cpp            :1671: copy strategy - H2DCpuCopy:0,D2HCpuCopy:0,cpuCopy:0,d2dCrossDevices:0,pageableHToDAsync:0
[08:23:32.905][MXC][I]raw dispatch ts:[111011958786072,111011958786299]
[08:23:32.905][MCR][I]mc_memory.cpp            :1672: copy strategy - isAsync:0,waitComplete:0
[08:23:32.905][MXC][I]dispatch ts translate ret [1788942212904992700, 1788942212904994970]
[08:23:32.905][MXC][I]raw dispatch ts:[111011958795649,111011958796662]
[08:23:32.905][MXC][I]dispatch ts translate ret [1788942212905088485, 1788942212905098617]
[08:23:32.905][MXC][I]raw dispatch ts:[111011958799429,111011958800462]
[08:23:32.905][MXC][I]dispatch ts translate ret [1788942212905126292, 1788942212905136624]
[08:23:32.905][MXC][I]raw dispatch ts:[111011958800746,111011958801283]
[08:23:32.905][MXC][I]dispatch ts translate ret [1788942212905139465, 1788942212905144836]
[08:23:32.905][MXC][I]raw dispatch ts:[111011958801563,111011958804005]
[08:23:32.905][MXC][I]dispatch ts translate ret [1788942212905147636, 1788942212905172061]
[08:23:32.905][MXC][I]raw dispatch ts:[111011958804286,111011958805545]
[08:23:32.905][MXC][I]dispatch ts translate ret [1788942212905174872, 1788942212905187464]
[08:23:32.905][MCBLASLT][I]set_workspace is called ! user allocated size: 67108864B = 64.000000MB
[08:23:32.905][MXC][I]raw dispatch ts:[111011958808351,111011958809067]
[08:23:32.905][MXC][I]dispatch ts translate ret [1788942212905215529, 1788942212905222691]
[08:23:32.905][MCBLAS][I]mcblasSgemmStridedBatched 0 0 64 16 128 64 128 64 256 8192 2048 1024 1.000000 0.000000
[08:23:32.905][MCBLASLT][I]Kernsel found best solution: Kernel name: mcblas__Mck_sgemm_nn_64x32x64_1m1n4k_256t_fp32_fp32_fp32_sb_0_0, slt:0, swap:1, ksplit:0
[08:23:32.905][MCBLASLT][I]module get function mcblas__Mck_sgemm_nn_64x32x64_1m1n4k_256t_fp32_fp32_fp32_sb_0_0 successed
[08:23:32.905][MCBLASLT][I]mcModuleLaunchKernel successed, ret = 0
[08:23:32.905][MXC][I]raw dispatch ts:[111011958815562,111011958815939]
[08:23:32.905][MXC][I]dispatch ts translate ret [1788942212905287652, 1788942212905291423]
[08:23:32.905][MXC][I]raw dispatch ts:[111011958818634,111011958818985]
[08:23:32.905][MXC][I]dispatch ts translate ret [1788942212905318378, 1788942212905321889]
[08:23:32.905][MCR][I]mc_memory.cpp            :1671: copy strategy - H2DCpuCopy:0,D2HCpuCopy:0,cpuCopy:0,d2dCrossDevices:0,pageableHToDAsync:0
[08:23:32.905][MXC][I]raw dispatch ts:[111011958819280,111011958819542]
[08:23:32.905][MCR][I]mc_memory.cpp            :1672: copy strategy - isAsync:0,waitComplete:0
[08:23:32.905][MXC][I]dispatch ts translate ret [1788942212905324839, 1788942212905327460]
[08:23:32.905][MXC][I]raw dispatch ts:[111011958845677,111011958845927]
[08:23:32.905][MXC][I]dispatch ts translate ret [1788942212905588816, 1788942212905591316]
[08:23:32.905][MXC][I]raw dispatch ts:[111011958819815,111011958820303]
[08:23:32.905][MXC][I]dispatch ts translate ret [1788942212905330179, 1788942212905335059]
[08:23:32.905][MCBLASLT][I]set_workspace is called ! user allocated size: 67108864B = 64.000000MB
[08:23:32.905][MCBLAS][I]mcblasSgemmStridedBatched 1 0 128 16 64 64 64 128 256 8192 1024 2048 1.000000 0.000000
[08:23:32.905][MCBLASLT][I]Kernsel found best solution: Kernel name: mcblas__Mck_sgemm_tn_128x32x32_1m1n4k_256t_fp32_fp32_fp32_sb_0_0, slt:0, swap:0, ksplit:0
[08:23:32.905][MCBLASLT][I]module get function mcblas__Mck_sgemm_tn_128x32x32_1m1n4k_256t_fp32_fp32_fp32_sb_0_0 successed
[08:23:32.905][MCBLASLT][I]mcModuleLaunchKernel successed, ret = 0
[08:23:32.905][MXC][I]raw async_copy ts:[44523551635494,44523551677847]
[08:23:32.905][MXC][I]sdma_ts_.sdma_counter:44522531745967
[08:23:32.905][MXC][I]DNOCfreq:900000000, async_copy ts translate ret [1788942213188923290, 1788942213188970348]
[08:23:32.905][MXC][I]raw dispatch ts:[111011958822905,111011958823330]
[08:23:32.905][MXC][I]dispatch ts translate ret [1788942212905361081, 1788942212905365331]
[08:23:32.905][MXC][I]raw dispatch ts:[111011958823610,111011958823965]
[08:23:32.905][MXC][I]dispatch ts translate ret [1788942212905368131, 1788942212905371682]
[08:23:32.905][MCR][I]mc_memory.cpp            :1671: copy strategy - H2DCpuCopy:0,D2HCpuCopy:0,cpuCopy:0,d2dCrossDevices:0,pageableHToDAsync:0
[08:23:32.905][MCR][I]mc_memory.cpp            :1672: copy strategy - isAsync:0,waitComplete:0
[08:23:32.905][MXC][I]raw dispatch ts:[111011958824238,111011958824525]
[08:23:32.905][MXC][I]dispatch ts translate ret [1788942212905374412, 1788942212905377282]
[08:23:32.905][MXC][I]raw dispatch ts:[111011958824794,111011958824982]
[08:23:32.905][MXC][I]dispatch ts translate ret [1788942212905379972, 1788942212905381852]
[08:23:32.905][MXC][I]raw dispatch ts:[111011958825248,111011958825988]
[08:23:32.905][MXC][I]dispatch ts translate ret [1788942212905384513, 1788942212905391913]
[08:23:32.905][MXC][I]raw dispatch ts:[111011958828622,111011958828919]
[08:23:32.905][MXC][I]dispatch ts translate ret [1788942212905418255, 1788942212905421225]
[08:23:32.905][MXC][I]raw dispatch ts:[111011958829220,111011958829754]
[08:23:32.905][MXC][I]dispatch ts translate ret [1788942212905424235, 1788942212905429575]
[08:23:32.905][MCBLASLT][I]set_workspace is called ! user allocated size: 67108864B = 64.000000MB
[08:23:32.905][MCBLAS][I]mcblasSgemmStridedBatched 0 0 64 16 128 64 128 64 256 8192 2048 1024 1.000000 0.000000
[08:23:32.905][MCBLASLT][I]Kernsel found best solution: Kernel name: mcblas__Mck_sgemm_nn_64x32x64_1m1n4k_256t_fp32_fp32_fp32_sb_0_0, slt:0, swap:1, ksplit:0
[08:23:32.905][MCBLASLT][I]module get function mcblas__Mck_sgemm_nn_64x32x64_1m1n4k_256t_fp32_fp32_fp32_sb_0_0 successed
[08:23:32.905][MCBLASLT][I]mcModuleLaunchKernel successed, ret = 0
[08:23:32.905][MCR][I]mc_memory.cpp            :1671: copy strategy - H2DCpuCopy:0,D2HCpuCopy:0,cpuCopy:0,d2dCrossDevices:0,pageableHToDAsync:0
[08:23:32.905][MCR][I]mc_memory.cpp            :1672: copy strategy - isAsync:0,waitComplete:0
[08:23:32.905][MXC][I]raw dispatch ts:[111011958874620,111011958874828]
[08:23:32.905][MXC][I]dispatch ts translate ret [1788942212905878340, 1788942212905880421]
[08:23:32.905][MXC][I]raw dispatch ts:[111011958830033,111011958830709]
[08:23:32.905][MXC][I]dispatch ts translate ret [1788942212905432378, 1788942212905439138]
[08:23:32.905][MXC][I]raw async_copy ts:[44523551984850,44523551996568]
[08:23:32.905][MXC][I]sdma_ts_.sdma_counter:44522531745967
[08:23:32.905][MXC][I]DNOCfreq:900000000, async_copy ts translate ret [1788942213189311463, 1788942213189324483]
[08:23:32.905][MXC][I]raw dispatch ts:[111011958830998,111011958831508]
[08:23:32.905][MXC][I]dispatch ts translate ret [1788942212905442028, 1788942212905447128]
[08:23:32.905][MXC][I]raw dispatch ts:[111011958831788,111011958840046]
[08:23:32.905][MXC][I]dispatch ts translate ret [1788942212905449928, 1788942212905532507]
[08:23:32.905][MXC][I]raw dispatch ts:[111011958840329,111011958841577]
[08:23:32.905][MXC][I]dispatch ts translate ret [1788942212905535337, 1788942212905547817]
[08:23:32.905][MXC][I]raw dispatch ts:[111011958844403,111011958844886]
[08:23:32.905][MXC][I]dispatch ts translate ret [1788942212905576077, 1788942212905580907]
[08:23:32.905][MXC][I]raw dispatch ts:[111011958845158,111011958845417]
[08:23:32.905][MXC][I]dispatch ts translate ret [1788942212905583627, 1788942212905586217]
[08:23:32.905][MXC][I]raw dispatch ts:[111011958854825,111011958855853]
[08:23:32.905][MXC][I]dispatch ts translate ret [1788942212905680324, 1788942212905690608]
[08:23:32.905][MCBLASLT][I]set_workspace is called ! user allocated size: 67108864B = 64.000000MB
[08:23:32.905][MXC][I]raw dispatch ts:[111011958858659,111011958859825]
[08:23:32.906][MCBLAS][I]mcblasSgemmStridedBatched 1 0 128 16 64 64 64 128 256 8192 1024 2048 1.000000 0.000000
[08:23:32.906][MXC][I]dispatch ts translate ret [1788942212905718677, 1788942212905730341]
[08:23:32.906][MCBLASLT][I]Kernsel found best solution: Kernel name: mcblas__Mck_sgemm_tn_128x32x32_1m1n4k_256t_fp32_fp32_fp32_sb_0_0, slt:0, swap:0, ksplit:0
[08:23:32.906][MCBLASLT][I]module get function mcblas__Mck_sgemm_tn_128x32x32_1m1n4k_256t_fp32_fp32_fp32_sb_0_0 successed
[08:23:32.906][MXC][I]raw dispatch ts:[111011958860106,111011958860726]
[08:23:32.906][MXC][I]dispatch ts translate ret [1788942212905733152, 1788942212905739354]
[08:23:32.906][MCBLASLT][I]mcModuleLaunchKernel successed, ret = 0
[08:23:32.906][MXC][I]raw dispatch ts:[111011958861003,111011958869201]
[08:23:32.906][MXC][I]dispatch ts translate ret [1788942212905742125, 1788942212905824132]
[08:23:32.906][MXC][I]raw dispatch ts:[111011958871999,111011958873356]
[08:23:32.906][MXC][I]dispatch ts translate ret [1788942212905852121, 1788942212905865696]
[08:23:32.906][MXC][I]raw dispatch ts:[111011958873636,111011958874348]
[08:23:32.906][MXC][I]dispatch ts translate ret [1788942212905868497, 1788942212905875619]
[08:23:32.906][MXC][I]raw dispatch ts:[111011958881248,111011958881621]
[08:23:32.906][MXC][I]dispatch ts translate ret [1788942212905944641, 1788942212905948372]
[08:23:32.906][MXC][I]raw dispatch ts:[111011958884279,111011958884637]
[08:23:32.906][MXC][I]dispatch ts translate ret [1788942212905974961, 1788942212905978542]
[08:23:32.906][MCR][I]mc_memory.cpp            :1671: copy strategy - H2DCpuCopy:0,D2HCpuCopy:0,cpuCopy:0,d2dCrossDevices:0,pageableHToDAsync:0
[08:23:32.906][MCR][I]mc_memory.cpp            :1672: copy strategy - isAsync:0,waitComplete:0
[08:23:32.906][MXC][I]raw dispatch ts:[111011958884920,111011958885169]
[08:23:32.906][MXC][I]dispatch ts translate ret [1788942212905981373, 1788942212905983864]
[08:23:32.906][MCBLASLT][I]set_workspace is called ! user allocated size: 67108864B = 64.000000MB
[08:23:32.906][MCBLAS][I]mcblasSgemmStridedBatched 0 0 64 16 128 64 128 64 256 8192 2048 1024 1.000000 0.000000
[08:23:32.906][MCBLASLT][I]Kernsel found best solution: Kernel name: mcblas__Mck_sgemm_nn_64x32x64_1m1n4k_256t_fp32_fp32_fp32_sb_0_0, slt:0, swap:1, ksplit:0
[08:23:32.906][MCBLASLT][I]module get function mcblas__Mck_sgemm_nn_64x32x64_1m1n4k_256t_fp32_fp32_fp32_sb_0_0 successed
[08:23:32.906][MCBLASLT][I]mcModuleLaunchKernel successed, ret = 0
[08:23:32.906][MXC][I]raw dispatch ts:[111011958905472,111011958905829]
[08:23:32.906][MXC][I]dispatch ts translate ret [1788942212906186807, 1788942212906190377]
[08:23:32.906][MCR][I]mc_memory.cpp            :1671: copy strategy - H2DCpuCopy:0,D2HCpuCopy:0,cpuCopy:0,d2dCrossDevices:0,pageableHToDAsync:0
[08:23:32.906][MCR][I]mc_memory.cpp            :1672: copy strategy - isAsync:0,waitComplete:0
[08:23:32.906][MXC][I]raw dispatch ts:[111011958885450,111011958885942]
[08:23:32.906][MXC][I]dispatch ts translate ret [1788942212905986624, 1788942212905991543]
[08:23:32.906][MXC][I]raw async_copy ts:[44523552369219,44523552411602]
[08:23:32.906][MXC][I]sdma_ts_.sdma_counter:44522531745967
[08:23:32.906][MXC][I]DNOCfreq:900000000, async_copy ts translate ret [1788942213189738540, 1788942213189785632]
[08:23:32.906][MXC][I]raw dispatch ts:[111011958888634,111011958889096]
[08:23:32.906][MXC][I]dispatch ts translate ret [1788942212906018458, 1788942212906023077]
[08:23:32.906][MXC][I]raw dispatch ts:[111011958889370,111011958889806]
[08:23:32.906][MXC][I]dispatch ts translate ret [1788942212906025817, 1788942212906030176]
[08:23:32.906][MXC][I]raw dispatch ts:[111011958890077,111011958890362]
[08:23:32.906][MXC][I]dispatch ts translate ret [1788942212906032886, 1788942212906035735]
[08:23:32.906][MXC][I]raw dispatch ts:[111011958890631,111011958890807]
[08:23:32.906][MXC][I]dispatch ts translate ret [1788942212906038424, 1788942212906040184]
[08:23:32.906][MXC][I]raw dispatch ts:[111011958893349,111011958894144]
[08:23:32.906][MXC][I]dispatch ts translate ret [1788942212906065599, 1788942212906073548]
[08:23:32.906][MXC][I]raw dispatch ts:[111011958894420,111011958894721]
[08:23:32.906][MXC][I]dispatch ts translate ret [1788942212906076308, 1788942212906079317]
[08:23:32.906][MXC][I]raw dispatch ts:[111011958894997,111011958895432]
[08:23:32.906][MXC][I]dispatch ts translate ret [1788942212906082076, 1788942212906086426]
[08:23:32.906][MCBLASLT][I]set_workspace is called ! user allocated size: 67108864B = 64.000000MB
[08:23:32.906][MCBLAS][I]mcblasSgemmStridedBatched 1 0 128 16 64 64 64 128 256 8192 1024 2048 1.000000 0.000000
[08:23:32.906][MCBLASLT][I]Kernsel found best solution: Kernel name: mcblas__Mck_sgemm_tn_128x32x32_1m1n4k_256t_fp32_fp32_fp32_sb_0_0, slt:0, swap:0, ksplit:0
[08:23:32.906][MCBLASLT][I]module get function mcblas__Mck_sgemm_tn_128x32x32_1m1n4k_256t_fp32_fp32_fp32_sb_0_0 successed
[08:23:32.906][MCBLASLT][I]mcModuleLaunchKernel successed, ret = 0
[08:23:32.906][MXC][I]raw dispatch ts:[111011958929483,111011958929627]
[08:23:32.906][MXC][I]dispatch ts translate ret [1788942212906426840, 1788942212906428279]
[08:23:32.906][MXC][I]raw dispatch ts:[111011958895703,111011958896336]
[08:23:32.906][MXC][I]dispatch ts translate ret [1788942212906089116, 1788942212906095446]
[08:23:32.906][MCR][I]mc_memory.cpp            :1671: copy strategy - H2DCpuCopy:0,D2HCpuCopy:0,cpuCopy:0,d2dCrossDevices:0,pageableHToDAsync:0
[08:23:32.906][MXC][I]raw async_copy ts:[44523552638195,44523552649809]
[08:23:32.906][MXC][I]sdma_ts_.sdma_counter:44522531745967
[08:23:32.906][MXC][I]DNOCfreq:900000000, async_copy ts translate ret [1788942213190037402, 1788942213190050306]
[08:23:32.906][MXC][I]raw dispatch ts:[111011958896610,111011958897135]
[08:23:32.906][MCR][I]mc_memory.cpp            :1672: copy strategy - isAsync:0,waitComplete:0
[08:23:32.906][MXC][I]dispatch ts translate ret [1788942212906098186, 1788942212906103436]
[08:23:32.906][MXC][I]raw dispatch ts:[111011958897406,111011958899804]
[08:23:32.906][MXC][I]dispatch ts translate ret [1788942212906106146, 1788942212906130126]
[08:23:32.906][MXC][I]raw dispatch ts:[111011958902641,111011958904028]
[08:23:32.906][MXC][I]dispatch ts translate ret [1788942212906158496, 1788942212906172366]
[08:23:32.906][MXC][I]raw dispatch ts:[111011958904315,111011958904710]
[08:23:32.906][MXC][I]dispatch ts translate ret [1788942212906175236, 1788942212906179186]
[08:23:32.906][MXC][I]raw dispatch ts:[111011958904985,111011958905204]
[08:23:32.906][MXC][I]dispatch ts translate ret [1788942212906181936, 1788942212906184126]
[08:23:32.906][MXC][I]raw dispatch ts:[111011958915905,111011958916868]
[08:23:32.906][MXC][I]dispatch ts translate ret [1788942212906291104, 1788942212906300731]
[08:23:32.906][MXC][I]raw dispatch ts:[111011958919624,111011958920700]
[08:23:32.906][MXC][I]dispatch ts translate ret [1788942212906328282, 1788942212906339039]
[08:23:32.906][MCBLASLT][I]set_workspace is called ! user allocated size: 67108864B = 64.000000MB
[08:23:32.906][MXC][I]raw dispatch ts:[111011958920978,111011958921527]
[08:23:32.906][MXC][I]dispatch ts translate ret [1788942212906341818, 1788942212906347306]
[08:23:32.906][MCBLAS][I]mcblasSgemmStridedBatched 0 0 64 16 128 64 128 64 256 8192 2048 1024 1.000000 0.000000
[08:23:32.906][MCBLASLT][I]Kernsel found best solution: Kernel name: mcblas__Mck_sgemm_nn_64x32x64_1m1n4k_256t_fp32_fp32_fp32_sb_0_0, slt:0, swap:1, ksplit:0
[08:23:32.906][MXC][I]raw dispatch ts:[111011958921801,111011958924226]
[08:23:32.906][MXC][I]dispatch ts translate ret [1788942212906350045, 1788942212906374287]
[08:23:32.906][MCBLASLT][I]module get function mcblas__Mck_sgemm_nn_64x32x64_1m1n4k_256t_fp32_fp32_fp32_sb_0_0 successed
[08:23:32.906][MXC][I]raw dispatch ts:[111011958924497,111011958925787]
[08:23:32.906][MXC][I]dispatch ts translate ret [1788942212906376996, 1788942212906389892]
[08:23:32.906][MCBLASLT][I]mcModuleLaunchKernel successed, ret = 0
[08:23:32.906][MXC][I]raw dispatch ts:[111011958928462,111011958929208]
[08:23:32.906][MXC][I]dispatch ts translate ret [1788942212906416633, 1788942212906424091]
[08:23:32.906][MXC][I]raw dispatch ts:[111011958936405,111011958936784]
[08:23:32.906][MXC][I]dispatch ts translate ret [1788942212906496036, 1788942212906499825]
[08:23:32.906][MXC][I]raw dispatch ts:[111011958939450,111011958939829]
[08:23:32.906][MXC][I]dispatch ts translate ret [1788942212906526476, 1788942212906530265]
[08:23:32.906][MCR][I]mc_memory.cpp            :1671: copy strategy - H2DCpuCopy:0,D2HCpuCopy:0,cpuCopy:0,d2dCrossDevices:0,pageableHToDAsync:0
[08:23:32.906][MCR][I]mc_memory.cpp            :1672: copy strategy - isAsync:0,waitComplete:0
[08:23:32.906][MXC][I]raw dispatch ts:[111011958940103,111011958940354]
[08:23:32.906][MXC][I]dispatch ts translate ret [1788942212906533035, 1788942212906535545]
[08:23:32.906][MXC][I]raw dispatch ts:[111011958960872,111011958960996]
[08:23:32.906][MXC][I]dispatch ts translate ret [1788942212906740740, 1788942212906741980]
[08:23:32.906][MXC][I]raw dispatch ts:[111011958940633,111011958941119]
[08:23:32.906][MXC][I]dispatch ts translate ret [1788942212906538334, 1788942212906543194]
[08:23:32.906][MXC][I]raw async_copy ts:[44523553014486,44523553056845]
[08:23:32.906][MXC][I]sdma_ts_.sdma_counter:44522531745967
[08:23:32.906][MXC][I]DNOCfreq:900000000, async_copy ts translate ret [1788942213190455503, 1788942213190502568]
[08:23:32.906][MXC][I]raw dispatch ts:[111011958943765,111011958944181]
[08:23:32.906][MXC][I]dispatch ts translate ret [1788942212906569654, 1788942212906573814]
[08:23:32.906][MXC][I]raw dispatch ts:[111011958944479,111011958944905]
[08:23:32.906][MXC][I]dispatch ts translate ret [1788942212906576794, 1788942212906581054]
[08:23:32.906][MXC][I]raw dispatch ts:[111011958945188,111011958945477]
[08:23:32.906][MXC][I]dispatch ts translate ret [1788942212906583884, 1788942212906586774]
[08:23:32.906][MCBLASLT][I]set_workspace is called ! user allocated size: 67108864B = 64.000000MB
[08:23:32.906][MXC][I]raw dispatch ts:[111011958945758,111011958945945]
[08:23:32.906][MXC][I]dispatch ts translate ret [1788942212906589584, 1788942212906591454]
[08:23:32.906][MCBLAS][I]mcblasSgemmStridedBatched 1 0 128 16 64 64 64 128 256 8192 1024 2048 1.000000 0.000000
[08:23:32.906][MCBLASLT][I]Kernsel found best solution: Kernel name: mcblas__Mck_sgemm_tn_128x32x32_1m1n4k_256t_fp32_fp32_fp32_sb_0_0, slt:0, swap:0, ksplit:0
[08:23:32.906][MCBLASLT][I]module get function mcblas__Mck_sgemm_tn_128x32x32_1m1n4k_256t_fp32_fp32_fp32_sb_0_0 successed
[08:23:32.906][MXC][I]raw dispatch ts:[111011958946220,111011958946973]
[08:23:32.906][MXC][I]dispatch ts translate ret [1788942212906594204, 1788942212906601734]
[08:23:32.906][MCBLASLT][I]mcModuleLaunchKernel successed, ret = 0
[08:23:32.906][MXC][I]raw dispatch ts:[111011958949549,111011958949846]
[08:23:32.906][MXC][I]dispatch ts translate ret [1788942212906627494, 1788942212906630464]
[08:23:32.906][MXC][I]raw dispatch ts:[111011958950140,111011958950697]
[08:23:32.906][MXC][I]dispatch ts translate ret [1788942212906633404, 1788942212906638975]
[08:23:32.906][MCR][I]mc_memory.cpp            :1671: copy strategy - H2DCpuCopy:0,D2HCpuCopy:0,cpuCopy:0,d2dCrossDevices:0,pageableHToDAsync:0
[08:23:32.906][MCR][I]mc_memory.cpp            :1672: copy strategy - isAsync:0,waitComplete:0
[08:23:32.906][MXC][I]raw dispatch ts:[111011958983925,111011958984136]
[08:23:32.906][MXC][I]dispatch ts translate ret [1788942212906971232, 1788942212906973342]
[08:23:32.906][MXC][I]raw dispatch ts:[111011958950975,111011958951730]
[08:23:32.906][MXC][I]dispatch ts translate ret [1788942212906641771, 1788942212906649321]
[08:23:32.907][MCBLASLT][I]set_workspace is called ! user allocated size: 67108864B = 64.000000MB
[08:23:32.907][MXC][I]raw async_copy ts:[44523553291048,44523553302797]
[08:23:32.907][MXC][I]sdma_ts_.sdma_counter:44522531745967
[08:23:32.907][MXC][I]DNOCfreq:900000000, async_copy ts translate ret [1788942213190762795, 1788942213190775849]
[08:23:32.907][MCBLAS][I]mcblasSgemmStridedBatched 0 0 64 16 128 64 128 64 256 8192 2048 1024 1.000000 0.000000
[08:23:32.907][MXC][I]raw dispatch ts:[111011958952003,111011958952585]
[08:23:32.907][MXC][I]dispatch ts translate ret [1788942212906652051, 1788942212906657871]
[08:23:32.907][MCBLASLT][I]Kernsel found best solution: Kernel name: mcblas__Mck_sgemm_nn_64x32x64_1m1n4k_256t_fp32_fp32_fp32_sb_0_0, slt:0, swap:1, ksplit:0
[08:23:32.907][MCBLASLT][I]module get function mcblas__Mck_sgemm_nn_64x32x64_1m1n4k_256t_fp32_fp32_fp32_sb_0_0 successed
[08:23:32.907][MXC][I]raw dispatch ts:[111011958952859,111011958955361]
[08:23:32.907][MXC][I]dispatch ts translate ret [1788942212906660611, 1788942212906685631]
[08:23:32.907][MCBLASLT][I]mcModuleLaunchKernel successed, ret = 0
[08:23:32.907][MXC][I]raw dispatch ts:[111011958955632,111011958956904]
[08:23:32.907][MXC][I]dispatch ts translate ret [1788942212906688341, 1788942212906701061]
[08:23:32.907][MXC][I]raw dispatch ts:[111011958957180,111011958957538]
[08:23:32.907][MXC][I]dispatch ts translate ret [1788942212906703821, 1788942212906707401]
[08:23:32.907][MXC][I]raw dispatch ts:[111011958960271,111011958960577]
[08:23:32.907][MXC][I]dispatch ts translate ret [1788942212906734731, 1788942212906737791]
[08:23:32.907][MCR][I]mc_memory.cpp            :1671: copy strategy - H2DCpuCopy:0,D2HCpuCopy:0,cpuCopy:0,d2dCrossDevices:0,pageableHToDAsync:0
[08:23:32.907][MXC][I]raw dispatch ts:[111011958970261,111011958971156]
[08:23:32.907][MCR][I]mc_memory.cpp            :1672: copy strategy - isAsync:0,waitComplete:0
[08:23:32.907][MXC][I]dispatch ts translate ret [1788942212906834615, 1788942212906843564]
[08:23:32.907][MXC][I]raw dispatch ts:[111011958973963,111011958975003]
[08:23:32.907][MXC][I]dispatch ts translate ret [1788942212906871629, 1788942212906882027]
[08:23:32.907][MXC][I]raw dispatch ts:[111011958975287,111011958975825]
[08:23:32.907][MXC][I]dispatch ts translate ret [1788942212906884867, 1788942212906890246]
[08:23:32.907][MXC][I]raw dispatch ts:[111011958976108,111011958978520]
[08:23:32.907][MXC][I]dispatch ts translate ret [1788942212906893075, 1788942212906917191]
[08:23:32.907][MXC][I]raw dispatch ts:[111011958981352,111011958982717]
[08:23:32.907][MXC][I]dispatch ts translate ret [1788942212906945506, 1788942212906959154]
[08:23:32.907][MXC][I]raw dispatch ts:[111011958983010,111011958983645]
[08:23:32.907][MXC][I]dispatch ts translate ret [1788942212906962083, 1788942212906968432]
[08:23:32.907][MXC][I]raw dispatch ts:[111011958991078,111011958991441]
[08:23:32.907][MXC][I]dispatch ts translate ret [1788942212907042749, 1788942212907046378]
[08:23:32.907][MXC][I]raw dispatch ts:[111011958993990,111011958994338]
[08:23:32.907][MXC][I]dispatch ts translate ret [1788942212907071864, 1788942212907075343]
[08:23:32.907][MXC][I]raw dispatch ts:[111011958995719,111011958995952]
[08:23:32.907][MXC][I]dispatch ts translate ret [1788942212907089239, 1788942212907091571]
[08:23:32.907][MXC][I]raw dispatch ts:[111011959013714,111011959014099]
[08:23:32.907][MXC][I]dispatch ts translate ret [1788942212907269301, 1788942212907273154]
[08:23:32.907][MXC][I]raw dispatch ts:[111011958996241,111011958996735]
[08:23:32.907][MXC][I]dispatch ts translate ret [1788942212907094463, 1788942212907099406]
[08:23:32.907][MCBLASLT][I]set_workspace is called ! user allocated size: 67108864B = 64.000000MB
[08:23:32.907][MCBLAS][I]mcblasSgemmStridedBatched 1 0 128 16 64 64 64 128 256 8192 1024 2048 1.000000 0.000000
[08:23:32.907][MCBLASLT][I]Kernsel found best solution: Kernel name: mcblas__Mck_sgemm_tn_128x32x32_1m1n4k_256t_fp32_fp32_fp32_sb_0_0, slt:0, swap:0, ksplit:0
[08:23:32.907][MCBLASLT][I]module get function mcblas__Mck_sgemm_tn_128x32x32_1m1n4k_256t_fp32_fp32_fp32_sb_0_0 successed
[08:23:32.907][MCBLASLT][I]mcModuleLaunchKernel successed, ret = 0
[08:23:32.907][MXC][I]raw async_copy ts:[44523553648520,44523553690911]
[08:23:32.907][MXC][I]sdma_ts_.sdma_counter:44522531745967
[08:23:32.907][MXC][I]DNOCfreq:900000000, async_copy ts translate ret [1788942213191159986, 1788942213191207087]
[08:23:32.907][MXC][I]raw dispatch ts:[111011958999355,111011958999785]
[08:23:32.907][MXC][I]dispatch ts translate ret [1788942212907125622, 1788942212907129925]
[08:23:32.907][MCR][I]mc_memory.cpp            :1671: copy strategy - H2DCpuCopy:0,D2HCpuCopy:0,cpuCopy:0,d2dCrossDevices:0,pageableHToDAsync:0
[08:23:32.907][MCR][I]mc_memory.cpp            :1672: copy strategy - isAsync:0,waitComplete:0
[08:23:32.907][MXC][I]raw dispatch ts:[111011959000066,111011959000424]
[08:23:32.907][MXC][I]dispatch ts translate ret [1788942212907132737, 1788942212907136319]
[08:23:32.907][MXC][I]raw dispatch ts:[111011959000694,111011959000979]
[08:23:32.907][MXC][I]dispatch ts translate ret [1788942212907139021, 1788942212907141872]
[08:23:32.907][MXC][I]raw dispatch ts:[111011959001249,111011959001440]
[08:23:32.907][MXC][I]dispatch ts translate ret [1788942212907144574, 1788942212907146485]
[08:23:32.907][MXC][I]raw dispatch ts:[111011959001713,111011959002443]
[08:23:32.907][MXC][I]dispatch ts translate ret [1788942212907149217, 1788942212907156522]
[08:23:32.907][MXC][I]raw dispatch ts:[111011959002721,111011959002921]
[08:23:32.907][MXC][I]dispatch ts translate ret [1788942212907159303, 1788942212907161305]
[08:23:32.907][MXC][I]raw dispatch ts:[111011959003197,111011959003704]
[08:23:32.907][MXC][I]dispatch ts translate ret [1788942212907164066, 1788942212907169140]
[08:23:32.907][MCBLASLT][I]set_workspace is called ! user allocated size: 67108864B = 64.000000MB
[08:23:32.907][MCBLAS][I]mcblasSgemmStridedBatched 0 0 64 16 128 64 128 64 256 8192 2048 1024 1.000000 0.000000
[08:23:32.907][MCBLASLT][I]Kernsel found best solution: Kernel name: mcblas__Mck_sgemm_nn_64x32x64_1m1n4k_256t_fp32_fp32_fp32_sb_0_0, slt:0, swap:1, ksplit:0
[08:23:32.907][MCBLASLT][I]module get function mcblas__Mck_sgemm_nn_64x32x64_1m1n4k_256t_fp32_fp32_fp32_sb_0_0 successed
[08:23:32.907][MCBLASLT][I]mcModuleLaunchKernel successed, ret = 0
[08:23:32.907][MCR][I]mc_memory.cpp            :1671: copy strategy - H2DCpuCopy:0,D2HCpuCopy:0,cpuCopy:0,d2dCrossDevices:0,pageableHToDAsync:0
[08:23:32.907][MCR][I]mc_memory.cpp            :1672: copy strategy - isAsync:0,waitComplete:0
[08:23:32.907][MXC][I]raw dispatch ts:[111011959036279,111011959036486]
[08:23:32.907][MXC][I]dispatch ts translate ret [1788942212907494881, 1788942212907496951]
[08:23:32.907][MXC][I]raw dispatch ts:[111011959006254,111011959007110]
[08:23:32.907][MXC][I]dispatch ts translate ret [1788942212907194643, 1788942212907203202]
[08:23:32.907][MXC][I]raw async_copy ts:[44523553919015,44523553930612]
[08:23:32.907][MXC][I]sdma_ts_.sdma_counter:44522531745967
[08:23:32.907][MXC][I]DNOCfreq:900000000, async_copy ts translate ret [1788942213191460536, 1788942213191473421]
[08:23:32.907][MXC][I]raw dispatch ts:[111011959007398,111011959007983]
[08:23:32.907][MXC][I]dispatch ts translate ret [1788942212907206082, 1788942212907211932]
[08:23:32.907][MXC][I]raw dispatch ts:[111011959008268,111011959010720]
[08:23:32.907][MXC][I]dispatch ts translate ret [1788942212907214782, 1788942212907239301]
[08:23:32.907][MXC][I]raw dispatch ts:[111011959011005,111011959012262]
[08:23:32.907][MXC][I]dispatch ts translate ret [1788942212907242151, 1788942212907254720]
[08:23:32.907][MXC][I]raw dispatch ts:[111011959012540,111011959012940]
[08:23:32.907][MXC][I]dispatch ts translate ret [1788942212907257500, 1788942212907261500]
[08:23:32.907][MXC][I]raw dispatch ts:[111011959013210,111011959013449]
[08:23:32.907][MXC][I]dispatch ts translate ret [1788942212907264200, 1788942212907266590]
[08:23:32.907][MXC][I]raw dispatch ts:[111011959022575,111011959023549]
[08:23:32.907][MXC][I]dispatch ts translate ret [1788942212907357846, 1788942212907367586]
[08:23:32.907][MXC][I]raw dispatch ts:[111011959026293,111011959027312]
[08:23:32.907][MXC][I]dispatch ts translate ret [1788942212907395025, 1788942212907405214]
[08:23:32.907][MXC][I]raw dispatch ts:[111011959027590,111011959028141]
[08:23:32.907][MXC][I]dispatch ts translate ret [1788942212907407994, 1788942212907413504]
[08:23:32.907][MXC][I]raw dispatch ts:[111011959028418,111011959030871]
[08:23:32.907][MXC][I]dispatch ts translate ret [1788942212907416274, 1788942212907440803]
[08:23:32.907][MXC][I]raw dispatch ts:[111011959033715,111011959035082]
[08:23:32.907][MXC][I]dispatch ts translate ret [1788942212907469242, 1788942212907482911]
[08:23:32.907][MXC][I]raw dispatch ts:[111011959035369,111011959036009]
[08:23:32.907][MXC][I]dispatch ts translate ret [1788942212907485781, 1788942212907492181]
[08:23:32.907][MCBLASLT][I]set_workspace is called ! user allocated size: 67108864B = 64.000000MB
[08:23:32.907][MXC][I]raw dispatch ts:[111011959042710,111011959043096]
[08:23:32.907][MXC][I]dispatch ts translate ret [1788942212907559187, 1788942212907563047]
[08:23:32.907][MCBLAS][I]mcblasSgemmStridedBatched 1 0 128 16 64 64 64 128 256 8192 1024 2048 1.000000 0.000000
[08:23:32.907][MCBLASLT][I]Kernsel found best solution: Kernel name: mcblas__Mck_sgemm_tn_128x32x32_1m1n4k_256t_fp32_fp32_fp32_sb_0_0, slt:0, swap:0, ksplit:0
[08:23:32.907][MCBLASLT][I]module get function mcblas__Mck_sgemm_tn_128x32x32_1m1n4k_256t_fp32_fp32_fp32_sb_0_0 successed
[08:23:32.907][MXC][I]raw dispatch ts:[111011959045828,111011959046184]
[08:23:32.907][MXC][I]dispatch ts translate ret [1788942212907590366, 1788942212907593926]
[08:23:32.907][MCBLASLT][I]mcModuleLaunchKernel successed, ret = 0
[08:23:32.907][MXC][I]raw dispatch ts:[111011959046470,111011959046732]
[08:23:32.907][MXC][I]dispatch ts translate ret [1788942212907596786, 1788942212907599406]
[08:23:32.907][MCR][I]mc_memory.cpp            :1671: copy strategy - H2DCpuCopy:0,D2HCpuCopy:0,cpuCopy:0,d2dCrossDevices:0,pageableHToDAsync:0
[08:23:32.907][MCR][I]mc_memory.cpp            :1672: copy strategy - isAsync:0,waitComplete:0
[08:23:32.907][MCBLASLT][I]set_workspace is called ! user allocated size: 67108864B = 64.000000MB
[08:23:32.907][MCBLAS][I]mcblasSgemmStridedBatched 0 0 64 16 128 64 128 64 256 8192 2048 1024 1.000000 0.000000
[08:23:32.907][MCBLASLT][I]Kernsel found best solution: Kernel name: mcblas__Mck_sgemm_nn_64x32x64_1m1n4k_256t_fp32_fp32_fp32_sb_0_0, slt:0, swap:1, ksplit:0
[08:23:32.907][MCBLASLT][I]module get function mcblas__Mck_sgemm_nn_64x32x64_1m1n4k_256t_fp32_fp32_fp32_sb_0_0 successed
[08:23:32.907][MCBLASLT][I]mcModuleLaunchKernel successed, ret = 0
[08:23:32.907][MXC][I]raw dispatch ts:[111011959069817,111011959070233]
[08:23:32.907][MXC][I]dispatch ts translate ret [1788942212907830173, 1788942212907834332]
[08:23:32.907][MXC][I]raw dispatch ts:[111011959047011,111011959047498]
[08:23:32.907][MCR][I]mc_memory.cpp            :1671: copy strategy - H2DCpuCopy:0,D2HCpuCopy:0,cpuCopy:0,d2dCrossDevices:0,pageableHToDAsync:0
[08:23:32.907][MCR][I]mc_memory.cpp            :1672: copy strategy - isAsync:0,waitComplete:0
[08:23:32.907][MXC][I]dispatch ts translate ret [1788942212907602174, 1788942212907607043]
[08:23:32.907][MXC][I]raw async_copy ts:[44523554344005,44523554386570]
[08:23:32.907][MXC][I]sdma_ts_.sdma_counter:44522531745967
[08:23:32.907][MXC][I]DNOCfreq:900000000, async_copy ts translate ret [1788942213191932747, 1788942213191980041]
[08:23:32.907][MXC][I]raw dispatch ts:[111011959050092,111011959050510]
[08:23:32.907][MXC][I]dispatch ts translate ret [1788942212907632976, 1788942212907637155]
[08:23:32.907][MXC][I]raw dispatch ts:[111011959050801,111011959051222]
[08:23:32.907][MXC][I]dispatch ts translate ret [1788942212907640064, 1788942212907644273]
[08:23:32.907][MXC][I]raw dispatch ts:[111011959051499,111011959051788]
[08:23:32.907][MXC][I]dispatch ts translate ret [1788942212907647042, 1788942212907649931]
[08:23:32.907][MXC][I]raw dispatch ts:[111011959052061,111011959052232]
[08:23:32.907][MXC][I]dispatch ts translate ret [1788942212907652661, 1788942212907654370]
[08:23:32.907][MXC][I]raw dispatch ts:[111011959052487,111011959053222]
[08:23:32.907][MXC][I]dispatch ts translate ret [1788942212907656919, 1788942212907664267]
[08:23:32.907][MXC][I]raw dispatch ts:[111011959053497,111011959053695]
[08:23:32.907][MXC][I]dispatch ts translate ret [1788942212907667017, 1788942212907668996]
[08:23:32.907][MXC][I]raw dispatch ts:[111011959056171,111011959056710]
[08:23:32.907][MXC][I]dispatch ts translate ret [1788942212907693750, 1788942212907699138]
[08:23:32.908][MCBLASLT][I]set_workspace is called ! user allocated size: 67108864B = 64.000000MB
[08:23:32.908][MCBLAS][I]mcblasSgemmStridedBatched 1 0 128 16 64 64 64 128 256 8192 1024 2048 1.000000 0.000000
[08:23:32.908][MCBLASLT][I]Kernsel found best solution: Kernel name: mcblas__Mck_sgemm_tn_128x32x32_1m1n4k_256t_fp32_fp32_fp32_sb_0_0, slt:0, swap:0, ksplit:0
[08:23:32.908][MCBLASLT][I]module get function mcblas__Mck_sgemm_tn_128x32x32_1m1n4k_256t_fp32_fp32_fp32_sb_0_0 successed
[08:23:32.908][MCBLASLT][I]mcModuleLaunchKernel successed, ret = 0
[08:23:32.908][MCR][I]mc_memory.cpp            :1671: copy strategy - H2DCpuCopy:0,D2HCpuCopy:0,cpuCopy:0,d2dCrossDevices:0,pageableHToDAsync:0
[08:23:32.908][MCR][I]mc_memory.cpp            :1672: copy strategy - isAsync:0,waitComplete:0
[08:23:32.908][MXC][I]raw dispatch ts:[111011959099993,111011959100135]
[08:23:32.908][MXC][I]dispatch ts translate ret [1788942212908132007, 1788942212908133427]
[08:23:32.908][MXC][I]raw dispatch ts:[111011959056987,111011959057638]
[08:23:32.908][MXC][I]dispatch ts translate ret [1788942212907701872, 1788942212907708382]
[08:23:32.908][MCBLASLT][I]set_workspace is called ! user allocated size: 67108864B = 64.000000MB
[08:23:32.908][MXC][I]raw async_copy ts:[44523554684971,44523554696612]
[08:23:32.908][MXC][I]sdma_ts_.sdma_counter:44522531745967
[08:23:32.908][MCBLAS][I]mcblasSgemmStridedBatched 0 0 64 16 128 64 128 64 256 8192 2048 1024 1.000000 0.000000
[08:23:32.908][MXC][I]DNOCfreq:900000000, async_copy ts translate ret [1788942213192311598, 1788942213192324532]
[08:23:32.908][MCBLASLT][I]Kernsel found best solution: Kernel name: mcblas__Mck_sgemm_nn_64x32x64_1m1n4k_256t_fp32_fp32_fp32_sb_0_0, slt:0, swap:1, ksplit:0
[08:23:32.908][MXC][I]raw dispatch ts:[111011959057911,111011959058426]
[08:23:32.908][MCBLASLT][I]module get function mcblas__Mck_sgemm_nn_64x32x64_1m1n4k_256t_fp32_fp32_fp32_sb_0_0 successed
[08:23:32.908][MXC][I]dispatch ts translate ret [1788942212907711112, 1788942212907716262]
[08:23:32.908][MCBLASLT][I]mcModuleLaunchKernel successed, ret = 0
[08:23:32.908][MXC][I]raw dispatch ts:[111011959058705,111011959066865]
[08:23:32.908][MXC][I]dispatch ts translate ret [1788942212907719052, 1788942212907800651]
[08:23:32.908][MXC][I]raw dispatch ts:[111011959067143,111011959068356]
[08:23:32.908][MXC][I]dispatch ts translate ret [1788942212907803431, 1788942212907815561]
[08:23:32.908][MCR][I]mc_memory.cpp            :1671: copy strategy - H2DCpuCopy:0,D2HCpuCopy:0,cpuCopy:0,d2dCrossDevices:0,pageableHToDAsync:0
[08:23:32.908][MXC][I]raw dispatch ts:[111011959068635,111011959069036]
[08:23:32.908][MXC][I]dispatch ts translate ret [1788942212907818351, 1788942212907822361]
[08:23:32.908][MCR][I]mc_memory.cpp            :1672: copy strategy - isAsync:0,waitComplete:0
[08:23:32.908][MXC][I]raw dispatch ts:[111011959069314,111011959069548]
[08:23:32.908][MXC][I]dispatch ts translate ret [1788942212907825141, 1788942212907827481]
[08:23:32.908][MXC][I]raw dispatch ts:[111011959080497,111011959081414]
[08:23:32.908][MXC][I]dispatch ts translate ret [1788942212907936996, 1788942212907946168]
[08:23:32.908][MXC][I]raw dispatch ts:[111011959084238,111011959085311]
[08:23:32.908][MXC][I]dispatch ts translate ret [1788942212907974415, 1788942212907985148]
[08:23:32.908][MXC][I]raw dispatch ts:[111011959085587,111011959086123]
[08:23:32.908][MXC][I]dispatch ts translate ret [1788942212907987909, 1788942212907993270]
[08:23:32.908][MXC][I]raw dispatch ts:[111011959086398,111011959094661]
[08:23:32.908][MXC][I]dispatch ts translate ret [1788942212907996021, 1788942212908078673]
[08:23:32.908][MXC][I]raw dispatch ts:[111011959094933,111011959096233]
[08:23:32.908][MXC][I]dispatch ts translate ret [1788942212908081393, 1788942212908094397]
[08:23:32.908][MXC][I]raw dispatch ts:[111011959098902,111011959099717]
[08:23:32.908][MXC][I]dispatch ts translate ret [1788942212908121094, 1788942212908129246]
[08:23:32.908][MXC][I]raw dispatch ts:[111011959107165,111011959107530]
[08:23:32.908][MXC][I]dispatch ts translate ret [1788942212908203744, 1788942212908207395]
[08:23:32.908][MXC][I]raw dispatch ts:[111011959110160,111011959110511]
[08:23:32.908][MXC][I]dispatch ts translate ret [1788942212908233702, 1788942212908237213]
[08:23:32.908][MXC][I]raw dispatch ts:[111011959110812,111011959111073]
[08:23:32.908][MXC][I]dispatch ts translate ret [1788942212908240173, 1788942212908242782]
[08:23:32.908][MCBLASLT][I]set_workspace is called ! user allocated size: 67108864B = 64.000000MB
[08:23:32.908][MXC][I]raw dispatch ts:[111011959130560,111011959130932]
[08:23:32.908][MCBLAS][I]mcblasSgemmStridedBatched 1 0 128 16 64 64 64 128 256 8192 1024 2048 1.000000 0.000000
[08:23:32.908][MXC][I]dispatch ts translate ret [1788942212908437687, 1788942212908441409]
[08:23:32.908][MXC][I]raw dispatch ts:[111011959113175,111011959113706]
[08:23:32.908][MCBLASLT][I]Kernsel found best solution: Kernel name: mcblas__Mck_sgemm_tn_128x32x32_1m1n4k_256t_fp32_fp32_fp32_sb_0_0, slt:0, swap:0, ksplit:0
[08:23:32.908][MCBLASLT][I]module get function mcblas__Mck_sgemm_tn_128x32x32_1m1n4k_256t_fp32_fp32_fp32_sb_0_0 successed
[08:23:32.908][MXC][I]dispatch ts translate ret [1788942212908263778, 1788942212908269088]
[08:23:32.908][MCBLASLT][I]mcModuleLaunchKernel successed, ret = 0
[08:23:32.908][MXC][I]raw async_copy ts:[44523555073700,44523555116099]
[08:23:32.908][MXC][I]sdma_ts_.sdma_counter:44522531745967
[08:23:32.908][MCR][I]mc_memory.cpp            :1671: copy strategy - H2DCpuCopy:0,D2HCpuCopy:0,cpuCopy:0,d2dCrossDevices:0,pageableHToDAsync:0
[08:23:32.908][MCR][I]mc_memory.cpp            :1672: copy strategy - isAsync:0,waitComplete:0
[08:23:32.908][MXC][I]DNOCfreq:900000000, async_copy ts translate ret [1788942213192743519, 1788942213192790629]
[08:23:32.908][MXC][I]raw dispatch ts:[111011959113989,111011959114316]
[08:23:32.908][MXC][I]dispatch ts translate ret [1788942212908271918, 1788942212908275188]
[08:23:32.908][MXC][I]raw dispatch ts:[111011959114597,111011959114947]
[08:23:32.908][MXC][I]dispatch ts translate ret [1788942212908277998, 1788942212908281498]
[08:23:32.908][MXC][I]raw dispatch ts:[111011959115222,111011959115440]
[08:23:32.908][MXC][I]dispatch ts translate ret [1788942212908284248, 1788942212908286428]
[08:23:32.908][MXC][I]raw dispatch ts:[111011959118072,111011959118313]
[08:23:32.908][MXC][I]dispatch ts translate ret [1788942212908312748, 1788942212908315158]
[08:23:32.908][MXC][I]raw dispatch ts:[111011959118618,111011959119391]
[08:23:32.908][MXC][I]dispatch ts translate ret [1788942212908318208, 1788942212908325938]
[08:23:32.908][MXC][I]raw dispatch ts:[111011959119667,111011959119959]
[08:23:32.908][MXC][I]dispatch ts translate ret [1788942212908328698, 1788942212908331618]
[08:23:32.908][MXC][I]raw dispatch ts:[111011959120227,111011959120669]
[08:23:32.908][MXC][I]dispatch ts translate ret [1788942212908334298, 1788942212908338718]
[08:23:32.908][MCBLASLT][I]set_workspace is called ! user allocated size: 67108864B = 64.000000MB
[08:23:32.908][MCBLAS][I]mcblasSgemmStridedBatched 0 0 64 16 128 64 128 64 256 8192 2048 1024 1.000000 0.000000
[08:23:32.908][MCBLASLT][I]Kernsel found best solution: Kernel name: mcblas__Mck_sgemm_nn_64x32x64_1m1n4k_256t_fp32_fp32_fp32_sb_0_0, slt:0, swap:1, ksplit:0
[08:23:32.908][MCBLASLT][I]module get function mcblas__Mck_sgemm_nn_64x32x64_1m1n4k_256t_fp32_fp32_fp32_sb_0_0 successed
[08:23:32.908][MCBLASLT][I]mcModuleLaunchKernel successed, ret = 0
[08:23:32.908][MCR][I]mc_memory.cpp            :1671: copy strategy - H2DCpuCopy:0,D2HCpuCopy:0,cpuCopy:0,d2dCrossDevices:0,pageableHToDAsync:0
[08:23:32.908][MCR][I]mc_memory.cpp            :1672: copy strategy - isAsync:0,waitComplete:0
[08:23:32.908][MXC][I]raw dispatch ts:[111011959155919,111011959156062]
[08:23:32.908][MXC][I]dispatch ts translate ret [1788942212908691212, 1788942212908692642]
[08:23:32.908][MXC][I]raw dispatch ts:[111011959120944,111011959121561]
[08:23:32.908][MXC][I]dispatch ts translate ret [1788942212908341533, 1788942212908347703]
[08:23:32.908][MXC][I]raw async_copy ts:[44523555355031,44523555366606]
[08:23:32.908][MXC][I]sdma_ts_.sdma_counter:44522531745967
[08:23:32.908][MXC][I]DNOCfreq:900000000, async_copy ts translate ret [1788942213193056109, 1788942213193068970]
[08:23:32.908][MXC][I]raw dispatch ts:[111011959121834,111011959122352]
[08:23:32.908][MXC][I]dispatch ts translate ret [1788942212908350433, 1788942212908355613]
[08:23:32.908][MXC][I]raw dispatch ts:[111011959125042,111011959127618]
[08:23:32.908][MXC][I]dispatch ts translate ret [1788942212908382513, 1788942212908408273]
[08:23:32.908][MXC][I]raw dispatch ts:[111011959127899,111011959129129]
[08:23:32.908][MXC][I]dispatch ts translate ret [1788942212908411083, 1788942212908423383]
[08:23:32.908][MXC][I]raw dispatch ts:[111011959129404,111011959129798]
[08:23:32.908][MXC][I]dispatch ts translate ret [1788942212908426133, 1788942212908430073]
[08:23:32.908][MXC][I]raw dispatch ts:[111011959130070,111011959130294]
[08:23:32.908][MXC][I]dispatch ts translate ret [1788942212908432793, 1788942212908435033]
[08:23:32.908][MXC][I]raw dispatch ts:[111011959142142,111011959143115]
[08:23:32.908][MXC][I]dispatch ts translate ret [1788942212908553482, 1788942212908563209]
[08:23:32.908][MXC][I]raw dispatch ts:[111011959145815,111011959146923]
[08:23:32.908][MXC][I]dispatch ts translate ret [1788942212908590201, 1788942212908601278]
[08:23:32.908][MXC][I]raw dispatch ts:[111011959147210,111011959147822]
[08:23:32.908][MXC][I]dispatch ts translate ret [1788942212908604147, 1788942212908610266]
[08:23:32.908][MXC][I]raw dispatch ts:[111011959148107,111011959150585]
[08:23:32.908][MXC][I]dispatch ts translate ret [1788942212908613115, 1788942212908637888]
[08:23:32.908][MXC][I]raw dispatch ts:[111011959150868,111011959152164]
[08:23:32.908][MXC][I]dispatch ts translate ret [1788942212908640717, 1788942212908653673]
[08:23:32.908][MXC][I]raw dispatch ts:[111011959154960,111011959155646]
[08:23:32.908][MXC][I]dispatch ts translate ret [1788942212908681625, 1788942212908688483]
[08:23:32.908][MCBLASLT][I]set_workspace is called ! user allocated size: 67108864B = 64.000000MB
[08:23:32.908][MCBLAS][I]mcblasSgemmStridedBatched 1 0 128 16 64 64 64 128 256 8192 1024 2048 1.000000 0.000000
[08:23:32.908][MCBLASLT][I]Kernsel found best solution: Kernel name: mcblas__Mck_sgemm_tn_128x32x32_1m1n4k_256t_fp32_fp32_fp32_sb_0_0, slt:0, swap:0, ksplit:0
[08:23:32.908][MCBLASLT][I]module get function mcblas__Mck_sgemm_tn_128x32x32_1m1n4k_256t_fp32_fp32_fp32_sb_0_0 successed
[08:23:32.908][MCBLASLT][I]mcModuleLaunchKernel successed, ret = 0
[08:23:32.908][MXC][I]raw dispatch ts:[111011959162044,111011959162409]
[08:23:32.908][MXC][I]dispatch ts translate ret [1788942212908752444, 1788942212908756093]
[08:23:32.908][MXC][I]raw dispatch ts:[111011959165078,111011959165433]
[08:23:32.908][MXC][I]dispatch ts translate ret [1788942212908782775, 1788942212908786324]
[08:23:32.908][MXC][I]raw dispatch ts:[111011959165708,111011959165973]
[08:23:32.908][MXC][I]dispatch ts translate ret [1788942212908789073, 1788942212908791723]
[08:23:32.908][MCR][I]mc_memory.cpp            :1671: copy strategy - H2DCpuCopy:0,D2HCpuCopy:0,cpuCopy:0,d2dCrossDevices:0,pageableHToDAsync:0
[08:23:32.908][MCR][I]mc_memory.cpp            :1672: copy strategy - isAsync:0,waitComplete:0
[08:23:32.908][MCBLASLT][I]set_workspace is called ! user allocated size: 67108864B = 64.000000MB
[08:23:32.908][MXC][I]raw dispatch ts:[111011959183513,111011959183922]
[08:23:32.908][MCBLAS][I]mcblasSgemmStridedBatched 0 0 64 16 128 64 128 64 256 8192 2048 1024 1.000000 0.000000
[08:23:32.908][MCBLASLT][I]Kernsel found best solution: Kernel name: mcblas__Mck_sgemm_nn_64x32x64_1m1n4k_256t_fp32_fp32_fp32_sb_0_0, slt:0, swap:1, ksplit:0
[08:23:32.908][MCBLASLT][I]module get function mcblas__Mck_sgemm_nn_64x32x64_1m1n4k_256t_fp32_fp32_fp32_sb_0_0 successed
[08:23:32.908][MXC][I]dispatch ts translate ret [1788942212908967152, 1788942212908971242]
[08:23:32.908][MCBLASLT][I]mcModuleLaunchKernel successed, ret = 0
[08:23:32.908][MXC][I]raw dispatch ts:[111011959166243,111011959166738]
[08:23:32.908][MXC][I]dispatch ts translate ret [1788942212908794451, 1788942212908799401]
[08:23:32.909][MCR][I]mc_memory.cpp            :1671: copy strategy - H2DCpuCopy:0,D2HCpuCopy:0,cpuCopy:0,d2dCrossDevices:0,pageableHToDAsync:0
[08:23:32.909][MCR][I]mc_memory.cpp            :1672: copy strategy - isAsync:0,waitComplete:0
[08:23:32.909][MXC][I]raw async_copy ts:[44523555704102,44523555746451]
[08:23:32.909][MXC][I]sdma_ts_.sdma_counter:44522531745967
[08:23:32.909][MXC][I]DNOCfreq:900000000, async_copy ts translate ret [1788942213193443966, 1788942213193491020]
[08:23:32.909][MXC][I]raw dispatch ts:[111011959167010,111011959167346]
[08:23:32.909][MXC][I]dispatch ts translate ret [1788942212908802121, 1788942212908805481]
[08:23:32.909][MXC][I]raw dispatch ts:[111011959170030,111011959170492]
[08:23:32.909][MXC][I]dispatch ts translate ret [1788942212908832321, 1788942212908836941]
[08:23:32.909][MXC][I]raw dispatch ts:[111011959170766,111011959171059]
[08:23:32.909][MXC][I]dispatch ts translate ret [1788942212908839682, 1788942212908842612]
[08:23:32.909][MXC][I]raw dispatch ts:[111011959171340,111011959171511]
[08:23:32.909][MXC][I]dispatch ts translate ret [1788942212908845422, 1788942212908847132]
[08:23:32.909][MXC][I]raw dispatch ts:[111011959171768,111011959172524]
[08:23:32.909][MXC][I]dispatch ts translate ret [1788942212908849702, 1788942212908857262]
[08:23:32.909][MXC][I]raw dispatch ts:[111011959172808,111011959173001]
[08:23:32.909][MXC][I]dispatch ts translate ret [1788942212908860102, 1788942212908862032]
[08:23:32.909][MXC][I]raw dispatch ts:[111011959175582,111011959176098]
[08:23:32.909][MXC][I]dispatch ts translate ret [1788942212908887842, 1788942212908893002]
[08:23:32.909][MCBLASLT][I]set_workspace is called ! user allocated size: 67108864B = 64.000000MB
[08:23:32.909][MCBLAS][I]mcblasSgemmStridedBatched 1 0 128 16 64 64 64 128 256 8192 1024 2048 1.000000 0.000000
[08:23:32.909][MXC][I]raw dispatch ts:[111011959207842,111011959208051]
[08:23:32.909][MCBLASLT][I]Kernsel found best solution: Kernel name: mcblas__Mck_sgemm_tn_128x32x32_1m1n4k_256t_fp32_fp32_fp32_sb_0_0, slt:0, swap:0, ksplit:0
[08:23:32.909][MCBLASLT][I]module get function mcblas__Mck_sgemm_tn_128x32x32_1m1n4k_256t_fp32_fp32_fp32_sb_0_0 successed
[08:23:32.909][MXC][I]dispatch ts translate ret [1788942212909210576, 1788942212909212667]
[08:23:32.909][MXC][I]raw dispatch ts:[111011959176384,111011959177049]
[08:23:32.909][MXC][I]dispatch ts translate ret [1788942212908895863, 1788942212908902513]
[08:23:32.909][MCBLASLT][I]mcModuleLaunchKernel successed, ret = 0
[08:23:32.909][MXC][I]raw async_copy ts:[44523555983344,44523555994993]
[08:23:32.909][MXC][I]sdma_ts_.sdma_counter:44522531745967
[08:23:32.909][MXC][I]DNOCfreq:900000000, async_copy ts translate ret [1788942213193754235, 1788942213193767178]
[08:23:32.909][MXC][I]raw dispatch ts:[111011959177330,111011959177836]
[08:23:32.909][MXC][I]dispatch ts translate ret [1788942212908905323, 1788942212908910383]
[08:23:32.909][MXC][I]raw dispatch ts:[111011959178120,111011959180563]
[08:23:32.909][MXC][I]dispatch ts translate ret [1788942212908913223, 1788942212908937653]
[08:23:32.909][MXC][I]raw dispatch ts:[111011959180834,111011959182072]
[08:23:32.909][MXC][I]dispatch ts translate ret [1788942212908940363, 1788942212908952743]
[08:23:32.909][MXC][I]raw dispatch ts:[111011959182345,111011959182740]
[08:23:32.909][MCR][I]mc_memory.cpp            :1671: copy strategy - H2DCpuCopy:0,D2HCpuCopy:0,cpuCopy:0,d2dCrossDevices:0,pageableHToDAsync:0
[08:23:32.909][MCR][I]mc_memory.cpp            :1672: copy strategy - isAsync:0,waitComplete:0
[08:23:32.909][MXC][I]dispatch ts translate ret [1788942212908955473, 1788942212908959423]
[08:23:32.909][MXC][I]raw dispatch ts:[111011959183019,111011959183253]
[08:23:32.909][MXC][I]dispatch ts translate ret [1788942212908962213, 1788942212908964553]
[08:23:32.909][MXC][I]raw dispatch ts:[111011959194168,111011959195078]
[08:23:32.909][MXC][I]dispatch ts translate ret [1788942212909073758, 1788942212909082863]
[08:23:32.909][MXC][I]raw dispatch ts:[111011959197804,111011959198874]
[08:23:32.909][MXC][I]dispatch ts translate ret [1788942212909110139, 1788942212909120845]
[08:23:32.909][MXC][I]raw dispatch ts:[111011959199152,111011959199725]
[08:23:32.909][MXC][I]dispatch ts translate ret [1788942212909123626, 1788942212909129360]
[08:23:32.909][MXC][I]raw dispatch ts:[111011959200001,111011959202443]
[08:23:32.909][MXC][I]dispatch ts translate ret [1788942212909132121, 1788942212909156555]
[08:23:32.909][MXC][I]raw dispatch ts:[111011959205333,111011959206673]
[08:23:32.909][MXC][I]dispatch ts translate ret [1788942212909185472, 1788942212909198879]
[08:23:32.909][MCBLASLT][I]set_workspace is called ! user allocated size: 67108864B = 64.000000MB
[08:23:32.909][MXC][I]raw dispatch ts:[111011959206960,111011959207570]
[08:23:32.909][MCBLAS][I]mcblasSgemmStridedBatched 0 0 64 16 128 64 128 64 256 8192 2048 1024 1.000000 0.000000
[08:23:32.909][MXC][I]dispatch ts translate ret [1788942212909201751, 1788942212909207855]
[08:23:32.909][MCBLASLT][I]Kernsel found best solution: Kernel name: mcblas__Mck_sgemm_nn_64x32x64_1m1n4k_256t_fp32_fp32_fp32_sb_0_0, slt:0, swap:1, ksplit:0
[08:23:32.909][MCBLASLT][I]module get function mcblas__Mck_sgemm_nn_64x32x64_1m1n4k_256t_fp32_fp32_fp32_sb_0_0 successed
[08:23:32.909][MCBLASLT][I]mcModuleLaunchKernel successed, ret = 0
[08:23:32.909][MXC][I]raw dispatch ts:[111011959214804,111011959215177]
[08:23:32.909][MXC][I]dispatch ts translate ret [1788942212909280235, 1788942212909283967]
[08:23:32.909][MXC][I]raw dispatch ts:[111011959217828,111011959218230]
[08:23:32.909][MXC][I]dispatch ts translate ret [1788942212909310492, 1788942212909314515]
[08:23:32.909][MXC][I]raw dispatch ts:[111011959218519,111011959218693]
[08:23:32.909][MXC][I]dispatch ts translate ret [1788942212909317290, 1788942212909319029]
[08:23:32.909][MCR][I]mc_memory.cpp            :1671: copy strategy - H2DCpuCopy:0,D2HCpuCopy:0,cpuCopy:0,d2dCrossDevices:0,pageableHToDAsync:0
[08:23:32.909][MCR][I]mc_memory.cpp            :1672: copy strategy - isAsync:0,waitComplete:0
[08:23:32.909][MXC][I]raw dispatch ts:[111011959240105,111011959240358]
[08:23:32.909][MXC][I]dispatch ts translate ret [1788942212909533108, 1788942212909535638]
[08:23:32.909][MXC][I]raw dispatch ts:[111011959218948,111011959219445]
[08:23:32.909][MXC][I]dispatch ts translate ret [1788942212909321516, 1788942212909326486]
[08:23:32.909][MXC][I]raw async_copy ts:[44523556367798,44523556410203]
[08:23:32.909][MXC][I]sdma_ts_.sdma_counter:44522531745967
[08:23:32.909][MXC][I]DNOCfreq:900000000, async_copy ts translate ret [1788942213194181406, 1788942213194228522]
[08:23:32.909][MXC][I]raw dispatch ts:[111011959222021,111011959222482]
[08:23:32.909][MXC][I]dispatch ts translate ret [1788942212909352246, 1788942212909356856]
[08:23:32.909][MXC][I]raw dispatch ts:[111011959222758,111011959223182]
[08:23:32.909][MXC][I]dispatch ts translate ret [1788942212909359616, 1788942212909363856]
[08:23:32.909][MXC][I]raw dispatch ts:[111011959223458,111011959223742]
[08:23:32.909][MXC][I]dispatch ts translate ret [1788942212909366616, 1788942212909369456]
[08:23:32.909][MCBLASLT][I]set_workspace is called ! user allocated size: 67108864B = 64.000000MB
[08:23:32.909][MXC][I]raw dispatch ts:[111011959224013,111011959224184]
[08:23:32.909][MCBLAS][I]mcblasSgemmStridedBatched 1 0 128 16 64 64 64 128 256 8192 1024 2048 1.000000 0.000000
[08:23:32.909][MCBLASLT][I]Kernsel found best solution: Kernel name: mcblas__Mck_sgemm_tn_128x32x32_1m1n4k_256t_fp32_fp32_fp32_sb_0_0, slt:0, swap:0, ksplit:0
[08:23:32.909][MXC][I]dispatch ts translate ret [1788942212909372166, 1788942212909373876]
[08:23:32.909][MCBLASLT][I]module get function mcblas__Mck_sgemm_tn_128x32x32_1m1n4k_256t_fp32_fp32_fp32_sb_0_0 successed
[08:23:32.909][MCBLASLT][I]mcModuleLaunchKernel successed, ret = 0
[08:23:32.909][MXC][I]raw dispatch ts:[111011959224442,111011959225181]
[08:23:32.909][MXC][I]dispatch ts translate ret [1788942212909376456, 1788942212909383846]
[08:23:32.909][MXC][I]raw dispatch ts:[111011959229032,111011959229328]
[08:23:32.909][MXC][I]dispatch ts translate ret [1788942212909422356, 1788942212909425316]
[08:23:32.909][MXC][I]raw dispatch ts:[111011959229622,111011959230151]
[08:23:32.909][MXC][I]dispatch ts translate ret [1788942212909428257, 1788942212909433548]
[08:23:32.909][MCR][I]mc_memory.cpp            :1671: copy strategy - H2DCpuCopy:0,D2HCpuCopy:0,cpuCopy:0,d2dCrossDevices:0,pageableHToDAsync:0
[08:23:32.909][MCR][I]mc_memory.cpp            :1672: copy strategy - isAsync:0,waitComplete:0
[08:23:32.909][MXC][I]raw dispatch ts:[111011959263086,111011959263289]
[08:23:32.909][MXC][I]dispatch ts translate ret [1788942212909762981, 1788942212909765012]
[08:23:32.909][MXC][I]raw dispatch ts:[111011959230429,111011959231118]
[08:23:32.909][MXC][I]dispatch ts translate ret [1788942212909436350, 1788942212909443240]
[08:23:32.909][MCBLASLT][I]set_workspace is called ! user allocated size: 67108864B = 64.000000MB
[08:23:32.909][MCBLAS][I]mcblasSgemmStridedBatched 0 0 64 16 128 64 128 64 256 8192 2048 1024 1.000000 0.000000
[08:23:32.909][MCBLASLT][I]Kernsel found best solution: Kernel name: mcblas__Mck_sgemm_nn_64x32x64_1m1n4k_256t_fp32_fp32_fp32_sb_0_0, slt:0, swap:1, ksplit:0
[08:23:32.909][MCBLASLT][I]module get function mcblas__Mck_sgemm_nn_64x32x64_1m1n4k_256t_fp32_fp32_fp32_sb_0_0 successed
[08:23:32.909][MCBLASLT][I]mcModuleLaunchKernel successed, ret = 0
[08:23:32.909][MXC][I]raw async_copy ts:[44523556643127,44523556654743]
[08:23:32.909][MXC][I]sdma_ts_.sdma_counter:44522531745967
[08:23:32.909][MXC][I]DNOCfreq:900000000, async_copy ts translate ret [1788942213194487327, 1788942213194500233]
[08:23:32.909][MXC][I]raw dispatch ts:[111011959231398,111011959231895]
[08:23:32.909][MXC][I]dispatch ts translate ret [1788942212909446040, 1788942212909451010]
[08:23:32.909][MXC][I]raw dispatch ts:[111011959232174,111011959234642]
[08:23:32.909][MCR][I]mc_memory.cpp            :1671: copy strategy - H2DCpuCopy:0,D2HCpuCopy:0,cpuCopy:0,d2dCrossDevices:0,pageableHToDAsync:0
[08:23:32.909][MCR][I]mc_memory.cpp            :1672: copy strategy - isAsync:0,waitComplete:0
[08:23:32.909][MXC][I]dispatch ts translate ret [1788942212909453800, 1788942212909478480]
[08:23:32.909][MXC][I]raw dispatch ts:[111011959234920,111011959236161]
[08:23:32.909][MXC][I]dispatch ts translate ret [1788942212909481260, 1788942212909493670]
[08:23:32.909][MXC][I]raw dispatch ts:[111011959238827,111011959239300]
[08:23:32.909][MXC][I]dispatch ts translate ret [1788942212909520330, 1788942212909525060]
[08:23:32.909][MXC][I]raw dispatch ts:[111011959239586,111011959239830]
[08:23:32.909][MXC][I]dispatch ts translate ret [1788942212909527920, 1788942212909530360]
[08:23:32.909][MXC][I]raw dispatch ts:[111011959249497,111011959250392]
[08:23:32.909][MXC][I]dispatch ts translate ret [1788942212909627053, 1788942212909636006]
[08:23:32.909][MXC][I]raw dispatch ts:[111011959253175,111011959254237]
[08:23:32.909][MXC][I]dispatch ts translate ret [1788942212909663844, 1788942212909674466]
[08:23:32.909][MXC][I]raw dispatch ts:[111011959254516,111011959255005]
[08:23:32.909][MXC][I]dispatch ts translate ret [1788942212909677257, 1788942212909682149]
[08:23:32.909][MXC][I]raw dispatch ts:[111011959255282,111011959257713]
[08:23:32.909][MXC][I]dispatch ts translate ret [1788942212909684919, 1788942212909709236]
[08:23:32.909][MXC][I]raw dispatch ts:[111011959260544,111011959261928]
[08:23:32.909][MXC][I]dispatch ts translate ret [1788942212909737554, 1788942212909751398]
[08:23:32.909][MXC][I]raw dispatch ts:[111011959262209,111011959262820]
[08:23:32.909][MXC][I]dispatch ts translate ret [1788942212909754209, 1788942212909760320]
[08:23:32.909][MXC][I]raw dispatch ts:[111011959269294,111011959269669]
[08:23:32.909][MXC][I]dispatch ts translate ret [1788942212909825077, 1788942212909828828]
[08:23:32.909][MXC][I]raw dispatch ts:[111011959272345,111011959272745]
[08:23:32.909][MXC][I]dispatch ts translate ret [1788942212909855596, 1788942212909859597]
[08:23:32.909][MXC][I]raw dispatch ts:[111011959273029,111011959273205]
[08:23:32.909][MXC][I]dispatch ts translate ret [1788942212909862438, 1788942212909864198]
[08:23:32.910][MXC][I]raw dispatch ts:[111011959299119,111011959299474]
[08:23:32.910][MXC][I]dispatch ts translate ret [1788942212910123214, 1788942212910126763]
[08:23:32.910][MXC][I]raw dispatch ts:[111011959275716,111011959276226]
[08:23:32.910][MXC][I]dispatch ts translate ret [1788942212909889250, 1788942212909894349]
[08:23:32.910][MXC][I]raw async_copy ts:[44523557074460,44523557116859]
[08:23:32.910][MXC][I]sdma_ts_.sdma_counter:44522531745967
[08:23:32.910][MXC][I]DNOCfreq:900000000, async_copy ts translate ret [1788942213194966586, 1788942213195013696]
[08:23:32.910][MXC][I]raw dispatch ts:[111011959276511,111011959276842]
[08:23:32.910][MXC][I]dispatch ts translate ret [1788942212909897198, 1788942212909900507]
[08:23:32.910][MXC][I]raw dispatch ts:[111011959277122,111011959277471]
[08:23:32.910][MXC][I]dispatch ts translate ret [1788942212909903306, 1788942212909906795]
[08:23:32.910][MXC][I]raw dispatch ts:[111011959277749,111011959278040]
[08:23:32.910][MXC][I]dispatch ts translate ret [1788942212909909575, 1788942212909912484]
[08:23:32.910][MXC][I]raw dispatch ts:[111011959278325,111011959278502]
[08:23:32.910][MXC][I]dispatch ts translate ret [1788942212909915333, 1788942212909917102]
[08:23:32.910][MXC][I]raw dispatch ts:[111011959281144,111011959281971]
[08:23:32.910][MXC][I]dispatch ts translate ret [1788942212909943515, 1788942212909951783]
[08:23:32.910][MXC][I]raw dispatch ts:[111011959282251,111011959282559]
[08:23:32.910][MXC][I]dispatch ts translate ret [1788942212909954582, 1788942212909957661]
[08:23:32.910][MXC][I]raw dispatch ts:[111011959282828,111011959283265]
[08:23:32.910][MXC][I]dispatch ts translate ret [1788942212909960350, 1788942212909964719]
[08:23:32.910][MXC][I]raw dispatch ts:[111011959327244,111011959327337]
[08:23:32.910][MXC][I]dispatch ts translate ret [1788942212910404414, 1788942212910405343]
[08:23:32.910][MXC][I]raw dispatch ts:[111011959283537,111011959284258]
[08:23:32.910][MXC][I]dispatch ts translate ret [1788942212909967393, 1788942212909974603]
[08:23:32.910][MXC][I]raw async_copy ts:[44523557407928,44523557419606]
[08:23:32.910][MXC][I]sdma_ts_.sdma_counter:44522531745967
[08:23:32.910][MXC][I]DNOCfreq:900000000, async_copy ts translate ret [1788942213195337106, 1788942213195350081]
[08:23:32.910][MXC][I]raw dispatch ts:[111011959284533,111011959285121]
[08:23:32.910][MXC][I]dispatch ts translate ret [1788942212909977353, 1788942212909983233]
[08:23:32.910][MXC][I]raw dispatch ts:[111011959285395,111011959293576]
[08:23:32.910][MXC][I]dispatch ts translate ret [1788942212909985973, 1788942212910067782]
[08:23:32.910][MXC][I]raw dispatch ts:[111011959296250,111011959297680]
[08:23:32.910][MXC][I]dispatch ts translate ret [1788942212910094522, 1788942212910108822]
[08:23:32.910][MXC][I]raw dispatch ts:[111011959297960,111011959298337]
[08:23:32.910][MXC][I]dispatch ts translate ret [1788942212910111622, 1788942212910115392]
[08:23:32.910][MXC][I]raw dispatch ts:[111011959298610,111011959298855]
[08:23:32.910][MXC][I]dispatch ts translate ret [1788942212910118122, 1788942212910120572]
[08:23:32.910][MXC][I]raw dispatch ts:[111011959307920,111011959308928]
[08:23:32.910][MXC][I]dispatch ts translate ret [1788942212910211208, 1788942212910221286]
[08:23:32.910][MXC][I]raw dispatch ts:[111011959311724,111011959312774]
[08:23:32.910][MXC][I]dispatch ts translate ret [1788942212910249241, 1788942212910259739]
[08:23:32.910][MXC][I]raw dispatch ts:[111011959313060,111011959313667]
[08:23:32.910][MXC][I]dispatch ts translate ret [1788942212910262599, 1788942212910268667]
[08:23:32.910][MXC][I]raw dispatch ts:[111011959313953,111011959322136]
[08:23:32.910][MXC][I]dispatch ts translate ret [1788942212910271527, 1788942212910353343]
[08:23:32.910][MXC][I]raw dispatch ts:[111011959322419,111011959323703]
[08:23:32.910][MXC][I]dispatch ts translate ret [1788942212910356172, 1788942212910369010]
[08:23:32.910][MXC][I]raw dispatch ts:[111011959323975,111011959324681]
[08:23:32.910][MXC][I]dispatch ts translate ret [1788942212910371729, 1788942212910378788]
[08:23:32.910][MXC][I]raw dispatch ts:[111011959333112,111011959333479]
[08:23:32.910][MXC][I]dispatch ts translate ret [1788942212910463082, 1788942212910466752]
[08:23:32.910][MXC][I]raw dispatch ts:[111011959336166,111011959336507]
[08:23:32.910][MXC][I]dispatch ts translate ret [1788942212910493617, 1788942212910497026]
[08:23:32.910][MXC][I]raw dispatch ts:[111011959336795,111011959337050]
[08:23:32.910][MXC][I]dispatch ts translate ret [1788942212910499906, 1788942212910502455]
[08:23:32.910][MXC][I]raw dispatch ts:[111011959354143,111011959354544]
[08:23:32.910][MXC][I]dispatch ts translate ret [1788942212910673452, 1788942212910677463]
[08:23:32.910][MXC][I]raw dispatch ts:[111011959337325,111011959337813]
[08:23:32.910][MXC][I]dispatch ts translate ret [1788942212910505240, 1788942212910510121]
[08:23:32.910][MXC][I]raw async_copy ts:[44523557734649,44523557776999]
[08:23:32.910][MXC][I]sdma_ts_.sdma_counter:44522531745967
[08:23:32.910][MXC][I]DNOCfreq:900000000, async_copy ts translate ret [1788942213195700129, 1788942213195747184]
[08:23:32.910][MXC][I]raw dispatch ts:[111011959340394,111011959340838]
[08:23:32.910][MXC][I]dispatch ts translate ret [1788942212910535936, 1788942212910540377]
[08:23:32.910][MXC][I]raw dispatch ts:[111011959341116,111011959341475]
[08:23:32.910][MXC][I]dispatch ts translate ret [1788942212910543157, 1788942212910546748]
[08:23:32.910][MXC][I]raw dispatch ts:[111011959341755,111011959342041]
[08:23:32.910][MXC][I]dispatch ts translate ret [1788942212910549549, 1788942212910552409]
[08:23:32.910][MXC][I]raw dispatch ts:[111011959342313,111011959342490]
[08:23:32.910][MXC][I]dispatch ts translate ret [1788942212910555130, 1788942212910556900]
[08:23:32.910][MXC][I]raw dispatch ts:[111011959342757,111011959343513]
[08:23:32.910][MXC][I]dispatch ts translate ret [1788942212910559570, 1788942212910567132]
[08:23:32.910][MXC][I]raw dispatch ts:[111011959343795,111011959343998]
[08:23:32.910][MXC][I]dispatch ts translate ret [1788942212910569952, 1788942212910571983]
[08:23:32.910][MXC][I]raw dispatch ts:[111011959346204,111011959346742]
[08:23:32.910][MXC][I]dispatch ts translate ret [1788942212910594047, 1788942212910599428]
[08:23:32.910][MXC][I]raw dispatch ts:[111011959376467,111011959376611]
[08:23:32.910][MXC][I]dispatch ts translate ret [1788942212910896701, 1788942212910898141]
[08:23:32.910][MXC][I]raw dispatch ts:[111011959347031,111011959347742]
[08:23:32.910][MXC][I]dispatch ts translate ret [1788942212910602334, 1788942212910609444]
[08:23:32.910][MXC][I]raw async_copy ts:[44523558000036,44523558011665]
[08:23:32.910][MXC][I]sdma_ts_.sdma_counter:44522531745967
[08:23:32.910][MXC][I]DNOCfreq:900000000, async_copy ts translate ret [1788942213195995003, 1788942213196007924]
[08:23:32.910][MXC][I]raw dispatch ts:[111011959348025,111011959348529]
[08:23:32.910][MXC][I]dispatch ts translate ret [1788942212910612274, 1788942212910617314]
[08:23:32.910][MXC][I]raw dispatch ts:[111011959348799,111011959351237]
[08:23:32.910][MXC][I]dispatch ts translate ret [1788942212910620014, 1788942212910644394]
[08:23:32.910][MXC][I]raw dispatch ts:[111011959351506,111011959352733]
[08:23:32.910][MXC][I]dispatch ts translate ret [1788942212910647084, 1788942212910659354]
[08:23:32.910][MXC][I]raw dispatch ts:[111011959353007,111011959353391]
[08:23:32.910][MXC][I]dispatch ts translate ret [1788942212910662094, 1788942212910665934]
[08:23:32.910][MXC][I]raw dispatch ts:[111011959353664,111011959353884]
[08:23:32.910][MXC][I]dispatch ts translate ret [1788942212910668664, 1788942212910670864]
[08:23:32.910][MXC][I]raw dispatch ts:[111011959362996,111011959363899]
[08:23:32.910][MXC][I]dispatch ts translate ret [1788942212910761986, 1788942212910771017]
[08:23:32.911][MXC][I]raw dispatch ts:[111011959366630,111011959367741]
[08:23:32.911][MXC][I]dispatch ts translate ret [1788942212910798328, 1788942212910809438]
[08:23:32.911][MXC][I]raw dispatch ts:[111011959368017,111011959368542]
[08:23:32.911][MXC][I]dispatch ts translate ret [1788942212910812198, 1788942212910817448]
[08:23:32.911][MXC][I]raw dispatch ts:[111011959368824,111011959371356]
[08:23:32.911][MXC][I]dispatch ts translate ret [1788942212910820268, 1788942212910845589]
[08:23:32.911][MXC][I]raw dispatch ts:[111011959371632,111011959372897]
[08:23:32.911][MXC][I]dispatch ts translate ret [1788942212910848350, 1788942212910861000]
[08:23:32.911][MXC][I]raw dispatch ts:[111011959375492,111011959376183]
[08:23:32.911][MXC][I]dispatch ts translate ret [1788942212910886951, 1788942212910893861]
[08:23:32.911][MXC][I]raw dispatch ts:[111011959382848,111011959383213]
[08:23:32.911][MXC][I]dispatch ts translate ret [1788942212910960513, 1788942212910964163]
[08:23:32.911][MXC][I]raw dispatch ts:[111011959385817,111011959386174]
[08:23:32.911][MXC][I]dispatch ts translate ret [1788942212910990204, 1788942212910993774]
[08:23:32.911][MXC][I]raw dispatch ts:[111011959386446,111011959386711]
[08:23:32.911][MXC][I]dispatch ts translate ret [1788942212910996494, 1788942212910999144]
[08:23:32.911][MXC][I]raw dispatch ts:[111011959404062,111011959404450]
[08:23:32.911][MXC][I]dispatch ts translate ret [1788942212911172583, 1788942212911176462]
[08:23:32.911][MXC][I]raw dispatch ts:[111011959386977,111011959387467]
[08:23:32.911][MXC][I]dispatch ts translate ret [1788942212911001776, 1788942212911006675]
[08:23:32.911][MXC][I]raw async_copy ts:[44523558333680,44523558376151]
[08:23:32.911][MXC][I]sdma_ts_.sdma_counter:44522531745967
[08:23:32.911][MXC][I]DNOCfreq:900000000, async_copy ts translate ret [1788942213196365719, 1788942213196412909]
[08:23:32.911][MXC][I]raw dispatch ts:[111011959387739,111011959388088]
[08:23:32.911][MXC][I]dispatch ts translate ret [1788942212911009394, 1788942212911012884]
[08:23:32.911][MXC][I]raw dispatch ts:[111011959390623,111011959391108]
[08:23:32.911][MXC][I]dispatch ts translate ret [1788942212911038227, 1788942212911043076]
[08:23:32.911][MXC][I]raw dispatch ts:[111011959391384,111011959391677]
[08:23:32.911][MXC][I]dispatch ts translate ret [1788942212911045835, 1788942212911048764]
[08:23:32.911][MXC][I]raw dispatch ts:[111011959391954,111011959392125]
[08:23:32.911][MXC][I]dispatch ts translate ret [1788942212911051534, 1788942212911053243]
[08:23:32.911][MXC][I]raw dispatch ts:[111011959392379,111011959393122]
[08:23:32.911][MXC][I]dispatch ts translate ret [1788942212911055783, 1788942212911063211]
[08:23:32.911][MXC][I]raw dispatch ts:[111011959393398,111011959393590]
[08:23:32.911][MXC][I]dispatch ts translate ret [1788942212911065970, 1788942212911067890]
[08:23:32.911][MXC][I]raw dispatch ts:[111011959393852,111011959394359]
[08:23:32.911][MXC][I]dispatch ts translate ret [1788942212911070509, 1788942212911075578]
[08:23:32.911][MXC][I]raw dispatch ts:[111011959426195,111011959426338]
[08:23:32.911][MXC][I]dispatch ts translate ret [1788942212911394097, 1788942212911395528]
[08:23:32.911][MXC][I]raw dispatch ts:[111011959396858,111011959397575]
[08:23:32.911][MXC][I]dispatch ts translate ret [1788942212911100541, 1788942212911107711]
[08:23:32.911][MXC][I]raw async_copy ts:[44523558599856,44523558611606]
[08:23:32.911][MXC][I]sdma_ts_.sdma_counter:44522531745967
[08:23:32.911][MXC][I]DNOCfreq:900000000, async_copy ts translate ret [1788942213196661470, 1788942213196674525]
[08:23:32.911][MXC][I]raw dispatch ts:[111011959397861,111011959398386]
[08:23:32.911][MXC][I]dispatch ts translate ret [1788942212911110571, 1788942212911115821]
[08:23:32.911][MXC][I]raw dispatch ts:[111011959398665,111011959401080]
[08:23:32.911][MXC][I]dispatch ts translate ret [1788942212911118611, 1788942212911142761]
[08:23:32.911][MXC][I]raw dispatch ts:[111011959401360,111011959402602]
[08:23:32.911][MXC][I]dispatch ts translate ret [1788942212911145561, 1788942212911157981]
[08:23:32.911][MXC][I]raw dispatch ts:[111011959402885,111011959403271]
[08:23:32.911][MXC][I]dispatch ts translate ret [1788942212911160811, 1788942212911164671]
[08:23:32.911][MXC][I]raw dispatch ts:[111011959403555,111011959403783]
[08:23:32.911][MXC][I]dispatch ts translate ret [1788942212911167511, 1788942212911169791]
[08:23:32.911][MXC][I]raw dispatch ts:[111011959412742,111011959413618]
[08:23:32.911][MXC][I]dispatch ts translate ret [1788942212911259449, 1788942212911268217]
[08:23:32.911][MXC][I]raw dispatch ts:[111011959416465,111011959417519]
[08:23:32.911][MXC][I]dispatch ts translate ret [1788942212911296712, 1788942212911307261]
[08:23:32.911][MXC][I]raw dispatch ts:[111011959417798,111011959418357]
[08:23:32.911][MXC][I]dispatch ts translate ret [1788942212911310053, 1788942212911315648]
[08:23:32.911][MXC][I]raw dispatch ts:[111011959418638,111011959421028]
[08:23:32.911][MXC][I]dispatch ts translate ret [1788942212911318461, 1788942212911342382]
[08:23:32.911][MXC][I]raw dispatch ts:[111011959421299,111011959422582]
[08:23:32.911][MXC][I]dispatch ts translate ret [1788942212911345094, 1788942212911357935]
[08:23:32.911][MXC][I]raw dispatch ts:[111011959425171,111011959425921]
[08:23:32.911][MXC][I]dispatch ts translate ret [1788942212911383848, 1788942212911391355]
[08:23:32.911][MXC][I]raw dispatch ts:[111011959432428,111011959432792]
[08:23:32.911][MXC][I]dispatch ts translate ret [1788942212911456481, 1788942212911460124]
[08:23:32.911][MXC][I]raw dispatch ts:[111011959435438,111011959435808]
[08:23:32.911][MXC][I]dispatch ts translate ret [1788942212911486607, 1788942212911490311]
[08:23:32.911][MXC][I]raw dispatch ts:[111011959436089,111011959436339]
[08:23:32.911][MXC][I]dispatch ts translate ret [1788942212911493123, 1788942212911495625]
[08:23:32.911][MXC][I]raw dispatch ts:[111011959456475,111011959456598]
[08:23:32.911][MXC][I]dispatch ts translate ret [1788942212911696775, 1788942212911698005]
[08:23:32.911][MXC][I]raw dispatch ts:[111011959436621,111011959437127]
[08:23:32.911][MXC][I]dispatch ts translate ret [1788942212911498323, 1788942212911503381]
[08:23:32.911][MXC][I]raw async_copy ts:[44523558964071,44523559006411]
[08:23:32.911][MXC][I]sdma_ts_.sdma_counter:44522531745967
[08:23:32.911][MXC][I]DNOCfreq:900000000, async_copy ts translate ret [1788942213197066153, 1788942213197113197]
[08:23:32.911][MXC][I]raw dispatch ts:[111011959439740,111011959440182]
[08:23:32.911][MXC][I]dispatch ts translate ret [1788942212911529500, 1788942212911533918]
[08:23:32.911][MXC][I]raw dispatch ts:[111011959440473,111011959440829]
[08:23:32.911][MXC][I]dispatch ts translate ret [1788942212911536826, 1788942212911540385]
[08:23:32.911][MXC][I]raw dispatch ts:[111011959441113,111011959441398]
[08:23:32.911][MXC][I]dispatch ts translate ret [1788942212911543223, 1788942212911546072]
[08:23:32.911][MXC][I]raw dispatch ts:[111011959441665,111011959441852]
[08:23:32.911][MXC][I]dispatch ts translate ret [1788942212911548741, 1788942212911550610]
[08:23:32.911][MXC][I]raw dispatch ts:[111011959442116,111011959442867]
[08:23:32.911][MXC][I]dispatch ts translate ret [1788942212911553249, 1788942212911560756]
[08:23:32.911][MXC][I]raw dispatch ts:[111011959445432,111011959445741]
[08:23:32.911][MXC][I]dispatch ts translate ret [1788942212911586394, 1788942212911589483]
[08:23:32.911][MXC][I]raw dispatch ts:[111011959446038,111011959446591]
[08:23:32.911][MXC][I]dispatch ts translate ret [1788942212911592452, 1788942212911597979]
[08:23:32.911][MXC][I]raw dispatch ts:[111011959479062,111011959479204]
[08:23:32.911][MXC][I]dispatch ts translate ret [1788942212911922588, 1788942212911924008]
[08:23:32.911][MXC][I]raw dispatch ts:[111011959446864,111011959447506]
[08:23:32.911][MXC][I]dispatch ts translate ret [1788942212911600663, 1788942212911607083]
[08:23:33.049][MXC][I]raw dispatch ts:[111011959447782,111011959448324]
[08:23:33.049][MXC][I]dispatch ts translate ret [1788942212911609843, 1788942212911615263]
[08:23:33.049][MXC][I]raw dispatch ts:[111011959448596,111011959451065]
[08:23:33.049][MXC][I]dispatch ts translate ret [1788942212911617983, 1788942212911642673]
[08:23:33.049][MCR][W]mx_command.cpp           :1883: HW exec timestamp will be adjusted!!!
[08:23:33.049][MCR][W]mx_command.cpp           :1885: floor:1788942212887843439, start:1788942212887859456, end:1788942213165348096, ceiling:1788942213049799992
[08:23:33.049][MCR][W]mx_command.cpp           :1883: HW exec timestamp will be adjusted!!!
[08:23:33.049][MCR][W]mx_command.cpp           :1885: floor:1788942212903252712, start:1788942212903270144, end:1788942213185851904, ceiling:1788942213049819126
[08:23:33.049][MCR][W]mx_command.cpp           :1883: HW exec timestamp will be adjusted!!!
[08:23:33.049][MCR][W]mx_command.cpp           :1885: floor:1788942212903839274, start:1788942212903874816, end:1788942213186682880, ceiling:1788942213049847668
[08:23:33.049][MCR][W]mx_command.cpp           :1883: HW exec timestamp will be adjusted!!!
[08:23:33.049][MCR][W]mx_command.cpp           :1885: floor:1788942212904065813, start:1788942212904115456, end:1788942213186977792, ceiling:1788942213049860358
[08:23:33.049][MCR][W]mx_command.cpp           :1883: HW exec timestamp will be adjusted!!!
[08:23:33.049][MCR][W]mx_command.cpp           :1885: floor:1788942212904431049, start:1788942212904456704, end:1788942213187465216, ceiling:1788942213049885429
[08:23:33.049][MCR][W]mx_command.cpp           :1883: HW exec timestamp will be adjusted!!!
[08:23:33.049][MCR][W]mx_command.cpp           :1885: floor:1788942212904602232, start:1788942212904700928, end:1788942213187748608, ceiling:1788942213049897495
[08:23:33.049][MCR][W]mx_command.cpp           :1883: HW exec timestamp will be adjusted!!!
[08:23:33.049][MCR][W]mx_command.cpp           :1885: floor:1788942212904910258, start:1788942212904997632, end:1788942213188182528, ceiling:1788942213049918750
[08:23:33.049][MCR][W]mx_command.cpp           :1883: HW exec timestamp will be adjusted!!!
[08:23:33.049][MCR][W]mx_command.cpp           :1885: floor:1788942212905131531, start:1788942212905225472, end:1788942213188447744, ceiling:1788942213049930201
[08:23:33.049][MCR][W]mx_command.cpp           :1883: HW exec timestamp will be adjusted!!!
[08:23:33.049][MCR][W]mx_command.cpp           :1885: floor:1788942212905421807, start:1788942212905588736, end:1788942213188970240, ceiling:1788942213049951882
[08:23:33.049][MCR][W]mx_command.cpp           :1883: HW exec timestamp will be adjusted!!!
[08:23:33.049][MCR][W]mx_command.cpp           :1885: floor:1788942212905726817, start:1788942212905878272, end:1788942213189324544, ceiling:1788942213049963085
[08:23:33.049][MCR][W]mx_command.cpp           :1883: HW exec timestamp will be adjusted!!!
[08:23:33.049][MCR][W]mx_command.cpp           :1885: floor:1788942212906080850, start:1788942212906186752, end:1788942213189785600, ceiling:1788942213049984499
[08:23:33.049][MCR][W]mx_command.cpp           :1883: HW exec timestamp will be adjusted!!!
[08:23:33.049][MCR][W]mx_command.cpp           :1885: floor:1788942212906324641, start:1788942212906426880, end:1788942213190050304, ceiling:1788942213049996733
[08:23:33.050][MCR][W]mx_command.cpp           :1883: HW exec timestamp will be adjusted!!!
[08:23:33.050][MCR][W]mx_command.cpp           :1885: floor:1788942212906622741, start:1788942212906740736, end:1788942213190502656, ceiling:1788942213050017115
[08:23:33.050][MCR][W]mx_command.cpp           :1883: HW exec timestamp will be adjusted!!!
[08:23:33.050][MCR][W]mx_command.cpp           :1885: floor:1788942212906874922, start:1788942212906971136, end:1788942213190775808, ceiling:1788942213050035626
[08:23:33.050][MCR][W]mx_command.cpp           :1883: HW exec timestamp will be adjusted!!!
[08:23:33.050][MCR][W]mx_command.cpp           :1885: floor:1788942212907169292, start:1788942212907269376, end:1788942213191207168, ceiling:1788942213050056852
[08:23:33.050][MCR][W]mx_command.cpp           :1883: HW exec timestamp will be adjusted!!!
[08:23:33.050][MCR][W]mx_command.cpp           :1885: floor:1788942212907401436, start:1788942212907494912, end:1788942213191473408, ceiling:1788942213050066834
[08:23:33.050][MCR][W]mx_command.cpp           :1883: HW exec timestamp will be adjusted!!!
[08:23:33.050][MCR][W]mx_command.cpp           :1885: floor:1788942212907676516, start:1788942212907830272, end:1788942213191980032, ceiling:1788942213050089267
[08:23:33.050][MCR][W]mx_command.cpp           :1883: HW exec timestamp will be adjusted!!!
[08:23:33.050][MCR][W]mx_command.cpp           :1885: floor:1788942212907971806, start:1788942212908132096, end:1788942213192324608, ceiling:1788942213050100565
[08:23:33.050][MCR][W]mx_command.cpp           :1883: HW exec timestamp will be adjusted!!!
[08:23:33.050][MCR][W]mx_command.cpp           :1885: floor:1788942212908332195, start:1788942212908437760, end:1788942213192790528, ceiling:1788942213050125632
[08:23:33.050][MCR][W]mx_command.cpp           :1883: HW exec timestamp will be adjusted!!!
[08:23:33.050][MCR][W]mx_command.cpp           :1885: floor:1788942212908594000, start:1788942212908691200, end:1788942213193069056, ceiling:1788942213050137731
[08:23:33.050][MCR][W]mx_command.cpp           :1883: HW exec timestamp will be adjusted!!!
[08:23:33.050][MCR][W]mx_command.cpp           :1885: floor:1788942212908873306, start:1788942212908967168, end:1788942213193490944, ceiling:1788942213050159114
[08:23:33.050][MCR][W]mx_command.cpp           :1883: HW exec timestamp will be adjusted!!!
[08:23:33.050][MCR][W]mx_command.cpp           :1885: floor:1788942212909117937, start:1788942212909210624, end:1788942213193767168, ceiling:1788942213050169859
[08:23:33.050][MCR][W]mx_command.cpp           :1883: HW exec timestamp will be adjusted!!!
[08:23:33.050][MCR][W]mx_command.cpp           :1885: floor:1788942212909416774, start:1788942212909533184, end:1788942213194228480, ceiling:1788942213050190788
[08:23:33.050][MCR][W]mx_command.cpp           :1883: HW exec timestamp will be adjusted!!!
[08:23:33.050][MCR][W]mx_command.cpp           :1885: floor:1788942212909676621, start:1788942212909763072, end:1788942213194500352, ceiling:1788942213050201655
[08:23:33.050][MCR][W]mx_command.cpp           :1883: HW exec timestamp will be adjusted!!!
[08:23:33.050][MCR][W]mx_command.cpp           :1885: floor:1788942212909954400, start:1788942212910123264, end:1788942213195013632, ceiling:1788942213050221993
[08:23:33.050][MCR][W]mx_command.cpp           :1883: HW exec timestamp will be adjusted!!!
[08:23:33.050][MCR][W]mx_command.cpp           :1885: floor:1788942212910241663, start:1788942212910404352, end:1788942213195350016, ceiling:1788942213050231998
[08:23:33.050][MCR][W]mx_command.cpp           :1883: HW exec timestamp will be adjusted!!!
[08:23:33.050][MCR][W]mx_command.cpp           :1885: floor:1788942212910578913, start:1788942212910673408, end:1788942213195747072, ceiling:1788942213050251887
[08:23:33.050][MCR][W]mx_command.cpp           :1883: HW exec timestamp will be adjusted!!!
[08:23:33.050][MCR][W]mx_command.cpp           :1885: floor:1788942212910794896, start:1788942212910896640, end:1788942213196007936, ceiling:1788942213050262083
[08:23:33.050][MCR][W]mx_command.cpp           :1883: HW exec timestamp will be adjusted!!!
[08:23:33.050][MCR][W]mx_command.cpp           :1885: floor:1788942212911075301, start:1788942212911172608, end:1788942213196412928, ceiling:1788942213050282128
[08:23:33.050][MCR][W]mx_command.cpp           :1883: HW exec timestamp will be adjusted!!!
[08:23:33.050][MCR][W]mx_command.cpp           :1885: floor:1788942212911289681, start:1788942212911394048, end:1788942213196674560, ceiling:1788942213050296818
[08:23:33.050][MXC][I]raw dispatch ts:[111011959451338,111011959452583]
[08:23:33.050][MXC][I]dispatch ts translate ret [1788942212911645403, 1788942212911657853]
[08:23:33.050][MXC][I]raw dispatch ts:[111011959452855,111011959453215]
[08:23:33.050][MXC][I]dispatch ts translate ret [1788942212911660573, 1788942212911664173]
[08:23:33.050][MXC][I]raw dispatch ts:[111011959455868,111011959456174]
[08:23:33.050][MXC][I]dispatch ts translate ret [1788942212911690703, 1788942212911693763]
[08:23:33.050][MCR][W]mx_command.cpp           :1883: HW exec timestamp will be adjusted!!!
[08:23:33.050][MCR][W]mx_command.cpp           :1885: floor:1788942212911580923, start:1788942212911696896, end:1788942213197113088, ceiling:1788942213050325778
[08:23:33.050][MXC][I]raw dispatch ts:[111011959465425,111011959466380]
[08:23:33.050][MXC][I]dispatch ts translate ret [1788942212911786252, 1788942212911795800]
[08:23:33.050][MXC][I]raw dispatch ts:[111011959469116,111011959470182]
[08:23:33.050][MXC][I]dispatch ts translate ret [1788942212911823153, 1788942212911833810]
[08:23:33.050][MXC][I]raw dispatch ts:[111011959470471,111011959471059]
[08:23:33.050][MXC][I]dispatch ts translate ret [1788942212911836699, 1788942212911842578]
[08:23:33.050][MXC][I]raw dispatch ts:[111011959471348,111011959473802]
[08:23:33.050][MXC][I]dispatch ts translate ret [1788942212911845467, 1788942212911870001]
[08:23:33.050][MXC][I]raw dispatch ts:[111011959474073,111011959475359]
[08:23:33.050][MXC][I]dispatch ts translate ret [1788942212911872710, 1788942212911885567]
[08:23:33.050][MXC][I]raw dispatch ts:[111011959477968,111011959478785]
[08:23:33.050][MXC][I]dispatch ts translate ret [1788942212911911651, 1788942212911919819]
[08:23:33.050][MXC][I]raw async_copy ts:[44523559227370,44523559239074]
[08:23:33.050][MXC][I]sdma_ts_.sdma_counter:44522531745967
[08:23:33.050][MXC][I]DNOCfreq:900000000, async_copy ts translate ret [1788942213197358708, 1788942213197371712]
[08:23:33.050][MCR][W]mx_command.cpp           :1883: HW exec timestamp will be adjusted!!!
[08:23:33.050][MCR][W]mx_command.cpp           :1885: floor:1788942212911819869, start:1788942212911922688, end:1788942213197371648, ceiling:1788942213050353888
[08:23:33.050][MXC][I]raw dispatch ts:[111011973256055,111011973262349]
[08:23:33.050][MXC][I]dispatch ts translate ret [1788942213049692415, 1788942213049755355]
[08:23:33.060][MCR][I]mc_memory.cpp            :1671: copy strategy - H2DCpuCopy:0,D2HCpuCopy:0,cpuCopy:0,d2dCrossDevices:0,pageableHToDAsync:0
[08:23:33.060][MCR][I]mc_memory.cpp            :1672: copy strategy - isAsync:0,waitComplete:0
[08:23:33.060][MXC][I]raw dispatch ts:[111011973553074,111011973554925]
[08:23:33.060][MXC][I]dispatch ts translate ret [1788942213052662598, 1788942213052681108]
[08:23:33.060][MXC][I]raw dispatch ts:[111011974345573,111011974345670]
[08:23:33.060][MXC][I]dispatch ts translate ret [1788942213060587565, 1788942213060588535]
[08:23:33.060][MXC][I]raw dispatch ts:[111011973561784,111011973563097]
[08:23:33.060][MXC][I]dispatch ts translate ret [1788942213052749698, 1788942213052762828]
[08:23:33.060][MXC][I]raw async_copy ts:[44523737629579,44523737631276]
[08:23:33.060][MXC][I]sdma_ts_.sdma_counter:44522531745967
[08:23:33.060][MXC][I]DNOCfreq:900000000, async_copy ts translate ret [1788942213395583385, 1788942213395585270]
[08:23:33.060][MXC][I]raw dispatch ts:[111011973597074,111011973598821]
[08:23:33.060][MXC][I]dispatch ts translate ret [1788942213053102597, 1788942213053120067]
[08:23:33.060][MXC][I]raw dispatch ts:[111011973604935,111011973606183]
[08:23:33.060][MXC][I]dispatch ts translate ret [1788942213053181207, 1788942213053193687]
[08:23:33.060][MXC][I]raw dispatch ts:[111011973612401,111011973614152]
[08:23:33.060][MXC][I]dispatch ts translate ret [1788942213053255867, 1788942213053273377]
[08:23:33.060][MXC][I]raw dispatch ts:[111011973617051,111011973618221]
[08:23:33.060][MXC][I]dispatch ts translate ret [1788942213053302366, 1788942213053314066]
[08:23:33.060][MXC][I]raw dispatch ts:[111011973618509,111011973619812]
[08:23:33.060][MXC][I]dispatch ts translate ret [1788942213053316946, 1788942213053329976]
[08:23:33.060][MXC][I]raw dispatch ts:[111011973623283,111011973624434]
[08:23:33.060][MXC][I]dispatch ts translate ret [1788942213053364686, 1788942213053376196]
[08:23:33.060][MXC][I]raw dispatch ts:[111011973624724,111011973625848]
[08:23:33.060][MXC][I]dispatch ts translate ret [1788942213053379096, 1788942213053390336]
[08:23:33.060][MXC][I]raw dispatch ts:[111011973632676,111011973633967]
[08:23:33.060][MXC][I]dispatch ts translate ret [1788942213053458616, 1788942213053471526]
[08:23:33.060][MXC][I]raw dispatch ts:[111011973637197,111011973639060]
[08:23:33.060][MXC][I]dispatch ts translate ret [1788942213053503826, 1788942213053522456]
[08:23:33.060][MXC][I]raw dispatch ts:[111011973641973,111011973643068]
[08:23:33.060][MXC][I]dispatch ts translate ret [1788942213053551586, 1788942213053562536]
[08:23:33.060][MXC][I]raw dispatch ts:[111011973645665,111011973646793]
[08:23:33.060][MXC][I]dispatch ts translate ret [1788942213053588506, 1788942213053599786]
[08:23:33.060][MXC][I]raw dispatch ts:[111011973668577,111011973668937]
[08:23:33.060][MXC][I]dispatch ts translate ret [1788942213053817625, 1788942213053821225]
[08:23:33.060][MXC][I]raw dispatch ts:[111011974336628,111011974338536]
[08:23:33.060][MXC][I]dispatch ts translate ret [1788942213060498117, 1788942213060517197]
[08:23:33.060][MCR][W]mx_command.cpp           :1883: HW exec timestamp will be adjusted!!!
[08:23:33.060][MCR][W]mx_command.cpp           :1885: floor:1788942213060563874, start:1788942213060587520, end:1788942213395585280, ceiling:1788942213060695192
[08:23:33.066][MCR][I]mc_memory.cpp            :1671: copy strategy - H2DCpuCopy:0,D2HCpuCopy:0,cpuCopy:0,d2dCrossDevices:0,pageableHToDAsync:0
[08:23:33.066][MCR][I]mc_memory.cpp            :1672: copy strategy - isAsync:0,waitComplete:0
[08:23:33.066][MXC][I]raw dispatch ts:[111011974968364,111011974968457]
[08:23:33.066][MXC][I]dispatch ts translate ret [1788942213066815574, 1788942213066816504]
[08:23:33.066][MXC][I]raw async_copy ts:[44523745099250,44523745101156]
[08:23:33.066][MXC][I]sdma_ts_.sdma_counter:44522531745967
[08:23:33.066][MXC][I]DNOCfreq:900000000, async_copy ts translate ret [1788942213403883019, 1788942213403885136]
[08:23:33.066][MXC][I]raw dispatch ts:[111011974367481,111011974369361]
[08:23:33.066][MXC][I]dispatch ts translate ret [1788942213060806650, 1788942213060825450]/tmp/_MEINAEd23/phttp/http_server.py:89: UserWarning:

The 'environ['werkzeug.server.shutdown']' function is deprecated and will be removed in Werkzeug 2.1.


[08:23:33.066][MXC][I]raw dispatch ts:[111011974372317,111011974373681]
[08:23:33.066][MXC][I]dispatch ts translate ret [1788942213060855011, 1788942213060868651]
[08:23:33.066][MXC][I]raw dispatch ts:[111011974378569,111011974378891]
[08:23:33.066][MXC][I]dispatch ts translate ret [1788942213060917532, 1788942213060920752]
[08:23:33.066][MXC][I]raw dispatch ts:[111011974963577,111011974965605]
[08:23:33.066][MXC][I]dispatch ts translate ret [1788942213066767704, 1788942213066787984]
[08:23:33.066][MCR][W]mx_command.cpp           :1883: HW exec timestamp will be adjusted!!!
[08:23:33.066][MCR][W]mx_command.cpp           :1885: floor:1788942213066793426, start:1788942213066815488, end:1788942213403885056, ceiling:1788942213066869257
[08:23:33.068][MXC][I]raw dispatch ts:[111011975066213,111011975072749]
[08:23:33.068][MXC][I]dispatch ts translate ret [1788942213067794010, 1788942213067859367]
[08:23:33.068][MXC][I]raw dispatch ts:[111011975075893,111011975082165]
[08:23:33.068][MXC][I]dispatch ts translate ret [1788942213067890805, 1788942213067953521]
[08:23:33.068][MXC][I]raw dispatch ts:[111011975082456,111011975088739]
[08:23:33.068][MXC][I]dispatch ts translate ret [1788942213067956431, 1788942213068019258]
[08:23:33.068][MXC][I]raw dispatch ts:[111011975091642,111011975097906]
[08:23:33.068][MXC][I]dispatch ts translate ret [1788942213068048286, 1788942213068110923]
[08:23:33.068][MXC][I]raw dispatch ts:[111011975098184,111011975104443]
[08:23:33.068][MXC][I]dispatch ts translate ret [1788942213068113702, 1788942213068176289]
[08:23:33.068][MXC][I]raw dispatch ts:[111011975104719,111011975110971]
[08:23:33.068][MXC][I]dispatch ts translate ret [1788942213068179049, 1788942213068241565]
[08:23:33.068][MXC][I]raw dispatch ts:[111011975113822,111011975120065]
[08:23:33.068][MXC][I]dispatch ts translate ret [1788942213068270074, 1788942213068332500]
[08:23:33.068][MXC][I]raw dispatch ts:[111011975120346,111011975126603]
[08:23:33.068][MXC][I]dispatch ts translate ret [1788942213068335310, 1788942213068397876]
[08:23:33.068][MXC][I]raw dispatch ts:[111011975126877,111011975133137]
[08:23:33.068][MXC][I]dispatch ts translate ret [1788942213068400616, 1788942213068463213]
[08:23:33.068][MXC][I]raw dispatch ts:[111011975133413,111011975139687]
[08:23:33.068][MXC][I]dispatch ts translate ret [1788942213068465973, 1788942213068528709]
[08:23:33.069][MXC][I]raw dispatch ts:[111011975162264,111011975180565]
[08:23:33.069][MXC][I]dispatch ts translate ret [1788942213068754475, 1788942213068937484]
[08:23:33.071][MXC][I]raw dispatch ts:[111011975439074,111011975445406]
[08:23:33.071][MXC][I]dispatch ts translate ret [1788942213071522698, 1788942213071586021]
[info] MctxStreamProfilerCountDataGet Loop
[08:23:33.793][MCR][I]mc_device.cpp            :1002: tearDown enter!

[08:23:33.793][MCR][I]mx_device.cpp            :1578: deleting hardware queue 0x7f830000b000 with refCount 0
[08:23:33.793][MCR][I]mx_device.cpp            :1601: number of allocated hardware queues 0-0-0(H-N-L), number of users 0-0-0
[08:23:33.794][MXC][I]~GpuDevice: Entering
[08:23:33.794][MCTX][I]mcRpcAsyncImpl.cpp       :550 : callback mcRpcAsyncDone!
[08:23:33.794][PTI][I]mcpti_tracer.hpp         :309 : stopProcessThread
[08:23:33.794][MCTX][I]mcRpcAsyncImpl.cpp       :491 : mcRpcServerAsync TearDown!
[08:23:33.794][MCTX][I]server.cpp               :116 : Server will tearDown[3].
[08:23:33.802][MCTX][I]mcRpcAsyncImpl.cpp       :250 : ProfilerCountDataGet the last msg:[
{
"ISU" : {
"15" : {
"dpcId0" : [
3966708453587,
3965280188515,
3966483838281,
3964987634714,
3965235827821,
3964185100126,
3964188510170,
3963572761033,
3964415840467,
3962999912513,
3963854675987,
3961800115515,
3965830013152
],
"dpcId1" : [
3967594414344,
3966267651362,
3967367329577,
3965558605740,
3965802643889,
3964899116523,
3965195212929,
3964413330144,
3965638725572,
3964241023200,
3965102029831,
3963117375810,
3966708453159
],
"dpcId2" : [
3965744963800,
3964292210548,
3965524801769,
3963861073487,
3963890462359,
3962960284603,
3963496986750,
3962916457846,
3963364790707,
3962061883942,
3963611046498,
3961691630894,
3964847861326
],
"dpcId3" : [
3966574198432,
3965031308079,
3966543126960,
3965214819630,
3965254149407,
3964132686829,
3964917632042,
3964422292737,
3964549439241,
3962991113332,
3964326438786,
3962530481308,
3965606837197
],
"dpcId4" : [
3965286498404,
3963859347301,
3965485999950,
3964467874999,
3964444734450,
3963189757624,
[info] MctxStreamProfilerCountDataGet Loop
3963[08:23:33.813][MCTX][I]server.cpp               :348 : HandleRpcs exit. thread_no=[0].
[08:23:34.813][MCTX][I]server.cpp               :89  : Server Shutdown!
[08:23:34.814][MCTX][I]mcRpcAsyncImpl.cpp       :477 : mcRpcServerAsyncRun stop
[08:23:34.895][MCTX][I]mctxTPImpl.cpp           :433 : clear port.
[warning] get_srvrpc_port get rpc server ports failed: cannot retrieve rpc server port.
[warning] get_srvrpc_port get rpc server ports failed: cannot retrieve rpc server port.
[warning] get_srvrpc_port get rpc server ports failed: cannot retrieve rpc server port.
[warning] get_srvrpc_port get rpc server ports failed: cannot retrieve rpc server port.
[warning] get_srvrpc_port get rpc server ports failed: cannot retrieve rpc server port.
[warning] get_srvrpc_port get rpc server ports failed: cannot retrieve rpc server port.
[warning] get_srvrpc_port get rpc server ports failed: cannot retrieve rpc server port.
[warning] get_srvrpc_port get rpc server ports failed: cannot retrieve rpc server port.
[warning] get_srvrpc_port get rpc server ports failed: cannot retrieve rpc server port.

[info] profiling task ba9a76d2-1f4f-47ee-b9fb-001a57844004
[info] complete task ba9a76d2-1f4f-47ee-b9fb-001a57844004
stop server
perf done, please check report file /data/nsa_codex_20260909_r1/results/profile_pair_nsa109
 * Serving Flask app 'Profiler' (lazy loading)
 * Environment: production
   WARNING: This is a development server. Do not use it in a production deployment.
   Use a production WSGI server instead.
 * Debug mode: off
profiler http listen to 127.0.0.1:50123
try to connect to server...
connect to server success
cmdline is: python tests/profile_controlled_kernel.py --module submissions/nsa110.py --case-id 12 --prefix results/profile_pair_nsa110_source --seed 0 --mode public --cold
casename is: pair_instructions_nsa110
metrics is: ['Total Instructions', 'Compute Instructions', 'Memory Instructions', 'Global Read Instructions', 'Global Write Instructions', 'Private Read Instructions', 'Private Write Instructions']
start a local task...
[info] start a new perf exec thread
[info] start perf_exec
[info] new exec 1a262c82-e77b-43f6-a71a-214b68d88cc2:('python tests/profile_controlled_kernel.py --module submissions/nsa110.py --case-id 12 --prefix results/profile_pair_nsa110_source --seed 0 --mode public --cold', 'pair_instructions_nsa110', ['Total Instructions', 'Compute Instructions', 'Memory Instructions', 'Global Read Instructions', 'Global Write Instructions', 'Private Read Instructions', 'Private Write Instructions'])
########## exec_id: 1a262c82-e77b-43f6-a71a-214b68d88cc2 ##########
[info] start generate batch files
[info] output path is: /data/nsa_codex_20260909_r1/results/profile_pair_nsa110
[info] generate event_batch_1.json successfully!
[info] generate event_batch_2.json successfully!
[info] generate batch files done
[warning] get_srvrpc_port get rpc server ports failed: cannot retrieve rpc server port.
[warning] get_srvrpc_port get rpc server ports failed: cannot retrieve rpc server port.
[warning] get_srvrpc_port get rpc server ports failed: cannot retrieve rpc server port.
[warning] get_srvrpc_port get rpc server ports failed: cannot retrieve rpc server port.
Loading tilelang libs from dev root: /opt/tilelang-metax-v0.1.10/build
[08:24:00.721][MXS][W]| MCTX_TARGET_INIT               | 1               | 0               |
[08:24:00.723][MCR][I]mc_device.cpp            :562 : Signal SIGUSR1 now has a custom handler to enable mctx at runtime!
[08:24:00.723][MCR][I]mc_device.cpp            :309 : mcSnapShotCtx: Attempting to open shared memory: /shm_snapshot_149069
mctxAutoStart called!
[08:24:00.723][MCTX][I]mctxTPImpl.cpp           :201 : MACA configuration file path redirected from ${MACA_PATH}/etc to MACA_ETC_PATH
[08:24:00.723][MCTX][I]mctxTPImpl.cpp           :201 : MACA configuration file path redirected from ${MACA_PATH}/etc to MACA_ETC_PATH
[08:24:00.723][MCTX][I]mctxTPImpl.cpp           :300 : profiler target ENV file[/data/nsa_codex_20260909_r1/results/profile_pair_nsa110/mcProfiler.json] exist!
[08:24:00.724][MCR][I]mc_device.cpp            :849 : Init enter!
[08:24:00.724][MXC][I]MxcInit: entering
[08:24:00.726][MXKW][I]topology.c              :1358: [topology_sysfs_get_system_props]PlatformCpuNodes:2 ,num_sysfs_nodes:27
[08:24:00.726][MXKW][I]topology.c              :283 : [get_directory_socket_id]fscanf path:/sys/devices/virtual/mxcd/mxcd/layout/nodes/2/gpu_id,res: 0,errno:1
[08:24:00.726][MXKW][W]topology.c              :1424: [topology_sysfs_get_system_props]err_node_num is 1,ret is 0,is_node_supported is 0
[08:24:00.726][MXKW][I]topology.c              :283 : [get_directory_socket_id]fscanf path:/sys/devices/virtual/mxcd/mxcd/layout/nodes/3/gpu_id,res: 0,errno:1
[08:24:00.726][MXKW][W]topology.c              :1424: [topology_sysfs_get_system_props]err_node_num is 2,ret is 0,is_node_supported is 0
[08:24:00.726][MXKW][I]topology.c              :283 : [get_directory_socket_id]fscanf path:/sys/devices/virtual/mxcd/mxcd/layout/nodes/4/gpu_id,res: 0,errno:1
[08:24:00.726][MXKW][W]topology.c              :1424: [topology_sysfs_get_system_props]err_node_num is 3,ret is 0,is_node_supported is 0
[08:24:00.726][MXKW][I]topology.c              :283 : [get_directory_socket_id]fscanf path:/sys/devices/virtual/mxcd/mxcd/layout/nodes/5/gpu_id,res: 0,errno:1
[08:24:00.726][MXKW][W]topology.c              :1424: [topology_sysfs_get_system_props]err_node_num is 4,ret is 0,is_node_supported is 0
[08:24:00.726][MXKW][I]topology.c              :283 : [get_directory_socket_id]fscanf path:/sys/devices/virtual/mxcd/mxcd/layout/nodes/6/gpu_id,res: 0,errno:1
[08:24:00.726][MXKW][W]topology.c              :1424: [topology_sysfs_get_system_props]err_node_num is 5,ret is 0,is_node_supported is 0
[08:24:00.726][MXKW][I]topology.c              :283 : [get_directory_socket_id]fscanf path:/sys/devices/virtual/mxcd/mxcd/layout/nodes/7/gpu_id,res: 0,errno:1
[08:24:00.726][MXKW][W]topology.c              :1424: [topology_sysfs_get_system_props]err_node_num is 6,ret is 0,is_node_supported is 0
[08:24:00.726][MXKW][I]topology.c              :283 : [get_directory_socket_id]fscanf path:/sys/devices/virtual/mxcd/mxcd/layout/nodes/8/gpu_id,res: 0,errno:1
[08:24:00.726][MXKW][W]topology.c              :1424: [topology_sysfs_get_system_props]err_node_num is 7,ret is 0,is_node_supported is 0
[08:24:00.726][MXKW][I]topology.c              :283 : [get_directory_socket_id]fscanf path:/sys/devices/virtual/mxcd/mxcd/layout/nodes/9/gpu_id,res: 0,errno:1
[08:24:00.726][MXKW][W]topology.c              :1424: [topology_sysfs_get_system_props]err_node_num is 8,ret is 0,is_node_supported is 0
[08:24:00.726][MXKW][I]topology.c              :283 : [get_directory_socket_id]fscanf path:/sys/devices/virtual/mxcd/mxcd/layout/nodes/300/gpu_id,res: 0,errno:1
[08:24:00.726][MXKW][W]topology.c              :1424: [topology_sysfs_get_system_props]err_node_num is 9,ret is 0,is_node_supported is 0
[08:24:00.726][MXKW][I]topology.c              :283 : [get_directory_socket_id]fscanf path:/sys/devices/virtual/mxcd/mxcd/layout/nodes/301/gpu_id,res: 0,errno:1
[08:24:00.726][MXKW][W]topology.c              :1424: [topology_sysfs_get_system_props]err_node_num is 10,ret is 0,is_node_supported is 0
[08:24:00.726][MXKW][I]topology.c              :283 : [get_directory_socket_id]fscanf path:/sys/devices/virtual/mxcd/mxcd/layout/nodes/303/gpu_id,res: 0,errno:1
[08:24:00.726][MXKW][W]topology.c              :1424: [topology_sysfs_get_system_props]err_node_num is 11,ret is 0,is_node_supported is 0
[08:24:00.726][MXKW][I]topology.c              :283 : [get_directory_socket_id]fscanf path:/sys/devices/virtual/mxcd/mxcd/layout/nodes/304/gpu_id,res: 0,errno:1
[08:24:00.726][MXKW][W]topology.c              :1424: [topology_sysfs_get_system_props]err_node_num is 12,ret is 0,is_node_supported is 0
[08:24:00.726][MXKW][I]topology.c              :283 : [get_directory_socket_id]fscanf path:/sys/devices/virtual/mxcd/mxcd/layout/nodes/305/gpu_id,res: 0,errno:1
[08:24:00.726][MXKW][W]topology.c              :1424: [topology_sysfs_get_system_props]err_node_num is 13,ret is 0,is_node_supported is 0
[08:24:00.726][MXKW][I]topology.c              :283 : [get_directory_socket_id]fscanf path:/sys/devices/virtual/mxcd/mxcd/layout/nodes/306/gpu_id,res: 0,errno:1
[08:24:00.726][MXKW][W]topology.c              :1424: [topology_sysfs_get_system_props]err_node_num is 14,ret is 0,is_node_supported is 0
[08:24:00.726][MXKW][I]topology.c              :283 : [get_directory_socket_id]fscanf path:/sys/devices/virtual/mxcd/mxcd/layout/nodes/307/gpu_id,res: 0,errno:1
[08:24:00.726][MXKW][W]topology.c              :1424: [topology_sysfs_get_system_props]err_node_num is 15,ret is 0,is_node_supported is 0
[08:24:00.726][MXKW][I]topology.c              :283 : [get_directory_socket_id]fscanf path:/sys/devices/virtual/mxcd/mxcd/layout/nodes/308/gpu_id,res: 0,errno:1
[08:24:00.726][MXKW][W]topology.c              :1424: [topology_sysfs_get_system_props]err_node_num is 16,ret is 0,is_node_supported is 0
[08:24:00.726][MXKW][I]topology.c              :283 : [get_directory_socket_id]fscanf path:/sys/devices/virtual/mxcd/mxcd/layout/nodes/309/gpu_id,res: 0,errno:1
[08:24:00.726][MXKW][W]topology.c              :1424: [topology_sysfs_get_system_props]err_node_num is 17,ret is 0,is_node_supported is 0
[08:24:00.726][MXKW][I]topology.c              :283 : [get_directory_socket_id]fscanf path:/sys/devices/virtual/mxcd/mxcd/layout/nodes/310/gpu_id,res: 0,errno:1
[08:24:00.726][MXKW][W]topology.c              :1424: [topology_sysfs_get_system_props]err_node_num is 18,ret is 0,is_node_supported is 0
[08:24:00.726][MXKW][I]topology.c              :283 : [get_directory_socket_id]fscanf path:/sys/devices/virtual/mxcd/mxcd/layout/nodes/311/gpu_id,res: 0,errno:1
[08:24:00.726][MXKW][W]topology.c              :1424: [topology_sysfs_get_system_props]err_node_num is 19,ret is 0,is_node_supported is 0
[08:24:00.727][MXKW][I]topology.c              :283 : [get_directory_socket_id]fscanf path:/sys/devices/virtual/mxcd/mxcd/layout/nodes/312/gpu_id,res: 0,errno:1
[08:24:00.727][MXKW][W]topology.c              :1424: [topology_sysfs_get_system_props]err_node_num is 20,ret is 0,is_node_supported is 0
[08:24:00.727][MXKW][I]topology.c              :283 : [get_directory_socket_id]fscanf path:/sys/devices/virtual/mxcd/mxcd/layout/nodes/313/gpu_id,res: 0,errno:1
[08:24:00.727][MXKW][W]topology.c              :1424: [topology_sysfs_get_system_props]err_node_num is 21,ret is 0,is_node_supported is 0
[08:24:00.727][MXKW][I]topology.c              :283 : [get_directory_socket_id]fscanf path:/sys/devices/virtual/mxcd/mxcd/layout/nodes/314/gpu_id,res: 0,errno:1
[08:24:00.727][MXKW][W]topology.c              :1424: [topology_sysfs_get_system_props]err_node_num is 22,ret is 0,is_node_supported is 0
[08:24:00.727][MXKW][I]topology.c              :283 : [get_directory_socket_id]fscanf path:/sys/devices/virtual/mxcd/mxcd/layout/nodes/315/gpu_id,res: 0,errno:1
[08:24:00.727][MXKW][W]topology.c              :1424: [topology_sysfs_get_system_props]err_node_num is 23,ret is 0,is_node_supported is 0
[08:24:00.727][MXKW][I]topology.c              :283 : [get_directory_socket_id]fscanf path:/sys/devices/virtual/mxcd/mxcd/layout/nodes/317/gpu_id,res: 0,errno:1
[08:24:00.727][MXKW][W]topology.c              :1424: [topology_sysfs_get_system_props]err_node_num is 24,ret is 0,is_node_supported is 0
[08:24:00.727][MXKW][I]topology.c              :1460: [topology_sysfs_get_system_props]cpu total 2 nodes, map list:
[08:24:00.727][MXKW][I]topology.c              :1463: [topology_sysfs_get_system_props]map_cpu[0]:0
[08:24:00.727][MXKW][I]topology.c              :1463: [topology_sysfs_get_system_props]map_cpu[1]:1
[08:24:00.727][MXKW][I]topology.c              :1465: [topology_sysfs_get_system_props]gpu total 1 nodes, map list:
[08:24:00.727][MXKW][I]topology.c              :1468: [topology_sysfs_get_system_props]map_gpu[0]:12
[08:24:00.727][MXKW][I]topology.c              :1516: [topology_sysfs_init_gpu_page_size]XCORE_PAGE_SIZE: 0x200000, GPU_PAGE_SIZE: 0x200000
[08:24:00.727][MXKW][I]topology.c              :954 : [find_pci_info]create pci_info_array. It has 27 element. directory_name is 0.
[08:24:00.727][MXKW][I]topology.c              :962 : [find_pci_info]node 0 's pci info is not found
[08:24:00.727][MXKW][I]topology.c              :911 : [read_pci_info_from_file]can't open /sys/devices/virtual/mxcd/mxcd/layout/nodes/0/location file!
[08:24:00.727][MXKW][I]topology.c              :962 : [find_pci_info]node 0 's pci info is not found
[08:24:00.727][MXKW][I]topology.c              :911 : [read_pci_info_from_file]can't open /sys/devices/virtual/mxcd/mxcd/layout/nodes/0/location file!
[08:24:00.727][MXKW][I]topology.c              :1944: [topology_sysfs_get_node_props]Device isa_major is 0, isa_minor is 0, MXName is
[08:24:00.727][MXKW][I]topology.c              :962 : [find_pci_info]node 1 's pci info is not found
[08:24:00.727][MXKW][I]topology.c              :911 : [read_pci_info_from_file]can't open /sys/devices/virtual/mxcd/mxcd/layout/nodes/1/location file!
[08:24:00.727][MXKW][I]topology.c              :962 : [find_pci_info]node 1 's pci info is not found
[08:24:00.727][MXKW][I]topology.c              :911 : [read_pci_info_from_file]can't open /sys/devices/virtual/mxcd/mxcd/layout/nodes/1/location file!
[08:24:00.727][MXKW][I]topology.c              :1944: [topology_sysfs_get_node_props]Device isa_major is 0, isa_minor is 0, MXName is
[08:24:00.727][MXKW][I]topology.c              :962 : [find_pci_info]node 302 's pci info is not found
[08:24:00.727][MXKW][I]topology.c              :984 : [add_pci_info]added node 302 pci info , bdf_value:3584, domain_value:0
[08:24:00.727][MXKW][I]topology.c              :1944: [topology_sysfs_get_node_props]Device isa_major is 10, isa_minor is 0, MXName is
[08:24:00.727][MXKW][I]fmm.c                   :2445: [init_mmap_apertures]Initialized unreserved SVM apertures: 0xa00000000 - 0x7fffffffffff
[08:24:00.727][MXKW][I]topology.c              :1358: [topology_sysfs_get_system_props]PlatformCpuNodes:2 ,num_sysfs_nodes:27
[08:24:00.727][MXKW][I]topology.c              :283 : [get_directory_socket_id]fscanf path:/sys/devices/virtual/mxcd/mxcd/layout/nodes/2/gpu_id,res: 0,errno:1
[08:24:00.727][MXKW][W]topology.c              :1424: [topology_sysfs_get_system_props]err_node_num is 1,ret is 0,is_node_supported is 0
[08:24:00.727][MXKW][I]topology.c              :283 : [get_directory_socket_id]fscanf path:/sys/devices/virtual/mxcd/mxcd/layout/nodes/3/gpu_id,res: 0,errno:1
[08:24:00.727][MXKW][W]topology.c              :1424: [topology_sysfs_get_system_props]err_node_num is 2,ret is 0,is_node_supported is 0
[08:24:00.727][MXKW][I]topology.c              :283 : [get_directory_socket_id]fscanf path:/sys/devices/virtual/mxcd/mxcd/layout/nodes/4/gpu_id,res: 0,errno:1
[08:24:00.727][MXKW][W]topology.c              :1424: [topology_sysfs_get_system_props]err_node_num is 3,ret is 0,is_node_supported is 0
[08:24:00.727][MXKW][I]topology.c              :283 : [get_directory_socket_id]fscanf path:/sys/devices/virtual/mxcd/mxcd/layout/nodes/5/gpu_id,res: 0,errno:1
[08:24:00.727][MXKW][W]topology.c              :1424: [topology_sysfs_get_system_props]err_node_num is 4,ret is 0,is_node_supported is 0
[08:24:00.727][MXKW][I]topology.c              :283 : [get_directory_socket_id]fscanf path:/sys/devices/virtual/mxcd/mxcd/layout/nodes/6/gpu_id,res: 0,errno:1
[08:24:00.727][MXKW][W]topology.c              :1424: [topology_sysfs_get_system_props]err_node_num is 5,ret is 0,is_node_supported is 0
[08:24:00.727][MXKW][I]topology.c              :283 : [get_directory_socket_id]fscanf path:/sys/devices/virtual/mxcd/mxcd/layout/nodes/7/gpu_id,res: 0,errno:1
[08:24:00.727][MXKW][W]topology.c              :1424: [topology_sysfs_get_system_props]err_node_num is 6,ret is 0,is_node_supported is 0
[08:24:00.727][MXKW][I]topology.c              :283 : [get_directory_socket_id]fscanf path:/sys/devices/virtual/mxcd/mxcd/layout/nodes/8/gpu_id,res: 0,errno:1
[08:24:00.727][MXKW][W]topology.c              :1424: [topology_sysfs_get_system_props]err_node_num is 7,ret is 0,is_node_supported is 0
[08:24:00.727][MXKW][I]topology.c              :283 : [get_directory_socket_id]fscanf path:/sys/devices/virtual/mxcd/mxcd/layout/nodes/9/gpu_id,res: 0,errno:1
[08:24:00.727][MXKW][W]topology.c              :1424: [topology_sysfs_get_system_props]err_node_num is 8,ret is 0,is_node_supported is 0
[08:24:00.727][MXKW][I]topology.c              :283 : [get_directory_socket_id]fscanf path:/sys/devices/virtual/mxcd/mxcd/layout/nodes/300/gpu_id,res: 0,errno:1
[08:24:00.728][MXKW][W]topology.c              :1424: [topology_sysfs_get_system_props]err_node_num is 9,ret is 0,is_node_supported is 0
[08:24:00.728][MXKW][I]topology.c              :283 : [get_directory_socket_id]fscanf path:/sys/devices/virtual/mxcd/mxcd/layout/nodes/301/gpu_id,res: 0,errno:1
[08:24:00.728][MXKW][W]topology.c              :1424: [topology_sysfs_get_system_props]err_node_num is 10,ret is 0,is_node_supported is 0
[08:24:00.728][MXKW][I]topology.c              :283 : [get_directory_socket_id]fscanf path:/sys/devices/virtual/mxcd/mxcd/layout/nodes/303/gpu_id,res: 0,errno:1
[08:24:00.728][MXKW][W]topology.c              :1424: [topology_sysfs_get_system_props]err_node_num is 11,ret is 0,is_node_supported is 0
[08:24:00.728][MXKW][I]topology.c              :283 : [get_directory_socket_id]fscanf path:/sys/devices/virtual/mxcd/mxcd/layout/nodes/304/gpu_id,res: 0,errno:1
[08:24:00.728][MXKW][W]topology.c              :1424: [topology_sysfs_get_system_props]err_node_num is 12,ret is 0,is_node_supported is 0
[08:24:00.728][MXKW][I]topology.c              :283 : [get_directory_socket_id]fscanf path:/sys/devices/virtual/mxcd/mxcd/layout/nodes/305/gpu_id,res: 0,errno:1
[08:24:00.728][MXKW][W]topology.c              :1424: [topology_sysfs_get_system_props]err_node_num is 13,ret is 0,is_node_supported is 0
[08:24:00.728][MXKW][I]topology.c              :283 : [get_directory_socket_id]fscanf path:/sys/devices/virtual/mxcd/mxcd/layout/nodes/306/gpu_id,res: 0,errno:1
[08:24:00.728][MXKW][W]topology.c              :1424: [topology_sysfs_get_system_props]err_node_num is 14,ret is 0,is_node_supported is 0
[08:24:00.728][MXKW][I]topology.c              :283 : [get_directory_socket_id]fscanf path:/sys/devices/virtual/mxcd/mxcd/layout/nodes/307/gpu_id,res: 0,errno:1
[08:24:00.728][MXKW][W]topology.c              :1424: [topology_sysfs_get_system_props]err_node_num is 15,ret is 0,is_node_supported is 0
[08:24:00.728][MXKW][I]topology.c              :283 : [get_directory_socket_id]fscanf path:/sys/devices/virtual/mxcd/mxcd/layout/nodes/308/gpu_id,res: 0,errno:1
[08:24:00.728][MXKW][W]topology.c              :1424: [topology_sysfs_get_system_props]err_node_num is 16,ret is 0,is_node_supported is 0
[08:24:00.728][MXKW][I]topology.c              :283 : [get_directory_socket_id]fscanf path:/sys/devices/virtual/mxcd/mxcd/layout/nodes/309/gpu_id,res: 0,errno:1
[08:24:00.728][MXKW][W]topology.c              :1424: [topology_sysfs_get_system_props]err_node_num is 17,ret is 0,is_node_supported is 0
[08:24:00.728][MXKW][I]topology.c              :283 : [get_directory_socket_id]fscanf path:/sys/devices/virtual/mxcd/mxcd/layout/nodes/310/gpu_id,res: 0,errno:1
[08:24:00.728][MXKW][W]topology.c              :1424: [topology_sysfs_get_system_props]err_node_num is 18,ret is 0,is_node_supported is 0
[08:24:00.728][MXKW][I]topology.c              :283 : [get_directory_socket_id]fscanf path:/sys/devices/virtual/mxcd/mxcd/layout/nodes/311/gpu_id,res: 0,errno:1
[08:24:00.728][MXKW][W]topology.c              :1424: [topology_sysfs_get_system_props]err_node_num is 19,ret is 0,is_node_supported is 0
[08:24:00.728][MXKW][I]topology.c              :283 : [get_directory_socket_id]fscanf path:/sys/devices/virtual/mxcd/mxcd/layout/nodes/312/gpu_id,res: 0,errno:1
[08:24:00.728][MXKW][W]topology.c              :1424: [topology_sysfs_get_system_props]err_node_num is 20,ret is 0,is_node_supported is 0
[08:24:00.728][MXKW][I]topology.c              :283 : [get_directory_socket_id]fscanf path:/sys/devices/virtual/mxcd/mxcd/layout/nodes/313/gpu_id,res: 0,errno:1
[08:24:00.728][MXKW][W]topology.c              :1424: [topology_sysfs_get_system_props]err_node_num is 21,ret is 0,is_node_supported is 0
[08:24:00.728][MXKW][I]topology.c              :283 : [get_directory_socket_id]fscanf path:/sys/devices/virtual/mxcd/mxcd/layout/nodes/314/gpu_id,res: 0,errno:1
[08:24:00.728][MXKW][W]topology.c              :1424: [topology_sysfs_get_system_props]err_node_num is 22,ret is 0,is_node_supported is 0
[08:24:00.728][MXKW][I]topology.c              :283 : [get_directory_socket_id]fscanf path:/sys/devices/virtual/mxcd/mxcd/layout/nodes/315/gpu_id,res: 0,errno:1
[08:24:00.728][MXKW][W]topology.c              :1424: [topology_sysfs_get_system_props]err_node_num is 23,ret is 0,is_node_supported is 0
[08:24:00.728][MXKW][I]topology.c              :283 : [get_directory_socket_id]fscanf path:/sys/devices/virtual/mxcd/mxcd/layout/nodes/317/gpu_id,res: 0,errno:1
[08:24:00.728][MXKW][W]topology.c              :1424: [topology_sysfs_get_system_props]err_node_num is 24,ret is 0,is_node_supported is 0
[08:24:00.728][MXKW][I]topology.c              :1460: [topology_sysfs_get_system_props]cpu total 2 nodes, map list:
[08:24:00.728][MXKW][I]topology.c              :1463: [topology_sysfs_get_system_props]map_cpu[0]:0
[08:24:00.728][MXKW][I]topology.c              :1463: [topology_sysfs_get_system_props]map_cpu[1]:1
[08:24:00.728][MXKW][I]topology.c              :1465: [topology_sysfs_get_system_props]gpu total 1 nodes, map list:
[08:24:00.728][MXKW][I]topology.c              :1468: [topology_sysfs_get_system_props]map_gpu[0]:12
[08:24:00.728][MXKW][I]topology.c              :962 : [find_pci_info]node 0 's pci info is not found
[08:24:00.728][MXKW][I]topology.c              :911 : [read_pci_info_from_file]can't open /sys/devices/virtual/mxcd/mxcd/layout/nodes/0/location file!
[08:24:00.728][MXKW][I]topology.c              :962 : [find_pci_info]node 0 's pci info is not found
[08:24:00.728][MXKW][I]topology.c              :911 : [read_pci_info_from_file]can't open /sys/devices/virtual/mxcd/mxcd/layout/nodes/0/location file!
[08:24:00.728][MXKW][I]topology.c              :1944: [topology_sysfs_get_node_props]Device isa_major is 0, isa_minor is 0, MXName is
[08:24:00.728][MXKW][I]topology.c              :2548: [topology_take_snapshot]node0 direct_links route:
[08:24:00.728][MXKW][I]topology.c              :2562: [topology_take_snapshot]link0 type:2,  0--->1
[08:24:00.728][MXKW][I]topology.c              :962 : [find_pci_info]node 1 's pci info is not found
[08:24:00.728][MXKW][I]topology.c              :911 : [read_pci_info_from_file]can't open /sys/devices/virtual/mxcd/mxcd/layout/nodes/1/location file!
[08:24:00.728][MXKW][I]topology.c              :962 : [find_pci_info]node 1 's pci info is not found
[08:24:00.728][MXKW][I]topology.c              :911 : [read_pci_info_from_file]can't open /sys/devices/virtual/mxcd/mxcd/layout/nodes/1/location file!
[08:24:00.728][MXKW][I]topology.c              :1944: [topology_sysfs_get_node_props]Device isa_major is 0, isa_minor is 0, MXName is
[08:24:00.728][MXKW][I]topology.c              :2548: [topology_take_snapshot]node1 direct_links route:
[08:24:00.728][MXKW][I]topology.c              :2562: [topology_take_snapshot]link0 type:2,  1--->0
[08:24:00.728][MXKW][I]topology.c              :2573: [topology_take_snapshot]node1 indirect_links route:
[08:24:00.728][MXKW][I]topology.c              :1944: [topology_sysfs_get_node_props]Device isa_major is 10, isa_minor is 0, MXName is
[08:24:00.730][MXC][I]MxcInit: leaving
[08:24:00.731][MXC][I]InitDma: Entering
[08:24:00.731][MXC][I]InitDma: Leaving
[08:24:00.731][MCR][I]mx_device.cpp            :2294: Device xcore1000 create, major:10, minor:0
[08:24:00.731][MCR][I]mx_device.cpp            :2795: private_mem:436207616, info_.globalMemSize_:16341008384, gpu_single_alloc_percent:0.990000
[08:24:00.731][MCR][I]mx_device.cpp            :2865: get registersPerMtreg_:64,info_dpcNum_:8,info_wavePerDpc_:416, wavefrontWidth_:64
[08:24:00.731][MCR][I]mx_device.cpp            :3042: rmNum_:8, isuNum_:13, sl1Num_:7, vlsNum_:13, vl1Num_:13, l2cNum_:32, l2aNum_:4, l2xNum_:4

[08:24:00.732][MCR][I]mx_device.cpp            :1091: getQueueCnt hwQueueNum:16
[08:24:00.732][MCR][I]mx_device.cpp            :1153: agent_handle=0x555f86bccd10,hardware queues number:16, queue count configuration: 8-4-4(H-N-L), highForMccl:0
[08:24:00.732][MCR][I]mx_device.cpp            :2445: Device xcore1000 create fininshed!

[08:24:00.732][MCR][I]mx_device.cpp            :2294: Device xcore1000 create, major:10, minor:0
[08:24:00.732][MCR][I]mx_device.cpp            :2795: private_mem:436207616, info_.globalMemSize_:16341008384, gpu_single_alloc_percent:0.990000
[08:24:00.732][MCR][I]mx_device.cpp            :2865: get registersPerMtreg_:64,info_dpcNum_:8,info_wavePerDpc_:416, wavefrontWidth_:64
[08:24:00.732][MCR][I]mx_device.cpp            :3042: rmNum_:8, isuNum_:13, sl1Num_:7, vlsNum_:13, vl1Num_:13, l2cNum_:32, l2aNum_:4, l2xNum_:4

[08:24:00.733][MCR][I]mx_device.cpp            :1091: getQueueCnt hwQueueNum:16
[08:24:00.733][MCR][I]mx_device.cpp            :1153: agent_handle=0x555f86bccd10,hardware queues number:16, queue count configuration: 8-4-4(H-N-L), highForMccl:0
[08:24:00.733][MCR][I]mx_device.cpp            :2445: Device xcore1000 create fininshed!

[08:24:00.733][MCR][I]mc_vpu_impl.cpp          :80  : mcVpuLoad mxvpu lib version: 1.0.20260512_081136

[08:24:00.733][MCR][I]mc_vpu_impl.cpp          :86  : mcVpuLoad load mxvpu lib path: /opt/maca-3.7.1/lib/libmxvpu.so

[08:24:00.733][MCC][I]AddDevice device_id:0, arch:xcore1000
[08:24:00.733][MCC][I]Get compiler from environment variable MACA_PATH: /opt/maca/mxgpu_llvm/bin.
[warning] get_srvrpc_port get rpc server ports failed: cannot retrieve rpc server port.
[warning] get_srvrpc_port get rpc server ports failed: cannot retrieve rpc server port.
[warning] get_srvrpc_port get rpc server ports failed: cannot retrieve rpc server port.
[warning] get_srvrpc_port get rpc server ports failed: cannot retrieve rpc server port.
[warning] get_srvrpc_port get rpc server ports failed: cannot retrieve rpc server port.
[warning] get_srvrpc_port get rpc server ports failed: cannot retrieve rpc server port.
[warning] get_srvrpc_port get rpc server ports failed: cannot retrieve rpc server port.
[warning] get_srvrpc_port get rpc server ports failed: cannot retrieve rpc server port.
[warning] get_srvrpc_port get rpc server ports failed: cannot retrieve rpc server port.
[warning] get_srvrpc_port get rpc server ports failed: cannot retrieve rpc server port.
[warning] get_srvrpc_port get rpc server ports failed: cannot retrieve rpc server port.
[warning] get_srvrpc_port get rpc server ports failed: cannot retrieve rpc server port.
[warning] get_srvrpc_port get rpc server ports failed: cannot retrieve rpc server port.
[warning] get_srvrpc_port get rpc server ports failed: cannot retrieve rpc server port.
[warning] get_srvrpc_port get rpc server ports failed: cannot retrieve rpc server port.
[warning] get_srvrpc_port get rpc server ports failed: cannot retrieve rpc server port.
[warning] get_srvrpc_port get rpc server ports failed: cannot retrieve rpc server port.
[warning] get_srvrpc_port get rpc server ports failed: cannot retrieve rpc server port.
[warning] get_srvrpc_port get rpc server ports failed: cannot retrieve rpc server port.
[warning] get_srvrpc_port get rpc server ports failed: cannot retrieve rpc server port.
[warning] get_srvrpc_port get rpc server ports failed: cannot retrieve rpc server port.
[warning] get_srvrpc_port get rpc server ports failed: cannot retrieve rpc server port.
[08:24:22.743][MXS][I]                    Node0     Node1
[08:24:22.743][MXS][I]Gpu0                X
[08:24:22.743][MXS][I]CpuBind             X         X
get_mempolicy: Operation not permitted
[08:24:22.743][MXS][I]MemBind             X         X
[warning] get_srvrpc_port get rpc server ports failed: cannot retrieve rpc server port.
[08:24:23.569][MXS][I]mcruntime           1%        99%
[warning] get_srvrpc_port get rpc server ports failed: cannot retrieve rpc server port.
[08:24:24.397][MXS][I]mccompiler                    100%
[08:24:25.220][MXS][I]mxc-runtime                   100%
[warning] get_srvrpc_port get rpc server ports failed: cannot retrieve rpc server port.
[08:24:26.034][MXS][I]mxkw                          100%
[08:24:26.035][PTI][I]mcpti_profiler.cpp       :618 : getModuleInfo:1,8,13,7,13,13,32,4,4

[08:24:26.036][MCR][I]mx_device.cpp            :5792: agent_handle=0x555f86bccd10
[08:24:26.037][MCR][I]mx_device.cpp            :1446: created hardware queue 0x7f251f00b000(HWq=0x7f2130001a90) with size 1024 with priority 0(L), cooperative: 0, is_exclusive: 0
[08:24:26.037][MCR][I]mx_device.cpp            :1458: number of allocated hardware queues 0-0-1(H-N-L), number of users 0-0-1
[08:24:26.042][MCR][W]mx_perf_counter.cpp      :568 : Perf is not exclusive, can not be disabled!
[08:24:26.045][MCTX][I]mctxTPImpl.cpp           :186 : Automatically acquire a port.
[08:24:26.045][MCTX][I]mcRpcAsyncImpl.cpp       :421 : mcRpcServerAsyncInit 0x555f86bb8070 0
[08:24:26.046][MCTX][I]mcRpcAsyncImpl.cpp       :500 : mcRpcAsyncServerTask start!
[08:24:26.046][MCTX][I]mcRpcAsyncImpl.cpp       :472 : mcRpcServerAsyncRun start
[08:24:26.046][MCTX][I]server.cpp               :69  : Server thread num: 1, listening on: 39023.
[info] MctxStreamProfilerCountDataGet Start
[info] MctxStreamProfilerCountDataGet Loop
mcToolsExtPid_UsedPort:149069-39023
[08:24:31.157][MCR][I]mc_memory.cpp            :1671: copy strategy - H2DCpuCopy:0,D2HCpuCopy:0,cpuCopy:0,d2dCrossDevices:0,pageableHToDAsync:0
[08:24:31.157][MCR][I]mc_memory.cpp            :1672: copy strategy - isAsync:0,waitComplete:1
[08:24:31.157][MXC][I]GpuDevice 0x86bccd10 enable profiling, sdm_counter:44595487484409, sys_time:1788942271157378196
[08:24:31.157][MXC][I]raw dispatch ts:[111017784033761,111017784033855]
[08:24:31.157][MXC][I]dispatch ts translate ret [1788942271157413143, 1788942271157414083]
[08:24:31.157][MXC][I]raw async_copy ts:[44595487669245,44595487681128]
[08:24:31.157][MXC][I]sdma_ts_.sdma_counter:44595487484409
[08:24:31.157][MXC][I]DNOCfreq:900000000, async_copy ts translate ret [1788942271157583569, 1788942271157596772]
[08:24:31.157][MXC][I]raw dispatch ts:[111017779150907,111017779155531]
[08:24:31.157][MXC][I]dispatch ts translate ret [1788942271108584643, 1788942271108630883]
[08:24:31.157][MXC][I]raw dispatch ts:[111017779155921,111017779156898]
[08:24:31.157][MXC][I]dispatch ts translate ret [1788942271108634783, 1788942271108644553]
[08:24:31.157][MXC][I]raw dispatch ts:[111017779159927,111017779160989]
[08:24:31.157][MXC][I]dispatch ts translate ret [1788942271108674843, 1788942271108685463]
[08:24:31.180][MXC][I]raw dispatch ts:[111017784509520,111017784510194]
[08:24:31.180][MXC][I]dispatch ts translate ret [1788942271162170752, 1788942271162177492]
[08:24:31.186][MXC][I]raw dispatch ts:[111017784518777,111017784519295]
[08:24:31.186][MXC][I]dispatch ts translate ret [1788942271162263322, 1788942271162268502]
[08:24:31.187][MCBLASLT][I]The handle of mcBlas/mcBlasLt is not thread-safe and cannot be shared across threads.
[08:24:31.187][MCBLASLT][I]Looking for the module path
[08:24:31.187][MCBLASLT][I]found mcblaslt lib path: /opt/maca-3.7.1/lib
[08:24:31.444][MCBLASLT][I]load module mcblas_xcore1000.mcfb successed
[08:24:31.444][MCBLASLT][I]xcore_major_ : 10, xcore_minor_ : 0, page_size_: 2097152
[08:24:31.685][MCBLASLT][I]Kernsel: Succeed init xcore_major: 10 with ap num: 104 !
[08:24:31.685][MCBLASLT][I]Kernsel: Kernsel not set MCBLAS_CUSTOMIZED_CONFIG_PATH
[08:24:31.685][MCBLASLT][I]xcore_major_ : 10, xcore_minor_ : 0, page_size_: 2097152
[08:24:31.954][MCBLASLT][I]Gemv Kernsel: Succeed init xcore_major: 10 with ap num: 104 !
[08:24:31.954][MCBLASLT][I]Gemv kernsel: Kernsel not set MCBLAS_GEMV_CUSTOMIZED_CONFIG_PATH
[08:24:31.954][MCBLASLT][I]allocated memory for signal buffer
[08:24:31.954][MCR][I]mc_memory.cpp            :2132: [mcMemset] dst:0x7f20f7400000 value:0 valueSize:1 sizeBytes:262144 isAsync:false
[08:24:31.954][MXC][I]raw dispatch ts:[111017784604864,111017784605952]
[08:24:31.954][MXC][I]dispatch ts translate ret [1788942271163124196, 1788942271163135076]
[08:24:31.954][MCBLASLT][I]set_workspace is called ! user allocated size: 67108864B = 64.000000MB
[08:24:31.954][MXC][I]raw dispatch ts:[111017784625494,111017784625960]
[08:24:31.954][MXC][I]dispatch ts translate ret [1788942271163330497, 1788942271163335157]
[08:24:31.954][MXC][I]raw dispatch ts:[111017785102093,111017785102631]
[08:24:31.954][MXC][I]dispatch ts translate ret [1788942271168096506, 1788942271168101886]
[08:24:31.954][MXC][I]raw dispatch ts:[111017785136366,111017785136660]
[08:24:31.954][MXC][I]dispatch ts translate ret [1788942271168439238, 1788942271168442178]
[08:24:31.954][MXC][I]raw dispatch ts:[111017785681393,111017785682028]
[08:24:31.954][MXC][I]dispatch ts translate ret [1788942271173889530, 1788942271173895880]
[08:24:31.954][MXC][I]raw dispatch ts:[111017785915954,111017785916538]
[08:24:31.954][MXC][I]dispatch ts translate ret [1788942271176235150, 1788942271176240990]
[08:24:31.954][MXC][I]raw dispatch ts:[111017785919988,111017785920458]
[08:24:31.954][MXC][I]dispatch ts translate ret [1788942271176275490, 1788942271176280190]
[08:24:31.954][MXC][I]raw dispatch ts:[111017786045914,111017786046387]
[08:24:31.954][MXC][I]dispatch ts translate ret [1788942271177534755, 1788942271177539485]
[08:24:31.954][MXC][I]raw dispatch ts:[111017786049364,111017786049658]
[08:24:31.954][MXC][I]dispatch ts translate ret [1788942271177569255, 1788942271177572195]
[08:24:31.954][MXC][I]raw dispatch ts:[111017786058374,111017786059225]
[08:24:31.954][MXC][I]dispatch ts translate ret [1788942271177659356, 1788942271177667866]
[08:24:31.954][MXC][I]raw dispatch ts:[111017786062587,111017786062907]
[08:24:31.954][MXC][I]dispatch ts translate ret [1788942271177701486, 1788942271177704686]
[08:24:31.954][MXC][I]raw dispatch ts:[111017786329227,111017786329923]
[08:24:31.954][MXC][I]dispatch ts translate ret [1788942271180367897, 1788942271180374857]
[08:24:31.954][MXC][I]raw dispatch ts:[111017786344266,111017786345190]
[08:24:31.954][MXC][I]dispatch ts translate ret [1788942271180518287, 1788942271180527527]
[08:24:31.954][MXC][I]raw dispatch ts:[111017786348030,111017786348637]
[08:24:31.954][MXC][I]dispatch ts translate ret [1788942271180555927, 1788942271180561997]
[08:24:31.954][MXC][I]raw dispatch ts:[111017786953635,111017786962064]
[08:24:31.954][MXC][I]dispatch ts translate ret [1788942271186611972, 1788942271186696262]
[08:24:31.954][MXC][I]raw dispatch ts:[111017863751001,111017863754378]
[08:24:31.954][MXC][I]dispatch ts translate ret [1788942271954584926, 1788942271954618696]
[08:24:31.954][MCBLAS][I]mcblasSgemmStridedBatched 1 0 128 16 64 64 64 128 256 8192 1024 2048 1.000000 0.000000
[08:24:31.955][MCBLASLT][I]Kernsel found best solution: Kernel name: mcblas__Mck_sgemm_tn_128x32x32_1m1n4k_256t_fp32_fp32_fp32_sb_0_0, slt:0, swap:0, ksplit:0
[08:24:31.955][MCBLASLT][I]module get function mcblas__Mck_sgemm_tn_128x32x32_1m1n4k_256t_fp32_fp32_fp32_sb_0_0 successed
[08:24:31.973][MCBLASLT][I]mcModuleLaunchKernel successed, ret = 0
[08:24:31.976][MCR][I]mc_memory.cpp            :1671: copy strategy - H2DCpuCopy:0,D2HCpuCopy:0,cpuCopy:0,d2dCrossDevices:0,pageableHToDAsync:0
[08:24:31.976][MCR][I]mc_memory.cpp            :1672: copy strategy - isAsync:0,waitComplete:0
[08:24:31.976][MXC][I]raw dispatch ts:[111017865969987,111017865970082]
[08:24:31.976][MXC][I]dispatch ts translate ret [1788942271976774683, 1788942271976775633]
[08:24:31.981][MCBLASLT][I]set_workspace is called ! user allocated size: 67108864B = 64.000000MB
[08:24:31.981][MCBLAS][I]mcblasSgemmStridedBatched 0 0 64 16 128 64 128 64 256 8192 2048 1024 1.000000 0.000000
[08:24:31.982][MCBLASLT][I]Kernsel found best solution: Kernel name: mcblas__Mck_sgemm_nn_64x32x64_1m1n4k_256t_fp32_fp32_fp32_sb_0_0, slt:0, swap:1, ksplit:0
[08:24:31.982][MCBLASLT][I]module get function mcblas__Mck_sgemm_nn_64x32x64_1m1n4k_256t_fp32_fp32_fp32_sb_0_0 successed
[08:24:31.982][MCBLASLT][I]mcModuleLaunchKernel successed, ret = 0
[08:24:31.982][MCR][I]mc_memory.cpp            :1671: copy strategy - H2DCpuCopy:0,D2HCpuCopy:0,cpuCopy:0,d2dCrossDevices:0,pageableHToDAsync:0
[08:24:31.982][MCR][I]mc_memory.cpp            :1672: copy strategy - isAsync:0,waitComplete:0
[08:24:31.982][MXC][I]raw dispatch ts:[111017866539593,111017866539686]
[08:24:31.982][MXC][I]dispatch ts translate ret [1788942271982470740, 1788942271982471670]
[08:24:31.982][MXC][I]raw async_copy ts:[44596477635246,44596477649341]
[08:24:31.982][MXC][I]sdma_ts_.sdma_counter:44595487484409
[08:24:31.982][MXC][I]DNOCfreq:900000000, async_copy ts translate ret [1788942272257545792, 1788942272257561453]
[08:24:31.982][MXC][I]raw dispatch ts:[111017865658113,111017865660036]
[08:24:31.982][MXC][I]dispatch ts translate ret [1788942271973655944, 1788942271973675174]
[08:24:31.982][MXC][I]raw dispatch ts:[111017865680617,111017865681137]
[08:24:31.982][MXC][I]dispatch ts translate ret [1788942271973880984, 1788942271973886184]
[08:24:31.982][MXC][I]raw dispatch ts:[111017865955787,111017865956264]
[08:24:31.982][MXC][I]dispatch ts translate ret [1788942271976632683, 1788942271976637453]
[08:24:31.982][MXC][I]raw async_copy ts:[44596470809776,44596470854653]
[08:24:31.982][MXC][I]sdma_ts_.sdma_counter:44595487484409
[08:24:31.982][MXC][I]DNOCfreq:900000000, async_copy ts translate ret [1788942272249961937, 1788942272250011800]
[08:24:31.982][MXC][I]raw dispatch ts:[111017866354575,111017866355672]
[08:24:31.982][MXC][I]dispatch ts translate ret [1788942271980620560, 1788942271980631530]
[08:24:31.982][MXC][I]raw dispatch ts:[111017866467289,111017866468485]
[08:24:31.982][MXC][I]dispatch ts translate ret [1788942271981747700, 1788942271981759660]
[08:24:31.982][MXC][I]raw dispatch ts:[111017866474778,111017866475458]
[08:24:31.982][MXC][I]dispatch ts translate ret [1788942271981822590, 1788942271981829390]
[08:24:31.982][MXC][I]raw dispatch ts:[111017866479776,111017866488083]
[08:24:31.982][MXC][I]dispatch ts translate ret [1788942271981872570, 1788942271981955640]
[08:24:31.982][MXC][I]raw dispatch ts:[111017866526416,111017866527842]
[08:24:31.982][MXC][I]dispatch ts translate ret [1788942271982338970, 1788942271982353230]
[08:24:31.982][MXC][I]raw dispatch ts:[111017866536160,111017866536887]
[08:24:31.982][MXC][I]dispatch ts translate ret [1788942271982436410, 1788942271982443680]
[08:24:31.982][MCBLASLT][I]set_workspace is called ! user allocated size: 67108864B = 64.000000MB
[08:24:31.982][MCBLAS][I]mcblasSgemmStridedBatched 1 0 128 16 64 64 64 128 256 8192 1024 2048 1.000000 0.000000
[08:24:31.982][MCBLASLT][I]Kernsel found best solution: Kernel name: mcblas__Mck_sgemm_tn_128x32x32_1m1n4k_256t_fp32_fp32_fp32_sb_0_0, slt:0, swap:0, ksplit:0
[08:24:31.982][MCBLASLT][I]module get function mcblas__Mck_sgemm_tn_128x32x32_1m1n4k_256t_fp32_fp32_fp32_sb_0_0 successed
[08:24:31.982][MCBLASLT][I]mcModuleLaunchKernel successed, ret = 0
[08:24:31.982][MXC][I]raw dispatch ts:[111017866546447,111017866546824]
[08:24:31.982][MXC][I]dispatch ts translate ret [1788942271982539278, 1788942271982543048]
[08:24:31.982][MXC][I]raw dispatch ts:[111017866549468,111017866549864]
[08:24:31.982][MXC][I]dispatch ts translate ret [1788942271982569488, 1788942271982573448]
[08:24:31.983][MCR][I]mc_memory.cpp            :1671: copy strategy - H2DCpuCopy:0,D2HCpuCopy:0,cpuCopy:0,d2dCrossDevices:0,pageableHToDAsync:0
[08:24:31.983][MCR][I]mc_memory.cpp            :1672: copy strategy - isAsync:0,waitComplete:0
[08:24:31.983][MXC][I]raw dispatch ts:[111017866552524,111017866552768]
[08:24:31.983][MXC][I]dispatch ts translate ret [1788942271982600078, 1788942271982602518]
[08:24:31.983][MXC][I]raw dispatch ts:[111017866597049,111017866597144]
[08:24:31.983][MXC][I]dispatch ts translate ret [1788942271983045431, 1788942271983046382]
[08:24:31.983][MXC][I]raw dispatch ts:[111017866555332,111017866555860]
[08:24:31.983][MXC][I]dispatch ts translate ret [1788942271982628164, 1788942271982633445]
[08:24:31.983][MXC][I]raw async_copy ts:[44596478320876,44596478363819]
[08:24:31.983][MXC][I]sdma_ts_.sdma_counter:44595487484409
[08:24:31.983][MXC][I]DNOCfreq:900000000, async_copy ts translate ret [1788942272258307603, 1788942272258355317]
[08:24:31.983][MXC][I]raw dispatch ts:[111017866558431,111017866558895]
[08:24:31.983][MXC][I]dispatch ts translate ret [1788942271982659162, 1788942271982663803]
[08:24:31.983][MCBLASLT][I]set_workspace is called ! user allocated size: 67108864B = 64.000000MB
[08:24:31.983][MCBLAS][I]mcblasSgemmStridedBatched 0 0 64 16 128 64 128 64 256 8192 2048 1024 1.000000 0.000000
[08:24:31.983][MCBLASLT][I]Kernsel found best solution: Kernel name: mcblas__Mck_sgemm_nn_64x32x64_1m1n4k_256t_fp32_fp32_fp32_sb_0_0, slt:0, swap:1, ksplit:0
[08:24:31.983][MXC][I]raw dispatch ts:[111017866559176,111017866559538]
[08:24:31.983][MCBLASLT][I]module get function mcblas__Mck_sgemm_nn_64x32x64_1m1n4k_256t_fp32_fp32_fp32_sb_0_0 successed
[08:24:31.983][MXC][I]dispatch ts translate ret [1788942271982666613, 1788942271982670234]
[08:24:31.983][MCBLASLT][I]mcModuleLaunchKernel successed, ret = 0
[08:24:31.983][MXC][I]raw dispatch ts:[111017866562084,111017866562426]
[08:24:31.983][MXC][I]dispatch ts translate ret [1788942271982695700, 1788942271982699121]
[08:24:31.983][MXC][I]raw dispatch ts:[111017866565040,111017866565284]
[08:24:31.983][MXC][I]dispatch ts translate ret [1788942271982725267, 1788942271982727708]
[08:24:31.983][MXC][I]raw dispatch ts:[111017866567959,111017866568762]
[08:24:31.983][MXC][I]dispatch ts translate ret [1788942271982754464, 1788942271982762496]
[08:24:31.983][MXC][I]raw dispatch ts:[111017866569050,111017866569310]
[08:24:31.983][MXC][I]dispatch ts translate ret [1788942271982765377, 1788942271982767977]
[08:24:31.983][MCR][I]mc_memory.cpp            :1671: copy strategy - H2DCpuCopy:0,D2HCpuCopy:0,cpuCopy:0,d2dCrossDevices:0,pageableHToDAsync:0
[08:24:31.983][MCR][I]mc_memory.cpp            :1672: copy strategy - isAsync:0,waitComplete:0
[08:24:31.983][MXC][I]raw dispatch ts:[111017866571907,111017866572437]
[08:24:31.983][MXC][I]dispatch ts translate ret [1788942271982793953, 1788942271982799255]
[08:24:31.983][MXC][I]raw dispatch ts:[111017866623263,111017866623355]
[08:24:31.983][MXC][I]dispatch ts translate ret [1788942271983307419, 1788942271983308338]
[08:24:31.983][MXC][I]raw dispatch ts:[111017866575014,111017866575738]
[08:24:31.983][MXC][I]dispatch ts translate ret [1788942271982825077, 1788942271982832317]
[08:24:31.983][MXC][I]raw async_copy ts:[44596478634282,44596478645894]
[08:24:31.983][MXC][I]sdma_ts_.sdma_counter:44595487484409
[08:24:31.983][MXC][I]DNOCfreq:900000000, async_copy ts translate ret [1788942272258655832, 1788942272258668734]
[08:24:31.983][MXC][I]raw dispatch ts:[111017866576030,111017866576527]
[08:24:31.983][MXC][I]dispatch ts translate ret [1788942271982835237, 1788942271982840207]
[08:24:31.983][MXC][I]raw dispatch ts:[111017866579132,111017866581621]
[08:24:31.983][MXC][I]dispatch ts translate ret [1788942271982866257, 1788942271982891147]
[08:24:31.983][MXC][I]raw dispatch ts:[111017866586707,111017866588118]
[08:24:31.983][MXC][I]dispatch ts translate ret [1788942271982942007, 1788942271982956117]
[08:24:31.983][MXC][I]raw dispatch ts:[111017866590926,111017866591398]
[08:24:31.983][MXC][I]dispatch ts translate ret [1788942271982984197, 1788942271982988917]
[08:24:31.983][MXC][I]raw dispatch ts:[111017866594174,111017866594483]
[08:24:31.983][MXC][I]dispatch ts translate ret [1788942271983016677, 1788942271983019767]
[08:24:31.983][MXC][I]raw dispatch ts:[111017866607061,111017866608006]
[08:24:31.983][MXC][I]dispatch ts translate ret [1788942271983145482, 1788942271983154927]
[08:24:31.983][MXC][I]raw dispatch ts:[111017866610728,111017866611871]
[08:24:31.983][MXC][I]dispatch ts translate ret [1788942271983182133, 1788942271983193557]
[08:24:31.983][MXC][I]raw dispatch ts:[111017866612150,111017866612732]
[08:24:31.983][MXC][I]dispatch ts translate ret [1788942271983196346, 1788942271983202163]
[08:24:31.983][MXC][I]raw dispatch ts:[111017866615473,111017866617995]
[08:24:31.983][MXC][I]dispatch ts translate ret [1788942271983229559, 1788942271983254766]
[08:24:31.983][MXC][I]raw dispatch ts:[111017866618277,111017866619549]
[08:24:31.983][MXC][I]dispatch ts translate ret [1788942271983257584, 1788942271983270298]
[08:24:31.983][MXC][I]raw dispatch ts:[111017866619825,111017866620547]
[08:24:31.983][MXC][I]dispatch ts translate ret [1788942271983273056, 1788942271983280273]
[08:24:31.983][MCBLASLT][I]set_workspace is called ! user allocated size: 67108864B = 64.000000MB
[08:24:31.983][MCBLAS][I]mcblasSgemmStridedBatched 1 0 128 16 64 64 64 128 256 8192 1024 2048 1.000000 0.000000
[08:24:31.983][MCBLASLT][I]Kernsel found best solution: Kernel name: mcblas__Mck_sgemm_tn_128x32x32_1m1n4k_256t_fp32_fp32_fp32_sb_0_0, slt:0, swap:0, ksplit:0
[08:24:31.983][MCBLASLT][I]module get function mcblas__Mck_sgemm_tn_128x32x32_1m1n4k_256t_fp32_fp32_fp32_sb_0_0 successed
[08:24:31.983][MCBLASLT][I]mcModuleLaunchKernel successed, ret = 0
[08:24:31.983][MXC][I]raw dispatch ts:[111017866629564,111017866629952]
[08:24:31.983][MXC][I]dispatch ts translate ret [1788942271983370395, 1788942271983374273]
[08:24:31.983][MXC][I]raw dispatch ts:[111017866632532,111017866632888]
[08:24:31.983][MXC][I]dispatch ts translate ret [1788942271983400060, 1788942271983403618]
[08:24:31.983][MCR][I]mc_memory.cpp            :1671: copy strategy - H2DCpuCopy:0,D2HCpuCopy:0,cpuCopy:0,d2dCrossDevices:0,pageableHToDAsync:0
[08:24:31.983][MCR][I]mc_memory.cpp            :1672: copy strategy - isAsync:0,waitComplete:0
[08:24:31.983][MXC][I]raw dispatch ts:[111017866633173,111017866633523]
[08:24:31.983][MXC][I]dispatch ts translate ret [1788942271983406467, 1788942271983409965]
[08:24:31.983][MXC][I]raw dispatch ts:[111017866655694,111017866655941]
[08:24:31.983][MCBLASLT][I]set_workspace is called ! user allocated size: 67108864B = 64.000000MB
[08:24:31.983][MXC][I]dispatch ts translate ret [1788942271983631748, 1788942271983634218]
[08:24:31.983][MCBLAS][I]mcblasSgemmStridedBatched 0 0 64 16 128 64 128 64 256 8192 2048 1024 1.000000 0.000000
[08:24:31.983][MXC][I]raw dispatch ts:[111017866633801,111017866634224]
[08:24:31.983][MXC][I]dispatch ts translate ret [1788942271983412802, 1788942271983417033]
[08:24:31.983][MCBLASLT][I]Kernsel found best solution: Kernel name: mcblas__Mck_sgemm_nn_64x32x64_1m1n4k_256t_fp32_fp32_fp32_sb_0_0, slt:0, swap:1, ksplit:0
[08:24:31.983][MCBLASLT][I]module get function mcblas__Mck_sgemm_nn_64x32x64_1m1n4k_256t_fp32_fp32_fp32_sb_0_0 successed
[08:24:31.983][MCBLASLT][I]mcModuleLaunchKernel successed, ret = 0
[08:24:31.983][MCR][I]mc_memory.cpp            :1671: copy strategy - H2DCpuCopy:0,D2HCpuCopy:0,cpuCopy:0,d2dCrossDevices:0,pageableHToDAsync:0
[08:24:31.983][MXC][I]raw async_copy ts:[44596479035136,44596479077493]
[08:24:31.983][MXC][I]sdma_ts_.sdma_counter:44595487484409
[08:24:31.983][MXC][I]DNOCfreq:900000000, async_copy ts translate ret [1788942272259101226, 1788942272259148289]
[08:24:31.983][MCR][I]mc_memory.cpp            :1672: copy strategy - isAsync:0,waitComplete:0
[08:24:31.983][MXC][I]raw dispatch ts:[111017866636825,111017866637275]
[08:24:31.983][MXC][I]dispatch ts translate ret [1788942271983443045, 1788942271983447545]
[08:24:31.983][MXC][I]raw dispatch ts:[111017866637561,111017866637920]
[08:24:31.983][MXC][I]dispatch ts translate ret [1788942271983450405, 1788942271983453995]
[08:24:31.983][MXC][I]raw dispatch ts:[111017866638197,111017866638484]
[08:24:31.983][MXC][I]dispatch ts translate ret [1788942271983456766, 1788942271983459636]
[08:24:31.983][MXC][I]raw dispatch ts:[111017866638759,111017866638934]
[08:24:31.983][MXC][I]dispatch ts translate ret [1788942271983462386, 1788942271983464136]
[08:24:31.983][MXC][I]raw dispatch ts:[111017866639197,111017866639939]
[08:24:31.983][MXC][I]dispatch ts translate ret [1788942271983466766, 1788942271983474187]
[08:24:31.983][MXC][I]raw dispatch ts:[111017866644137,111017866644436]
[08:24:31.983][MXC][I]dispatch ts translate ret [1788942271983516170, 1788942271983519160]
[08:24:31.983][MXC][I]raw dispatch ts:[111017866644732,111017866645280]
[08:24:31.983][MXC][I]dispatch ts translate ret [1788942271983522120, 1788942271983527601]
[08:24:31.983][MXC][I]raw dispatch ts:[111017866680356,111017866680562]
[08:24:31.983][MXC][I]dispatch ts translate ret [1788942271983878363, 1788942271983880423]
[08:24:31.983][MXC][I]raw dispatch ts:[111017866645554,111017866646345]
[08:24:31.983][MXC][I]dispatch ts translate ret [1788942271983530349, 1788942271983538259]
[08:24:31.983][MXC][I]raw async_copy ts:[44596479319199,44596479330892]
[08:24:31.983][MXC][I]sdma_ts_.sdma_counter:44595487484409
[08:24:31.983][MXC][I]DNOCfreq:900000000, async_copy ts translate ret [1788942272259416851, 1788942272259429843]
[08:24:31.983][MXC][I]raw dispatch ts:[111017866646622,111017866647206]
[08:24:31.983][MXC][I]dispatch ts translate ret [1788942271983541029, 1788942271983546869]
[08:24:31.983][MXC][I]raw dispatch ts:[111017866647478,111017866650007]
[08:24:31.983][MXC][I]dispatch ts translate ret [1788942271983549589, 1788942271983574879]
[08:24:31.983][MXC][I]raw dispatch ts:[111017866650282,111017866651551]
[08:24:31.983][MXC][I]dispatch ts translate ret [1788942271983577629, 1788942271983590319]
[08:24:31.983][MXC][I]raw dispatch ts:[111017866654434,111017866654896]
[08:24:31.983][MXC][I]dispatch ts translate ret [1788942271983619149, 1788942271983623769]
[08:24:31.983][MXC][I]raw dispatch ts:[111017866655187,111017866655420]
[08:24:31.983][MCBLASLT][I]set_workspace is called ! user allocated size: 67108864B = 64.000000MB
[08:24:31.983][MXC][I]dispatch ts translate ret [1788942271983626679, 1788942271983629009]
[08:24:31.983][MCBLAS][I]mcblasSgemmStridedBatched 1 0 128 16 64 64 64 128 256 8192 1024 2048 1.000000 0.000000
[08:24:31.983][MCBLASLT][I]Kernsel found best solution: Kernel name: mcblas__Mck_sgemm_tn_128x32x32_1m1n4k_256t_fp32_fp32_fp32_sb_0_0, slt:0, swap:0, ksplit:0
[08:24:31.983][MCBLASLT][I]module get function mcblas__Mck_sgemm_tn_128x32x32_1m1n4k_256t_fp32_fp32_fp32_sb_0_0 successed
[08:24:31.983][MXC][I]raw dispatch ts:[111017866667012,111017866667924]
[08:24:31.984][MXC][I]dispatch ts translate ret [1788942271983744926, 1788942271983754046]
[08:24:31.984][MCBLASLT][I]mcModuleLaunchKernel successed, ret = 0
[08:24:31.984][MXC][I]raw dispatch ts:[111017866670411,111017866671497]
[08:24:31.984][MXC][I]dispatch ts translate ret [1788942271983778915, 1788942271983789775]
[08:24:31.984][MXC][I]raw dispatch ts:[111017866671784,111017866672321]
[08:24:31.984][MXC][I]dispatch ts translate ret [1788942271983792645, 1788942271983798015]
[08:24:31.984][MXC][I]raw dispatch ts:[111017866672610,111017866675033]
[08:24:31.984][MXC][I]dispatch ts translate ret [1788942271983800905, 1788942271983825134]
[08:24:31.984][MXC][I]raw dispatch ts:[111017866677850,111017866679227]
[08:24:31.984][MXC][I]dispatch ts translate ret [1788942271983853303, 1788942271983867073]
[08:24:31.984][MXC][I]raw dispatch ts:[111017866679507,111017866680085]
[08:24:31.984][MXC][I]dispatch ts translate ret [1788942271983869873, 1788942271983875653]
[08:24:31.984][MCR][I]mc_memory.cpp            :1671: copy strategy - H2DCpuCopy:0,D2HCpuCopy:0,cpuCopy:0,d2dCrossDevices:0,pageableHToDAsync:0
[08:24:31.984][MXC][I]raw dispatch ts:[111017866686761,111017866687135]
[08:24:31.984][MCR][I]mc_memory.cpp            :1672: copy strategy - isAsync:0,waitComplete:0
[08:24:31.984][MXC][I]dispatch ts translate ret [1788942271983942410, 1788942271983946150]
[08:24:31.984][MXC][I]raw dispatch ts:[111017866689702,111017866690060]
[08:24:31.984][MXC][I]dispatch ts translate ret [1788942271983971819, 1788942271983975399]
[08:24:31.984][MXC][I]raw dispatch ts:[111017866690338,111017866690587]
[08:24:31.984][MXC][I]dispatch ts translate ret [1788942271983978179, 1788942271983980669]
[08:24:31.984][MCBLASLT][I]set_workspace is called ! user allocated size: 67108864B = 64.000000MB
[08:24:31.984][MCBLAS][I]mcblasSgemmStridedBatched 0 0 64 16 128 64 128 64 256 8192 2048 1024 1.000000 0.000000
[08:24:31.984][MCBLASLT][I]Kernsel found best solution: Kernel name: mcblas__Mck_sgemm_nn_64x32x64_1m1n4k_256t_fp32_fp32_fp32_sb_0_0, slt:0, swap:1, ksplit:0
[08:24:31.984][MCBLASLT][I]module get function mcblas__Mck_sgemm_nn_64x32x64_1m1n4k_256t_fp32_fp32_fp32_sb_0_0 successed
[08:24:31.984][MCBLASLT][I]mcModuleLaunchKernel successed, ret = 0
[08:24:31.984][MXC][I]raw dispatch ts:[111017866711779,111017866712173]
[08:24:31.984][MXC][I]dispatch ts translate ret [1788942271984192689, 1788942271984196631]
[08:24:31.984][MXC][I]raw dispatch ts:[111017866690855,111017866691353]
[08:24:31.984][MXC][I]dispatch ts translate ret [1788942271983983383, 1788942271983988365]
[08:24:31.984][MCR][I]mc_memory.cpp            :1671: copy strategy - H2DCpuCopy:0,D2HCpuCopy:0,cpuCopy:0,d2dCrossDevices:0,pageableHToDAsync:0
[08:24:31.984][MCR][I]mc_memory.cpp            :1672: copy strategy - isAsync:0,waitComplete:0
[08:24:31.984][MXC][I]raw async_copy ts:[44596479701506,44596479743986]
[08:24:31.984][MXC][I]sdma_ts_.sdma_counter:44595487484409
[08:24:31.984][MXC][I]DNOCfreq:900000000, async_copy ts translate ret [1788942272259841637, 1788942272259888837]
[08:24:31.984][MXC][I]raw dispatch ts:[111017866694245,111017866694661]
[08:24:31.984][MXC][I]dispatch ts translate ret [1788942271984017294, 1788942271984021455]
[08:24:31.984][MXC][I]raw dispatch ts:[111017866694964,111017866695391]
[08:24:31.984][MXC][I]dispatch ts translate ret [1788942271984024486, 1788942271984028758]
[08:24:31.984][MXC][I]raw dispatch ts:[111017866695682,111017866695897]
[08:24:31.984][MXC][I]dispatch ts translate ret [1788942271984031669, 1788942271984033819]
[08:24:31.984][MXC][I]raw dispatch ts:[111017866698880,111017866699134]
[08:24:31.984][MXC][I]dispatch ts translate ret [1788942271984063659, 1788942271984066199]
[08:24:31.984][MXC][I]raw dispatch ts:[111017866699438,111017866700218]
[08:24:31.984][MXC][I]dispatch ts translate ret [1788942271984069240, 1788942271984077043]
[08:24:31.984][MXC][I]raw dispatch ts:[111017866700504,111017866700795]
[08:24:31.984][MXC][I]dispatch ts translate ret [1788942271984079904, 1788942271984082815]
[08:24:31.984][MXC][I]raw dispatch ts:[111017866701075,111017866701511]
[08:24:31.984][MXC][I]dispatch ts translate ret [1788942271984085616, 1788942271984089977]
[08:24:31.984][MXC][I]raw dispatch ts:[111017866734725,111017866734870]
[08:24:31.984][MXC][I]dispatch ts translate ret [1788942271984422044, 1788942271984423493]
[08:24:31.984][MXC][I]raw dispatch ts:[111017866704367,111017866705157]
[08:24:31.984][MXC][I]dispatch ts translate ret [1788942271984118573, 1788942271984126473]
[08:24:31.984][MCBLASLT][I]set_workspace is called ! user allocated size: 67108864B = 64.000000MB
[08:24:31.984][MCBLAS][I]mcblasSgemmStridedBatched 1 0 128 16 64 64 64 128 256 8192 1024 2048 1.000000 0.000000
[08:24:31.984][MCBLASLT][I]Kernsel found best solution: Kernel name: mcblas__Mck_sgemm_tn_128x32x32_1m1n4k_256t_fp32_fp32_fp32_sb_0_0, slt:0, swap:0, ksplit:0
[08:24:31.984][MXC][I]raw async_copy ts:[44596479970566,44596479982232]
[08:24:31.984][MCBLASLT][I]module get function mcblas__Mck_sgemm_tn_128x32x32_1m1n4k_256t_fp32_fp32_fp32_sb_0_0 successed
[08:24:31.984][MXC][I]sdma_ts_.sdma_counter:44595487484409
[08:24:31.984][MXC][I]DNOCfreq:900000000, async_copy ts translate ret [1788942272260140592, 1788942272260153554]
[08:24:31.984][MXC][I]raw dispatch ts:[111017866705438,111017866706030]
[08:24:31.984][MCBLASLT][I]mcModuleLaunchKernel successed, ret = 0
[08:24:31.984][MXC][I]dispatch ts translate ret [1788942271984129283, 1788942271984135203]
[08:24:31.984][MXC][I]raw dispatch ts:[111017866706306,111017866708795]
[08:24:31.984][MXC][I]dispatch ts translate ret [1788942271984137963, 1788942271984162853]
[08:24:31.984][MXC][I]raw dispatch ts:[111017866709073,111017866710305]
[08:24:31.984][MXC][I]dispatch ts translate ret [1788942271984165633, 1788942271984177953]
[08:24:31.984][MXC][I]raw dispatch ts:[111017866710580,111017866710985]
[08:24:31.984][MXC][I]dispatch ts translate ret [1788942271984180703, 1788942271984184753]
[08:24:31.984][MXC][I]raw dispatch ts:[111017866711256,111017866711507]
[08:24:31.984][MXC][I]dispatch ts translate ret [1788942271984187463, 1788942271984189973]
[08:24:31.984][MCR][I]mc_memory.cpp            :1671: copy strategy - H2DCpuCopy:0,D2HCpuCopy:0,cpuCopy:0,d2dCrossDevices:0,pageableHToDAsync:0
[08:24:31.984][MCR][I]mc_memory.cpp            :1672: copy strategy - isAsync:0,waitComplete:0
[08:24:31.984][MXC][I]raw dispatch ts:[111017866721063,111017866722050]
[08:24:31.984][MXC][I]dispatch ts translate ret [1788942271984285491, 1788942271984295357]
[08:24:31.984][MXC][I]raw dispatch ts:[111017866724819,111017866725855]
[08:24:31.984][MXC][I]dispatch ts translate ret [1788942271984323033, 1788942271984333388]
[08:24:31.984][MXC][I]raw dispatch ts:[111017866726145,111017866726709]
[08:24:31.984][MXC][I]dispatch ts translate ret [1788942271984336286, 1788942271984341923]
[08:24:31.984][MXC][I]raw dispatch ts:[111017866726997,111017866729421]
[08:24:31.984][MXC][I]dispatch ts translate ret [1788942271984344802, 1788942271984369030]
[08:24:31.984][MXC][I]raw dispatch ts:[111017866729703,111017866730980]
[08:24:31.984][MXC][I]dispatch ts translate ret [1788942271984371849, 1788942271984384612]
[08:24:31.984][MXC][I]raw dispatch ts:[111017866733710,111017866734441]
[08:24:31.984][MXC][I]dispatch ts translate ret [1788942271984411899, 1788942271984419205]
[08:24:31.984][MCBLASLT][I]set_workspace is called ! user allocated size: 67108864B = 64.000000MB
[08:24:31.984][MCBLAS][I]mcblasSgemmStridedBatched 0 0 64 16 128 64 128 64 256 8192 2048 1024 1.000000 0.000000
[08:24:31.984][MXC][I]raw dispatch ts:[111017866741847,111017866742223]
[08:24:31.984][MCBLASLT][I]Kernsel found best solution: Kernel name: mcblas__Mck_sgemm_nn_64x32x64_1m1n4k_256t_fp32_fp32_fp32_sb_0_0, slt:0, swap:1, ksplit:0
[08:24:31.984][MCBLASLT][I]module get function mcblas__Mck_sgemm_nn_64x32x64_1m1n4k_256t_fp32_fp32_fp32_sb_0_0 successed
[08:24:31.984][MXC][I]dispatch ts translate ret [1788942271984493228, 1788942271984496986]
[08:24:31.984][MCBLASLT][I]mcModuleLaunchKernel successed, ret = 0
[08:24:31.984][MXC][I]raw dispatch ts:[111017866744950,111017866745303]
[08:24:31.984][MXC][I]dispatch ts translate ret [1788942271984524242, 1788942271984527771]
[08:24:31.984][MXC][I]raw dispatch ts:[111017866745607,111017866745868]
[08:24:31.984][MXC][I]dispatch ts translate ret [1788942271984530855, 1788942271984533465]
[08:24:31.984][MCR][I]mc_memory.cpp            :1671: copy strategy - H2DCpuCopy:0,D2HCpuCopy:0,cpuCopy:0,d2dCrossDevices:0,pageableHToDAsync:0
[08:24:31.984][MCR][I]mc_memory.cpp            :1672: copy strategy - isAsync:0,waitComplete:0
[08:24:31.984][MXC][I]raw dispatch ts:[111017866771440,111017866771564]
[08:24:31.984][MXC][I]dispatch ts translate ret [1788942271984789217, 1788942271984790457]
[08:24:31.984][MXC][I]raw dispatch ts:[111017866746143,111017866746631]
[08:24:31.984][MXC][I]dispatch ts translate ret [1788942271984536209, 1788942271984541089]
[08:24:31.984][MXC][I]raw async_copy ts:[44596480414175,44596480456538]
[08:24:31.984][MXC][I]sdma_ts_.sdma_counter:44595487484409
[08:24:31.984][MXC][I]DNOCfreq:900000000, async_copy ts translate ret [1788942272260633491, 1788942272260680561]
[08:24:31.984][MXC][I]raw dispatch ts:[111017866749299,111017866749710]
[08:24:31.984][MCBLASLT][I]set_workspace is called ! user allocated size: 67108864B = 64.000000MB
[08:24:31.984][MXC][I]dispatch ts translate ret [1788942271984567769, 1788942271984571879]
[08:24:31.984][MCBLAS][I]mcblasSgemmStridedBatched 1 0 128 16 64 64 64 128 256 8192 1024 2048 1.000000 0.000000
[08:24:31.984][MCBLASLT][I]Kernsel found best solution: Kernel name: mcblas__Mck_sgemm_tn_128x32x32_1m1n4k_256t_fp32_fp32_fp32_sb_0_0, slt:0, swap:0, ksplit:0
[08:24:31.984][MCBLASLT][I]module get function mcblas__Mck_sgemm_tn_128x32x32_1m1n4k_256t_fp32_fp32_fp32_sb_0_0 successed
[08:24:31.984][MXC][I]raw dispatch ts:[111017866749989,111017866750346]
[08:24:31.984][MXC][I]dispatch ts translate ret [1788942271984574669, 1788942271984578239]
[08:24:31.984][MCBLASLT][I]mcModuleLaunchKernel successed, ret = 0
[08:24:31.984][MXC][I]raw dispatch ts:[111017866750622,111017866750908]
[08:24:31.984][MXC][I]dispatch ts translate ret [1788942271984580999, 1788942271984583859]
[08:24:31.984][MXC][I]raw dispatch ts:[111017866751179,111017866751367]
[08:24:31.984][MXC][I]dispatch ts translate ret [1788942271984586569, 1788942271984588449]
[08:24:31.984][MXC][I]raw dispatch ts:[111017866751634,111017866752369]
[08:24:31.984][MXC][I]dispatch ts translate ret [1788942271984591119, 1788942271984598469]
[08:24:31.984][MXC][I]raw dispatch ts:[111017866752651,111017866752851]
[08:24:31.984][MXC][I]dispatch ts translate ret [1788942271984601289, 1788942271984603289]
[08:24:31.984][MXC][I]raw dispatch ts:[111017866755133,111017866755649]
[08:24:31.984][MXC][I]dispatch ts translate ret [1788942271984626109, 1788942271984631269]
[08:24:31.984][MCR][I]mc_memory.cpp            :1671: copy strategy - H2DCpuCopy:0,D2HCpuCopy:0,cpuCopy:0,d2dCrossDevices:0,pageableHToDAsync:0
[08:24:31.984][MCR][I]mc_memory.cpp            :1672: copy strategy - isAsync:0,waitComplete:0
[08:24:31.985][MCBLASLT][I]set_workspace is called ! user allocated size: 67108864B = 64.000000MB
[08:24:31.985][MCBLAS][I]mcblasSgemmStridedBatched 0 0 64 16 128 64 128 64 256 8192 2048 1024 1.000000 0.000000
[08:24:31.985][MCBLASLT][I]Kernsel found best solution: Kernel name: mcblas__Mck_sgemm_nn_64x32x64_1m1n4k_256t_fp32_fp32_fp32_sb_0_0, slt:0, swap:1, ksplit:0
[08:24:31.985][MCBLASLT][I]module get function mcblas__Mck_sgemm_nn_64x32x64_1m1n4k_256t_fp32_fp32_fp32_sb_0_0 successed
[08:24:31.985][MCBLASLT][I]mcModuleLaunchKernel successed, ret = 0
[08:24:31.985][MCR][I]mc_memory.cpp            :1671: copy strategy - H2DCpuCopy:0,D2HCpuCopy:0,cpuCopy:0,d2dCrossDevices:0,pageableHToDAsync:0
[08:24:31.985][MXC][I]raw dispatch ts:[111017866799999,111017866800343]
[08:24:31.985][MCR][I]mc_memory.cpp            :1672: copy strategy - isAsync:0,waitComplete:0
[08:24:31.985][MXC][I]dispatch ts translate ret [1788942271985074762, 1788942271985078202]
[08:24:31.985][MXC][I]raw dispatch ts:[111017866755937,111017866756625]
[08:24:31.985][MXC][I]dispatch ts translate ret [1788942271984634189, 1788942271984641069]
[08:24:31.985][MXC][I]raw async_copy ts:[44596480777559,44596480789306]
[08:24:31.985][MXC][I]sdma_ts_.sdma_counter:44595487484409
[08:24:31.985][MXC][I]DNOCfreq:900000000, async_copy ts translate ret [1788942272261037251, 1788942272261050303]
[08:24:31.985][MXC][I]raw dispatch ts:[111017866756909,111017866757438]
[08:24:31.985][MXC][I]dispatch ts translate ret [1788942271984643909, 1788942271984649199]
[08:24:31.985][MXC][I]raw dispatch ts:[111017866757720,111017866765861]
[08:24:31.985][MXC][I]dispatch ts translate ret [1788942271984652019, 1788942271984733429]
[08:24:31.985][MXC][I]raw dispatch ts:[111017866766142,111017866767367]
[08:24:31.985][MXC][I]dispatch ts translate ret [1788942271984736239, 1788942271984748489]
[08:24:31.985][MXC][I]raw dispatch ts:[111017866767649,111017866768005]
[08:24:31.985][MXC][I]dispatch ts translate ret [1788942271984751309, 1788942271984754869]
[08:24:31.985][MXC][I]raw dispatch ts:[111017866770856,111017866771158]
[08:24:31.985][MXC][I]dispatch ts translate ret [1788942271984783379, 1788942271984786399]
[08:24:31.985][MXC][I]raw dispatch ts:[111017866782990,111017866784003]
[08:24:31.985][MXC][I]dispatch ts translate ret [1788942271984904701, 1788942271984914829]
[08:24:31.985][MXC][I]raw dispatch ts:[111017866784283,111017866785363]
[08:24:31.985][MXC][I]dispatch ts translate ret [1788942271984917628, 1788942271984928427]
[08:24:31.985][MXC][I]raw dispatch ts:[111017866788131,111017866788784]
[08:24:31.985][MXC][I]dispatch ts translate ret [1788942271984956102, 1788942271984962631]
[08:24:31.985][MXC][I]raw dispatch ts:[111017866789064,111017866797256]
[08:24:31.985][MXC][I]dispatch ts translate ret [1788942271984965430, 1788942271985047337]
[08:24:31.985][MXC][I]raw dispatch ts:[111017866797534,111017866798806]
[08:24:31.985][MXC][I]dispatch ts translate ret [1788942271985050116, 1788942271985062834]
[08:24:31.985][MXC][I]raw dispatch ts:[111017866799083,111017866799720]
[08:24:31.985][MXC][I]dispatch ts translate ret [1788942271985065604, 1788942271985071973]
[08:24:31.985][MXC][I]raw dispatch ts:[111017866808073,111017866808446]
[08:24:31.985][MXC][I]dispatch ts translate ret [1788942271985155488, 1788942271985159217]
[08:24:31.985][MXC][I]raw dispatch ts:[111017866811060,111017866811413]
[08:24:31.985][MXC][I]dispatch ts translate ret [1788942271985185386, 1788942271985188917]
[08:24:31.985][MXC][I]raw dispatch ts:[111017866811717,111017866811966]
[08:24:31.985][MXC][I]dispatch ts translate ret [1788942271985191957, 1788942271985194447]
[08:24:31.985][MCBLASLT][I]set_workspace is called ! user allocated size: 67108864B = 64.000000MB
[08:24:31.985][MCBLAS][I]mcblasSgemmStridedBatched 1 0 128 16 64 64 64 128 256 8192 1024 2048 1.000000 0.000000
[08:24:31.985][MCBLASLT][I]Kernsel found best solution: Kernel name: mcblas__Mck_sgemm_tn_128x32x32_1m1n4k_256t_fp32_fp32_fp32_sb_0_0, slt:0, swap:0, ksplit:0
[08:24:31.985][MCBLASLT][I]module get function mcblas__Mck_sgemm_tn_128x32x32_1m1n4k_256t_fp32_fp32_fp32_sb_0_0 successed
[08:24:31.985][MCBLASLT][I]mcModuleLaunchKernel successed, ret = 0
[08:24:31.985][MCR][I]mc_memory.cpp            :1671: copy strategy - H2DCpuCopy:0,D2HCpuCopy:0,cpuCopy:0,d2dCrossDevices:0,pageableHToDAsync:0
[08:24:31.985][MCR][I]mc_memory.cpp            :1672: copy strategy - isAsync:0,waitComplete:0
[08:24:31.985][MXC][I]raw dispatch ts:[111017866832835,111017866832956]
[08:24:31.985][MXC][I]dispatch ts translate ret [1788942271985403266, 1788942271985404477]
[08:24:31.985][MXC][I]raw dispatch ts:[111017866812244,111017866812735]
[08:24:31.985][MXC][I]dispatch ts translate ret [1788942271985197241, 1788942271985202151]
[08:24:31.985][MCBLASLT][I]set_workspace is called ! user allocated size: 67108864B = 64.000000MB
[08:24:31.985][MCBLAS][I]mcblasSgemmStridedBatched 0 0 64 16 128 64 128 64 256 8192 2048 1024 1.000000 0.000000
[08:24:31.985][MCBLASLT][I]Kernsel found best solution: Kernel name: mcblas__Mck_sgemm_nn_64x32x64_1m1n4k_256t_fp32_fp32_fp32_sb_0_0, slt:0, swap:1, ksplit:0
[08:24:31.985][MCBLASLT][I]module get function mcblas__Mck_sgemm_nn_64x32x64_1m1n4k_256t_fp32_fp32_fp32_sb_0_0 successed
[08:24:31.985][MXC][I]raw async_copy ts:[44596481152664,44596481195080]
[08:24:31.985][MXC][I]sdma_ts_.sdma_counter:44595487484409
[08:24:31.985][MCBLASLT][I]mcModuleLaunchKernel successed, ret = 0
[08:24:31.985][MXC][I]DNOCfreq:900000000, async_copy ts translate ret [1788942272261454034, 1788942272261501162]
[08:24:31.985][MXC][I]raw dispatch ts:[111017866815614,111017866816060]
[08:24:31.985][MXC][I]dispatch ts translate ret [1788942271985230941, 1788942271985235401]
[08:24:31.985][MXC][I]raw dispatch ts:[111017866816344,111017866816707]
[08:24:31.985][MXC][I]dispatch ts translate ret [1788942271985238241, 1788942271985241871]
[08:24:31.985][MCR][I]mc_memory.cpp            :1671: copy strategy - H2DCpuCopy:0,D2HCpuCopy:0,cpuCopy:0,d2dCrossDevices:0,pageableHToDAsync:0
[08:24:31.985][MCR][I]mc_memory.cpp            :1672: copy strategy - isAsync:0,waitComplete:0
[08:24:31.985][MXC][I]raw dispatch ts:[111017866816987,111017866817271]
[08:24:31.985][MXC][I]dispatch ts translate ret [1788942271985244671, 1788942271985247511]
[08:24:31.985][MXC][I]raw dispatch ts:[111017866817543,111017866817718]
[08:24:31.985][MXC][I]dispatch ts translate ret [1788942271985250231, 1788942271985251981]
[08:24:31.985][MXC][I]raw dispatch ts:[111017866817986,111017866818751]
[08:24:31.985][MXC][I]dispatch ts translate ret [1788942271985254661, 1788942271985262311]
[08:24:31.985][MXC][I]raw dispatch ts:[111017866821562,111017866821892]
[08:24:31.985][MXC][I]dispatch ts translate ret [1788942271985290432, 1788942271985293735]
[08:24:31.985][MXC][I]raw dispatch ts:[111017866822188,111017866822734]
[08:24:31.985][MXC][I]dispatch ts translate ret [1788942271985296698, 1788942271985302163]
[08:24:31.985][MXC][I]raw dispatch ts:[111017866856897,111017866857043]
[08:24:31.985][MXC][I]dispatch ts translate ret [1788942271985643847, 1788942271985645307]
[08:24:31.985][MXC][I]raw dispatch ts:[111017866823013,111017866823647]
[08:24:31.985][MXC][I]dispatch ts translate ret [1788942271985305053, 1788942271985311393]
[08:24:31.985][MXC][I]raw async_copy ts:[44596481438380,44596481450005]
[08:24:31.985][MXC][I]sdma_ts_.sdma_counter:44595487484409
[08:24:31.985][MXC][I]DNOCfreq:900000000, async_copy ts translate ret [1788942272261771497, 1788942272261784413]
[08:24:31.985][MXC][I]raw dispatch ts:[111017866823930,111017866824449]
[08:24:31.985][MXC][I]dispatch ts translate ret [1788942271985314223, 1788942271985319413]
[08:24:31.985][MXC][I]raw dispatch ts:[111017866824725,111017866827147]
[08:24:31.985][MXC][I]dispatch ts translate ret [1788942271985322173, 1788942271985346393]
[08:24:31.985][MCBLASLT][I]set_workspace is called ! user allocated size: 67108864B = 64.000000MB
[08:24:31.985][MCBLAS][I]mcblasSgemmStridedBatched 1 0 128 16 64 64 64 128 256 8192 1024 2048 1.000000 0.000000
[08:24:31.985][MXC][I]raw dispatch ts:[111017866827430,111017866828657]
[08:24:31.985][MCBLASLT][I]Kernsel found best solution: Kernel name: mcblas__Mck_sgemm_tn_128x32x32_1m1n4k_256t_fp32_fp32_fp32_sb_0_0, slt:0, swap:0, ksplit:0
[08:24:31.985][MCBLASLT][I]module get function mcblas__Mck_sgemm_tn_128x32x32_1m1n4k_256t_fp32_fp32_fp32_sb_0_0 successed
[08:24:31.985][MXC][I]dispatch ts translate ret [1788942271985349223, 1788942271985361493]
[08:24:31.985][MCBLASLT][I]mcModuleLaunchKernel successed, ret = 0
[08:24:31.985][MXC][I]raw dispatch ts:[111017866828944,111017866829304]
[08:24:31.985][MXC][I]dispatch ts translate ret [1788942271985364363, 1788942271985367963]
[08:24:31.985][MXC][I]raw dispatch ts:[111017866832224,111017866832530]
[08:24:31.985][MXC][I]dispatch ts translate ret [1788942271985397163, 1788942271985400223]
[08:24:31.985][MXC][I]raw dispatch ts:[111017866842831,111017866843850]
[08:24:31.985][MXC][I]dispatch ts translate ret [1788942271985503214, 1788942271985513402]
[08:24:31.985][MCR][I]mc_memory.cpp            :1671: copy strategy - H2DCpuCopy:0,D2HCpuCopy:0,cpuCopy:0,d2dCrossDevices:0,pageableHToDAsync:0
[08:24:31.985][MXC][I]raw dispatch ts:[111017866846891,111017866847975]
[08:24:31.985][MCR][I]mc_memory.cpp            :1672: copy strategy - isAsync:0,waitComplete:0
[08:24:31.985][MXC][I]dispatch ts translate ret [1788942271985543806, 1788942271985554644]
[08:24:31.985][MXC][I]raw dispatch ts:[111017866848261,111017866848826]
[08:24:31.985][MXC][I]dispatch ts translate ret [1788942271985557504, 1788942271985563153]
[08:24:31.985][MXC][I]raw dispatch ts:[111017866849106,111017866851513]
[08:24:31.985][MXC][I]dispatch ts translate ret [1788942271985565952, 1788942271985590017]
[08:24:31.985][MXC][I]raw dispatch ts:[111017866851787,111017866853046]
[08:24:31.985][MXC][I]dispatch ts translate ret [1788942271985592757, 1788942271985605344]
[08:24:31.985][MXC][I]raw dispatch ts:[111017866855935,111017866856622]
[08:24:31.985][MXC][I]dispatch ts translate ret [1788942271985634229, 1788942271985641097]
[08:24:31.985][MXC][I]raw dispatch ts:[111017866863197,111017866863559]
[08:24:31.985][MXC][I]dispatch ts translate ret [1788942271985706833, 1788942271985710453]
[08:24:31.985][MCBLASLT][I]set_workspace is called ! user allocated size: 67108864B = 64.000000MB
[08:24:31.985][MXC][I]raw dispatch ts:[111017866866488,111017866866853]
[08:24:31.985][MXC][I]dispatch ts translate ret [1788942271985739737, 1788942271985743386]
[08:24:31.985][MCBLAS][I]mcblasSgemmStridedBatched 0 0 64 16 128 64 128 64 256 8192 2048 1024 1.000000 0.000000
[08:24:31.985][MCBLASLT][I]Kernsel found best solution: Kernel name: mcblas__Mck_sgemm_nn_64x32x64_1m1n4k_256t_fp32_fp32_fp32_sb_0_0, slt:0, swap:1, ksplit:0
[08:24:31.985][MXC][I]raw dispatch ts:[111017866867149,111017866867412]
[08:24:31.985][MCBLASLT][I]module get function mcblas__Mck_sgemm_nn_64x32x64_1m1n4k_256t_fp32_fp32_fp32_sb_0_0 successed
[08:24:31.985][MXC][I]dispatch ts translate ret [1788942271985746346, 1788942271985748975]
[08:24:31.985][MCBLASLT][I]mcModuleLaunchKernel successed, ret = 0
[08:24:31.985][MCR][I]mc_memory.cpp            :1671: copy strategy - H2DCpuCopy:0,D2HCpuCopy:0,cpuCopy:0,d2dCrossDevices:0,pageableHToDAsync:0
[08:24:31.985][MCR][I]mc_memory.cpp            :1672: copy strategy - isAsync:0,waitComplete:0
[08:24:31.985][MXC][I]raw dispatch ts:[111017866887587,111017866887983]
[08:24:31.985][MXC][I]dispatch ts translate ret [1788942271985950660, 1788942271985954619]
[08:24:31.985][MXC][I]raw dispatch ts:[111017866870046,111017866870542]
[08:24:31.985][MXC][I]dispatch ts translate ret [1788942271985775300, 1788942271985780259]
[08:24:31.986][MXC][I]raw async_copy ts:[44596481810814,44596481853276]
[08:24:31.986][MXC][I]sdma_ts_.sdma_counter:44595487484409
[08:24:31.986][MXC][I]DNOCfreq:900000000, async_copy ts translate ret [1788942272262185312, 1788942272262232492]
[08:24:31.986][MXC][I]raw dispatch ts:[111017866870833,111017866871164]
[08:24:31.986][MXC][I]dispatch ts translate ret [1788942271985783168, 1788942271985786477]
[08:24:31.986][MXC][I]raw dispatch ts:[111017866871451,111017866871800]
[08:24:31.986][MXC][I]dispatch ts translate ret [1788942271985789346, 1788942271985792835]
[08:24:31.986][MXC][I]raw dispatch ts:[111017866872077,111017866872369]
[08:24:31.986][MXC][I]dispatch ts translate ret [1788942271985795604, 1788942271985798524]
[08:24:31.986][MXC][I]raw dispatch ts:[111017866872653,111017866872825]
[08:24:31.986][MXC][I]dispatch ts translate ret [1788942271985801363, 1788942271985803082]
[08:24:31.986][MXC][I]raw dispatch ts:[111017866875439,111017866876232]
[08:24:31.986][MXC][I]dispatch ts translate ret [1788942271985829215, 1788942271985837143]
[08:24:31.986][MXC][I]raw dispatch ts:[111017866876516,111017866876815]
[08:24:31.986][MXC][I]dispatch ts translate ret [1788942271985839982, 1788942271985842971]
[08:24:31.986][MXC][I]raw dispatch ts:[111017866877094,111017866877526]
[08:24:31.986][MXC][I]dispatch ts translate ret [1788942271985845760, 1788942271985850079]
[08:24:31.986][MCBLASLT][I]set_workspace is called ! user allocated size: 67108864B = 64.000000MB
[08:24:31.986][MCBLAS][I]mcblasSgemmStridedBatched 1 0 128 16 64 64 64 128 256 8192 1024 2048 1.000000 0.000000
[08:24:31.986][MCBLASLT][I]Kernsel found best solution: Kernel name: mcblas__Mck_sgemm_tn_128x32x32_1m1n4k_256t_fp32_fp32_fp32_sb_0_0, slt:0, swap:0, ksplit:0
[08:24:31.986][MCBLASLT][I]module get function mcblas__Mck_sgemm_tn_128x32x32_1m1n4k_256t_fp32_fp32_fp32_sb_0_0 successed
[08:24:31.986][MCBLASLT][I]mcModuleLaunchKernel successed, ret = 0
[08:24:31.986][MCR][I]mc_memory.cpp            :1671: copy strategy - H2DCpuCopy:0,D2HCpuCopy:0,cpuCopy:0,d2dCrossDevices:0,pageableHToDAsync:0
[08:24:31.986][MCR][I]mc_memory.cpp            :1672: copy strategy - isAsync:0,waitComplete:0
[08:24:31.986][MXC][I]raw dispatch ts:[111017866910270,111017866910414]
[08:24:31.986][MXC][I]dispatch ts translate ret [1788942271986177595, 1788942271986179036]
[08:24:31.986][MXC][I]raw dispatch ts:[111017866877802,111017866878553]
[08:24:31.986][MXC][I]dispatch ts translate ret [1788942271985852808, 1788942271985860318]
[08:24:31.986][MXC][I]raw async_copy ts:[44596482079602,44596482091205]
[08:24:31.986][MXC][I]sdma_ts_.sdma_counter:44595487484409
[08:24:31.986][MXC][I]DNOCfreq:900000000, async_copy ts translate ret [1788942272262483966, 1788942272262496858]
[08:24:31.986][MXC][I]raw dispatch ts:[111017866881313,111017866881892]
[08:24:31.986][MXC][I]dispatch ts translate ret [1788942271985887918, 1788942271985893708]
[08:24:31.986][MCBLASLT][I]set_workspace is called ! user allocated size: 67108864B = 64.000000MB
[08:24:31.986][MCBLAS][I]mcblasSgemmStridedBatched 0 0 64 16 128 64 128 64 256 8192 2048 1024 1.000000 0.000000
[08:24:31.986][MXC][I]raw dispatch ts:[111017866882174,111017866884629]
[08:24:31.986][MCBLASLT][I]Kernsel found best solution: Kernel name: mcblas__Mck_sgemm_nn_64x32x64_1m1n4k_256t_fp32_fp32_fp32_sb_0_0, slt:0, swap:1, ksplit:0
[08:24:31.986][MCBLASLT][I]module get function mcblas__Mck_sgemm_nn_64x32x64_1m1n4k_256t_fp32_fp32_fp32_sb_0_0 successed
[08:24:31.986][MXC][I]dispatch ts translate ret [1788942271985896528, 1788942271985921078]
[08:24:31.986][MCBLASLT][I]mcModuleLaunchKernel successed, ret = 0
[08:24:31.986][MXC][I]raw dispatch ts:[111017866884904,111017866886157]
[08:24:31.986][MXC][I]dispatch ts translate ret [1788942271985923828, 1788942271985936358]
[08:24:31.986][MXC][I]raw dispatch ts:[111017866886428,111017866886817]
[08:24:31.986][MXC][I]dispatch ts translate ret [1788942271985939068, 1788942271985942958]
[08:24:31.986][MCR][I]mc_memory.cpp            :1671: copy strategy - H2DCpuCopy:0,D2HCpuCopy:0,cpuCopy:0,d2dCrossDevices:0,pageableHToDAsync:0
[08:24:31.986][MCR][I]mc_memory.cpp            :1672: copy strategy - isAsync:0,waitComplete:0
[08:24:31.986][MXC][I]raw dispatch ts:[111017866887093,111017866887326]
[08:24:31.986][MXC][I]dispatch ts translate ret [1788942271985945718, 1788942271985948048]
[08:24:31.986][MXC][I]raw dispatch ts:[111017866896834,111017866897693]
[08:24:31.986][MXC][I]dispatch ts translate ret [1788942271986043168, 1788942271986051763]
[08:24:31.986][MXC][I]raw dispatch ts:[111017866900498,111017866901560]
[08:24:31.986][MXC][I]dispatch ts translate ret [1788942271986079827, 1788942271986090452]
[08:24:31.986][MXC][I]raw dispatch ts:[111017866901847,111017866902382]
[08:24:31.986][MXC][I]dispatch ts translate ret [1788942271986093323, 1788942271986098676]
[08:24:31.986][MXC][I]raw dispatch ts:[111017866902665,111017866905083]
[08:24:31.986][MXC][I]dispatch ts translate ret [1788942271986101507, 1788942271986125699]
[08:24:31.986][MXC][I]raw dispatch ts:[111017866905363,111017866906627]
[08:24:31.986][MXC][I]dispatch ts translate ret [1788942271986128501, 1788942271986141147]
[08:24:31.986][MXC][I]raw dispatch ts:[111017866909284,111017866909986]
[08:24:31.986][MXC][I]dispatch ts translate ret [1788942271986167730, 1788942271986174754]
[08:24:31.986][MXC][I]raw dispatch ts:[111017866916603,111017866916979]
[08:24:31.986][MXC][I]dispatch ts translate ret [1788942271986240955, 1788942271986244717]
[08:24:31.986][MXC][I]raw dispatch ts:[111017866919599,111017866919941]
[08:24:31.986][MXC][I]dispatch ts translate ret [1788942271986270930, 1788942271986274352]
[08:24:31.986][MXC][I]raw dispatch ts:[111017866920240,111017866920489]
[08:24:31.986][MXC][I]dispatch ts translate ret [1788942271986277343, 1788942271986279835]
[08:24:31.986][MCBLASLT][I]set_workspace is called ! user allocated size: 67108864B = 64.000000MB
[08:24:31.986][MCBLAS][I]mcblasSgemmStridedBatched 1 0 128 16 64 64 64 128 256 8192 1024 2048 1.000000 0.000000
[08:24:31.986][MCBLASLT][I]Kernsel found best solution: Kernel name: mcblas__Mck_sgemm_tn_128x32x32_1m1n4k_256t_fp32_fp32_fp32_sb_0_0, slt:0, swap:0, ksplit:0
[08:24:31.986][MCBLASLT][I]module get function mcblas__Mck_sgemm_tn_128x32x32_1m1n4k_256t_fp32_fp32_fp32_sb_0_0 successed
[08:24:31.986][MCBLASLT][I]mcModuleLaunchKernel successed, ret = 0
[08:24:31.986][MXC][I]raw dispatch ts:[111017866939890,111017866940276]
[08:24:31.986][MXC][I]dispatch ts translate ret [1788942271986473675, 1788942271986477534]
[08:24:31.986][MXC][I]raw dispatch ts:[111017866922733,111017866923255]
[08:24:31.986][MXC][I]dispatch ts translate ret [1788942271986302178, 1788942271986307396]
[08:24:31.986][MCR][I]mc_memory.cpp            :1671: copy strategy - H2DCpuCopy:0,D2HCpuCopy:0,cpuCopy:0,d2dCrossDevices:0,pageableHToDAsync:0
[08:24:31.986][MCR][I]mc_memory.cpp            :1672: copy strategy - isAsync:0,waitComplete:0
[08:24:31.986][MXC][I]raw async_copy ts:[44596482436264,44596482478694]
[08:24:31.986][MXC][I]sdma_ts_.sdma_counter:44595487484409
[08:24:31.986][MXC][I]DNOCfreq:900000000, async_copy ts translate ret [1788942272262880257, 1788942272262927401]
[08:24:31.986][MXC][I]raw dispatch ts:[111017866923530,111017866923855]
[08:24:31.986][MXC][I]dispatch ts translate ret [1788942271986310145, 1788942271986313394]
[08:24:31.986][MXC][I]raw dispatch ts:[111017866924132,111017866924485]
[08:24:31.986][MXC][I]dispatch ts translate ret [1788942271986316162, 1788942271986319691]
[08:24:31.986][MXC][I]raw dispatch ts:[111017866924755,111017866924972]
[08:24:31.986][MXC][I]dispatch ts translate ret [1788942271986322390, 1788942271986324559]
[08:24:31.986][MXC][I]raw dispatch ts:[111017866927189,111017866927430]
[08:24:31.986][MXC][I]dispatch ts translate ret [1788942271986346719, 1788942271986349128]
[08:24:31.986][MCBLASLT][I]set_workspace is called ! user allocated size: 67108864B = 64.000000MB
[08:24:31.986][MXC][I]raw dispatch ts:[111017866927734,111017866928520]
[08:24:31.986][MXC][I]dispatch ts translate ret [1788942271986352167, 1788942271986360024]
[08:24:31.986][MCBLAS][I]mcblasSgemmStridedBatched 0 0 64 16 128 64 128 64 256 8192 2048 1024 1.000000 0.000000
[08:24:31.986][MCBLASLT][I]Kernsel found best solution: Kernel name: mcblas__Mck_sgemm_nn_64x32x64_1m1n4k_256t_fp32_fp32_fp32_sb_0_0, slt:0, swap:1, ksplit:0
[08:24:31.986][MCBLASLT][I]module get function mcblas__Mck_sgemm_nn_64x32x64_1m1n4k_256t_fp32_fp32_fp32_sb_0_0 successed
[08:24:31.986][MCBLASLT][I]mcModuleLaunchKernel successed, ret = 0
[08:24:31.986][MXC][I]raw dispatch ts:[111017866928811,111017866929103]
[08:24:31.986][MXC][I]dispatch ts translate ret [1788942271986362933, 1788942271986365851]
[08:24:31.986][MXC][I]raw dispatch ts:[111017866929385,111017866929815]
[08:24:31.986][MXC][I]dispatch ts translate ret [1788942271986368670, 1788942271986372968]
[08:24:31.986][MCR][I]mc_memory.cpp            :1671: copy strategy - H2DCpuCopy:0,D2HCpuCopy:0,cpuCopy:0,d2dCrossDevices:0,pageableHToDAsync:0
[08:24:31.986][MCR][I]mc_memory.cpp            :1672: copy strategy - isAsync:0,waitComplete:0
[08:24:31.986][MXC][I]raw dispatch ts:[111017866962738,111017866962961]
[08:24:31.986][MXC][I]dispatch ts translate ret [1788942271986702249, 1788942271986704480]
[08:24:31.986][MXC][I]raw dispatch ts:[111017866930098,111017866930862]
[08:24:31.986][MXC][I]dispatch ts translate ret [1788942271986375752, 1788942271986383392]
[08:24:31.986][MXC][I]raw async_copy ts:[44596482709346,44596482721002]
[08:24:31.986][MXC][I]sdma_ts_.sdma_counter:44595487484409
[08:24:31.986][MXC][I]DNOCfreq:900000000, async_copy ts translate ret [1788942272263183681, 1788942272263196632]
[08:24:31.986][MXC][I]raw dispatch ts:[111017866933582,111017866934196]
[08:24:31.986][MXC][I]dispatch ts translate ret [1788942271986410592, 1788942271986416732]
[08:24:31.986][MXC][I]raw dispatch ts:[111017866934484,111017866936939]
[08:24:31.986][MXC][I]dispatch ts translate ret [1788942271986419612, 1788942271986444162]
[08:24:31.986][MXC][I]raw dispatch ts:[111017866937221,111017866938457]
[08:24:31.986][MXC][I]dispatch ts translate ret [1788942271986446982, 1788942271986459342]
[08:24:31.986][MXC][I]raw dispatch ts:[111017866938738,111017866939119]
[08:24:31.986][MXC][I]dispatch ts translate ret [1788942271986462152, 1788942271986465962]
[08:24:31.986][MXC][I]raw dispatch ts:[111017866939395,111017866939629]
[08:24:31.986][MXC][I]dispatch ts translate ret [1788942271986468722, 1788942271986471062]
[08:24:31.986][MXC][I]raw dispatch ts:[111017866948969,111017866949942]
[08:24:31.986][MXC][I]dispatch ts translate ret [1788942271986564498, 1788942271986574232]
[08:24:31.986][MXC][I]raw dispatch ts:[111017866952739,111017866953786]
[08:24:31.986][MXC][I]dispatch ts translate ret [1788942271986602215, 1788942271986612689]
[08:24:31.986][MCBLASLT][I]set_workspace is called ! user allocated size: 67108864B = 64.000000MB
[08:24:31.986][MXC][I]raw dispatch ts:[111017866954068,111017866954608]
[08:24:31.986][MCBLAS][I]mcblasSgemmStridedBatched 1 0 128 16 64 64 64 128 256 8192 1024 2048 1.000000 0.000000
[08:24:31.986][MCBLASLT][I]Kernsel found best solution: Kernel name: mcblas__Mck_sgemm_tn_128x32x32_1m1n4k_256t_fp32_fp32_fp32_sb_0_0, slt:0, swap:0, ksplit:0
[08:24:31.986][MXC][I]dispatch ts translate ret [1788942271986615510, 1788942271986620913]
[08:24:31.986][MCBLASLT][I]module get function mcblas__Mck_sgemm_tn_128x32x32_1m1n4k_256t_fp32_fp32_fp32_sb_0_0 successed
[08:24:31.986][MCBLASLT][I]mcModuleLaunchKernel successed, ret = 0
[08:24:31.986][MXC][I]raw dispatch ts:[111017866954886,111017866957334]
[08:24:31.986][MXC][I]dispatch ts translate ret [1788942271986623694, 1788942271986648185]
[08:24:31.986][MXC][I]raw dispatch ts:[111017866960157,111017866961536]
[08:24:31.986][MXC][I]dispatch ts translate ret [1788942271986676427, 1788942271986690224]
[08:24:31.986][MXC][I]raw dispatch ts:[111017866961828,111017866962460]
[08:24:31.986][MXC][I]dispatch ts translate ret [1788942271986693145, 1788942271986699468]
[08:24:31.986][MCR][I]mc_memory.cpp            :1671: copy strategy - H2DCpuCopy:0,D2HCpuCopy:0,cpuCopy:0,d2dCrossDevices:0,pageableHToDAsync:0
[08:24:31.986][MCR][I]mc_memory.cpp            :1672: copy strategy - isAsync:0,waitComplete:0
[08:24:31.986][MXC][I]raw dispatch ts:[111017866969457,111017866969830]
[08:24:31.986][MXC][I]dispatch ts translate ret [1788942271986769468, 1788942271986773199]
[08:24:31.986][MXC][I]raw dispatch ts:[111017866972461,111017866972818]
[08:24:31.986][MXC][I]dispatch ts translate ret [1788942271986799521, 1788942271986803093]
[08:24:31.986][MXC][I]raw dispatch ts:[111017866973101,111017866973350]
[08:24:31.986][MXC][I]dispatch ts translate ret [1788942271986805924, 1788942271986808415]
[08:24:31.986][MCBLASLT][I]set_workspace is called ! user allocated size: 67108864B = 64.000000MB
[08:24:31.986][MCBLAS][I]mcblasSgemmStridedBatched 0 0 64 16 128 64 128 64 256 8192 2048 1024 1.000000 0.000000
[08:24:31.986][MCBLASLT][I]Kernsel found best solution: Kernel name: mcblas__Mck_sgemm_nn_64x32x64_1m1n4k_256t_fp32_fp32_fp32_sb_0_0, slt:0, swap:1, ksplit:0
[08:24:31.986][MCBLASLT][I]module get function mcblas__Mck_sgemm_nn_64x32x64_1m1n4k_256t_fp32_fp32_fp32_sb_0_0 successed
[08:24:31.986][MCBLASLT][I]mcModuleLaunchKernel successed, ret = 0
[08:24:31.986][MCR][I]mc_memory.cpp            :1671: copy strategy - H2DCpuCopy:0,D2HCpuCopy:0,cpuCopy:0,d2dCrossDevices:0,pageableHToDAsync:0
[08:24:31.986][MCR][I]mc_memory.cpp            :1672: copy strategy - isAsync:0,waitComplete:0
[08:24:31.987][MXC][I]raw dispatch ts:[111017866999396,111017866999660]
[08:24:31.987][MXC][I]dispatch ts translate ret [1788942271987068875, 1788942271987071515]
[08:24:31.987][MXC][I]raw dispatch ts:[111017866973630,111017866974121]
[08:24:31.987][MXC][I]dispatch ts translate ret [1788942271986811184, 1788942271986816095]
[08:24:31.987][MXC][I]raw async_copy ts:[44596483153615,44596483196157]
[08:24:31.987][MXC][I]sdma_ts_.sdma_counter:44595487484409
[08:24:31.987][MXC][I]DNOCfreq:900000000, async_copy ts translate ret [1788942272263677313, 1788942272263724581]
[08:24:31.987][MXC][I]raw dispatch ts:[111017866976732,111017866977166]
[08:24:31.987][MXC][I]dispatch ts translate ret [1788942271986842208, 1788942271986846548]
[08:24:31.987][MXC][I]raw dispatch ts:[111017866977450,111017866977805]
[08:24:31.987][MXC][I]dispatch ts translate ret [1788942271986849389, 1788942271986852939]
[08:24:31.987][MXC][I]raw dispatch ts:[111017866978078,111017866978364]
[08:24:31.987][MXC][I]dispatch ts translate ret [1788942271986855670, 1788942271986858530]
[08:24:31.987][MXC][I]raw dispatch ts:[111017866978638,111017866978809]
[08:24:31.987][MXC][I]dispatch ts translate ret [1788942271986861270, 1788942271986862980]
[08:24:31.987][MCBLASLT][I]set_workspace is called ! user allocated size: 67108864B = 64.000000MB
[08:24:31.987][MXC][I]raw dispatch ts:[111017866979069,111017866979798]
[08:24:31.987][MXC][I]dispatch ts translate ret [1788942271986865581, 1788942271986872872]
[08:24:31.987][MCBLAS][I]mcblasSgemmStridedBatched 1 0 128 16 64 64 64 128 256 8192 1024 2048 1.000000 0.000000
[08:24:31.987][MXC][I]raw dispatch ts:[111017866982395,111017866982696]
[08:24:31.987][MXC][I]dispatch ts translate ret [1788942271986898845, 1788942271986901855]
[08:24:31.987][MCBLASLT][I]Kernsel found best solution: Kernel name: mcblas__Mck_sgemm_tn_128x32x32_1m1n4k_256t_fp32_fp32_fp32_sb_0_0, slt:0, swap:0, ksplit:0
[08:24:31.987][MCBLASLT][I]module get function mcblas__Mck_sgemm_tn_128x32x32_1m1n4k_256t_fp32_fp32_fp32_sb_0_0 successed
[08:24:31.987][MXC][I]raw dispatch ts:[111017866982975,111017866983522]
[08:24:31.987][MXC][I]dispatch ts translate ret [1788942271986904645, 1788942271986910116]
[08:24:31.987][MCBLASLT][I]mcModuleLaunchKernel successed, ret = 0
[08:24:31.987][MCR][I]mc_memory.cpp            :1671: copy strategy - H2DCpuCopy:0,D2HCpuCopy:0,cpuCopy:0,d2dCrossDevices:0,pageableHToDAsync:0
[08:24:31.987][MCR][I]mc_memory.cpp            :1672: copy strategy - isAsync:0,waitComplete:0
[08:24:31.987][MCBLASLT][I]set_workspace is called ! user allocated size: 67108864B = 64.000000MB
[08:24:31.987][MXC][I]raw dispatch ts:[111017867028521,111017867028732]
[08:24:31.987][MCBLAS][I]mcblasSgemmStridedBatched 0 0 64 16 128 64 128 64 256 8192 2048 1024 1.000000 0.000000
[08:24:31.987][MCBLASLT][I]Kernsel found best solution: Kernel name: mcblas__Mck_sgemm_nn_64x32x64_1m1n4k_256t_fp32_fp32_fp32_sb_0_0, slt:0, swap:1, ksplit:0
[08:24:31.987][MXC][I]dispatch ts translate ret [1788942271987359967, 1788942271987362076]
[08:24:31.987][MCBLASLT][I]module get function mcblas__Mck_sgemm_nn_64x32x64_1m1n4k_256t_fp32_fp32_fp32_sb_0_0 successed
[08:24:31.987][MXC][I]raw dispatch ts:[111017866983792,111017866984451]
[08:24:31.987][MXC][I]dispatch ts translate ret [1788942271986912836, 1788942271986919426]
[08:24:31.987][MCBLASLT][I]mcModuleLaunchKernel successed, ret = 0
[08:24:31.987][MXC][I]raw async_copy ts:[44596483504937,44596483516514]
[08:24:31.987][MXC][I]sdma_ts_.sdma_counter:44595487484409
[08:24:31.987][MXC][I]DNOCfreq:900000000, async_copy ts translate ret [1788942272264067671, 1788942272264080534]
[08:24:31.987][MCR][I]mc_memory.cpp            :1671: copy strategy - H2DCpuCopy:0,D2HCpuCopy:0,cpuCopy:0,d2dCrossDevices:0,pageableHToDAsync:0
[08:24:31.987][MCR][I]mc_memory.cpp            :1672: copy strategy - isAsync:0,waitComplete:0
[08:24:31.987][MXC][I]raw dispatch ts:[111017866984728,111017866985227]
[08:24:31.987][MXC][I]dispatch ts translate ret [1788942271986922196, 1788942271986927186]
[08:24:31.987][MXC][I]raw dispatch ts:[111017866985510,111017866993701]
[08:24:31.987][MXC][I]dispatch ts translate ret [1788942271986930016, 1788942271987011926]
[08:24:31.987][MXC][I]raw dispatch ts:[111017866993985,111017866995229]
[08:24:31.987][MXC][I]dispatch ts translate ret [1788942271987014766, 1788942271987027206]
[08:24:31.987][MXC][I]raw dispatch ts:[111017866998096,111017866998580]
[08:24:31.987][MXC][I]dispatch ts translate ret [1788942271987055876, 1788942271987060716]
[08:24:31.987][MXC][I]raw dispatch ts:[111017866998869,111017866999119]
[08:24:31.987][MXC][I]dispatch ts translate ret [1788942271987063606, 1788942271987066106]
[08:24:31.987][MXC][I]raw dispatch ts:[111017867008839,111017867009838]
[08:24:31.987][MXC][I]dispatch ts translate ret [1788942271987163257, 1788942271987173242]
[08:24:31.987][MXC][I]raw dispatch ts:[111017867012571,111017867013658]
[08:24:31.987][MXC][I]dispatch ts translate ret [1788942271987200557, 1788942271987211421]
[08:24:31.987][MXC][I]raw dispatch ts:[111017867013941,111017867014534]
[08:24:31.987][MXC][I]dispatch ts translate ret [1788942271987214249, 1788942271987220176]
[08:24:31.987][MXC][I]raw dispatch ts:[111017867014811,111017867022994]
[08:24:31.987][MXC][I]dispatch ts translate ret [1788942271987222944, 1788942271987304728]
[08:24:31.987][MXC][I]raw dispatch ts:[111017867025900,111017867027267]
[08:24:31.987][MXC][I]dispatch ts translate ret [1788942271987333772, 1788942271987347434]
[08:24:31.987][MXC][I]raw dispatch ts:[111017867027550,111017867028254]
[08:24:31.987][MXC][I]dispatch ts translate ret [1788942271987350263, 1788942271987357299]
[08:24:31.987][MXC][I]raw dispatch ts:[111017867036821,111017867037192]
[08:24:31.987][MXC][I]dispatch ts translate ret [1788942271987442920, 1788942271987446628]
[08:24:31.987][MXC][I]raw dispatch ts:[111017867039818,111017867040185]
[08:24:31.987][MXC][I]dispatch ts translate ret [1788942271987472965, 1788942271987476636]
[08:24:31.987][MXC][I]raw dispatch ts:[111017867040490,111017867040738]
[08:24:31.987][MXC][I]dispatch ts translate ret [1788942271987479687, 1788942271987482167]
[08:24:31.987][MCBLASLT][I]set_workspace is called ! user allocated size: 67108864B = 64.000000MB
[08:24:31.987][MCBLAS][I]mcblasSgemmStridedBatched 1 0 128 16 64 64 64 128 256 8192 1024 2048 1.000000 0.000000
[08:24:31.987][MCBLASLT][I]Kernsel found best solution: Kernel name: mcblas__Mck_sgemm_tn_128x32x32_1m1n4k_256t_fp32_fp32_fp32_sb_0_0, slt:0, swap:0, ksplit:0
[08:24:31.987][MCBLASLT][I]module get function mcblas__Mck_sgemm_tn_128x32x32_1m1n4k_256t_fp32_fp32_fp32_sb_0_0 successed
[08:24:31.987][MCBLASLT][I]mcModuleLaunchKernel successed, ret = 0
[08:24:31.987][MXC][I]raw dispatch ts:[111017867061405,111017867061502]
[08:24:31.987][MCR][I]mc_memory.cpp            :1671: copy strategy - H2DCpuCopy:0,D2HCpuCopy:0,cpuCopy:0,d2dCrossDevices:0,pageableHToDAsync:0
[08:24:31.987][MXC][I]dispatch ts translate ret [1788942271987688950, 1788942271987689920]
[08:24:31.987][MCR][I]mc_memory.cpp            :1672: copy strategy - isAsync:0,waitComplete:0
[08:24:31.987][MXC][I]raw dispatch ts:[111017867041022,111017867041507]
[08:24:31.987][MXC][I]dispatch ts translate ret [1788942271987485032, 1788942271987489882]
[08:24:31.987][MXC][I]raw async_copy ts:[44596483894139,44596483936469]
[08:24:31.987][MXC][I]sdma_ts_.sdma_counter:44595487484409
[08:24:31.987][MXC][I]DNOCfreq:900000000, async_copy ts translate ret [1788942272264500118, 1788942272264547151]
[08:24:31.987][MXC][I]raw dispatch ts:[111017867044208,111017867044670]
[08:24:31.987][MXC][I]dispatch ts translate ret [1788942271987516892, 1788942271987521512]
[08:24:31.987][MXC][I]raw dispatch ts:[111017867044956,111017867045307]
[08:24:31.987][MXC][I]dispatch ts translate ret [1788942271987524372, 1788942271987527882]
[08:24:31.987][MCBLASLT][I]set_workspace is called ! user allocated size: 67108864B = 64.000000MB
[08:24:31.987][MCBLAS][I]mcblasSgemmStridedBatched 0 0 64 16 128 64 128 64 256 8192 2048 1024 1.000000 0.000000
[08:24:31.987][MXC][I]raw dispatch ts:[111017867045592,111017867045876]
[08:24:31.987][MCBLASLT][I]Kernsel found best solution: Kernel name: mcblas__Mck_sgemm_nn_64x32x64_1m1n4k_256t_fp32_fp32_fp32_sb_0_0, slt:0, swap:1, ksplit:0
[08:24:31.987][MCBLASLT][I]module get function mcblas__Mck_sgemm_nn_64x32x64_1m1n4k_256t_fp32_fp32_fp32_sb_0_0 successed
[08:24:31.987][MXC][I]dispatch ts translate ret [1788942271987530732, 1788942271987533572]
[08:24:31.987][MCBLASLT][I]mcModuleLaunchKernel successed, ret = 0
[08:24:31.987][MXC][I]raw dispatch ts:[111017867046154,111017867046341]
[08:24:31.987][MXC][I]dispatch ts translate ret [1788942271987536352, 1788942271987538222]
[08:24:31.987][MXC][I]raw dispatch ts:[111017867046617,111017867047405]
[08:24:31.987][MXC][I]dispatch ts translate ret [1788942271987540982, 1788942271987548862]
[08:24:31.987][MXC][I]raw dispatch ts:[111017867050316,111017867050627]
[08:24:31.987][MXC][I]dispatch ts translate ret [1788942271987577982, 1788942271987581094]
[08:24:31.987][MXC][I]raw dispatch ts:[111017867050928,111017867051459]
[08:24:31.987][MXC][I]dispatch ts translate ret [1788942271987584106, 1788942271987589420]
[08:24:31.987][MCR][I]mc_memory.cpp            :1671: copy strategy - H2DCpuCopy:0,D2HCpuCopy:0,cpuCopy:0,d2dCrossDevices:0,pageableHToDAsync:0
[08:24:31.987][MCR][I]mc_memory.cpp            :1672: copy strategy - isAsync:0,waitComplete:0
[08:24:31.987][MXC][I]raw dispatch ts:[111017867084186,111017867084547]
[08:24:31.987][MXC][I]dispatch ts translate ret [1788942271987916830, 1788942271987920441]
[08:24:31.987][MXC][I]raw dispatch ts:[111017867051736,111017867052329]
[08:24:31.987][MXC][I]dispatch ts translate ret [1788942271987592265, 1788942271987598195]
[08:24:31.987][MXC][I]raw async_copy ts:[44596484167214,44596484178817]
[08:24:31.987][MXC][I]sdma_ts_.sdma_counter:44595487484409
[08:24:31.987][MXC][I]DNOCfreq:900000000, async_copy ts translate ret [1788942272264803534, 1788942272264816426]
[08:24:31.987][MXC][I]raw dispatch ts:[111017867052609,111017867053166]
[08:24:31.987][MXC][I]dispatch ts translate ret [1788942271987600995, 1788942271987606565]
[08:24:31.987][MXC][I]raw dispatch ts:[111017867053434,111017867055858]
[08:24:31.987][MXC][I]dispatch ts translate ret [1788942271987609245, 1788942271987633485]
[08:24:31.987][MXC][I]raw dispatch ts:[111017867056129,111017867057350]
[08:24:31.987][MXC][I]dispatch ts translate ret [1788942271987636195, 1788942271987648405]
[08:24:31.987][MXC][I]raw dispatch ts:[111017867057627,111017867058028]
[08:24:31.987][MXC][I]dispatch ts translate ret [1788942271987651175, 1788942271987655185]
[08:24:31.987][MXC][I]raw dispatch ts:[111017867058303,111017867058533]
[08:24:31.987][MXC][I]dispatch ts translate ret [1788942271987657935, 1788942271987660235]
[08:24:31.988][MXC][I]raw dispatch ts:[111017867070522,111017867071476]
[08:24:31.988][MXC][I]dispatch ts translate ret [1788942271987780149, 1788942271987789692]
[08:24:31.988][MXC][I]raw dispatch ts:[111017867074213,111017867075373]
[08:24:31.988][MXC][I]dispatch ts translate ret [1788942271987817070, 1788942271987828674]
[08:24:31.988][MXC][I]raw dispatch ts:[111017867075661,111017867076244]
[08:24:31.988][MXC][I]dispatch ts translate ret [1788942271987831555, 1788942271987837386]
[08:24:31.988][MXC][I]raw dispatch ts:[111017867078929,111017867081432]
[08:24:31.988][MCBLASLT][I]set_workspace is called ! user allocated size: 67108864B = 64.000000MB
[08:24:31.988][MXC][I]dispatch ts translate ret [1788942271987864244, 1788942271987889282]
[08:24:31.988][MCBLAS][I]mcblasSgemmStridedBatched 1 0 128 16 64 64 64 128 256 8192 1024 2048 1.000000 0.000000
[08:24:31.988][MCBLASLT][I]Kernsel found best solution: Kernel name: mcblas__Mck_sgemm_tn_128x32x32_1m1n4k_256t_fp32_fp32_fp32_sb_0_0, slt:0, swap:0, ksplit:0
[08:24:31.988][MCBLASLT][I]module get function mcblas__Mck_sgemm_tn_128x32x32_1m1n4k_256t_fp32_fp32_fp32_sb_0_0 successed
[08:24:31.988][MXC][I]raw dispatch ts:[111017867081718,111017867082990]
[08:24:31.988][MCBLASLT][I]mcModuleLaunchKernel successed, ret = 0
[08:24:31.988][MXC][I]dispatch ts translate ret [1788942271987892142, 1788942271987904866]
[08:24:31.988][MXC][I]raw dispatch ts:[111017867083273,111017867083920]
[08:24:31.988][MXC][I]dispatch ts translate ret [1788942271987907697, 1788942271987914169]
[08:24:31.988][MXC][I]raw dispatch ts:[111017867090559,111017867090922]
[08:24:31.988][MXC][I]dispatch ts translate ret [1788942271987980578, 1788942271987984209]
[08:24:31.988][MCR][I]mc_memory.cpp            :1671: copy strategy - H2DCpuCopy:0,D2HCpuCopy:0,cpuCopy:0,d2dCrossDevices:0,pageableHToDAsync:0
[08:24:31.988][MXC][I]raw dispatch ts:[111017867093604,111017867094003]
[08:24:31.988][MXC][I]dispatch ts translate ret [1788942271988011037, 1788942271988015028]
[08:24:31.988][MCR][I]mc_memory.cpp            :1672: copy strategy - isAsync:0,waitComplete:0
[08:24:31.988][MXC][I]raw dispatch ts:[111017867094282,111017867094472]
[08:24:31.988][MXC][I]dispatch ts translate ret [1788942271988017819, 1788942271988019719]
[08:24:31.988][MCBLASLT][I]set_workspace is called ! user allocated size: 67108864B = 64.000000MB
[08:24:31.988][MCBLAS][I]mcblasSgemmStridedBatched 0 0 64 16 128 64 128 64 256 8192 2048 1024 1.000000 0.000000
[08:24:31.988][MCBLASLT][I]Kernsel found best solution: Kernel name: mcblas__Mck_sgemm_nn_64x32x64_1m1n4k_256t_fp32_fp32_fp32_sb_0_0, slt:0, swap:1, ksplit:0
[08:24:31.988][MCBLASLT][I]module get function mcblas__Mck_sgemm_nn_64x32x64_1m1n4k_256t_fp32_fp32_fp32_sb_0_0 successed
[08:24:31.988][MCBLASLT][I]mcModuleLaunchKernel successed, ret = 0
[08:24:31.988][MXC][I]raw dispatch ts:[111017867114629,111017867114875]
[08:24:31.988][MXC][I]dispatch ts translate ret [1788942271988221072, 1788942271988223531]
[08:24:31.988][MXC][I]raw dispatch ts:[111017867094738,111017867095237]
[08:24:31.988][MXC][I]dispatch ts translate ret [1788942271988022290, 1788942271988027277]
[08:24:31.988][MCR][I]mc_memory.cpp            :1671: copy strategy - H2DCpuCopy:0,D2HCpuCopy:0,cpuCopy:0,d2dCrossDevices:0,pageableHToDAsync:0
[08:24:31.988][MCR][I]mc_memory.cpp            :1672: copy strategy - isAsync:0,waitComplete:0
[08:24:31.988][MXC][I]raw async_copy ts:[44596484531436,44596484573806]
[08:24:31.988][MXC][I]sdma_ts_.sdma_counter:44595487484409
[08:24:31.988][MXC][I]DNOCfreq:900000000, async_copy ts translate ret [1788942272265208226, 1788942272265255303]
[08:24:31.988][MXC][I]raw dispatch ts:[111017867097870,111017867098318]
[08:24:31.988][MXC][I]dispatch ts translate ret [1788942271988053590, 1788942271988058067]
[08:24:31.988][MXC][I]raw dispatch ts:[111017867098596,111017867098950]
[08:24:31.988][MXC][I]dispatch ts translate ret [1788942271988060846, 1788942271988064383]
[08:24:31.988][MXC][I]raw dispatch ts:[111017867099226,111017867099512]
[08:24:31.988][MXC][I]dispatch ts translate ret [1788942271988067142, 1788942271988070000]
[08:24:31.988][MXC][I]raw dispatch ts:[111017867099793,111017867099967]
[08:24:31.988][MXC][I]dispatch ts translate ret [1788942271988072808, 1788942271988074547]
[08:24:31.988][MXC][I]raw dispatch ts:[111017867100239,111017867100971]
[08:24:31.988][MXC][I]dispatch ts translate ret [1788942271988077265, 1788942271988084580]
[08:24:31.988][MXC][I]raw dispatch ts:[111017867101254,111017867101453]
[08:24:31.988][MXC][I]dispatch ts translate ret [1788942271988087408, 1788942271988089397]
[08:24:31.988][MXC][I]raw dispatch ts:[111017867103935,111017867104503]
[08:24:31.988][MXC][I]dispatch ts translate ret [1788942271988114201, 1788942271988119878]
[08:24:31.988][MCBLASLT][I]set_workspace is called ! user allocated size: 67108864B = 64.000000MB
[08:24:31.988][MCBLAS][I]mcblasSgemmStridedBatched 1 0 128 16 64 64 64 128 256 8192 1024 2048 1.000000 0.000000
[08:24:31.988][MXC][I]raw dispatch ts:[111017867137302,111017867137513]
[08:24:31.988][MCBLASLT][I]Kernsel found best solution: Kernel name: mcblas__Mck_sgemm_tn_128x32x32_1m1n4k_256t_fp32_fp32_fp32_sb_0_0, slt:0, swap:0, ksplit:0
[08:24:31.988][MXC][I]dispatch ts translate ret [1788942271988447791, 1788942271988449901]
[08:24:31.988][MXC][I]raw dispatch ts:[111017867104790,111017867105472]
[08:24:31.988][MXC][I]dispatch ts translate ret [1788942271988122678, 1788942271988129498]
[08:24:31.988][MCBLASLT][I]module get function mcblas__Mck_sgemm_tn_128x32x32_1m1n4k_256t_fp32_fp32_fp32_sb_0_0 successed
[08:24:31.988][MCBLASLT][I]mcModuleLaunchKernel successed, ret = 0
[08:24:31.988][MXC][I]raw async_copy ts:[44596484805659,44596484817368]
[08:24:31.988][MXC][I]sdma_ts_.sdma_counter:44595487484409
[08:24:31.988][MXC][I]DNOCfreq:900000000, async_copy ts translate ret [1788942272265512918, 1788942272265525928]
[08:24:31.988][MXC][I]raw dispatch ts:[111017867105758,111017867106239]
[08:24:31.988][MXC][I]dispatch ts translate ret [1788942271988132358, 1788942271988137168]
[08:24:31.988][MXC][I]raw dispatch ts:[111017867106519,111017867108958]
[08:24:31.988][MXC][I]dispatch ts translate ret [1788942271988139968, 1788942271988164358]
[08:24:31.988][MXC][I]raw dispatch ts:[111017867109237,111017867110461]
[08:24:31.988][MXC][I]dispatch ts translate ret [1788942271988167148, 1788942271988179388]
[08:24:31.988][MXC][I]raw dispatch ts:[111017867113347,111017867113842]
[08:24:31.988][MXC][I]dispatch ts translate ret [1788942271988208248, 1788942271988213198]
[08:24:31.988][MCR][I]mc_memory.cpp            :1671: copy strategy - H2DCpuCopy:0,D2HCpuCopy:0,cpuCopy:0,d2dCrossDevices:0,pageableHToDAsync:0
[08:24:31.988][MXC][I]raw dispatch ts:[111017867114121,111017867114359]
[08:24:31.988][MXC][I]dispatch ts translate ret [1788942271988215988, 1788942271988218368]
[08:24:31.988][MCR][I]mc_memory.cpp            :1672: copy strategy - isAsync:0,waitComplete:0
[08:24:31.988][MXC][I]raw dispatch ts:[111017867123677,111017867124599]
[08:24:31.988][MXC][I]dispatch ts translate ret [1788942271988311545, 1788942271988320765]
[08:24:31.988][MXC][I]raw dispatch ts:[111017867127311,111017867128335]
[08:24:31.988][MXC][I]dispatch ts translate ret [1788942271988347884, 1788942271988358123]
[08:24:31.988][MXC][I]raw dispatch ts:[111017867128616,111017867129151]
[08:24:31.988][MXC][I]dispatch ts translate ret [1788942271988360933, 1788942271988366283]
[08:24:31.988][MXC][I]raw dispatch ts:[111017867129429,111017867131841]
[08:24:31.988][MXC][I]dispatch ts translate ret [1788942271988369063, 1788942271988393182]
[08:24:31.988][MXC][I]raw dispatch ts:[111017867134692,111017867136075]
[08:24:31.988][MXC][I]dispatch ts translate ret [1788942271988421692, 1788942271988435521]
[08:24:31.988][MXC][I]raw dispatch ts:[111017867136367,111017867137025]
[08:24:31.988][MXC][I]dispatch ts translate ret [1788942271988438441, 1788942271988445021]
[08:24:31.988][MXC][I]raw dispatch ts:[111017867144062,111017867144423]
[08:24:31.988][MXC][I]dispatch ts translate ret [1788942271988515388, 1788942271988518998]
[08:24:31.988][MCBLASLT][I]set_workspace is called ! user allocated size: 67108864B = 64.000000MB
[08:24:31.988][MXC][I]raw dispatch ts:[111017867147119,111017867147473]
[08:24:31.988][MXC][I]dispatch ts translate ret [1788942271988545957, 1788942271988549497]
[08:24:31.988][MCBLAS][I]mcblasSgemmStridedBatched 0 0 64 16 128 64 128 64 256 8192 2048 1024 1.000000 0.000000
[08:24:31.988][MXC][I]raw dispatch ts:[111017867147776,111017867148049]
[08:24:31.988][MCBLASLT][I]Kernsel found best solution: Kernel name: mcblas__Mck_sgemm_nn_64x32x64_1m1n4k_256t_fp32_fp32_fp32_sb_0_0, slt:0, swap:1, ksplit:0
[08:24:31.988][MCBLASLT][I]module get function mcblas__Mck_sgemm_nn_64x32x64_1m1n4k_256t_fp32_fp32_fp32_sb_0_0 successed
[08:24:31.988][MXC][I]dispatch ts translate ret [1788942271988552545, 1788942271988555275]
[08:24:31.988][MCBLASLT][I]mcModuleLaunchKernel successed, ret = 0
[08:24:31.988][MCR][I]mc_memory.cpp            :1671: copy strategy - H2DCpuCopy:0,D2HCpuCopy:0,cpuCopy:0,d2dCrossDevices:0,pageableHToDAsync:0
[08:24:31.988][MCR][I]mc_memory.cpp            :1672: copy strategy - isAsync:0,waitComplete:0
[08:24:31.988][MXC][I]raw dispatch ts:[111017867168481,111017867168578]
[08:24:31.988][MXC][I]dispatch ts translate ret [1788942271988759703, 1788942271988760674]
[08:24:31.988][MXC][I]raw dispatch ts:[111017867148328,111017867148830]
[08:24:31.988][MXC][I]dispatch ts translate ret [1788942271988558079, 1788942271988563099]
[08:24:31.988][MXC][I]raw async_copy ts:[44596485177976,44596485220634]
[08:24:31.988][MXC][I]sdma_ts_.sdma_counter:44595487484409
[08:24:31.988][MXC][I]DNOCfreq:900000000, async_copy ts translate ret [1788942272265926603, 1788942272265974000]
[08:24:31.988][MXC][I]raw dispatch ts:[111017867151691,111017867152138]
[08:24:31.988][MXC][I]dispatch ts translate ret [1788942271988591709, 1788942271988596179]
[08:24:31.988][MXC][I]raw dispatch ts:[111017867152419,111017867152782]
[08:24:31.988][MXC][I]dispatch ts translate ret [1788942271988598989, 1788942271988602619]
[08:24:31.988][MXC][I]raw dispatch ts:[111017867153061,111017867153345]
[08:24:31.988][MXC][I]dispatch ts translate ret [1788942271988605409, 1788942271988608249]
[08:24:31.988][MXC][I]raw dispatch ts:[111017867153614,111017867153786]
[08:24:31.988][MXC][I]dispatch ts translate ret [1788942271988610939, 1788942271988612659]
[08:24:31.988][MXC][I]raw dispatch ts:[111017867154045,111017867154774]
[08:24:31.988][MXC][I]dispatch ts translate ret [1788942271988615249, 1788942271988622539]
[08:24:31.988][MXC][I]raw dispatch ts:[111017867155050,111017867155264]
[08:24:31.988][MXC][I]dispatch ts translate ret [1788942271988625299, 1788942271988627439]
[08:24:31.988][MCBLASLT][I]set_workspace is called ! user allocated size: 67108864B = 64.000000MB
[08:24:31.988][MXC][I]raw dispatch ts:[111017867157819,111017867158341]
[08:24:31.988][MCBLAS][I]mcblasSgemmStridedBatched 1 0 128 16 64 64 64 128 256 8192 1024 2048 1.000000 0.000000
[08:24:31.988][MXC][I]dispatch ts translate ret [1788942271988652996, 1788942271988658220]
[08:24:31.988][MCBLASLT][I]Kernsel found best solution: Kernel name: mcblas__Mck_sgemm_tn_128x32x32_1m1n4k_256t_fp32_fp32_fp32_sb_0_0, slt:0, swap:0, ksplit:0
[08:24:31.988][MCBLASLT][I]module get function mcblas__Mck_sgemm_tn_128x32x32_1m1n4k_256t_fp32_fp32_fp32_sb_0_0 successed
[08:24:31.988][MCBLASLT][I]mcModuleLaunchKernel successed, ret = 0
[08:24:31.988][MCR][I]mc_memory.cpp            :1671: copy strategy - H2DCpuCopy:0,D2HCpuCopy:0,cpuCopy:0,d2dCrossDevices:0,pageableHToDAsync:0
[08:24:31.988][MCR][I]mc_memory.cpp            :1672: copy strategy - isAsync:0,waitComplete:0
[08:24:31.988][MXC][I]raw dispatch ts:[111017867191306,111017867191457]
[08:24:31.988][MXC][I]dispatch ts translate ret [1788942271988987864, 1788942271988989374]
[08:24:31.988][MXC][I]raw dispatch ts:[111017867158618,111017867159288]
[08:24:31.988][MXC][I]dispatch ts translate ret [1788942271988661079, 1788942271988667779]
[08:24:31.989][MCBLASLT][I]set_workspace is called ! user allocated size: 67108864B = 64.000000MB
[08:24:31.989][MXC][I]raw async_copy ts:[44596485448554,44596485460141]
[08:24:31.989][MXC][I]sdma_ts_.sdma_counter:44595487484409
[08:24:31.989][MXC][I]DNOCfreq:900000000, async_copy ts translate ret [1788942272266227246, 1788942272266240120]
[08:24:31.989][MXC][I]raw dispatch ts:[111017867159569,111017867160106]
[08:24:31.989][MXC][I]dispatch ts translate ret [1788942271988670589, 1788942271988675959]
[08:24:31.989][MCBLAS][I]mcblasSgemmStridedBatched 0 0 64 16 128 64 128 64 256 8192 2048 1024 1.000000 0.000000
[08:24:31.989][MCBLASLT][I]Kernsel found best solution: Kernel name: mcblas__Mck_sgemm_nn_64x32x64_1m1n4k_256t_fp32_fp32_fp32_sb_0_0, slt:0, swap:1, ksplit:0
[08:24:31.989][MCBLASLT][I]module get function mcblas__Mck_sgemm_nn_64x32x64_1m1n4k_256t_fp32_fp32_fp32_sb_0_0 successed
[08:24:31.989][MXC][I]raw dispatch ts:[111017867160391,111017867162841]
[08:24:31.989][MXC][I]dispatch ts translate ret [1788942271988678809, 1788942271988703309]
[08:24:31.989][MCBLASLT][I]mcModuleLaunchKernel successed, ret = 0
[08:24:31.989][MXC][I]raw dispatch ts:[111017867163124,111017867164372]
[08:24:31.989][MXC][I]dispatch ts translate ret [1788942271988706139, 1788942271988718619]
[08:24:31.989][MXC][I]raw dispatch ts:[111017867164654,111017867165046]
[08:24:31.989][MXC][I]dispatch ts translate ret [1788942271988721439, 1788942271988725359]
[08:24:31.989][MXC][I]raw dispatch ts:[111017867165327,111017867165586]
[08:24:31.989][MXC][I]dispatch ts translate ret [1788942271988728169, 1788942271988730759]
[08:24:31.989][MCR][I]mc_memory.cpp            :1671: copy strategy - H2DCpuCopy:0,D2HCpuCopy:0,cpuCopy:0,d2dCrossDevices:0,pageableHToDAsync:0
[08:24:31.989][MCR][I]mc_memory.cpp            :1672: copy strategy - isAsync:0,waitComplete:0
[08:24:31.989][MXC][I]raw dispatch ts:[111017867177686,111017867178642]
[08:24:31.989][MXC][I]dispatch ts translate ret [1788942271988851722, 1788942271988861278]
[08:24:31.989][MXC][I]raw dispatch ts:[111017867181431,111017867182476]
[08:24:31.989][MXC][I]dispatch ts translate ret [1788942271988889156, 1788942271988899602]
[08:24:31.989][MXC][I]raw dispatch ts:[111017867182756,111017867183283]
[08:24:31.989][MXC][I]dispatch ts translate ret [1788942271988902401, 1788942271988907669]
[08:24:31.989][MXC][I]raw dispatch ts:[111017867183565,111017867185991]
[08:24:31.989][MXC][I]dispatch ts translate ret [1788942271988910487, 1788942271988934737]
[08:24:31.989][MXC][I]raw dispatch ts:[111017867186268,111017867187575]
[08:24:31.989][MXC][I]dispatch ts translate ret [1788942271988937506, 1788942271988950570]
[08:24:31.989][MXC][I]raw dispatch ts:[111017867190269,111017867191028]
[08:24:31.989][MXC][I]dispatch ts translate ret [1788942271988977499, 1788942271988985086]
[08:24:31.989][MXC][I]raw dispatch ts:[111017867197490,111017867197867]
[08:24:31.989][MXC][I]dispatch ts translate ret [1788942271989049677, 1788942271989053446]
[08:24:31.989][MXC][I]raw dispatch ts:[111017867200534,111017867200874]
[08:24:31.989][MXC][I]dispatch ts translate ret [1788942271989080104, 1788942271989083503]
[08:24:31.989][MXC][I]raw dispatch ts:[111017867201181,111017867201432]
[08:24:31.989][MXC][I]dispatch ts translate ret [1788942271989086571, 1788942271989089080]
[08:24:31.989][MXC][I]raw dispatch ts:[111017867227611,111017867227966]
[08:24:31.989][MXC][I]dispatch ts translate ret [1788942271989350914, 1788942271989354464]
[08:24:31.989][MXC][I]raw dispatch ts:[111017867204069,111017867204588]
[08:24:31.989][MXC][I]dispatch ts translate ret [1788942271989115492, 1788942271989120683]
[08:24:31.989][MXC][I]raw async_copy ts:[44596485888184,44596485930502]
[08:24:31.989][MXC][I]sdma_ts_.sdma_counter:44595487484409
[08:24:31.989][MXC][I]DNOCfreq:900000000, async_copy ts translate ret [1788942272266715723, 1788942272266762743]
[08:24:31.989][MXC][I]raw dispatch ts:[111017867204872,111017867205204]
[08:24:31.989][MXC][I]dispatch ts translate ret [1788942271989123523, 1788942271989126843]
[08:24:31.989][MXC][I]raw dispatch ts:[111017867205487,111017867205835]
[08:24:31.989][MXC][I]dispatch ts translate ret [1788942271989129673, 1788942271989133153]
[08:24:31.989][MXC][I]raw dispatch ts:[111017867206109,111017867206407]
[08:24:31.989][MXC][I]dispatch ts translate ret [1788942271989135893, 1788942271989138873]
[08:24:31.989][MXC][I]raw dispatch ts:[111017867206688,111017867206861]
[08:24:31.989][MXC][I]dispatch ts translate ret [1788942271989141683, 1788942271989143413]
[08:24:31.989][MXC][I]raw dispatch ts:[111017867209554,111017867210389]
[08:24:31.989][MXC][I]dispatch ts translate ret [1788942271989170343, 1788942271989178693]
[08:24:31.989][MXC][I]raw dispatch ts:[111017867210669,111017867210965]
[08:24:31.989][MXC][I]dispatch ts translate ret [1788942271989181493, 1788942271989184453]
[08:24:31.989][MXC][I]raw dispatch ts:[111017867211233,111017867211682]
[08:24:31.989][MXC][I]dispatch ts translate ret [1788942271989187133, 1788942271989191623]
[08:24:31.989][MXC][I]raw dispatch ts:[111017867256045,111017867256192]
[08:24:31.989][MXC][I]dispatch ts translate ret [1788942271989635239, 1788942271989636709]
[08:24:31.989][MXC][I]raw dispatch ts:[111017867211957,111017867212618]
[08:24:31.989][MXC][I]dispatch ts translate ret [1788942271989194375, 1788942271989200985]
[08:24:31.989][MXC][I]raw async_copy ts:[44596486225417,44596486237058]
[08:24:31.989][MXC][I]sdma_ts_.sdma_counter:44595487484409
[08:24:31.989][MXC][I]DNOCfreq:900000000, async_copy ts translate ret [1788942272267090427, 1788942272267103361]
[08:24:31.989][MXC][I]raw dispatch ts:[111017867212892,111017867213458]
[08:24:31.989][MXC][I]dispatch ts translate ret [1788942271989203725, 1788942271989209385]
[08:24:31.989][MXC][I]raw dispatch ts:[111017867213730,111017867221893]
[08:24:31.989][MXC][I]dispatch ts translate ret [1788942271989212105, 1788942271989293735]
[08:24:31.989][MXC][I]raw dispatch ts:[111017867224776,111017867226193]
[08:24:31.989][MXC][I]dispatch ts translate ret [1788942271989322565, 1788942271989336735]
[08:24:31.989][MXC][I]raw dispatch ts:[111017867226475,111017867226845]
[08:24:31.989][MXC][I]dispatch ts translate ret [1788942271989339555, 1788942271989343255]
[08:24:31.989][MXC][I]raw dispatch ts:[111017867227122,111017867227342]
[08:24:31.989][MXC][I]dispatch ts translate ret [1788942271989346025, 1788942271989348225]
[08:24:31.989][MXC][I]raw dispatch ts:[111017867236504,111017867237521]
[08:24:31.989][MXC][I]dispatch ts translate ret [1788942271989439840, 1788942271989450009]
[08:24:31.989][MXC][I]raw dispatch ts:[111017867240368,111017867241560]
[08:24:31.989][MXC][I]dispatch ts translate ret [1788942271989478478, 1788942271989490397]
[08:24:31.989][MXC][I]raw dispatch ts:[111017867241849,111017867242457]
[08:24:31.989][MXC][I]dispatch ts translate ret [1788942271989493287, 1788942271989499367]
[08:24:31.989][MXC][I]raw dispatch ts:[111017867242740,111017867250909]
[08:24:31.989][MXC][I]dispatch ts translate ret [1788942271989502196, 1788942271989583882]
[08:24:31.989][MXC][I]raw dispatch ts:[111017867251189,111017867252427]
[08:24:31.989][MXC][I]dispatch ts translate ret [1788942271989586682, 1788942271989599061]
[08:24:31.989][MXC][I]raw dispatch ts:[111017867255043,111017867255765]
[08:24:31.989][MXC][I]dispatch ts translate ret [1788942271989625219, 1788942271989632439]
[08:24:31.989][MXC][I]raw dispatch ts:[111017867262145,111017867262509]
[08:24:31.989][MXC][I]dispatch ts translate ret [1788942271989696234, 1788942271989699874]
[08:24:31.989][MXC][I]raw dispatch ts:[111017867265103,111017867265457]
[08:24:31.989][MXC][I]dispatch ts translate ret [1788942271989725813, 1788942271989729353]
[08:24:31.989][MXC][I]raw dispatch ts:[111017867265750,111017867266023]
[08:24:31.989][MXC][I]dispatch ts translate ret [1788942271989732282, 1788942271989735012]
[08:24:31.989][MXC][I]raw dispatch ts:[111017867283506,111017867283913]
[08:24:31.989][MXC][I]dispatch ts translate ret [1788942271989909880, 1788942271989913951]
[08:24:31.989][MXC][I]raw dispatch ts:[111017867266298,111017867266800]
[08:24:31.989][MXC][I]dispatch ts translate ret [1788942271989737780, 1788942271989742801]
[08:24:31.989][MXC][I]raw async_copy ts:[44596486558222,44596486600581]
[08:24:31.989][MXC][I]sdma_ts_.sdma_counter:44595487484409
[08:24:31.989][MXC][I]DNOCfreq:900000000, async_copy ts translate ret [1788942272267460210, 1788942272267507275]
[08:24:31.989][MXC][I]raw dispatch ts:[111017867269404,111017867269811]
[08:24:31.989][MXC][I]dispatch ts translate ret [1788942271989768844, 1788942271989772914]
[08:24:31.989][MXC][I]raw dispatch ts:[111017867270089,111017867270450]
[08:24:31.989][MXC][I]dispatch ts translate ret [1788942271989775694, 1788942271989779305]
[08:24:31.989][MXC][I]raw dispatch ts:[111017867270729,111017867271014]
[08:24:31.990][MXC][I]dispatch ts translate ret [1788942271989782095, 1788942271989784946]
[08:24:31.990][MXC][I]raw dispatch ts:[111017867271293,111017867271466]
[08:24:31.990][MXC][I]dispatch ts translate ret [1788942271989787736, 1788942271989789466]
[08:24:31.990][MXC][I]raw dispatch ts:[111017867271737,111017867272461]
[08:24:31.990][MXC][I]dispatch ts translate ret [1788942271989792176, 1788942271989799417]
[08:24:31.990][MXC][I]raw dispatch ts:[111017867272738,111017867272949]
[08:24:31.990][MXC][I]dispatch ts translate ret [1788942271989802188, 1788942271989804298]
[08:24:31.990][MXC][I]raw dispatch ts:[111017867275530,111017867276049]
[08:24:31.990][MXC][I]dispatch ts translate ret [1788942271989830111, 1788942271989835302]
[08:24:31.990][MXC][I]raw dispatch ts:[111017867305964,111017867306108]
[08:24:31.990][MXC][I]dispatch ts translate ret [1788942271990134381, 1788942271990135820]
[08:24:31.990][MXC][I]raw dispatch ts:[111017867276332,111017867276989]
[08:24:31.990][MXC][I]dispatch ts translate ret [1788942271989838142, 1788942271989844712]
[08:24:31.990][MXC][I]raw async_copy ts:[44596486823473,44596486835089]
[08:24:31.990][MXC][I]sdma_ts_.sdma_counter:44595487484409
[08:24:31.990][MXC][I]DNOCfreq:900000000, async_copy ts translate ret [1788942272267754933, 1788942272267767839]
[08:24:31.990][MXC][I]raw dispatch ts:[111017867277272,111017867277834]
[08:24:31.990][MXC][I]dispatch ts translate ret [1788942271989847542, 1788942271989853162]
[08:24:31.990][MXC][I]raw dispatch ts:[111017867278109,111017867280540]
[08:24:31.990][MXC][I]dispatch ts translate ret [1788942271989855912, 1788942271989880222]
[08:24:31.990][MXC][I]raw dispatch ts:[111017867280817,111017867282062]
[08:24:31.990][MXC][I]dispatch ts translate ret [1788942271989882992, 1788942271989895442]
[08:24:31.990][MXC][I]raw dispatch ts:[111017867282336,111017867282725]
[08:24:31.990][MXC][I]dispatch ts translate ret [1788942271989898182, 1788942271989902072]
[08:24:31.990][MXC][I]raw dispatch ts:[111017867283001,111017867283247]
[08:24:31.990][MXC][I]dispatch ts translate ret [1788942271989904832, 1788942271989907292]
[08:24:31.990][MXC][I]raw dispatch ts:[111017867292291,111017867293213]
[08:24:31.990][MXC][I]dispatch ts translate ret [1788942271989997702, 1788942271990006919]
[08:24:31.990][MXC][I]raw dispatch ts:[111017867295989,111017867297173]
[08:24:31.990][MXC][I]dispatch ts translate ret [1788942271990034668, 1788942271990046504]
[08:24:31.990][MXC][I]raw dispatch ts:[111017867297454,111017867298031]
[08:24:31.990][MXC][I]dispatch ts translate ret [1788942271990049313, 1788942271990055081]
[08:24:31.990][MXC][I]raw dispatch ts:[111017867298318,111017867300766]
[08:24:31.990][MXC][I]dispatch ts translate ret [1788942271990057950, 1788942271990082420]
[08:24:31.990][MXC][I]raw dispatch ts:[111017867301052,111017867302300]
[08:24:31.990][MXC][I]dispatch ts translate ret [1788942271990085279, 1788942271990097755]
[08:24:31.990][MXC][I]raw dispatch ts:[111017867304945,111017867305679]
[08:24:31.990][MXC][I]dispatch ts translate ret [1788942271990124195, 1788942271990131532]
[08:24:31.990][MXC][I]raw dispatch ts:[111017867312382,111017867312747]
[08:24:31.990][MXC][I]dispatch ts translate ret [1788942271990198536, 1788942271990202185]
[08:24:31.990][MXC][I]raw dispatch ts:[111017867315423,111017867315763]
[08:24:31.990][MXC][I]dispatch ts translate ret [1788942271990228935, 1788942271990232333]
[08:24:31.990][MXC][I]raw dispatch ts:[111017867316064,111017867316413]
[08:24:31.990][MXC][I]dispatch ts translate ret [1788942271990235342, 1788942271990238831]
[08:24:31.990][MXC][I]raw dispatch ts:[111017867333957,111017867334355]
[08:24:31.990][MXC][I]dispatch ts translate ret [1788942271990414408, 1788942271990418390]
[08:24:31.990][MXC][I]raw dispatch ts:[111017867316691,111017867317105]
[08:24:31.990][MXC][I]dispatch ts translate ret [1788942271990241685, 1788942271990245827]
[08:24:31.990][MXC][I]raw async_copy ts:[44596487164054,44596487206595]
[08:24:31.990][MXC][I]sdma_ts_.sdma_counter:44595487484409
[08:24:31.990][MXC][I]DNOCfreq:900000000, async_copy ts translate ret [1788942272268133357, 1788942272268180624]
[08:24:31.990][MXC][I]raw dispatch ts:[111017867319717,111017867320133]
[08:24:31.990][MXC][I]dispatch ts translate ret [1788942271990271956, 1788942271990276118]
[08:24:31.990][MXC][I]raw dispatch ts:[111017867320429,111017867320858]
[08:24:31.990][MXC][I]dispatch ts translate ret [1788942271990279079, 1788942271990283370]
[08:24:31.990][MXC][I]raw dispatch ts:[111017867321136,111017867321425]
[08:24:31.990][MXC][I]dispatch ts translate ret [1788942271990286151, 1788942271990289042]
[08:24:31.990][MXC][I]raw dispatch ts:[111017867321695,111017867321870]
[08:24:31.990][MXC][I]dispatch ts translate ret [1788942271990291743, 1788942271990293494]
[08:24:31.990][MXC][I]raw dispatch ts:[111017867322136,111017867322905]
[08:24:31.990][MXC][I]dispatch ts translate ret [1788942271990296155, 1788942271990303848]
[08:24:31.990][MXC][I]raw dispatch ts:[111017867323179,111017867323406]
[08:24:31.990][MXC][I]dispatch ts translate ret [1788942271990306589, 1788942271990308860]
[08:24:31.990][MXC][I]raw dispatch ts:[111017867325997,111017867326517]
[08:24:31.990][MXC][I]dispatch ts translate ret [1788942271990334779, 1788942271990339981]
[08:24:31.990][MXC][I]raw dispatch ts:[111017867356511,111017867356653]
[08:24:31.990][MXC][I]dispatch ts translate ret [1788942271990640014, 1788942271990641434]
[08:24:31.990][MXC][I]raw dispatch ts:[111017867326804,111017867327425]
[08:24:31.990][MXC][I]dispatch ts translate ret [1788942271990342882, 1788942271990349092]
[08:24:31.990][MXC][I]raw async_copy ts:[44596487434977,44596487446597]
[08:24:31.990][MXC][I]sdma_ts_.sdma_counter:44595487484409
[08:24:31.990][MXC][I]DNOCfreq:900000000, async_copy ts translate ret [1788942272268434382, 1788942272268447293]
[08:24:31.990][MXC][I]raw dispatch ts:[111017867327712,111017867328188]
[08:24:31.990][MXC][I]dispatch ts translate ret [1788942271990351962, 1788942271990356722]
[08:24:31.990][MXC][I]raw dispatch ts:[111017867328473,111017867330937]
[08:24:31.990][MXC][I]dispatch ts translate ret [1788942271990359572, 1788942271990384212]
[08:24:31.990][MXC][I]raw dispatch ts:[111017867331219,111017867332482]
[08:24:31.990][MXC][I]dispatch ts translate ret [1788942271990387032, 1788942271990399662]
[08:24:31.990][MXC][I]raw dispatch ts:[111017867332765,111017867333178]
[08:24:31.990][MXC][I]dispatch ts translate ret [1788942271990402492, 1788942271990406622]
[08:24:31.990][MXC][I]raw dispatch ts:[111017867333455,111017867333689]
[08:24:31.990][MXC][I]dispatch ts translate ret [1788942271990409392, 1788942271990411732]
[08:24:31.990][MXC][I]raw dispatch ts:[111017867343051,111017867343935]
[08:24:31.990][MXC][I]dispatch ts translate ret [1788942271990505375, 1788942271990514218]
[08:24:31.990][MXC][I]raw dispatch ts:[111017867346761,111017867347826]
[08:24:31.990][MXC][I]dispatch ts translate ret [1788942271990542486, 1788942271990553139]
[08:24:31.990][MXC][I]raw dispatch ts:[111017867348109,111017867348635]
[08:24:31.990][MXC][I]dispatch ts translate ret [1788942271990555970, 1788942271990561231]
[08:24:31.990][MXC][I]raw dispatch ts:[111017867348911,111017867351327]
[08:24:31.990][MXC][I]dispatch ts translate ret [1788942271990563992, 1788942271990588159]
[08:24:31.990][MXC][I]raw dispatch ts:[111017867351600,111017867352892]
[08:24:31.990][MXC][I]dispatch ts translate ret [1788942271990590890, 1788942271990603813]
[08:24:31.990][MXC][I]raw dispatch ts:[111017867355500,111017867356233]
[08:24:31.990][MXC][I]dispatch ts translate ret [1788942271990629901, 1788942271990637233]
[08:24:31.990][MXC][I]raw dispatch ts:[111017867362768,111017867363133]
[08:24:31.990][MXC][I]dispatch ts translate ret [1788942271990702601, 1788942271990706252]
[08:24:31.990][MXC][I]raw dispatch ts:[111017867365709,111017867366111]
[08:24:31.990][MXC][I]dispatch ts translate ret [1788942271990732019, 1788942271990736041]
[08:24:31.990][MXC][I]raw dispatch ts:[111017867366400,111017867366591]
[08:24:31.990][MXC][I]dispatch ts translate ret [1788942271990738931, 1788942271990740842]
[08:24:31.990][MXC][I]raw dispatch ts:[111017867384181,111017867384572]
[08:24:31.990][MXC][I]dispatch ts translate ret [1788942271990916552, 1788942271990920460]
[08:24:31.990][MXC][I]raw dispatch ts:[111017867366863,111017867367335]
[08:24:31.990][MXC][I]dispatch ts translate ret [1788942271990743478, 1788942271990748196]
[08:24:31.990][MXC][I]raw async_copy ts:[44596487768673,44596487811212]
[08:24:31.990][MXC][I]sdma_ts_.sdma_counter:44595487484409
[08:24:31.990][MXC][I]DNOCfreq:900000000, async_copy ts translate ret [1788942272268805156, 1788942272268852421]
[08:24:31.990][MXC][I]raw dispatch ts:[111017867367616,111017867367952]
[08:24:31.990][MXC][I]dispatch ts translate ret [1788942271990751004, 1788942271990754362]
[08:24:31.990][MXC][I]raw dispatch ts:[111017867370579,111017867371035]
[08:24:31.991][MXC][I]dispatch ts translate ret [1788942271990780616, 1788942271990785173]
[08:24:31.991][MXC][I]raw dispatch ts:[111017867371317,111017867371611]
[08:24:31.991][MXC][I]dispatch ts translate ret [1788942271990787991, 1788942271990790929]
[08:24:31.991][MXC][I]raw dispatch ts:[111017867371893,111017867372065]
[08:24:31.991][MXC][I]dispatch ts translate ret [1788942271990793748, 1788942271990795467]
[08:24:31.991][MXC][I]raw dispatch ts:[111017867372317,111017867373091]
[08:24:31.991][MXC][I]dispatch ts translate ret [1788942271990797985, 1788942271990805720]
[08:24:31.991][MXC][I]raw dispatch ts:[111017867373370,111017867373576]
[08:24:31.991][MXC][I]dispatch ts translate ret [1788942271990808508, 1788942271990810567]
[08:24:31.991][MXC][I]raw dispatch ts:[111017867373843,111017867374353]
[08:24:31.991][MXC][I]dispatch ts translate ret [1788942271990813236, 1788942271990818332]
[08:24:31.991][MXC][I]raw dispatch ts:[111017867406885,111017867407029]
[08:24:31.991][MXC][I]dispatch ts translate ret [1788942271991143678, 1788942271991145118]
[08:24:31.991][MXC][I]raw dispatch ts:[111017867376902,111017867377640]
[08:24:31.991][MXC][I]dispatch ts translate ret [1788942271990843757, 1788942271990851137]
[08:24:32.186][MXC][I]raw dispatch ts:[111017867377917,111017867378405]
[08:24:32.186][MXC][I]dispatch ts translate ret [1788942271990853907, 1788942271990858787]
[08:24:32.186][MXC][I]raw dispatch ts:[111017867378681,111017867381141]
[08:24:32.186][MXC][I]dispatch ts translate ret [1788942271990861547, 1788942271990886147]
[08:24:32.186][MCR][W]mx_command.cpp           :1883: HW exec timestamp will be adjusted!!!
[08:24:32.186][MCR][W]mx_command.cpp           :1885: floor:1788942271976758891, start:1788942271976774656, end:1788942272250011904, ceiling:1788942272186390207
[08:24:32.186][MCR][W]mx_command.cpp           :1883: HW exec timestamp will be adjusted!!!
[08:24:32.186][MCR][W]mx_command.cpp           :1885: floor:1788942271982457159, start:1788942271982470656, end:1788942272257561344, ceiling:1788942272186409902
[08:24:32.186][MCR][W]mx_command.cpp           :1883: HW exec timestamp will be adjusted!!!
[08:24:32.186][MCR][W]mx_command.cpp           :1885: floor:1788942271983012904, start:1788942271983045376, end:1788942272258355200, ceiling:1788942272186439553
[08:24:32.186][MCR][W]mx_command.cpp           :1883: HW exec timestamp will be adjusted!!!
[08:24:32.186][MCR][W]mx_command.cpp           :1885: floor:1788942271983228155, start:1788942271983307520, end:1788942272258668800, ceiling:1788942272186453547
[08:24:32.186][MCR][W]mx_command.cpp           :1883: HW exec timestamp will be adjusted!!!
[08:24:32.186][MCR][W]mx_command.cpp           :1885: floor:1788942271983560784, start:1788942271983631872, end:1788942272259148288, ceiling:1788942272186476282
[08:24:32.186][MCR][W]mx_command.cpp           :1883: HW exec timestamp will be adjusted!!!
[08:24:32.186][MCR][W]mx_command.cpp           :1885: floor:1788942271983785617, start:1788942271983878400, end:1788942272259429888, ceiling:1788942272186487513
[08:24:32.186][MCR][W]mx_command.cpp           :1883: HW exec timestamp will be adjusted!!!
[08:24:32.186][MCR][W]mx_command.cpp           :1885: floor:1788942271984097520, start:1788942271984192768, end:1788942272259888896, ceiling:1788942272186508574
[08:24:32.186][MCR][W]mx_command.cpp           :1883: HW exec timestamp will be adjusted!!!
[08:24:32.186][MCR][W]mx_command.cpp           :1885: floor:1788942271984322471, start:1788942271984422144, end:1788942272260153600, ceiling:1788942272186518385
[08:24:32.186][MCR][W]mx_command.cpp           :1883: HW exec timestamp will be adjusted!!!
[08:24:32.186][MCR][W]mx_command.cpp           :1885: floor:1788942271984633097, start:1788942271984789248, end:1788942272260680448, ceiling:1788942272186538724
[08:24:32.186][MCR][W]mx_command.cpp           :1883: HW exec timestamp will be adjusted!!!
[08:24:32.186][MCR][W]mx_command.cpp           :1885: floor:1788942271984926291, start:1788942271985074688, end:1788942272261050368, ceiling:1788942272186549145
[08:24:32.186][MCR][W]mx_command.cpp           :1883: HW exec timestamp will be adjusted!!!
[08:24:32.186][MCR][W]mx_command.cpp           :1885: floor:1788942271985283369, start:1788942271985403392, end:1788942272261501184, ceiling:1788942272186569558
[08:24:32.186][MCR][W]mx_command.cpp           :1883: HW exec timestamp will be adjusted!!!
[08:24:32.186][MCR][W]mx_command.cpp           :1885: floor:1788942271985536424, start:1788942271985643776, end:1788942272261784320, ceiling:1788942272186579892
[08:24:32.186][MCR][W]mx_command.cpp           :1883: HW exec timestamp will be adjusted!!!
[08:24:32.186][MCR][W]mx_command.cpp           :1885: floor:1788942271985854119, start:1788942271985950720, end:1788942272262232576, ceiling:1788942272186601277
[08:24:32.186][MCR][W]mx_command.cpp           :1883: HW exec timestamp will be adjusted!!!
[08:24:32.186][MCR][W]mx_command.cpp           :1885: floor:1788942271986075258, start:1788942271986177536, end:1788942272262496768, ceiling:1788942272186623765
[08:24:32.186][MCR][W]mx_command.cpp           :1883: HW exec timestamp will be adjusted!!!
[08:24:32.186][MCR][W]mx_command.cpp           :1885: floor:1788942271986381914, start:1788942271986473728, end:1788942272262927360, ceiling:1788942272186647169
[08:24:32.186][MCR][W]mx_command.cpp           :1883: HW exec timestamp will be adjusted!!!
[08:24:32.186][MCR][W]mx_command.cpp           :1885: floor:1788942271986618068, start:1788942271986702336, end:1788942272263196672, ceiling:1788942272186659140
[08:24:32.186][MCR][W]mx_command.cpp           :1883: HW exec timestamp will be adjusted!!!
[08:24:32.186][MCR][W]mx_command.cpp           :1885: floor:1788942271986909412, start:1788942271987068928, end:1788942272263724544, ceiling:1788942272186682761
[08:24:32.186][MCR][W]mx_command.cpp           :1883: HW exec timestamp will be adjusted!!!
[08:24:32.186][MCR][W]mx_command.cpp           :1885: floor:1788942271987212232, start:1788942271987360000, end:1788942272264080640, ceiling:1788942272186694462
[08:24:32.186][MCR][W]mx_command.cpp           :1883: HW exec timestamp will be adjusted!!!
[08:24:32.186][MCR][W]mx_command.cpp           :1885: floor:1788942271987567208, start:1788942271987688960, end:1788942272264547072, ceiling:1788942272186719906
[08:24:32.186][MCR][W]mx_command.cpp           :1883: HW exec timestamp will be adjusted!!!
[08:24:32.186][MCR][W]mx_command.cpp           :1885: floor:1788942271987831778, start:1788942271987916800, end:1788942272264816384, ceiling:1788942272186732347
[08:24:32.186][MCR][W]mx_command.cpp           :1883: HW exec timestamp will be adjusted!!!
[08:24:32.186][MCR][W]mx_command.cpp           :1885: floor:1788942271988121486, start:1788942271988221184, end:1788942272265255424, ceiling:1788942272186755828
[08:24:32.186][MCR][W]mx_command.cpp           :1883: HW exec timestamp will be adjusted!!!
[08:24:32.186][MCR][W]mx_command.cpp           :1885: floor:1788942271988355502, start:1788942271988447744, end:1788942272265526016, ceiling:1788942272186766706
[08:24:32.186][MCR][W]mx_command.cpp           :1883: HW exec timestamp will be adjusted!!!
[08:24:32.186][MCR][W]mx_command.cpp           :1885: floor:1788942271988637830, start:1788942271988759808, end:1788942272265974016, ceiling:1788942272186786129
[08:24:32.186][MCR][W]mx_command.cpp           :1883: HW exec timestamp will be adjusted!!!
[08:24:32.186][MCR][W]mx_command.cpp           :1885: floor:1788942271988886291, start:1788942271988987904, end:1788942272266240000, ceiling:1788942272186796491
[08:24:32.186][MCR][W]mx_command.cpp           :1883: HW exec timestamp will be adjusted!!!
[08:24:32.186][MCR][W]mx_command.cpp           :1885: floor:1788942271989180470, start:1788942271989350912, end:1788942272266762752, ceiling:1788942272186816451
[08:24:32.186][MCR][W]mx_command.cpp           :1883: HW exec timestamp will be adjusted!!!
[08:24:32.186][MCR][W]mx_command.cpp           :1885: floor:1788942271989471635, start:1788942271989635328, end:1788942272267103488, ceiling:1788942272186827477
[08:24:32.186][MCR][W]mx_command.cpp           :1883: HW exec timestamp will be adjusted!!!
[08:24:32.186][MCR][W]mx_command.cpp           :1885: floor:1788942271989812940, start:1788942271989909760, end:1788942272267507200, ceiling:1788942272186848064
[08:24:32.186][MCR][W]mx_command.cpp           :1883: HW exec timestamp will be adjusted!!!
[08:24:32.186][MCR][W]mx_command.cpp           :1885: floor:1788942271990030683, start:1788942271990134272, end:1788942272267767808, ceiling:1788942272186857765
[08:24:32.186][MCR][W]mx_command.cpp           :1883: HW exec timestamp will be adjusted!!!
[08:24:32.186][MCR][W]mx_command.cpp           :1885: floor:1788942271990310901, start:1788942271990414336, end:1788942272268180736, ceiling:1788942272186878868
[08:24:32.186][MCR][W]mx_command.cpp           :1883: HW exec timestamp will be adjusted!!!
[08:24:32.186][MCR][W]mx_command.cpp           :1885: floor:1788942271990535307, start:1788942271990640128, end:1788942272268447232, ceiling:1788942272186891628
[08:24:32.186][MXC][I]raw dispatch ts:[111017867381414,111017867382675]
[08:24:32.186][MXC][I]dispatch ts translate ret [1788942271990888877, 1788942271990901487]
[08:24:32.186][MXC][I]raw dispatch ts:[111017867382952,111017867383381]
[08:24:32.186][MXC][I]dispatch ts translate ret [1788942271990904257, 1788942271990908547]
[08:24:32.186][MXC][I]raw dispatch ts:[111017867383662,111017867383902]
[08:24:32.186][MXC][I]dispatch ts translate ret [1788942271990911357, 1788942271990913757]
[08:24:32.186][MCR][W]mx_command.cpp           :1883: HW exec timestamp will be adjusted!!!
[08:24:32.186][MCR][W]mx_command.cpp           :1885: floor:1788942271990815378, start:1788942271990916608, end:1788942272268852480, ceiling:1788942272186921431
[08:24:32.186][MXC][I]raw dispatch ts:[111017867393249,111017867394182]
[08:24:32.186][MXC][I]dispatch ts translate ret [1788942271991007261, 1788942271991016595]
[08:24:32.186][MXC][I]raw dispatch ts:[111017867396944,111017867398031]
[08:24:32.186][MXC][I]dispatch ts translate ret [1788942271991044226, 1788942271991055101]
[08:24:32.186][MXC][I]raw dispatch ts:[111017867398318,111017867398907]
[08:24:32.186][MXC][I]dispatch ts translate ret [1788942271991057972, 1788942271991063864]
[08:24:32.186][MXC][I]raw dispatch ts:[111017867399193,111017867401588]
[08:24:32.186][MXC][I]dispatch ts translate ret [1788942271991066726, 1788942271991090686]
[08:24:32.186][MXC][I]raw dispatch ts:[111017867401865,111017867403178]
[08:24:32.186][MXC][I]dispatch ts translate ret [1788942271991093457, 1788942271991106592]
[08:24:32.186][MXC][I]raw dispatch ts:[111017867405808,111017867406608]
[08:24:32.186][MXC][I]dispatch ts translate ret [1788942271991132903, 1788942271991140907]
[08:24:32.186][MXC][I]raw async_copy ts:[44596488032995,44596488044714]
[08:24:32.186][MXC][I]sdma_ts_.sdma_counter:44595487484409
[08:24:32.186][MXC][I]DNOCfreq:900000000, async_copy ts translate ret [1788942272269098847, 1788942272269111868]
[08:24:32.186][MCR][W]mx_command.cpp           :1883: HW exec timestamp will be adjusted!!!
[08:24:32.186][MCR][W]mx_command.cpp           :1885: floor:1788942271991040560, start:1788942271991143680, end:1788942272269111808, ceiling:1788942272186949110
[08:24:32.186][MXC][I]raw dispatch ts:[111017886920356,111017886926784]
[08:24:32.186][MXC][I]dispatch ts translate ret [1788942272186278204, 1788942272186342484]
[08:24:32.197][MCR][I]mc_memory.cpp            :1671: copy strategy - H2DCpuCopy:0,D2HCpuCopy:0,cpuCopy:0,d2dCrossDevices:0,pageableHToDAsync:0
[08:24:32.197][MCR][I]mc_memory.cpp            :1672: copy strategy - isAsync:0,waitComplete:0
[08:24:32.197][MXC][I]raw dispatch ts:[111017887215563,111017887217404]
[08:24:32.197][MXC][I]dispatch ts translate ret [1788942272189230269, 1788942272189248679]
[08:24:32.197][MXC][I]raw dispatch ts:[111017888011764,111017888011858]
[08:24:32.197][MXC][I]dispatch ts translate ret [1788942272197192262, 1788942272197193202]
[08:24:32.197][MXC][I]raw dispatch ts:[111017887223853,111017887225145]
[08:24:32.197][MXC][I]dispatch ts translate ret [1788942272189313169, 1788942272189326089]
[08:24:32.197][MXC][I]raw async_copy ts:[44596735294213,44596735295888]
[08:24:32.197][MXC][I]sdma_ts_.sdma_counter:44595487484409
[08:24:32.197][MXC][I]DNOCfreq:900000000, async_copy ts translate ret [1788942272543833533, 1788942272543835394]
[08:24:32.197][MXC][I]raw dispatch ts:[111017887284129,111017887285694]
[08:24:32.197][MXC][I]dispatch ts translate ret [1788942272189915928, 1788942272189931578]
[08:24:32.197][MXC][I]raw dispatch ts:[111017887289951,111017887291352]
[08:24:32.197][MXC][I]dispatch ts translate ret [1788942272189974148, 1788942272189988158]
[08:24:32.197][MXC][I]raw dispatch ts:[111017887295492,111017887297270]
[08:24:32.197][MXC][I]dispatch ts translate ret [1788942272190029557, 1788942272190047337]
[08:24:32.197][MXC][I]raw dispatch ts:[111017887300159,111017887301342]
[08:24:32.197][MXC][I]dispatch ts translate ret [1788942272190076227, 1788942272190088057]
[08:24:32.197][MXC][I]raw dispatch ts:[111017887301630,111017887302978]
[08:24:32.197][MXC][I]dispatch ts translate ret [1788942272190090937, 1788942272190104417]
[08:24:32.197][MXC][I]raw dispatch ts:[111017887305637,111017887306770]
[08:24:32.197][MXC][I]dispatch ts translate ret [1788942272190131007, 1788942272190142337]
[08:24:32.197][MXC][I]raw dispatch ts:[111017887307058,111017887308205]
[08:24:32.197][MXC][I]dispatch ts translate ret [1788942272190145217, 1788942272190156687]
[08:24:32.197][MXC][I]raw dispatch ts:[111017887314496,111017887315762]
[08:24:32.197][MXC][I]dispatch ts translate ret [1788942272190219597, 1788942272190232257]
[08:24:32.197][MXC][I]raw dispatch ts:[111017887318932,111017887320824]
[08:24:32.197][MXC][I]dispatch ts translate ret [1788942272190263957, 1788942272190282877]
[08:24:32.197][MXC][I]raw dispatch ts:[111017887323735,111017887324819]
[08:24:32.197][MXC][I]dispatch ts translate ret [1788942272190311987, 1788942272190322827]
[08:24:32.197][MXC][I]raw dispatch ts:[111017887327740,111017887328910]
[08:24:32.197][MXC][I]dispatch ts translate ret [1788942272190352037, 1788942272190363737]
[08:24:32.197][MXC][I]raw dispatch ts:[111017887346487,111017887346823]
[08:24:32.197][MXC][I]dispatch ts translate ret [1788942272190539506, 1788942272190542866]
[08:24:32.197][MXC][I]raw dispatch ts:[111017888002528,111017888004287]
[08:24:32.197][MXC][I]dispatch ts translate ret [1788942272197099904, 1788942272197117494]
[08:24:32.197][MCR][W]mx_command.cpp           :1883: HW exec timestamp will be adjusted!!!
[08:24:32.197][MCR][W]mx_command.cpp           :1885: floor:1788942272197167700, start:1788942272197192192, end:1788942272543835392, ceiling:1788942272197303855
[08:24:32.203][MCR][I]mc_memory.cpp            :1671: copy strategy - H2DCpuCopy:0,D2HCpuCopy:0,cpuCopy:0,d2dCrossDevices:0,pageableHToDAsync:0
[08:24:32.203][MCR][I]mc_memory.cpp            :1672: copy strategy - isAsync:0,waitComplete:0
[08:24:32.203][MXC][I]raw dispatch ts:[111017888634181,111017888634274]
[08:24:32.203][MXC][I]dispatch ts translate ret [1788942272203416556, 1788942272203417486]
[08:24:32.203][MXC][I]raw async_copy ts:[44596742760746,44596742762631]
[08:24:32.203][MXC][I]sdma_ts_.sdma_counter:44595487484409
[08:24:32.203][MXC][I]DNOCfreq:900000000, async_copy ts translate ret [1788942272552129681, 1788942272552131775]
[08:24:32.203][MXC][I]raw dispatch ts:[111017888033560,111017888035416]
[08:24:32.203][MXC][I]dispatch ts translate ret [1788942272197410228, 1788942272197428788]
[08:24:32.203][MXC][I]raw dispatch ts:[111017888038318,111017888039702]
[08:24:32.203][MXC][I]dispatch ts translate ret [1788942272197457809, 1788942272197471649]
[08:24:32.203][MXC][I]raw dispatch ts:[111017888044569,111017888044894]
[08:24:32.203][MXC][I]dispatch ts translate ret [1788942272197520320, 1788942272197523570]
[08:24:32.203][MXC][I]raw dispatch ts:[111017888629411,111017888631406]
[08:24:32.203][MXC][I]dispatch ts translate ret [1788942272203368855, 1788942272203388806]
[08:24:32.203][MCR][W]mx_command.cpp           :1883: HW exec timestamp will be adjusted!!!
[08:24:32.203][MCR][W]mx_command.cpp           :1885: floor:1788942272203394697, start:1788942272203416576, end:1788942272552131840, ceiling:1788942272203468674
[08:24:32.205][MXC][I]raw dispatch ts:[111017888726398,111017888733274]
[08:24:32.205][MXC][I]dispatch ts translate ret [1788942272204338652, 1788942272204407407]
[08:24:32.205][MXC][I]raw dispatch ts:[111017888736312,111017888742750]
[08:24:32.205][MXC][I]dispatch ts translate ret [1788942272204437784, 1788942272204502159]
[08:24:32.205][MXC][I]raw dispatch ts:[111017888743037,111017888749539]
[08:24:32.205][MXC][I]dispatch ts translate ret [1788942272204505029, 1788942272204570043]
[08:24:32.205][MXC][I]raw dispatch ts:[111017888752401,111017888758873]
[08:24:32.205][MXC][I]dispatch ts translate ret [1788942272204598661, 1788942272204663376]
[08:24:32.205][MXC][I]raw dispatch ts:[111017888759156,111017888765682]
[08:24:32.205][MXC][I]dispatch ts translate ret [1788942272204666205, 1788942272204731460]
[08:24:32.205][MXC][I]raw dispatch ts:[111017888765959,111017888772424]
[08:24:32.205][MXC][I]dispatch ts translate ret [1788942272204734230, 1788942272204798875]
[08:24:32.205][MXC][I]raw dispatch ts:[111017888775271,111017888781722]
[08:24:32.205][MXC][I]dispatch ts translate ret [1788942272204827342, 1788942272204891847]
[08:24:32.205][MXC][I]raw dispatch ts:[111017888782003,111017888788494]
[08:24:32.205][MXC][I]dispatch ts translate ret [1788942272204894657, 1788942272204959562]
[08:24:32.205][MXC][I]raw dispatch ts:[111017888788765,111017888795213]
[08:24:32.205][MXC][I]dispatch ts translate ret [1788942272204962271, 1788942272205026746]
[08:24:32.205][MXC][I]raw dispatch ts:[111017888795489,111017888801972]
[08:24:32.205][MXC][I]dispatch ts translate ret [1788942272205029506, 1788942272205094331]
[08:24:32.205][MXC][I]raw dispatch ts:[111017888822588,111017888840858]
[08:24:32.205][MXC][I]dispatch ts translate ret [1788942272205300489, 1788942272205483190]
[08:24:32.208][MXC][I]raw dispatch ts:[111017889158112,111017889164534]
[08:24:32.208][MXC][I]dispatch ts translate ret [1788942272208655735, 1788942272208719955]
[info] MctxStreamProfilerCountDataGet Loop
[08:24:32.916][MCR][I]mc_device.cpp            :1002: tearDown enter!

[08:24:32.916][MCR][I]mx_device.cpp            :1578: deleting hardware queue 0x7f251f00b000 with refCount 0
[08:24:32.916][MCR][I]mx_device.cpp            :1601: number of allocated hardware queues 0-0-0(H-N-L), number of users 0-0-0
[08:24:32.917][MXC][I]~GpuDevice: Entering
[08:24:32.918][MCTX][I]mcRpcAsyncImpl.cpp       :550 : callback mcRpcAsyncDone!
[08:24:32.918][PTI][I]mcpti_tracer.hpp         :309 : stopProcessThread
[08:24:32.918][MCTX][I]mcRpcAsyncImpl.cpp       :491 : mcRpcServerAsync TearDown!
[08:24:32.918][MCTX][I]server.cpp               :116 : Server will tearDown[3].
[08:24:32.922][MCTX][I]mcRpcAsyncImpl.cpp       :250 : ProfilerCountDataGet the last msg:[
{
"ISU" : {
"10" : {
"dpcId0" : [
3967027000625,
3965597632844,
3966801633309,
3965304096498,
3965552225224,
3964501178797,
3964505652211,
3963889124197,
3964732245459,
3963315451715,
3964169804342,
3962114343466,
3966143519079
],
"dpcId1" : [
3967912476947,
3966584808412,
3967685556003,
3965875024652,
3966119810384,
3965215088455,
3965512049122,
3964729445577,
3965955114862,
3964556445114,
3965417572556,
3963431733273,
3967021521865
],
"dpcId2" : [
3966063064751,
3964609074707,
3965841819871,
3964177209616,
3964207630732,
3963277233598,
3963813873370,
3963232957207,
3963681700463,
3962377329079,
3963925890146,
3962005744991,
3965161650687
],
"dpcId3" : [
3966891586399,
3965347569342,
3966860818055,
3965531559842,
3965572985164,
3964449642031,
3965234548938,
3964739261042,
3964866692852,
3963306900386,
3964641259982,
3962842500133,
3965918813667
],
"dpcId4" : [
3965604784324,
3964176154488,
3965803176136,
3964783954653,
3964762095708,
3963506441522,
[info] MctxStreamProfilerCountDataGet Loop
3963[08:24:32.934][MCTX][I]server.cpp               :348 : HandleRpcs exit. thread_no=[0].
[08:24:33.934][MCTX][I]server.cpp               :89  : Server Shutdown!
[08:24:33.934][MCTX][I]mcRpcAsyncImpl.cpp       :477 : mcRpcServerAsyncRun stop
[08:24:34.019][MCTX][I]mctxTPImpl.cpp           :433 : clear port.
[warning] get_srvrpc_port get rpc server ports failed: cannot retrieve rpc server port.
[warning] get_srvrpc_port get rpc server ports failed: cannot retrieve rpc server port.
[warning] get_srvrpc_port get rpc server ports failed: cannot retrieve rpc server port.
[warning] get_srvrpc_port get rpc server ports failed: cannot retrieve rpc server port.
[warning] get_srvrpc_port get rpc server ports failed: cannot retrieve rpc server port.
[warning] get_srvrpc_port get rpc server ports failed: cannot retrieve rpc server port.
[warning] get_srvrpc_port get rpc server ports failed: cannot retrieve rpc server port.
[warning] get_srvrpc_port get rpc server ports failed: cannot retrieve rpc server port.
[warning] get_srvrpc_port get rpc server ports failed: cannot retrieve rpc server port.

[warning] get_srvrpc_port get rpc server ports failed: cannot retrieve rpc server port.
[warning] get_srvrpc_port get rpc server ports failed: cannot retrieve rpc server port.
[warning] get_srvrpc_port get rpc server ports failed: cannot retrieve rpc server port.
[warning] get_srvrpc_port get rpc server ports failed: cannot retrieve rpc server port.
Loading tilelang libs from dev root: /opt/tilelang-metax-v0.1.10/build
[08:24:45.220][MXS][W]| MCTX_TARGET_INIT               | 1               | 0               |
[08:24:45.223][MCR][I]mc_device.cpp            :562 : Signal SIGUSR1 now has a custom handler to enable mctx at runtime!
[08:24:45.223][MCR][I]mc_device.cpp            :309 : mcSnapShotCtx: Attempting to open shared memory: /shm_snapshot_149380
mctxAutoStart called!
[08:24:45.223][MCTX][I]mctxTPImpl.cpp           :201 : MACA configuration file path redirected from ${MACA_PATH}/etc to MACA_ETC_PATH
[08:24:45.223][MCTX][I]mctxTPImpl.cpp           :201 : MACA configuration file path redirected from ${MACA_PATH}/etc to MACA_ETC_PATH
[08:24:45.223][MCTX][I]mctxTPImpl.cpp           :300 : profiler target ENV file[/data/nsa_codex_20260909_r1/results/profile_pair_nsa110/mcProfiler.json] exist!
[08:24:45.223][MCR][I]mc_device.cpp            :849 : Init enter!
[08:24:45.223][MXC][I]MxcInit: entering
[08:24:45.226][MXKW][I]topology.c              :1358: [topology_sysfs_get_system_props]PlatformCpuNodes:2 ,num_sysfs_nodes:26
[08:24:45.226][MXKW][I]topology.c              :283 : [get_directory_socket_id]fscanf path:/sys/devices/virtual/mxcd/mxcd/layout/nodes/2/gpu_id,res: 0,errno:1
[08:24:45.226][MXKW][W]topology.c              :1424: [topology_sysfs_get_system_props]err_node_num is 1,ret is 0,is_node_supported is 0
[08:24:45.226][MXKW][I]topology.c              :283 : [get_directory_socket_id]fscanf path:/sys/devices/virtual/mxcd/mxcd/layout/nodes/3/gpu_id,res: 0,errno:1
[08:24:45.226][MXKW][W]topology.c              :1424: [topology_sysfs_get_system_props]err_node_num is 2,ret is 0,is_node_supported is 0
[08:24:45.226][MXKW][I]topology.c              :283 : [get_directory_socket_id]fscanf path:/sys/devices/virtual/mxcd/mxcd/layout/nodes/4/gpu_id,res: 0,errno:1
[08:24:45.226][MXKW][W]topology.c              :1424: [topology_sysfs_get_system_props]err_node_num is 3,ret is 0,is_node_supported is 0
[08:24:45.226][MXKW][I]topology.c              :283 : [get_directory_socket_id]fscanf path:/sys/devices/virtual/mxcd/mxcd/layout/nodes/5/gpu_id,res: 0,errno:1
[08:24:45.226][MXKW][W]topology.c              :1424: [topology_sysfs_get_system_props]err_node_num is 4,ret is 0,is_node_supported is 0
[08:24:45.226][MXKW][I]topology.c              :283 : [get_directory_socket_id]fscanf path:/sys/devices/virtual/mxcd/mxcd/layout/nodes/6/gpu_id,res: 0,errno:1
[08:24:45.226][MXKW][W]topology.c              :1424: [topology_sysfs_get_system_props]err_node_num is 5,ret is 0,is_node_supported is 0
[08:24:45.226][MXKW][I]topology.c              :283 : [get_directory_socket_id]fscanf path:/sys/devices/virtual/mxcd/mxcd/layout/nodes/7/gpu_id,res: 0,errno:1
[08:24:45.226][MXKW][W]topology.c              :1424: [topology_sysfs_get_system_props]err_node_num is 6,ret is 0,is_node_supported is 0
[08:24:45.226][MXKW][I]topology.c              :283 : [get_directory_socket_id]fscanf path:/sys/devices/virtual/mxcd/mxcd/layout/nodes/8/gpu_id,res: 0,errno:1
[08:24:45.226][MXKW][W]topology.c              :1424: [topology_sysfs_get_system_props]err_node_num is 7,ret is 0,is_node_supported is 0
[08:24:45.226][MXKW][I]topology.c              :283 : [get_directory_socket_id]fscanf path:/sys/devices/virtual/mxcd/mxcd/layout/nodes/9/gpu_id,res: 0,errno:1
[08:24:45.226][MXKW][W]topology.c              :1424: [topology_sysfs_get_system_props]err_node_num is 8,ret is 0,is_node_supported is 0
[08:24:45.226][MXKW][I]topology.c              :283 : [get_directory_socket_id]fscanf path:/sys/devices/virtual/mxcd/mxcd/layout/nodes/300/gpu_id,res: 0,errno:1
[08:24:45.226][MXKW][W]topology.c              :1424: [topology_sysfs_get_system_props]err_node_num is 9,ret is 0,is_node_supported is 0
[08:24:45.226][MXKW][I]topology.c              :283 : [get_directory_socket_id]fscanf path:/sys/devices/virtual/mxcd/mxcd/layout/nodes/301/gpu_id,res: 0,errno:1
[08:24:45.226][MXKW][W]topology.c              :1424: [topology_sysfs_get_system_props]err_node_num is 10,ret is 0,is_node_supported is 0
[08:24:45.227][MXKW][I]topology.c              :283 : [get_directory_socket_id]fscanf path:/sys/devices/virtual/mxcd/mxcd/layout/nodes/303/gpu_id,res: 0,errno:1
[08:24:45.227][MXKW][W]topology.c              :1424: [topology_sysfs_get_system_props]err_node_num is 11,ret is 0,is_node_supported is 0
[08:24:45.227][MXKW][I]topology.c              :283 : [get_directory_socket_id]fscanf path:/sys/devices/virtual/mxcd/mxcd/layout/nodes/304/gpu_id,res: 0,errno:1
[08:24:45.227][MXKW][W]topology.c              :1424: [topology_sysfs_get_system_props]err_node_num is 12,ret is 0,is_node_supported is 0
[08:24:45.227][MXKW][I]topology.c              :283 : [get_directory_socket_id]fscanf path:/sys/devices/virtual/mxcd/mxcd/layout/nodes/305/gpu_id,res: 0,errno:1
[08:24:45.227][MXKW][W]topology.c              :1424: [topology_sysfs_get_system_props]err_node_num is 13,ret is 0,is_node_supported is 0
[08:24:45.227][MXKW][I]topology.c              :283 : [get_directory_socket_id]fscanf path:/sys/devices/virtual/mxcd/mxcd/layout/nodes/307/gpu_id,res: 0,errno:1
[08:24:45.227][MXKW][W]topology.c              :1424: [topology_sysfs_get_system_props]err_node_num is 14,ret is 0,is_node_supported is 0
[08:24:45.227][MXKW][I]topology.c              :283 : [get_directory_socket_id]fscanf path:/sys/devices/virtual/mxcd/mxcd/layout/nodes/308/gpu_id,res: 0,errno:1
[08:24:45.227][MXKW][W]topology.c              :1424: [topology_sysfs_get_system_props]err_node_num is 15,ret is 0,is_node_supported is 0
[08:24:45.227][MXKW][I]topology.c              :283 : [get_directory_socket_id]fscanf path:/sys/devices/virtual/mxcd/mxcd/layout/nodes/309/gpu_id,res: 0,errno:1
[08:24:45.227][MXKW][W]topology.c              :1424: [topology_sysfs_get_system_props]err_node_num is 16,ret is 0,is_node_supported is 0
[08:24:45.227][MXKW][I]topology.c              :283 : [get_directory_socket_id]fscanf path:/sys/devices/virtual/mxcd/mxcd/layout/nodes/310/gpu_id,res: 0,errno:1
[08:24:45.227][MXKW][W]topology.c              :1424: [topology_sysfs_get_system_props]err_node_num is 17,ret is 0,is_node_supported is 0
[08:24:45.227][MXKW][I]topology.c              :283 : [get_directory_socket_id]fscanf path:/sys/devices/virtual/mxcd/mxcd/layout/nodes/311/gpu_id,res: 0,errno:1
[08:24:45.227][MXKW][W]topology.c              :1424: [topology_sysfs_get_system_props]err_node_num is 18,ret is 0,is_node_supported is 0
[08:24:45.227][MXKW][I]topology.c              :283 : [get_directory_socket_id]fscanf path:/sys/devices/virtual/mxcd/mxcd/layout/nodes/312/gpu_id,res: 0,errno:1
[08:24:45.227][MXKW][W]topology.c              :1424: [topology_sysfs_get_system_props]err_node_num is 19,ret is 0,is_node_supported is 0
[08:24:45.227][MXKW][I]topology.c              :283 : [get_directory_socket_id]fscanf path:/sys/devices/virtual/mxcd/mxcd/layout/nodes/313/gpu_id,res: 0,errno:1
[08:24:45.227][MXKW][W]topology.c              :1424: [topology_sysfs_get_system_props]err_node_num is 20,ret is 0,is_node_supported is 0
[08:24:45.227][MXKW][I]topology.c              :283 : [get_directory_socket_id]fscanf path:/sys/devices/virtual/mxcd/mxcd/layout/nodes/314/gpu_id,res: 0,errno:1
[08:24:45.227][MXKW][W]topology.c              :1424: [topology_sysfs_get_system_props]err_node_num is 21,ret is 0,is_node_supported is 0
[08:24:45.227][MXKW][I]topology.c              :283 : [get_directory_socket_id]fscanf path:/sys/devices/virtual/mxcd/mxcd/layout/nodes/315/gpu_id,res: 0,errno:1
[08:24:45.227][MXKW][W]topology.c              :1424: [topology_sysfs_get_system_props]err_node_num is 22,ret is 0,is_node_supported is 0
[08:24:45.227][MXKW][I]topology.c              :283 : [get_directory_socket_id]fscanf path:/sys/devices/virtual/mxcd/mxcd/layout/nodes/317/gpu_id,res: 0,errno:1
[08:24:45.227][MXKW][W]topology.c              :1424: [topology_sysfs_get_system_props]err_node_num is 23,ret is 0,is_node_supported is 0
[08:24:45.227][MXKW][I]topology.c              :1460: [topology_sysfs_get_system_props]cpu total 2 nodes, map list:
[08:24:45.227][MXKW][I]topology.c              :1463: [topology_sysfs_get_system_props]map_cpu[0]:0
[08:24:45.227][MXKW][I]topology.c              :1463: [topology_sysfs_get_system_props]map_cpu[1]:1
[08:24:45.227][MXKW][I]topology.c              :1465: [topology_sysfs_get_system_props]gpu total 1 nodes, map list:
[08:24:45.227][MXKW][I]topology.c              :1468: [topology_sysfs_get_system_props]map_gpu[0]:12
[08:24:45.227][MXKW][I]topology.c              :1516: [topology_sysfs_init_gpu_page_size]XCORE_PAGE_SIZE: 0x200000, GPU_PAGE_SIZE: 0x200000
[08:24:45.227][MXKW][I]topology.c              :954 : [find_pci_info]create pci_info_array. It has 26 element. directory_name is 0.
[08:24:45.227][MXKW][I]topology.c              :962 : [find_pci_info]node 0 's pci info is not found
[08:24:45.227][MXKW][I]topology.c              :911 : [read_pci_info_from_file]can't open /sys/devices/virtual/mxcd/mxcd/layout/nodes/0/location file!
[08:24:45.227][MXKW][I]topology.c              :962 : [find_pci_info]node 0 's pci info is not found
[08:24:45.227][MXKW][I]topology.c              :911 : [read_pci_info_from_file]can't open /sys/devices/virtual/mxcd/mxcd/layout/nodes/0/location file!
[08:24:45.227][MXKW][I]topology.c              :1944: [topology_sysfs_get_node_props]Device isa_major is 0, isa_minor is 0, MXName is
[08:24:45.227][MXKW][I]topology.c              :962 : [find_pci_info]node 1 's pci info is not found
[08:24:45.227][MXKW][I]topology.c              :911 : [read_pci_info_from_file]can't open /sys/devices/virtual/mxcd/mxcd/layout/nodes/1/location file!
[08:24:45.227][MXKW][I]topology.c              :962 : [find_pci_info]node 1 's pci info is not found
[08:24:45.227][MXKW][I]topology.c              :911 : [read_pci_info_from_file]can't open /sys/devices/virtual/mxcd/mxcd/layout/nodes/1/location file!
[08:24:45.227][MXKW][I]topology.c              :1944: [topology_sysfs_get_node_props]Device isa_major is 0, isa_minor is 0, MXName is
[08:24:45.227][MXKW][I]topology.c              :962 : [find_pci_info]node 302 's pci info is not found
[08:24:45.227][MXKW][I]topology.c              :984 : [add_pci_info]added node 302 pci info , bdf_value:3584, domain_value:0
[08:24:45.227][MXKW][I]topology.c              :1944: [topology_sysfs_get_node_props]Device isa_major is 10, isa_minor is 0, MXName is
[08:24:45.227][MXKW][I]fmm.c                   :2445: [init_mmap_apertures]Initialized unreserved SVM apertures: 0xa00000000 - 0x7fffffffffff
[08:24:45.227][MXKW][I]topology.c              :1358: [topology_sysfs_get_system_props]PlatformCpuNodes:2 ,num_sysfs_nodes:26
[08:24:45.227][MXKW][I]topology.c              :283 : [get_directory_socket_id]fscanf path:/sys/devices/virtual/mxcd/mxcd/layout/nodes/2/gpu_id,res: 0,errno:1
[08:24:45.227][MXKW][W]topology.c              :1424: [topology_sysfs_get_system_props]err_node_num is 1,ret is 0,is_node_supported is 0
[08:24:45.227][MXKW][I]topology.c              :283 : [get_directory_socket_id]fscanf path:/sys/devices/virtual/mxcd/mxcd/layout/nodes/3/gpu_id,res: 0,errno:1
[08:24:45.227][MXKW][W]topology.c              :1424: [topology_sysfs_get_system_props]err_node_num is 2,ret is 0,is_node_supported is 0
[08:24:45.227][MXKW][I]topology.c              :283 : [get_directory_socket_id]fscanf path:/sys/devices/virtual/mxcd/mxcd/layout/nodes/4/gpu_id,res: 0,errno:1
[08:24:45.227][MXKW][W]topology.c              :1424: [topology_sysfs_get_system_props]err_node_num is 3,ret is 0,is_node_supported is 0
[08:24:45.227][MXKW][I]topology.c              :283 : [get_directory_socket_id]fscanf path:/sys/devices/virtual/mxcd/mxcd/layout/nodes/5/gpu_id,res: 0,errno:1
[08:24:45.227][MXKW][W]topology.c              :1424: [topology_sysfs_get_system_props]err_node_num is 4,ret is 0,is_node_supported is 0
[08:24:45.227][MXKW][I]topology.c              :283 : [get_directory_socket_id]fscanf path:/sys/devices/virtual/mxcd/mxcd/layout/nodes/6/gpu_id,res: 0,errno:1
[08:24:45.227][MXKW][W]topology.c              :1424: [topology_sysfs_get_system_props]err_node_num is 5,ret is 0,is_node_supported is 0
[08:24:45.227][MXKW][I]topology.c              :283 : [get_directory_socket_id]fscanf path:/sys/devices/virtual/mxcd/mxcd/layout/nodes/7/gpu_id,res: 0,errno:1
[08:24:45.227][MXKW][W]topology.c              :1424: [topology_sysfs_get_system_props]err_node_num is 6,ret is 0,is_node_supported is 0
[08:24:45.227][MXKW][I]topology.c              :283 : [get_directory_socket_id]fscanf path:/sys/devices/virtual/mxcd/mxcd/layout/nodes/8/gpu_id,res: 0,errno:1
[08:24:45.227][MXKW][W]topology.c              :1424: [topology_sysfs_get_system_props]err_node_num is 7,ret is 0,is_node_supported is 0
[08:24:45.227][MXKW][I]topology.c              :283 : [get_directory_socket_id]fscanf path:/sys/devices/virtual/mxcd/mxcd/layout/nodes/9/gpu_id,res: 0,errno:1
[08:24:45.227][MXKW][W]topology.c              :1424: [topology_sysfs_get_system_props]err_node_num is 8,ret is 0,is_node_supported is 0
[08:24:45.227][MXKW][I]topology.c              :283 : [get_directory_socket_id]fscanf path:/sys/devices/virtual/mxcd/mxcd/layout/nodes/300/gpu_id,res: 0,errno:1
[08:24:45.227][MXKW][W]topology.c              :1424: [topology_sysfs_get_system_props]err_node_num is 9,ret is 0,is_node_supported is 0
[08:24:45.227][MXKW][I]topology.c              :283 : [get_directory_socket_id]fscanf path:/sys/devices/virtual/mxcd/mxcd/layout/nodes/301/gpu_id,res: 0,errno:1
[08:24:45.227][MXKW][W]topology.c              :1424: [topology_sysfs_get_system_props]err_node_num is 10,ret is 0,is_node_supported is 0
[08:24:45.227][MXKW][I]topology.c              :283 : [get_directory_socket_id]fscanf path:/sys/devices/virtual/mxcd/mxcd/layout/nodes/303/gpu_id,res: 0,errno:1
[08:24:45.227][MXKW][W]topology.c              :1424: [topology_sysfs_get_system_props]err_node_num is 11,ret is 0,is_node_supported is 0
[08:24:45.227][MXKW][I]topology.c              :283 : [get_directory_socket_id]fscanf path:/sys/devices/virtual/mxcd/mxcd/layout/nodes/304/gpu_id,res: 0,errno:1
[08:24:45.227][MXKW][W]topology.c              :1424: [topology_sysfs_get_system_props]err_node_num is 12,ret is 0,is_node_supported is 0
[08:24:45.227][MXKW][I]topology.c              :283 : [get_directory_socket_id]fscanf path:/sys/devices/virtual/mxcd/mxcd/layout/nodes/305/gpu_id,res: 0,errno:1
[08:24:45.227][MXKW][W]topology.c              :1424: [topology_sysfs_get_system_props]err_node_num is 13,ret is 0,is_node_supported is 0
[08:24:45.228][MXKW][I]topology.c              :283 : [get_directory_socket_id]fscanf path:/sys/devices/virtual/mxcd/mxcd/layout/nodes/307/gpu_id,res: 0,errno:1
[08:24:45.228][MXKW][W]topology.c              :1424: [topology_sysfs_get_system_props]err_node_num is 14,ret is 0,is_node_supported is 0
[08:24:45.228][MXKW][I]topology.c              :283 : [get_directory_socket_id]fscanf path:/sys/devices/virtual/mxcd/mxcd/layout/nodes/308/gpu_id,res: 0,errno:1
[08:24:45.228][MXKW][W]topology.c              :1424: [topology_sysfs_get_system_props]err_node_num is 15,ret is 0,is_node_supported is 0
[08:24:45.228][MXKW][I]topology.c              :283 : [get_directory_socket_id]fscanf path:/sys/devices/virtual/mxcd/mxcd/layout/nodes/309/gpu_id,res: 0,errno:1
[08:24:45.228][MXKW][W]topology.c              :1424: [topology_sysfs_get_system_props]err_node_num is 16,ret is 0,is_node_supported is 0
[08:24:45.228][MXKW][I]topology.c              :283 : [get_directory_socket_id]fscanf path:/sys/devices/virtual/mxcd/mxcd/layout/nodes/310/gpu_id,res: 0,errno:1
[08:24:45.228][MXKW][W]topology.c              :1424: [topology_sysfs_get_system_props]err_node_num is 17,ret is 0,is_node_supported is 0
[08:24:45.228][MXKW][I]topology.c              :283 : [get_directory_socket_id]fscanf path:/sys/devices/virtual/mxcd/mxcd/layout/nodes/311/gpu_id,res: 0,errno:1
[08:24:45.228][MXKW][W]topology.c              :1424: [topology_sysfs_get_system_props]err_node_num is 18,ret is 0,is_node_supported is 0
[08:24:45.228][MXKW][I]topology.c              :283 : [get_directory_socket_id]fscanf path:/sys/devices/virtual/mxcd/mxcd/layout/nodes/312/gpu_id,res: 0,errno:1
[08:24:45.228][MXKW][W]topology.c              :1424: [topology_sysfs_get_system_props]err_node_num is 19,ret is 0,is_node_supported is 0
[08:24:45.228][MXKW][I]topology.c              :283 : [get_directory_socket_id]fscanf path:/sys/devices/virtual/mxcd/mxcd/layout/nodes/313/gpu_id,res: 0,errno:1
[08:24:45.228][MXKW][W]topology.c              :1424: [topology_sysfs_get_system_props]err_node_num is 20,ret is 0,is_node_supported is 0
[08:24:45.228][MXKW][I]topology.c              :283 : [get_directory_socket_id]fscanf path:/sys/devices/virtual/mxcd/mxcd/layout/nodes/314/gpu_id,res: 0,errno:1
[08:24:45.228][MXKW][W]topology.c              :1424: [topology_sysfs_get_system_props]err_node_num is 21,ret is 0,is_node_supported is 0
[08:24:45.228][MXKW][I]topology.c              :283 : [get_directory_socket_id]fscanf path:/sys/devices/virtual/mxcd/mxcd/layout/nodes/315/gpu_id,res: 0,errno:1
[08:24:45.228][MXKW][W]topology.c              :1424: [topology_sysfs_get_system_props]err_node_num is 22,ret is 0,is_node_supported is 0
[08:24:45.228][MXKW][I]topology.c              :283 : [get_directory_socket_id]fscanf path:/sys/devices/virtual/mxcd/mxcd/layout/nodes/317/gpu_id,res: 0,errno:1
[08:24:45.228][MXKW][W]topology.c              :1424: [topology_sysfs_get_system_props]err_node_num is 23,ret is 0,is_node_supported is 0
[08:24:45.228][MXKW][I]topology.c              :1460: [topology_sysfs_get_system_props]cpu total 2 nodes, map list:
[08:24:45.228][MXKW][I]topology.c              :1463: [topology_sysfs_get_system_props]map_cpu[0]:0
[08:24:45.228][MXKW][I]topology.c              :1463: [topology_sysfs_get_system_props]map_cpu[1]:1
[08:24:45.228][MXKW][I]topology.c              :1465: [topology_sysfs_get_system_props]gpu total 1 nodes, map list:
[08:24:45.228][MXKW][I]topology.c              :1468: [topology_sysfs_get_system_props]map_gpu[0]:12
[08:24:45.228][MXKW][I]topology.c              :962 : [find_pci_info]node 0 's pci info is not found
[08:24:45.228][MXKW][I]topology.c              :911 : [read_pci_info_from_file]can't open /sys/devices/virtual/mxcd/mxcd/layout/nodes/0/location file!
[08:24:45.228][MXKW][I]topology.c              :962 : [find_pci_info]node 0 's pci info is not found
[08:24:45.228][MXKW][I]topology.c              :911 : [read_pci_info_from_file]can't open /sys/devices/virtual/mxcd/mxcd/layout/nodes/0/location file!
[08:24:45.228][MXKW][I]topology.c              :1944: [topology_sysfs_get_node_props]Device isa_major is 0, isa_minor is 0, MXName is
[08:24:45.228][MXKW][I]topology.c              :2548: [topology_take_snapshot]node0 direct_links route:
[08:24:45.228][MXKW][I]topology.c              :2562: [topology_take_snapshot]link0 type:2,  0--->1
[08:24:45.228][MXKW][I]topology.c              :962 : [find_pci_info]node 1 's pci info is not found
[08:24:45.228][MXKW][I]topology.c              :911 : [read_pci_info_from_file]can't open /sys/devices/virtual/mxcd/mxcd/layout/nodes/1/location file!
[08:24:45.228][MXKW][I]topology.c              :962 : [find_pci_info]node 1 's pci info is not found
[08:24:45.228][MXKW][I]topology.c              :911 : [read_pci_info_from_file]can't open /sys/devices/virtual/mxcd/mxcd/layout/nodes/1/location file!
[08:24:45.228][MXKW][I]topology.c              :1944: [topology_sysfs_get_node_props]Device isa_major is 0, isa_minor is 0, MXName is
[08:24:45.228][MXKW][I]topology.c              :2548: [topology_take_snapshot]node1 direct_links route:
[08:24:45.228][MXKW][I]topology.c              :2562: [topology_take_snapshot]link0 type:2,  1--->0
[08:24:45.228][MXKW][I]topology.c              :2573: [topology_take_snapshot]node1 indirect_links route:
[08:24:45.228][MXKW][I]topology.c              :1944: [topology_sysfs_get_node_props]Device isa_major is 10, isa_minor is 0, MXName is
[08:24:45.230][MXC][I]MxcInit: leaving
[08:24:45.230][MXC][I]InitDma: Entering
[08:24:45.231][MXC][I]InitDma: Leaving
[08:24:45.231][MCR][I]mx_device.cpp            :2294: Device xcore1000 create, major:10, minor:0
[08:24:45.231][MCR][I]mx_device.cpp            :2795: private_mem:436207616, info_.globalMemSize_:16341008384, gpu_single_alloc_percent:0.990000
[08:24:45.231][MCR][I]mx_device.cpp            :2865: get registersPerMtreg_:64,info_dpcNum_:8,info_wavePerDpc_:416, wavefrontWidth_:64
[08:24:45.231][MCR][I]mx_device.cpp            :3042: rmNum_:8, isuNum_:13, sl1Num_:7, vlsNum_:13, vl1Num_:13, l2cNum_:32, l2aNum_:4, l2xNum_:4

[08:24:45.232][MCR][I]mx_device.cpp            :1091: getQueueCnt hwQueueNum:16
[08:24:45.232][MCR][I]mx_device.cpp            :1153: agent_handle=0x55b82adb32c0,hardware queues number:16, queue count configuration: 8-4-4(H-N-L), highForMccl:0
[08:24:45.232][MCR][I]mx_device.cpp            :2445: Device xcore1000 create fininshed!

[08:24:45.232][MCR][I]mx_device.cpp            :2294: Device xcore1000 create, major:10, minor:0
[08:24:45.232][MCR][I]mx_device.cpp            :2795: private_mem:436207616, info_.globalMemSize_:16341008384, gpu_single_alloc_percent:0.990000
[08:24:45.232][MCR][I]mx_device.cpp            :2865: get registersPerMtreg_:64,info_dpcNum_:8,info_wavePerDpc_:416, wavefrontWidth_:64
[08:24:45.232][MCR][I]mx_device.cpp            :3042: rmNum_:8, isuNum_:13, sl1Num_:7, vlsNum_:13, vl1Num_:13, l2cNum_:32, l2aNum_:4, l2xNum_:4

[08:24:45.232][MCR][I]mx_device.cpp            :1091: getQueueCnt hwQueueNum:16
[08:24:45.232][MCR][I]mx_device.cpp            :1153: agent_handle=0x55b82adb32c0,hardware queues number:16, queue count configuration: 8-4-4(H-N-L), highForMccl:0
[08:24:45.232][MCR][I]mx_device.cpp            :2445: Device xcore1000 create fininshed!

[08:24:45.233][MCR][I]mc_vpu_impl.cpp          :80  : mcVpuLoad mxvpu lib version: 1.0.20260512_081136

[08:24:45.233][MCR][I]mc_vpu_impl.cpp          :86  : mcVpuLoad load mxvpu lib path: /opt/maca-3.7.1/lib/libmxvpu.so

[08:24:45.233][MCC][I]AddDevice device_id:0, arch:xcore1000
[08:24:45.233][MCC][I]Get compiler from environment variable MACA_PATH: /opt/maca/mxgpu_llvm/bin.
[warning] get_srvrpc_port get rpc server ports failed: cannot retrieve rpc server port.
[warning] get_srvrpc_port get rpc server ports failed: cannot retrieve rpc server port.
[warning] get_srvrpc_port get rpc server ports failed: cannot retrieve rpc server port.
[warning] get_srvrpc_port get rpc server ports failed: cannot retrieve rpc server port.
[warning] get_srvrpc_port get rpc server ports failed: cannot retrieve rpc server port.
[warning] get_srvrpc_port get rpc server ports failed: cannot retrieve rpc server port.
[warning] get_srvrpc_port get rpc server ports failed: cannot retrieve rpc server port.
[warning] get_srvrpc_port get rpc server ports failed: cannot retrieve rpc server port.
[warning] get_srvrpc_port get rpc server ports failed: cannot retrieve rpc server port.
[warning] get_srvrpc_port get rpc server ports failed: cannot retrieve rpc server port.
[warning] get_srvrpc_port get rpc server ports failed: cannot retrieve rpc server port.
[warning] get_srvrpc_port get rpc server ports failed: cannot retrieve rpc server port.
[warning] get_srvrpc_port get rpc server ports failed: cannot retrieve rpc server port.
[warning] get_srvrpc_port get rpc server ports failed: cannot retrieve rpc server port.
[warning] get_srvrpc_port get rpc server ports failed: cannot retrieve rpc server port.
[warning] get_srvrpc_port get rpc server ports failed: cannot retrieve rpc server port.
[warning] get_srvrpc_port get rpc server ports failed: cannot retrieve rpc server port.
[warning] get_srvrpc_port get rpc server ports failed: cannot retrieve rpc server port.
[warning] get_srvrpc_port get rpc server ports failed: cannot retrieve rpc server port.
[warning] get_srvrpc_port get rpc server ports failed: cannot retrieve rpc server port.
[warning] get_srvrpc_port get rpc server ports failed: cannot retrieve rpc server port.
[warning] get_srvrpc_port get rpc server ports failed: cannot retrieve rpc server port.
[08:25:06.691][MXS][I]                    Node0     Node1
[08:25:06.691][MXS][I]Gpu0                X
[08:25:06.691][MXS][I]CpuBind             X         X
get_mempolicy: Operation not permitted
[08:25:06.691][MXS][I]MemBind             X         X
[08:25:07.363][MXS][I]mcruntime           1%        99%
[warning] get_srvrpc_port get rpc server ports failed: cannot retrieve rpc server port.
[08:25:08.018][MXS][I]mccompiler                    100%
[08:25:08.672][MXS][I]mxc-runtime                   100%
[warning] get_srvrpc_port get rpc server ports failed: cannot retrieve rpc server port.
[08:25:09.331][MXS][I]mxkw                          100%
[08:25:09.332][PTI][I]mcpti_profiler.cpp       :618 : getModuleInfo:1,8,13,7,13,13,32,4,4

[08:25:09.333][MCR][I]mx_device.cpp            :5792: agent_handle=0x55b82adb32c0
[08:25:09.334][MCR][I]mx_device.cpp            :1446: created hardware queue 0x7f692dc0b000(HWq=0x7f6540001a90) with size 1024 with priority 0(L), cooperative: 0, is_exclusive: 0
[08:25:09.334][MCR][I]mx_device.cpp            :1458: number of allocated hardware queues 0-0-1(H-N-L), number of users 0-0-1
[08:25:09.337][MCR][W]mx_perf_counter.cpp      :568 : Perf is not exclusive, can not be disabled!
[08:25:09.340][MCTX][I]mctxTPImpl.cpp           :186 : Automatically acquire a port.
[08:25:09.340][MCTX][I]mcRpcAsyncImpl.cpp       :421 : mcRpcServerAsyncInit 0x55b82ad9dd10 0
[08:25:09.340][MCTX][I]mcRpcAsyncImpl.cpp       :500 : mcRpcAsyncServerTask start!
[08:25:09.340][MCTX][I]mcRpcAsyncImpl.cpp       :472 : mcRpcServerAsyncRun start
[08:25:09.341][MCTX][I]server.cpp               :69  : Server thread num: 1, listening on: 41589.
[info] MctxStreamProfilerCountDataGet Start
[info] MctxStreamProfilerCountDataGet Loop
mcToolsExtPid_UsedPort:149380-41589
[08:25:14.431][MCR][I]mc_memory.cpp            :1671: copy strategy - H2DCpuCopy:0,D2HCpuCopy:0,cpuCopy:0,d2dCrossDevices:0,pageableHToDAsync:0
[08:25:14.431][MCR][I]mc_memory.cpp            :1672: copy strategy - isAsync:0,waitComplete:1
[08:25:14.431][MXC][I]GpuDevice 0x2adb32c0 enable profiling, sdm_counter:44647417005607, sys_time:1788942314431935362
[08:25:14.431][MXC][I]raw dispatch ts:[111022111493753,111022111493853]
[08:25:14.431][MXC][I]dispatch ts translate ret [1788942314431968803, 1788942314431969803]
[08:25:14.432][MXC][I]raw async_copy ts:[44647417152962,44647417164234]
[08:25:14.432][MXC][I]sdma_ts_.sdma_counter:44647417005607
[08:25:14.432][MXC][I]DNOCfreq:900000000, async_copy ts translate ret [1788942314432099089, 1788942314432111613]
[08:25:14.432][MXC][I]raw dispatch ts:[111022106683726,111022106688313]
[08:25:14.432][MXC][I]dispatch ts translate ret [1788942314383868608, 1788942314383914477]
[08:25:14.432][MXC][I]raw dispatch ts:[111022106688693,111022106689618]
[08:25:14.432][MXC][I]dispatch ts translate ret [1788942314383918277, 1788942314383927527]
[08:25:14.432][MXC][I]raw dispatch ts:[111022106692193,111022106693264]
[08:25:14.432][MXC][I]dispatch ts translate ret [1788942314383953277, 1788942314383963987]
[08:25:14.441][MXC][I]raw dispatch ts:[111022111731457,111022111732157]
[08:25:14.441][MXC][I]dispatch ts translate ret [1788942314434345804, 1788942314434352804]
[08:25:14.444][MXC][I]raw dispatch ts:[111022111739175,111022111739726]
[08:25:14.444][MXC][I]dispatch ts translate ret [1788942314434422983, 1788942314434428493]
[08:25:14.444][MCBLASLT][I]The handle of mcBlas/mcBlasLt is not thread-safe and cannot be shared across threads.
[08:25:14.444][MCBLASLT][I]Looking for the module path
[08:25:14.445][MCBLASLT][I]found mcblaslt lib path: /opt/maca-3.7.1/lib
[08:25:14.695][MCBLASLT][I]load module mcblas_xcore1000.mcfb successed
[08:25:14.695][MCBLASLT][I]xcore_major_ : 10, xcore_minor_ : 0, page_size_: 2097152
[08:25:14.934][MCBLASLT][I]Kernsel: Succeed init xcore_major: 10 with ap num: 104 !
[08:25:14.934][MCBLASLT][I]Kernsel: Kernsel not set MCBLAS_CUSTOMIZED_CONFIG_PATH
[08:25:14.934][MCBLASLT][I]xcore_major_ : 10, xcore_minor_ : 0, page_size_: 2097152
[08:25:15.193][MCBLASLT][I]Gemv Kernsel: Succeed init xcore_major: 10 with ap num: 104 !
[08:25:15.193][MCBLASLT][I]Gemv kernsel: Kernsel not set MCBLAS_GEMV_CUSTOMIZED_CONFIG_PATH
[08:25:15.194][MCBLASLT][I]allocated memory for signal buffer
[08:25:15.194][MCR][I]mc_memory.cpp            :2132: [mcMemset] dst:0x7f6509800000 value:0 valueSize:1 sizeBytes:262144 isAsync:false
[08:25:15.194][MXC][I]raw dispatch ts:[111022111782897,111022111783831]
[08:25:15.194][MXC][I]dispatch ts translate ret [1788942314434860196, 1788942314434869536]
[08:25:15.194][MCBLASLT][I]set_workspace is called ! user allocated size: 67108864B = 64.000000MB
[08:25:15.194][MXC][I]raw dispatch ts:[111022111800965,111022111801502]
[08:25:15.194][MXC][I]dispatch ts translate ret [1788942314435040873, 1788942314435046243]
[08:25:15.194][MXC][I]raw dispatch ts:[111022111973593,111022111974128]
[08:25:15.194][MXC][I]dispatch ts translate ret [1788942314436767125, 1788942314436772475]
[08:25:15.194][MXC][I]raw dispatch ts:[111022111995066,111022111995345]
[08:25:15.194][MXC][I]dispatch ts translate ret [1788942314436981852, 1788942314436984642]
[08:25:15.194][MXC][I]raw dispatch ts:[111022112183314,111022112184129]
[08:25:15.194][MXC][I]dispatch ts translate ret [1788942314438864301, 1788942314438872451]
[08:25:15.194][MXC][I]raw dispatch ts:[111022112279364,111022112280020]
[08:25:15.194][MXC][I]dispatch ts translate ret [1788942314439824786, 1788942314439831346]
[08:25:15.194][MXC][I]raw dispatch ts:[111022112282355,111022112282821]
[08:25:15.194][MXC][I]dispatch ts translate ret [1788942314439854695, 1788942314439859355]
[08:25:15.194][MXC][I]raw dispatch ts:[111022112337139,111022112337669]
[08:25:15.194][MXC][I]dispatch ts translate ret [1788942314440402526, 1788942314440407826]
[08:25:15.194][MXC][I]raw dispatch ts:[111022112340415,111022112340719]
[08:25:15.194][MXC][I]dispatch ts translate ret [1788942314440435286, 1788942314440438326]
[08:25:15.194][MXC][I]raw dispatch ts:[111022112348567,111022112349399]
[08:25:15.194][MXC][I]dispatch ts translate ret [1788942314440516805, 1788942314440525124]
[08:25:15.194][MXC][I]raw dispatch ts:[111022112353025,111022112353345]
[08:25:15.194][MXC][I]dispatch ts translate ret [1788942314440561384, 1788942314440564584]
[08:25:15.194][MXC][I]raw dispatch ts:[111022112475816,111022112476584]
[08:25:15.194][MXC][I]dispatch ts translate ret [1788942314441789274, 1788942314441796954]
[08:25:15.194][MXC][I]raw dispatch ts:[111022112490870,111022112491801]
[08:25:15.194][MXC][I]dispatch ts translate ret [1788942314441939812, 1788942314441949120]
[08:25:15.194][MXC][I]raw dispatch ts:[111022112494942,111022112495599]
[08:25:15.194][MXC][I]dispatch ts translate ret [1788942314441980530, 1788942314441987100]
[08:25:15.194][MXC][I]raw dispatch ts:[111022112725052,111022112733510]
[08:25:15.194][MXC][I]dispatch ts translate ret [1788942314444281629, 1788942314444366209]
[08:25:15.194][MXC][I]raw dispatch ts:[111022187712293,111022187715746]
[08:25:15.194][MXC][I]dispatch ts translate ret [1788942315194153354, 1788942315194187884]
[08:25:15.194][MCBLAS][I]mcblasSgemmStridedBatched 1 0 128 16 64 64 64 128 256 8192 1024 2048 1.000000 0.000000
[08:25:15.194][MCBLASLT][I]Kernsel found best solution: Kernel name: mcblas__Mck_sgemm_tn_128x32x32_1m1n4k_256t_fp32_fp32_fp32_sb_0_0, slt:0, swap:0, ksplit:0
[08:25:15.194][MCBLASLT][I]module get function mcblas__Mck_sgemm_tn_128x32x32_1m1n4k_256t_fp32_fp32_fp32_sb_0_0 successed
[08:25:15.213][MCBLASLT][I]mcModuleLaunchKernel successed, ret = 0
[08:25:15.215][MCR][I]mc_memory.cpp            :1671: copy strategy - H2DCpuCopy:0,D2HCpuCopy:0,cpuCopy:0,d2dCrossDevices:0,pageableHToDAsync:0
[08:25:15.215][MCR][I]mc_memory.cpp            :1672: copy strategy - isAsync:0,waitComplete:0
[08:25:15.215][MXC][I]raw dispatch ts:[111022189821191,111022189821289]
[08:25:15.215][MXC][I]dispatch ts translate ret [1788942315215242185, 1788942315215243165]
[08:25:15.220][MCBLASLT][I]set_workspace is called ! user allocated size: 67108864B = 64.000000MB
[08:25:15.220][MCBLAS][I]mcblasSgemmStridedBatched 0 0 64 16 128 64 128 64 256 8192 2048 1024 1.000000 0.000000
[08:25:15.220][MCBLASLT][I]Kernsel found best solution: Kernel name: mcblas__Mck_sgemm_nn_64x32x64_1m1n4k_256t_fp32_fp32_fp32_sb_0_0, slt:0, swap:1, ksplit:0
[08:25:15.220][MCBLASLT][I]module get function mcblas__Mck_sgemm_nn_64x32x64_1m1n4k_256t_fp32_fp32_fp32_sb_0_0 successed
[08:25:15.220][MCBLASLT][I]mcModuleLaunchKernel successed, ret = 0
[08:25:15.220][MCR][I]mc_memory.cpp            :1671: copy strategy - H2DCpuCopy:0,D2HCpuCopy:0,cpuCopy:0,d2dCrossDevices:0,pageableHToDAsync:0
[08:25:15.221][MCR][I]mc_memory.cpp            :1672: copy strategy - isAsync:0,waitComplete:0
[08:25:15.221][MXC][I]raw dispatch ts:[111022190398784,111022190398878]
[08:25:15.221][MXC][I]dispatch ts translate ret [1788942315221018111, 1788942315221019051]
[08:25:15.221][MXC][I]raw async_copy ts:[44648363942151,44648363954622]
[08:25:15.221][MXC][I]sdma_ts_.sdma_counter:44647417005607
[08:25:15.221][MXC][I]DNOCfreq:900000000, async_copy ts translate ret [1788942315484087077, 1788942315484100933]
[08:25:15.221][MXC][I]raw dispatch ts:[111022189691302,111022189692972]
[08:25:15.221][MXC][I]dispatch ts translate ret [1788942315213943295, 1788942315213959995]
[08:25:15.221][MXC][I]raw dispatch ts:[111022189709497,111022189710055]
[08:25:15.221][MXC][I]dispatch ts translate ret [1788942315214125245, 1788942315214130825]
[08:25:15.221][MXC][I]raw dispatch ts:[111022189811575,111022189812114]
[08:25:15.221][MXC][I]dispatch ts translate ret [1788942315215146025, 1788942315215151415]
[08:25:15.221][MXC][I]raw async_copy ts:[44648357017212,44648357054502]
[08:25:15.221][MXC][I]sdma_ts_.sdma_counter:44647417005607
[08:25:15.221][MXC][I]DNOCfreq:900000000, async_copy ts translate ret [1788942315476392700, 1788942315476434133]
[08:25:15.221][MXC][I]raw dispatch ts:[111022190214837,111022190215989]
[08:25:15.221][MXC][I]dispatch ts translate ret [1788942315219178642, 1788942315219190162]
[08:25:15.221][MXC][I]raw dispatch ts:[111022190332348,111022190333548]
[08:25:15.221][MXC][I]dispatch ts translate ret [1788942315220353751, 1788942315220365751]
[08:25:15.221][MXC][I]raw dispatch ts:[111022190339531,111022190340191]
[08:25:15.221][MXC][I]dispatch ts translate ret [1788942315220425581, 1788942315220432181]
[08:25:15.221][MXC][I]raw dispatch ts:[111022190344196,111022190352753]
[08:25:15.221][MXC][I]dispatch ts translate ret [1788942315220472231, 1788942315220557801]
[08:25:15.221][MXC][I]raw dispatch ts:[111022190386415,111022190388029]
[08:25:15.221][MXC][I]dispatch ts translate ret [1788942315220894421, 1788942315220910561]
[08:25:15.221][MXC][I]raw dispatch ts:[111022190395753,111022190396532]
[08:25:15.221][MXC][I]dispatch ts translate ret [1788942315220987801, 1788942315220995591]
[08:25:15.221][MCBLASLT][I]set_workspace is called ! user allocated size: 67108864B = 64.000000MB
[08:25:15.221][MCBLAS][I]mcblasSgemmStridedBatched 1 0 128 16 64 64 64 128 256 8192 1024 2048 1.000000 0.000000
[08:25:15.221][MCBLASLT][I]Kernsel found best solution: Kernel name: mcblas__Mck_sgemm_tn_128x32x32_1m1n4k_256t_fp32_fp32_fp32_sb_0_0, slt:0, swap:0, ksplit:0
[08:25:15.221][MCBLASLT][I]module get function mcblas__Mck_sgemm_tn_128x32x32_1m1n4k_256t_fp32_fp32_fp32_sb_0_0 successed
[08:25:15.221][MCBLASLT][I]mcModuleLaunchKernel successed, ret = 0
[08:25:15.221][MXC][I]raw dispatch ts:[111022190404715,111022190405077]
[08:25:15.221][MXC][I]dispatch ts translate ret [1788942315221077419, 1788942315221081039]
[08:25:15.221][MXC][I]raw dispatch ts:[111022190407363,111022190407756]
[08:25:15.221][MXC][I]dispatch ts translate ret [1788942315221103899, 1788942315221107829]
[08:25:15.221][MCR][I]mc_memory.cpp            :1671: copy strategy - H2DCpuCopy:0,D2HCpuCopy:0,cpuCopy:0,d2dCrossDevices:0,pageableHToDAsync:0
[08:25:15.221][MCR][I]mc_memory.cpp            :1672: copy strategy - isAsync:0,waitComplete:0
[08:25:15.221][MXC][I]raw dispatch ts:[111022190411532,111022190411786]
[08:25:15.221][MXC][I]dispatch ts translate ret [1788942315221145615, 1788942315221148156]
[08:25:15.221][MXC][I]raw dispatch ts:[111022190458905,111022190459027]
[08:25:15.221][MXC][I]dispatch ts translate ret [1788942315221619444, 1788942315221620664]
[08:25:15.221][MXC][I]raw dispatch ts:[111022190414040,111022190414538]
[08:25:15.221][MXC][I]dispatch ts translate ret [1788942315221170701, 1788942315221175682]
[08:25:15.221][MCBLASLT][I]set_workspace is called ! user allocated size: 67108864B = 64.000000MB
[08:25:15.221][MXC][I]raw async_copy ts:[44648364661839,44648364697030]
[08:25:15.221][MXC][I]sdma_ts_.sdma_counter:44647417005607
[08:25:15.221][MXC][I]DNOCfreq:900000000, async_copy ts translate ret [1788942315484886730, 1788942315484925831]
[08:25:15.221][MCBLAS][I]mcblasSgemmStridedBatched 0 0 64 16 128 64 128 64 256 8192 2048 1024 1.000000 0.000000
[08:25:15.221][MCBLASLT][I]Kernsel found best solution: Kernel name: mcblas__Mck_sgemm_nn_64x32x64_1m1n4k_256t_fp32_fp32_fp32_sb_0_0, slt:0, swap:1, ksplit:0
[08:25:15.221][MXC][I]raw dispatch ts:[111022190417227,111022190417684]
[08:25:15.221][MXC][I]dispatch ts translate ret [1788942315221202577, 1788942315221207148]
[08:25:15.221][MCBLASLT][I]module get function mcblas__Mck_sgemm_nn_64x32x64_1m1n4k_256t_fp32_fp32_fp32_sb_0_0 successed
[08:25:15.221][MXC][I]raw dispatch ts:[111022190419836,111022190420303]
[08:25:15.221][MXC][I]dispatch ts translate ret [1788942315221228673, 1788942315221233344]
[08:25:15.221][MCBLASLT][I]mcModuleLaunchKernel successed, ret = 0
[08:25:15.221][MXC][I]raw dispatch ts:[111022190422534,111022190422845]
[08:25:15.221][MXC][I]dispatch ts translate ret [1788942315221255659, 1788942315221258769]
[08:25:15.221][MXC][I]raw dispatch ts:[111022190423142,111022190423406]
[08:25:15.221][MXC][I]dispatch ts translate ret [1788942315221261740, 1788942315221264380]
[08:25:15.221][MXC][I]raw dispatch ts:[111022190425488,111022190426287]
[08:25:15.221][MXC][I]dispatch ts translate ret [1788942315221285205, 1788942315221293196]
[08:25:15.221][MXC][I]raw dispatch ts:[111022190428657,111022190428987]
[08:25:15.221][MXC][I]dispatch ts translate ret [1788942315221316901, 1788942315221320202]
[08:25:15.221][MCR][I]mc_memory.cpp            :1671: copy strategy - H2DCpuCopy:0,D2HCpuCopy:0,cpuCopy:0,d2dCrossDevices:0,pageableHToDAsync:0
[08:25:15.221][MCR][I]mc_memory.cpp            :1672: copy strategy - isAsync:0,waitComplete:0
[08:25:15.221][MXC][I]raw dispatch ts:[111022190431175,111022190431719]
[08:25:15.221][MXC][I]dispatch ts translate ret [1788942315221342087, 1788942315221347528]
[08:25:15.221][MXC][I]raw dispatch ts:[111022190483780,111022190483963]
[08:25:15.221][MXC][I]dispatch ts translate ret [1788942315221868154, 1788942315221869984]
[08:25:15.221][MXC][I]raw dispatch ts:[111022190432007,111022190432708]
[08:25:15.221][MXC][I]dispatch ts translate ret [1788942315221350457, 1788942315221357467]
[08:25:15.221][MXC][I]raw async_copy ts:[44648364961961,44648364971704]
[08:25:15.221][MXC][I]sdma_ts_.sdma_counter:44647417005607
[08:25:15.221][MXC][I]DNOCfreq:900000000, async_copy ts translate ret [1788942315485220199, 1788942315485231024]
[08:25:15.221][MXC][I]raw dispatch ts:[111022190435069,111022190435752]
[08:25:15.221][MXC][I]dispatch ts translate ret [1788942315221381077, 1788942315221387907]
[08:25:15.221][MXC][I]raw dispatch ts:[111022190436040,111022190438766]
[08:25:15.221][MXC][I]dispatch ts translate ret [1788942315221390787, 1788942315221418047]
[08:25:15.221][MXC][I]raw dispatch ts:[111022190447150,111022190448605]
[08:25:15.221][MXC][I]dispatch ts translate ret [1788942315221501887, 1788942315221516437]
[08:25:15.221][MXC][I]raw dispatch ts:[111022190452231,111022190452746]
[08:25:15.221][MXC][I]dispatch ts translate ret [1788942315221552697, 1788942315221557847]
[08:25:15.221][MXC][I]raw dispatch ts:[111022190455680,111022190456034]
[08:25:15.221][MXC][I]dispatch ts translate ret [1788942315221587186, 1788942315221590725]
[08:25:15.221][MXC][I]raw dispatch ts:[111022190469312,111022190470264]
[08:25:15.221][MXC][I]dispatch ts translate ret [1788942315221723490, 1788942315221733009]
[08:25:15.221][MXC][I]raw dispatch ts:[111022190473451,111022190474538]
[08:25:15.221][MXC][I]dispatch ts translate ret [1788942315221764876, 1788942315221775745]
[08:25:15.222][MXC][I]raw dispatch ts:[111022190474816,111022190475428]
[08:25:15.222][MXC][I]dispatch ts translate ret [1788942315221778524, 1788942315221784644]
[08:25:15.222][MXC][I]raw dispatch ts:[111022190475706,111022190478158]
[08:25:15.222][MXC][I]dispatch ts translate ret [1788942315221787423, 1788942315221811941]
[08:25:15.222][MXC][I]raw dispatch ts:[111022190478428,111022190479781]
[08:25:15.222][MXC][I]dispatch ts translate ret [1788942315221814640, 1788942315221828169]
[08:25:15.222][MXC][I]raw dispatch ts:[111022190482774,111022190483504]
[08:25:15.222][MXC][I]dispatch ts translate ret [1788942315221858095, 1788942315221865395]
[08:25:15.222][MCBLASLT][I]set_workspace is called ! user allocated size: 67108864B = 64.000000MB
[08:25:15.222][MCBLAS][I]mcblasSgemmStridedBatched 1 0 128 16 64 64 64 128 256 8192 1024 2048 1.000000 0.000000
[08:25:15.222][MCBLASLT][I]Kernsel found best solution: Kernel name: mcblas__Mck_sgemm_tn_128x32x32_1m1n4k_256t_fp32_fp32_fp32_sb_0_0, slt:0, swap:0, ksplit:0
[08:25:15.222][MCBLASLT][I]module get function mcblas__Mck_sgemm_tn_128x32x32_1m1n4k_256t_fp32_fp32_fp32_sb_0_0 successed
[08:25:15.222][MCBLASLT][I]mcModuleLaunchKernel successed, ret = 0
[08:25:15.222][MXC][I]raw dispatch ts:[111022190490661,111022190491034]
[08:25:15.222][MXC][I]dispatch ts translate ret [1788942315221936956, 1788942315221940685]
[08:25:15.222][MXC][I]raw dispatch ts:[111022190493822,111022190494183]
[08:25:15.222][MXC][I]dispatch ts translate ret [1788942315221968562, 1788942315221972172]
[08:25:15.222][MCR][I]mc_memory.cpp            :1671: copy strategy - H2DCpuCopy:0,D2HCpuCopy:0,cpuCopy:0,d2dCrossDevices:0,pageableHToDAsync:0
[08:25:15.222][MCR][I]mc_memory.cpp            :1672: copy strategy - isAsync:0,waitComplete:0
[08:25:15.222][MXC][I]raw dispatch ts:[111022190494484,111022190494745]
[08:25:15.222][MXC][I]dispatch ts translate ret [1788942315221975165, 1788942315221977774]
[08:25:15.222][MXC][I]raw dispatch ts:[111022190516262,111022190516503]
[08:25:15.222][MXC][I]dispatch ts translate ret [1788942315222192882, 1788942315222195291]
[08:25:15.222][MXC][I]raw dispatch ts:[111022190495029,111022190495510]
[08:25:15.222][MXC][I]dispatch ts translate ret [1788942315221980614, 1788942315221985422]
[08:25:15.222][MCBLASLT][I]set_workspace is called ! user allocated size: 67108864B = 64.000000MB
[08:25:15.222][MCBLAS][I]mcblasSgemmStridedBatched 0 0 64 16 128 64 128 64 256 8192 2048 1024 1.000000 0.000000
[08:25:15.222][MCBLASLT][I]Kernsel found best solution: Kernel name: mcblas__Mck_sgemm_nn_64x32x64_1m1n4k_256t_fp32_fp32_fp32_sb_0_0, slt:0, swap:1, ksplit:0
[08:25:15.222][MCBLASLT][I]module get function mcblas__Mck_sgemm_nn_64x32x64_1m1n4k_256t_fp32_fp32_fp32_sb_0_0 successed
[08:25:15.222][MCBLASLT][I]mcModuleLaunchKernel successed, ret = 0
[08:25:15.222][MXC][I]raw async_copy ts:[44648365348069,44648365382626]
[08:25:15.222][MXC][I]sdma_ts_.sdma_counter:44647417005607
[08:25:15.222][MXC][I]DNOCfreq:900000000, async_copy ts translate ret [1788942315485649208, 1788942315485687604]
[08:25:15.222][MXC][I]raw dispatch ts:[111022190498231,111022190498839]
[08:25:15.222][MXC][I]dispatch ts translate ret [1788942315222012624, 1788942315222018703]
[08:25:15.222][MCR][I]mc_memory.cpp            :1671: copy strategy - H2DCpuCopy:0,D2HCpuCopy:0,cpuCopy:0,d2dCrossDevices:0,pageableHToDAsync:0
[08:25:15.222][MCR][I]mc_memory.cpp            :1672: copy strategy - isAsync:0,waitComplete:0
[08:25:15.222][MXC][I]raw dispatch ts:[111022190499136,111022190499527]
[08:25:15.222][MXC][I]dispatch ts translate ret [1788942315222021672, 1788942315222025581]
[08:25:15.222][MXC][I]raw dispatch ts:[111022190499801,111022190500085]
[08:25:15.222][MXC][I]dispatch ts translate ret [1788942315222028320, 1788942315222031159]
[08:25:15.222][MXC][I]raw dispatch ts:[111022190500358,111022190500557]
[08:25:15.222][MXC][I]dispatch ts translate ret [1788942315222033888, 1788942315222035878]
[08:25:15.222][MXC][I]raw dispatch ts:[111022190500818,111022190501717]
[08:25:15.222][MXC][I]dispatch ts translate ret [1788942315222038487, 1788942315222047474]
[08:25:15.222][MXC][I]raw dispatch ts:[111022190504724,111022190505033]
[08:25:15.222][MXC][I]dispatch ts translate ret [1788942315222077536, 1788942315222080625]
[08:25:15.222][MXC][I]raw dispatch ts:[111022190505329,111022190505873]
[08:25:15.222][MXC][I]dispatch ts translate ret [1788942315222083584, 1788942315222089023]
[08:25:15.222][MXC][I]raw dispatch ts:[111022190539013,111022190539158]
[08:25:15.222][MXC][I]dispatch ts translate ret [1788942315222420404, 1788942315222421854]
[08:25:15.222][MXC][I]raw dispatch ts:[111022190506158,111022190506850]
[08:25:15.222][MXC][I]dispatch ts translate ret [1788942315222091862, 1788942315222098782]
[08:25:15.222][MXC][I]raw async_copy ts:[44648365621098,44648365630818]
[08:25:15.222][MXC][I]sdma_ts_.sdma_counter:44647417005607
[08:25:15.222][MXC][I]DNOCfreq:900000000, async_copy ts translate ret [1788942315485952574, 1788942315485963374]
[08:25:15.222][MXC][I]raw dispatch ts:[111022190507124,111022190507678]
[08:25:15.222][MXC][I]dispatch ts translate ret [1788942315222101522, 1788942315222107062]
[08:25:15.222][MXC][I]raw dispatch ts:[111022190507952,111022190510410]
[08:25:15.222][MXC][I]dispatch ts translate ret [1788942315222109802, 1788942315222134381]
[08:25:15.222][MCBLASLT][I]set_workspace is called ! user allocated size: 67108864B = 64.000000MB
[08:25:15.222][MXC][I]raw dispatch ts:[111022190510690,111022190511950]
[08:25:15.222][MXC][I]dispatch ts translate ret [1788942315222137181, 1788942315222149781]
[08:25:15.222][MCBLAS][I]mcblasSgemmStridedBatched 1 0 128 16 64 64 64 128 256 8192 1024 2048 1.000000 0.000000
[08:25:15.222][MXC][I]raw dispatch ts:[111022190515009,111022190515464]
[08:25:15.222][MXC][I]dispatch ts translate ret [1788942315222180370, 1788942315222184920]
[08:25:15.222][MCBLASLT][I]Kernsel found best solution: Kernel name: mcblas__Mck_sgemm_tn_128x32x32_1m1n4k_256t_fp32_fp32_fp32_sb_0_0, slt:0, swap:0, ksplit:0
[08:25:15.222][MCBLASLT][I]module get function mcblas__Mck_sgemm_tn_128x32x32_1m1n4k_256t_fp32_fp32_fp32_sb_0_0 successed
[08:25:15.222][MXC][I]raw dispatch ts:[111022190515747,111022190515992]
[08:25:15.222][MCBLASLT][I]mcModuleLaunchKernel successed, ret = 0
[08:25:15.222][MXC][I]dispatch ts translate ret [1788942315222187750, 1788942315222190200]
[08:25:15.222][MXC][I]raw dispatch ts:[111022190524414,111022190525376]
[08:25:15.222][MXC][I]dispatch ts translate ret [1788942315222274418, 1788942315222284037]
[08:25:15.222][MXC][I]raw dispatch ts:[111022190528246,111022190529463]
[08:25:15.222][MXC][I]dispatch ts translate ret [1788942315222312737, 1788942315222324906]
[08:25:15.222][MXC][I]raw dispatch ts:[111022190529754,111022190530287]
[08:25:15.222][MXC][I]dispatch ts translate ret [1788942315222327816, 1788942315222333146]
[08:25:15.222][MXC][I]raw dispatch ts:[111022190530563,111022190533421]
[08:25:15.222][MXC][I]dispatch ts translate ret [1788942315222335906, 1788942315222364485]
[08:25:15.222][MCR][I]mc_memory.cpp            :1671: copy strategy - H2DCpuCopy:0,D2HCpuCopy:0,cpuCopy:0,d2dCrossDevices:0,pageableHToDAsync:0
[08:25:15.222][MCR][I]mc_memory.cpp            :1672: copy strategy - isAsync:0,waitComplete:0
[08:25:15.222][MXC][I]raw dispatch ts:[111022190533694,111022190535037]
[08:25:15.222][MXC][I]dispatch ts translate ret [1788942315222367215, 1788942315222380645]
[08:25:15.222][MXC][I]raw dispatch ts:[111022190537926,111022190538736]
[08:25:15.222][MXC][I]dispatch ts translate ret [1788942315222409534, 1788942315222417634]
[08:25:15.222][MXC][I]raw dispatch ts:[111022190545174,111022190545556]
[08:25:15.222][MXC][I]dispatch ts translate ret [1788942315222482011, 1788942315222485831]
[08:25:15.222][MXC][I]raw dispatch ts:[111022190548466,111022190548803]
[08:25:15.222][MXC][I]dispatch ts translate ret [1788942315222514930, 1788942315222518300]
[08:25:15.222][MXC][I]raw dispatch ts:[111022190549099,111022190549360]
[08:25:15.222][MXC][I]dispatch ts translate ret [1788942315222521260, 1788942315222523870]
[08:25:15.222][MCBLASLT][I]set_workspace is called ! user allocated size: 67108864B = 64.000000MB
[08:25:15.222][MCBLAS][I]mcblasSgemmStridedBatched 0 0 64 16 128 64 128 64 256 8192 2048 1024 1.000000 0.000000
[08:25:15.222][MCBLASLT][I]Kernsel found best solution: Kernel name: mcblas__Mck_sgemm_nn_64x32x64_1m1n4k_256t_fp32_fp32_fp32_sb_0_0, slt:0, swap:1, ksplit:0
[08:25:15.222][MCBLASLT][I]module get function mcblas__Mck_sgemm_nn_64x32x64_1m1n4k_256t_fp32_fp32_fp32_sb_0_0 successed
[08:25:15.222][MCBLASLT][I]mcModuleLaunchKernel successed, ret = 0
[08:25:15.222][MCR][I]mc_memory.cpp            :1671: copy strategy - H2DCpuCopy:0,D2HCpuCopy:0,cpuCopy:0,d2dCrossDevices:0,pageableHToDAsync:0
[08:25:15.222][MCR][I]mc_memory.cpp            :1672: copy strategy - isAsync:0,waitComplete:0
[08:25:15.222][MXC][I]raw dispatch ts:[111022190569353,111022190569695]
[08:25:15.222][MXC][I]dispatch ts translate ret [1788942315222723837, 1788942315222727257]
[08:25:15.222][MXC][I]raw dispatch ts:[111022190551869,111022190552388]
[08:25:15.222][MXC][I]dispatch ts translate ret [1788942315222548977, 1788942315222554168]
[08:25:15.222][MXC][I]raw async_copy ts:[44648365989940,44648366024492]
[08:25:15.222][MXC][I]sdma_ts_.sdma_counter:44647417005607
[08:25:15.222][MXC][I]DNOCfreq:900000000, async_copy ts translate ret [1788942315486362398, 1788942315486400789]
[08:25:15.222][MXC][I]raw dispatch ts:[111022190552670,111022190553006]
[08:25:15.222][MXC][I]dispatch ts translate ret [1788942315222556988, 1788942315222560348]
[08:25:15.222][MXC][I]raw dispatch ts:[111022190553287,111022190553635]
[08:25:15.222][MXC][I]dispatch ts translate ret [1788942315222563159, 1788942315222566639]
[08:25:15.222][MXC][I]raw dispatch ts:[111022190553911,111022190554127]
[08:25:15.222][MXC][I]dispatch ts translate ret [1788942315222569399, 1788942315222571560]
[08:25:15.222][MXC][I]raw dispatch ts:[111022190556372,111022190556611]
[08:25:15.222][MXC][I]dispatch ts translate ret [1788942315222594012, 1788942315222596402]
[08:25:15.222][MXC][I]raw dispatch ts:[111022190556922,111022190557729]
[08:25:15.222][MXC][I]dispatch ts translate ret [1788942315222599513, 1788942315222607584]
[08:25:15.222][MXC][I]raw dispatch ts:[111022190558019,111022190558309]
[08:25:15.222][MXC][I]dispatch ts translate ret [1788942315222610484, 1788942315222613384]
[08:25:15.222][MXC][I]raw dispatch ts:[111022190558589,111022190559060]
[08:25:15.222][MXC][I]dispatch ts translate ret [1788942315222616185, 1788942315222620895]
[08:25:15.222][MCBLASLT][I]set_workspace is called ! user allocated size: 67108864B = 64.000000MB
[08:25:15.222][MCBLAS][I]mcblasSgemmStridedBatched 1 0 128 16 64 64 64 128 256 8192 1024 2048 1.000000 0.000000
[08:25:15.222][MCBLASLT][I]Kernsel found best solution: Kernel name: mcblas__Mck_sgemm_tn_128x32x32_1m1n4k_256t_fp32_fp32_fp32_sb_0_0, slt:0, swap:0, ksplit:0
[08:25:15.222][MXC][I]raw dispatch ts:[111022190592052,111022190592212]
[08:25:15.222][MCBLASLT][I]module get function mcblas__Mck_sgemm_tn_128x32x32_1m1n4k_256t_fp32_fp32_fp32_sb_0_0 successed
[08:25:15.222][MXC][I]dispatch ts translate ret [1788942315222950793, 1788942315222952392]
[08:25:15.222][MXC][I]raw dispatch ts:[111022190561911,111022190562609]
[08:25:15.222][MXC][I]dispatch ts translate ret [1788942315222649418, 1788942315222656398]
[08:25:15.222][MCBLASLT][I]mcModuleLaunchKernel successed, ret = 0
[08:25:15.223][MXC][I]raw async_copy ts:[44648366283641,44648366293519]
[08:25:15.223][MXC][I]sdma_ts_.sdma_counter:44647417005607
[08:25:15.223][MXC][I]DNOCfreq:900000000, async_copy ts translate ret [1788942315486688733, 1788942315486699708]
[08:25:15.223][MXC][I]raw dispatch ts:[111022190562888,111022190563353]
[08:25:15.223][MXC][I]dispatch ts translate ret [1788942315222659188, 1788942315222663838]
[08:25:15.223][MXC][I]raw dispatch ts:[111022190563633,111022190566131]
[08:25:15.223][MXC][I]dispatch ts translate ret [1788942315222666638, 1788942315222691618]
[08:25:15.223][MXC][I]raw dispatch ts:[111022190566406,111022190567946]
[08:25:15.223][MXC][I]dispatch ts translate ret [1788942315222694368, 1788942315222709768]
[08:25:15.223][MXC][I]raw dispatch ts:[111022190568219,111022190568588]
[08:25:15.223][MCR][I]mc_memory.cpp            :1671: copy strategy - H2DCpuCopy:0,D2HCpuCopy:0,cpuCopy:0,d2dCrossDevices:0,pageableHToDAsync:0
[08:25:15.223][MCR][I]mc_memory.cpp            :1672: copy strategy - isAsync:0,waitComplete:0
[08:25:15.223][MXC][I]dispatch ts translate ret [1788942315222712498, 1788942315222716188]
[08:25:15.223][MXC][I]raw dispatch ts:[111022190568861,111022190569084]
[08:25:15.223][MXC][I]dispatch ts translate ret [1788942315222718918, 1788942315222721148]
[08:25:15.223][MXC][I]raw dispatch ts:[111022190577834,111022190578773]
[08:25:15.223][MXC][I]dispatch ts translate ret [1788942315222808635, 1788942315222818024]
[08:25:15.223][MXC][I]raw dispatch ts:[111022190581640,111022190582729]
[08:25:15.223][MXC][I]dispatch ts translate ret [1788942315222846689, 1788942315222857578]
[08:25:15.223][MXC][I]raw dispatch ts:[111022190583012,111022190583612]
[08:25:15.223][MXC][I]dispatch ts translate ret [1788942315222860407, 1788942315222866406]
[08:25:15.223][MXC][I]raw dispatch ts:[111022190583896,111022190586525]
[08:25:15.223][MXC][I]dispatch ts translate ret [1788942315222869246, 1788942315222895531]
[08:25:15.223][MXC][I]raw dispatch ts:[111022190586805,111022190588127]
[08:25:15.223][MXC][I]dispatch ts translate ret [1788942315222898331, 1788942315222911549]
[08:25:15.223][MXC][I]raw dispatch ts:[111022190590990,111022190591765]
[08:25:15.223][MCBLASLT][I]set_workspace is called ! user allocated size: 67108864B = 64.000000MB
[08:25:15.223][MXC][I]dispatch ts translate ret [1788942315222940174, 1788942315222947923]
[08:25:15.223][MCBLAS][I]mcblasSgemmStridedBatched 0 0 64 16 128 64 128 64 256 8192 2048 1024 1.000000 0.000000
[08:25:15.223][MCBLASLT][I]Kernsel found best solution: Kernel name: mcblas__Mck_sgemm_nn_64x32x64_1m1n4k_256t_fp32_fp32_fp32_sb_0_0, slt:0, swap:1, ksplit:0
[08:25:15.223][MCBLASLT][I]module get function mcblas__Mck_sgemm_nn_64x32x64_1m1n4k_256t_fp32_fp32_fp32_sb_0_0 successed
[08:25:15.223][MCBLASLT][I]mcModuleLaunchKernel successed, ret = 0
[08:25:15.223][MXC][I]raw dispatch ts:[111022190600339,111022190600713]
[08:25:15.223][MXC][I]dispatch ts translate ret [1788942315223033648, 1788942315223037388]
[08:25:15.223][MXC][I]raw dispatch ts:[111022190603543,111022190603907]
[08:25:15.223][MXC][I]dispatch ts translate ret [1788942315223065683, 1788942315223069323]
[08:25:15.223][MXC][I]raw dispatch ts:[111022190604182,111022190604446]
[08:25:15.223][MCR][I]mc_memory.cpp            :1671: copy strategy - H2DCpuCopy:0,D2HCpuCopy:0,cpuCopy:0,d2dCrossDevices:0,pageableHToDAsync:0
[08:25:15.223][MXC][I]dispatch ts translate ret [1788942315223072077, 1788942315223074717]
[08:25:15.223][MCR][I]mc_memory.cpp            :1672: copy strategy - isAsync:0,waitComplete:0
[08:25:15.223][MXC][I]raw dispatch ts:[111022190630538,111022190630982]
[08:25:15.223][MXC][I]dispatch ts translate ret [1788942315223335622, 1788942315223340062]
[08:25:15.223][MXC][I]raw dispatch ts:[111022190606933,111022190607422]
[08:25:15.223][MXC][I]dispatch ts translate ret [1788942315223099574, 1788942315223104464]
[08:25:15.223][MXC][I]raw async_copy ts:[44648366724215,44648366758712]
[08:25:15.223][MXC][I]sdma_ts_.sdma_counter:44647417005607
[08:25:15.223][MXC][I]DNOCfreq:900000000, async_copy ts translate ret [1788942315487178259, 1788942315487216589]
[08:25:15.223][MXC][I]raw dispatch ts:[111022190607699,111022190608026]
[08:25:15.223][MXC][I]dispatch ts translate ret [1788942315223107234, 1788942315223110504]
[08:25:15.223][MXC][I]raw dispatch ts:[111022190608302,111022190608648]
[08:25:15.223][MXC][I]dispatch ts translate ret [1788942315223113264, 1788942315223116724]
[08:25:15.223][MXC][I]raw dispatch ts:[111022190608919,111022190609208]
[08:25:15.223][MXC][I]dispatch ts translate ret [1788942315223119434, 1788942315223122324]
[08:25:15.223][MCBLASLT][I]set_workspace is called ! user allocated size: 67108864B = 64.000000MB
[08:25:15.223][MXC][I]raw dispatch ts:[111022190609483,111022190609659]
[08:25:15.223][MXC][I]dispatch ts translate ret [1788942315223125074, 1788942315223126834]
[08:25:15.223][MCBLAS][I]mcblasSgemmStridedBatched 1 0 128 16 64 64 64 128 256 8192 1024 2048 1.000000 0.000000
[08:25:15.223][MCBLASLT][I]Kernsel found best solution: Kernel name: mcblas__Mck_sgemm_tn_128x32x32_1m1n4k_256t_fp32_fp32_fp32_sb_0_0, slt:0, swap:0, ksplit:0
[08:25:15.223][MCBLASLT][I]module get function mcblas__Mck_sgemm_tn_128x32x32_1m1n4k_256t_fp32_fp32_fp32_sb_0_0 successed
[08:25:15.223][MXC][I]raw dispatch ts:[111022190612189,111022190612973]
[08:25:15.223][MCBLASLT][I]mcModuleLaunchKernel successed, ret = 0
[08:25:15.223][MXC][I]dispatch ts translate ret [1788942315223152134, 1788942315223159974]
[08:25:15.223][MXC][I]raw dispatch ts:[111022190613262,111022190613556]
[08:25:15.223][MXC][I]dispatch ts translate ret [1788942315223162864, 1788942315223165804]
[08:25:15.223][MXC][I]raw dispatch ts:[111022190613835,111022190614335]
[08:25:15.223][MXC][I]dispatch ts translate ret [1788942315223168594, 1788942315223173594]
[08:25:15.223][MCR][I]mc_memory.cpp            :1671: copy strategy - H2DCpuCopy:0,D2HCpuCopy:0,cpuCopy:0,d2dCrossDevices:0,pageableHToDAsync:0
[08:25:15.223][MCR][I]mc_memory.cpp            :1672: copy strategy - isAsync:0,waitComplete:0
[08:25:15.223][MCBLASLT][I]set_workspace is called ! user allocated size: 67108864B = 64.000000MB
[08:25:15.223][MCBLAS][I]mcblasSgemmStridedBatched 0 0 64 16 128 64 128 64 256 8192 2048 1024 1.000000 0.000000
[08:25:15.223][MCBLASLT][I]Kernsel found best solution: Kernel name: mcblas__Mck_sgemm_nn_64x32x64_1m1n4k_256t_fp32_fp32_fp32_sb_0_0, slt:0, swap:1, ksplit:0
[08:25:15.223][MCBLASLT][I]module get function mcblas__Mck_sgemm_nn_64x32x64_1m1n4k_256t_fp32_fp32_fp32_sb_0_0 successed
[08:25:15.223][MCBLASLT][I]mcModuleLaunchKernel successed, ret = 0
[08:25:15.223][MXC][I]raw dispatch ts:[111022190657824,111022190658036]
[08:25:15.223][MXC][I]dispatch ts translate ret [1788942315223608514, 1788942315223610634]
[08:25:15.223][MXC][I]raw dispatch ts:[111022190614610,111022190615373]
[08:25:15.223][MXC][I]dispatch ts translate ret [1788942315223176342, 1788942315223183972]
[08:25:15.223][MCR][I]mc_memory.cpp            :1671: copy strategy - H2DCpuCopy:0,D2HCpuCopy:0,cpuCopy:0,d2dCrossDevices:0,pageableHToDAsync:0
[08:25:15.223][MCR][I]mc_memory.cpp            :1672: copy strategy - isAsync:0,waitComplete:0
[08:25:15.223][MXC][I]raw async_copy ts:[44648367049093,44648367058949]
[08:25:15.223][MXC][I]sdma_ts_.sdma_counter:44647417005607
[08:25:15.223][MXC][I]DNOCfreq:900000000, async_copy ts translate ret [1788942315487539235, 1788942315487550186]
[08:25:15.223][MXC][I]raw dispatch ts:[111022190618049,111022190618631]
[08:25:15.223][MXC][I]dispatch ts translate ret [1788942315223210732, 1788942315223216552]
[08:25:15.223][MXC][I]raw dispatch ts:[111022190618921,111022190627363]
[08:25:15.223][MXC][I]dispatch ts translate ret [1788942315223219452, 1788942315223303872]
[08:25:15.223][MXC][I]raw dispatch ts:[111022190627649,111022190629055]
[08:25:15.223][MXC][I]dispatch ts translate ret [1788942315223306732, 1788942315223320792]
[08:25:15.223][MXC][I]raw dispatch ts:[111022190629339,111022190629762]
[08:25:15.223][MXC][I]dispatch ts translate ret [1788942315223323632, 1788942315223327862]
[08:25:15.223][MXC][I]raw dispatch ts:[111022190630040,111022190630281]
[08:25:15.223][MXC][I]dispatch ts translate ret [1788942315223330642, 1788942315223333052]
[08:25:15.223][MXC][I]raw dispatch ts:[111022190638917,111022190639839]
[08:25:15.223][MXC][I]dispatch ts translate ret [1788942315223419420, 1788942315223428642]
[08:25:15.223][MXC][I]raw dispatch ts:[111022190642233,111022190643266]
[08:25:15.223][MXC][I]dispatch ts translate ret [1788942315223452585, 1788942315223462916]
[08:25:15.223][MXC][I]raw dispatch ts:[111022190643546,111022190644157]
[08:25:15.223][MXC][I]dispatch ts translate ret [1788942315223465716, 1788942315223471827]
[08:25:15.223][MXC][I]raw dispatch ts:[111022190644433,111022190652772]
[08:25:15.223][MXC][I]dispatch ts translate ret [1788942315223474587, 1788942315223557987]
[08:25:15.223][MXC][I]raw dispatch ts:[111022190655226,111022190656573]
[08:25:15.223][MXC][I]dispatch ts translate ret [1788942315223582530, 1788942315223596002]
[08:25:15.223][MXC][I]raw dispatch ts:[111022190656854,111022190657551]
[08:25:15.223][MXC][I]dispatch ts translate ret [1788942315223598812, 1788942315223605783]
[08:25:15.223][MXC][I]raw dispatch ts:[111022190664003,111022190664392]
[08:25:15.223][MXC][I]dispatch ts translate ret [1788942315223670310, 1788942315223674201]
[08:25:15.223][MXC][I]raw dispatch ts:[111022190667038,111022190667393]
[08:25:15.223][MXC][I]dispatch ts translate ret [1788942315223700664, 1788942315223704214]
[08:25:15.223][MXC][I]raw dispatch ts:[111022190667680,111022190667929]
[08:25:15.223][MXC][I]dispatch ts translate ret [1788942315223707085, 1788942315223709575]
[08:25:15.223][MCBLASLT][I]set_workspace is called ! user allocated size: 67108864B = 64.000000MB
[08:25:15.223][MCBLAS][I]mcblasSgemmStridedBatched 1 0 128 16 64 64 64 128 256 8192 1024 2048 1.000000 0.000000
[08:25:15.223][MCBLASLT][I]Kernsel found best solution: Kernel name: mcblas__Mck_sgemm_tn_128x32x32_1m1n4k_256t_fp32_fp32_fp32_sb_0_0, slt:0, swap:0, ksplit:0
[08:25:15.223][MCBLASLT][I]module get function mcblas__Mck_sgemm_tn_128x32x32_1m1n4k_256t_fp32_fp32_fp32_sb_0_0 successed
[08:25:15.223][MCBLASLT][I]mcModuleLaunchKernel successed, ret = 0
[08:25:15.223][MCR][I]mc_memory.cpp            :1671: copy strategy - H2DCpuCopy:0,D2HCpuCopy:0,cpuCopy:0,d2dCrossDevices:0,pageableHToDAsync:0
[08:25:15.223][MCR][I]mc_memory.cpp            :1672: copy strategy - isAsync:0,waitComplete:0
[08:25:15.223][MXC][I]raw dispatch ts:[111022190689839,111022190689938]
[08:25:15.223][MXC][I]dispatch ts translate ret [1788942315223928727, 1788942315223929717]
[08:25:15.223][MXC][I]raw dispatch ts:[111022190668220,111022190668695]
[08:25:15.223][MXC][I]dispatch ts translate ret [1788942315223712494, 1788942315223717245]
[08:25:15.223][MCBLASLT][I]set_workspace is called ! user allocated size: 67108864B = 64.000000MB
[08:25:15.223][MCBLAS][I]mcblasSgemmStridedBatched 0 0 64 16 128 64 128 64 256 8192 2048 1024 1.000000 0.000000
[08:25:15.223][MCBLASLT][I]Kernsel found best solution: Kernel name: mcblas__Mck_sgemm_nn_64x32x64_1m1n4k_256t_fp32_fp32_fp32_sb_0_0, slt:0, swap:1, ksplit:0
[08:25:15.223][MCBLASLT][I]module get function mcblas__Mck_sgemm_nn_64x32x64_1m1n4k_256t_fp32_fp32_fp32_sb_0_0 successed
[08:25:15.223][MCBLASLT][I]mcModuleLaunchKernel successed, ret = 0
[08:25:15.223][MXC][I]raw async_copy ts:[44648367431409,44648367466014]
[08:25:15.223][MXC][I]sdma_ts_.sdma_counter:44647417005607
[08:25:15.223][MXC][I]DNOCfreq:900000000, async_copy ts translate ret [1788942315487964030, 1788942315488002480]
[08:25:15.223][MXC][I]raw dispatch ts:[111022190672487,111022190672932]
[08:25:15.223][MXC][I]dispatch ts translate ret [1788942315223755172, 1788942315223759623]
[08:25:15.224][MXC][I]raw dispatch ts:[111022190673211,111022190673568]
[08:25:15.224][MXC][I]dispatch ts translate ret [1788942315223762414, 1788942315223765984]
[08:25:15.224][MCR][I]mc_memory.cpp            :1671: copy strategy - H2DCpuCopy:0,D2HCpuCopy:0,cpuCopy:0,d2dCrossDevices:0,pageableHToDAsync:0
[08:25:15.224][MCR][I]mc_memory.cpp            :1672: copy strategy - isAsync:0,waitComplete:0
[08:25:15.224][MXC][I]raw dispatch ts:[111022190673843,111022190674125]
[08:25:15.224][MXC][I]dispatch ts translate ret [1788942315223768735, 1788942315223771556]
[08:25:15.224][MXC][I]raw dispatch ts:[111022190674396,111022190674582]
[08:25:15.224][MXC][I]dispatch ts translate ret [1788942315223774266, 1788942315223776127]
[08:25:15.224][MXC][I]raw dispatch ts:[111022190674850,111022190675630]
[08:25:15.224][MXC][I]dispatch ts translate ret [1788942315223778807, 1788942315223786609]
[08:25:15.224][MXC][I]raw dispatch ts:[111022190678445,111022190678782]
[08:25:15.224][MXC][I]dispatch ts translate ret [1788942315223814764, 1788942315223818135]
[08:25:15.224][MXC][I]raw dispatch ts:[111022190679079,111022190679610]
[08:25:15.224][MXC][I]dispatch ts translate ret [1788942315223821106, 1788942315223826417]
[08:25:15.224][MXC][I]raw dispatch ts:[111022190712424,111022190712545]
[08:25:15.224][MXC][I]dispatch ts translate ret [1788942315224154606, 1788942315224155816]
[08:25:15.224][MXC][I]raw dispatch ts:[111022190679885,111022190680596]
[08:25:15.224][MXC][I]dispatch ts translate ret [1788942315223829189, 1788942315223836299]
[08:25:15.224][MXC][I]raw async_copy ts:[44648367703689,44648367713540]
[08:25:15.224][MXC][I]sdma_ts_.sdma_counter:44647417005607
[08:25:15.224][MXC][I]DNOCfreq:900000000, async_copy ts translate ret [1788942315488266564, 1788942315488277509]
[08:25:15.224][MXC][I]raw dispatch ts:[111022190680875,111022190681462]
[08:25:15.224][MXC][I]dispatch ts translate ret [1788942315223839089, 1788942315223844959]
[08:25:15.224][MCBLASLT][I]set_workspace is called ! user allocated size: 67108864B = 64.000000MB
[08:25:15.224][MCBLAS][I]mcblasSgemmStridedBatched 1 0 128 16 64 64 64 128 256 8192 1024 2048 1.000000 0.000000
[08:25:15.224][MCBLASLT][I]Kernsel found best solution: Kernel name: mcblas__Mck_sgemm_tn_128x32x32_1m1n4k_256t_fp32_fp32_fp32_sb_0_0, slt:0, swap:0, ksplit:0
[08:25:15.224][MCBLASLT][I]module get function mcblas__Mck_sgemm_tn_128x32x32_1m1n4k_256t_fp32_fp32_fp32_sb_0_0 successed
[08:25:15.224][MXC][I]raw dispatch ts:[111022190681735,111022190684255]
[08:25:15.224][MCBLASLT][I]mcModuleLaunchKernel successed, ret = 0
[08:25:15.224][MXC][I]dispatch ts translate ret [1788942315223847689, 1788942315223872889]
[08:25:15.224][MXC][I]raw dispatch ts:[111022190684536,111022190685765]
[08:25:15.224][MXC][I]dispatch ts translate ret [1788942315223875699, 1788942315223887989]
[08:25:15.224][MXC][I]raw dispatch ts:[111022190686045,111022190686461]
[08:25:15.224][MXC][I]dispatch ts translate ret [1788942315223890789, 1788942315223894949]
[08:25:15.224][MXC][I]raw dispatch ts:[111022190686739,111022190686987]
[08:25:15.224][MXC][I]dispatch ts translate ret [1788942315223897729, 1788942315223900209]
[08:25:15.224][MCR][I]mc_memory.cpp            :1671: copy strategy - H2DCpuCopy:0,D2HCpuCopy:0,cpuCopy:0,d2dCrossDevices:0,pageableHToDAsync:0
[08:25:15.224][MCR][I]mc_memory.cpp            :1672: copy strategy - isAsync:0,waitComplete:0
[08:25:15.224][MXC][I]raw dispatch ts:[111022190698317,111022190699342]
[08:25:15.224][MXC][I]dispatch ts translate ret [1788942315224013518, 1788942315224023769]
[08:25:15.224][MXC][I]raw dispatch ts:[111022190702295,111022190703404]
[08:25:15.224][MXC][I]dispatch ts translate ret [1788942315224053303, 1788942315224064394]
[08:25:15.224][MXC][I]raw dispatch ts:[111022190703683,111022190704218]
[08:25:15.224][MXC][I]dispatch ts translate ret [1788942315224067185, 1788942315224072536]
[08:25:15.224][MXC][I]raw dispatch ts:[111022190704495,111022190707224]
[08:25:15.224][MXC][I]dispatch ts translate ret [1788942315224075306, 1788942315224102599]
[08:25:15.224][MXC][I]raw dispatch ts:[111022190707553,111022190708864]
[08:25:15.224][MXC][I]dispatch ts translate ret [1788942315224105890, 1788942315224119001]
[08:25:15.224][MXC][I]raw dispatch ts:[111022190709157,111022190709781]
[08:25:15.224][MXC][I]dispatch ts translate ret [1788942315224121932, 1788942315224128172]
[08:25:15.224][MXC][I]raw dispatch ts:[111022190718543,111022190718927]
[08:25:15.224][MXC][I]dispatch ts translate ret [1788942315224215802, 1788942315224219643]
[08:25:15.224][MCBLASLT][I]set_workspace is called ! user allocated size: 67108864B = 64.000000MB
[08:25:15.224][MXC][I]raw dispatch ts:[111022190721719,111022190722082]
[08:25:15.224][MXC][I]dispatch ts translate ret [1788942315224247566, 1788942315224251197]
[08:25:15.224][MCBLAS][I]mcblasSgemmStridedBatched 0 0 64 16 128 64 128 64 256 8192 2048 1024 1.000000 0.000000
[08:25:15.224][MXC][I]raw dispatch ts:[111022190722375,111022190722626]
[08:25:15.224][MXC][I]dispatch ts translate ret [1788942315224254127, 1788942315224256637]
[08:25:15.224][MCBLASLT][I]Kernsel found best solution: Kernel name: mcblas__Mck_sgemm_nn_64x32x64_1m1n4k_256t_fp32_fp32_fp32_sb_0_0, slt:0, swap:1, ksplit:0
[08:25:15.224][MCBLASLT][I]module get function mcblas__Mck_sgemm_nn_64x32x64_1m1n4k_256t_fp32_fp32_fp32_sb_0_0 successed
[08:25:15.224][MCBLASLT][I]mcModuleLaunchKernel successed, ret = 0
[08:25:15.224][MCR][I]mc_memory.cpp            :1671: copy strategy - H2DCpuCopy:0,D2HCpuCopy:0,cpuCopy:0,d2dCrossDevices:0,pageableHToDAsync:0
[08:25:15.224][MCR][I]mc_memory.cpp            :1672: copy strategy - isAsync:0,waitComplete:0
[08:25:15.224][MXC][I]raw dispatch ts:[111022190743598,111022190743987]
[08:25:15.224][MXC][I]dispatch ts translate ret [1788942315224466254, 1788942315224470143]
[08:25:15.224][MXC][I]raw dispatch ts:[111022190725465,111022190725988]
[08:25:15.224][MXC][I]dispatch ts translate ret [1788942315224284979, 1788942315224290208]
[08:25:15.224][MXC][I]raw async_copy ts:[44648368079763,44648368114354]
[08:25:15.224][MXC][I]sdma_ts_.sdma_counter:44647417005607
[08:25:15.224][MXC][I]DNOCfreq:900000000, async_copy ts translate ret [1788942315488684424, 1788942315488722858]
[08:25:15.224][MXC][I]raw dispatch ts:[111022190726269,111022190726602]
[08:25:15.224][MXC][I]dispatch ts translate ret [1788942315224293017, 1788942315224296346]
[08:25:15.224][MXC][I]raw dispatch ts:[111022190726885,111022190727260]
[08:25:15.224][MXC][I]dispatch ts translate ret [1788942315224299175, 1788942315224302924]
[08:25:15.224][MXC][I]raw dispatch ts:[111022190727538,111022190727871]
[08:25:15.224][MXC][I]dispatch ts translate ret [1788942315224305703, 1788942315224309032]
[08:25:15.224][MXC][I]raw dispatch ts:[111022190728164,111022190728356]
[08:25:15.224][MXC][I]dispatch ts translate ret [1788942315224311961, 1788942315224313880]
[08:25:15.224][MXC][I]raw dispatch ts:[111022190730750,111022190731537]
[08:25:15.224][MXC][I]dispatch ts translate ret [1788942315224337813, 1788942315224345681]
[08:25:15.224][MXC][I]raw dispatch ts:[111022190731830,111022190732167]
[08:25:15.224][MXC][I]dispatch ts translate ret [1788942315224348610, 1788942315224351979]
[08:25:15.224][MXC][I]raw dispatch ts:[111022190732439,111022190732900]
[08:25:15.224][MXC][I]dispatch ts translate ret [1788942315224354698, 1788942315224359307]
[08:25:15.224][MCBLASLT][I]set_workspace is called ! user allocated size: 67108864B = 64.000000MB
[08:25:15.224][MCBLAS][I]mcblasSgemmStridedBatched 1 0 128 16 64 64 64 128 256 8192 1024 2048 1.000000 0.000000
[08:25:15.224][MCBLASLT][I]Kernsel found best solution: Kernel name: mcblas__Mck_sgemm_tn_128x32x32_1m1n4k_256t_fp32_fp32_fp32_sb_0_0, slt:0, swap:0, ksplit:0
[08:25:15.224][MCBLASLT][I]module get function mcblas__Mck_sgemm_tn_128x32x32_1m1n4k_256t_fp32_fp32_fp32_sb_0_0 successed
[08:25:15.224][MCBLASLT][I]mcModuleLaunchKernel successed, ret = 0
[08:25:15.224][MCR][I]mc_memory.cpp            :1671: copy strategy - H2DCpuCopy:0,D2HCpuCopy:0,cpuCopy:0,d2dCrossDevices:0,pageableHToDAsync:0
[08:25:15.224][MXC][I]raw dispatch ts:[111022190764841,111022190764986]
[08:25:15.224][MCR][I]mc_memory.cpp            :1672: copy strategy - isAsync:0,waitComplete:0
[08:25:15.224][MXC][I]dispatch ts translate ret [1788942315224678661, 1788942315224680111]
[08:25:15.224][MXC][I]raw dispatch ts:[111022190733174,111022190733942]
[08:25:15.224][MXC][I]dispatch ts translate ret [1788942315224362012, 1788942315224369692]
[08:25:15.224][MXC][I]raw async_copy ts:[44648368338968,44648368348814]
[08:25:15.224][MXC][I]sdma_ts_.sdma_counter:44647417005607
[08:25:15.224][MXC][I]DNOCfreq:900000000, async_copy ts translate ret [1788942315488972429, 1788942315488983369]
[08:25:15.224][MXC][I]raw dispatch ts:[111022190734224,111022190734782]
[08:25:15.224][MXC][I]dispatch ts translate ret [1788942315224372512, 1788942315224378092]
[08:25:15.224][MXC][I]raw dispatch ts:[111022190735053,111022190737490]
[08:25:15.224][MXC][I]dispatch ts translate ret [1788942315224380802, 1788942315224405172]
[08:25:15.224][MXC][I]raw dispatch ts:[111022190739977,111022190741930]
[08:25:15.224][MXC][I]dispatch ts translate ret [1788942315224430042, 1788942315224449572]
[08:25:15.224][MXC][I]raw dispatch ts:[111022190742214,111022190742799]
[08:25:15.224][MXC][I]dispatch ts translate ret [1788942315224452412, 1788942315224458262]
[08:25:15.224][MXC][I]raw dispatch ts:[111022190743071,111022190743338]
[08:25:15.224][MXC][I]dispatch ts translate ret [1788942315224460982, 1788942315224463652]
[08:25:15.224][MCBLASLT][I]set_workspace is called ! user allocated size: 67108864B = 64.000000MB
[08:25:15.224][MCBLAS][I]mcblasSgemmStridedBatched 0 0 64 16 128 64 128 64 256 8192 2048 1024 1.000000 0.000000
[08:25:15.224][MXC][I]raw dispatch ts:[111022190751976,111022190753016]
[08:25:15.224][MXC][I]dispatch ts translate ret [1788942315224550024, 1788942315224560423]
[08:25:15.224][MCBLASLT][I]Kernsel found best solution: Kernel name: mcblas__Mck_sgemm_nn_64x32x64_1m1n4k_256t_fp32_fp32_fp32_sb_0_0, slt:0, swap:1, ksplit:0
[08:25:15.224][MCBLASLT][I]module get function mcblas__Mck_sgemm_nn_64x32x64_1m1n4k_256t_fp32_fp32_fp32_sb_0_0 successed
[08:25:15.224][MXC][I]raw dispatch ts:[111022190755362,111022190756453]
[08:25:15.224][MXC][I]dispatch ts translate ret [1788942315224583880, 1788942315224594789]
[08:25:15.224][MCBLASLT][I]mcModuleLaunchKernel successed, ret = 0
[08:25:15.224][MXC][I]raw dispatch ts:[111022190756737,111022190757270]
[08:25:15.224][MXC][I]dispatch ts translate ret [1788942315224597629, 1788942315224602959]
[08:25:15.224][MXC][I]raw dispatch ts:[111022190757552,111022190760043]
[08:25:15.224][MXC][I]dispatch ts translate ret [1788942315224605778, 1788942315224630686]
[08:25:15.224][MXC][I]raw dispatch ts:[111022190760326,111022190761827]
[08:25:15.224][MXC][I]dispatch ts translate ret [1788942315224633515, 1788942315224648524]
[08:25:15.224][MXC][I]raw dispatch ts:[111022190763805,111022190764554]
[08:25:15.224][MXC][I]dispatch ts translate ret [1788942315224668302, 1788942315224675791]
[08:25:15.224][MCR][I]mc_memory.cpp            :1671: copy strategy - H2DCpuCopy:0,D2HCpuCopy:0,cpuCopy:0,d2dCrossDevices:0,pageableHToDAsync:0
[08:25:15.224][MCR][I]mc_memory.cpp            :1672: copy strategy - isAsync:0,waitComplete:0
[08:25:15.224][MXC][I]raw dispatch ts:[111022190771421,111022190771795]
[08:25:15.224][MXC][I]dispatch ts translate ret [1788942315224744453, 1788942315224748193]
[08:25:15.224][MXC][I]raw dispatch ts:[111022190773889,111022190774287]
[08:25:15.224][MXC][I]dispatch ts translate ret [1788942315224769131, 1788942315224773110]
[08:25:15.224][MXC][I]raw dispatch ts:[111022190774567,111022190774740]
[08:25:15.224][MXC][I]dispatch ts translate ret [1788942315224775910, 1788942315224777640]
[08:25:15.224][MXC][I]raw dispatch ts:[111022190793734,111022190794084]
[08:25:15.224][MXC][I]dispatch ts translate ret [1788942315224967604, 1788942315224971104]
[08:25:15.224][MXC][I]raw dispatch ts:[111022190774999,111022190775502]
[08:25:15.224][MXC][I]dispatch ts translate ret [1788942315224780244, 1788942315224785274]
[08:25:15.225][MXC][I]raw async_copy ts:[44648368681756,44648368716285]
[08:25:15.225][MXC][I]sdma_ts_.sdma_counter:44647417005607
[08:25:15.225][MXC][I]DNOCfreq:900000000, async_copy ts translate ret [1788942315489353305, 1788942315489391670]
[08:25:15.225][MXC][I]raw dispatch ts:[111022190777735,111022190778179]
[08:25:15.225][MXC][I]dispatch ts translate ret [1788942315224807606, 1788942315224812046]
[08:25:15.225][MCBLASLT][I]set_workspace is called ! user allocated size: 67108864B = 64.000000MB
[08:25:15.225][MXC][I]raw dispatch ts:[111022190778458,111022190778815]
[08:25:15.225][MXC][I]dispatch ts translate ret [1788942315224814836, 1788942315224818406]
[08:25:15.225][MCBLAS][I]mcblasSgemmStridedBatched 1 0 128 16 64 64 64 128 256 8192 1024 2048 1.000000 0.000000
[08:25:15.225][MCBLASLT][I]Kernsel found best solution: Kernel name: mcblas__Mck_sgemm_tn_128x32x32_1m1n4k_256t_fp32_fp32_fp32_sb_0_0, slt:0, swap:0, ksplit:0
[08:25:15.225][MCBLASLT][I]module get function mcblas__Mck_sgemm_tn_128x32x32_1m1n4k_256t_fp32_fp32_fp32_sb_0_0 successed
[08:25:15.225][MXC][I]raw dispatch ts:[111022190779086,111022190779368]
[08:25:15.225][MXC][I]dispatch ts translate ret [1788942315224821116, 1788942315224823936]
[08:25:15.225][MCBLASLT][I]mcModuleLaunchKernel successed, ret = 0
[08:25:15.225][MXC][I]raw dispatch ts:[111022190779638,111022190779836]
[08:25:15.225][MXC][I]dispatch ts translate ret [1788942315224826637, 1788942315224828617]
[08:25:15.225][MXC][I]raw dispatch ts:[111022190782014,111022190782794]
[08:25:15.225][MXC][I]dispatch ts translate ret [1788942315224850398, 1788942315224858198]
[08:25:15.225][MXC][I]raw dispatch ts:[111022190783079,111022190783381]
[08:25:15.225][MXC][I]dispatch ts translate ret [1788942315224861048, 1788942315224864069]
[08:25:15.225][MXC][I]raw dispatch ts:[111022190783664,111022190784091]
[08:25:15.225][MXC][I]dispatch ts translate ret [1788942315224866899, 1788942315224871169]
[08:25:15.225][MCR][I]mc_memory.cpp            :1671: copy strategy - H2DCpuCopy:0,D2HCpuCopy:0,cpuCopy:0,d2dCrossDevices:0,pageableHToDAsync:0
[08:25:15.225][MCR][I]mc_memory.cpp            :1672: copy strategy - isAsync:0,waitComplete:0
[08:25:15.225][MCBLASLT][I]set_workspace is called ! user allocated size: 67108864B = 64.000000MB
[08:25:15.225][MXC][I]raw dispatch ts:[111022190817249,111022190817448]
[08:25:15.225][MCBLAS][I]mcblasSgemmStridedBatched 0 0 64 16 128 64 128 64 256 8192 2048 1024 1.000000 0.000000
[08:25:15.225][MCBLASLT][I]Kernsel found best solution: Kernel name: mcblas__Mck_sgemm_nn_64x32x64_1m1n4k_256t_fp32_fp32_fp32_sb_0_0, slt:0, swap:1, ksplit:0
[08:25:15.225][MCBLASLT][I]module get function mcblas__Mck_sgemm_nn_64x32x64_1m1n4k_256t_fp32_fp32_fp32_sb_0_0 successed
[08:25:15.225][MXC][I]dispatch ts translate ret [1788942315225202709, 1788942315225204699]
[08:25:15.225][MXC][I]raw dispatch ts:[111022190784369,111022190785048]
[08:25:15.225][MCBLASLT][I]mcModuleLaunchKernel successed, ret = 0
[08:25:15.225][MXC][I]dispatch ts translate ret [1788942315224873955, 1788942315224880745]
[08:25:15.225][MXC][I]raw async_copy ts:[44648368983612,44648368993350]
[08:25:15.225][MXC][I]sdma_ts_.sdma_counter:44647417005607
[08:25:15.225][MXC][I]DNOCfreq:900000000, async_copy ts translate ret [1788942315489688700, 1788942315489699520]
[08:25:15.225][MXC][I]raw dispatch ts:[111022190785333,111022190785835]
[08:25:15.225][MCR][I]mc_memory.cpp            :1671: copy strategy - H2DCpuCopy:0,D2HCpuCopy:0,cpuCopy:0,d2dCrossDevices:0,pageableHToDAsync:0
[08:25:15.225][MCR][I]mc_memory.cpp            :1672: copy strategy - isAsync:0,waitComplete:0
[08:25:15.225][MXC][I]dispatch ts translate ret [1788942315224883595, 1788942315224888615]
[08:25:15.225][MXC][I]raw dispatch ts:[111022190786118,111022190788556]
[08:25:15.225][MXC][I]dispatch ts translate ret [1788942315224891445, 1788942315224915825]
[08:25:15.225][MXC][I]raw dispatch ts:[111022190790940,111022190792323]
[08:25:15.225][MXC][I]dispatch ts translate ret [1788942315224939665, 1788942315224953495]
[08:25:15.225][MXC][I]raw dispatch ts:[111022190792606,111022190792981]
[08:25:15.225][MXC][I]dispatch ts translate ret [1788942315224956325, 1788942315224960075]
[08:25:15.225][MXC][I]raw dispatch ts:[111022190793252,111022190793470]
[08:25:15.225][MXC][I]dispatch ts translate ret [1788942315224962785, 1788942315224964965]
[08:25:15.225][MXC][I]raw dispatch ts:[111022190802412,111022190803623]
[08:25:15.225][MXC][I]dispatch ts translate ret [1788942315225054369, 1788942315225066476]
[08:25:15.225][MXC][I]raw dispatch ts:[111022190806563,111022190807642]
[08:25:15.225][MXC][I]dispatch ts translate ret [1788942315225095871, 1788942315225106658]
[08:25:15.225][MXC][I]raw dispatch ts:[111022190807923,111022190808535]
[08:25:15.225][MXC][I]dispatch ts translate ret [1788942315225109468, 1788942315225115587]
[08:25:15.225][MXC][I]raw dispatch ts:[111022190808812,111022190811537]
[08:25:15.225][MXC][I]dispatch ts translate ret [1788942315225118356, 1788942315225145601]
[08:25:15.225][MXC][I]raw dispatch ts:[111022190814481,111022190815854]
[08:25:15.225][MXC][I]dispatch ts translate ret [1788942315225175035, 1788942315225188762]
[08:25:15.225][MXC][I]raw dispatch ts:[111022190816142,111022190816979]
[08:25:15.225][MXC][I]dispatch ts translate ret [1788942315225191641, 1788942315225200010]
[08:25:15.225][MXC][I]raw dispatch ts:[111022190826300,111022190826671]
[08:25:15.225][MXC][I]dispatch ts translate ret [1788942315225293200, 1788942315225296909]
[08:25:15.225][MXC][I]raw dispatch ts:[111022190829437,111022190829791]
[08:25:15.225][MXC][I]dispatch ts translate ret [1788942315225324605, 1788942315225328145]
[08:25:15.225][MXC][I]raw dispatch ts:[111022190830077,111022190830336]
[08:25:15.225][MXC][I]dispatch ts translate ret [1788942315225331006, 1788942315225333596]
[08:25:15.225][MCBLASLT][I]set_workspace is called ! user allocated size: 67108864B = 64.000000MB
[08:25:15.225][MCBLAS][I]mcblasSgemmStridedBatched 1 0 128 16 64 64 64 128 256 8192 1024 2048 1.000000 0.000000
[08:25:15.225][MCBLASLT][I]Kernsel found best solution: Kernel name: mcblas__Mck_sgemm_tn_128x32x32_1m1n4k_256t_fp32_fp32_fp32_sb_0_0, slt:0, swap:0, ksplit:0
[08:25:15.225][MCBLASLT][I]module get function mcblas__Mck_sgemm_tn_128x32x32_1m1n4k_256t_fp32_fp32_fp32_sb_0_0 successed
[08:25:15.225][MCBLASLT][I]mcModuleLaunchKernel successed, ret = 0
[08:25:15.225][MCR][I]mc_memory.cpp            :1671: copy strategy - H2DCpuCopy:0,D2HCpuCopy:0,cpuCopy:0,d2dCrossDevices:0,pageableHToDAsync:0
[08:25:15.225][MCR][I]mc_memory.cpp            :1672: copy strategy - isAsync:0,waitComplete:0
[08:25:15.225][MXC][I]raw dispatch ts:[111022190857440,111022190857540]
[08:25:15.225][MXC][I]dispatch ts translate ret [1788942315225604765, 1788942315225605766]
[08:25:15.225][MXC][I]raw dispatch ts:[111022190830616,111022190831199]
[08:25:15.225][MXC][I]dispatch ts translate ret [1788942315225336409, 1788942315225342239]
[08:25:15.225][MCBLASLT][I]set_workspace is called ! user allocated size: 67108864B = 64.000000MB
[08:25:15.225][MCBLAS][I]mcblasSgemmStridedBatched 0 0 64 16 128 64 128 64 256 8192 2048 1024 1.000000 0.000000
[08:25:15.225][MCBLASLT][I]Kernsel found best solution: Kernel name: mcblas__Mck_sgemm_nn_64x32x64_1m1n4k_256t_fp32_fp32_fp32_sb_0_0, slt:0, swap:1, ksplit:0
[08:25:15.225][MCBLASLT][I]module get function mcblas__Mck_sgemm_nn_64x32x64_1m1n4k_256t_fp32_fp32_fp32_sb_0_0 successed
[08:25:15.225][MCBLASLT][I]mcModuleLaunchKernel successed, ret = 0
[08:25:15.225][MXC][I]raw async_copy ts:[44648369443299,44648369477782]
[08:25:15.225][MXC][I]sdma_ts_.sdma_counter:44647417005607
[08:25:15.225][MCR][I]mc_memory.cpp            :1671: copy strategy - H2DCpuCopy:0,D2HCpuCopy:0,cpuCopy:0,d2dCrossDevices:0,pageableHToDAsync:0
[08:25:15.225][MCR][I]mc_memory.cpp            :1672: copy strategy - isAsync:0,waitComplete:0
[08:25:15.225][MXC][I]DNOCfreq:900000000, async_copy ts translate ret [1788942315490199464, 1788942315490237778]
[08:25:15.225][MXC][I]raw dispatch ts:[111022190833724,111022190834158]
[08:25:15.225][MXC][I]dispatch ts translate ret [1788942315225367489, 1788942315225371829]
[08:25:15.225][MXC][I]raw dispatch ts:[111022190834433,111022190834994]
[08:25:15.225][MXC][I]dispatch ts translate ret [1788942315225374579, 1788942315225380189]
[08:25:15.225][MXC][I]raw dispatch ts:[111022190835266,111022190835553]
[08:25:15.225][MXC][I]dispatch ts translate ret [1788942315225382909, 1788942315225385779]
[08:25:15.225][MXC][I]raw dispatch ts:[111022190835826,111022190836013]
[08:25:15.225][MXC][I]dispatch ts translate ret [1788942315225388509, 1788942315225390379]
[08:25:15.225][MXC][I]raw dispatch ts:[111022190836278,111022190837054]
[08:25:15.225][MXC][I]dispatch ts translate ret [1788942315225393029, 1788942315225400789]
[08:25:15.225][MXC][I]raw dispatch ts:[111022190839740,111022190840083]
[08:25:15.225][MXC][I]dispatch ts translate ret [1788942315225427656, 1788942315225431088]
[08:25:15.225][MXC][I]raw dispatch ts:[111022190840378,111022190840931]
[08:25:15.225][MXC][I]dispatch ts translate ret [1788942315225434040, 1788942315225439573]
[08:25:15.225][MCBLASLT][I]set_workspace is called ! user allocated size: 67108864B = 64.000000MB
[08:25:15.225][MCBLAS][I]mcblasSgemmStridedBatched 1 0 128 16 64 64 64 128 256 8192 1024 2048 1.000000 0.000000
[08:25:15.225][MCBLASLT][I]Kernsel found best solution: Kernel name: mcblas__Mck_sgemm_tn_128x32x32_1m1n4k_256t_fp32_fp32_fp32_sb_0_0, slt:0, swap:0, ksplit:0
[08:25:15.225][MCBLASLT][I]module get function mcblas__Mck_sgemm_tn_128x32x32_1m1n4k_256t_fp32_fp32_fp32_sb_0_0 successed
[08:25:15.225][MCBLASLT][I]mcModuleLaunchKernel successed, ret = 0
[08:25:15.225][MXC][I]raw dispatch ts:[111022190887202,111022190887356]
[08:25:15.225][MXC][I]dispatch ts translate ret [1788942315225902309, 1788942315225903848]
[08:25:15.225][MXC][I]raw dispatch ts:[111022190841212,111022190841886]
[08:25:15.225][MXC][I]dispatch ts translate ret [1788942315225442490, 1788942315225449230]
[08:25:15.225][MCR][I]mc_memory.cpp            :1671: copy strategy - H2DCpuCopy:0,D2HCpuCopy:0,cpuCopy:0,d2dCrossDevices:0,pageableHToDAsync:0
[08:25:15.225][MCR][I]mc_memory.cpp            :1672: copy strategy - isAsync:0,waitComplete:0
[08:25:15.225][MXC][I]raw async_copy ts:[44648369798871,44648369808595]
[08:25:15.225][MXC][I]sdma_ts_.sdma_counter:44647417005607
[08:25:15.225][MXC][I]DNOCfreq:900000000, async_copy ts translate ret [1788942315490594544, 1788942315490605348]
[08:25:15.225][MXC][I]raw dispatch ts:[111022190842161,111022190842680]
[08:25:15.225][MXC][I]dispatch ts translate ret [1788942315225451980, 1788942315225457170]
[08:25:15.225][MXC][I]raw dispatch ts:[111022190842962,111022190851528]
[08:25:15.225][MXC][I]dispatch ts translate ret [1788942315225459990, 1788942315225545650]
[08:25:15.225][MXC][I]raw dispatch ts:[111022190851806,111022190853202]
[08:25:15.225][MXC][I]dispatch ts translate ret [1788942315225548430, 1788942315225562390]
[08:25:15.225][MXC][I]raw dispatch ts:[111022190853482,111022190854119]
[08:25:15.225][MXC][I]dispatch ts translate ret [1788942315225565190, 1788942315225571560]
[08:25:15.225][MXC][I]raw dispatch ts:[111022190854398,111022190854637]
[08:25:15.225][MXC][I]dispatch ts translate ret [1788942315225574350, 1788942315225576740]
[08:25:15.225][MCBLASLT][I]set_workspace is called ! user allocated size: 67108864B = 64.000000MB
[08:25:15.225][MCBLAS][I]mcblasSgemmStridedBatched 0 0 64 16 128 64 128 64 256 8192 2048 1024 1.000000 0.000000
[08:25:15.225][MCBLASLT][I]Kernsel found best solution: Kernel name: mcblas__Mck_sgemm_nn_64x32x64_1m1n4k_256t_fp32_fp32_fp32_sb_0_0, slt:0, swap:1, ksplit:0
[08:25:15.225][MCBLASLT][I]module get function mcblas__Mck_sgemm_nn_64x32x64_1m1n4k_256t_fp32_fp32_fp32_sb_0_0 successed
[08:25:15.225][MXC][I]raw dispatch ts:[111022190866555,111022190867602]
[08:25:15.226][MXC][I]dispatch ts translate ret [1788942315225695896, 1788942315225706363]
[08:25:15.226][MCBLASLT][I]mcModuleLaunchKernel successed, ret = 0
[08:25:15.226][MXC][I]raw dispatch ts:[111022190870839,111022190872179]
[08:25:15.226][MXC][I]dispatch ts translate ret [1788942315225738724, 1788942315225752120]
[08:25:15.226][MXC][I]raw dispatch ts:[111022190872459,111022190873037]
[08:25:15.226][MXC][I]dispatch ts translate ret [1788942315225754920, 1788942315225760698]
[08:25:15.226][MXC][I]raw dispatch ts:[111022190873314,111022190881787]
[08:25:15.226][MCR][I]mc_memory.cpp            :1671: copy strategy - H2DCpuCopy:0,D2HCpuCopy:0,cpuCopy:0,d2dCrossDevices:0,pageableHToDAsync:0
[08:25:15.226][MCR][I]mc_memory.cpp            :1672: copy strategy - isAsync:0,waitComplete:0
[08:25:15.226][MXC][I]dispatch ts translate ret [1788942315225763467, 1788942315225848174]
[08:25:15.226][MXC][I]raw dispatch ts:[111022190882063,111022190883335]
[08:25:15.226][MXC][I]dispatch ts translate ret [1788942315225850933, 1788942315225863649]
[08:25:15.226][MXC][I]raw dispatch ts:[111022190886246,111022190886924]
[08:25:15.226][MXC][I]dispatch ts translate ret [1788942315225892751, 1788942315225899529]
[08:25:15.226][MXC][I]raw dispatch ts:[111022190893206,111022190893841]
[08:25:15.226][MXC][I]dispatch ts translate ret [1788942315225962331, 1788942315225968679]
[08:25:15.226][MXC][I]raw dispatch ts:[111022190896721,111022190897075]
[08:25:15.226][MXC][I]dispatch ts translate ret [1788942315225997471, 1788942315226001010]
[08:25:15.226][MXC][I]raw dispatch ts:[111022190897357,111022190897608]
[08:25:15.226][MXC][I]dispatch ts translate ret [1788942315226003829, 1788942315226006339]
[08:25:15.226][MXC][I]raw dispatch ts:[111022190915608,111022190915988]
[08:25:15.226][MXC][I]dispatch ts translate ret [1788942315226186366, 1788942315226190166]
[08:25:15.226][MXC][I]raw dispatch ts:[111022190897884,111022190898381]
[08:25:15.226][MXC][I]dispatch ts translate ret [1788942315226009126, 1788942315226014096]
[08:25:15.226][MCBLASLT][I]set_workspace is called ! user allocated size: 67108864B = 64.000000MB
[08:25:15.226][MCBLAS][I]mcblasSgemmStridedBatched 1 0 128 16 64 64 64 128 256 8192 1024 2048 1.000000 0.000000
[08:25:15.226][MCBLASLT][I]Kernsel found best solution: Kernel name: mcblas__Mck_sgemm_tn_128x32x32_1m1n4k_256t_fp32_fp32_fp32_sb_0_0, slt:0, swap:0, ksplit:0
[08:25:15.226][MCBLASLT][I]module get function mcblas__Mck_sgemm_tn_128x32x32_1m1n4k_256t_fp32_fp32_fp32_sb_0_0 successed
[08:25:15.226][MCBLASLT][I]mcModuleLaunchKernel successed, ret = 0
[08:25:15.226][MXC][I]raw async_copy ts:[44648370155443,44648370190010]
[08:25:15.226][MXC][I]sdma_ts_.sdma_counter:44647417005607
[08:25:15.226][MXC][I]DNOCfreq:900000000, async_copy ts translate ret [1788942315490990735, 1788942315491029142]
[08:25:15.226][MXC][I]raw dispatch ts:[111022190898657,111022190898991]
[08:25:15.226][MXC][I]dispatch ts translate ret [1788942315226016856, 1788942315226020196]
[08:25:15.226][MXC][I]raw dispatch ts:[111022190901510,111022190901990]
[08:25:15.226][MXC][I]dispatch ts translate ret [1788942315226045386, 1788942315226050186]
[08:25:15.226][MXC][I]raw dispatch ts:[111022190902278,111022190902569]
[08:25:15.226][MXC][I]dispatch ts translate ret [1788942315226053066, 1788942315226055976]
[08:25:15.226][MXC][I]raw dispatch ts:[111022190902864,111022190903082]
[08:25:15.226][MXC][I]dispatch ts translate ret [1788942315226058926, 1788942315226061106]
[08:25:15.226][MCR][I]mc_memory.cpp            :1671: copy strategy - H2DCpuCopy:0,D2HCpuCopy:0,cpuCopy:0,d2dCrossDevices:0,pageableHToDAsync:0
[08:25:15.226][MCR][I]mc_memory.cpp            :1672: copy strategy - isAsync:0,waitComplete:0
[08:25:15.226][MXC][I]raw dispatch ts:[111022190903343,111022190904126]
[08:25:15.226][MXC][I]dispatch ts translate ret [1788942315226063716, 1788942315226071546]
[08:25:15.226][MXC][I]raw dispatch ts:[111022190904402,111022190904645]
[08:25:15.226][MXC][I]dispatch ts translate ret [1788942315226074306, 1788942315226076736]
[08:25:15.226][MXC][I]raw dispatch ts:[111022190907456,111022190907965]
[08:25:15.226][MXC][I]dispatch ts translate ret [1788942315226104846, 1788942315226109936]
[08:25:15.226][MCBLASLT][I]set_workspace is called ! user allocated size: 67108864B = 64.000000MB
[08:25:15.226][MCBLAS][I]mcblasSgemmStridedBatched 0 0 64 16 128 64 128 64 256 8192 2048 1024 1.000000 0.000000
[08:25:15.226][MCBLASLT][I]Kernsel found best solution: Kernel name: mcblas__Mck_sgemm_nn_64x32x64_1m1n4k_256t_fp32_fp32_fp32_sb_0_0, slt:0, swap:1, ksplit:0
[08:25:15.226][MCBLASLT][I]module get function mcblas__Mck_sgemm_nn_64x32x64_1m1n4k_256t_fp32_fp32_fp32_sb_0_0 successed
[08:25:15.226][MCBLASLT][I]mcModuleLaunchKernel successed, ret = 0
[08:25:15.226][MCR][I]mc_memory.cpp            :1671: copy strategy - H2DCpuCopy:0,D2HCpuCopy:0,cpuCopy:0,d2dCrossDevices:0,pageableHToDAsync:0
[08:25:15.226][MCR][I]mc_memory.cpp            :1672: copy strategy - isAsync:0,waitComplete:0
[08:25:15.226][MXC][I]raw dispatch ts:[111022190939026,111022190939170]
[08:25:15.226][MXC][I]dispatch ts translate ret [1788942315226420521, 1788942315226421961]
[08:25:15.226][MXC][I]raw dispatch ts:[111022190908244,111022190908950]
[08:25:15.226][MXC][I]dispatch ts translate ret [1788942315226112727, 1788942315226119787]
[08:25:15.226][MXC][I]raw async_copy ts:[44648370421712,44648370431374]
[08:25:15.226][MXC][I]sdma_ts_.sdma_counter:44647417005607
[08:25:15.226][MXC][I]DNOCfreq:900000000, async_copy ts translate ret [1788942315491286589, 1788942315491297324]
[08:25:15.226][MXC][I]raw dispatch ts:[111022190909222,111022190909675]
[08:25:15.226][MXC][I]dispatch ts translate ret [1788942315226122507, 1788942315226127037]
[08:25:15.226][MXC][I]raw dispatch ts:[111022190909948,111022190912411]
[08:25:15.226][MXC][I]dispatch ts translate ret [1788942315226129767, 1788942315226154397]
[08:25:15.226][MXC][I]raw dispatch ts:[111022190912685,111022190914209]
[08:25:15.226][MXC][I]dispatch ts translate ret [1788942315226157137, 1788942315226172377]
[08:25:15.226][MXC][I]raw dispatch ts:[111022190914484,111022190914854]
[08:25:15.226][MXC][I]dispatch ts translate ret [1788942315226175127, 1788942315226178827]
[08:25:15.226][MXC][I]raw dispatch ts:[111022190915128,111022190915347]
[08:25:15.226][MXC][I]dispatch ts translate ret [1788942315226181567, 1788942315226183757]
[08:25:15.226][MXC][I]raw dispatch ts:[111022190924765,111022190925720]
[08:25:15.226][MXC][I]dispatch ts translate ret [1788942315226277927, 1788942315226287476]
[08:25:15.226][MXC][I]raw dispatch ts:[111022190928664,111022190929677]
[08:25:15.226][MXC][I]dispatch ts translate ret [1788942315226316913, 1788942315226327042]
[08:25:15.226][MXC][I]raw dispatch ts:[111022190929961,111022190930498]
[08:25:15.226][MXC][I]dispatch ts translate ret [1788942315226329881, 1788942315226335251]
[08:25:15.226][MXC][I]raw dispatch ts:[111022190930785,111022190933632]
[08:25:15.226][MXC][I]dispatch ts translate ret [1788942315226338120, 1788942315226366587]
[08:25:15.226][MXC][I]raw dispatch ts:[111022190933922,111022190935262]
[08:25:15.226][MXC][I]dispatch ts translate ret [1788942315226369487, 1788942315226382885]
[08:25:15.226][MXC][I]raw dispatch ts:[111022190937990,111022190938750]
[08:25:15.226][MXC][I]dispatch ts translate ret [1788942315226410162, 1788942315226417762]
[08:25:15.226][MXC][I]raw dispatch ts:[111022190945028,111022190945390]
[08:25:15.226][MXC][I]dispatch ts translate ret [1788942315226480533, 1788942315226484153]
[08:25:15.226][MXC][I]raw dispatch ts:[111022190948313,111022190948650]
[08:25:15.226][MXC][I]dispatch ts translate ret [1788942315226513380, 1788942315226516749]
[08:25:15.226][MXC][I]raw dispatch ts:[111022190948944,111022190949217]
[08:25:15.226][MXC][I]dispatch ts translate ret [1788942315226519689, 1788942315226522419]
[08:25:15.226][MCBLASLT][I]set_workspace is called ! user allocated size: 67108864B = 64.000000MB
[08:25:15.226][MCBLAS][I]mcblasSgemmStridedBatched 1 0 128 16 64 64 64 128 256 8192 1024 2048 1.000000 0.000000
[08:25:15.226][MCBLASLT][I]Kernsel found best solution: Kernel name: mcblas__Mck_sgemm_tn_128x32x32_1m1n4k_256t_fp32_fp32_fp32_sb_0_0, slt:0, swap:0, ksplit:0
[08:25:15.226][MCBLASLT][I]module get function mcblas__Mck_sgemm_tn_128x32x32_1m1n4k_256t_fp32_fp32_fp32_sb_0_0 successed
[08:25:15.226][MCBLASLT][I]mcModuleLaunchKernel successed, ret = 0
[08:25:15.226][MCR][I]mc_memory.cpp            :1671: copy strategy - H2DCpuCopy:0,D2HCpuCopy:0,cpuCopy:0,d2dCrossDevices:0,pageableHToDAsync:0
[08:25:15.226][MCR][I]mc_memory.cpp            :1672: copy strategy - isAsync:0,waitComplete:0
[08:25:15.226][MXC][I]raw dispatch ts:[111022190967346,111022190967740]
[08:25:15.226][MXC][I]dispatch ts translate ret [1788942315226703728, 1788942315226707668]
[08:25:15.226][MXC][I]raw dispatch ts:[111022190949492,111022190949989]
[08:25:15.226][MXC][I]dispatch ts translate ret [1788942315226525183, 1788942315226530153]
[08:25:15.226][MCBLASLT][I]set_workspace is called ! user allocated size: 67108864B = 64.000000MB
[08:25:15.226][MCBLAS][I]mcblasSgemmStridedBatched 0 0 64 16 128 64 128 64 256 8192 2048 1024 1.000000 0.000000
[08:25:15.226][MCBLASLT][I]Kernsel found best solution: Kernel name: mcblas__Mck_sgemm_nn_64x32x64_1m1n4k_256t_fp32_fp32_fp32_sb_0_0, slt:0, swap:1, ksplit:0
[08:25:15.226][MCBLASLT][I]module get function mcblas__Mck_sgemm_nn_64x32x64_1m1n4k_256t_fp32_fp32_fp32_sb_0_0 successed
[08:25:15.226][MCBLASLT][I]mcModuleLaunchKernel successed, ret = 0
[08:25:15.226][MXC][I]raw async_copy ts:[44648370769316,44648370804011]
[08:25:15.226][MXC][I]sdma_ts_.sdma_counter:44647417005607
[08:25:15.226][MXC][I]DNOCfreq:900000000, async_copy ts translate ret [1788942315491672816, 1788942315491711366]
[08:25:15.226][MCR][I]mc_memory.cpp            :1671: copy strategy - H2DCpuCopy:0,D2HCpuCopy:0,cpuCopy:0,d2dCrossDevices:0,pageableHToDAsync:0
[08:25:15.226][MXC][I]raw dispatch ts:[111022190952761,111022190953223]
[08:25:15.226][MXC][I]dispatch ts translate ret [1788942315226557874, 1788942315226562494]
[08:25:15.226][MCR][I]mc_memory.cpp            :1672: copy strategy - isAsync:0,waitComplete:0
[08:25:15.226][MXC][I]raw dispatch ts:[111022190953497,111022190953925]
[08:25:15.226][MXC][I]dispatch ts translate ret [1788942315226565234, 1788942315226569514]
[08:25:15.226][MXC][I]raw dispatch ts:[111022190954199,111022190954508]
[08:25:15.226][MXC][I]dispatch ts translate ret [1788942315226572255, 1788942315226575345]
[08:25:15.226][MXC][I]raw dispatch ts:[111022190954787,111022190954972]
[08:25:15.226][MXC][I]dispatch ts translate ret [1788942315226578135, 1788942315226579985]
[08:25:15.226][MXC][I]raw dispatch ts:[111022190955245,111022190956051]
[08:25:15.226][MXC][I]dispatch ts translate ret [1788942315226582715, 1788942315226590775]
[08:25:15.226][MXC][I]raw dispatch ts:[111022190956329,111022190956560]
[08:25:15.226][MXC][I]dispatch ts translate ret [1788942315226593555, 1788942315226595865]
[08:25:15.226][MXC][I]raw dispatch ts:[111022190959126,111022190959656]
[08:25:15.226][MXC][I]dispatch ts translate ret [1788942315226621526, 1788942315226626826]
[08:25:15.226][MXC][I]raw dispatch ts:[111022190992688,111022190992923]
[08:25:15.226][MXC][I]dispatch ts translate ret [1788942315226957153, 1788942315226959503]
[08:25:15.226][MXC][I]raw dispatch ts:[111022190959945,111022190960595]
[08:25:15.226][MXC][I]dispatch ts translate ret [1788942315226629719, 1788942315226636219]
[08:25:15.226][MCBLASLT][I]set_workspace is called ! user allocated size: 67108864B = 64.000000MB
[08:25:15.226][MXC][I]raw async_copy ts:[44648371064781,44648371074511]
[08:25:15.226][MXC][I]sdma_ts_.sdma_counter:44647417005607
[08:25:15.226][MXC][I]DNOCfreq:900000000, async_copy ts translate ret [1788942315492001110, 1788942315492011921]
[08:25:15.226][MXC][I]raw dispatch ts:[111022190960878,111022190961509]
[08:25:15.227][MXC][I]dispatch ts translate ret [1788942315226639049, 1788942315226645359]
[08:25:15.226][MCBLAS][I]mcblasSgemmStridedBatched 1 0 128 16 64 64 64 128 256 8192 1024 2048 1.000000 0.000000
[08:25:15.227][MCBLASLT][I]Kernsel found best solution: Kernel name: mcblas__Mck_sgemm_tn_128x32x32_1m1n4k_256t_fp32_fp32_fp32_sb_0_0, slt:0, swap:0, ksplit:0
[08:25:15.227][MCBLASLT][I]module get function mcblas__Mck_sgemm_tn_128x32x32_1m1n4k_256t_fp32_fp32_fp32_sb_0_0 successed
[08:25:15.227][MXC][I]raw dispatch ts:[111022190961793,111022190964326]
[08:25:15.227][MCBLASLT][I]mcModuleLaunchKernel successed, ret = 0
[08:25:15.227][MXC][I]dispatch ts translate ret [1788942315226648199, 1788942315226673529]
[08:25:15.227][MXC][I]raw dispatch ts:[111022190964599,111022190965850]
[08:25:15.227][MXC][I]dispatch ts translate ret [1788942315226676259, 1788942315226688769]
[08:25:15.227][MXC][I]raw dispatch ts:[111022190966127,111022190966534]
[08:25:15.227][MXC][I]dispatch ts translate ret [1788942315226691539, 1788942315226695609]
[08:25:15.227][MXC][I]raw dispatch ts:[111022190966810,111022190967082]
[08:25:15.227][MXC][I]dispatch ts translate ret [1788942315226698369, 1788942315226701089]
[08:25:15.227][MCR][I]mc_memory.cpp            :1671: copy strategy - H2DCpuCopy:0,D2HCpuCopy:0,cpuCopy:0,d2dCrossDevices:0,pageableHToDAsync:0
[08:25:15.227][MCR][I]mc_memory.cpp            :1672: copy strategy - isAsync:0,waitComplete:0
[08:25:15.227][MXC][I]raw dispatch ts:[111022190976825,111022190977855]
[08:25:15.227][MXC][I]dispatch ts translate ret [1788942315226798520, 1788942315226808820]
[08:25:15.227][MXC][I]raw dispatch ts:[111022190980539,111022190982894]
[08:25:15.227][MXC][I]dispatch ts translate ret [1788942315226835661, 1788942315226859211]
[08:25:15.227][MXC][I]raw dispatch ts:[111022190983175,111022190983931]
[08:25:15.227][MXC][I]dispatch ts translate ret [1788942315226862021, 1788942315226869582]
[08:25:15.227][MXC][I]raw dispatch ts:[111022190984207,111022190987049]
[08:25:15.227][MXC][I]dispatch ts translate ret [1788942315226872342, 1788942315226900762]
[08:25:15.227][MXC][I]raw dispatch ts:[111022190990063,111022190991448]
[08:25:15.227][MXC][I]dispatch ts translate ret [1788942315226930903, 1788942315226944753]
[08:25:15.227][MXC][I]raw dispatch ts:[111022190991734,111022190992416]
[08:25:15.227][MXC][I]dispatch ts translate ret [1788942315226947613, 1788942315226954433]
[08:25:15.227][MXC][I]raw dispatch ts:[111022190998795,111022190999165]
[08:25:15.227][MXC][I]dispatch ts translate ret [1788942315227018224, 1788942315227021924]
[08:25:15.227][MXC][I]raw dispatch ts:[111022191002051,111022191002383]
[08:25:15.227][MCBLASLT][I]set_workspace is called ! user allocated size: 67108864B = 64.000000MB
[08:25:15.227][MXC][I]dispatch ts translate ret [1788942315227050784, 1788942315227054104]
[08:25:15.227][MCBLAS][I]mcblasSgemmStridedBatched 0 0 64 16 128 64 128 64 256 8192 2048 1024 1.000000 0.000000
[08:25:15.227][MCBLASLT][I]Kernsel found best solution: Kernel name: mcblas__Mck_sgemm_nn_64x32x64_1m1n4k_256t_fp32_fp32_fp32_sb_0_0, slt:0, swap:1, ksplit:0
[08:25:15.227][MCBLASLT][I]module get function mcblas__Mck_sgemm_nn_64x32x64_1m1n4k_256t_fp32_fp32_fp32_sb_0_0 successed
[08:25:15.227][MXC][I]raw dispatch ts:[111022191005201,111022191005427]
[08:25:15.227][MXC][I]dispatch ts translate ret [1788942315227082374, 1788942315227084635]
[08:25:15.227][MCBLASLT][I]mcModuleLaunchKernel successed, ret = 0
[08:25:15.227][MCR][I]mc_memory.cpp            :1671: copy strategy - H2DCpuCopy:0,D2HCpuCopy:0,cpuCopy:0,d2dCrossDevices:0,pageableHToDAsync:0
[08:25:15.227][MCR][I]mc_memory.cpp            :1672: copy strategy - isAsync:0,waitComplete:0
[08:25:15.227][MXC][I]raw dispatch ts:[111022191022594,111022191022991]
[08:25:15.227][MXC][I]dispatch ts translate ret [1788942315227256436, 1788942315227260409]
[08:25:15.227][MXC][I]raw dispatch ts:[111022191005722,111022191006210]
[08:25:15.227][MXC][I]dispatch ts translate ret [1788942315227087588, 1788942315227092471]
[08:25:15.227][MXC][I]raw async_copy ts:[44648371426586,44648371461199]
[08:25:15.227][MXC][I]sdma_ts_.sdma_counter:44647417005607
[08:25:15.227][MXC][I]DNOCfreq:900000000, async_copy ts translate ret [1788942315492403116, 1788942315492441574]
[08:25:15.227][MXC][I]raw dispatch ts:[111022191006487,111022191006813]
[08:25:15.227][MXC][I]dispatch ts translate ret [1788942315227095244, 1788942315227098506]
[08:25:15.227][MXC][I]raw dispatch ts:[111022191007088,111022191007449]
[08:25:15.227][MXC][I]dispatch ts translate ret [1788942315227101258, 1788942315227104871]
[08:25:15.227][MXC][I]raw dispatch ts:[111022191007725,111022191007936]
[08:25:15.227][MXC][I]dispatch ts translate ret [1788942315227107633, 1788942315227109745]
[08:25:15.227][MXC][I]raw dispatch ts:[111022191010235,111022191010475]
[08:25:15.227][MXC][I]dispatch ts translate ret [1788942315227132752, 1788942315227135154]
[08:25:15.227][MXC][I]raw dispatch ts:[111022191010774,111022191011574]
[08:25:15.227][MXC][I]dispatch ts translate ret [1788942315227138146, 1788942315227146153]
[08:25:15.227][MXC][I]raw dispatch ts:[111022191011851,111022191012140]
[08:25:15.227][MXC][I]dispatch ts translate ret [1788942315227148925, 1788942315227151817]
[08:25:15.227][MXC][I]raw dispatch ts:[111022191012415,111022191012844]
[08:25:15.227][MXC][I]dispatch ts translate ret [1788942315227154569, 1788942315227158862]
[08:25:15.227][MCBLASLT][I]set_workspace is called ! user allocated size: 67108864B = 64.000000MB
[08:25:15.227][MCBLAS][I]mcblasSgemmStridedBatched 1 0 128 16 64 64 64 128 256 8192 1024 2048 1.000000 0.000000
[08:25:15.227][MCBLASLT][I]Kernsel found best solution: Kernel name: mcblas__Mck_sgemm_tn_128x32x32_1m1n4k_256t_fp32_fp32_fp32_sb_0_0, slt:0, swap:0, ksplit:0
[08:25:15.227][MCBLASLT][I]module get function mcblas__Mck_sgemm_tn_128x32x32_1m1n4k_256t_fp32_fp32_fp32_sb_0_0 successed
[08:25:15.227][MCBLASLT][I]mcModuleLaunchKernel successed, ret = 0
[08:25:15.227][MCR][I]mc_memory.cpp            :1671: copy strategy - H2DCpuCopy:0,D2HCpuCopy:0,cpuCopy:0,d2dCrossDevices:0,pageableHToDAsync:0
[08:25:15.227][MCR][I]mc_memory.cpp            :1672: copy strategy - isAsync:0,waitComplete:0
[08:25:15.227][MXC][I]raw dispatch ts:[111022191044278,111022191044412]
[08:25:15.227][MXC][I]dispatch ts translate ret [1788942315227473137, 1788942315227474477]
[08:25:15.227][MXC][I]raw dispatch ts:[111022191013114,111022191013837]
[08:25:15.227][MXC][I]dispatch ts translate ret [1788942315227161575, 1788942315227168805]
[08:25:15.227][MXC][I]raw async_copy ts:[44648371684653,44648371694375]
[08:25:15.227][MXC][I]sdma_ts_.sdma_counter:44647417005607
[08:25:15.227][MXC][I]DNOCfreq:900000000, async_copy ts translate ret [1788942315492689857, 1788942315492700659]
[08:25:15.227][MXC][I]raw dispatch ts:[111022191016155,111022191016800]
[08:25:15.227][MXC][I]dispatch ts translate ret [1788942315227191980, 1788942315227198428]
[08:25:15.227][MXC][I]raw dispatch ts:[111022191017084,111022191019615]
[08:25:15.227][MXC][I]dispatch ts translate ret [1788942315227201268, 1788942315227226571]
[08:25:15.227][MCBLASLT][I]set_workspace is called ! user allocated size: 67108864B = 64.000000MB
[08:25:15.227][MXC][I]raw dispatch ts:[111022191019897,111022191021152]
[08:25:15.227][MXC][I]dispatch ts translate ret [1788942315227229390, 1788942315227241937]
[08:25:15.227][MCBLAS][I]mcblasSgemmStridedBatched 0 0 64 16 128 64 128 64 256 8192 2048 1024 1.000000 0.000000
[08:25:15.227][MCBLASLT][I]Kernsel found best solution: Kernel name: mcblas__Mck_sgemm_nn_64x32x64_1m1n4k_256t_fp32_fp32_fp32_sb_0_0, slt:0, swap:1, ksplit:0
[08:25:15.227][MXC][I]raw dispatch ts:[111022191021432,111022191021812]
[08:25:15.227][MXC][I]dispatch ts translate ret [1788942315227244736, 1788942315227248535]
[08:25:15.227][MCBLASLT][I]module get function mcblas__Mck_sgemm_nn_64x32x64_1m1n4k_256t_fp32_fp32_fp32_sb_0_0 successed
[08:25:15.227][MXC][I]raw dispatch ts:[111022191022091,111022191022322]
[08:25:15.227][MXC][I]dispatch ts translate ret [1788942315227251325, 1788942315227253634]
[08:25:15.227][MCBLASLT][I]mcModuleLaunchKernel successed, ret = 0
[08:25:15.227][MXC][I]raw dispatch ts:[111022191030863,111022191031841]
[08:25:15.227][MXC][I]dispatch ts translate ret [1788942315227339022, 1788942315227348799]
[08:25:15.227][MXC][I]raw dispatch ts:[111022191034186,111022191035292]
[08:25:15.227][MXC][I]dispatch ts translate ret [1788942315227372243, 1788942315227383301]
[08:25:15.227][MXC][I]raw dispatch ts:[111022191035574,111022191036138]
[08:25:15.227][MXC][I]dispatch ts translate ret [1788942315227386120, 1788942315227391758]
[08:25:15.227][MCR][I]mc_memory.cpp            :1671: copy strategy - H2DCpuCopy:0,D2HCpuCopy:0,cpuCopy:0,d2dCrossDevices:0,pageableHToDAsync:0
[08:25:15.227][MCR][I]mc_memory.cpp            :1672: copy strategy - isAsync:0,waitComplete:0
[08:25:15.227][MXC][I]raw dispatch ts:[111022191036416,111022191038962]
[08:25:15.227][MXC][I]dispatch ts translate ret [1788942315227394538, 1788942315227419991]
[08:25:15.227][MXC][I]raw dispatch ts:[111022191041522,111022191042939]
[08:25:15.227][MXC][I]dispatch ts translate ret [1788942315227445584, 1788942315227459751]
[08:25:15.227][MXC][I]raw dispatch ts:[111022191043223,111022191044013]
[08:25:15.227][MXC][I]dispatch ts translate ret [1788942315227462590, 1788942315227470488]
[08:25:15.227][MXC][I]raw dispatch ts:[111022191050071,111022191050443]
[08:25:15.227][MXC][I]dispatch ts translate ret [1788942315227531051, 1788942315227534770]
[08:25:15.227][MXC][I]raw dispatch ts:[111022191052753,111022191053109]
[08:25:15.227][MXC][I]dispatch ts translate ret [1788942315227557864, 1788942315227561424]
[08:25:15.227][MXC][I]raw dispatch ts:[111022191053391,111022191053641]
[08:25:15.227][MXC][I]dispatch ts translate ret [1788942315227564243, 1788942315227566742]
[08:25:15.227][MXC][I]raw dispatch ts:[111022191079368,111022191079730]
[08:25:15.227][MXC][I]dispatch ts translate ret [1788942315227824088, 1788942315227827709]
[08:25:15.227][MXC][I]raw dispatch ts:[111022191055756,111022191056262]
[08:25:15.227][MXC][I]dispatch ts translate ret [1788942315227587932, 1788942315227592993]
[08:25:15.227][MXC][I]raw async_copy ts:[44648372109665,44648372144237]
[08:25:15.227][MXC][I]sdma_ts_.sdma_counter:44647417005607
[08:25:15.227][MXC][I]DNOCfreq:900000000, async_copy ts translate ret [1788942315493162093, 1788942315493200506]
[08:25:15.227][MXC][I]raw dispatch ts:[111022191056542,111022191056869]
[08:25:15.227][MXC][I]dispatch ts translate ret [1788942315227595793, 1788942315227599064]
[08:25:15.227][MXC][I]raw dispatch ts:[111022191057156,111022191057502]
[08:25:15.227][MXC][I]dispatch ts translate ret [1788942315227601934, 1788942315227605395]
[08:25:15.227][MXC][I]raw dispatch ts:[111022191057783,111022191058075]
[08:25:15.227][MXC][I]dispatch ts translate ret [1788942315227608205, 1788942315227611126]
[08:25:15.227][MXC][I]raw dispatch ts:[111022191058361,111022191058537]
[08:25:15.227][MXC][I]dispatch ts translate ret [1788942315227613986, 1788942315227615746]
[08:25:15.227][MXC][I]raw dispatch ts:[111022191061099,111022191061935]
[08:25:15.227][MXC][I]dispatch ts translate ret [1788942315227641370, 1788942315227649731]
[08:25:15.227][MXC][I]raw dispatch ts:[111022191062217,111022191062510]
[08:25:15.227][MXC][I]dispatch ts translate ret [1788942315227652552, 1788942315227655482]
[08:25:15.227][MXC][I]raw dispatch ts:[111022191062782,111022191063227]
[08:25:15.227][MXC][I]dispatch ts translate ret [1788942315227658203, 1788942315227662653]
[08:25:15.228][MXC][I]raw dispatch ts:[111022191108090,111022191108250]
[08:25:15.228][MXC][I]dispatch ts translate ret [1788942315228111218, 1788942315228112817]
[08:25:15.228][MXC][I]raw dispatch ts:[111022191063498,111022191064181]
[08:25:15.228][MXC][I]dispatch ts translate ret [1788942315227665390, 1788942315227672220]
[08:25:15.228][MXC][I]raw async_copy ts:[44648372448491,44648372458456]
[08:25:15.228][MXC][I]sdma_ts_.sdma_counter:44647417005607
[08:25:15.228][MXC][I]DNOCfreq:900000000, async_copy ts translate ret [1788942315493538566, 1788942315493549638]
[08:25:15.228][MXC][I]raw dispatch ts:[111022191064455,111022191065092]
[08:25:15.228][MXC][I]dispatch ts translate ret [1788942315227674960, 1788942315227681330]
[08:25:15.228][MXC][I]raw dispatch ts:[111022191067734,111022191076310]
[08:25:15.228][MXC][I]dispatch ts translate ret [1788942315227707750, 1788942315227793510]
[08:25:15.228][MXC][I]raw dispatch ts:[111022191076594,111022191077942]
[08:25:15.228][MXC][I]dispatch ts translate ret [1788942315227796350, 1788942315227809830]
[08:25:15.228][MXC][I]raw dispatch ts:[111022191078215,111022191078581]
[08:25:15.228][MXC][I]dispatch ts translate ret [1788942315227812560, 1788942315227816220]
[08:25:15.228][MXC][I]raw dispatch ts:[111022191078856,111022191079093]
[08:25:15.228][MXC][I]dispatch ts translate ret [1788942315227818970, 1788942315227821340]
[08:25:15.228][MXC][I]raw dispatch ts:[111022191087725,111022191088697]
[08:25:15.228][MXC][I]dispatch ts translate ret [1788942315227907635, 1788942315227917352]
[08:25:15.228][MXC][I]raw dispatch ts:[111022191091588,111022191092736]
[08:25:15.228][MXC][I]dispatch ts translate ret [1788942315227946252, 1788942315227957728]
[08:25:15.228][MXC][I]raw dispatch ts:[111022191093025,111022191093568]
[08:25:15.228][MXC][I]dispatch ts translate ret [1788942315227960617, 1788942315227966046]
[08:25:15.228][MXC][I]raw dispatch ts:[111022191093850,111022191102416]
[08:25:15.228][MXC][I]dispatch ts translate ret [1788942315227968865, 1788942315228054496]
[08:25:15.228][MXC][I]raw dispatch ts:[111022191102699,111022191104035]
[08:25:15.228][MXC][I]dispatch ts translate ret [1788942315228057325, 1788942315228070681]
[08:25:15.228][MXC][I]raw dispatch ts:[111022191107006,111022191107812]
[08:25:15.228][MXC][I]dispatch ts translate ret [1788942315228100381, 1788942315228108439]
[08:25:15.228][MXC][I]raw dispatch ts:[111022191113849,111022191114228]
[08:25:15.228][MXC][I]dispatch ts translate ret [1788942315228168788, 1788942315228172576]
[08:25:15.228][MXC][I]raw dispatch ts:[111022191117634,111022191117972]
[08:25:15.228][MXC][I]dispatch ts translate ret [1788942315228206625, 1788942315228210004]
[08:25:15.228][MXC][I]raw dispatch ts:[111022191118268,111022191118528]
[08:25:15.228][MXC][I]dispatch ts translate ret [1788942315228212963, 1788942315228215562]
[08:25:15.228][MXC][I]raw dispatch ts:[111022191136957,111022191137233]
[08:25:15.228][MXC][I]dispatch ts translate ret [1788942315228399945, 1788942315228402705]
[08:25:15.228][MXC][I]raw dispatch ts:[111022191118799,111022191119346]
[08:25:15.228][MXC][I]dispatch ts translate ret [1788942315228218327, 1788942315228223798]
[08:25:15.228][MXC][I]raw async_copy ts:[44648372797660,44648372832215]
[08:25:15.228][MXC][I]sdma_ts_.sdma_counter:44647417005607
[08:25:15.228][MXC][I]DNOCfreq:900000000, async_copy ts translate ret [1788942315493926532, 1788942315493964926]
[08:25:15.228][MXC][I]raw dispatch ts:[111022191119616,111022191119963]
[08:25:15.228][MXC][I]dispatch ts translate ret [1788942315228226498, 1788942315228229969]
[08:25:15.228][MXC][I]raw dispatch ts:[111022191120236,111022191120587]
[08:25:15.228][MXC][I]dispatch ts translate ret [1788942315228232700, 1788942315228236210]
[08:25:15.228][MXC][I]raw dispatch ts:[111022191123339,111022191123695]
[08:25:15.228][MXC][I]dispatch ts translate ret [1788942315228263736, 1788942315228267297]
[08:25:15.228][MXC][I]raw dispatch ts:[111022191123976,111022191124234]
[08:25:15.228][MXC][I]dispatch ts translate ret [1788942315228270108, 1788942315228272688]
[08:25:15.228][MXC][I]raw dispatch ts:[111022191124505,111022191125294]
[08:25:15.228][MXC][I]dispatch ts translate ret [1788942315228275399, 1788942315228283290]
[08:25:15.228][MXC][I]raw dispatch ts:[111022191125571,111022191125788]
[08:25:15.228][MXC][I]dispatch ts translate ret [1788942315228286061, 1788942315228288231]
[08:25:15.228][MXC][I]raw dispatch ts:[111022191126073,111022191126595]
[08:25:15.228][MXC][I]dispatch ts translate ret [1788942315228291082, 1788942315228296303]
[08:25:15.228][MXC][I]raw dispatch ts:[111022191158026,111022191158256]
[08:25:15.228][MXC][I]dispatch ts translate ret [1788942315228610490, 1788942315228612788]
[08:25:15.228][MXC][I]raw dispatch ts:[111022191126876,111022191127468]
[08:25:15.228][MXC][I]dispatch ts translate ret [1788942315228299137, 1788942315228305057]
[08:25:15.228][MXC][I]raw async_copy ts:[44648373050517,44648373060365]
[08:25:15.228][MXC][I]sdma_ts_.sdma_counter:44647417005607
[08:25:15.228][MXC][I]DNOCfreq:900000000, async_copy ts translate ret [1788942315494207484, 1788942315494218426]
[08:25:15.228][MXC][I]raw dispatch ts:[111022191130297,111022191130876]
[08:25:15.228][MXC][I]dispatch ts translate ret [1788942315228333347, 1788942315228339137]
[08:25:15.228][MXC][I]raw dispatch ts:[111022191131156,111022191133820]
[08:25:15.228][MXC][I]dispatch ts translate ret [1788942315228341937, 1788942315228368577]
[08:25:15.228][MXC][I]raw dispatch ts:[111022191134096,111022191135341]
[08:25:15.228][MXC][I]dispatch ts translate ret [1788942315228371337, 1788942315228383787]
[08:25:15.228][MXC][I]raw dispatch ts:[111022191135616,111022191136188]
[08:25:15.228][MXC][I]dispatch ts translate ret [1788942315228386537, 1788942315228392257]
[08:25:15.228][MXC][I]raw dispatch ts:[111022191136467,111022191136696]
[08:25:15.228][MXC][I]dispatch ts translate ret [1788942315228395047, 1788942315228397337]
[08:25:15.228][MXC][I]raw dispatch ts:[111022191145001,111022191145935]
[08:25:15.228][MXC][I]dispatch ts translate ret [1788942315228480334, 1788942315228489667]
[08:25:15.228][MXC][I]raw dispatch ts:[111022191148402,111022191149504]
[08:25:15.228][MXC][I]dispatch ts translate ret [1788942315228514320, 1788942315228525332]
[08:25:15.228][MXC][I]raw dispatch ts:[111022191149786,111022191150335]
[08:25:15.228][MXC][I]dispatch ts translate ret [1788942315228528150, 1788942315228533636]
[08:25:15.228][MXC][I]raw dispatch ts:[111022191150619,111022191153061]
[08:25:15.228][MXC][I]dispatch ts translate ret [1788942315228536474, 1788942315228560876]
[08:25:15.228][MXC][I]raw dispatch ts:[111022191155409,111022191156781]
[08:25:15.228][MXC][I]dispatch ts translate ret [1788942315228584339, 1788942315228598049]
[08:25:15.228][MXC][I]raw dispatch ts:[111022191157071,111022191157752]
[08:25:15.228][MXC][I]dispatch ts translate ret [1788942315228600947, 1788942315228607752]
[08:25:15.228][MXC][I]raw dispatch ts:[111022191163922,111022191164277]
[08:25:15.228][MXC][I]dispatch ts translate ret [1788942315228669407, 1788942315228672954]
[08:25:15.228][MXC][I]raw dispatch ts:[111022191166515,111022191166873]
[08:25:15.228][MXC][I]dispatch ts translate ret [1788942315228695318, 1788942315228698895]
[08:25:15.228][MXC][I]raw dispatch ts:[111022191167148,111022191167421]
[08:25:15.228][MXC][I]dispatch ts translate ret [1788942315228701643, 1788942315228704371]
[08:25:15.228][MXC][I]raw dispatch ts:[111022191185854,111022191186246]
[08:25:15.228][MXC][I]dispatch ts translate ret [1788942315228888806, 1788942315228892727]
[08:25:15.228][MXC][I]raw dispatch ts:[111022191167692,111022191168171]
[08:25:15.228][MXC][I]dispatch ts translate ret [1788942315228707158, 1788942315228711949]
[08:25:15.228][MXC][I]raw async_copy ts:[44648373386383,44648373421010]
[08:25:15.228][MXC][I]sdma_ts_.sdma_counter:44647417005607
[08:25:15.228][MXC][I]DNOCfreq:900000000, async_copy ts translate ret [1788942315494580668, 1788942315494619142]
[08:25:15.228][MXC][I]raw dispatch ts:[111022191171035,111022191171484]
[08:25:15.228][MXC][I]dispatch ts translate ret [1788942315228740593, 1788942315228745084]
[08:25:15.228][MXC][I]raw dispatch ts:[111022191171767,111022191172124]
[08:25:15.228][MXC][I]dispatch ts translate ret [1788942315228747914, 1788942315228751485]
[08:25:15.228][MXC][I]raw dispatch ts:[111022191172393,111022191172728]
[08:25:15.228][MXC][I]dispatch ts translate ret [1788942315228754175, 1788942315228757526]
[08:25:15.228][MXC][I]raw dispatch ts:[111022191172999,111022191173231]
[08:25:15.228][MXC][I]dispatch ts translate ret [1788942315228760236, 1788942315228762557]
[08:25:15.228][MXC][I]raw dispatch ts:[111022191173488,111022191174301]
[08:25:15.228][MXC][I]dispatch ts translate ret [1788942315228765127, 1788942315228773258]
[08:25:15.228][MXC][I]raw dispatch ts:[111022191174574,111022191174810]
[08:25:15.228][MXC][I]dispatch ts translate ret [1788942315228775989, 1788942315228778349]
[08:25:15.229][MXC][I]raw dispatch ts:[111022191177319,111022191177852]
[08:25:15.229][MXC][I]dispatch ts translate ret [1788942315228803443, 1788942315228808774]
[08:25:15.229][MXC][I]raw dispatch ts:[111022191208669,111022191208763]
[08:25:15.229][MXC][I]dispatch ts translate ret [1788942315229116963, 1788942315229117903]
[08:25:15.229][MXC][I]raw dispatch ts:[111022191178139,111022191178828]
[08:25:15.229][MXC][I]dispatch ts translate ret [1788942315228811658, 1788942315228818548]
[08:25:15.229][MXC][I]raw async_copy ts:[44648373655189,44648373664889]
[08:25:15.229][MXC][I]sdma_ts_.sdma_counter:44647417005607
[08:25:15.229][MXC][I]DNOCfreq:900000000, async_copy ts translate ret [1788942315494879342, 1788942315494890119]
[08:25:15.229][MXC][I]raw dispatch ts:[111022191179107,111022191179671]
[08:25:15.229][MXC][I]dispatch ts translate ret [1788942315228821338, 1788942315228826978]
[08:25:15.229][MXC][I]raw dispatch ts:[111022191179947,111022191182715]
[08:25:15.229][MXC][I]dispatch ts translate ret [1788942315228829738, 1788942315228857418]
[08:25:15.229][MXC][I]raw dispatch ts:[111022191182991,111022191184274]
[08:25:15.229][MXC][I]dispatch ts translate ret [1788942315228860178, 1788942315228873008]
[08:25:15.229][MXC][I]raw dispatch ts:[111022191184559,111022191184955]
[08:25:15.229][MXC][I]dispatch ts translate ret [1788942315228875858, 1788942315228879818]
[08:25:15.229][MXC][I]raw dispatch ts:[111022191185239,111022191185582]
[08:25:15.229][MXC][I]dispatch ts translate ret [1788942315228882658, 1788942315228886088]
[08:25:15.229][MXC][I]raw dispatch ts:[111022191194166,111022191195276]
[08:25:15.229][MXC][I]dispatch ts translate ret [1788942315228971929, 1788942315228983030]
[08:25:15.229][MXC][I]raw dispatch ts:[111022191198229,111022191199394]
[08:25:15.229][MXC][I]dispatch ts translate ret [1788942315229012561, 1788942315229024211]
[08:25:15.229][MXC][I]raw dispatch ts:[111022191199677,111022191200268]
[08:25:15.229][MXC][I]dispatch ts translate ret [1788942315229027041, 1788942315229032951]
[08:25:15.229][MXC][I]raw dispatch ts:[111022191200542,111022191203250]
[08:25:15.229][MXC][I]dispatch ts translate ret [1788942315229035691, 1788942315229062772]
[08:25:15.229][MXC][I]raw dispatch ts:[111022191203527,111022191204846]
[08:25:15.229][MXC][I]dispatch ts translate ret [1788942315229065542, 1788942315229078732]
[08:25:15.229][MXC][I]raw dispatch ts:[111022191205119,111022191205784]
[08:25:15.229][MXC][I]dispatch ts translate ret [1788942315229081462, 1788942315229088113]
[08:25:15.229][MXC][I]raw dispatch ts:[111022191214553,111022191214923]
[08:25:15.229][MXC][I]dispatch ts translate ret [1788942315229175804, 1788942315229179504]
[08:25:15.229][MXC][I]raw dispatch ts:[111022191217627,111022191218061]
[08:25:15.229][MXC][I]dispatch ts translate ret [1788942315229206545, 1788942315229210885]
[08:25:15.229][MXC][I]raw dispatch ts:[111022191218343,111022191218516]
[08:25:15.229][MXC][I]dispatch ts translate ret [1788942315229213705, 1788942315229215435]
[08:25:15.229][MXC][I]raw dispatch ts:[111022191236994,111022191237382]
[08:25:15.229][MXC][I]dispatch ts translate ret [1788942315229400315, 1788942315229404197]
[08:25:15.229][MXC][I]raw dispatch ts:[111022191218778,111022191219270]
[08:25:15.229][MXC][I]dispatch ts translate ret [1788942315229218088, 1788942315229223010]
[08:25:15.229][MXC][I]raw async_copy ts:[44648374001009,44648374035545]
[08:25:15.229][MXC][I]sdma_ts_.sdma_counter:44647417005607
[08:25:15.229][MXC][I]DNOCfreq:900000000, async_copy ts translate ret [1788942315495263586, 1788942315495301959]
[08:25:15.229][MXC][I]raw dispatch ts:[111022191219556,111022191219878]
[08:25:15.229][MXC][I]dispatch ts translate ret [1788942315229225871, 1788942315229229092]
[08:25:15.229][MXC][I]raw dispatch ts:[111022191222600,111022191223144]
[08:25:15.229][MXC][I]dispatch ts translate ret [1788942315229256322, 1788942315229261764]
[08:25:15.229][MXC][I]raw dispatch ts:[111022191223435,111022191223772]
[08:25:15.229][MXC][I]dispatch ts translate ret [1788942315229264675, 1788942315229268047]
[08:25:15.229][MXC][I]raw dispatch ts:[111022191224047,111022191224223]
[08:25:15.229][MXC][I]dispatch ts translate ret [1788942315229270798, 1788942315229272558]
[08:25:15.229][MXC][I]raw dispatch ts:[111022191224480,111022191225247]
[08:25:15.229][MXC][I]dispatch ts translate ret [1788942315229275129, 1788942315229282802]
[08:25:15.229][MXC][I]raw dispatch ts:[111022191225538,111022191225763]
[08:25:15.229][MXC][I]dispatch ts translate ret [1788942315229285713, 1788942315229287964]
[08:25:15.229][MXC][I]raw dispatch ts:[111022191226032,111022191226561]
[08:25:15.229][MXC][I]dispatch ts translate ret [1788942315229290655, 1788942315229295947]
[08:25:15.229][MXC][I]raw dispatch ts:[111022191259457,111022191259552]
[08:25:15.229][MXC][I]dispatch ts translate ret [1788942315229624807, 1788942315229625757]
[08:25:15.229][MXC][I]raw dispatch ts:[111022191229651,111022191230506]
[08:25:15.229][MXC][I]dispatch ts translate ret [1788942315229326889, 1788942315229335439]
[08:25:15.430][MXC][I]raw dispatch ts:[111022191230787,111022191231279]
[08:25:15.430][MXC][I]dispatch ts translate ret [1788942315229338249, 1788942315229343169]
[08:25:15.430][MXC][I]raw dispatch ts:[111022191231555,111022191234028]
[08:25:15.430][MXC][I]dispatch ts translate ret [1788942315229345929, 1788942315229370659]
[08:25:15.430][MCR][W]mx_command.cpp           :1883: HW exec timestamp will be adjusted!!!
[08:25:15.430][MCR][W]mx_command.cpp           :1885: floor:1788942315215227789, start:1788942315215242240, end:1788942315476434176, ceiling:1788942315430416446
[08:25:15.430][MCR][W]mx_command.cpp           :1883: HW exec timestamp will be adjusted!!!
[08:25:15.430][MCR][W]mx_command.cpp           :1885: floor:1788942315221009278, start:1788942315221018112, end:1788942315484100864, ceiling:1788942315430435677
[08:25:15.430][MCR][W]mx_command.cpp           :1883: HW exec timestamp will be adjusted!!!
[08:25:15.430][MCR][W]mx_command.cpp           :1885: floor:1788942315221572201, start:1788942315221619456, end:1788942315484925952, ceiling:1788942315430460300
[08:25:15.430][MCR][W]mx_command.cpp           :1883: HW exec timestamp will be adjusted!!!
[08:25:15.430][MCR][W]mx_command.cpp           :1885: floor:1788942315221774126, start:1788942315221868032, end:1788942315485231104, ceiling:1788942315430472177
[08:25:15.430][MCR][W]mx_command.cpp           :1883: HW exec timestamp will be adjusted!!!
[08:25:15.430][MCR][W]mx_command.cpp           :1885: floor:1788942315222122556, start:1788942315222192896, end:1788942315485687552, ceiling:1788942315430492399
[08:25:15.430][MCR][W]mx_command.cpp           :1883: HW exec timestamp will be adjusted!!!
[08:25:15.430][MCR][W]mx_command.cpp           :1885: floor:1788942315222311642, start:1788942315222420480, end:1788942315485963264, ceiling:1788942315430502327
[08:25:15.430][MCR][W]mx_command.cpp           :1883: HW exec timestamp will be adjusted!!!
[08:25:15.430][MCR][W]mx_command.cpp           :1885: floor:1788942315222633861, start:1788942315222723840, end:1788942315486400768, ceiling:1788942315430522574
[08:25:15.430][MCR][W]mx_command.cpp           :1883: HW exec timestamp will be adjusted!!!
[08:25:15.430][MCR][W]mx_command.cpp           :1885: floor:1788942315222842875, start:1788942315222950912, end:1788942315486699776, ceiling:1788942315430533107
[08:25:15.430][MCR][W]mx_command.cpp           :1883: HW exec timestamp will be adjusted!!!
[08:25:15.430][MCR][W]mx_command.cpp           :1885: floor:1788942315223176048, start:1788942315223335680, end:1788942315487216640, ceiling:1788942315430553682
[08:25:15.430][MCR][W]mx_command.cpp           :1883: HW exec timestamp will be adjusted!!!
[08:25:15.430][MCR][W]mx_command.cpp           :1885: floor:1788942315223470025, start:1788942315223608576, end:1788942315487550208, ceiling:1788942315430563874
[08:25:15.430][MCR][W]mx_command.cpp           :1883: HW exec timestamp will be adjusted!!!
[08:25:15.430][MCR][W]mx_command.cpp           :1885: floor:1788942315223805597, start:1788942315223928832, end:1788942315488002560, ceiling:1788942315430582468
[08:25:15.430][MCR][W]mx_command.cpp           :1883: HW exec timestamp will be adjusted!!!
[08:25:15.430][MCR][W]mx_command.cpp           :1885: floor:1788942315224046008, start:1788942315224154624, end:1788942315488277504, ceiling:1788942315430592538
[08:25:15.430][MCR][W]mx_command.cpp           :1883: HW exec timestamp will be adjusted!!!
[08:25:15.430][MCR][W]mx_command.cpp           :1885: floor:1788942315224352919, start:1788942315224466176, end:1788942315488722944, ceiling:1788942315430611833
[08:25:15.430][MCR][W]mx_command.cpp           :1883: HW exec timestamp will be adjusted!!!
[08:25:15.430][MCR][W]mx_command.cpp           :1885: floor:1788942315224580338, start:1788942315224678656, end:1788942315488983296, ceiling:1788942315430622319
[08:25:15.430][MCR][W]mx_command.cpp           :1883: HW exec timestamp will be adjusted!!!
[08:25:15.430][MCR][W]mx_command.cpp           :1885: floor:1788942315224863443, start:1788942315224967680, end:1788942315489391616, ceiling:1788942315430643082
[08:25:15.430][MCR][W]mx_command.cpp           :1883: HW exec timestamp will be adjusted!!!
[08:25:15.430][MCR][W]mx_command.cpp           :1885: floor:1788942315225098494, start:1788942315225202688, end:1788942315489699584, ceiling:1788942315430658139
[08:25:15.430][MCR][W]mx_command.cpp           :1883: HW exec timestamp will be adjusted!!!
[08:25:15.430][MCR][W]mx_command.cpp           :1885: floor:1788942315225419519, start:1788942315225604864, end:1788942315490237696, ceiling:1788942315430680977
[08:25:15.430][MCR][W]mx_command.cpp           :1883: HW exec timestamp will be adjusted!!!
[08:25:15.430][MCR][W]mx_command.cpp           :1885: floor:1788942315225733424, start:1788942315225902336, end:1788942315490605312, ceiling:1788942315430693465
[08:25:15.430][MCR][W]mx_command.cpp           :1883: HW exec timestamp will be adjusted!!!
[08:25:15.430][MCR][W]mx_command.cpp           :1885: floor:1788942315226089952, start:1788942315226186240, end:1788942315491029248, ceiling:1788942315430716908
[08:25:15.430][MCR][W]mx_command.cpp           :1883: HW exec timestamp will be adjusted!!!
[08:25:15.430][MCR][W]mx_command.cpp           :1885: floor:1788942315226311086, start:1788942315226420480, end:1788942315491297280, ceiling:1788942315430727733
[08:25:15.430][MCR][W]mx_command.cpp           :1883: HW exec timestamp will be adjusted!!!
[08:25:15.430][MCR][W]mx_command.cpp           :1885: floor:1788942315226599537, start:1788942315226703616, end:1788942315491711488, ceiling:1788942315430751812
[08:25:15.430][MCR][W]mx_command.cpp           :1883: HW exec timestamp will be adjusted!!!
[08:25:15.430][MCR][W]mx_command.cpp           :1885: floor:1788942315226841947, start:1788942315226957056, end:1788942315492012032, ceiling:1788942315430761909
[08:25:15.430][MCR][W]mx_command.cpp           :1883: HW exec timestamp will be adjusted!!!
[08:25:15.430][MCR][W]mx_command.cpp           :1885: floor:1788942315227167105, start:1788942315227256320, end:1788942315492441600, ceiling:1788942315430780133
[08:25:15.430][MCR][W]mx_command.cpp           :1883: HW exec timestamp will be adjusted!!!
[08:25:15.430][MCR][W]mx_command.cpp           :1885: floor:1788942315227377368, start:1788942315227473152, end:1788942315492700672, ceiling:1788942315430790021
[08:25:15.430][MCR][W]mx_command.cpp           :1883: HW exec timestamp will be adjusted!!!
[08:25:15.430][MCR][W]mx_command.cpp           :1885: floor:1788942315227657241, start:1788942315227824128, end:1788942315493200384, ceiling:1788942315430808694
[08:25:15.430][MCR][W]mx_command.cpp           :1883: HW exec timestamp will be adjusted!!!
[08:25:15.430][MCR][W]mx_command.cpp           :1885: floor:1788942315227939924, start:1788942315228111104, end:1788942315493549568, ceiling:1788942315430819132
[08:25:15.430][MCR][W]mx_command.cpp           :1883: HW exec timestamp will be adjusted!!!
[08:25:15.430][MCR][W]mx_command.cpp           :1885: floor:1788942315228292193, start:1788942315228399872, end:1788942315493964800, ceiling:1788942315430837724
[08:25:15.430][MCR][W]mx_command.cpp           :1883: HW exec timestamp will be adjusted!!!
[08:25:15.430][MCR][W]mx_command.cpp           :1885: floor:1788942315228514621, start:1788942315228610560, end:1788942315494218496, ceiling:1788942315430847124
[08:25:15.430][MCR][W]mx_command.cpp           :1883: HW exec timestamp will be adjusted!!!
[08:25:15.430][MCR][W]mx_command.cpp           :1885: floor:1788942315228785155, start:1788942315228888832, end:1788942315494619136, ceiling:1788942315430865259
[08:25:15.430][MCR][W]mx_command.cpp           :1883: HW exec timestamp will be adjusted!!!
[08:25:15.430][MCR][W]mx_command.cpp           :1885: floor:1788942315229003164, start:1788942315229116928, end:1788942315494890240, ceiling:1788942315430876139
[08:25:15.430][MXC][I]raw dispatch ts:[111022191234300,111022191235529]
[08:25:15.430][MXC][I]dispatch ts translate ret [1788942315229373379, 1788942315229385669]
[08:25:15.430][MXC][I]raw dispatch ts:[111022191235803,111022191236191]
[08:25:15.430][MXC][I]dispatch ts translate ret [1788942315229388409, 1788942315229392289]
[08:25:15.430][MXC][I]raw dispatch ts:[111022191236471,111022191236720]
[08:25:15.430][MXC][I]dispatch ts translate ret [1788942315229395089, 1788942315229397579]
[08:25:15.430][MCR][W]mx_command.cpp           :1883: HW exec timestamp will be adjusted!!!
[08:25:15.430][MCR][W]mx_command.cpp           :1885: floor:1788942315229291252, start:1788942315229400320, end:1788942315495301888, ceiling:1788942315430907475
[08:25:15.430][MXC][I]raw dispatch ts:[111022191245314,111022191246262]
[08:25:15.430][MXC][I]dispatch ts translate ret [1788942315229483470, 1788942315229492944]
[08:25:15.430][MXC][I]raw dispatch ts:[111022191249163,111022191250230]
[08:25:15.430][MXC][I]dispatch ts translate ret [1788942315229521935, 1788942315229532598]
[08:25:15.430][MXC][I]raw dispatch ts:[111022191250520,111022191251117]
[08:25:15.430][MXC][I]dispatch ts translate ret [1788942315229535496, 1788942315229541462]
[08:25:15.430][MXC][I]raw dispatch ts:[111022191251402,111022191253907]
[08:25:15.430][MXC][I]dispatch ts translate ret [1788942315229544310, 1788942315229569344]
[08:25:15.430][MXC][I]raw dispatch ts:[111022191254181,111022191255740]
[08:25:15.430][MXC][I]dispatch ts translate ret [1788942315229572082, 1788942315229587662]
[08:25:15.430][MXC][I]raw dispatch ts:[111022191256021,111022191256773]
[08:25:15.430][MXC][I]dispatch ts translate ret [1788942315229590470, 1788942315229597985]
[08:25:15.430][MXC][I]raw async_copy ts:[44648374266240,44648374276128]
[08:25:15.430][MXC][I]sdma_ts_.sdma_counter:44647417005607
[08:25:15.430][MXC][I]DNOCfreq:900000000, async_copy ts translate ret [1788942315495558287, 1788942315495569273]
[08:25:15.430][MCR][W]mx_command.cpp           :1883: HW exec timestamp will be adjusted!!!
[08:25:15.430][MCR][W]mx_command.cpp           :1885: floor:1788942315229513285, start:1788942315229624832, end:1788942315495569152, ceiling:1788942315430935103
[08:25:15.430][MXC][I]raw dispatch ts:[111022211327414,111022211334114]
[08:25:15.430][MXC][I]dispatch ts translate ret [1788942315430304146, 1788942315430371146]
[08:25:15.435][MCR][I]mc_memory.cpp            :1671: copy strategy - H2DCpuCopy:0,D2HCpuCopy:0,cpuCopy:0,d2dCrossDevices:0,pageableHToDAsync:0
[08:25:15.435][MCR][I]mc_memory.cpp            :1672: copy strategy - isAsync:0,waitComplete:0
[08:25:15.435][MXC][I]raw dispatch ts:[111022211510972,111022211512865]
[08:25:15.435][MXC][I]dispatch ts translate ret [1788942315432139725, 1788942315432158655]
[08:25:15.435][MXC][I]raw dispatch ts:[111022211860181,111022211860281]
[08:25:15.435][MXC][I]dispatch ts translate ret [1788942315435631815, 1788942315435632815]
[08:25:15.435][MXC][I]raw dispatch ts:[111022211519349,111022211520613]
[08:25:15.435][MXC][I]dispatch ts translate ret [1788942315432223495, 1788942315432236135]
[08:25:15.435][MXC][I]raw async_copy ts:[44648621477662,44648621479282]
[08:25:15.435][MXC][I]sdma_ts_.sdma_counter:44647417005607
[08:25:15.435][MXC][I]DNOCfreq:900000000, async_copy ts translate ret [1788942315770237645, 1788942315770239445]
[08:25:15.435][MXC][I]raw dispatch ts:[111022211555178,111022211556941]
[08:25:15.435][MXC][I]dispatch ts translate ret [1788942315432581785, 1788942315432599415]
[08:25:15.435][MXC][I]raw dispatch ts:[111022211560857,111022211562093]
[08:25:15.435][MXC][I]dispatch ts translate ret [1788942315432638575, 1788942315432650935]
[08:25:15.435][MXC][I]raw dispatch ts:[111022211566796,111022211568661]
[08:25:15.435][MXC][I]dispatch ts translate ret [1788942315432697965, 1788942315432716615]
[08:25:15.435][MXC][I]raw dispatch ts:[111022211571721,111022211572938]
[08:25:15.435][MXC][I]dispatch ts translate ret [1788942315432747215, 1788942315432759385]
[08:25:15.435][MXC][I]raw dispatch ts:[111022211573225,111022211574583]
[08:25:15.435][MXC][I]dispatch ts translate ret [1788942315432762255, 1788942315432775835]
[08:25:15.435][MXC][I]raw dispatch ts:[111022211577597,111022211578753]
[08:25:15.435][MXC][I]dispatch ts translate ret [1788942315432805975, 1788942315432817535]
[08:25:15.435][MXC][I]raw dispatch ts:[111022211579044,111022211580254]
[08:25:15.435][MXC][I]dispatch ts translate ret [1788942315432820445, 1788942315432832545]
[08:25:15.435][MXC][I]raw dispatch ts:[111022211585822,111022211587129]
[08:25:15.435][MXC][I]dispatch ts translate ret [1788942315432888225, 1788942315432901295]
[08:25:15.435][MXC][I]raw dispatch ts:[111022211590318,111022211592046]
[08:25:15.435][MXC][I]dispatch ts translate ret [1788942315432933185, 1788942315432950465]
[08:25:15.435][MXC][I]raw dispatch ts:[111022211595042,111022211596120]
[08:25:15.435][MXC][I]dispatch ts translate ret [1788942315432980425, 1788942315432991205]
[08:25:15.435][MXC][I]raw dispatch ts:[111022211599149,111022211600321]
[08:25:15.435][MXC][I]dispatch ts translate ret [1788942315433021495, 1788942315433033215]
[08:25:15.435][MXC][I]raw dispatch ts:[111022211618494,111022211618866]
[08:25:15.435][MXC][I]dispatch ts translate ret [1788942315433214945, 1788942315433218665]
[08:25:15.435][MXC][I]raw dispatch ts:[111022211851362,111022211853315]
[08:25:15.435][MXC][I]dispatch ts translate ret [1788942315435543625, 1788942315435563155]
[08:25:15.435][MCR][W]mx_command.cpp           :1883: HW exec timestamp will be adjusted!!!
[08:25:15.435][MCR][W]mx_command.cpp           :1885: floor:1788942315435607170, start:1788942315435631872, end:1788942315770239488, ceiling:1788942315435742116
[08:25:15.438][MCR][I]mc_memory.cpp            :1671: copy strategy - H2DCpuCopy:0,D2HCpuCopy:0,cpuCopy:0,d2dCrossDevices:0,pageableHToDAsync:0
[08:25:15.438][MCR][I]mc_memory.cpp            :1672: copy strategy - isAsync:0,waitComplete:0
[08:25:15.438][MXC][I]raw dispatch ts:[111022212105859,111022212105951]
[08:25:15.438][MXC][I]dispatch ts translate ret [1788942315438088626, 1788942315438089546]
[08:25:15.438][MXC][I]raw async_copy ts:[44648624426614,44648624428781]
[08:25:15.438][MXC][I]sdma_ts_.sdma_counter:44647417005607
[08:25:15.438][MXC][I]DNOCfreq:900000000, async_copy ts translate ret [1788942315773514258, 1788942315773516665]
[08:25:15.438][MXC][I]raw dispatch ts:[111022211882246,111022211884179]
[08:25:15.438][MXC][I]dispatch ts translate ret [1788942315435852468, 1788942315435871799]
[08:25:15.438][MXC][I]raw dispatch ts:[111022211887275,111022211888646]
[08:25:15.438][MXC][I]dispatch ts translate ret [1788942315435902759, 1788942315435916469]
[08:25:15.438][MXC][I]raw dispatch ts:[111022211892261,111022211892582]
[08:25:15.438][MXC][I]dispatch ts translate ret [1788942315435952620, 1788942315435955830]
[08:25:15.438][MXC][I]raw dispatch ts:[111022212100859,111022212102961]/tmp/_MEIwZu27n/phttp/http_server.py:89: UserWarning:

The 'environ['werkzeug.server.shutdown']' function is deprecated and will be removed in Werkzeug 2.1.


[08:25:15.438][MXC][I]dispatch ts translate ret [1788942315438038626, 1788942315438059646]
[08:25:15.438][MCR][W]mx_command.cpp           :1883: HW exec timestamp will be adjusted!!!
[08:25:15.438][MCR][W]mx_command.cpp           :1885: floor:1788942315438061643, start:1788942315438088704, end:1788942315773516544, ceiling:1788942315438141018
[08:25:15.439][MXC][I]raw dispatch ts:[111022212200482,111022212207275]
[08:25:15.439][MXC][I]dispatch ts translate ret [1788942315439034853, 1788942315439102782]
[08:25:15.439][MXC][I]raw dispatch ts:[111022212210549,111022212216998]
[08:25:15.439][MXC][I]dispatch ts translate ret [1788942315439135522, 1788942315439200012]
[08:25:15.439][MXC][I]raw dispatch ts:[111022212217288,111022212223880]
[08:25:15.439][MXC][I]dispatch ts translate ret [1788942315439202912, 1788942315439268832]
[08:25:15.439][MXC][I]raw dispatch ts:[111022212226545,111022212233182]
[08:25:15.439][MXC][I]dispatch ts translate ret [1788942315439295482, 1788942315439361851]
[08:25:15.439][MXC][I]raw dispatch ts:[111022212233464,111022212240806]
[08:25:15.439][MXC][I]dispatch ts translate ret [1788942315439364671, 1788942315439438091]
[08:25:15.439][MXC][I]raw dispatch ts:[111022212241084,111022212247925]
[08:25:15.439][MXC][I]dispatch ts translate ret [1788942315439440871, 1788942315439509281]
[08:25:15.439][MXC][I]raw dispatch ts:[111022212248198,111022212255203]
[08:25:15.439][MXC][I]dispatch ts translate ret [1788942315439512011, 1788942315439582061]
[08:25:15.439][MXC][I]raw dispatch ts:[111022212258074,111022212265076]
[08:25:15.439][MXC][I]dispatch ts translate ret [1788942315439610770, 1788942315439680790]
[08:25:15.439][MXC][I]raw dispatch ts:[111022212265367,111022212272285]
[08:25:15.439][MXC][I]dispatch ts translate ret [1788942315439683700, 1788942315439752880]
[08:25:15.439][MXC][I]raw dispatch ts:[111022212272560,111022212279133]
[08:25:15.439][MXC][I]dispatch ts translate ret [1788942315439755630, 1788942315439821360]
[08:25:15.440][MXC][I]raw dispatch ts:[111022212297185,111022212315361]
[08:25:15.440][MXC][I]dispatch ts translate ret [1788942315440001884, 1788942315440183649]
[08:25:15.442][MXC][I]raw dispatch ts:[111022212570904,111022212577454]
[08:25:15.442][MXC][I]dispatch ts translate ret [1788942315442739064, 1788942315442804564]
[info] MctxStreamProfilerCountDataGet Loop
[08:25:16.122][MCR][I]mc_device.cpp            :1002: tearDown enter!

[08:25:16.122][MCR][I]mx_device.cpp            :1578: deleting hardware queue 0x7f692dc0b000 with refCount 0
[08:25:16.122][MCR][I]mx_device.cpp            :1601: number of allocated hardware queues 0-0-0(H-N-L), number of users 0-0-0
[08:25:16.123][MXC][I]~GpuDevice: Entering
[08:25:16.123][MCTX][I]mcRpcAsyncImpl.cpp       :550 : callback mcRpcAsyncDone!
[08:25:16.123][PTI][I]mcpti_tracer.hpp         :309 : stopProcessThread
[08:25:16.123][MCTX][I]mcRpcAsyncImpl.cpp       :491 : mcRpcServerAsync TearDown!
[08:25:16.123][MCTX][I]server.cpp               :116 : Server will tearDown[3].
[08:25:16.127][MCTX][I]mcRpcAsyncImpl.cpp       :250 : ProfilerCountDataGet the last msg:[
{
"ISU" : {
"15" : {
"dpcId0" : [
3967050408586,
3965621246126,
3966825439150,
3965327808360,
3965575846886,
3964524723827,
3964529178612,
3963912659297,
3964755681874,
3963339038989,
3964193404770,
3962137794277,
3966167427316
],
"dpcId1" : [
3967935882085,
3966608452782,
3967709207708,
3965898377280,
3966143124775,
3965238462911,
3965535600699,
3964752731439,
3965978931013,
3964579987630,
3965441097433,
3963455245561,
3967045020616
],
"dpcId2" : [
3966086705384,
3964632561128,
3965865291335,
3964200689146,
3964231294661,
3963300938167,
3963837238249,
3963256162598,
3963705170098,
3962400841591,
3963949582026,
3962029121301,
3965185337182
],
"dpcId3" : [
3966915056298,
3965371142150,
3966884451410,
3965555155910,
3965596804422,
3964473295768,
3965258206143,
3964762780828,
3964890462239,
3963330424482,
3964664790393,
3962865793255,
3965942332756
],
"dpcId4" : [
[info] MctxStreamProfilerCountDataGet Loop
3965628407448,
3964199527616,
3965826441197,
3964807389665,
3964785675725,
3963529938488,
3963[08:25:16.138][MCTX][I]server.cpp               :348 : HandleRpcs exit. thread_no=[0].
[08:25:17.138][MCTX][I]server.cpp               :89  : Server Shutdown!
[08:25:17.139][MCTX][I]mcRpcAsyncImpl.cpp       :477 : mcRpcServerAsyncRun stop
[08:25:17.224][MCTX][I]mctxTPImpl.cpp           :433 : clear port.
[warning] get_srvrpc_port get rpc server ports failed: cannot retrieve rpc server port.
[warning] get_srvrpc_port get rpc server ports failed: cannot retrieve rpc server port.
[warning] get_srvrpc_port get rpc server ports failed: cannot retrieve rpc server port.
[warning] get_srvrpc_port get rpc server ports failed: cannot retrieve rpc server port.
[warning] get_srvrpc_port get rpc server ports failed: cannot retrieve rpc server port.
[warning] get_srvrpc_port get rpc server ports failed: cannot retrieve rpc server port.
[warning] get_srvrpc_port get rpc server ports failed: cannot retrieve rpc server port.
[warning] get_srvrpc_port get rpc server ports failed: cannot retrieve rpc server port.
[warning] get_srvrpc_port get rpc server ports failed: cannot retrieve rpc server port.

[info] profiling task 1a262c82-e77b-43f6-a71a-214b68d88cc2
[info] complete task 1a262c82-e77b-43f6-a71a-214b68d88cc2
stop server
perf done, please check report file /data/nsa_codex_20260909_r1/results/profile_pair_nsa110
 * Serving Flask app 'Profiler' (lazy loading)
 * Environment: production
   WARNING: This is a development server. Do not use it in a production deployment.
   Use a production WSGI server instead.
 * Debug mode: off
profiler http listen to 127.0.0.1:50123
try to connect to server...
connect to server success
cmdline is: python tests/profile_controlled_kernel.py --module submissions/nsa111.py --case-id 12 --prefix results/profile_pair_nsa111_source --seed 0 --mode public --cold
casename is: pair_instructions_nsa111
metrics is: ['Total Instructions', 'Compute Instructions', 'Memory Instructions', 'Global Read Instructions', 'Global Write Instructions', 'Private Read Instructions', 'Private Write Instructions']
start a local task...
[info] start a new perf exec thread
[info] start perf_exec
[info] new exec 571318a0-7c8c-4a43-b303-df4423f2737b:('python tests/profile_controlled_kernel.py --module submissions/nsa111.py --case-id 12 --prefix results/profile_pair_nsa111_source --seed 0 --mode public --cold', 'pair_instructions_nsa111', ['Total Instructions', 'Compute Instructions', 'Memory Instructions', 'Global Read Instructions', 'Global Write Instructions', 'Private Read Instructions', 'Private Write Instructions'])
########## exec_id: 571318a0-7c8c-4a43-b303-df4423f2737b ##########
[info] start generate batch files
[info] output path is: /data/nsa_codex_20260909_r1/results/profile_pair_nsa111
[info] generate event_batch_1.json successfully!
[info] generate event_batch_2.json successfully!
[info] generate batch files done
[warning] get_srvrpc_port get rpc server ports failed: cannot retrieve rpc server port.
[warning] get_srvrpc_port get rpc server ports failed: cannot retrieve rpc server port.
[warning] get_srvrpc_port get rpc server ports failed: cannot retrieve rpc server port.
[warning] get_srvrpc_port get rpc server ports failed: cannot retrieve rpc server port.
Loading tilelang libs from dev root: /opt/tilelang-metax-v0.1.10/build
[08:25:44.667][MXS][W]| MCTX_TARGET_INIT               | 1               | 0               |
[08:25:44.670][MCR][I]mc_device.cpp            :562 : Signal SIGUSR1 now has a custom handler to enable mctx at runtime!
[08:25:44.670][MCR][I]mc_device.cpp            :309 : mcSnapShotCtx: Attempting to open shared memory: /shm_snapshot_149838
mctxAutoStart called!
[08:25:44.670][MCTX][I]mctxTPImpl.cpp           :201 : MACA configuration file path redirected from ${MACA_PATH}/etc to MACA_ETC_PATH
[08:25:44.670][MCTX][I]mctxTPImpl.cpp           :201 : MACA configuration file path redirected from ${MACA_PATH}/etc to MACA_ETC_PATH
[08:25:44.670][MCTX][I]mctxTPImpl.cpp           :300 : profiler target ENV file[/data/nsa_codex_20260909_r1/results/profile_pair_nsa111/mcProfiler.json] exist!
[08:25:44.670][MCR][I]mc_device.cpp            :849 : Init enter!
[08:25:44.670][MXC][I]MxcInit: entering
[08:25:44.673][MXKW][I]topology.c              :1358: [topology_sysfs_get_system_props]PlatformCpuNodes:2 ,num_sysfs_nodes:26
[08:25:44.673][MXKW][I]topology.c              :283 : [get_directory_socket_id]fscanf path:/sys/devices/virtual/mxcd/mxcd/layout/nodes/2/gpu_id,res: 0,errno:1
[08:25:44.673][MXKW][W]topology.c              :1424: [topology_sysfs_get_system_props]err_node_num is 1,ret is 0,is_node_supported is 0
[08:25:44.673][MXKW][I]topology.c              :283 : [get_directory_socket_id]fscanf path:/sys/devices/virtual/mxcd/mxcd/layout/nodes/3/gpu_id,res: 0,errno:1
[08:25:44.673][MXKW][W]topology.c              :1424: [topology_sysfs_get_system_props]err_node_num is 2,ret is 0,is_node_supported is 0
[08:25:44.673][MXKW][I]topology.c              :283 : [get_directory_socket_id]fscanf path:/sys/devices/virtual/mxcd/mxcd/layout/nodes/4/gpu_id,res: 0,errno:1
[08:25:44.673][MXKW][W]topology.c              :1424: [topology_sysfs_get_system_props]err_node_num is 3,ret is 0,is_node_supported is 0
[08:25:44.673][MXKW][I]topology.c              :283 : [get_directory_socket_id]fscanf path:/sys/devices/virtual/mxcd/mxcd/layout/nodes/5/gpu_id,res: 0,errno:1
[08:25:44.673][MXKW][W]topology.c              :1424: [topology_sysfs_get_system_props]err_node_num is 4,ret is 0,is_node_supported is 0
[08:25:44.673][MXKW][I]topology.c              :283 : [get_directory_socket_id]fscanf path:/sys/devices/virtual/mxcd/mxcd/layout/nodes/6/gpu_id,res: 0,errno:1
[08:25:44.673][MXKW][W]topology.c              :1424: [topology_sysfs_get_system_props]err_node_num is 5,ret is 0,is_node_supported is 0
[08:25:44.673][MXKW][I]topology.c              :283 : [get_directory_socket_id]fscanf path:/sys/devices/virtual/mxcd/mxcd/layout/nodes/7/gpu_id,res: 0,errno:1
[08:25:44.673][MXKW][W]topology.c              :1424: [topology_sysfs_get_system_props]err_node_num is 6,ret is 0,is_node_supported is 0
[08:25:44.673][MXKW][I]topology.c              :283 : [get_directory_socket_id]fscanf path:/sys/devices/virtual/mxcd/mxcd/layout/nodes/8/gpu_id,res: 0,errno:1
[08:25:44.673][MXKW][W]topology.c              :1424: [topology_sysfs_get_system_props]err_node_num is 7,ret is 0,is_node_supported is 0
[08:25:44.673][MXKW][I]topology.c              :283 : [get_directory_socket_id]fscanf path:/sys/devices/virtual/mxcd/mxcd/layout/nodes/9/gpu_id,res: 0,errno:1
[08:25:44.673][MXKW][W]topology.c              :1424: [topology_sysfs_get_system_props]err_node_num is 8,ret is 0,is_node_supported is 0
[08:25:44.673][MXKW][I]topology.c              :283 : [get_directory_socket_id]fscanf path:/sys/devices/virtual/mxcd/mxcd/layout/nodes/300/gpu_id,res: 0,errno:1
[08:25:44.673][MXKW][W]topology.c              :1424: [topology_sysfs_get_system_props]err_node_num is 9,ret is 0,is_node_supported is 0
[08:25:44.673][MXKW][I]topology.c              :283 : [get_directory_socket_id]fscanf path:/sys/devices/virtual/mxcd/mxcd/layout/nodes/301/gpu_id,res: 0,errno:1
[08:25:44.673][MXKW][W]topology.c              :1424: [topology_sysfs_get_system_props]err_node_num is 10,ret is 0,is_node_supported is 0
[08:25:44.673][MXKW][I]topology.c              :283 : [get_directory_socket_id]fscanf path:/sys/devices/virtual/mxcd/mxcd/layout/nodes/303/gpu_id,res: 0,errno:1
[08:25:44.673][MXKW][W]topology.c              :1424: [topology_sysfs_get_system_props]err_node_num is 11,ret is 0,is_node_supported is 0
[08:25:44.673][MXKW][I]topology.c              :283 : [get_directory_socket_id]fscanf path:/sys/devices/virtual/mxcd/mxcd/layout/nodes/304/gpu_id,res: 0,errno:1
[08:25:44.673][MXKW][W]topology.c              :1424: [topology_sysfs_get_system_props]err_node_num is 12,ret is 0,is_node_supported is 0
[08:25:44.673][MXKW][I]topology.c              :283 : [get_directory_socket_id]fscanf path:/sys/devices/virtual/mxcd/mxcd/layout/nodes/305/gpu_id,res: 0,errno:1
[08:25:44.673][MXKW][W]topology.c              :1424: [topology_sysfs_get_system_props]err_node_num is 13,ret is 0,is_node_supported is 0
[08:25:44.673][MXKW][I]topology.c              :283 : [get_directory_socket_id]fscanf path:/sys/devices/virtual/mxcd/mxcd/layout/nodes/307/gpu_id,res: 0,errno:1
[08:25:44.673][MXKW][W]topology.c              :1424: [topology_sysfs_get_system_props]err_node_num is 14,ret is 0,is_node_supported is 0
[08:25:44.673][MXKW][I]topology.c              :283 : [get_directory_socket_id]fscanf path:/sys/devices/virtual/mxcd/mxcd/layout/nodes/308/gpu_id,res: 0,errno:1
[08:25:44.673][MXKW][W]topology.c              :1424: [topology_sysfs_get_system_props]err_node_num is 15,ret is 0,is_node_supported is 0
[08:25:44.673][MXKW][I]topology.c              :283 : [get_directory_socket_id]fscanf path:/sys/devices/virtual/mxcd/mxcd/layout/nodes/309/gpu_id,res: 0,errno:1
[08:25:44.673][MXKW][W]topology.c              :1424: [topology_sysfs_get_system_props]err_node_num is 16,ret is 0,is_node_supported is 0
[08:25:44.673][MXKW][I]topology.c              :283 : [get_directory_socket_id]fscanf path:/sys/devices/virtual/mxcd/mxcd/layout/nodes/310/gpu_id,res: 0,errno:1
[08:25:44.673][MXKW][W]topology.c              :1424: [topology_sysfs_get_system_props]err_node_num is 17,ret is 0,is_node_supported is 0
[08:25:44.673][MXKW][I]topology.c              :283 : [get_directory_socket_id]fscanf path:/sys/devices/virtual/mxcd/mxcd/layout/nodes/311/gpu_id,res: 0,errno:1
[08:25:44.673][MXKW][W]topology.c              :1424: [topology_sysfs_get_system_props]err_node_num is 18,ret is 0,is_node_supported is 0
[08:25:44.673][MXKW][I]topology.c              :283 : [get_directory_socket_id]fscanf path:/sys/devices/virtual/mxcd/mxcd/layout/nodes/312/gpu_id,res: 0,errno:1
[08:25:44.673][MXKW][W]topology.c              :1424: [topology_sysfs_get_system_props]err_node_num is 19,ret is 0,is_node_supported is 0
[08:25:44.673][MXKW][I]topology.c              :283 : [get_directory_socket_id]fscanf path:/sys/devices/virtual/mxcd/mxcd/layout/nodes/313/gpu_id,res: 0,errno:1
[08:25:44.673][MXKW][W]topology.c              :1424: [topology_sysfs_get_system_props]err_node_num is 20,ret is 0,is_node_supported is 0
[08:25:44.673][MXKW][I]topology.c              :283 : [get_directory_socket_id]fscanf path:/sys/devices/virtual/mxcd/mxcd/layout/nodes/314/gpu_id,res: 0,errno:1
[08:25:44.673][MXKW][W]topology.c              :1424: [topology_sysfs_get_system_props]err_node_num is 21,ret is 0,is_node_supported is 0
[08:25:44.673][MXKW][I]topology.c              :283 : [get_directory_socket_id]fscanf path:/sys/devices/virtual/mxcd/mxcd/layout/nodes/315/gpu_id,res: 0,errno:1
[08:25:44.673][MXKW][W]topology.c              :1424: [topology_sysfs_get_system_props]err_node_num is 22,ret is 0,is_node_supported is 0
[08:25:44.673][MXKW][I]topology.c              :283 : [get_directory_socket_id]fscanf path:/sys/devices/virtual/mxcd/mxcd/layout/nodes/317/gpu_id,res: 0,errno:1
[08:25:44.673][MXKW][W]topology.c              :1424: [topology_sysfs_get_system_props]err_node_num is 23,ret is 0,is_node_supported is 0
[08:25:44.673][MXKW][I]topology.c              :1460: [topology_sysfs_get_system_props]cpu total 2 nodes, map list:
[08:25:44.673][MXKW][I]topology.c              :1463: [topology_sysfs_get_system_props]map_cpu[0]:0
[08:25:44.673][MXKW][I]topology.c              :1463: [topology_sysfs_get_system_props]map_cpu[1]:1
[08:25:44.673][MXKW][I]topology.c              :1465: [topology_sysfs_get_system_props]gpu total 1 nodes, map list:
[08:25:44.673][MXKW][I]topology.c              :1468: [topology_sysfs_get_system_props]map_gpu[0]:12
[08:25:44.673][MXKW][I]topology.c              :1516: [topology_sysfs_init_gpu_page_size]XCORE_PAGE_SIZE: 0x200000, GPU_PAGE_SIZE: 0x200000
[08:25:44.673][MXKW][I]topology.c              :954 : [find_pci_info]create pci_info_array. It has 26 element. directory_name is 0.
[08:25:44.673][MXKW][I]topology.c              :962 : [find_pci_info]node 0 's pci info is not found
[08:25:44.673][MXKW][I]topology.c              :911 : [read_pci_info_from_file]can't open /sys/devices/virtual/mxcd/mxcd/layout/nodes/0/location file!
[08:25:44.673][MXKW][I]topology.c              :962 : [find_pci_info]node 0 's pci info is not found
[08:25:44.673][MXKW][I]topology.c              :911 : [read_pci_info_from_file]can't open /sys/devices/virtual/mxcd/mxcd/layout/nodes/0/location file!
[08:25:44.673][MXKW][I]topology.c              :1944: [topology_sysfs_get_node_props]Device isa_major is 0, isa_minor is 0, MXName is
[08:25:44.673][MXKW][I]topology.c              :962 : [find_pci_info]node 1 's pci info is not found
[08:25:44.673][MXKW][I]topology.c              :911 : [read_pci_info_from_file]can't open /sys/devices/virtual/mxcd/mxcd/layout/nodes/1/location file!
[08:25:44.673][MXKW][I]topology.c              :962 : [find_pci_info]node 1 's pci info is not found
[08:25:44.673][MXKW][I]topology.c              :911 : [read_pci_info_from_file]can't open /sys/devices/virtual/mxcd/mxcd/layout/nodes/1/location file!
[08:25:44.673][MXKW][I]topology.c              :1944: [topology_sysfs_get_node_props]Device isa_major is 0, isa_minor is 0, MXName is
[08:25:44.673][MXKW][I]topology.c              :962 : [find_pci_info]node 302 's pci info is not found
[08:25:44.673][MXKW][I]topology.c              :984 : [add_pci_info]added node 302 pci info , bdf_value:3584, domain_value:0
[08:25:44.673][MXKW][I]topology.c              :1944: [topology_sysfs_get_node_props]Device isa_major is 10, isa_minor is 0, MXName is
[08:25:44.674][MXKW][I]fmm.c                   :2445: [init_mmap_apertures]Initialized unreserved SVM apertures: 0xa00000000 - 0x7fffffffffff
[08:25:44.674][MXKW][I]topology.c              :1358: [topology_sysfs_get_system_props]PlatformCpuNodes:2 ,num_sysfs_nodes:26
[08:25:44.674][MXKW][I]topology.c              :283 : [get_directory_socket_id]fscanf path:/sys/devices/virtual/mxcd/mxcd/layout/nodes/2/gpu_id,res: 0,errno:1
[08:25:44.674][MXKW][W]topology.c              :1424: [topology_sysfs_get_system_props]err_node_num is 1,ret is 0,is_node_supported is 0
[08:25:44.674][MXKW][I]topology.c              :283 : [get_directory_socket_id]fscanf path:/sys/devices/virtual/mxcd/mxcd/layout/nodes/3/gpu_id,res: 0,errno:1
[08:25:44.674][MXKW][W]topology.c              :1424: [topology_sysfs_get_system_props]err_node_num is 2,ret is 0,is_node_supported is 0
[08:25:44.674][MXKW][I]topology.c              :283 : [get_directory_socket_id]fscanf path:/sys/devices/virtual/mxcd/mxcd/layout/nodes/4/gpu_id,res: 0,errno:1
[08:25:44.674][MXKW][W]topology.c              :1424: [topology_sysfs_get_system_props]err_node_num is 3,ret is 0,is_node_supported is 0
[08:25:44.674][MXKW][I]topology.c              :283 : [get_directory_socket_id]fscanf path:/sys/devices/virtual/mxcd/mxcd/layout/nodes/5/gpu_id,res: 0,errno:1
[08:25:44.674][MXKW][W]topology.c              :1424: [topology_sysfs_get_system_props]err_node_num is 4,ret is 0,is_node_supported is 0
[08:25:44.674][MXKW][I]topology.c              :283 : [get_directory_socket_id]fscanf path:/sys/devices/virtual/mxcd/mxcd/layout/nodes/6/gpu_id,res: 0,errno:1
[08:25:44.674][MXKW][W]topology.c              :1424: [topology_sysfs_get_system_props]err_node_num is 5,ret is 0,is_node_supported is 0
[08:25:44.674][MXKW][I]topology.c              :283 : [get_directory_socket_id]fscanf path:/sys/devices/virtual/mxcd/mxcd/layout/nodes/7/gpu_id,res: 0,errno:1
[08:25:44.674][MXKW][W]topology.c              :1424: [topology_sysfs_get_system_props]err_node_num is 6,ret is 0,is_node_supported is 0
[08:25:44.674][MXKW][I]topology.c              :283 : [get_directory_socket_id]fscanf path:/sys/devices/virtual/mxcd/mxcd/layout/nodes/8/gpu_id,res: 0,errno:1
[08:25:44.674][MXKW][W]topology.c              :1424: [topology_sysfs_get_system_props]err_node_num is 7,ret is 0,is_node_supported is 0
[08:25:44.674][MXKW][I]topology.c              :283 : [get_directory_socket_id]fscanf path:/sys/devices/virtual/mxcd/mxcd/layout/nodes/9/gpu_id,res: 0,errno:1
[08:25:44.674][MXKW][W]topology.c              :1424: [topology_sysfs_get_system_props]err_node_num is 8,ret is 0,is_node_supported is 0
[08:25:44.674][MXKW][I]topology.c              :283 : [get_directory_socket_id]fscanf path:/sys/devices/virtual/mxcd/mxcd/layout/nodes/300/gpu_id,res: 0,errno:1
[08:25:44.674][MXKW][W]topology.c              :1424: [topology_sysfs_get_system_props]err_node_num is 9,ret is 0,is_node_supported is 0
[08:25:44.674][MXKW][I]topology.c              :283 : [get_directory_socket_id]fscanf path:/sys/devices/virtual/mxcd/mxcd/layout/nodes/301/gpu_id,res: 0,errno:1
[08:25:44.674][MXKW][W]topology.c              :1424: [topology_sysfs_get_system_props]err_node_num is 10,ret is 0,is_node_supported is 0
[08:25:44.674][MXKW][I]topology.c              :283 : [get_directory_socket_id]fscanf path:/sys/devices/virtual/mxcd/mxcd/layout/nodes/303/gpu_id,res: 0,errno:1
[08:25:44.674][MXKW][W]topology.c              :1424: [topology_sysfs_get_system_props]err_node_num is 11,ret is 0,is_node_supported is 0
[08:25:44.674][MXKW][I]topology.c              :283 : [get_directory_socket_id]fscanf path:/sys/devices/virtual/mxcd/mxcd/layout/nodes/304/gpu_id,res: 0,errno:1
[08:25:44.674][MXKW][W]topology.c              :1424: [topology_sysfs_get_system_props]err_node_num is 12,ret is 0,is_node_supported is 0
[08:25:44.674][MXKW][I]topology.c              :283 : [get_directory_socket_id]fscanf path:/sys/devices/virtual/mxcd/mxcd/layout/nodes/305/gpu_id,res: 0,errno:1
[08:25:44.674][MXKW][W]topology.c              :1424: [topology_sysfs_get_system_props]err_node_num is 13,ret is 0,is_node_supported is 0
[08:25:44.674][MXKW][I]topology.c              :283 : [get_directory_socket_id]fscanf path:/sys/devices/virtual/mxcd/mxcd/layout/nodes/307/gpu_id,res: 0,errno:1
[08:25:44.674][MXKW][W]topology.c              :1424: [topology_sysfs_get_system_props]err_node_num is 14,ret is 0,is_node_supported is 0
[08:25:44.674][MXKW][I]topology.c              :283 : [get_directory_socket_id]fscanf path:/sys/devices/virtual/mxcd/mxcd/layout/nodes/308/gpu_id,res: 0,errno:1
[08:25:44.674][MXKW][W]topology.c              :1424: [topology_sysfs_get_system_props]err_node_num is 15,ret is 0,is_node_supported is 0
[08:25:44.674][MXKW][I]topology.c              :283 : [get_directory_socket_id]fscanf path:/sys/devices/virtual/mxcd/mxcd/layout/nodes/309/gpu_id,res: 0,errno:1
[08:25:44.674][MXKW][W]topology.c              :1424: [topology_sysfs_get_system_props]err_node_num is 16,ret is 0,is_node_supported is 0
[08:25:44.674][MXKW][I]topology.c              :283 : [get_directory_socket_id]fscanf path:/sys/devices/virtual/mxcd/mxcd/layout/nodes/310/gpu_id,res: 0,errno:1
[08:25:44.674][MXKW][W]topology.c              :1424: [topology_sysfs_get_system_props]err_node_num is 17,ret is 0,is_node_supported is 0
[08:25:44.674][MXKW][I]topology.c              :283 : [get_directory_socket_id]fscanf path:/sys/devices/virtual/mxcd/mxcd/layout/nodes/311/gpu_id,res: 0,errno:1
[08:25:44.674][MXKW][W]topology.c              :1424: [topology_sysfs_get_system_props]err_node_num is 18,ret is 0,is_node_supported is 0
[08:25:44.674][MXKW][I]topology.c              :283 : [get_directory_socket_id]fscanf path:/sys/devices/virtual/mxcd/mxcd/layout/nodes/312/gpu_id,res: 0,errno:1
[08:25:44.674][MXKW][W]topology.c              :1424: [topology_sysfs_get_system_props]err_node_num is 19,ret is 0,is_node_supported is 0
[08:25:44.674][MXKW][I]topology.c              :283 : [get_directory_socket_id]fscanf path:/sys/devices/virtual/mxcd/mxcd/layout/nodes/313/gpu_id,res: 0,errno:1
[08:25:44.674][MXKW][W]topology.c              :1424: [topology_sysfs_get_system_props]err_node_num is 20,ret is 0,is_node_supported is 0
[08:25:44.674][MXKW][I]topology.c              :283 : [get_directory_socket_id]fscanf path:/sys/devices/virtual/mxcd/mxcd/layout/nodes/314/gpu_id,res: 0,errno:1
[08:25:44.674][MXKW][W]topology.c              :1424: [topology_sysfs_get_system_props]err_node_num is 21,ret is 0,is_node_supported is 0
[08:25:44.674][MXKW][I]topology.c              :283 : [get_directory_socket_id]fscanf path:/sys/devices/virtual/mxcd/mxcd/layout/nodes/315/gpu_id,res: 0,errno:1
[08:25:44.674][MXKW][W]topology.c              :1424: [topology_sysfs_get_system_props]err_node_num is 22,ret is 0,is_node_supported is 0
[08:25:44.674][MXKW][I]topology.c              :283 : [get_directory_socket_id]fscanf path:/sys/devices/virtual/mxcd/mxcd/layout/nodes/317/gpu_id,res: 0,errno:1
[08:25:44.674][MXKW][W]topology.c              :1424: [topology_sysfs_get_system_props]err_node_num is 23,ret is 0,is_node_supported is 0
[08:25:44.674][MXKW][I]topology.c              :1460: [topology_sysfs_get_system_props]cpu total 2 nodes, map list:
[08:25:44.674][MXKW][I]topology.c              :1463: [topology_sysfs_get_system_props]map_cpu[0]:0
[08:25:44.674][MXKW][I]topology.c              :1463: [topology_sysfs_get_system_props]map_cpu[1]:1
[08:25:44.674][MXKW][I]topology.c              :1465: [topology_sysfs_get_system_props]gpu total 1 nodes, map list:
[08:25:44.674][MXKW][I]topology.c              :1468: [topology_sysfs_get_system_props]map_gpu[0]:12
[08:25:44.674][MXKW][I]topology.c              :962 : [find_pci_info]node 0 's pci info is not found
[08:25:44.674][MXKW][I]topology.c              :911 : [read_pci_info_from_file]can't open /sys/devices/virtual/mxcd/mxcd/layout/nodes/0/location file!
[08:25:44.674][MXKW][I]topology.c              :962 : [find_pci_info]node 0 's pci info is not found
[08:25:44.674][MXKW][I]topology.c              :911 : [read_pci_info_from_file]can't open /sys/devices/virtual/mxcd/mxcd/layout/nodes/0/location file!
[08:25:44.674][MXKW][I]topology.c              :1944: [topology_sysfs_get_node_props]Device isa_major is 0, isa_minor is 0, MXName is
[08:25:44.674][MXKW][I]topology.c              :2548: [topology_take_snapshot]node0 direct_links route:
[08:25:44.674][MXKW][I]topology.c              :2562: [topology_take_snapshot]link0 type:2,  0--->1
[08:25:44.674][MXKW][I]topology.c              :962 : [find_pci_info]node 1 's pci info is not found
[08:25:44.674][MXKW][I]topology.c              :911 : [read_pci_info_from_file]can't open /sys/devices/virtual/mxcd/mxcd/layout/nodes/1/location file!
[08:25:44.674][MXKW][I]topology.c              :962 : [find_pci_info]node 1 's pci info is not found
[08:25:44.674][MXKW][I]topology.c              :911 : [read_pci_info_from_file]can't open /sys/devices/virtual/mxcd/mxcd/layout/nodes/1/location file!
[08:25:44.674][MXKW][I]topology.c              :1944: [topology_sysfs_get_node_props]Device isa_major is 0, isa_minor is 0, MXName is
[08:25:44.674][MXKW][I]topology.c              :2548: [topology_take_snapshot]node1 direct_links route:
[08:25:44.674][MXKW][I]topology.c              :2562: [topology_take_snapshot]link0 type:2,  1--->0
[08:25:44.674][MXKW][I]topology.c              :2573: [topology_take_snapshot]node1 indirect_links route:
[08:25:44.674][MXKW][I]topology.c              :1944: [topology_sysfs_get_node_props]Device isa_major is 10, isa_minor is 0, MXName is
[08:25:44.676][MXC][I]MxcInit: leaving
[08:25:44.677][MXC][I]InitDma: Entering
[08:25:44.677][MXC][I]InitDma: Leaving
[08:25:44.677][MCR][I]mx_device.cpp            :2294: Device xcore1000 create, major:10, minor:0
[08:25:44.677][MCR][I]mx_device.cpp            :2795: private_mem:436207616, info_.globalMemSize_:16341008384, gpu_single_alloc_percent:0.990000
[08:25:44.677][MCR][I]mx_device.cpp            :2865: get registersPerMtreg_:64,info_dpcNum_:8,info_wavePerDpc_:416, wavefrontWidth_:64
[08:25:44.677][MCR][I]mx_device.cpp            :3042: rmNum_:8, isuNum_:13, sl1Num_:7, vlsNum_:13, vl1Num_:13, l2cNum_:32, l2aNum_:4, l2xNum_:4

[08:25:44.678][MCR][I]mx_device.cpp            :1091: getQueueCnt hwQueueNum:16
[08:25:44.678][MCR][I]mx_device.cpp            :1153: agent_handle=0x56096bb57ea0,hardware queues number:16, queue count configuration: 8-4-4(H-N-L), highForMccl:0
[08:25:44.678][MCR][I]mx_device.cpp            :2445: Device xcore1000 create fininshed!

[08:25:44.678][MCR][I]mx_device.cpp            :2294: Device xcore1000 create, major:10, minor:0
[08:25:44.678][MCR][I]mx_device.cpp            :2795: private_mem:436207616, info_.globalMemSize_:16341008384, gpu_single_alloc_percent:0.990000
[08:25:44.678][MCR][I]mx_device.cpp            :2865: get registersPerMtreg_:64,info_dpcNum_:8,info_wavePerDpc_:416, wavefrontWidth_:64
[08:25:44.678][MCR][I]mx_device.cpp            :3042: rmNum_:8, isuNum_:13, sl1Num_:7, vlsNum_:13, vl1Num_:13, l2cNum_:32, l2aNum_:4, l2xNum_:4

[08:25:44.679][MCR][I]mx_device.cpp            :1091: getQueueCnt hwQueueNum:16
[08:25:44.679][MCR][I]mx_device.cpp            :1153: agent_handle=0x56096bb57ea0,hardware queues number:16, queue count configuration: 8-4-4(H-N-L), highForMccl:0
[08:25:44.679][MCR][I]mx_device.cpp            :2445: Device xcore1000 create fininshed!

[08:25:44.679][MCR][I]mc_vpu_impl.cpp          :80  : mcVpuLoad mxvpu lib version: 1.0.20260512_081136

[08:25:44.679][MCR][I]mc_vpu_impl.cpp          :86  : mcVpuLoad load mxvpu lib path: /opt/maca-3.7.1/lib/libmxvpu.so

[08:25:44.679][MCC][I]AddDevice device_id:0, arch:xcore1000
[08:25:44.679][MCC][I]Get compiler from environment variable MACA_PATH: /opt/maca/mxgpu_llvm/bin.
[warning] get_srvrpc_port get rpc server ports failed: cannot retrieve rpc server port.
[warning] get_srvrpc_port get rpc server ports failed: cannot retrieve rpc server port.
[warning] get_srvrpc_port get rpc server ports failed: cannot retrieve rpc server port.
[warning] get_srvrpc_port get rpc server ports failed: cannot retrieve rpc server port.
[warning] get_srvrpc_port get rpc server ports failed: cannot retrieve rpc server port.
[warning] get_srvrpc_port get rpc server ports failed: cannot retrieve rpc server port.
[warning] get_srvrpc_port get rpc server ports failed: cannot retrieve rpc server port.
[warning] get_srvrpc_port get rpc server ports failed: cannot retrieve rpc server port.
[warning] get_srvrpc_port get rpc server ports failed: cannot retrieve rpc server port.
[warning] get_srvrpc_port get rpc server ports failed: cannot retrieve rpc server port.
[warning] get_srvrpc_port get rpc server ports failed: cannot retrieve rpc server port.
[warning] get_srvrpc_port get rpc server ports failed: cannot retrieve rpc server port.
[warning] get_srvrpc_port get rpc server ports failed: cannot retrieve rpc server port.
[warning] get_srvrpc_port get rpc server ports failed: cannot retrieve rpc server port.
[warning] get_srvrpc_port get rpc server ports failed: cannot retrieve rpc server port.
[warning] get_srvrpc_port get rpc server ports failed: cannot retrieve rpc server port.
[warning] get_srvrpc_port get rpc server ports failed: cannot retrieve rpc server port.
[warning] get_srvrpc_port get rpc server ports failed: cannot retrieve rpc server port.
[warning] get_srvrpc_port get rpc server ports failed: cannot retrieve rpc server port.
[warning] get_srvrpc_port get rpc server ports failed: cannot retrieve rpc server port.
[warning] get_srvrpc_port get rpc server ports failed: cannot retrieve rpc server port.
[08:26:06.059][MXS][I]                    Node0     Node1
[08:26:06.059][MXS][I]Gpu0                X
[08:26:06.059][MXS][I]CpuBind             X         X
get_mempolicy: Operation not permitted
[08:26:06.059][MXS][I]MemBind             X         X
[warning] get_srvrpc_port get rpc server ports failed: cannot retrieve rpc server port.
[08:26:06.720][MXS][I]mcruntime           3%        97%
[warning] get_srvrpc_port get rpc server ports failed: cannot retrieve rpc server port.
[08:26:07.388][MXS][I]mccompiler          10%       90%
[08:26:08.045][MXS][I]mxc-runtime         3%        97%
[warning] get_srvrpc_port get rpc server ports failed: cannot retrieve rpc server port.
[08:26:08.705][MXS][I]mxkw                3%        97%
[08:26:08.705][PTI][I]mcpti_profiler.cpp       :618 : getModuleInfo:1,8,13,7,13,13,32,4,4

[08:26:08.707][MCR][I]mx_device.cpp            :5792: agent_handle=0x56096bb57ea0
[08:26:08.708][MCR][I]mx_device.cpp            :1446: created hardware queue 0x7f6191e0b000(HWq=0x7f5da0001a90) with size 1024 with priority 0(L), cooperative: 0, is_exclusive: 0
[08:26:08.708][MCR][I]mx_device.cpp            :1458: number of allocated hardware queues 0-0-1(H-N-L), number of users 0-0-1
[08:26:08.711][MCR][W]mx_perf_counter.cpp      :568 : Perf is not exclusive, can not be disabled!
[08:26:08.714][MCTX][I]mctxTPImpl.cpp           :186 : Automatically acquire a port.
[08:26:08.714][MCTX][I]mcRpcAsyncImpl.cpp       :421 : mcRpcServerAsyncInit 0x56096bb42a00 0
[08:26:08.715][MCTX][I]mcRpcAsyncImpl.cpp       :500 : mcRpcAsyncServerTask start!
[08:26:08.715][MCTX][I]mcRpcAsyncImpl.cpp       :472 : mcRpcServerAsyncRun start
[08:26:08.715][MCTX][I]server.cpp               :69  : Server thread num: 1, listening on: 37637.
[info] MctxStreamProfilerCountDataGet Start
[info] MctxStreamProfilerCountDataGet Loop
mcToolsExtPid_UsedPort:149838-37637
[08:26:13.796][MCR][I]mc_memory.cpp            :1671: copy strategy - H2DCpuCopy:0,D2HCpuCopy:0,cpuCopy:0,d2dCrossDevices:0,pageableHToDAsync:0
[08:26:13.796][MCR][I]mc_memory.cpp            :1672: copy strategy - isAsync:0,waitComplete:1
[08:26:13.796][MXC][I]GpuDevice 0x6bb57ea0 enable profiling, sdm_counter:44718654537336, sys_time:1788942373796479318
[08:26:13.796][MXC][I]raw dispatch ts:[111028047954858,111028047954966]
[08:26:13.796][MXC][I]dispatch ts translate ret [1788942373796513798, 1788942373796514878]
[08:26:13.796][MXC][I]raw async_copy ts:[44718654683902,44718654695071]
[08:26:13.796][MXC][I]sdma_ts_.sdma_counter:44718654537336
[08:26:13.796][MXC][I]DNOCfreq:900000000, async_copy ts translate ret [1788942373796642169, 1788942373796654579]
[08:26:13.796][MXC][I]raw dispatch ts:[111028043124518,111028043129860]
[08:26:13.796][MXC][I]dispatch ts translate ret [1788942373748210451, 1788942373748263871]
[08:26:13.796][MXC][I]raw dispatch ts:[111028043133287,111028043134334]
[08:26:13.796][MXC][I]dispatch ts translate ret [1788942373748298141, 1788942373748308611]
[08:26:13.796][MXC][I]raw dispatch ts:[111028043134613,111028043135461]
[08:26:13.796][MXC][I]dispatch ts translate ret [1788942373748311401, 1788942373748319881]
[08:26:13.806][MXC][I]raw dispatch ts:[111028048188271,111028048188981]
[08:26:13.806][MXC][I]dispatch ts translate ret [1788942373798847930, 1788942373798855030]
[08:26:13.808][MXC][I]raw dispatch ts:[111028048199794,111028048200298]
[08:26:13.808][MXC][I]dispatch ts translate ret [1788942373798963160, 1788942373798968200]
[08:26:13.809][MCBLASLT][I]The handle of mcBlas/mcBlasLt is not thread-safe and cannot be shared across threads.
[08:26:13.809][MCBLASLT][I]Looking for the module path
[08:26:13.809][MCBLASLT][I]found mcblaslt lib path: /opt/maca-3.7.1/lib
[08:26:14.058][MCBLASLT][I]load module mcblas_xcore1000.mcfb successed
[08:26:14.058][MCBLASLT][I]xcore_major_ : 10, xcore_minor_ : 0, page_size_: 2097152
[08:26:14.298][MCBLASLT][I]Kernsel: Succeed init xcore_major: 10 with ap num: 104 !
[08:26:14.298][MCBLASLT][I]Kernsel: Kernsel not set MCBLAS_CUSTOMIZED_CONFIG_PATH
[08:26:14.298][MCBLASLT][I]xcore_major_ : 10, xcore_minor_ : 0, page_size_: 2097152
[08:26:14.553][MCBLASLT][I]Gemv Kernsel: Succeed init xcore_major: 10 with ap num: 104 !
[08:26:14.553][MCBLASLT][I]Gemv kernsel: Kernsel not set MCBLAS_GEMV_CUSTOMIZED_CONFIG_PATH
[08:26:14.553][MCBLASLT][I]allocated memory for signal buffer
[08:26:14.553][MCR][I]mc_memory.cpp            :2132: [mcMemset] dst:0x7f5d6a400000 value:0 valueSize:1 sizeBytes:262144 isAsync:false
[08:26:14.553][MXC][I]raw dispatch ts:[111028048244140,111028048245221]
[08:26:14.553][MXC][I]dispatch ts translate ret [1788942373799406620, 1788942373799417430]
[08:26:14.553][MCBLASLT][I]set_workspace is called ! user allocated size: 67108864B = 64.000000MB
[08:26:14.553][MXC][I]raw dispatch ts:[111028048264699,111028048265177]
[08:26:14.553][MXC][I]dispatch ts translate ret [1788942373799612211, 1788942373799616991]
[08:26:14.553][MXC][I]raw dispatch ts:[111028048436202,111028048436717]
[08:26:14.553][MXC][I]dispatch ts translate ret [1788942373801327242, 1788942373801332392]
[08:26:14.553][MXC][I]raw dispatch ts:[111028048460084,111028048460365]
[08:26:14.553][MXC][I]dispatch ts translate ret [1788942373801566063, 1788942373801568873]
[08:26:14.553][MXC][I]raw dispatch ts:[111028048648527,111028048649177]
[08:26:14.553][MXC][I]dispatch ts translate ret [1788942373803450495, 1788942373803456995]
[08:26:14.553][MXC][I]raw dispatch ts:[111028048746970,111028048747557]
[08:26:14.553][MXC][I]dispatch ts translate ret [1788942373804434926, 1788942373804440796]
[08:26:14.553][MXC][I]raw dispatch ts:[111028048752582,111028048753100]
[08:26:14.553][MXC][I]dispatch ts translate ret [1788942373804491046, 1788942373804496226]
[08:26:14.553][MXC][I]raw dispatch ts:[111028048809757,111028048810267]
[08:26:14.553][MXC][I]dispatch ts translate ret [1788942373805062796, 1788942373805067896]
[08:26:14.553][MXC][I]raw dispatch ts:[111028048813168,111028048813474]
[08:26:14.553][MXC][I]dispatch ts translate ret [1788942373805096906, 1788942373805099966]
[08:26:14.553][MXC][I]raw dispatch ts:[111028048823809,111028048824659]
[08:26:14.553][MXC][I]dispatch ts translate ret [1788942373805203316, 1788942373805211816]
[08:26:14.553][MXC][I]raw dispatch ts:[111028048829547,111028048829878]
[08:26:14.553][MXC][I]dispatch ts translate ret [1788942373805260696, 1788942373805264006]
[08:26:14.553][MXC][I]raw dispatch ts:[111028048928825,111028048929524]
[08:26:14.553][MXC][I]dispatch ts translate ret [1788942373806253477, 1788942373806260467]
[08:26:14.553][MXC][I]raw dispatch ts:[111028048943794,111028048944626]
[08:26:14.553][MXC][I]dispatch ts translate ret [1788942373806403167, 1788942373806411487]
[08:26:14.553][MXC][I]raw dispatch ts:[111028048947798,111028048948430]
[08:26:14.553][MXC][I]dispatch ts translate ret [1788942373806443207, 1788942373806449527]
[08:26:14.553][MXC][I]raw dispatch ts:[111028049184598,111028049193061]
[08:26:14.553][MXC][I]dispatch ts translate ret [1788942373808811205, 1788942373808895835]
[08:26:14.553][MXC][I]raw dispatch ts:[111028123633582,111028123637649]
[08:26:14.553][MXC][I]dispatch ts translate ret [1788942374553300324, 1788942374553340994]
[08:26:14.553][MCBLAS][I]mcblasSgemmStridedBatched 1 0 128 16 64 64 64 128 256 8192 1024 2048 1.000000 0.000000
[08:26:14.554][MCBLASLT][I]Kernsel found best solution: Kernel name: mcblas__Mck_sgemm_tn_128x32x32_1m1n4k_256t_fp32_fp32_fp32_sb_0_0, slt:0, swap:0, ksplit:0
[08:26:14.554][MCBLASLT][I]module get function mcblas__Mck_sgemm_tn_128x32x32_1m1n4k_256t_fp32_fp32_fp32_sb_0_0 successed
[08:26:14.572][MCBLASLT][I]mcModuleLaunchKernel successed, ret = 0
[08:26:14.573][MCR][I]mc_memory.cpp            :1671: copy strategy - H2DCpuCopy:0,D2HCpuCopy:0,cpuCopy:0,d2dCrossDevices:0,pageableHToDAsync:0
[08:26:14.573][MCR][I]mc_memory.cpp            :1672: copy strategy - isAsync:0,waitComplete:0
[08:26:14.573][MXC][I]raw dispatch ts:[111028125667635,111028125667734]
[08:26:14.573][MXC][I]dispatch ts translate ret [1788942374573640727, 1788942374573641717]
[08:26:14.578][MCBLASLT][I]set_workspace is called ! user allocated size: 67108864B = 64.000000MB
[08:26:14.578][MCBLAS][I]mcblasSgemmStridedBatched 0 0 64 16 128 64 128 64 256 8192 2048 1024 1.000000 0.000000
[08:26:14.579][MCBLASLT][I]Kernsel found best solution: Kernel name: mcblas__Mck_sgemm_nn_64x32x64_1m1n4k_256t_fp32_fp32_fp32_sb_0_0, slt:0, swap:1, ksplit:0
[08:26:14.579][MCBLASLT][I]module get function mcblas__Mck_sgemm_nn_64x32x64_1m1n4k_256t_fp32_fp32_fp32_sb_0_0 successed
[08:26:14.579][MCBLASLT][I]mcModuleLaunchKernel successed, ret = 0
[08:26:14.579][MCR][I]mc_memory.cpp            :1671: copy strategy - H2DCpuCopy:0,D2HCpuCopy:0,cpuCopy:0,d2dCrossDevices:0,pageableHToDAsync:0
[08:26:14.579][MCR][I]mc_memory.cpp            :1672: copy strategy - isAsync:0,waitComplete:0
[08:26:14.579][MXC][I]raw dispatch ts:[111028126239961,111028126240055]
[08:26:14.579][MXC][I]dispatch ts translate ret [1788942374579364096, 1788942374579365036]
[08:26:14.579][MXC][I]raw async_copy ts:[44719594040539,44719594053154]
[08:26:14.579][MXC][I]sdma_ts_.sdma_counter:44718654537336
[08:26:14.579][MXC][I]DNOCfreq:900000000, async_copy ts translate ret [1788942374840371765, 1788942374840385781]
[08:26:14.579][MXC][I]raw dispatch ts:[111028125529155,111028125530850]
[08:26:14.579][MXC][I]dispatch ts translate ret [1788942374572255900, 1788942374572272850]
[08:26:14.579][MXC][I]raw dispatch ts:[111028125551311,111028125551863]
[08:26:14.579][MXC][I]dispatch ts translate ret [1788942374572477464, 1788942374572482984]
[08:26:14.579][MXC][I]raw dispatch ts:[111028125655087,111028125655549]
[08:26:14.579][MXC][I]dispatch ts translate ret [1788942374573515244, 1788942374573519864]
[08:26:14.579][MXC][I]raw async_copy ts:[44719587177174,44719587214443]
[08:26:14.579][MXC][I]sdma_ts_.sdma_counter:44718654537336
[08:26:14.579][MXC][I]DNOCfreq:900000000, async_copy ts translate ret [1788942374832745804, 1788942374832787214]
[08:26:14.579][MXC][I]raw dispatch ts:[111028126054276,111028126055353]
[08:26:14.579][MXC][I]dispatch ts translate ret [1788942374577507211, 1788942374577517981]
[08:26:14.579][MXC][I]raw dispatch ts:[111028126170580,111028126171804]
[08:26:14.579][MXC][I]dispatch ts translate ret [1788942374578670273, 1788942374578682513]
[08:26:14.579][MXC][I]raw dispatch ts:[111028126178905,111028126179584]
[08:26:14.579][MXC][I]dispatch ts translate ret [1788942374578753525, 1788942374578760315]
[08:26:14.579][MXC][I]raw dispatch ts:[111028126183399,111028126191996]
[08:26:14.579][MXC][I]dispatch ts translate ret [1788942374578798465, 1788942374578884437]
[08:26:14.579][MXC][I]raw dispatch ts:[111028126225257,111028126226659]
[08:26:14.579][MXC][I]dispatch ts translate ret [1788942374579217053, 1788942374579231074]
[08:26:14.579][MXC][I]raw dispatch ts:[111028126235817,111028126236666]
[08:26:14.579][MXC][I]dispatch ts translate ret [1788942374579322656, 1788942374579331146]
[08:26:14.579][MCBLASLT][I]set_workspace is called ! user allocated size: 67108864B = 64.000000MB
[08:26:14.579][MCBLAS][I]mcblasSgemmStridedBatched 1 0 128 16 64 64 64 128 256 8192 1024 2048 1.000000 0.000000
[08:26:14.579][MCBLASLT][I]Kernsel found best solution: Kernel name: mcblas__Mck_sgemm_tn_128x32x32_1m1n4k_256t_fp32_fp32_fp32_sb_0_0, slt:0, swap:0, ksplit:0
[08:26:14.579][MCBLASLT][I]module get function mcblas__Mck_sgemm_tn_128x32x32_1m1n4k_256t_fp32_fp32_fp32_sb_0_0 successed
[08:26:14.579][MCBLASLT][I]mcModuleLaunchKernel successed, ret = 0
[08:26:14.579][MXC][I]raw dispatch ts:[111028126247096,111028126247470]
[08:26:14.579][MXC][I]dispatch ts translate ret [1788942374579435447, 1788942374579439187]
[08:26:14.579][MXC][I]raw dispatch ts:[111028126250234,111028126250641]
[08:26:14.579][MXC][I]dispatch ts translate ret [1788942374579466827, 1788942374579470897]
[08:26:14.579][MCR][I]mc_memory.cpp            :1671: copy strategy - H2DCpuCopy:0,D2HCpuCopy:0,cpuCopy:0,d2dCrossDevices:0,pageableHToDAsync:0
[08:26:14.579][MCR][I]mc_memory.cpp            :1672: copy strategy - isAsync:0,waitComplete:0
[08:26:14.579][MXC][I]raw dispatch ts:[111028126253514,111028126253759]
[08:26:14.579][MXC][I]dispatch ts translate ret [1788942374579499628, 1788942374579502078]
[08:26:14.579][MXC][I]raw dispatch ts:[111028126301090,111028126301189]
[08:26:14.579][MXC][I]dispatch ts translate ret [1788942374579975392, 1788942374579976382]
[08:26:14.579][MXC][I]raw dispatch ts:[111028126256519,111028126257054]
[08:26:14.579][MXC][I]dispatch ts translate ret [1788942374579529678, 1788942374579535028]
[08:26:14.580][MXC][I]raw async_copy ts:[44719594767733,44719594802495]
[08:26:14.580][MXC][I]sdma_ts_.sdma_counter:44718654537336
[08:26:14.580][MXC][I]DNOCfreq:900000000, async_copy ts translate ret [1788942374841179759, 1788942374841218383]
[08:26:14.580][MXC][I]raw dispatch ts:[111028126259906,111028126260338]
[08:26:14.580][MCBLASLT][I]set_workspace is called ! user allocated size: 67108864B = 64.000000MB
[08:26:14.580][MXC][I]dispatch ts translate ret [1788942374579563549, 1788942374579567869]
[08:26:14.580][MCBLAS][I]mcblasSgemmStridedBatched 0 0 64 16 128 64 128 64 256 8192 2048 1024 1.000000 0.000000
[08:26:14.580][MCBLASLT][I]Kernsel found best solution: Kernel name: mcblas__Mck_sgemm_nn_64x32x64_1m1n4k_256t_fp32_fp32_fp32_sb_0_0, slt:0, swap:1, ksplit:0
[08:26:14.580][MCBLASLT][I]module get function mcblas__Mck_sgemm_nn_64x32x64_1m1n4k_256t_fp32_fp32_fp32_sb_0_0 successed
[08:26:14.580][MXC][I]raw dispatch ts:[111028126260631,111028126261070]
[08:26:14.580][MXC][I]dispatch ts translate ret [1788942374579570799, 1788942374579575189]
[08:26:14.580][MCBLASLT][I]mcModuleLaunchKernel successed, ret = 0
[08:26:14.580][MXC][I]raw dispatch ts:[111028126263851,111028126264186]
[08:26:14.580][MXC][I]dispatch ts translate ret [1788942374579602999, 1788942374579606349]
[08:26:14.580][MXC][I]raw dispatch ts:[111028126264494,111028126264755]
[08:26:14.580][MXC][I]dispatch ts translate ret [1788942374579609429, 1788942374579612039]
[08:26:14.580][MXC][I]raw dispatch ts:[111028126267360,111028126268164]
[08:26:14.580][MXC][I]dispatch ts translate ret [1788942374579638089, 1788942374579646129]
[08:26:14.580][MCR][I]mc_memory.cpp            :1671: copy strategy - H2DCpuCopy:0,D2HCpuCopy:0,cpuCopy:0,d2dCrossDevices:0,pageableHToDAsync:0
[08:26:14.580][MCR][I]mc_memory.cpp            :1672: copy strategy - isAsync:0,waitComplete:0
[08:26:14.580][MXC][I]raw dispatch ts:[111028126271020,111028126271330]
[08:26:14.580][MXC][I]dispatch ts translate ret [1788942374579674690, 1788942374579677790]
[08:26:14.580][MXC][I]raw dispatch ts:[111028126271628,111028126272176]
[08:26:14.580][MXC][I]dispatch ts translate ret [1788942374579680770, 1788942374579686250]
[08:26:14.580][MXC][I]raw dispatch ts:[111028126324501,111028126324713]
[08:26:14.580][MXC][I]dispatch ts translate ret [1788942374580209569, 1788942374580211689]
[08:26:14.580][MXC][I]raw dispatch ts:[111028126274694,111028126275542]
[08:26:14.580][MXC][I]dispatch ts translate ret [1788942374579711428, 1788942374579719908]
[08:26:14.580][MXC][I]raw async_copy ts:[44719595049006,44719595058719]
[08:26:14.580][MXC][I]sdma_ts_.sdma_counter:44718654537336
[08:26:14.580][MXC][I]DNOCfreq:900000000, async_copy ts translate ret [1788942374841492284, 1788942374841503076]
[08:26:14.580][MXC][I]raw dispatch ts:[111028126275822,111028126276432]
[08:26:14.580][MXC][I]dispatch ts translate ret [1788942374579722708, 1788942374579728808]
[08:26:14.580][MXC][I]raw dispatch ts:[111028126279523,111028126282301]
[08:26:14.580][MXC][I]dispatch ts translate ret [1788942374579759719, 1788942374579787500]
[08:26:14.580][MXC][I]raw dispatch ts:[111028126290025,111028126291502]
[08:26:14.580][MXC][I]dispatch ts translate ret [1788942374579864741, 1788942374579879511]
[08:26:14.580][MXC][I]raw dispatch ts:[111028126294653,111028126295132]
[08:26:14.580][MXC][I]dispatch ts translate ret [1788942374579911022, 1788942374579915812]
[08:26:14.580][MXC][I]raw dispatch ts:[111028126297994,111028126298314]
[08:26:14.580][MXC][I]dispatch ts translate ret [1788942374579944433, 1788942374579947634]
[08:26:14.580][MXC][I]raw dispatch ts:[111028126310222,111028126311233]
[08:26:14.580][MXC][I]dispatch ts translate ret [1788942374580066743, 1788942374580076856]
[08:26:14.580][MCBLASLT][I]set_workspace is called ! user allocated size: 67108864B = 64.000000MB
[08:26:14.580][MXC][I]raw dispatch ts:[111028126314255,111028126315260]
[08:26:14.580][MXC][I]dispatch ts translate ret [1788942374580107083, 1788942374580117136]
[08:26:14.580][MCBLAS][I]mcblasSgemmStridedBatched 1 0 128 16 64 64 64 128 256 8192 1024 2048 1.000000 0.000000
[08:26:14.580][MXC][I]raw dispatch ts:[111028126315556,111028126316097]
[08:26:14.580][MCBLASLT][I]Kernsel found best solution: Kernel name: mcblas__Mck_sgemm_tn_128x32x32_1m1n4k_256t_fp32_fp32_fp32_sb_0_0, slt:0, swap:0, ksplit:0
[08:26:14.580][MXC][I]dispatch ts translate ret [1788942374580120096, 1788942374580125508]
[08:26:14.580][MCBLASLT][I]module get function mcblas__Mck_sgemm_tn_128x32x32_1m1n4k_256t_fp32_fp32_fp32_sb_0_0 successed
[08:26:14.580][MXC][I]raw dispatch ts:[111028126316382,111028126319032]
[08:26:14.580][MXC][I]dispatch ts translate ret [1788942374580128359, 1788942374580154865]
[08:26:14.580][MCBLASLT][I]mcModuleLaunchKernel successed, ret = 0
[08:26:14.580][MXC][I]raw dispatch ts:[111028126322015,111028126323381]
[08:26:14.580][MXC][I]dispatch ts translate ret [1788942374580184702, 1788942374580198366]
[08:26:14.580][MXC][I]raw dispatch ts:[111028126323670,111028126324227]
[08:26:14.580][MXC][I]dispatch ts translate ret [1788942374580201257, 1788942374580206828]
[08:26:14.580][MXC][I]raw dispatch ts:[111028126331614,111028126331973]
[08:26:14.580][MXC][I]dispatch ts translate ret [1788942374580280715, 1788942374580284306]
[08:26:14.580][MXC][I]raw dispatch ts:[111028126334733,111028126335094]
[08:26:14.580][MXC][I]dispatch ts translate ret [1788942374580311913, 1788942374580315524]
[08:26:14.580][MCR][I]mc_memory.cpp            :1671: copy strategy - H2DCpuCopy:0,D2HCpuCopy:0,cpuCopy:0,d2dCrossDevices:0,pageableHToDAsync:0
[08:26:14.580][MCR][I]mc_memory.cpp            :1672: copy strategy - isAsync:0,waitComplete:0
[08:26:14.580][MXC][I]raw dispatch ts:[111028126335389,111028126335650]
[08:26:14.580][MXC][I]dispatch ts translate ret [1788942374580318376, 1788942374580320984]
[08:26:14.580][MCBLASLT][I]set_workspace is called ! user allocated size: 67108864B = 64.000000MB
[08:26:14.580][MXC][I]raw dispatch ts:[111028126356658,111028126357017]
[08:26:14.580][MCBLAS][I]mcblasSgemmStridedBatched 0 0 64 16 128 64 128 64 256 8192 2048 1024 1.000000 0.000000
[08:26:14.580][MXC][I]dispatch ts translate ret [1788942374580530910, 1788942374580534498]
[08:26:14.580][MCBLASLT][I]Kernsel found best solution: Kernel name: mcblas__Mck_sgemm_nn_64x32x64_1m1n4k_256t_fp32_fp32_fp32_sb_0_0, slt:0, swap:1, ksplit:0
[08:26:14.580][MCBLASLT][I]module get function mcblas__Mck_sgemm_nn_64x32x64_1m1n4k_256t_fp32_fp32_fp32_sb_0_0 successed
[08:26:14.580][MCBLASLT][I]mcModuleLaunchKernel successed, ret = 0
[08:26:14.580][MXC][I]raw dispatch ts:[111028126335923,111028126336442]
[08:26:14.580][MXC][I]dispatch ts translate ret [1788942374580323713, 1788942374580328899]
[08:26:14.580][MCR][I]mc_memory.cpp            :1671: copy strategy - H2DCpuCopy:0,D2HCpuCopy:0,cpuCopy:0,d2dCrossDevices:0,pageableHToDAsync:0
[08:26:14.580][MCR][I]mc_memory.cpp            :1672: copy strategy - isAsync:0,waitComplete:0
[08:26:14.580][MXC][I]raw async_copy ts:[44719595455557,44719595490135]
[08:26:14.580][MXC][I]sdma_ts_.sdma_counter:44718654537336
[08:26:14.580][MXC][I]DNOCfreq:900000000, async_copy ts translate ret [1788942374841944008, 1788942374841982428]
[08:26:14.580][MXC][I]raw dispatch ts:[111028126339248,111028126339750]
[08:26:14.580][MXC][I]dispatch ts translate ret [1788942374580356938, 1788942374580361955]
[08:26:14.580][MXC][I]raw dispatch ts:[111028126340032,111028126340390]
[08:26:14.580][MXC][I]dispatch ts translate ret [1788942374580364773, 1788942374580368350]
[08:26:14.580][MXC][I]raw dispatch ts:[111028126340673,111028126340956]
[08:26:14.580][MXC][I]dispatch ts translate ret [1788942374580371178, 1788942374580374006]
[08:26:14.580][MXC][I]raw dispatch ts:[111028126341234,111028126341419]
[08:26:14.580][MXC][I]dispatch ts translate ret [1788942374580376784, 1788942374580378632]
[08:26:14.580][MXC][I]raw dispatch ts:[111028126341693,111028126342419]
[08:26:14.580][MXC][I]dispatch ts translate ret [1788942374580381370, 1788942374580388625]
[08:26:14.580][MXC][I]raw dispatch ts:[111028126344718,111028126345026]
[08:26:14.580][MXC][I]dispatch ts translate ret [1788942374580411598, 1788942374580414676]
[08:26:14.580][MXC][I]raw dispatch ts:[111028126345332,111028126345885]
[08:26:14.580][MXC][I]dispatch ts translate ret [1788942374580417734, 1788942374580423260]
[08:26:14.580][MXC][I]raw dispatch ts:[111028126381556,111028126381702]
[08:26:14.580][MCBLASLT][I]set_workspace is called ! user allocated size: 67108864B = 64.000000MB
[08:26:14.580][MXC][I]dispatch ts translate ret [1788942374580779926, 1788942374580781386]
[08:26:14.580][MCBLAS][I]mcblasSgemmStridedBatched 1 0 128 16 64 64 64 128 256 8192 1024 2048 1.000000 0.000000
[08:26:14.580][MXC][I]raw dispatch ts:[111028126346172,111028126346903]
[08:26:14.580][MCBLASLT][I]Kernsel found best solution: Kernel name: mcblas__Mck_sgemm_tn_128x32x32_1m1n4k_256t_fp32_fp32_fp32_sb_0_0, slt:0, swap:0, ksplit:0
[08:26:14.580][MXC][I]dispatch ts translate ret [1788942374580426108, 1788942374580433418]
[08:26:14.580][MCBLASLT][I]module get function mcblas__Mck_sgemm_tn_128x32x32_1m1n4k_256t_fp32_fp32_fp32_sb_0_0 successed
[08:26:14.580][MCBLASLT][I]mcModuleLaunchKernel successed, ret = 0
[08:26:14.580][MXC][I]raw async_copy ts:[44719595744591,44719595754350]
[08:26:14.580][MXC][I]sdma_ts_.sdma_counter:44718654537336
[08:26:14.580][MXC][I]DNOCfreq:900000000, async_copy ts translate ret [1788942374842265156, 1788942374842275999]
[08:26:14.580][MXC][I]raw dispatch ts:[111028126347193,111028126347739]
[08:26:14.580][MXC][I]dispatch ts translate ret [1788942374580436318, 1788942374580441778]
[08:26:14.580][MXC][I]raw dispatch ts:[111028126348018,111028126350433]
[08:26:14.580][MXC][I]dispatch ts translate ret [1788942374580444568, 1788942374580468717]
[08:26:14.580][MCR][I]mc_memory.cpp            :1671: copy strategy - H2DCpuCopy:0,D2HCpuCopy:0,cpuCopy:0,d2dCrossDevices:0,pageableHToDAsync:0
[08:26:14.580][MCR][I]mc_memory.cpp            :1672: copy strategy - isAsync:0,waitComplete:0
[08:26:14.580][MXC][I]raw dispatch ts:[111028126353798,111028126355239]
[08:26:14.580][MXC][I]dispatch ts translate ret [1788942374580502365, 1788942374580516774]
[08:26:14.580][MXC][I]raw dispatch ts:[111028126355519,111028126355893]
[08:26:14.580][MXC][I]dispatch ts translate ret [1788942374580519574, 1788942374580523314]
[08:26:14.580][MXC][I]raw dispatch ts:[111028126356166,111028126356396]
[08:26:14.580][MXC][I]dispatch ts translate ret [1788942374580526043, 1788942374580528343]
[08:26:14.580][MXC][I]raw dispatch ts:[111028126366930,111028126367891]
[08:26:14.580][MXC][I]dispatch ts translate ret [1788942374580633676, 1788942374580643285]
[08:26:14.580][MXC][I]raw dispatch ts:[111028126370705,111028126371951]
[08:26:14.580][MXC][I]dispatch ts translate ret [1788942374580671423, 1788942374580683883]
[08:26:14.580][MXC][I]raw dispatch ts:[111028126372233,111028126372804]
[08:26:14.580][MXC][I]dispatch ts translate ret [1788942374580686702, 1788942374580692412]
[08:26:14.580][MCBLASLT][I]set_workspace is called ! user allocated size: 67108864B = 64.000000MB
[08:26:14.580][MXC][I]raw dispatch ts:[111028126373088,111028126375860]
[08:26:14.580][MXC][I]dispatch ts translate ret [1788942374580695252, 1788942374580722970]
[08:26:14.580][MCBLAS][I]mcblasSgemmStridedBatched 0 0 64 16 128 64 128 64 256 8192 2048 1024 1.000000 0.000000
[08:26:14.580][MCBLASLT][I]Kernsel found best solution: Kernel name: mcblas__Mck_sgemm_nn_64x32x64_1m1n4k_256t_fp32_fp32_fp32_sb_0_0, slt:0, swap:1, ksplit:0
[08:26:14.580][MCBLASLT][I]module get function mcblas__Mck_sgemm_nn_64x32x64_1m1n4k_256t_fp32_fp32_fp32_sb_0_0 successed
[08:26:14.580][MXC][I]raw dispatch ts:[111028126376139,111028126377463]
[08:26:14.580][MXC][I]dispatch ts translate ret [1788942374580725760, 1788942374580738999]
[08:26:14.580][MCBLASLT][I]mcModuleLaunchKernel successed, ret = 0
[08:26:14.580][MXC][I]raw dispatch ts:[111028126380434,111028126381262]
[08:26:14.580][MXC][I]dispatch ts translate ret [1788942374580768707, 1788942374580776986]
[08:26:14.580][MCR][I]mc_memory.cpp            :1671: copy strategy - H2DCpuCopy:0,D2HCpuCopy:0,cpuCopy:0,d2dCrossDevices:0,pageableHToDAsync:0
[08:26:14.580][MCR][I]mc_memory.cpp            :1672: copy strategy - isAsync:0,waitComplete:0
[08:26:14.580][MXC][I]raw dispatch ts:[111028126388935,111028126389309]
[08:26:14.580][MXC][I]dispatch ts translate ret [1788942374580853710, 1788942374580857450]
[08:26:14.580][MXC][I]raw dispatch ts:[111028126392069,111028126392418]
[08:26:14.580][MXC][I]dispatch ts translate ret [1788942374580885029, 1788942374580888518]
[08:26:14.581][MXC][I]raw dispatch ts:[111028126392720,111028126392967]
[08:26:14.581][MXC][I]dispatch ts translate ret [1788942374580891538, 1788942374580894007]
[08:26:14.581][MXC][I]raw dispatch ts:[111028126413837,111028126414077]
[08:26:14.581][MXC][I]dispatch ts translate ret [1788942374581102736, 1788942374581105138]
[08:26:14.581][MXC][I]raw dispatch ts:[111028126393249,111028126393782]
[08:26:14.581][MXC][I]dispatch ts translate ret [1788942374580896799, 1788942374580902129]
[08:26:14.581][MXC][I]raw async_copy ts:[44719596122733,44719596157313]
[08:26:14.581][MXC][I]sdma_ts_.sdma_counter:44718654537336
[08:26:14.581][MXC][I]DNOCfreq:900000000, async_copy ts translate ret [1788942374842685314, 1788942374842723736]
[08:26:14.581][MXC][I]raw dispatch ts:[111028126396607,111028126397027]
[08:26:14.581][MXC][I]dispatch ts translate ret [1788942374580930379, 1788942374580934579]
[08:26:14.581][MCBLASLT][I]set_workspace is called ! user allocated size: 67108864B = 64.000000MB
[08:26:14.581][MCBLAS][I]mcblasSgemmStridedBatched 1 0 128 16 64 64 64 128 256 8192 1024 2048 1.000000 0.000000
[08:26:14.581][MXC][I]raw dispatch ts:[111028126397304,111028126397731]
[08:26:14.581][MCBLASLT][I]Kernsel found best solution: Kernel name: mcblas__Mck_sgemm_tn_128x32x32_1m1n4k_256t_fp32_fp32_fp32_sb_0_0, slt:0, swap:0, ksplit:0
[08:26:14.581][MCBLASLT][I]module get function mcblas__Mck_sgemm_tn_128x32x32_1m1n4k_256t_fp32_fp32_fp32_sb_0_0 successed
[08:26:14.581][MXC][I]dispatch ts translate ret [1788942374580937349, 1788942374580941619]
[08:26:14.581][MCBLASLT][I]mcModuleLaunchKernel successed, ret = 0
[08:26:14.581][MXC][I]raw dispatch ts:[111028126398005,111028126398313]
[08:26:14.581][MXC][I]dispatch ts translate ret [1788942374580944360, 1788942374580947440]
[08:26:14.581][MXC][I]raw dispatch ts:[111028126398588,111028126398773]
[08:26:14.581][MXC][I]dispatch ts translate ret [1788942374580950190, 1788942374580952040]
[08:26:14.581][MXC][I]raw dispatch ts:[111028126399036,111028126399828]
[08:26:14.581][MXC][I]dispatch ts translate ret [1788942374580954670, 1788942374580962590]
[08:26:14.581][MXC][I]raw dispatch ts:[111028126402130,111028126402451]
[08:26:14.581][MXC][I]dispatch ts translate ret [1788942374580985610, 1788942374580988820]
[08:26:14.581][MCR][I]mc_memory.cpp            :1671: copy strategy - H2DCpuCopy:0,D2HCpuCopy:0,cpuCopy:0,d2dCrossDevices:0,pageableHToDAsync:0
[08:26:14.581][MXC][I]raw dispatch ts:[111028126402750,111028126403305]
[08:26:14.581][MXC][I]dispatch ts translate ret [1788942374580991810, 1788942374580997362]
[08:26:14.581][MCR][I]mc_memory.cpp            :1672: copy strategy - isAsync:0,waitComplete:0
[08:26:14.581][MXC][I]raw dispatch ts:[111028126436145,111028126436275]
[08:26:14.581][MCBLASLT][I]set_workspace is called ! user allocated size: 67108864B = 64.000000MB
[08:26:14.581][MXC][I]dispatch ts translate ret [1788942374581325940, 1788942374581327240]
[08:26:14.581][MCBLAS][I]mcblasSgemmStridedBatched 0 0 64 16 128 64 128 64 256 8192 2048 1024 1.000000 0.000000
[08:26:14.581][MXC][I]raw dispatch ts:[111028126403613,111028126404228]
[08:26:14.581][MXC][I]dispatch ts translate ret [1788942374581000498, 1788942374581006649]
[08:26:14.581][MCBLASLT][I]Kernsel found best solution: Kernel name: mcblas__Mck_sgemm_nn_64x32x64_1m1n4k_256t_fp32_fp32_fp32_sb_0_0, slt:0, swap:1, ksplit:0
[08:26:14.581][MCBLASLT][I]module get function mcblas__Mck_sgemm_nn_64x32x64_1m1n4k_256t_fp32_fp32_fp32_sb_0_0 successed
[08:26:14.581][MCBLASLT][I]mcModuleLaunchKernel successed, ret = 0
[08:26:14.581][MXC][I]raw async_copy ts:[44719596410660,44719596420428]
[08:26:14.581][MXC][I]sdma_ts_.sdma_counter:44718654537336
[08:26:14.581][MXC][I]DNOCfreq:900000000, async_copy ts translate ret [1788942374843005233, 1788942374843016086]
[08:26:14.581][MXC][I]raw dispatch ts:[111028126404507,111028126404989]
[08:26:14.581][MXC][I]dispatch ts translate ret [1788942374581009439, 1788942374581014259]
[08:26:14.581][MXC][I]raw dispatch ts:[111028126405273,111028126407923]
[08:26:14.581][MXC][I]dispatch ts translate ret [1788942374581017099, 1788942374581043599]
[08:26:14.581][MXC][I]raw dispatch ts:[111028126408205,111028126409517]
[08:26:14.581][MXC][I]dispatch ts translate ret [1788942374581046419, 1788942374581059540]
[08:26:14.581][MCR][I]mc_memory.cpp            :1671: copy strategy - H2DCpuCopy:0,D2HCpuCopy:0,cpuCopy:0,d2dCrossDevices:0,pageableHToDAsync:0
[08:26:14.581][MCR][I]mc_memory.cpp            :1672: copy strategy - isAsync:0,waitComplete:0
[08:26:14.581][MXC][I]raw dispatch ts:[111028126412525,111028126413027]
[08:26:14.581][MXC][I]dispatch ts translate ret [1788942374581089620, 1788942374581094640]
[08:26:14.581][MXC][I]raw dispatch ts:[111028126413317,111028126413561]
[08:26:14.581][MXC][I]dispatch ts translate ret [1788942374581097540, 1788942374581099980]
[08:26:14.581][MXC][I]raw dispatch ts:[111028126422119,111028126423139]
[08:26:14.581][MXC][I]dispatch ts translate ret [1788942374581185602, 1788942374581195808]
[08:26:14.581][MXC][I]raw dispatch ts:[111028126425763,111028126427003]
[08:26:14.581][MXC][I]dispatch ts translate ret [1788942374581222062, 1788942374581234469]
[08:26:14.581][MXC][I]raw dispatch ts:[111028126427282,111028126427933]
[08:26:14.581][MXC][I]dispatch ts translate ret [1788942374581237261, 1788942374581243774]
[08:26:14.581][MXC][I]raw dispatch ts:[111028126428210,111028126430844]
[08:26:14.581][MXC][I]dispatch ts translate ret [1788942374581246546, 1788942374581272900]
[08:26:14.581][MXC][I]raw dispatch ts:[111028126433362,111028126434736]
[08:26:14.581][MXC][I]dispatch ts translate ret [1788942374581298094, 1788942374581311842]
[08:26:14.581][MXC][I]raw dispatch ts:[111028126435020,111028126435877]
[08:26:14.581][MXC][I]dispatch ts translate ret [1788942374581314683, 1788942374581323258]
[08:26:14.581][MXC][I]raw dispatch ts:[111028126444107,111028126444506]
[08:26:14.581][MXC][I]dispatch ts translate ret [1788942374581405603, 1788942374581409595]
[08:26:14.581][MXC][I]raw dispatch ts:[111028126446727,111028126447088]
[08:26:14.581][MXC][I]dispatch ts translate ret [1788942374581431707, 1788942374581435315]
[08:26:14.581][MXC][I]raw dispatch ts:[111028126447391,111028126447686]
[08:26:14.581][MXC][I]dispatch ts translate ret [1788942374581438343, 1788942374581441292]
[08:26:14.581][MCBLASLT][I]set_workspace is called ! user allocated size: 67108864B = 64.000000MB
[08:26:14.581][MCBLAS][I]mcblasSgemmStridedBatched 1 0 128 16 64 64 64 128 256 8192 1024 2048 1.000000 0.000000
[08:26:14.581][MCBLASLT][I]Kernsel found best solution: Kernel name: mcblas__Mck_sgemm_tn_128x32x32_1m1n4k_256t_fp32_fp32_fp32_sb_0_0, slt:0, swap:0, ksplit:0
[08:26:14.581][MCBLASLT][I]module get function mcblas__Mck_sgemm_tn_128x32x32_1m1n4k_256t_fp32_fp32_fp32_sb_0_0 successed
[08:26:14.581][MCBLASLT][I]mcModuleLaunchKernel successed, ret = 0
[08:26:14.581][MCR][I]mc_memory.cpp            :1671: copy strategy - H2DCpuCopy:0,D2HCpuCopy:0,cpuCopy:0,d2dCrossDevices:0,pageableHToDAsync:0
[08:26:14.581][MCR][I]mc_memory.cpp            :1672: copy strategy - isAsync:0,waitComplete:0
[08:26:14.581][MXC][I]raw dispatch ts:[111028126473769,111028126473888]
[08:26:14.581][MXC][I]dispatch ts translate ret [1788942374581702045, 1788942374581703234]
[08:26:14.581][MXC][I]raw dispatch ts:[111028126447968,111028126448466]
[08:26:14.581][MXC][I]dispatch ts translate ret [1788942374581444064, 1788942374581449044]
[08:26:14.581][MXC][I]raw async_copy ts:[44719596839024,44719596873587]
[08:26:14.581][MXC][I]sdma_ts_.sdma_counter:44718654537336
[08:26:14.581][MXC][I]DNOCfreq:900000000, async_copy ts translate ret [1788942374843481193, 1788942374843519596]
[08:26:14.581][MXC][I]raw dispatch ts:[111028126451022,111028126451502]
[08:26:14.581][MCBLASLT][I]set_workspace is called ! user allocated size: 67108864B = 64.000000MB
[08:26:14.581][MXC][I]dispatch ts translate ret [1788942374581474605, 1788942374581479405]
[08:26:14.581][MCBLAS][I]mcblasSgemmStridedBatched 0 0 64 16 128 64 128 64 256 8192 2048 1024 1.000000 0.000000
[08:26:14.581][MCBLASLT][I]Kernsel found best solution: Kernel name: mcblas__Mck_sgemm_nn_64x32x64_1m1n4k_256t_fp32_fp32_fp32_sb_0_0, slt:0, swap:1, ksplit:0
[08:26:14.581][MCBLASLT][I]module get function mcblas__Mck_sgemm_nn_64x32x64_1m1n4k_256t_fp32_fp32_fp32_sb_0_0 successed
[08:26:14.581][MCBLASLT][I]mcModuleLaunchKernel successed, ret = 0
[08:26:14.581][MXC][I]raw dispatch ts:[111028126451790,111028126452185]
[08:26:14.581][MXC][I]dispatch ts translate ret [1788942374581482285, 1788942374581486235]
[08:26:14.581][MXC][I]raw dispatch ts:[111028126452468,111028126452751]
[08:26:14.581][MXC][I]dispatch ts translate ret [1788942374581489065, 1788942374581491895]
[08:26:14.581][MXC][I]raw dispatch ts:[111028126453027,111028126453212]
[08:26:14.581][MXC][I]dispatch ts translate ret [1788942374581494655, 1788942374581496505]
[08:26:14.581][MCR][I]mc_memory.cpp            :1671: copy strategy - H2DCpuCopy:0,D2HCpuCopy:0,cpuCopy:0,d2dCrossDevices:0,pageableHToDAsync:0
[08:26:14.581][MCR][I]mc_memory.cpp            :1672: copy strategy - isAsync:0,waitComplete:0
[08:26:14.581][MXC][I]raw dispatch ts:[111028126453487,111028126454213]
[08:26:14.581][MXC][I]dispatch ts translate ret [1788942374581499255, 1788942374581506515]
[08:26:14.581][MXC][I]raw dispatch ts:[111028126457046,111028126457342]
[08:26:14.581][MXC][I]dispatch ts translate ret [1788942374581534843, 1788942374581537803]
[08:26:14.581][MXC][I]raw dispatch ts:[111028126457636,111028126458203]
[08:26:14.581][MXC][I]dispatch ts translate ret [1788942374581540742, 1788942374581546411]
[08:26:14.581][MXC][I]raw dispatch ts:[111028126501574,111028126501809]
[08:26:14.581][MXC][I]dispatch ts translate ret [1788942374581980089, 1788942374581982439]
[08:26:14.581][MXC][I]raw dispatch ts:[111028126458481,111028126459198]
[08:26:14.581][MXC][I]dispatch ts translate ret [1788942374581549160, 1788942374581556331]
[08:26:14.582][MCBLASLT][I]set_workspace is called ! user allocated size: 67108864B = 64.000000MB
[08:26:14.582][MCBLAS][I]mcblasSgemmStridedBatched 1 0 128 16 64 64 64 128 256 8192 1024 2048 1.000000 0.000000
[08:26:14.582][MXC][I]raw async_copy ts:[44719597173064,44719597182777]
[08:26:14.582][MXC][I]sdma_ts_.sdma_counter:44718654537336
[08:26:14.582][MXC][I]DNOCfreq:900000000, async_copy ts translate ret [1788942374843852349, 1788942374843863141]
[08:26:14.582][MCBLASLT][I]Kernsel found best solution: Kernel name: mcblas__Mck_sgemm_tn_128x32x32_1m1n4k_256t_fp32_fp32_fp32_sb_0_0, slt:0, swap:0, ksplit:0
[08:26:14.582][MXC][I]raw dispatch ts:[111028126459473,111028126460046]
[08:26:14.582][MCBLASLT][I]module get function mcblas__Mck_sgemm_tn_128x32x32_1m1n4k_256t_fp32_fp32_fp32_sb_0_0 successed
[08:26:14.582][MXC][I]dispatch ts translate ret [1788942374581559081, 1788942374581564811]
[08:26:14.582][MCBLASLT][I]mcModuleLaunchKernel successed, ret = 0
[08:26:14.582][MXC][I]raw dispatch ts:[111028126460322,111028126468556]
[08:26:14.582][MXC][I]dispatch ts translate ret [1788942374581567571, 1788942374581649912]
[08:26:14.582][MXC][I]raw dispatch ts:[111028126468831,111028126470302]
[08:26:14.582][MXC][I]dispatch ts translate ret [1788942374581652662, 1788942374581667373]
[08:26:14.582][MXC][I]raw dispatch ts:[111028126470579,111028126470948]
[08:26:14.582][MXC][I]dispatch ts translate ret [1788942374581670143, 1788942374581673833]
[08:26:14.582][MXC][I]raw dispatch ts:[111028126471228,111028126471466]
[08:26:14.582][MXC][I]dispatch ts translate ret [1788942374581676633, 1788942374581679013]
[08:26:14.582][MXC][I]raw dispatch ts:[111028126482653,111028126483671]
[08:26:14.582][MXC][I]dispatch ts translate ret [1788942374581790882, 1788942374581801062]
[08:26:14.582][MCR][I]mc_memory.cpp            :1671: copy strategy - H2DCpuCopy:0,D2HCpuCopy:0,cpuCopy:0,d2dCrossDevices:0,pageableHToDAsync:0
[08:26:14.582][MXC][I]raw dispatch ts:[111028126486000,111028126487250]
[08:26:14.582][MXC][I]dispatch ts translate ret [1788942374581824351, 1788942374581836851]
[08:26:14.582][MCR][I]mc_memory.cpp            :1672: copy strategy - isAsync:0,waitComplete:0
[08:26:14.582][MXC][I]raw dispatch ts:[111028126487538,111028126488098]
[08:26:14.582][MXC][I]dispatch ts translate ret [1788942374581839731, 1788942374581845331]
[08:26:14.582][MXC][I]raw dispatch ts:[111028126488384,111028126496586]
[08:26:14.582][MXC][I]dispatch ts translate ret [1788942374581848191, 1788942374581930210]
[08:26:14.582][MXC][I]raw dispatch ts:[111028126499063,111028126500403]
[08:26:14.582][MXC][I]dispatch ts translate ret [1788942374581954979, 1788942374581968379]
[08:26:14.582][MXC][I]raw dispatch ts:[111028126500693,111028126501306]
[08:26:14.582][MXC][I]dispatch ts translate ret [1788942374581971279, 1788942374581977409]
[08:26:14.582][MXC][I]raw dispatch ts:[111028126510401,111028126510750]
[08:26:14.582][MXC][I]dispatch ts translate ret [1788942374582068356, 1788942374582071846]
[08:26:14.582][MXC][I]raw dispatch ts:[111028126512919,111028126513272]
[08:26:14.582][MXC][I]dispatch ts translate ret [1788942374582093534, 1788942374582097064]
[08:26:14.582][MXC][I]raw dispatch ts:[111028126513551,111028126513810]
[08:26:14.582][MXC][I]dispatch ts translate ret [1788942374582099854, 1788942374582102444]
[08:26:14.582][MCBLASLT][I]set_workspace is called ! user allocated size: 67108864B = 64.000000MB
[08:26:14.582][MCBLAS][I]mcblasSgemmStridedBatched 0 0 64 16 128 64 128 64 256 8192 2048 1024 1.000000 0.000000
[08:26:14.582][MCBLASLT][I]Kernsel found best solution: Kernel name: mcblas__Mck_sgemm_nn_64x32x64_1m1n4k_256t_fp32_fp32_fp32_sb_0_0, slt:0, swap:1, ksplit:0
[08:26:14.582][MCBLASLT][I]module get function mcblas__Mck_sgemm_nn_64x32x64_1m1n4k_256t_fp32_fp32_fp32_sb_0_0 successed
[08:26:14.582][MCBLASLT][I]mcModuleLaunchKernel successed, ret = 0
[08:26:14.582][MCR][I]mc_memory.cpp            :1671: copy strategy - H2DCpuCopy:0,D2HCpuCopy:0,cpuCopy:0,d2dCrossDevices:0,pageableHToDAsync:0
[08:26:14.582][MCR][I]mc_memory.cpp            :1672: copy strategy - isAsync:0,waitComplete:0
[08:26:14.582][MXC][I]raw dispatch ts:[111028126534331,111028126534691]
[08:26:14.582][MXC][I]dispatch ts translate ret [1788942374582307646, 1788942374582311246]
[08:26:14.582][MXC][I]raw dispatch ts:[111028126514083,111028126514588]
[08:26:14.582][MXC][I]dispatch ts translate ret [1788942374582105169, 1788942374582110219]
[08:26:14.582][MXC][I]raw async_copy ts:[44719597568322,44719597602841]
[08:26:14.582][MXC][I]sdma_ts_.sdma_counter:44718654537336
[08:26:14.582][MXC][I]DNOCfreq:900000000, async_copy ts translate ret [1788942374844291524, 1788942374844329878]
[08:26:14.582][MXC][I]raw dispatch ts:[111028126516838,111028126517298]
[08:26:14.582][MXC][I]dispatch ts translate ret [1788942374582132719, 1788942374582137319]
[08:26:14.582][MXC][I]raw dispatch ts:[111028126517582,111028126517965]
[08:26:14.582][MXC][I]dispatch ts translate ret [1788942374582140160, 1788942374582143990]
[08:26:14.582][MXC][I]raw dispatch ts:[111028126518245,111028126518538]
[08:26:14.582][MXC][I]dispatch ts translate ret [1788942374582146790, 1788942374582149720]
[08:26:14.582][MXC][I]raw dispatch ts:[111028126518818,111028126518993]
[08:26:14.582][MXC][I]dispatch ts translate ret [1788942374582152520, 1788942374582154270]
[08:26:14.582][MXC][I]raw dispatch ts:[111028126521656,111028126522533]
[08:26:14.582][MXC][I]dispatch ts translate ret [1788942374582180900, 1788942374582189670]
[08:26:14.582][MXC][I]raw dispatch ts:[111028126522821,111028126523137]
[08:26:14.582][MXC][I]dispatch ts translate ret [1788942374582192550, 1788942374582195710]
[08:26:14.582][MXC][I]raw dispatch ts:[111028126523424,111028126523858]
[08:26:14.582][MXC][I]dispatch ts translate ret [1788942374582198580, 1788942374582202920]
[08:26:14.582][MCBLASLT][I]set_workspace is called ! user allocated size: 67108864B = 64.000000MB
[08:26:14.582][MCBLAS][I]mcblasSgemmStridedBatched 1 0 128 16 64 64 64 128 256 8192 1024 2048 1.000000 0.000000
[08:26:14.582][MCBLASLT][I]Kernsel found best solution: Kernel name: mcblas__Mck_sgemm_tn_128x32x32_1m1n4k_256t_fp32_fp32_fp32_sb_0_0, slt:0, swap:0, ksplit:0
[08:26:14.582][MCBLASLT][I]module get function mcblas__Mck_sgemm_tn_128x32x32_1m1n4k_256t_fp32_fp32_fp32_sb_0_0 successed
[08:26:14.582][MCBLASLT][I]mcModuleLaunchKernel successed, ret = 0
[08:26:14.582][MXC][I]raw dispatch ts:[111028126555990,111028126556136]
[08:26:14.582][MXC][I]dispatch ts translate ret [1788942374582524271, 1788942374582525732]
[08:26:14.582][MXC][I]raw dispatch ts:[111028126524142,111028126524848]
[08:26:14.582][MXC][I]dispatch ts translate ret [1788942374582205753, 1788942374582212814]
[08:26:14.582][MCR][I]mc_memory.cpp            :1671: copy strategy - H2DCpuCopy:0,D2HCpuCopy:0,cpuCopy:0,d2dCrossDevices:0,pageableHToDAsync:0
[08:26:14.582][MCR][I]mc_memory.cpp            :1672: copy strategy - isAsync:0,waitComplete:0
[08:26:14.582][MXC][I]raw async_copy ts:[44719597829485,44719597839219]
[08:26:14.582][MXC][I]sdma_ts_.sdma_counter:44718654537336
[08:26:14.582][MXC][I]DNOCfreq:900000000, async_copy ts translate ret [1788942374844581705, 1788942374844592520]
[08:26:14.582][MXC][I]raw dispatch ts:[111028126525130,111028126525677]
[08:26:14.582][MXC][I]dispatch ts translate ret [1788942374582215634, 1788942374582221104]
[08:26:14.582][MXC][I]raw dispatch ts:[111028126525957,111028126529076]
[08:26:14.582][MXC][I]dispatch ts translate ret [1788942374582223904, 1788942374582255094]
[08:26:14.582][MXC][I]raw dispatch ts:[111028126531490,111028126532884]
[08:26:14.582][MXC][I]dispatch ts translate ret [1788942374582279235, 1788942374582293175]
[08:26:14.582][MXC][I]raw dispatch ts:[111028126533163,111028126533545]
[08:26:14.582][MXC][I]dispatch ts translate ret [1788942374582295965, 1788942374582299785]
[08:26:14.582][MXC][I]raw dispatch ts:[111028126533817,111028126534068]
[08:26:14.582][MXC][I]dispatch ts translate ret [1788942374582302505, 1788942374582305015]
[08:26:14.582][MCBLASLT][I]set_workspace is called ! user allocated size: 67108864B = 64.000000MB
[08:26:14.582][MXC][I]raw dispatch ts:[111028126542892,111028126543838]
[08:26:14.582][MXC][I]dispatch ts translate ret [1788942374582393269, 1788942374582402730]
[08:26:14.582][MCBLAS][I]mcblasSgemmStridedBatched 0 0 64 16 128 64 128 64 256 8192 2048 1024 1.000000 0.000000
[08:26:14.582][MCBLASLT][I]Kernsel found best solution: Kernel name: mcblas__Mck_sgemm_nn_64x32x64_1m1n4k_256t_fp32_fp32_fp32_sb_0_0, slt:0, swap:1, ksplit:0
[08:26:14.582][MXC][I]raw dispatch ts:[111028126546118,111028126547140]
[08:26:14.582][MCBLASLT][I]module get function mcblas__Mck_sgemm_nn_64x32x64_1m1n4k_256t_fp32_fp32_fp32_sb_0_0 successed
[08:26:14.582][MXC][I]dispatch ts translate ret [1788942374582425534, 1788942374582435756]
[08:26:14.582][MCBLASLT][I]mcModuleLaunchKernel successed, ret = 0
[08:26:14.582][MXC][I]raw dispatch ts:[111028126547426,111028126547939]
[08:26:14.582][MXC][I]dispatch ts translate ret [1788942374582438617, 1788942374582443747]
[08:26:14.582][MXC][I]raw dispatch ts:[111028126548226,111028126550660]
[08:26:14.582][MXC][I]dispatch ts translate ret [1788942374582446618, 1788942374582470962]
[08:26:14.582][MXC][I]raw dispatch ts:[111028126550943,111028126552235]
[08:26:14.582][MXC][I]dispatch ts translate ret [1788942374582473793, 1788942374582486715]
[08:26:14.582][MCR][I]mc_memory.cpp            :1671: copy strategy - H2DCpuCopy:0,D2HCpuCopy:0,cpuCopy:0,d2dCrossDevices:0,pageableHToDAsync:0
[08:26:14.582][MCR][I]mc_memory.cpp            :1672: copy strategy - isAsync:0,waitComplete:0
[08:26:14.582][MXC][I]raw dispatch ts:[111028126554981,111028126555704]
[08:26:14.582][MXC][I]dispatch ts translate ret [1788942374582514180, 1788942374582521411]
[08:26:14.582][MXC][I]raw dispatch ts:[111028126562341,111028126562724]
[08:26:14.582][MXC][I]dispatch ts translate ret [1788942374582587791, 1788942374582591622]
[08:26:14.582][MXC][I]raw dispatch ts:[111028126565495,111028126565832]
[08:26:14.582][MXC][I]dispatch ts translate ret [1788942374582619337, 1788942374582622707]
[08:26:14.582][MXC][I]raw dispatch ts:[111028126566134,111028126566383]
[08:26:14.582][MXC][I]dispatch ts translate ret [1788942374582625728, 1788942374582628218]
[08:26:14.582][MXC][I]raw dispatch ts:[111028126587586,111028126587696]
[08:26:14.582][MXC][I]dispatch ts translate ret [1788942374582840323, 1788942374582841423]
[08:26:14.582][MXC][I]raw dispatch ts:[111028126566655,111028126567138]
[08:26:14.582][MXC][I]dispatch ts translate ret [1788942374582630952, 1788942374582635783]
[08:26:14.582][MXC][I]raw async_copy ts:[44719598203686,44719598238285]
[08:26:14.582][MXC][I]sdma_ts_.sdma_counter:44718654537336
[08:26:14.582][MXC][I]DNOCfreq:900000000, async_copy ts translate ret [1788942374844997484, 1788942374845035927]
[08:26:14.582][MXC][I]raw dispatch ts:[111028126567413,111028126567747]
[08:26:14.582][MXC][I]dispatch ts translate ret [1788942374582638534, 1788942374582641875]
[08:26:14.582][MCBLASLT][I]set_workspace is called ! user allocated size: 67108864B = 64.000000MB
[08:26:14.582][MXC][I]raw dispatch ts:[111028126570136,111028126570587]
[08:26:14.582][MCBLAS][I]mcblasSgemmStridedBatched 1 0 128 16 64 64 64 128 256 8192 1024 2048 1.000000 0.000000
[08:26:14.582][MXC][I]dispatch ts translate ret [1788942374582665772, 1788942374582670283]
[08:26:14.582][MCBLASLT][I]Kernsel found best solution: Kernel name: mcblas__Mck_sgemm_tn_128x32x32_1m1n4k_256t_fp32_fp32_fp32_sb_0_0, slt:0, swap:0, ksplit:0
[08:26:14.582][MCBLASLT][I]module get function mcblas__Mck_sgemm_tn_128x32x32_1m1n4k_256t_fp32_fp32_fp32_sb_0_0 successed
[08:26:14.582][MXC][I]raw dispatch ts:[111028126570866,111028126571158]
[08:26:14.582][MXC][I]dispatch ts translate ret [1788942374582673074, 1788942374582675995]
[08:26:14.582][MCBLASLT][I]mcModuleLaunchKernel successed, ret = 0
[08:26:14.582][MXC][I]raw dispatch ts:[111028126571435,111028126571622]
[08:26:14.582][MXC][I]dispatch ts translate ret [1788942374582678766, 1788942374582680636]
[08:26:14.582][MXC][I]raw dispatch ts:[111028126573798,111028126574576]
[08:26:14.582][MXC][I]dispatch ts translate ret [1788942374582702402, 1788942374582710185]
[08:26:14.582][MXC][I]raw dispatch ts:[111028126574858,111028126575152]
[08:26:14.582][MXC][I]dispatch ts translate ret [1788942374582713006, 1788942374582715946]
[08:26:14.582][MXC][I]raw dispatch ts:[111028126575431,111028126575892]
[08:26:14.582][MXC][I]dispatch ts translate ret [1788942374582718737, 1788942374582723349]
[08:26:14.582][MCR][I]mc_memory.cpp            :1671: copy strategy - H2DCpuCopy:0,D2HCpuCopy:0,cpuCopy:0,d2dCrossDevices:0,pageableHToDAsync:0
[08:26:14.582][MCR][I]mc_memory.cpp            :1672: copy strategy - isAsync:0,waitComplete:0
[08:26:14.583][MXC][I]raw dispatch ts:[111028126608782,111028126608917]
[08:26:14.583][MXC][I]dispatch ts translate ret [1788942374583052365, 1788942374583053715]
[08:26:14.583][MXC][I]raw dispatch ts:[111028126578158,111028126578889]
[08:26:14.583][MXC][I]dispatch ts translate ret [1788942374582746043, 1788942374582753353]
[08:26:14.583][MCBLASLT][I]set_workspace is called ! user allocated size: 67108864B = 64.000000MB
[08:26:14.583][MXC][I]raw async_copy ts:[44719598459476,44719598469242]
[08:26:14.583][MXC][I]sdma_ts_.sdma_counter:44718654537336
[08:26:14.583][MXC][I]DNOCfreq:900000000, async_copy ts translate ret [1788942374845281695, 1788942374845292546]
[08:26:14.583][MCBLAS][I]mcblasSgemmStridedBatched 0 0 64 16 128 64 128 64 256 8192 2048 1024 1.000000 0.000000
[08:26:14.583][MXC][I]raw dispatch ts:[111028126579174,111028126579741]
[08:26:14.583][MXC][I]dispatch ts translate ret [1788942374582756203, 1788942374582761873]
[08:26:14.583][MCBLASLT][I]Kernsel found best solution: Kernel name: mcblas__Mck_sgemm_nn_64x32x64_1m1n4k_256t_fp32_fp32_fp32_sb_0_0, slt:0, swap:1, ksplit:0
[08:26:14.583][MCBLASLT][I]module get function mcblas__Mck_sgemm_nn_64x32x64_1m1n4k_256t_fp32_fp32_fp32_sb_0_0 successed
[08:26:14.583][MCBLASLT][I]mcModuleLaunchKernel successed, ret = 0
[08:26:14.583][MXC][I]raw dispatch ts:[111028126580026,111028126582451]
[08:26:14.583][MXC][I]dispatch ts translate ret [1788942374582764723, 1788942374582788973]
[08:26:14.583][MXC][I]raw dispatch ts:[111028126582736,111028126583970]
[08:26:14.583][MXC][I]dispatch ts translate ret [1788942374582791823, 1788942374582804164]
[08:26:14.583][MXC][I]raw dispatch ts:[111028126584254,111028126584887]
[08:26:14.583][MXC][I]dispatch ts translate ret [1788942374582807004, 1788942374582813334]
[08:26:14.583][MCR][I]mc_memory.cpp            :1671: copy strategy - H2DCpuCopy:0,D2HCpuCopy:0,cpuCopy:0,d2dCrossDevices:0,pageableHToDAsync:0
[08:26:14.583][MCR][I]mc_memory.cpp            :1672: copy strategy - isAsync:0,waitComplete:0
[08:26:14.583][MXC][I]raw dispatch ts:[111028126586982,111028126587279]
[08:26:14.583][MXC][I]dispatch ts translate ret [1788942374582834284, 1788942374582837254]
[08:26:14.583][MXC][I]raw dispatch ts:[111028126595601,111028126596532]
[08:26:14.583][MXC][I]dispatch ts translate ret [1788942374582920503, 1788942374582929817]
[08:26:14.583][MXC][I]raw dispatch ts:[111028126599035,111028126600126]
[08:26:14.583][MXC][I]dispatch ts translate ret [1788942374582954857, 1788942374582965771]
[08:26:14.583][MXC][I]raw dispatch ts:[111028126600406,111028126600915]
[08:26:14.583][MXC][I]dispatch ts translate ret [1788942374582968572, 1788942374582973664]
[08:26:14.583][MXC][I]raw dispatch ts:[111028126601191,111028126603989]
[08:26:14.583][MXC][I]dispatch ts translate ret [1788942374582976425, 1788942374583004416]
[08:26:14.583][MXC][I]raw dispatch ts:[111028126606090,111028126607471]
[08:26:14.583][MXC][I]dispatch ts translate ret [1788942374583025434, 1788942374583039250]
[08:26:14.583][MXC][I]raw dispatch ts:[111028126607754,111028126608513]
[08:26:14.583][MXC][I]dispatch ts translate ret [1788942374583042081, 1788942374583049674]
[08:26:14.583][MXC][I]raw dispatch ts:[111028126614713,111028126615071]
[08:26:14.583][MXC][I]dispatch ts translate ret [1788942374583111697, 1788942374583115278]
[08:26:14.583][MXC][I]raw dispatch ts:[111028126617299,111028126617662]
[08:26:14.583][MXC][I]dispatch ts translate ret [1788942374583137567, 1788942374583141198]
[08:26:14.583][MXC][I]raw dispatch ts:[111028126617966,111028126618239]
[08:26:14.583][MXC][I]dispatch ts translate ret [1788942374583144240, 1788942374583146971]
[08:26:14.583][MCBLASLT][I]set_workspace is called ! user allocated size: 67108864B = 64.000000MB
[08:26:14.583][MCBLAS][I]mcblasSgemmStridedBatched 1 0 128 16 64 64 64 128 256 8192 1024 2048 1.000000 0.000000
[08:26:14.583][MCBLASLT][I]Kernsel found best solution: Kernel name: mcblas__Mck_sgemm_tn_128x32x32_1m1n4k_256t_fp32_fp32_fp32_sb_0_0, slt:0, swap:0, ksplit:0
[08:26:14.583][MCBLASLT][I]module get function mcblas__Mck_sgemm_tn_128x32x32_1m1n4k_256t_fp32_fp32_fp32_sb_0_0 successed
[08:26:14.583][MCBLASLT][I]mcModuleLaunchKernel successed, ret = 0
[08:26:14.583][MXC][I]raw dispatch ts:[111028126638965,111028126639206]
[08:26:14.583][MXC][I]dispatch ts translate ret [1788942374583354093, 1788942374583356503]
[08:26:14.583][MXC][I]raw dispatch ts:[111028126621069,111028126621597]
[08:26:14.583][MXC][I]dispatch ts translate ret [1788942374583175197, 1788942374583180475]
[08:26:14.583][MCR][I]mc_memory.cpp            :1671: copy strategy - H2DCpuCopy:0,D2HCpuCopy:0,cpuCopy:0,d2dCrossDevices:0,pageableHToDAsync:0
[08:26:14.583][MCR][I]mc_memory.cpp            :1672: copy strategy - isAsync:0,waitComplete:0
[08:26:14.583][MXC][I]raw async_copy ts:[44719598823059,44719598857929]
[08:26:14.583][MXC][I]sdma_ts_.sdma_counter:44718654537336
[08:26:14.583][MXC][I]DNOCfreq:900000000, async_copy ts translate ret [1788942374845685676, 1788942374845724420]
[08:26:14.583][MXC][I]raw dispatch ts:[111028126621882,111028126622207]
[08:26:14.583][MXC][I]dispatch ts translate ret [1788942374583183324, 1788942374583186573]
[08:26:14.583][MXC][I]raw dispatch ts:[111028126622493,111028126622841]
[08:26:14.583][MXC][I]dispatch ts translate ret [1788942374583189432, 1788942374583192910]
[08:26:14.583][MXC][I]raw dispatch ts:[111028126623118,111028126623406]
[08:26:14.583][MXC][I]dispatch ts translate ret [1788942374583195679, 1788942374583198558]
[08:26:14.583][MXC][I]raw dispatch ts:[111028126623688,111028126623891]
[08:26:14.583][MXC][I]dispatch ts translate ret [1788942374583201377, 1788942374583203407]
[08:26:14.583][MXC][I]raw dispatch ts:[111028126626357,111028126627134]
[08:26:14.583][MXC][I]dispatch ts translate ret [1788942374583228058, 1788942374583235825]
[08:26:14.583][MXC][I]raw dispatch ts:[111028126627415,111028126627738]
[08:26:14.583][MXC][I]dispatch ts translate ret [1788942374583238634, 1788942374583241863]
[08:26:14.583][MCBLASLT][I]set_workspace is called ! user allocated size: 67108864B = 64.000000MB
[08:26:14.583][MCBLAS][I]mcblasSgemmStridedBatched 0 0 64 16 128 64 128 64 256 8192 2048 1024 1.000000 0.000000
[08:26:14.583][MXC][I]raw dispatch ts:[111028126628013,111028126628471]
[08:26:14.583][MCBLASLT][I]Kernsel found best solution: Kernel name: mcblas__Mck_sgemm_nn_64x32x64_1m1n4k_256t_fp32_fp32_fp32_sb_0_0, slt:0, swap:1, ksplit:0
[08:26:14.583][MCBLASLT][I]module get function mcblas__Mck_sgemm_nn_64x32x64_1m1n4k_256t_fp32_fp32_fp32_sb_0_0 successed
[08:26:14.583][MXC][I]dispatch ts translate ret [1788942374583244612, 1788942374583249190]
[08:26:14.583][MCBLASLT][I]mcModuleLaunchKernel successed, ret = 0
[08:26:14.583][MCR][I]mc_memory.cpp            :1671: copy strategy - H2DCpuCopy:0,D2HCpuCopy:0,cpuCopy:0,d2dCrossDevices:0,pageableHToDAsync:0
[08:26:14.583][MCR][I]mc_memory.cpp            :1672: copy strategy - isAsync:0,waitComplete:0
[08:26:14.583][MXC][I]raw dispatch ts:[111028126661871,111028126662050]
[08:26:14.583][MXC][I]dispatch ts translate ret [1788942374583583145, 1788942374583584935]
[08:26:14.583][MXC][I]raw dispatch ts:[111028126628743,111028126629409]
[08:26:14.583][MXC][I]dispatch ts translate ret [1788942374583251868, 1788942374583258529]
[08:26:14.583][MXC][I]raw async_copy ts:[44719599097868,44719599107586]
[08:26:14.583][MXC][I]sdma_ts_.sdma_counter:44718654537336
[08:26:14.583][MXC][I]DNOCfreq:900000000, async_copy ts translate ret [1788942374845991020, 1788942374846001817]
[08:26:14.583][MXC][I]raw dispatch ts:[111028126629685,111028126630209]
[08:26:14.583][MXC][I]dispatch ts translate ret [1788942374583261289, 1788942374583266529]
[08:26:14.583][MXC][I]raw dispatch ts:[111028126630483,111028126633217]
[08:26:14.583][MXC][I]dispatch ts translate ret [1788942374583269269, 1788942374583296609]
[08:26:14.583][MXC][I]raw dispatch ts:[111028126633493,111028126634798]
[08:26:14.583][MXC][I]dispatch ts translate ret [1788942374583299369, 1788942374583312420]
[08:26:14.583][MXC][I]raw dispatch ts:[111028126637681,111028126638167]
[08:26:14.583][MXC][I]dispatch ts translate ret [1788942374583341250, 1788942374583346110]
[08:26:14.583][MXC][I]raw dispatch ts:[111028126638456,111028126638692]
[08:26:14.583][MXC][I]dispatch ts translate ret [1788942374583349000, 1788942374583351360]
[08:26:14.583][MXC][I]raw dispatch ts:[111028126647201,111028126648212]
[08:26:14.583][MXC][I]dispatch ts translate ret [1788942374583436449, 1788942374583446558]
[08:26:14.583][MXC][I]raw dispatch ts:[111028126651220,111028126652360]
[08:26:14.583][MXC][I]dispatch ts translate ret [1788942374583476637, 1788942374583488037]
[08:26:14.583][MCBLASLT][I]set_workspace is called ! user allocated size: 67108864B = 64.000000MB
[08:26:14.583][MCBLAS][I]mcblasSgemmStridedBatched 1 0 128 16 64 64 64 128 256 8192 1024 2048 1.000000 0.000000
[08:26:14.583][MXC][I]raw dispatch ts:[111028126652653,111028126653259]
[08:26:14.583][MCBLASLT][I]Kernsel found best solution: Kernel name: mcblas__Mck_sgemm_tn_128x32x32_1m1n4k_256t_fp32_fp32_fp32_sb_0_0, slt:0, swap:0, ksplit:0
[08:26:14.583][MCBLASLT][I]module get function mcblas__Mck_sgemm_tn_128x32x32_1m1n4k_256t_fp32_fp32_fp32_sb_0_0 successed
[08:26:14.583][MXC][I]dispatch ts translate ret [1788942374583490967, 1788942374583497027]
[08:26:14.583][MCBLASLT][I]mcModuleLaunchKernel successed, ret = 0
[08:26:14.583][MXC][I]raw dispatch ts:[111028126653550,111028126656234]
[08:26:14.583][MXC][I]dispatch ts translate ret [1788942374583499937, 1788942374583526776]
[08:26:14.583][MXC][I]raw dispatch ts:[111028126656516,111028126657822]
[08:26:14.583][MXC][I]dispatch ts translate ret [1788942374583529596, 1788942374583542656]
[08:26:14.583][MXC][I]raw dispatch ts:[111028126660732,111028126661595]
[08:26:14.583][MXC][I]dispatch ts translate ret [1788942374583571755, 1788942374583580385]
[08:26:14.583][MCR][I]mc_memory.cpp            :1671: copy strategy - H2DCpuCopy:0,D2HCpuCopy:0,cpuCopy:0,d2dCrossDevices:0,pageableHToDAsync:0
[08:26:14.583][MCR][I]mc_memory.cpp            :1672: copy strategy - isAsync:0,waitComplete:0
[08:26:14.583][MXC][I]raw dispatch ts:[111028126668012,111028126668386]
[08:26:14.583][MXC][I]dispatch ts translate ret [1788942374583644552, 1788942374583648292]
[08:26:14.583][MXC][I]raw dispatch ts:[111028126671149,111028126671498]
[08:26:14.583][MXC][I]dispatch ts translate ret [1788942374583675921, 1788942374583679411]
[08:26:14.583][MXC][I]raw dispatch ts:[111028126671796,111028126672045]
[08:26:14.583][MXC][I]dispatch ts translate ret [1788942374583682391, 1788942374583684881]
[08:26:14.583][MCBLASLT][I]set_workspace is called ! user allocated size: 67108864B = 64.000000MB
[08:26:14.583][MCBLAS][I]mcblasSgemmStridedBatched 0 0 64 16 128 64 128 64 256 8192 2048 1024 1.000000 0.000000
[08:26:14.583][MCBLASLT][I]Kernsel found best solution: Kernel name: mcblas__Mck_sgemm_nn_64x32x64_1m1n4k_256t_fp32_fp32_fp32_sb_0_0, slt:0, swap:1, ksplit:0
[08:26:14.583][MCBLASLT][I]module get function mcblas__Mck_sgemm_nn_64x32x64_1m1n4k_256t_fp32_fp32_fp32_sb_0_0 successed
[08:26:14.583][MCBLASLT][I]mcModuleLaunchKernel successed, ret = 0
[08:26:14.583][MCR][I]mc_memory.cpp            :1671: copy strategy - H2DCpuCopy:0,D2HCpuCopy:0,cpuCopy:0,d2dCrossDevices:0,pageableHToDAsync:0
[08:26:14.583][MCR][I]mc_memory.cpp            :1672: copy strategy - isAsync:0,waitComplete:0
[08:26:14.583][MXC][I]raw dispatch ts:[111028126698810,111028126699076]
[08:26:14.583][MXC][I]dispatch ts translate ret [1788942374583952460, 1788942374583955120]
[08:26:14.583][MXC][I]raw dispatch ts:[111028126672322,111028126672786]
[08:26:14.583][MXC][I]dispatch ts translate ret [1788942374583687635, 1788942374583692274]
[08:26:14.584][MXC][I]raw async_copy ts:[44719599541150,44719599575629]
[08:26:14.584][MXC][I]sdma_ts_.sdma_counter:44718654537336
[08:26:14.584][MXC][I]DNOCfreq:900000000, async_copy ts translate ret [1788942374846483555, 1788942374846521865]
[08:26:14.584][MXC][I]raw dispatch ts:[111028126675555,111028126676007]
[08:26:14.584][MXC][I]dispatch ts translate ret [1788942374583719958, 1788942374583724477]
[08:26:14.584][MXC][I]raw dispatch ts:[111028126676294,111028126676642]
[08:26:14.584][MXC][I]dispatch ts translate ret [1788942374583727346, 1788942374583730826]
[08:26:14.584][MXC][I]raw dispatch ts:[111028126676926,111028126677209]
[08:26:14.584][MXC][I]dispatch ts translate ret [1788942374583733665, 1788942374583736495]
[08:26:14.584][MXC][I]raw dispatch ts:[111028126677486,111028126677659]
[08:26:14.584][MXC][I]dispatch ts translate ret [1788942374583739264, 1788942374583740994]
[08:26:14.584][MXC][I]raw dispatch ts:[111028126677933,111028126678656]
[08:26:14.584][MXC][I]dispatch ts translate ret [1788942374583743733, 1788942374583750962]
[08:26:14.584][MCBLASLT][I]set_workspace is called ! user allocated size: 67108864B = 64.000000MB
[08:26:14.584][MXC][I]raw dispatch ts:[111028126681441,111028126681737]
[08:26:14.584][MXC][I]dispatch ts translate ret [1788942374583778806, 1788942374583781765]
[08:26:14.584][MCBLAS][I]mcblasSgemmStridedBatched 1 0 128 16 64 64 64 128 256 8192 1024 2048 1.000000 0.000000
[08:26:14.584][MCBLASLT][I]Kernsel found best solution: Kernel name: mcblas__Mck_sgemm_tn_128x32x32_1m1n4k_256t_fp32_fp32_fp32_sb_0_0, slt:0, swap:0, ksplit:0
[08:26:14.584][MCBLASLT][I]module get function mcblas__Mck_sgemm_tn_128x32x32_1m1n4k_256t_fp32_fp32_fp32_sb_0_0 successed
[08:26:14.584][MXC][I]raw dispatch ts:[111028126682048,111028126682617]
[08:26:14.584][MXC][I]dispatch ts translate ret [1788942374583784875, 1788942374583790563]
[08:26:14.584][MCBLASLT][I]mcModuleLaunchKernel successed, ret = 0
[08:26:14.584][MCR][I]mc_memory.cpp            :1671: copy strategy - H2DCpuCopy:0,D2HCpuCopy:0,cpuCopy:0,d2dCrossDevices:0,pageableHToDAsync:0
[08:26:14.584][MCR][I]mc_memory.cpp            :1672: copy strategy - isAsync:0,waitComplete:0
[08:26:14.584][MCBLASLT][I]set_workspace is called ! user allocated size: 67108864B = 64.000000MB
[08:26:14.584][MCBLAS][I]mcblasSgemmStridedBatched 0 0 64 16 128 64 128 64 256 8192 2048 1024 1.000000 0.000000
[08:26:14.584][MCBLASLT][I]Kernsel found best solution: Kernel name: mcblas__Mck_sgemm_nn_64x32x64_1m1n4k_256t_fp32_fp32_fp32_sb_0_0, slt:0, swap:1, ksplit:0
[08:26:14.584][MCBLASLT][I]module get function mcblas__Mck_sgemm_nn_64x32x64_1m1n4k_256t_fp32_fp32_fp32_sb_0_0 successed
[08:26:14.584][MXC][I]raw dispatch ts:[111028126726972,111028126727194]
[08:26:14.584][MXC][I]dispatch ts translate ret [1788942374584234116, 1788942374584236337]
[08:26:14.584][MCBLASLT][I]mcModuleLaunchKernel successed, ret = 0
[08:26:14.584][MXC][I]raw dispatch ts:[111028126682899,111028126683581]
[08:26:14.584][MXC][I]dispatch ts translate ret [1788942374583793345, 1788942374583800165]
[08:26:14.584][MXC][I]raw async_copy ts:[44719599878162,44719599887839]
[08:26:14.584][MXC][I]sdma_ts_.sdma_counter:44718654537336
[08:26:14.584][MXC][I]DNOCfreq:900000000, async_copy ts translate ret [1788942374846858013, 1788942374846868765]
[08:26:14.584][MCR][I]mc_memory.cpp            :1671: copy strategy - H2DCpuCopy:0,D2HCpuCopy:0,cpuCopy:0,d2dCrossDevices:0,pageableHToDAsync:0
[08:26:14.584][MXC][I]raw dispatch ts:[111028126683865,111028126684459]
[08:26:14.584][MXC][I]dispatch ts translate ret [1788942374583803005, 1788942374583808946]
[08:26:14.584][MCR][I]mc_memory.cpp            :1672: copy strategy - isAsync:0,waitComplete:0
[08:26:14.584][MXC][I]raw dispatch ts:[111028126684729,111028126692918]
[08:26:14.584][MXC][I]dispatch ts translate ret [1788942374583811646, 1788942374583893537]
[08:26:14.584][MXC][I]raw dispatch ts:[111028126693192,111028126694651]
[08:26:14.584][MXC][I]dispatch ts translate ret [1788942374583896277, 1788942374583910868]
[08:26:14.584][MXC][I]raw dispatch ts:[111028126697534,111028126698010]
[08:26:14.584][MXC][I]dispatch ts translate ret [1788942374583939698, 1788942374583944458]
[08:26:14.584][MXC][I]raw dispatch ts:[111028126698288,111028126698537]
[08:26:14.584][MXC][I]dispatch ts translate ret [1788942374583947238, 1788942374583949728]
[08:26:14.584][MXC][I]raw dispatch ts:[111028126707075,111028126707942]
[08:26:14.584][MXC][I]dispatch ts translate ret [1788942374584035119, 1788942374584043790]
[08:26:14.584][MXC][I]raw dispatch ts:[111028126710843,111028126711963]
[08:26:14.584][MXC][I]dispatch ts translate ret [1788942374584072804, 1788942374584084006]
[08:26:14.584][MXC][I]raw dispatch ts:[111028126712251,111028126712810]
[08:26:14.584][MXC][I]dispatch ts translate ret [1788942374584086886, 1788942374584092477]
[08:26:14.584][MXC][I]raw dispatch ts:[111028126713093,111028126721281]
[08:26:14.584][MXC][I]dispatch ts translate ret [1788942374584095307, 1788942374584177199]
[08:26:14.584][MXC][I]raw dispatch ts:[111028126724435,111028126725788]
[08:26:14.584][MXC][I]dispatch ts translate ret [1788942374584208743, 1788942374584222275]
[08:26:14.584][MXC][I]raw dispatch ts:[111028126726079,111028126726695]
[08:26:14.584][MXC][I]dispatch ts translate ret [1788942374584225185, 1788942374584231346]
[08:26:14.584][MXC][I]raw dispatch ts:[111028126733447,111028126733860]
[08:26:14.584][MXC][I]dispatch ts translate ret [1788942374584298874, 1788942374584303005]
[08:26:14.584][MXC][I]raw dispatch ts:[111028126736646,111028126736985]
[08:26:14.584][MXC][I]dispatch ts translate ret [1788942374584330869, 1788942374584334259]
[08:26:14.584][MXC][I]raw dispatch ts:[111028126737279,111028126737527]
[08:26:14.584][MXC][I]dispatch ts translate ret [1788942374584337200, 1788942374584339680]
[08:26:14.584][MCBLASLT][I]set_workspace is called ! user allocated size: 67108864B = 64.000000MB
[08:26:14.584][MCBLAS][I]mcblasSgemmStridedBatched 1 0 128 16 64 64 64 128 256 8192 1024 2048 1.000000 0.000000
[08:26:14.584][MCBLASLT][I]Kernsel found best solution: Kernel name: mcblas__Mck_sgemm_tn_128x32x32_1m1n4k_256t_fp32_fp32_fp32_sb_0_0, slt:0, swap:0, ksplit:0
[08:26:14.584][MCBLASLT][I]module get function mcblas__Mck_sgemm_tn_128x32x32_1m1n4k_256t_fp32_fp32_fp32_sb_0_0 successed
[08:26:14.584][MCBLASLT][I]mcModuleLaunchKernel successed, ret = 0
[08:26:14.584][MXC][I]raw dispatch ts:[111028126756986,111028126757096]
[08:26:14.584][MXC][I]dispatch ts translate ret [1788942374584534207, 1788942374584535306]
[08:26:14.584][MXC][I]raw dispatch ts:[111028126737801,111028126738410]
[08:26:14.584][MXC][I]dispatch ts translate ret [1788942374584342390, 1788942374584348479]
[08:26:14.584][MCR][I]mc_memory.cpp            :1671: copy strategy - H2DCpuCopy:0,D2HCpuCopy:0,cpuCopy:0,d2dCrossDevices:0,pageableHToDAsync:0
[08:26:14.584][MCR][I]mc_memory.cpp            :1672: copy strategy - isAsync:0,waitComplete:0
[08:26:14.584][MXC][I]raw async_copy ts:[44719600237553,44719600272064]
[08:26:14.584][MXC][I]sdma_ts_.sdma_counter:44718654537336
[08:26:14.584][MXC][I]DNOCfreq:900000000, async_copy ts translate ret [1788942374847257336, 1788942374847295681]
[08:26:14.584][MXC][I]raw dispatch ts:[111028126738681,111028126739029]
[08:26:14.584][MXC][I]dispatch ts translate ret [1788942374584351188, 1788942374584354668]
[08:26:14.584][MXC][I]raw dispatch ts:[111028126743012,111028126743519]
[08:26:14.584][MXC][I]dispatch ts translate ret [1788942374584394491, 1788942374584399560]
[08:26:14.584][MXC][I]raw dispatch ts:[111028126743799,111028126744110]
[08:26:14.584][MXC][I]dispatch ts translate ret [1788942374584402360, 1788942374584405469]
[08:26:14.584][MXC][I]raw dispatch ts:[111028126744391,111028126744561]
[08:26:14.584][MXC][I]dispatch ts translate ret [1788942374584408279, 1788942374584409978]
[08:26:14.584][MCBLASLT][I]set_workspace is called ! user allocated size: 67108864B = 64.000000MB
[08:26:14.584][MXC][I]raw dispatch ts:[111028126744813,111028126745603]
[08:26:14.584][MXC][I]dispatch ts translate ret [1788942374584412498, 1788942374584420396]
[08:26:14.584][MCBLAS][I]mcblasSgemmStridedBatched 0 0 64 16 128 64 128 64 256 8192 2048 1024 1.000000 0.000000
[08:26:14.584][MCBLASLT][I]Kernsel found best solution: Kernel name: mcblas__Mck_sgemm_nn_64x32x64_1m1n4k_256t_fp32_fp32_fp32_sb_0_0, slt:0, swap:1, ksplit:0
[08:26:14.584][MCBLASLT][I]module get function mcblas__Mck_sgemm_nn_64x32x64_1m1n4k_256t_fp32_fp32_fp32_sb_0_0 successed
[08:26:14.584][MXC][I]raw dispatch ts:[111028126745885,111028126746172]
[08:26:14.584][MXC][I]dispatch ts translate ret [1788942374584423216, 1788942374584426085]
[08:26:14.584][MCBLASLT][I]mcModuleLaunchKernel successed, ret = 0
[08:26:14.584][MXC][I]raw dispatch ts:[111028126746448,111028126746896]
[08:26:14.584][MXC][I]dispatch ts translate ret [1788942374584428845, 1788942374584433324]
[08:26:14.584][MCR][I]mc_memory.cpp            :1671: copy strategy - H2DCpuCopy:0,D2HCpuCopy:0,cpuCopy:0,d2dCrossDevices:0,pageableHToDAsync:0
[08:26:14.584][MCR][I]mc_memory.cpp            :1672: copy strategy - isAsync:0,waitComplete:0
[08:26:14.584][MXC][I]raw dispatch ts:[111028126779203,111028126779348]
[08:26:14.584][MXC][I]dispatch ts translate ret [1788942374584756635, 1788942374584758087]
[08:26:14.584][MXC][I]raw dispatch ts:[111028126749284,111028126750074]
[08:26:14.584][MXC][I]dispatch ts translate ret [1788942374584457184, 1788942374584465084]
[08:26:14.584][MXC][I]raw async_copy ts:[44719600504788,44719600514460]
[08:26:14.584][MXC][I]sdma_ts_.sdma_counter:44718654537336
[08:26:14.584][MXC][I]DNOCfreq:900000000, async_copy ts translate ret [1788942374847554264, 1788942374847565010]
[08:26:14.584][MXC][I]raw dispatch ts:[111028126750364,111028126750902]
[08:26:14.584][MXC][I]dispatch ts translate ret [1788942374584467984, 1788942374584473364]
[08:26:14.584][MXC][I]raw dispatch ts:[111028126751184,111028126753676]
[08:26:14.584][MXC][I]dispatch ts translate ret [1788942374584476184, 1788942374584501105]
[08:26:14.584][MXC][I]raw dispatch ts:[111028126753960,111028126755215]
[08:26:14.584][MXC][I]dispatch ts translate ret [1788942374584503945, 1788942374584516495]
[08:26:14.584][MXC][I]raw dispatch ts:[111028126755504,111028126755962]
[08:26:14.584][MXC][I]dispatch ts translate ret [1788942374584519385, 1788942374584523965]
[08:26:14.584][MXC][I]raw dispatch ts:[111028126756243,111028126756478]
[08:26:14.584][MXC][I]dispatch ts translate ret [1788942374584526775, 1788942374584529125]
[08:26:14.584][MXC][I]raw dispatch ts:[111028126764976,111028126765915]
[08:26:14.584][MXC][I]dispatch ts translate ret [1788942374584614194, 1788942374584623595]
[08:26:14.584][MXC][I]raw dispatch ts:[111028126769259,111028126770280]
[08:26:14.584][MXC][I]dispatch ts translate ret [1788942374584657075, 1788942374584667297]
[08:26:14.584][MCBLASLT][I]set_workspace is called ! user allocated size: 67108864B = 64.000000MB
[08:26:14.584][MCBLAS][I]mcblasSgemmStridedBatched 1 0 128 16 64 64 64 128 256 8192 1024 2048 1.000000 0.000000
[08:26:14.584][MCBLASLT][I]Kernsel found best solution: Kernel name: mcblas__Mck_sgemm_tn_128x32x32_1m1n4k_256t_fp32_fp32_fp32_sb_0_0, slt:0, swap:0, ksplit:0
[08:26:14.584][MXC][I]raw dispatch ts:[111028126770563,111028126771091]
[08:26:14.584][MCBLASLT][I]module get function mcblas__Mck_sgemm_tn_128x32x32_1m1n4k_256t_fp32_fp32_fp32_sb_0_0 successed
[08:26:14.584][MXC][I]dispatch ts translate ret [1788942374584670131, 1788942374584675417]
[08:26:14.584][MCBLASLT][I]mcModuleLaunchKernel successed, ret = 0
[08:26:14.584][MXC][I]raw dispatch ts:[111028126771369,111028126773860]
[08:26:14.584][MXC][I]dispatch ts translate ret [1788942374584678201, 1788942374584703141]
[08:26:14.584][MXC][I]raw dispatch ts:[111028126774134,111028126775438]
[08:26:14.584][MXC][I]dispatch ts translate ret [1788942374584705884, 1788942374584718940]
[08:26:14.584][MXC][I]raw dispatch ts:[111028126778299,111028126778920]
[08:26:14.584][MXC][I]dispatch ts translate ret [1788942374584747584, 1788942374584753801]
[08:26:14.584][MXC][I]raw dispatch ts:[111028126785304,111028126785666]
[08:26:14.584][MCR][I]mc_memory.cpp            :1671: copy strategy - H2DCpuCopy:0,D2HCpuCopy:0,cpuCopy:0,d2dCrossDevices:0,pageableHToDAsync:0
[08:26:14.584][MCR][I]mc_memory.cpp            :1672: copy strategy - isAsync:0,waitComplete:0
[08:26:14.584][MXC][I]dispatch ts translate ret [1788942374584817717, 1788942374584821342]
[08:26:14.584][MXC][I]raw dispatch ts:[111028126788453,111028126788791]
[08:26:14.584][MXC][I]dispatch ts translate ret [1788942374584849245, 1788942374584852629]
[08:26:14.584][MXC][I]raw dispatch ts:[111028126789094,111028126789344]
[08:26:14.584][MXC][I]dispatch ts translate ret [1788942374584855663, 1788942374584858166]
[08:26:14.585][MCBLASLT][I]set_workspace is called ! user allocated size: 67108864B = 64.000000MB
[08:26:14.585][MCBLAS][I]mcblasSgemmStridedBatched 0 0 64 16 128 64 128 64 256 8192 2048 1024 1.000000 0.000000
[08:26:14.585][MCBLASLT][I]Kernsel found best solution: Kernel name: mcblas__Mck_sgemm_nn_64x32x64_1m1n4k_256t_fp32_fp32_fp32_sb_0_0, slt:0, swap:1, ksplit:0
[08:26:14.585][MCBLASLT][I]module get function mcblas__Mck_sgemm_nn_64x32x64_1m1n4k_256t_fp32_fp32_fp32_sb_0_0 successed
[08:26:14.585][MCBLASLT][I]mcModuleLaunchKernel successed, ret = 0
[08:26:14.585][MCR][I]mc_memory.cpp            :1671: copy strategy - H2DCpuCopy:0,D2HCpuCopy:0,cpuCopy:0,d2dCrossDevices:0,pageableHToDAsync:0
[08:26:14.585][MCR][I]mc_memory.cpp            :1672: copy strategy - isAsync:0,waitComplete:0
[08:26:14.585][MXC][I]raw dispatch ts:[111028126810280,111028126810529]
[08:26:14.585][MXC][I]dispatch ts translate ret [1788942374585067238, 1788942374585069727]
[08:26:14.585][MXC][I]raw dispatch ts:[111028126789626,111028126790134]
[08:26:14.585][MXC][I]dispatch ts translate ret [1788942374584860818, 1788942374584865895]
[08:26:14.585][MXC][I]raw async_copy ts:[44719600878489,44719600913057]
[08:26:14.585][MXC][I]sdma_ts_.sdma_counter:44718654537336
[08:26:14.585][MXC][I]DNOCfreq:900000000, async_copy ts translate ret [1788942374847969488, 1788942374848007896]
[08:26:14.585][MXC][I]raw dispatch ts:[111028126790421,111028126790755]
[08:26:14.585][MXC][I]dispatch ts translate ret [1788942374584868763, 1788942374584872101]
[08:26:14.585][MXC][I]raw dispatch ts:[111028126793576,111028126794029]
[08:26:14.585][MXC][I]dispatch ts translate ret [1788942374584900295, 1788942374584904822]
[08:26:14.585][MXC][I]raw dispatch ts:[111028126794310,111028126794622]
[08:26:14.585][MXC][I]dispatch ts translate ret [1788942374584907630, 1788942374584910749]
[08:26:14.585][MXC][I]raw dispatch ts:[111028126794896,111028126795066]
[08:26:14.585][MXC][I]dispatch ts translate ret [1788942374584913487, 1788942374584915186]
[08:26:14.585][MXC][I]raw dispatch ts:[111028126795316,111028126796100]
[08:26:14.585][MXC][I]dispatch ts translate ret [1788942374584917685, 1788942374584925520]
[08:26:14.585][MXC][I]raw dispatch ts:[111028126798701,111028126798997]
[08:26:14.585][MXC][I]dispatch ts translate ret [1788942374584951515, 1788942374584954473]
[08:26:14.585][MXC][I]raw dispatch ts:[111028126799291,111028126799823]
[08:26:14.585][MXC][I]dispatch ts translate ret [1788942374584957412, 1788942374584962729]
[08:26:14.585][MCBLASLT][I]set_workspace is called ! user allocated size: 67108864B = 64.000000MB
[08:26:14.585][MCBLAS][I]mcblasSgemmStridedBatched 1 0 128 16 64 64 64 128 256 8192 1024 2048 1.000000 0.000000
[08:26:14.585][MCBLASLT][I]Kernsel found best solution: Kernel name: mcblas__Mck_sgemm_tn_128x32x32_1m1n4k_256t_fp32_fp32_fp32_sb_0_0, slt:0, swap:0, ksplit:0
[08:26:14.585][MCBLASLT][I]module get function mcblas__Mck_sgemm_tn_128x32x32_1m1n4k_256t_fp32_fp32_fp32_sb_0_0 successed
[08:26:14.585][MCBLASLT][I]mcModuleLaunchKernel successed, ret = 0
[08:26:14.585][MXC][I]raw dispatch ts:[111028126832555,111028126832694]
[08:26:14.585][MXC][I]dispatch ts translate ret [1788942374585289889, 1788942374585291278]
[08:26:14.585][MCR][I]mc_memory.cpp            :1671: copy strategy - H2DCpuCopy:0,D2HCpuCopy:0,cpuCopy:0,d2dCrossDevices:0,pageableHToDAsync:0
[08:26:14.585][MCR][I]mc_memory.cpp            :1672: copy strategy - isAsync:0,waitComplete:0
[08:26:14.585][MXC][I]raw dispatch ts:[111028126800103,111028126800794]
[08:26:14.585][MXC][I]dispatch ts translate ret [1788942374584965461, 1788942374584972372]
[08:26:14.585][MXC][I]raw async_copy ts:[44719601154518,44719601164230]
[08:26:14.585][MXC][I]sdma_ts_.sdma_counter:44718654537336
[08:26:14.585][MXC][I]DNOCfreq:900000000, async_copy ts translate ret [1788942374848276186, 1788942374848286977]
[08:26:14.585][MXC][I]raw dispatch ts:[111028126801068,111028126801640]
[08:26:14.585][MXC][I]dispatch ts translate ret [1788942374584975112, 1788942374584980832]
[08:26:14.585][MXC][I]raw dispatch ts:[111028126801918,111028126804481]
[08:26:14.585][MXC][I]dispatch ts translate ret [1788942374584983612, 1788942374585009242]
[08:26:14.585][MXC][I]raw dispatch ts:[111028126804760,111028126806024]
[08:26:14.585][MXC][I]dispatch ts translate ret [1788942374585012032, 1788942374585024673]
[08:26:14.585][MCBLASLT][I]set_workspace is called ! user allocated size: 67108864B = 64.000000MB
[08:26:14.585][MXC][I]raw dispatch ts:[111028126809017,111028126809475]
[08:26:14.585][MXC][I]dispatch ts translate ret [1788942374585054603, 1788942374585059183]
[08:26:14.585][MCBLAS][I]mcblasSgemmStridedBatched 0 0 64 16 128 64 128 64 256 8192 2048 1024 1.000000 0.000000
[08:26:14.585][MCBLASLT][I]Kernsel found best solution: Kernel name: mcblas__Mck_sgemm_nn_64x32x64_1m1n4k_256t_fp32_fp32_fp32_sb_0_0, slt:0, swap:1, ksplit:0
[08:26:14.585][MCBLASLT][I]module get function mcblas__Mck_sgemm_nn_64x32x64_1m1n4k_256t_fp32_fp32_fp32_sb_0_0 successed
[08:26:14.585][MXC][I]raw dispatch ts:[111028126809761,111028126810006]
[08:26:14.585][MXC][I]dispatch ts translate ret [1788942374585062043, 1788942374585064493]
[08:26:14.585][MCBLASLT][I]mcModuleLaunchKernel successed, ret = 0
[08:26:14.585][MXC][I]raw dispatch ts:[111028126818618,111028126819689]
[08:26:14.585][MXC][I]dispatch ts translate ret [1788942374585150580, 1788942374585161286]
[08:26:14.585][MXC][I]raw dispatch ts:[111028126822364,111028126823510]
[08:26:14.585][MCR][I]mc_memory.cpp            :1671: copy strategy - H2DCpuCopy:0,D2HCpuCopy:0,cpuCopy:0,d2dCrossDevices:0,pageableHToDAsync:0
[08:26:14.585][MCR][I]mc_memory.cpp            :1672: copy strategy - isAsync:0,waitComplete:0
[08:26:14.585][MXC][I]dispatch ts translate ret [1788942374585188024, 1788942374585199479]
[08:26:14.585][MXC][I]raw dispatch ts:[111028126823798,111028126824381]
[08:26:14.585][MXC][I]dispatch ts translate ret [1788942374585202357, 1788942374585208185]
[08:26:14.585][MXC][I]raw dispatch ts:[111028126824662,111028126827130]
[08:26:14.585][MXC][I]dispatch ts translate ret [1788942374585210994, 1788942374585235663]
[08:26:14.585][MXC][I]raw dispatch ts:[111028126829848,111028126831281]
[08:26:14.585][MXC][I]dispatch ts translate ret [1788942374585262831, 1788942374585277154]
[08:26:14.585][MXC][I]raw dispatch ts:[111028126831562,111028126832290]
[08:26:14.585][MXC][I]dispatch ts translate ret [1788942374585279963, 1788942374585287240]
[08:26:14.585][MXC][I]raw dispatch ts:[111028126839416,111028126839801]
[08:26:14.585][MXC][I]dispatch ts translate ret [1788942374585358467, 1788942374585362316]
[08:26:14.585][MXC][I]raw dispatch ts:[111028126842311,111028126842687]
[08:26:14.585][MXC][I]dispatch ts translate ret [1788942374585387404, 1788942374585391163]
[08:26:14.585][MXC][I]raw dispatch ts:[111028126843006,111028126843255]
[08:26:14.585][MXC][I]dispatch ts translate ret [1788942374585394423, 1788942374585396914]
[08:26:14.585][MCBLASLT][I]set_workspace is called ! user allocated size: 67108864B = 64.000000MB
[08:26:14.585][MCBLAS][I]mcblasSgemmStridedBatched 1 0 128 16 64 64 64 128 256 8192 1024 2048 1.000000 0.000000
[08:26:14.585][MCBLASLT][I]Kernsel found best solution: Kernel name: mcblas__Mck_sgemm_tn_128x32x32_1m1n4k_256t_fp32_fp32_fp32_sb_0_0, slt:0, swap:0, ksplit:0
[08:26:14.585][MCBLASLT][I]module get function mcblas__Mck_sgemm_tn_128x32x32_1m1n4k_256t_fp32_fp32_fp32_sb_0_0 successed
[08:26:14.585][MCBLASLT][I]mcModuleLaunchKernel successed, ret = 0
[08:26:14.585][MXC][I]raw dispatch ts:[111028126864595,111028126864961]
[08:26:14.585][MXC][I]dispatch ts translate ret [1788942374585610330, 1788942374585613990]
[08:26:14.585][MXC][I]raw dispatch ts:[111028126845957,111028126846442]
[08:26:14.585][MXC][I]dispatch ts translate ret [1788942374585423963, 1788942374585428813]
[08:26:14.585][MCR][I]mc_memory.cpp            :1671: copy strategy - H2DCpuCopy:0,D2HCpuCopy:0,cpuCopy:0,d2dCrossDevices:0,pageableHToDAsync:0
[08:26:14.585][MCR][I]mc_memory.cpp            :1672: copy strategy - isAsync:0,waitComplete:0
[08:26:14.585][MXC][I]raw async_copy ts:[44719601541224,44719601575812]
[08:26:14.585][MXC][I]sdma_ts_.sdma_counter:44718654537336
[08:26:14.585][MXC][I]DNOCfreq:900000000, async_copy ts translate ret [1788942374848705860, 1788942374848744291]
[08:26:14.585][MXC][I]raw dispatch ts:[111028126846727,111028126847063]
[08:26:14.585][MXC][I]dispatch ts translate ret [1788942374585431663, 1788942374585435023]
[08:26:14.585][MXC][I]raw dispatch ts:[111028126847348,111028126847696]
[08:26:14.585][MXC][I]dispatch ts translate ret [1788942374585437873, 1788942374585441353]
[08:26:14.585][MXC][I]raw dispatch ts:[111028126847974,111028126848263]
[08:26:14.585][MXC][I]dispatch ts translate ret [1788942374585444133, 1788942374585447023]
[08:26:14.585][MXC][I]raw dispatch ts:[111028126848554,111028126848744]
[08:26:14.585][MXC][I]dispatch ts translate ret [1788942374585449933, 1788942374585451834]
[08:26:14.585][MXC][I]raw dispatch ts:[111028126851553,111028126852366]
[08:26:14.585][MXC][I]dispatch ts translate ret [1788942374585479924, 1788942374585488054]
[08:26:14.585][MCBLASLT][I]set_workspace is called ! user allocated size: 67108864B = 64.000000MB
[08:26:14.585][MXC][I]raw dispatch ts:[111028126852658,111028126852955]
[08:26:14.585][MXC][I]dispatch ts translate ret [1788942374585490974, 1788942374585493944]
[08:26:14.585][MCBLAS][I]mcblasSgemmStridedBatched 0 0 64 16 128 64 128 64 256 8192 2048 1024 1.000000 0.000000
[08:26:14.585][MCBLASLT][I]Kernsel found best solution: Kernel name: mcblas__Mck_sgemm_nn_64x32x64_1m1n4k_256t_fp32_fp32_fp32_sb_0_0, slt:0, swap:1, ksplit:0
[08:26:14.585][MXC][I]raw dispatch ts:[111028126853234,111028126853691]
[08:26:14.585][MCBLASLT][I]module get function mcblas__Mck_sgemm_nn_64x32x64_1m1n4k_256t_fp32_fp32_fp32_sb_0_0 successed
[08:26:14.585][MXC][I]dispatch ts translate ret [1788942374585496734, 1788942374585501304]
[08:26:14.585][MCBLASLT][I]mcModuleLaunchKernel successed, ret = 0
[08:26:14.585][MCR][I]mc_memory.cpp            :1671: copy strategy - H2DCpuCopy:0,D2HCpuCopy:0,cpuCopy:0,d2dCrossDevices:0,pageableHToDAsync:0
[08:26:14.585][MCR][I]mc_memory.cpp            :1672: copy strategy - isAsync:0,waitComplete:0
[08:26:14.585][MXC][I]raw dispatch ts:[111028126888379,111028126888524]
[08:26:14.585][MXC][I]dispatch ts translate ret [1788942374585848307, 1788942374585849757]
[08:26:14.585][MXC][I]raw dispatch ts:[111028126853970,111028126854672]
[08:26:14.585][MXC][I]dispatch ts translate ret [1788942374585504076, 1788942374585511096]
[08:26:14.585][MXC][I]raw async_copy ts:[44719601815457,44719601825238]
[08:26:14.585][MXC][I]sdma_ts_.sdma_counter:44718654537336
[08:26:14.585][MXC][I]DNOCfreq:900000000, async_copy ts translate ret [1788942374849010563, 1788942374849021430]
[08:26:14.585][MXC][I]raw dispatch ts:[111028126854945,111028126855517]
[08:26:14.585][MXC][I]dispatch ts translate ret [1788942374585513826, 1788942374585519546]
[08:26:14.585][MXC][I]raw dispatch ts:[111028126858577,111028126861306]
[08:26:14.585][MXC][I]dispatch ts translate ret [1788942374585550147, 1788942374585577438]
[08:26:14.585][MXC][I]raw dispatch ts:[111028126861592,111028126863187]
[08:26:14.585][MXC][I]dispatch ts translate ret [1788942374585580298, 1788942374585596248]
[08:26:14.585][MXC][I]raw dispatch ts:[111028126863461,111028126863829]
[08:26:14.585][MXC][I]dispatch ts translate ret [1788942374585598988, 1788942374585602668]
[08:26:14.585][MXC][I]raw dispatch ts:[111028126864104,111028126864328]
[08:26:14.585][MXC][I]dispatch ts translate ret [1788942374585605418, 1788942374585607658]
[08:26:14.585][MXC][I]raw dispatch ts:[111028126874076,111028126875089]
[08:26:14.585][MXC][I]dispatch ts translate ret [1788942374585705188, 1788942374585715324]
[08:26:14.585][MXC][I]raw dispatch ts:[111028126877941,111028126879090]
[08:26:14.585][MXC][I]dispatch ts translate ret [1788942374585743862, 1788942374585755359]
[08:26:14.585][MXC][I]raw dispatch ts:[111028126879378,111028126879928]
[08:26:14.585][MXC][I]dispatch ts translate ret [1788942374585758241, 1788942374585763744]
[08:26:14.585][MXC][I]raw dispatch ts:[111028126880215,111028126882722]
[08:26:14.585][MXC][I]dispatch ts translate ret [1788942374585766616, 1788942374585791702]
[08:26:14.585][MXC][I]raw dispatch ts:[111028126883004,111028126884463]
[08:26:14.585][MXC][I]dispatch ts translate ret [1788942374585794523, 1788942374585809122]
[08:26:14.585][MXC][I]raw dispatch ts:[111028126887344,111028126888090]
[08:26:14.586][MXC][I]dispatch ts translate ret [1788942374585837950, 1788942374585845415]
[08:26:14.586][MXC][I]raw dispatch ts:[111028126894471,111028126894857]
[08:26:14.586][MXC][I]dispatch ts translate ret [1788942374585909263, 1788942374585913126]
[08:26:14.586][MXC][I]raw dispatch ts:[111028126897649,111028126897988]
[08:26:14.586][MXC][I]dispatch ts translate ret [1788942374585941063, 1788942374585944455]
[08:26:14.586][MXC][I]raw dispatch ts:[111028126898283,111028126898545]
[08:26:14.586][MXC][I]dispatch ts translate ret [1788942374585947407, 1788942374585950028]
[08:26:14.586][MXC][I]raw dispatch ts:[111028126922666,111028126922941]
[08:26:14.586][MXC][I]dispatch ts translate ret [1788942374586191058, 1788942374586193807]
[08:26:14.586][MXC][I]raw dispatch ts:[111028126898815,111028126899311]
[08:26:14.586][MXC][I]dispatch ts translate ret [1788942374585952636, 1788942374585957594]
[08:26:14.586][MXC][I]raw async_copy ts:[44719602226601,44719602261204]
[08:26:14.586][MXC][I]sdma_ts_.sdma_counter:44718654537336
[08:26:14.586][MXC][I]DNOCfreq:900000000, async_copy ts translate ret [1788942374849467390, 1788942374849505837]
[08:26:14.586][MXC][I]raw dispatch ts:[111028126899582,111028126899916]
[08:26:14.586][MXC][I]dispatch ts translate ret [1788942374585960303, 1788942374585963642]
[08:26:14.586][MXC][I]raw dispatch ts:[111028126902709,111028126903185]
[08:26:14.586][MXC][I]dispatch ts translate ret [1788942374585991562, 1788942374585996320]
[08:26:14.586][MXC][I]raw dispatch ts:[111028126903463,111028126903756]
[08:26:14.586][MXC][I]dispatch ts translate ret [1788942374585999099, 1788942374586002028]
[08:26:14.586][MXC][I]raw dispatch ts:[111028126904033,111028126904204]
[08:26:14.586][MXC][I]dispatch ts translate ret [1788942374586004797, 1788942374586006506]
[08:26:14.586][MXC][I]raw dispatch ts:[111028126904463,111028126905238]
[08:26:14.586][MXC][I]dispatch ts translate ret [1788942374586009095, 1788942374586016842]
[08:26:14.586][MXC][I]raw dispatch ts:[111028126905539,111028126905826]
[08:26:14.586][MXC][I]dispatch ts translate ret [1788942374586019851, 1788942374586022720]
[08:26:14.586][MXC][I]raw dispatch ts:[111028126906104,111028126906585]
[08:26:14.586][MXC][I]dispatch ts translate ret [1788942374586025499, 1788942374586030308]
[08:26:14.586][MXC][I]raw dispatch ts:[111028126951497,111028126951591]
[08:26:14.586][MXC][I]dispatch ts translate ret [1788942374586479308, 1788942374586480248]
[08:26:14.586][MXC][I]raw dispatch ts:[111028126909380,111028126910202]
[08:26:14.586][MXC][I]dispatch ts translate ret [1788942374586058193, 1788942374586066413]
[08:26:14.586][MXC][I]raw async_copy ts:[44719602570782,44719602580479]
[08:26:14.586][MXC][I]sdma_ts_.sdma_counter:44718654537336
[08:26:14.586][MXC][I]DNOCfreq:900000000, async_copy ts translate ret [1788942374849849813, 1788942374849860587]
[08:26:14.586][MXC][I]raw dispatch ts:[111028126910490,111028126911066]
[08:26:14.586][MXC][I]dispatch ts translate ret [1788942374586069293, 1788942374586075053]
[08:26:14.586][MXC][I]raw dispatch ts:[111028126911361,111028126919570]
[08:26:14.586][MXC][I]dispatch ts translate ret [1788942374586078003, 1788942374586160095]
[08:26:14.586][MXC][I]raw dispatch ts:[111028126919856,111028126921209]
[08:26:14.586][MXC][I]dispatch ts translate ret [1788942374586162955, 1788942374586176485]
[08:26:14.586][MXC][I]raw dispatch ts:[111028126921493,111028126921883]
[08:26:14.586][MXC][I]dispatch ts translate ret [1788942374586179325, 1788942374586183225]
[08:26:14.586][MXC][I]raw dispatch ts:[111028126922161,111028126922398]
[08:26:14.586][MXC][I]dispatch ts translate ret [1788942374586186005, 1788942374586188375]
[08:26:14.586][MXC][I]raw dispatch ts:[111028126930829,111028126931865]
[08:26:14.586][MXC][I]dispatch ts translate ret [1788942374586272670, 1788942374586283028]
[08:26:14.586][MXC][I]raw dispatch ts:[111028126935098,111028126936229]
[08:26:14.586][MXC][I]dispatch ts translate ret [1788942374586315352, 1788942374586326659]
[08:26:14.586][MXC][I]raw dispatch ts:[111028126936510,111028126937083]
[08:26:14.586][MXC][I]dispatch ts translate ret [1788942374586329469, 1788942374586335198]
[08:26:14.586][MXC][I]raw dispatch ts:[111028126937357,111028126945778]
[08:26:14.586][MXC][I]dispatch ts translate ret [1788942374586337937, 1788942374586422130]
[08:26:14.586][MXC][I]raw dispatch ts:[111028126946050,111028126947520]
[08:26:14.586][MXC][I]dispatch ts translate ret [1788942374586424849, 1788942374586439546]
[08:26:14.586][MXC][I]raw dispatch ts:[111028126947803,111028126948556]
[08:26:14.586][MXC][I]dispatch ts translate ret [1788942374586442375, 1788942374586449904]
[08:26:14.586][MXC][I]raw dispatch ts:[111028126957242,111028126957605]
[08:26:14.586][MXC][I]dispatch ts translate ret [1788942374586536745, 1788942374586540374]
[08:26:14.586][MXC][I]raw dispatch ts:[111028126960350,111028126960714]
[08:26:14.586][MXC][I]dispatch ts translate ret [1788942374586567819, 1788942374586571458]
[08:26:14.586][MXC][I]raw dispatch ts:[111028126961017,111028126961266]
[08:26:14.586][MXC][I]dispatch ts translate ret [1788942374586574487, 1788942374586576977]
[08:26:14.586][MXC][I]raw dispatch ts:[111028126979399,111028126979516]
[08:26:14.586][MXC][I]dispatch ts translate ret [1788942374586758398, 1788942374586759568]
[08:26:14.586][MXC][I]raw dispatch ts:[111028126961556,111028126962065]
[08:26:14.586][MXC][I]dispatch ts translate ret [1788942374586579921, 1788942374586585012]
[08:26:14.586][MXC][I]raw async_copy ts:[44719602903838,44719602938454]
[08:26:14.586][MXC][I]sdma_ts_.sdma_counter:44718654537336
[08:26:14.586][MXC][I]DNOCfreq:900000000, async_copy ts translate ret [1788942374850219875, 1788942374850258337]
[08:26:14.586][MXC][I]raw dispatch ts:[111028126962344,111028126962720]
[08:26:14.586][MXC][I]dispatch ts translate ret [1788942374586587803, 1788942374586591564]
[08:26:14.586][MXC][I]raw dispatch ts:[111028126965629,111028126966136]
[08:26:14.586][MXC][I]dispatch ts translate ret [1788942374586620662, 1788942374586625733]
[08:26:14.586][MXC][I]raw dispatch ts:[111028126966412,111028126966711]
[08:26:14.586][MXC][I]dispatch ts translate ret [1788942374586628494, 1788942374586631485]
[08:26:14.586][MXC][I]raw dispatch ts:[111028126966988,111028126967161]
[08:26:14.586][MXC][I]dispatch ts translate ret [1788942374586634255, 1788942374586635986]
[08:26:14.586][MXC][I]raw dispatch ts:[111028126967413,111028126968150]
[08:26:14.586][MXC][I]dispatch ts translate ret [1788942374586638506, 1788942374586645878]
[08:26:14.586][MXC][I]raw dispatch ts:[111028126968430,111028126968671]
[08:26:14.586][MXC][I]dispatch ts translate ret [1788942374586648679, 1788942374586651090]
[08:26:14.586][MXC][I]raw dispatch ts:[111028126968936,111028126969507]
[08:26:14.586][MXC][I]dispatch ts translate ret [1788942374586653740, 1788942374586659452]
[08:26:14.586][MXC][I]raw dispatch ts:[111028127001182,111028127001322]
[08:26:14.586][MXC][I]dispatch ts translate ret [1788942374586976159, 1788942374586977558]
[08:26:14.586][MXC][I]raw dispatch ts:[111028126971912,111028126972607]
[08:26:14.586][MXC][I]dispatch ts translate ret [1788942374586683528, 1788942374586690478]
[08:26:14.587][MXC][I]raw async_copy ts:[44719603164924,44719603175585]
[08:26:14.587][MXC][I]sdma_ts_.sdma_counter:44718654537336
[08:26:14.587][MXC][I]DNOCfreq:900000000, async_copy ts translate ret [1788942374850509971, 1788942374850521816]
[08:26:14.587][MXC][I]raw dispatch ts:[111028126972889,111028126973411]
[08:26:14.587][MXC][I]dispatch ts translate ret [1788942374586693298, 1788942374586698518]
[08:26:14.587][MXC][I]raw dispatch ts:[111028126973695,111028126976102]
[08:26:14.587][MXC][I]dispatch ts translate ret [1788942374586701358, 1788942374586725429]
[08:26:14.587][MXC][I]raw dispatch ts:[111028126976380,111028126977618]
[08:26:14.587][MXC][I]dispatch ts translate ret [1788942374586728209, 1788942374586740589]
[08:26:14.587][MXC][I]raw dispatch ts:[111028126977903,111028126978309]
[08:26:14.587][MXC][I]dispatch ts translate ret [1788942374586743439, 1788942374586747499]
[08:26:14.587][MXC][I]raw dispatch ts:[111028126978594,111028126979121]
[08:26:14.587][MXC][I]dispatch ts translate ret [1788942374586750349, 1788942374586755619]
[08:26:14.587][MXC][I]raw dispatch ts:[111028126987165,111028126988065]
[08:26:14.587][MXC][I]dispatch ts translate ret [1788942374586836036, 1788942374586845033]
[08:26:14.587][MXC][I]raw dispatch ts:[111028126990933,111028126991924]
[08:26:14.587][MXC][I]dispatch ts translate ret [1788942374586873703, 1788942374586883610]
[08:26:14.587][MXC][I]raw dispatch ts:[111028126992211,111028126992773]
[08:26:14.587][MXC][I]dispatch ts translate ret [1788942374586886479, 1788942374586892097]
[08:26:14.587][MXC][I]raw dispatch ts:[111028126993046,111028126995880]
[08:26:14.587][MXC][I]dispatch ts translate ret [1788942374586894826, 1788942374586923156]
[08:26:14.587][MXC][I]raw dispatch ts:[111028126996154,111028126997432]
[08:26:14.587][MXC][I]dispatch ts translate ret [1788942374586925895, 1788942374586938671]
[08:26:14.587][MXC][I]raw dispatch ts:[111028127000099,111028127000903]
[08:26:14.587][MXC][I]dispatch ts translate ret [1788942374586965332, 1788942374586973370]
[08:26:14.587][MXC][I]raw dispatch ts:[111028127007060,111028127007435]
[08:26:14.587][MXC][I]dispatch ts translate ret [1788942374587034918, 1788942374587038667]
[08:26:14.587][MXC][I]raw dispatch ts:[111028127010315,111028127010689]
[08:26:14.587][MXC][I]dispatch ts translate ret [1788942374587067457, 1788942374587071196]
[08:26:14.587][MXC][I]raw dispatch ts:[111028127010968,111028127011240]
[08:26:14.587][MXC][I]dispatch ts translate ret [1788942374587073985, 1788942374587076704]
[08:26:14.587][MXC][I]raw dispatch ts:[111028127029565,111028127029926]
[08:26:14.587][MXC][I]dispatch ts translate ret [1788942374587260021, 1788942374587263632]
[08:26:14.587][MXC][I]raw dispatch ts:[111028127011517,111028127012034]
[08:26:14.587][MXC][I]dispatch ts translate ret [1788942374587079519, 1788942374587084689]
[08:26:14.587][MXC][I]raw async_copy ts:[44719603509470,44719603544006]
[08:26:14.587][MXC][I]sdma_ts_.sdma_counter:44718654537336
[08:26:14.587][MXC][I]DNOCfreq:900000000, async_copy ts translate ret [1788942374850892800, 1788942374850931173]
[08:26:14.587][MXC][I]raw dispatch ts:[111028127012310,111028127012645]
[08:26:14.587][MXC][I]dispatch ts translate ret [1788942374587087450, 1788942374587090800]
[08:26:14.587][MXC][I]raw dispatch ts:[111028127015375,111028127015842]
[08:26:14.587][MXC][I]dispatch ts translate ret [1788942374587118104, 1788942374587122774]
[08:26:14.587][MXC][I]raw dispatch ts:[111028127016127,111028127016420]
[08:26:14.587][MXC][I]dispatch ts translate ret [1788942374587125624, 1788942374587128555]
[08:26:14.587][MXC][I]raw dispatch ts:[111028127016704,111028127016874]
[08:26:14.587][MXC][I]dispatch ts translate ret [1788942374587131395, 1788942374587133095]
[08:26:14.587][MXC][I]raw dispatch ts:[111028127017137,111028127017867]
[08:26:14.587][MXC][I]dispatch ts translate ret [1788942374587135726, 1788942374587143027]
[08:26:14.587][MXC][I]raw dispatch ts:[111028127018151,111028127018349]
[08:26:14.587][MXC][I]dispatch ts translate ret [1788942374587145867, 1788942374587147847]
[08:26:14.587][MXC][I]raw dispatch ts:[111028127018616,111028127019158]
[08:26:14.587][MXC][I]dispatch ts translate ret [1788942374587150518, 1788942374587155938]
[08:26:14.587][MXC][I]raw dispatch ts:[111028127050845,111028127050989]
[08:26:14.587][MXC][I]dispatch ts translate ret [1788942374587472769, 1788942374587474209]
[08:26:14.587][MXC][I]raw dispatch ts:[111028127021922,111028127022718]
[08:26:14.587][MXC][I]dispatch ts translate ret [1788942374587183591, 1788942374587191551]
[08:26:14.587][MXC][I]raw async_copy ts:[44719603761916,44719603771702]
[08:26:14.587][MXC][I]sdma_ts_.sdma_counter:44718654537336
[08:26:14.587][MXC][I]DNOCfreq:900000000, async_copy ts translate ret [1788942374851173295, 1788942374851184168]
[08:26:14.587][MXC][I]raw dispatch ts:[111028127022999,111028127023504]
[08:26:14.587][MXC][I]dispatch ts translate ret [1788942374587194361, 1788942374587199411]
[08:26:14.587][MXC][I]raw dispatch ts:[111028127023783,111028127026302]
[08:26:14.587][MXC][I]dispatch ts translate ret [1788942374587202201, 1788942374587227392]
[08:26:14.587][MXC][I]raw dispatch ts:[111028127026576,111028127028137]
[08:26:14.587][MXC][I]dispatch ts translate ret [1788942374587230132, 1788942374587245742]
[08:26:14.587][MXC][I]raw dispatch ts:[111028127028415,111028127028783]
[08:26:14.587][MXC][I]dispatch ts translate ret [1788942374587248522, 1788942374587252202]
[08:26:14.587][MXC][I]raw dispatch ts:[111028127029057,111028127029295]
[08:26:14.587][MXC][I]dispatch ts translate ret [1788942374587254942, 1788942374587257322]
[08:26:14.587][MXC][I]raw dispatch ts:[111028127037942,111028127038961]
[08:26:14.587][MXC][I]dispatch ts translate ret [1788942374587343773, 1788942374587353960]
[08:26:14.587][MXC][I]raw dispatch ts:[111028127041346,111028127042414]
[08:26:14.587][MXC][I]dispatch ts translate ret [1788942374587377804, 1788942374587388481]
[08:26:14.587][MXC][I]raw dispatch ts:[111028127042702,111028127043260]
[08:26:14.587][MXC][I]dispatch ts translate ret [1788942374587391361, 1788942374587396939]
[08:26:14.587][MXC][I]raw dispatch ts:[111028127043545,111028127046082]
[08:26:14.587][MXC][I]dispatch ts translate ret [1788942374587399788, 1788942374587425152]
[08:26:14.587][MXC][I]raw dispatch ts:[111028127046364,111028127047652]
[08:26:14.587][MXC][I]dispatch ts translate ret [1788942374587427971, 1788942374587440848]
[08:26:14.587][MXC][I]raw dispatch ts:[111028127049882,111028127050562]
[08:26:14.587][MXC][I]dispatch ts translate ret [1788942374587463142, 1788942374587469940]
[08:26:14.587][MXC][I]raw dispatch ts:[111028127056977,111028127057438]
[08:26:14.587][MXC][I]dispatch ts translate ret [1788942374587534072, 1788942374587538681]
[08:26:14.587][MXC][I]raw dispatch ts:[111028127060357,111028127060695]
[08:26:14.587][MXC][I]dispatch ts translate ret [1788942374587567863, 1788942374587571242]
[08:26:14.587][MXC][I]raw dispatch ts:[111028127060993,111028127061242]
[08:26:14.587][MXC][I]dispatch ts translate ret [1788942374587574222, 1788942374587576711]
[08:26:14.587][MXC][I]raw dispatch ts:[111028127079310,111028127079666]
[08:26:14.587][MXC][I]dispatch ts translate ret [1788942374587757543, 1788942374587761105]
[08:26:14.587][MXC][I]raw dispatch ts:[111028127061513,111028127061999]
[08:26:14.587][MXC][I]dispatch ts translate ret [1788942374587579493, 1788942374587584355]
[08:26:14.587][MXC][I]raw async_copy ts:[44719604114030,44719604148594]
[08:26:14.587][MXC][I]sdma_ts_.sdma_counter:44718654537336
[08:26:14.587][MXC][I]DNOCfreq:900000000, async_copy ts translate ret [1788942374851564533, 1788942374851602937]
[08:26:14.587][MXC][I]raw dispatch ts:[111028127062271,111028127062616]
[08:26:14.587][MXC][I]dispatch ts translate ret [1788942374587587076, 1788942374587590528]
[08:26:14.587][MXC][I]raw dispatch ts:[111028127065358,111028127065808]
[08:26:14.587][MXC][I]dispatch ts translate ret [1788942374587617960, 1788942374587622462]
[08:26:14.587][MXC][I]raw dispatch ts:[111028127066090,111028127066383]
[08:26:14.587][MXC][I]dispatch ts translate ret [1788942374587625283, 1788942374587628215]
[08:26:14.587][MXC][I]raw dispatch ts:[111028127066665,111028127066836]
[08:26:14.587][MXC][I]dispatch ts translate ret [1788942374587631036, 1788942374587632747]
[08:26:14.587][MXC][I]raw dispatch ts:[111028127067096,111028127067964]
[08:26:14.587][MXC][I]dispatch ts translate ret [1788942374587635348, 1788942374587644032]
[08:26:14.587][MXC][I]raw dispatch ts:[111028127068251,111028127068539]
[08:26:14.587][MXC][I]dispatch ts translate ret [1788942374587646903, 1788942374587649784]
[08:26:14.587][MXC][I]raw dispatch ts:[111028127068817,111028127069271]
[08:26:14.587][MXC][I]dispatch ts translate ret [1788942374587652566, 1788942374587657108]
[08:26:14.587][MXC][I]raw dispatch ts:[111028127102571,111028127102725]
[08:26:14.587][MXC][I]dispatch ts translate ret [1788942374587990225, 1788942374587991766]
[08:26:14.587][MXC][I]raw dispatch ts:[111028127071768,111028127072520]
[08:26:14.588][MXC][I]dispatch ts translate ret [1788942374587682126, 1788942374587689646]
[08:26:14.786][MXC][I]raw dispatch ts:[111028127072809,111028127073345]
[08:26:14.786][MXC][I]dispatch ts translate ret [1788942374587692536, 1788942374587697896]
[08:26:14.786][MXC][I]raw dispatch ts:[111028127073691,111028127076129]
[08:26:14.786][MXC][I]dispatch ts translate ret [1788942374587701356, 1788942374587725737]
[08:26:14.786][MCR][W]mx_command.cpp           :1883: HW exec timestamp will be adjusted!!!
[08:26:14.786][MCR][W]mx_command.cpp           :1885: floor:1788942374573625370, start:1788942374573640704, end:1788942374832787200, ceiling:1788942374786863599
[08:26:14.786][MCR][W]mx_command.cpp           :1883: HW exec timestamp will be adjusted!!!
[08:26:14.786][MCR][W]mx_command.cpp           :1885: floor:1788942374579342644, start:1788942374579364096, end:1788942374840385792, ceiling:1788942374786885822
[08:26:14.786][MCR][W]mx_command.cpp           :1883: HW exec timestamp will be adjusted!!!
[08:26:14.786][MCR][W]mx_command.cpp           :1885: floor:1788942374579935065, start:1788942374579975424, end:1788942374841218304, ceiling:1788942374786921198
[08:26:14.786][MCR][W]mx_command.cpp           :1883: HW exec timestamp will be adjusted!!!
[08:26:14.786][MCR][W]mx_command.cpp           :1885: floor:1788942374580108542, start:1788942374580209664, end:1788942374841502976, ceiling:1788942374786937699
[08:26:14.786][MCR][W]mx_command.cpp           :1883: HW exec timestamp will be adjusted!!!
[08:26:14.786][MCR][W]mx_command.cpp           :1885: floor:1788942374580447530, start:1788942374580530944, end:1788942374841982464, ceiling:1788942374786966341
[08:26:14.786][MCR][W]mx_command.cpp           :1883: HW exec timestamp will be adjusted!!!
[08:26:14.786][MCR][W]mx_command.cpp           :1885: floor:1788942374580671781, start:1788942374580780032, end:1788942374842276096, ceiling:1788942374786979560
[08:26:14.787][MCR][W]mx_command.cpp           :1883: HW exec timestamp will be adjusted!!!
[08:26:14.787][MCR][W]mx_command.cpp           :1885: floor:1788942374580997712, start:1788942374581102848, end:1788942374842723840, ceiling:1788942374787008940
[08:26:14.787][MCR][W]mx_command.cpp           :1883: HW exec timestamp will be adjusted!!!
[08:26:14.787][MCR][W]mx_command.cpp           :1885: floor:1788942374581231184, start:1788942374581325824, end:1788942374843016192, ceiling:1788942374787021264
[08:26:14.787][MCR][W]mx_command.cpp           :1883: HW exec timestamp will be adjusted!!!
[08:26:14.787][MCR][W]mx_command.cpp           :1885: floor:1788942374581525954, start:1788942374581702144, end:1788942374843519488, ceiling:1788942374787053220
[08:26:14.787][MCR][W]mx_command.cpp           :1883: HW exec timestamp will be adjusted!!!
[08:26:14.787][MCR][W]mx_command.cpp           :1885: floor:1788942374581834668, start:1788942374581980160, end:1788942374843863040, ceiling:1788942374787065893
[08:26:14.787][MCR][W]mx_command.cpp           :1883: HW exec timestamp will be adjusted!!!
[08:26:14.787][MCR][W]mx_command.cpp           :1885: floor:1788942374582195554, start:1788942374582307584, end:1788942374844329984, ceiling:1788942374787092913
[08:26:14.787][MCR][W]mx_command.cpp           :1883: HW exec timestamp will be adjusted!!!
[08:26:14.787][MCR][W]mx_command.cpp           :1885: floor:1788942374582425263, start:1788942374582524160, end:1788942374844592640, ceiling:1788942374787106245
[08:26:14.787][MCR][W]mx_command.cpp           :1883: HW exec timestamp will be adjusted!!!
[08:26:14.787][MCR][W]mx_command.cpp           :1885: floor:1788942374582740678, start:1788942374582840320, end:1788942374845036032, ceiling:1788942374787135444
[08:26:14.787][MCR][W]mx_command.cpp           :1883: HW exec timestamp will be adjusted!!!
[08:26:14.787][MCR][W]mx_command.cpp           :1885: floor:1788942374582961206, start:1788942374583052288, end:1788942374845292544, ceiling:1788942374787149133
[08:26:14.787][MCR][W]mx_command.cpp           :1883: HW exec timestamp will be adjusted!!!
[08:26:14.787][MCR][W]mx_command.cpp           :1885: floor:1788942374583235593, start:1788942374583354112, end:1788942374845724416, ceiling:1788942374787178554
[08:26:14.787][MCR][W]mx_command.cpp           :1883: HW exec timestamp will be adjusted!!!
[08:26:14.787][MCR][W]mx_command.cpp           :1885: floor:1788942374583468776, start:1788942374583583232, end:1788942374846001920, ceiling:1788942374787215030
[08:26:14.787][MCR][W]mx_command.cpp           :1883: HW exec timestamp will be adjusted!!!
[08:26:14.787][MCR][W]mx_command.cpp           :1885: floor:1788942374583785002, start:1788942374583952384, end:1788942374846521856, ceiling:1788942374787242950
[08:26:14.787][MCR][W]mx_command.cpp           :1883: HW exec timestamp will be adjusted!!!
[08:26:14.787][MCR][W]mx_command.cpp           :1885: floor:1788942374584073996, start:1788942374584234240, end:1788942374846868736, ceiling:1788942374787256543
[08:26:14.787][MCR][W]mx_command.cpp           :1883: HW exec timestamp will be adjusted!!!
[08:26:14.787][MCR][W]mx_command.cpp           :1885: floor:1788942374584418784, start:1788942374584534272, end:1788942374847295744, ceiling:1788942374787284759
[08:26:14.787][MCR][W]mx_command.cpp           :1883: HW exec timestamp will be adjusted!!!
[08:26:14.787][MCR][W]mx_command.cpp           :1885: floor:1788942374584647888, start:1788942374584756736, end:1788942374847565056, ceiling:1788942374787297586
[08:26:14.787][MCR][W]mx_command.cpp           :1883: HW exec timestamp will be adjusted!!!
[08:26:14.787][MCR][W]mx_command.cpp           :1885: floor:1788942374584955124, start:1788942374585067264, end:1788942374848007936, ceiling:1788942374787325463
[08:26:14.787][MCR][W]mx_command.cpp           :1883: HW exec timestamp will be adjusted!!!
[08:26:14.787][MCR][W]mx_command.cpp           :1885: floor:1788942374585192502, start:1788942374585289984, end:1788942374848286976, ceiling:1788942374787338887
[08:26:14.787][MCR][W]mx_command.cpp           :1883: HW exec timestamp will be adjusted!!!
[08:26:14.787][MCR][W]mx_command.cpp           :1885: floor:1788942374585496342, start:1788942374585610240, end:1788942374848744192, ceiling:1788942374787365999
[08:26:14.787][MCR][W]mx_command.cpp           :1883: HW exec timestamp will be adjusted!!!
[08:26:14.787][MCR][W]mx_command.cpp           :1885: floor:1788942374585738778, start:1788942374585848320, end:1788942374849021440, ceiling:1788942374787379668
[08:26:14.787][MCR][W]mx_command.cpp           :1883: HW exec timestamp will be adjusted!!!
[08:26:14.787][MCR][W]mx_command.cpp           :1885: floor:1788942374586034563, start:1788942374586191104, end:1788942374849505792, ceiling:1788942374787408766
[08:26:14.787][MCR][W]mx_command.cpp           :1883: HW exec timestamp will be adjusted!!!
[08:26:14.787][MCR][W]mx_command.cpp           :1885: floor:1788942374586304884, start:1788942374586479360, end:1788942374849860608, ceiling:1788942374787421680
[08:26:14.787][MCR][W]mx_command.cpp           :1883: HW exec timestamp will be adjusted!!!
[08:26:14.787][MCR][W]mx_command.cpp           :1885: floor:1788942374586654809, start:1788942374586758400, end:1788942374850258432, ceiling:1788942374787449412
[08:26:14.787][MCR][W]mx_command.cpp           :1883: HW exec timestamp will be adjusted!!!
[08:26:14.787][MCR][W]mx_command.cpp           :1885: floor:1788942374586868432, start:1788942374586976256, end:1788942374850521856, ceiling:1788942374787462950
[08:26:14.787][MCR][W]mx_command.cpp           :1883: HW exec timestamp will be adjusted!!!
[08:26:14.787][MCR][W]mx_command.cpp           :1885: floor:1788942374587152283, start:1788942374587259904, end:1788942374850931200, ceiling:1788942374787492339
[08:26:14.787][MCR][W]mx_command.cpp           :1883: HW exec timestamp will be adjusted!!!
[08:26:14.787][MCR][W]mx_command.cpp           :1885: floor:1788942374587371847, start:1788942374587472896, end:1788942374851184128, ceiling:1788942374787506064
[08:26:14.787][MXC][I]raw dispatch ts:[111028127076410,111028127077879]
[08:26:14.787][MXC][I]dispatch ts translate ret [1788942374587728547, 1788942374587743237]
[08:26:14.787][MXC][I]raw dispatch ts:[111028127078164,111028127078534]
[08:26:14.787][MXC][I]dispatch ts translate ret [1788942374587746087, 1788942374587749787]
[08:26:14.787][MXC][I]raw dispatch ts:[111028127078805,111028127079043]
[08:26:14.787][MXC][I]dispatch ts translate ret [1788942374587752497, 1788942374587754877]
[08:26:14.787][MCR][W]mx_command.cpp           :1883: HW exec timestamp will be adjusted!!!
[08:26:14.787][MCR][W]mx_command.cpp           :1885: floor:1788942374587647230, start:1788942374587757568, end:1788942374851602944, ceiling:1788942374787558975
[08:26:14.787][MXC][I]raw dispatch ts:[111028127087997,111028127089022]
[08:26:14.787][MXC][I]dispatch ts translate ret [1788942374587844441, 1788942374587854694]
[08:26:14.787][MXC][I]raw dispatch ts:[111028127091912,111028127092967]
[08:26:14.787][MXC][I]dispatch ts translate ret [1788942374587883603, 1788942374587894156]
[08:26:14.787][MXC][I]raw dispatch ts:[111028127093248,111028127094025]
[08:26:14.787][MXC][I]dispatch ts translate ret [1788942374587896967, 1788942374587904739]
[08:26:14.787][MXC][I]raw dispatch ts:[111028127094302,111028127096788]
[08:26:14.787][MXC][I]dispatch ts translate ret [1788942374587907510, 1788942374587932378]
[08:26:14.787][MXC][I]raw dispatch ts:[111028127097068,111028127098589]
[08:26:14.787][MXC][I]dispatch ts translate ret [1788942374587935179, 1788942374587950393]
[08:26:14.787][MXC][I]raw dispatch ts:[111028127101469,111028127102286]
[08:26:14.787][MXC][I]dispatch ts translate ret [1788942374587979202, 1788942374587987375]
[08:26:14.787][MXC][I]raw async_copy ts:[44719604386070,44719604395753]
[08:26:14.787][MXC][I]sdma_ts_.sdma_counter:44718654537336
[08:26:14.787][MXC][I]DNOCfreq:900000000, async_copy ts translate ret [1788942374851866800, 1788942374851877558]
[08:26:14.787][MCR][W]mx_command.cpp           :1883: HW exec timestamp will be adjusted!!!
[08:26:14.787][MCR][W]mx_command.cpp           :1885: floor:1788942374587876697, start:1788942374587990272, end:1788942374851877632, ceiling:1788942374787603174
[08:26:14.787][MXC][I]raw dispatch ts:[111028146975887,111028146983739]
[08:26:14.787][MXC][I]dispatch ts translate ret [1788942374786723136, 1788942374786801656]
[08:26:14.792][MCR][I]mc_memory.cpp            :1671: copy strategy - H2DCpuCopy:0,D2HCpuCopy:0,cpuCopy:0,d2dCrossDevices:0,pageableHToDAsync:0
[08:26:14.792][MCR][I]mc_memory.cpp            :1672: copy strategy - isAsync:0,waitComplete:0
[08:26:14.792][MXC][I]raw dispatch ts:[111028147186888,111028147188766]
[08:26:14.792][MXC][I]dispatch ts translate ret [1788942374788833136, 1788942374788851915]
[08:26:14.792][MXC][I]raw dispatch ts:[111028147560296,111028147560396]
[08:26:14.792][MXC][I]dispatch ts translate ret [1788942374792567187, 1788942374792568187]
[08:26:14.792][MXC][I]raw dispatch ts:[111028147195228,111028147196853]
[08:26:14.792][MXC][I]dispatch ts translate ret [1788942374788916535, 1788942374788932785]
[08:26:14.792][MXC][I]raw async_copy ts:[44719849920105,44719849924001]
[08:26:14.792][MXC][I]sdma_ts_.sdma_counter:44718654537336
[08:26:14.792][MXC][I]DNOCfreq:900000000, async_copy ts translate ret [1788942375124682394, 1788942375124686722]
[08:26:14.792][MXC][I]raw dispatch ts:[111028147233789,111028147235413]
[08:26:14.792][MXC][I]dispatch ts translate ret [1788942374789302142, 1788942374789318382]
[08:26:14.792][MXC][I]raw dispatch ts:[111028147240821,111028147242170]
[08:26:14.792][MXC][I]dispatch ts translate ret [1788942374789372462, 1788942374789385952]
[08:26:14.792][MXC][I]raw dispatch ts:[111028147248687,111028147250447]
[08:26:14.792][MXC][I]dispatch ts translate ret [1788942374789451121, 1788942374789468721]
[08:26:14.792][MXC][I]raw dispatch ts:[111028147253522,111028147254702]
[08:26:14.792][MXC][I]dispatch ts translate ret [1788942374789499471, 1788942374789511271]
[08:26:14.792][MXC][I]raw dispatch ts:[111028147257779,111028147258959]
[08:26:14.792][MXC][I]dispatch ts translate ret [1788942374789542040, 1788942374789553840]
[08:26:14.792][MXC][I]raw dispatch ts:[111028147261925,111028147263069]
[08:26:14.792][MXC][I]dispatch ts translate ret [1788942374789583500, 1788942374789594940]
[08:26:14.792][MXC][I]raw dispatch ts:[111028147263351,111028147264545]
[08:26:14.792][MXC][I]dispatch ts translate ret [1788942374789597760, 1788942374789609700]
[08:26:14.792][MXC][I]raw dispatch ts:[111028147271802,111028147273159]
[08:26:14.792][MXC][I]dispatch ts translate ret [1788942374789682269, 1788942374789695839]
[08:26:14.792][MXC][I]raw dispatch ts:[111028147280306,111028147282185]
[08:26:14.792][MXC][I]dispatch ts translate ret [1788942374789767309, 1788942374789786099]
[08:26:14.792][MXC][I]raw dispatch ts:[111028147285156,111028147286238]
[08:26:14.792][MXC][I]dispatch ts translate ret [1788942374789815808, 1788942374789826628]
[08:26:14.792][MXC][I]raw dispatch ts:[111028147290223,111028147291607]
[08:26:14.792][MXC][I]dispatch ts translate ret [1788942374789866478, 1788942374789880318]
[08:26:14.792][MXC][I]raw dispatch ts:[111028147314144,111028147314514]
[08:26:14.792][MXC][I]dispatch ts translate ret [1788942374790105686, 1788942374790109386]
[08:26:14.792][MXC][I]raw dispatch ts:[111028147548971,111028147550874]
[08:26:14.792][MXC][I]dispatch ts translate ret [1788942374792453939, 1788942374792472969]
[08:26:14.792][MCR][W]mx_command.cpp           :1883: HW exec timestamp will be adjusted!!!
[08:26:14.792][MCR][W]mx_command.cpp           :1885: floor:1788942374792524204, start:1788942374792567296, end:1788942375124686848, ceiling:1788942374792747643
[08:26:14.795][MCR][I]mc_memory.cpp            :1671: copy strategy - H2DCpuCopy:0,D2HCpuCopy:0,cpuCopy:0,d2dCrossDevices:0,pageableHToDAsync:0
[08:26:14.795][MCR][I]mc_memory.cpp            :1672: copy strategy - isAsync:0,waitComplete:0
[08:26:14.795][MXC][I]raw dispatch ts:[111028147812482,111028147812575]
[08:26:14.795][MXC][I]dispatch ts translate ret [1788942374795089077, 1788942374795090007]
[08:26:14.795][MXC][I]raw async_copy ts:[44719852925966,44719852929621]
[08:26:14.795][MXC][I]sdma_ts_.sdma_counter:44718654537336
[08:26:14.795][MXC][I]DNOCfreq:900000000, async_copy ts translate ret [1788942375128022240, 1788942375128026301]
[08:26:14.795][MXC][I]raw dispatch ts:[111028147591363,111028147593354]
[08:26:14.795][MXC][I]dispatch ts translate ret [1788942374792877862, 1788942374792897772]
[08:26:14.795][MXC][I]raw dispatch ts:[111028147596822,111028147598266]
[08:26:14.795][MXC][I]dispatch ts translate ret [1788942374792932453, 1788942374792946893]
[08:26:14.795][MXC][I]raw dispatch ts:[111028147602166,111028147602513]
[08:26:14.795][MXC][I]dispatch ts translate ret [1788942374792985893, 1788942374792989364]
[08:26:14.795][MXC][I]raw dispatch ts:[111028147807357,111028147809580]
[08:26:14.795][MXC][I]dispatch ts translate ret [1788942374795037827, 1788942374795060057]
[08:26:14.795][MCR][W]mx_command.cpp           :1883: HW exec timestamp will be adjusted!!!
[08:26:14.795][MCR][W]mx_command.cpp           :1885: floor:1788942374795033661, start:1788942374795089152, end:1788942375128026368, ceiling:1788942374795173882
[08:26:14.796][MXC][I]raw dispatch ts:[111028147909632,111028147916409]
[08:26:14.796][MXC][I]dispatch ts translate ret [1788942374796060555, 1788942374796128324]
[08:26:14.796][MXC][I]raw dispatch ts:[111028147919951,111028147926526]
[08:26:14.796][MXC][I]dispatch ts translate ret [1788942374796163743, 1788942374796229491]
[08:26:14.796][MXC][I]raw dispatch ts:[111028147926811,111028147933564]
[08:26:14.796][MXC][I]dispatch ts translate ret [1788942374796232341, 1788942374796299870]
[08:26:14.796][MXC][I]raw dispatch ts:[111028147936586,111028147943275]
[08:26:14.796][MXC][I]dispatch ts translate ret [1788942374796330089, 1788942374796396978]
[08:26:14.796][MXC][I]raw dispatch ts:[111028147943565,111028147950264]
[08:26:14.796][MXC][I]dispatch ts translate ret [1788942374796399878, 1788942374796466866]
[08:26:14.796][MXC][I]raw dispatch ts:[111028147950546,111028147957234]
[08:26:14.796][MXC][I]dispatch ts translate ret [1788942374796469686, 1788942374796536564]
[08:26:14.796][MXC][I]raw dispatch ts:[111028147957517,111028147964108]
[08:26:14.796][MXC][I]dispatch ts translate ret [1788942374796539394, 1788942374796605303]
[08:26:14.796][MXC][I]raw dispatch ts:[111028147967644,111028147974746]
[08:26:14.796][MXC][I]dispatch ts translate ret [1788942374796640662, 1788942374796711680]
[08:26:14.796][MXC][I]raw dispatch ts:[111028147975036,111028147981818]
[08:26:14.796][MXC][I]dispatch ts translate ret [1788942374796714580, 1788942374796782399]
[08:26:14.796][MXC][I]raw dispatch ts:[111028147982105,111028147988662]
[08:26:14.796][MXC][I]dispatch ts translate ret [1788942374796785269, 1788942374796850837]
[08:26:14.797][MXC][I]raw dispatch ts:[111028148017673,111028148037296]
[08:26:14.797][MXC][I]dispatch ts translate ret [1788942374797140965, 1788942374797337212]
[08:26:14.800][MXC][I]raw dispatch ts:[111028148340852,111028148347418]
[08:26:14.800][MXC][I]dispatch ts translate ret [1788942374800372747, 1788942374800438406]
[info] MctxStreamProfilerCountDataGet Loop
[08:26:15.480][MCR][I]mc_device.cpp            :1002: tearDown enter!

[08:26:15.480][MCR][I]mx_device.cpp            :1578: deleting hardware queue 0x7f6191e0b000 with refCount 0
[08:26:15.480][MCR][I]mx_device.cpp            :1601: number of allocated hardware queues 0-0-0(H-N-L), number of users 0-0-0
[08:26:15.480][MXC][I]~GpuDevice: Entering
[08:26:15.481][MCTX][I]mcRpcAsyncImpl.cpp       :550 : callback mcRpcAsyncDone!
[08:26:15.481][PTI][I]mcpti_tracer.hpp         :309 : stopProcessThread
[08:26:15.481][MCTX][I]mcRpcAsyncImpl.cpp       :491 : mcRpcServerAsync TearDown!
[08:26:15.481][MCTX][I]server.cpp               :116 : Server will tearDown[3].
[08:26:15.484][MCTX][I]mcRpcAsyncImpl.cpp       :250 : ProfilerCountDataGet the last msg:[
{
"ISU" : {
"10" : {
"dpcId0" : [
4111598189301,
4109947312451,
4110836950078,
4109385881377,
4109323534694,
4108219393867,
4107825118861,
4106944730527,
4107458724450,
4105919389040,
4106551784186,
4104382183944,
4107587220854
],
"dpcId1" : [
4111994109544,
4110519908001,
4111151454990,
4109145411202,
4109316701614,
4108307348292,
4108219644507,
4107319780058,
4108286349020,
4106617276797,
4107127111487,
4105071687850,
4107805596552
],
"dpcId2" : [
4111302796743,
4109474416271,
4110169408253,
4108573376533,
4108181927563,
4107272770776,
4106949917617,
4106317583686,
4106199334805,
4105048166380,
4105883904652,
4103890304139,
[info] MctxStreamProfilerCountDataGet Loop
4106256454101
],
"dpcId3" : [
4111384376833,
4109728162061,
4110452480222,
4109230251823,
4108934298524,
4107646966973,
4108012537801,
4107186220003,
4106777948997,
4105147921692,
4106048143970,
4104097221708,
4106074142386
],
"dpcId4" : [
4110910707884,
4109181506356,
4110283939011,
4109054628923,
4108726185406,
4107531230818,
4107[08:26:15.495][MCTX][I]server.cpp               :348 : HandleRpcs exit. thread_no=[0].
[08:26:16.495][MCTX][I]server.cpp               :89  : Server Shutdown!
[08:26:16.495][MCTX][I]mcRpcAsyncImpl.cpp       :477 : mcRpcServerAsyncRun stop
[08:26:16.582][MCTX][I]mctxTPImpl.cpp           :433 : clear port.
[warning] get_srvrpc_port get rpc server ports failed: cannot retrieve rpc server port.
[warning] get_srvrpc_port get rpc server ports failed: cannot retrieve rpc server port.
[warning] get_srvrpc_port get rpc server ports failed: cannot retrieve rpc server port.
[warning] get_srvrpc_port get rpc server ports failed: cannot retrieve rpc server port.
[warning] get_srvrpc_port get rpc server ports failed: cannot retrieve rpc server port.
[warning] get_srvrpc_port get rpc server ports failed: cannot retrieve rpc server port.
[warning] get_srvrpc_port get rpc server ports failed: cannot retrieve rpc server port.
[warning] get_srvrpc_port get rpc server ports failed: cannot retrieve rpc server port.

[warning] get_srvrpc_port get rpc server ports failed: cannot retrieve rpc server port.
[warning] get_srvrpc_port get rpc server ports failed: cannot retrieve rpc server port.
[warning] get_srvrpc_port get rpc server ports failed: cannot retrieve rpc server port.
[warning] get_srvrpc_port get rpc server ports failed: cannot retrieve rpc server port.
Loading tilelang libs from dev root: /opt/tilelang-metax-v0.1.10/build
[08:26:27.018][MXS][W]| MCTX_TARGET_INIT               | 1               | 0               |
[08:26:27.020][MCR][I]mc_device.cpp            :562 : Signal SIGUSR1 now has a custom handler to enable mctx at runtime!
[08:26:27.020][MCR][I]mc_device.cpp            :309 : mcSnapShotCtx: Attempting to open shared memory: /shm_snapshot_150133
mctxAutoStart called!
[08:26:27.020][MCTX][I]mctxTPImpl.cpp           :201 : MACA configuration file path redirected from ${MACA_PATH}/etc to MACA_ETC_PATH
[08:26:27.020][MCTX][I]mctxTPImpl.cpp           :201 : MACA configuration file path redirected from ${MACA_PATH}/etc to MACA_ETC_PATH
[08:26:27.020][MCTX][I]mctxTPImpl.cpp           :300 : profiler target ENV file[/data/nsa_codex_20260909_r1/results/profile_pair_nsa111/mcProfiler.json] exist!
[08:26:27.020][MCR][I]mc_device.cpp            :849 : Init enter!
[08:26:27.020][MXC][I]MxcInit: entering
[08:26:27.022][MXKW][I]topology.c              :1358: [topology_sysfs_get_system_props]PlatformCpuNodes:2 ,num_sysfs_nodes:26
[08:26:27.022][MXKW][I]topology.c              :283 : [get_directory_socket_id]fscanf path:/sys/devices/virtual/mxcd/mxcd/layout/nodes/2/gpu_id,res: 0,errno:1
[08:26:27.022][MXKW][W]topology.c              :1424: [topology_sysfs_get_system_props]err_node_num is 1,ret is 0,is_node_supported is 0
[08:26:27.022][MXKW][I]topology.c              :283 : [get_directory_socket_id]fscanf path:/sys/devices/virtual/mxcd/mxcd/layout/nodes/3/gpu_id,res: 0,errno:1
[08:26:27.022][MXKW][W]topology.c              :1424: [topology_sysfs_get_system_props]err_node_num is 2,ret is 0,is_node_supported is 0
[08:26:27.022][MXKW][I]topology.c              :283 : [get_directory_socket_id]fscanf path:/sys/devices/virtual/mxcd/mxcd/layout/nodes/4/gpu_id,res: 0,errno:1
[08:26:27.022][MXKW][W]topology.c              :1424: [topology_sysfs_get_system_props]err_node_num is 3,ret is 0,is_node_supported is 0
[08:26:27.022][MXKW][I]topology.c              :283 : [get_directory_socket_id]fscanf path:/sys/devices/virtual/mxcd/mxcd/layout/nodes/5/gpu_id,res: 0,errno:1
[08:26:27.022][MXKW][W]topology.c              :1424: [topology_sysfs_get_system_props]err_node_num is 4,ret is 0,is_node_supported is 0
[08:26:27.022][MXKW][I]topology.c              :283 : [get_directory_socket_id]fscanf path:/sys/devices/virtual/mxcd/mxcd/layout/nodes/6/gpu_id,res: 0,errno:1
[08:26:27.022][MXKW][W]topology.c              :1424: [topology_sysfs_get_system_props]err_node_num is 5,ret is 0,is_node_supported is 0
[08:26:27.022][MXKW][I]topology.c              :283 : [get_directory_socket_id]fscanf path:/sys/devices/virtual/mxcd/mxcd/layout/nodes/7/gpu_id,res: 0,errno:1
[08:26:27.022][MXKW][W]topology.c              :1424: [topology_sysfs_get_system_props]err_node_num is 6,ret is 0,is_node_supported is 0
[08:26:27.022][MXKW][I]topology.c              :283 : [get_directory_socket_id]fscanf path:/sys/devices/virtual/mxcd/mxcd/layout/nodes/8/gpu_id,res: 0,errno:1
[08:26:27.022][MXKW][W]topology.c              :1424: [topology_sysfs_get_system_props]err_node_num is 7,ret is 0,is_node_supported is 0
[08:26:27.022][MXKW][I]topology.c              :283 : [get_directory_socket_id]fscanf path:/sys/devices/virtual/mxcd/mxcd/layout/nodes/9/gpu_id,res: 0,errno:1
[08:26:27.022][MXKW][W]topology.c              :1424: [topology_sysfs_get_system_props]err_node_num is 8,ret is 0,is_node_supported is 0
[08:26:27.022][MXKW][I]topology.c              :283 : [get_directory_socket_id]fscanf path:/sys/devices/virtual/mxcd/mxcd/layout/nodes/300/gpu_id,res: 0,errno:1
[08:26:27.022][MXKW][W]topology.c              :1424: [topology_sysfs_get_system_props]err_node_num is 9,ret is 0,is_node_supported is 0
[08:26:27.022][MXKW][I]topology.c              :283 : [get_directory_socket_id]fscanf path:/sys/devices/virtual/mxcd/mxcd/layout/nodes/301/gpu_id,res: 0,errno:1
[08:26:27.022][MXKW][W]topology.c              :1424: [topology_sysfs_get_system_props]err_node_num is 10,ret is 0,is_node_supported is 0
[08:26:27.022][MXKW][I]topology.c              :283 : [get_directory_socket_id]fscanf path:/sys/devices/virtual/mxcd/mxcd/layout/nodes/303/gpu_id,res: 0,errno:1
[08:26:27.022][MXKW][W]topology.c              :1424: [topology_sysfs_get_system_props]err_node_num is 11,ret is 0,is_node_supported is 0
[08:26:27.022][MXKW][I]topology.c              :283 : [get_directory_socket_id]fscanf path:/sys/devices/virtual/mxcd/mxcd/layout/nodes/304/gpu_id,res: 0,errno:1
[08:26:27.022][MXKW][W]topology.c              :1424: [topology_sysfs_get_system_props]err_node_num is 12,ret is 0,is_node_supported is 0
[08:26:27.022][MXKW][I]topology.c              :283 : [get_directory_socket_id]fscanf path:/sys/devices/virtual/mxcd/mxcd/layout/nodes/305/gpu_id,res: 0,errno:1
[08:26:27.022][MXKW][W]topology.c              :1424: [topology_sysfs_get_system_props]err_node_num is 13,ret is 0,is_node_supported is 0
[08:26:27.023][MXKW][I]topology.c              :283 : [get_directory_socket_id]fscanf path:/sys/devices/virtual/mxcd/mxcd/layout/nodes/307/gpu_id,res: 0,errno:1
[08:26:27.023][MXKW][W]topology.c              :1424: [topology_sysfs_get_system_props]err_node_num is 14,ret is 0,is_node_supported is 0
[08:26:27.023][MXKW][I]topology.c              :283 : [get_directory_socket_id]fscanf path:/sys/devices/virtual/mxcd/mxcd/layout/nodes/308/gpu_id,res: 0,errno:1
[08:26:27.023][MXKW][W]topology.c              :1424: [topology_sysfs_get_system_props]err_node_num is 15,ret is 0,is_node_supported is 0
[08:26:27.023][MXKW][I]topology.c              :283 : [get_directory_socket_id]fscanf path:/sys/devices/virtual/mxcd/mxcd/layout/nodes/309/gpu_id,res: 0,errno:1
[08:26:27.023][MXKW][W]topology.c              :1424: [topology_sysfs_get_system_props]err_node_num is 16,ret is 0,is_node_supported is 0
[08:26:27.023][MXKW][I]topology.c              :283 : [get_directory_socket_id]fscanf path:/sys/devices/virtual/mxcd/mxcd/layout/nodes/310/gpu_id,res: 0,errno:1
[08:26:27.023][MXKW][W]topology.c              :1424: [topology_sysfs_get_system_props]err_node_num is 17,ret is 0,is_node_supported is 0
[08:26:27.023][MXKW][I]topology.c              :283 : [get_directory_socket_id]fscanf path:/sys/devices/virtual/mxcd/mxcd/layout/nodes/311/gpu_id,res: 0,errno:1
[08:26:27.023][MXKW][W]topology.c              :1424: [topology_sysfs_get_system_props]err_node_num is 18,ret is 0,is_node_supported is 0
[08:26:27.023][MXKW][I]topology.c              :283 : [get_directory_socket_id]fscanf path:/sys/devices/virtual/mxcd/mxcd/layout/nodes/312/gpu_id,res: 0,errno:1
[08:26:27.023][MXKW][W]topology.c              :1424: [topology_sysfs_get_system_props]err_node_num is 19,ret is 0,is_node_supported is 0
[08:26:27.023][MXKW][I]topology.c              :283 : [get_directory_socket_id]fscanf path:/sys/devices/virtual/mxcd/mxcd/layout/nodes/313/gpu_id,res: 0,errno:1
[08:26:27.023][MXKW][W]topology.c              :1424: [topology_sysfs_get_system_props]err_node_num is 20,ret is 0,is_node_supported is 0
[08:26:27.023][MXKW][I]topology.c              :283 : [get_directory_socket_id]fscanf path:/sys/devices/virtual/mxcd/mxcd/layout/nodes/314/gpu_id,res: 0,errno:1
[08:26:27.023][MXKW][W]topology.c              :1424: [topology_sysfs_get_system_props]err_node_num is 21,ret is 0,is_node_supported is 0
[08:26:27.023][MXKW][I]topology.c              :283 : [get_directory_socket_id]fscanf path:/sys/devices/virtual/mxcd/mxcd/layout/nodes/315/gpu_id,res: 0,errno:1
[08:26:27.023][MXKW][W]topology.c              :1424: [topology_sysfs_get_system_props]err_node_num is 22,ret is 0,is_node_supported is 0
[08:26:27.023][MXKW][I]topology.c              :283 : [get_directory_socket_id]fscanf path:/sys/devices/virtual/mxcd/mxcd/layout/nodes/317/gpu_id,res: 0,errno:1
[08:26:27.023][MXKW][W]topology.c              :1424: [topology_sysfs_get_system_props]err_node_num is 23,ret is 0,is_node_supported is 0
[08:26:27.023][MXKW][I]topology.c              :1460: [topology_sysfs_get_system_props]cpu total 2 nodes, map list:
[08:26:27.023][MXKW][I]topology.c              :1463: [topology_sysfs_get_system_props]map_cpu[0]:0
[08:26:27.023][MXKW][I]topology.c              :1463: [topology_sysfs_get_system_props]map_cpu[1]:1
[08:26:27.023][MXKW][I]topology.c              :1465: [topology_sysfs_get_system_props]gpu total 1 nodes, map list:
[08:26:27.023][MXKW][I]topology.c              :1468: [topology_sysfs_get_system_props]map_gpu[0]:12
[08:26:27.023][MXKW][I]topology.c              :1516: [topology_sysfs_init_gpu_page_size]XCORE_PAGE_SIZE: 0x200000, GPU_PAGE_SIZE: 0x200000
[08:26:27.023][MXKW][I]topology.c              :954 : [find_pci_info]create pci_info_array. It has 26 element. directory_name is 0.
[08:26:27.023][MXKW][I]topology.c              :962 : [find_pci_info]node 0 's pci info is not found
[08:26:27.023][MXKW][I]topology.c              :911 : [read_pci_info_from_file]can't open /sys/devices/virtual/mxcd/mxcd/layout/nodes/0/location file!
[08:26:27.023][MXKW][I]topology.c              :962 : [find_pci_info]node 0 's pci info is not found
[08:26:27.023][MXKW][I]topology.c              :911 : [read_pci_info_from_file]can't open /sys/devices/virtual/mxcd/mxcd/layout/nodes/0/location file!
[08:26:27.023][MXKW][I]topology.c              :1944: [topology_sysfs_get_node_props]Device isa_major is 0, isa_minor is 0, MXName is
[08:26:27.023][MXKW][I]topology.c              :962 : [find_pci_info]node 1 's pci info is not found
[08:26:27.023][MXKW][I]topology.c              :911 : [read_pci_info_from_file]can't open /sys/devices/virtual/mxcd/mxcd/layout/nodes/1/location file!
[08:26:27.023][MXKW][I]topology.c              :962 : [find_pci_info]node 1 's pci info is not found
[08:26:27.023][MXKW][I]topology.c              :911 : [read_pci_info_from_file]can't open /sys/devices/virtual/mxcd/mxcd/layout/nodes/1/location file!
[08:26:27.023][MXKW][I]topology.c              :1944: [topology_sysfs_get_node_props]Device isa_major is 0, isa_minor is 0, MXName is
[08:26:27.023][MXKW][I]topology.c              :962 : [find_pci_info]node 302 's pci info is not found
[08:26:27.023][MXKW][I]topology.c              :984 : [add_pci_info]added node 302 pci info , bdf_value:3584, domain_value:0
[08:26:27.023][MXKW][I]topology.c              :1944: [topology_sysfs_get_node_props]Device isa_major is 10, isa_minor is 0, MXName is
[08:26:27.023][MXKW][I]fmm.c                   :2445: [init_mmap_apertures]Initialized unreserved SVM apertures: 0xa00000000 - 0x7fffffffffff
[08:26:27.023][MXKW][I]topology.c              :1358: [topology_sysfs_get_system_props]PlatformCpuNodes:2 ,num_sysfs_nodes:26
[08:26:27.023][MXKW][I]topology.c              :283 : [get_directory_socket_id]fscanf path:/sys/devices/virtual/mxcd/mxcd/layout/nodes/2/gpu_id,res: 0,errno:1
[08:26:27.023][MXKW][W]topology.c              :1424: [topology_sysfs_get_system_props]err_node_num is 1,ret is 0,is_node_supported is 0
[08:26:27.023][MXKW][I]topology.c              :283 : [get_directory_socket_id]fscanf path:/sys/devices/virtual/mxcd/mxcd/layout/nodes/3/gpu_id,res: 0,errno:1
[08:26:27.023][MXKW][W]topology.c              :1424: [topology_sysfs_get_system_props]err_node_num is 2,ret is 0,is_node_supported is 0
[08:26:27.023][MXKW][I]topology.c              :283 : [get_directory_socket_id]fscanf path:/sys/devices/virtual/mxcd/mxcd/layout/nodes/4/gpu_id,res: 0,errno:1
[08:26:27.023][MXKW][W]topology.c              :1424: [topology_sysfs_get_system_props]err_node_num is 3,ret is 0,is_node_supported is 0
[08:26:27.023][MXKW][I]topology.c              :283 : [get_directory_socket_id]fscanf path:/sys/devices/virtual/mxcd/mxcd/layout/nodes/5/gpu_id,res: 0,errno:1
[08:26:27.023][MXKW][W]topology.c              :1424: [topology_sysfs_get_system_props]err_node_num is 4,ret is 0,is_node_supported is 0
[08:26:27.023][MXKW][I]topology.c              :283 : [get_directory_socket_id]fscanf path:/sys/devices/virtual/mxcd/mxcd/layout/nodes/6/gpu_id,res: 0,errno:1
[08:26:27.023][MXKW][W]topology.c              :1424: [topology_sysfs_get_system_props]err_node_num is 5,ret is 0,is_node_supported is 0
[08:26:27.023][MXKW][I]topology.c              :283 : [get_directory_socket_id]fscanf path:/sys/devices/virtual/mxcd/mxcd/layout/nodes/7/gpu_id,res: 0,errno:1
[08:26:27.023][MXKW][W]topology.c              :1424: [topology_sysfs_get_system_props]err_node_num is 6,ret is 0,is_node_supported is 0
[08:26:27.023][MXKW][I]topology.c              :283 : [get_directory_socket_id]fscanf path:/sys/devices/virtual/mxcd/mxcd/layout/nodes/8/gpu_id,res: 0,errno:1
[08:26:27.023][MXKW][W]topology.c              :1424: [topology_sysfs_get_system_props]err_node_num is 7,ret is 0,is_node_supported is 0
[08:26:27.023][MXKW][I]topology.c              :283 : [get_directory_socket_id]fscanf path:/sys/devices/virtual/mxcd/mxcd/layout/nodes/9/gpu_id,res: 0,errno:1
[08:26:27.023][MXKW][W]topology.c              :1424: [topology_sysfs_get_system_props]err_node_num is 8,ret is 0,is_node_supported is 0
[08:26:27.023][MXKW][I]topology.c              :283 : [get_directory_socket_id]fscanf path:/sys/devices/virtual/mxcd/mxcd/layout/nodes/300/gpu_id,res: 0,errno:1
[08:26:27.023][MXKW][W]topology.c              :1424: [topology_sysfs_get_system_props]err_node_num is 9,ret is 0,is_node_supported is 0
[08:26:27.023][MXKW][I]topology.c              :283 : [get_directory_socket_id]fscanf path:/sys/devices/virtual/mxcd/mxcd/layout/nodes/301/gpu_id,res: 0,errno:1
[08:26:27.023][MXKW][W]topology.c              :1424: [topology_sysfs_get_system_props]err_node_num is 10,ret is 0,is_node_supported is 0
[08:26:27.023][MXKW][I]topology.c              :283 : [get_directory_socket_id]fscanf path:/sys/devices/virtual/mxcd/mxcd/layout/nodes/303/gpu_id,res: 0,errno:1
[08:26:27.023][MXKW][W]topology.c              :1424: [topology_sysfs_get_system_props]err_node_num is 11,ret is 0,is_node_supported is 0
[08:26:27.023][MXKW][I]topology.c              :283 : [get_directory_socket_id]fscanf path:/sys/devices/virtual/mxcd/mxcd/layout/nodes/304/gpu_id,res: 0,errno:1
[08:26:27.023][MXKW][W]topology.c              :1424: [topology_sysfs_get_system_props]err_node_num is 12,ret is 0,is_node_supported is 0
[08:26:27.023][MXKW][I]topology.c              :283 : [get_directory_socket_id]fscanf path:/sys/devices/virtual/mxcd/mxcd/layout/nodes/305/gpu_id,res: 0,errno:1
[08:26:27.023][MXKW][W]topology.c              :1424: [topology_sysfs_get_system_props]err_node_num is 13,ret is 0,is_node_supported is 0
[08:26:27.023][MXKW][I]topology.c              :283 : [get_directory_socket_id]fscanf path:/sys/devices/virtual/mxcd/mxcd/layout/nodes/307/gpu_id,res: 0,errno:1
[08:26:27.023][MXKW][W]topology.c              :1424: [topology_sysfs_get_system_props]err_node_num is 14,ret is 0,is_node_supported is 0
[08:26:27.023][MXKW][I]topology.c              :283 : [get_directory_socket_id]fscanf path:/sys/devices/virtual/mxcd/mxcd/layout/nodes/308/gpu_id,res: 0,errno:1
[08:26:27.023][MXKW][W]topology.c              :1424: [topology_sysfs_get_system_props]err_node_num is 15,ret is 0,is_node_supported is 0
[08:26:27.023][MXKW][I]topology.c              :283 : [get_directory_socket_id]fscanf path:/sys/devices/virtual/mxcd/mxcd/layout/nodes/309/gpu_id,res: 0,errno:1
[08:26:27.023][MXKW][W]topology.c              :1424: [topology_sysfs_get_system_props]err_node_num is 16,ret is 0,is_node_supported is 0
[08:26:27.023][MXKW][I]topology.c              :283 : [get_directory_socket_id]fscanf path:/sys/devices/virtual/mxcd/mxcd/layout/nodes/310/gpu_id,res: 0,errno:1
[08:26:27.023][MXKW][W]topology.c              :1424: [topology_sysfs_get_system_props]err_node_num is 17,ret is 0,is_node_supported is 0
[08:26:27.023][MXKW][I]topology.c              :283 : [get_directory_socket_id]fscanf path:/sys/devices/virtual/mxcd/mxcd/layout/nodes/311/gpu_id,res: 0,errno:1
[08:26:27.023][MXKW][W]topology.c              :1424: [topology_sysfs_get_system_props]err_node_num is 18,ret is 0,is_node_supported is 0
[08:26:27.023][MXKW][I]topology.c              :283 : [get_directory_socket_id]fscanf path:/sys/devices/virtual/mxcd/mxcd/layout/nodes/312/gpu_id,res: 0,errno:1
[08:26:27.023][MXKW][W]topology.c              :1424: [topology_sysfs_get_system_props]err_node_num is 19,ret is 0,is_node_supported is 0
[08:26:27.023][MXKW][I]topology.c              :283 : [get_directory_socket_id]fscanf path:/sys/devices/virtual/mxcd/mxcd/layout/nodes/313/gpu_id,res: 0,errno:1
[08:26:27.023][MXKW][W]topology.c              :1424: [topology_sysfs_get_system_props]err_node_num is 20,ret is 0,is_node_supported is 0
[08:26:27.023][MXKW][I]topology.c              :283 : [get_directory_socket_id]fscanf path:/sys/devices/virtual/mxcd/mxcd/layout/nodes/314/gpu_id,res: 0,errno:1
[08:26:27.023][MXKW][W]topology.c              :1424: [topology_sysfs_get_system_props]err_node_num is 21,ret is 0,is_node_supported is 0
[08:26:27.023][MXKW][I]topology.c              :283 : [get_directory_socket_id]fscanf path:/sys/devices/virtual/mxcd/mxcd/layout/nodes/315/gpu_id,res: 0,errno:1
[08:26:27.023][MXKW][W]topology.c              :1424: [topology_sysfs_get_system_props]err_node_num is 22,ret is 0,is_node_supported is 0
[08:26:27.023][MXKW][I]topology.c              :283 : [get_directory_socket_id]fscanf path:/sys/devices/virtual/mxcd/mxcd/layout/nodes/317/gpu_id,res: 0,errno:1
[08:26:27.023][MXKW][W]topology.c              :1424: [topology_sysfs_get_system_props]err_node_num is 23,ret is 0,is_node_supported is 0
[08:26:27.023][MXKW][I]topology.c              :1460: [topology_sysfs_get_system_props]cpu total 2 nodes, map list:
[08:26:27.023][MXKW][I]topology.c              :1463: [topology_sysfs_get_system_props]map_cpu[0]:0
[08:26:27.023][MXKW][I]topology.c              :1463: [topology_sysfs_get_system_props]map_cpu[1]:1
[08:26:27.023][MXKW][I]topology.c              :1465: [topology_sysfs_get_system_props]gpu total 1 nodes, map list:
[08:26:27.023][MXKW][I]topology.c              :1468: [topology_sysfs_get_system_props]map_gpu[0]:12
[08:26:27.024][MXKW][I]topology.c              :962 : [find_pci_info]node 0 's pci info is not found
[08:26:27.024][MXKW][I]topology.c              :911 : [read_pci_info_from_file]can't open /sys/devices/virtual/mxcd/mxcd/layout/nodes/0/location file!
[08:26:27.024][MXKW][I]topology.c              :962 : [find_pci_info]node 0 's pci info is not found
[08:26:27.024][MXKW][I]topology.c              :911 : [read_pci_info_from_file]can't open /sys/devices/virtual/mxcd/mxcd/layout/nodes/0/location file!
[08:26:27.024][MXKW][I]topology.c              :1944: [topology_sysfs_get_node_props]Device isa_major is 0, isa_minor is 0, MXName is
[08:26:27.024][MXKW][I]topology.c              :2548: [topology_take_snapshot]node0 direct_links route:
[08:26:27.024][MXKW][I]topology.c              :2562: [topology_take_snapshot]link0 type:2,  0--->1
[08:26:27.024][MXKW][I]topology.c              :962 : [find_pci_info]node 1 's pci info is not found
[08:26:27.024][MXKW][I]topology.c              :911 : [read_pci_info_from_file]can't open /sys/devices/virtual/mxcd/mxcd/layout/nodes/1/location file!
[08:26:27.024][MXKW][I]topology.c              :962 : [find_pci_info]node 1 's pci info is not found
[08:26:27.024][MXKW][I]topology.c              :911 : [read_pci_info_from_file]can't open /sys/devices/virtual/mxcd/mxcd/layout/nodes/1/location file!
[08:26:27.024][MXKW][I]topology.c              :1944: [topology_sysfs_get_node_props]Device isa_major is 0, isa_minor is 0, MXName is
[08:26:27.024][MXKW][I]topology.c              :2548: [topology_take_snapshot]node1 direct_links route:
[08:26:27.024][MXKW][I]topology.c              :2562: [topology_take_snapshot]link0 type:2,  1--->0
[08:26:27.024][MXKW][I]topology.c              :2573: [topology_take_snapshot]node1 indirect_links route:
[08:26:27.024][MXKW][I]topology.c              :1944: [topology_sysfs_get_node_props]Device isa_major is 10, isa_minor is 0, MXName is
[08:26:27.026][MXC][I]MxcInit: leaving
[08:26:27.026][MXC][I]InitDma: Entering
[08:26:27.027][MXC][I]InitDma: Leaving
[08:26:27.027][MCR][I]mx_device.cpp            :2294: Device xcore1000 create, major:10, minor:0
[08:26:27.027][MCR][I]mx_device.cpp            :2795: private_mem:436207616, info_.globalMemSize_:16341008384, gpu_single_alloc_percent:0.990000
[08:26:27.027][MCR][I]mx_device.cpp            :2865: get registersPerMtreg_:64,info_dpcNum_:8,info_wavePerDpc_:416, wavefrontWidth_:64
[08:26:27.027][MCR][I]mx_device.cpp            :3042: rmNum_:8, isuNum_:13, sl1Num_:7, vlsNum_:13, vl1Num_:13, l2cNum_:32, l2aNum_:4, l2xNum_:4

[08:26:27.028][MCR][I]mx_device.cpp            :1091: getQueueCnt hwQueueNum:16
[08:26:27.028][MCR][I]mx_device.cpp            :1153: agent_handle=0x55790de84af0,hardware queues number:16, queue count configuration: 8-4-4(H-N-L), highForMccl:0
[08:26:27.028][MCR][I]mx_device.cpp            :2445: Device xcore1000 create fininshed!

[08:26:27.028][MCR][I]mx_device.cpp            :2294: Device xcore1000 create, major:10, minor:0
[08:26:27.028][MCR][I]mx_device.cpp            :2795: private_mem:436207616, info_.globalMemSize_:16341008384, gpu_single_alloc_percent:0.990000
[08:26:27.028][MCR][I]mx_device.cpp            :2865: get registersPerMtreg_:64,info_dpcNum_:8,info_wavePerDpc_:416, wavefrontWidth_:64
[08:26:27.028][MCR][I]mx_device.cpp            :3042: rmNum_:8, isuNum_:13, sl1Num_:7, vlsNum_:13, vl1Num_:13, l2cNum_:32, l2aNum_:4, l2xNum_:4

[08:26:27.028][MCR][I]mx_device.cpp            :1091: getQueueCnt hwQueueNum:16
[08:26:27.028][MCR][I]mx_device.cpp            :1153: agent_handle=0x55790de84af0,hardware queues number:16, queue count configuration: 8-4-4(H-N-L), highForMccl:0
[08:26:27.028][MCR][I]mx_device.cpp            :2445: Device xcore1000 create fininshed!

[08:26:27.028][MCR][I]mc_vpu_impl.cpp          :80  : mcVpuLoad mxvpu lib version: 1.0.20260512_081136

[08:26:27.028][MCR][I]mc_vpu_impl.cpp          :86  : mcVpuLoad load mxvpu lib path: /opt/maca-3.7.1/lib/libmxvpu.so

[08:26:27.029][MCC][I]AddDevice device_id:0, arch:xcore1000
[08:26:27.029][MCC][I]Get compiler from environment variable MACA_PATH: /opt/maca/mxgpu_llvm/bin.
[warning] get_srvrpc_port get rpc server ports failed: cannot retrieve rpc server port.
[warning] get_srvrpc_port get rpc server ports failed: cannot retrieve rpc server port.
[warning] get_srvrpc_port get rpc server ports failed: cannot retrieve rpc server port.
[warning] get_srvrpc_port get rpc server ports failed: cannot retrieve rpc server port.
[warning] get_srvrpc_port get rpc server ports failed: cannot retrieve rpc server port.
[warning] get_srvrpc_port get rpc server ports failed: cannot retrieve rpc server port.
[warning] get_srvrpc_port get rpc server ports failed: cannot retrieve rpc server port.
[warning] get_srvrpc_port get rpc server ports failed: cannot retrieve rpc server port.
[warning] get_srvrpc_port get rpc server ports failed: cannot retrieve rpc server port.
[warning] get_srvrpc_port get rpc server ports failed: cannot retrieve rpc server port.
[warning] get_srvrpc_port get rpc server ports failed: cannot retrieve rpc server port.
[warning] get_srvrpc_port get rpc server ports failed: cannot retrieve rpc server port.
[warning] get_srvrpc_port get rpc server ports failed: cannot retrieve rpc server port.
[warning] get_srvrpc_port get rpc server ports failed: cannot retrieve rpc server port.
[warning] get_srvrpc_port get rpc server ports failed: cannot retrieve rpc server port.
[warning] get_srvrpc_port get rpc server ports failed: cannot retrieve rpc server port.
[warning] get_srvrpc_port get rpc server ports failed: cannot retrieve rpc server port.
[warning] get_srvrpc_port get rpc server ports failed: cannot retrieve rpc server port.
[warning] get_srvrpc_port get rpc server ports failed: cannot retrieve rpc server port.
[warning] get_srvrpc_port get rpc server ports failed: cannot retrieve rpc server port.
[warning] get_srvrpc_port get rpc server ports failed: cannot retrieve rpc server port.
[warning] get_srvrpc_port get rpc server ports failed: cannot retrieve rpc server port.
[08:26:48.775][MXS][I]                    Node0     Node1
[08:26:48.775][MXS][I]Gpu0                X
[08:26:48.775][MXS][I]CpuBind             X         X
get_mempolicy: Operation not permitted
[08:26:48.775][MXS][I]MemBind             X         X
[08:26:49.491][MXS][I]mcruntime           3%        97%
[warning] get_srvrpc_port get rpc server ports failed: cannot retrieve rpc server port.
[08:26:50.203][MXS][I]mccompiler          10%       90%
[warning] get_srvrpc_port get rpc server ports failed: cannot retrieve rpc server port.
[08:26:50.912][MXS][I]mxc-runtime         3%        97%
[warning] get_srvrpc_port get rpc server ports failed: cannot retrieve rpc server port.
[08:26:51.622][MXS][I]mxkw                3%        97%
[08:26:51.623][PTI][I]mcpti_profiler.cpp       :618 : getModuleInfo:1,8,13,7,13,13,32,4,4

[08:26:51.624][MCR][I]mx_device.cpp            :5792: agent_handle=0x55790de84af0
[08:26:51.625][MCR][I]mx_device.cpp            :1446: created hardware queue 0x7fbda020b000(HWq=0x7fb9b4001a90) with size 1024 with priority 0(L), cooperative: 0, is_exclusive: 0
[08:26:51.625][MCR][I]mx_device.cpp            :1458: number of allocated hardware queues 0-0-1(H-N-L), number of users 0-0-1
[08:26:51.628][MCR][W]mx_perf_counter.cpp      :568 : Perf is not exclusive, can not be disabled!
[08:26:51.631][MCTX][I]mctxTPImpl.cpp           :186 : Automatically acquire a port.
[08:26:51.631][MCTX][I]mcRpcAsyncImpl.cpp       :421 : mcRpcServerAsyncInit 0x55790de6f5d0 0
[08:26:51.631][MCTX][I]mcRpcAsyncImpl.cpp       :500 : mcRpcAsyncServerTask start!
[08:26:51.631][MCTX][I]mcRpcAsyncImpl.cpp       :472 : mcRpcServerAsyncRun start
[08:26:51.632][MCTX][I]server.cpp               :69  : Server thread num: 1, listening on: 41977.
[info] MctxStreamProfilerCountDataGet Start
[info] MctxStreamProfilerCountDataGet Loop
mcToolsExtPid_UsedPort:150133-41977
[08:26:56.726][MCR][I]mc_memory.cpp            :1671: copy strategy - H2DCpuCopy:0,D2HCpuCopy:0,cpuCopy:0,d2dCrossDevices:0,pageableHToDAsync:0
[08:26:56.726][MCR][I]mc_memory.cpp            :1672: copy strategy - isAsync:0,waitComplete:1
[08:26:56.726][MXC][I]GpuDevice 0xde84af0 enable profiling, sdm_counter:44770171017443, sys_time:1788942416726833759
[08:26:56.726][MXC][I]raw dispatch ts:[111032340994950,111032340995226]
[08:26:56.726][MXC][I]dispatch ts translate ret [1788942416726869256, 1788942416726872016]
[08:26:56.726][MXC][I]raw async_copy ts:[44770171167435,44770171178199]
[08:26:56.726][MXC][I]sdma_ts_.sdma_counter:44770171017443
[08:26:56.726][MXC][I]DNOCfreq:900000000, async_copy ts translate ret [1788942416727000416, 1788942416727012376]
[08:26:56.726][MXC][I]raw dispatch ts:[111032335897088,111032335901796]
[08:26:56.726][MXC][I]dispatch ts translate ret [1788942416675890689, 1788942416675937769]
[08:26:56.726][MXC][I]raw dispatch ts:[111032335904971,111032335906014]
[08:26:56.727][MXC][I]dispatch ts translate ret [1788942416675969519, 1788942416675979949]
[08:26:56.727][MXC][I]raw dispatch ts:[111032335906296,111032335907206]
[08:26:56.727][MXC][I]dispatch ts translate ret [1788942416675982769, 1788942416675991869]
[08:26:56.749][MXC][I]raw dispatch ts:[111032341453177,111032341453926]
[08:26:56.749][MXC][I]dispatch ts translate ret [1788942416731451539, 1788942416731459029]
[08:26:56.751][MXC][I]raw dispatch ts:[111032341465079,111032341465578]
[08:26:56.751][MXC][I]dispatch ts translate ret [1788942416731570560, 1788942416731575550]
[08:26:56.752][MCBLASLT][I]The handle of mcBlas/mcBlasLt is not thread-safe and cannot be shared across threads.
[08:26:56.752][MCBLASLT][I]Looking for the module path
[08:26:56.752][MCBLASLT][I]found mcblaslt lib path: /opt/maca-3.7.1/lib
[08:26:57.004][MCBLASLT][I]load module mcblas_xcore1000.mcfb successed
[08:26:57.004][MCBLASLT][I]xcore_major_ : 10, xcore_minor_ : 0, page_size_: 2097152
[08:26:57.242][MCBLASLT][I]Kernsel: Succeed init xcore_major: 10 with ap num: 104 !
[08:26:57.242][MCBLASLT][I]Kernsel: Kernsel not set MCBLAS_CUSTOMIZED_CONFIG_PATH
[08:26:57.242][MCBLASLT][I]xcore_major_ : 10, xcore_minor_ : 0, page_size_: 2097152
[08:26:57.500][MCBLASLT][I]Gemv Kernsel: Succeed init xcore_major: 10 with ap num: 104 !
[08:26:57.500][MCBLASLT][I]Gemv kernsel: Kernsel not set MCBLAS_GEMV_CUSTOMIZED_CONFIG_PATH
[08:26:57.500][MCBLASLT][I]allocated memory for signal buffer
[08:26:57.500][MCR][I]mc_memory.cpp            :2132: [mcMemset] dst:0x7fb97be00000 value:0 valueSize:1 sizeBytes:262144 isAsync:false
[08:26:57.500][MXC][I]raw dispatch ts:[111032341551574,111032341552618]
[08:26:57.500][MXC][I]dispatch ts translate ret [1788942416732435512, 1788942416732445952]
[08:26:57.500][MCBLASLT][I]set_workspace is called ! user allocated size: 67108864B = 64.000000MB
[08:26:57.500][MXC][I]raw dispatch ts:[111032341571978,111032341572492]
[08:26:57.500][MXC][I]dispatch ts translate ret [1788942416732639553, 1788942416732644693]
[08:26:57.500][MXC][I]raw dispatch ts:[111032342040757,111032342041296]
[08:26:57.500][MXC][I]dispatch ts translate ret [1788942416737327357, 1788942416737332747]
[08:26:57.500][MXC][I]raw dispatch ts:[111032342075336,111032342075629]
[08:26:57.500][MXC][I]dispatch ts translate ret [1788942416737673148, 1788942416737676078]
[08:26:57.500][MXC][I]raw dispatch ts:[111032342602824,111032342603476]
[08:26:57.500][MXC][I]dispatch ts translate ret [1788942416742948044, 1788942416742954564]
[08:26:57.500][MXC][I]raw dispatch ts:[111032342840269,111032342840878]
[08:26:57.500][MXC][I]dispatch ts translate ret [1788942416745322502, 1788942416745328592]
[08:26:57.500][MXC][I]raw dispatch ts:[111032342845307,111032342845816]
[08:26:57.500][MXC][I]dispatch ts translate ret [1788942416745372882, 1788942416745377972]
[08:26:57.500][MXC][I]raw dispatch ts:[111032342970628,111032342971140]
[08:26:57.500][MXC][I]dispatch ts translate ret [1788942416746626096, 1788942416746631216]
[08:26:57.500][MXC][I]raw dispatch ts:[111032342974035,111032342974328]
[08:26:57.500][MXC][I]dispatch ts translate ret [1788942416746660166, 1788942416746663096]
[08:26:57.500][MXC][I]raw dispatch ts:[111032342983560,111032342984360]
[08:26:57.500][MXC][I]dispatch ts translate ret [1788942416746755416, 1788942416746763416]
[08:26:57.500][MXC][I]raw dispatch ts:[111032342989830,111032342990146]
[08:26:57.500][MXC][I]dispatch ts translate ret [1788942416746818116, 1788942416746821276]
[08:26:57.500][MXC][I]raw dispatch ts:[111032343250625,111032343251322]
[08:26:57.500][MXC][I]dispatch ts translate ret [1788942416749426074, 1788942416749433044]
[08:26:57.500][MXC][I]raw dispatch ts:[111032343266368,111032343267216]
[08:26:57.500][MXC][I]dispatch ts translate ret [1788942416749583504, 1788942416749591984]
[08:26:57.500][MXC][I]raw dispatch ts:[111032343270225,111032343270866]
[08:26:57.500][MXC][I]dispatch ts translate ret [1788942416749622074, 1788942416749628484]
[08:26:57.500][MXC][I]raw dispatch ts:[111032343483177,111032343491876]
[08:26:57.500][MXC][I]dispatch ts translate ret [1788942416751751593, 1788942416751838582]
[08:26:57.500][MXC][I]raw dispatch ts:[111032418338801,111032418341878]
[08:26:57.500][MXC][I]dispatch ts translate ret [1788942417500307151, 1788942417500337921]
[08:26:57.500][MCBLAS][I]mcblasSgemmStridedBatched 1 0 128 16 64 64 64 128 256 8192 1024 2048 1.000000 0.000000
[08:26:57.501][MCBLASLT][I]Kernsel found best solution: Kernel name: mcblas__Mck_sgemm_tn_128x32x32_1m1n4k_256t_fp32_fp32_fp32_sb_0_0, slt:0, swap:0, ksplit:0
[08:26:57.501][MCBLASLT][I]module get function mcblas__Mck_sgemm_tn_128x32x32_1m1n4k_256t_fp32_fp32_fp32_sb_0_0 successed
[08:26:57.519][MCBLASLT][I]mcModuleLaunchKernel successed, ret = 0
[08:26:57.522][MCR][I]mc_memory.cpp            :1671: copy strategy - H2DCpuCopy:0,D2HCpuCopy:0,cpuCopy:0,d2dCrossDevices:0,pageableHToDAsync:0
[08:26:57.522][MCR][I]mc_memory.cpp            :1672: copy strategy - isAsync:0,waitComplete:0
[08:26:57.522][MXC][I]raw dispatch ts:[111032420546840,111032420546938]
[08:26:57.522][MXC][I]dispatch ts translate ret [1788942417522387476, 1788942417522388456]
[08:26:57.536][MCBLASLT][I]set_workspace is called ! user allocated size: 67108864B = 64.000000MB
[08:26:57.536][MCBLAS][I]mcblasSgemmStridedBatched 0 0 64 16 128 64 128 64 256 8192 2048 1024 1.000000 0.000000
[08:26:57.537][MCBLASLT][I]Kernsel found best solution: Kernel name: mcblas__Mck_sgemm_nn_64x32x64_1m1n4k_256t_fp32_fp32_fp32_sb_0_0, slt:0, swap:1, ksplit:0
[08:26:57.537][MCBLASLT][I]module get function mcblas__Mck_sgemm_nn_64x32x64_1m1n4k_256t_fp32_fp32_fp32_sb_0_0 successed
[08:26:57.537][MCBLASLT][I]mcModuleLaunchKernel successed, ret = 0
[08:26:57.537][MCR][I]mc_memory.cpp            :1671: copy strategy - H2DCpuCopy:0,D2HCpuCopy:0,cpuCopy:0,d2dCrossDevices:0,pageableHToDAsync:0
[08:26:57.537][MCR][I]mc_memory.cpp            :1672: copy strategy - isAsync:0,waitComplete:0
[08:26:57.537][MXC][I]raw dispatch ts:[111032422071324,111032422071418]
[08:26:57.537][MXC][I]dispatch ts translate ret [1788942417537632151, 1788942417537633091]
[08:26:57.537][MXC][I]raw async_copy ts:[44771144015354,44771144027902]
[08:26:57.537][MXC][I]sdma_ts_.sdma_counter:44770171017443
[08:26:57.537][MXC][I]DNOCfreq:900000000, async_copy ts translate ret [1788942417807942549, 1788942417807956491]
[08:26:57.537][MXC][I]raw dispatch ts:[111032420245804,111032420247474]
[08:26:57.537][MXC][I]dispatch ts translate ret [1788942417519377148, 1788942417519393848]
[08:26:57.537][MXC][I]raw dispatch ts:[111032420268298,111032420269006]
[08:26:57.537][MXC][I]dispatch ts translate ret [1788942417519602086, 1788942417519609166]
[08:26:57.537][MXC][I]raw dispatch ts:[111032420534298,111032420534774]
[08:26:57.537][MXC][I]dispatch ts translate ret [1788942417522262057, 1788942417522266817]
[08:26:57.537][MXC][I]raw async_copy ts:[44771125726051,44771125763538]
[08:26:57.537][MXC][I]sdma_ts_.sdma_counter:44770171017443
[08:26:57.537][MXC][I]DNOCfreq:900000000, async_copy ts translate ret [1788942417787621101, 1788942417787662753]
[08:26:57.537][MXC][I]raw dispatch ts:[111032421675595,111032421676744]
[08:26:57.537][MXC][I]dispatch ts translate ret [1788942417533674903, 1788942417533686393]
[08:26:57.537][MXC][I]raw dispatch ts:[111032421974539,111032421975938]
[08:26:57.537][MXC][I]dispatch ts translate ret [1788942417536664311, 1788942417536678301]
[08:26:57.537][MXC][I]raw dispatch ts:[111032421984443,111032421985100]
[08:26:57.537][MXC][I]dispatch ts translate ret [1788942417536763350, 1788942417536769920]
[08:26:57.537][MXC][I]raw dispatch ts:[111032421988600,111032421997230]
[08:26:57.537][MXC][I]dispatch ts translate ret [1788942417536804920, 1788942417536891219]
[08:26:57.537][MXC][I]raw dispatch ts:[111032422054212,111032422055628]
[08:26:57.537][MXC][I]dispatch ts translate ret [1788942417537461032, 1788942417537475192]
[08:26:57.537][MXC][I]raw dispatch ts:[111032422067686,111032422068537]
[08:26:57.537][MXC][I]dispatch ts translate ret [1788942417537595771, 1788942417537604281]
[08:26:57.538][MCBLASLT][I]set_workspace is called ! user allocated size: 67108864B = 64.000000MB
[08:26:57.538][MCBLAS][I]mcblasSgemmStridedBatched 1 0 128 16 64 64 64 128 256 8192 1024 2048 1.000000 0.000000
[08:26:57.538][MCBLASLT][I]Kernsel found best solution: Kernel name: mcblas__Mck_sgemm_tn_128x32x32_1m1n4k_256t_fp32_fp32_fp32_sb_0_0, slt:0, swap:0, ksplit:0
[08:26:57.538][MCBLASLT][I]module get function mcblas__Mck_sgemm_tn_128x32x32_1m1n4k_256t_fp32_fp32_fp32_sb_0_0 successed
[08:26:57.538][MCBLASLT][I]mcModuleLaunchKernel successed, ret = 0
[08:26:57.538][MXC][I]raw dispatch ts:[111032422078335,111032422078709]
[08:26:57.538][MXC][I]dispatch ts translate ret [1788942417537702259, 1788942417537705999]
[08:26:57.538][MXC][I]raw dispatch ts:[111032422081618,111032422081986]
[08:26:57.538][MXC][I]dispatch ts translate ret [1788942417537735088, 1788942417537738768]
[08:26:57.538][MCR][I]mc_memory.cpp            :1671: copy strategy - H2DCpuCopy:0,D2HCpuCopy:0,cpuCopy:0,d2dCrossDevices:0,pageableHToDAsync:0
[08:26:57.538][MCR][I]mc_memory.cpp            :1672: copy strategy - isAsync:0,waitComplete:0
[08:26:57.538][MXC][I]raw dispatch ts:[111032422084758,111032422084998]
[08:26:57.538][MXC][I]dispatch ts translate ret [1788942417537766504, 1788942417537768904]
[08:26:57.538][MXC][I]raw dispatch ts:[111032422129667,111032422129767]
[08:26:57.538][MXC][I]dispatch ts translate ret [1788942417538215639, 1788942417538216640]
[08:26:57.538][MXC][I]raw dispatch ts:[111032422085301,111032422085910]
[08:26:57.538][MXC][I]dispatch ts translate ret [1788942417537771934, 1788942417537778025]
[08:26:57.538][MXC][I]raw async_copy ts:[44771144711603,44771144746710]
[08:26:57.538][MXC][I]sdma_ts_.sdma_counter:44770171017443
[08:26:57.538][MXC][I]DNOCfreq:900000000, async_copy ts translate ret [1788942417808716159, 1788942417808755166]
[08:26:57.538][MXC][I]raw dispatch ts:[111032422088654,111032422089131]
[08:26:57.538][MXC][I]dispatch ts translate ret [1788942417537805468, 1788942417537810238]
[08:26:57.538][MXC][I]raw dispatch ts:[111032422091979,111032422092437]
[08:26:57.538][MXC][I]dispatch ts translate ret [1788942417537838721, 1788942417537843302]
[08:26:57.538][MCBLASLT][I]set_workspace is called ! user allocated size: 67108864B = 64.000000MB
[08:26:57.538][MXC][I]raw dispatch ts:[111032422095015,111032422095337]
[08:26:57.538][MXC][I]dispatch ts translate ret [1788942417537869084, 1788942417537872305]
[08:26:57.538][MCBLAS][I]mcblasSgemmStridedBatched 0 0 64 16 128 64 128 64 256 8192 2048 1024 1.000000 0.000000
[08:26:57.538][MCBLASLT][I]Kernsel found best solution: Kernel name: mcblas__Mck_sgemm_nn_64x32x64_1m1n4k_256t_fp32_fp32_fp32_sb_0_0, slt:0, swap:1, ksplit:0
[08:26:57.538][MXC][I]raw dispatch ts:[111032422095647,111032422095911]
[08:26:57.538][MCBLASLT][I]module get function mcblas__Mck_sgemm_nn_64x32x64_1m1n4k_256t_fp32_fp32_fp32_sb_0_0 successed
[08:26:57.538][MXC][I]dispatch ts translate ret [1788942417537875405, 1788942417537878045]
[08:26:57.538][MCBLASLT][I]mcModuleLaunchKernel successed, ret = 0
[08:26:57.538][MXC][I]raw dispatch ts:[111032422098763,111032422099577]
[08:26:57.538][MXC][I]dispatch ts translate ret [1788942417537906568, 1788942417537914709]
[08:26:57.538][MXC][I]raw dispatch ts:[111032422099866,111032422100128]
[08:26:57.538][MXC][I]dispatch ts translate ret [1788942417537917599, 1788942417537920220]
[08:26:57.538][MCR][I]mc_memory.cpp            :1671: copy strategy - H2DCpuCopy:0,D2HCpuCopy:0,cpuCopy:0,d2dCrossDevices:0,pageableHToDAsync:0
[08:26:57.538][MCR][I]mc_memory.cpp            :1672: copy strategy - isAsync:0,waitComplete:0
[08:26:57.538][MXC][I]raw dispatch ts:[111032422103731,111032422104244]
[08:26:57.538][MXC][I]dispatch ts translate ret [1788942417537956253, 1788942417537961384]
[08:26:57.538][MXC][I]raw dispatch ts:[111032422151462,111032422151687]
[08:26:57.538][MXC][I]dispatch ts translate ret [1788942417538433618, 1788942417538435868]
[08:26:57.538][MXC][I]raw dispatch ts:[111032422104524,111032422105378]
[08:26:57.538][MXC][I]dispatch ts translate ret [1788942417537964211, 1788942417537972751]
[08:26:57.538][MXC][I]raw async_copy ts:[44771144975454,44771144985204]
[08:26:57.538][MXC][I]sdma_ts_.sdma_counter:44770171017443
[08:26:57.538][MXC][I]DNOCfreq:900000000, async_copy ts translate ret [1788942417809009326, 1788942417809020159]
[08:26:57.538][MXC][I]raw dispatch ts:[111032422108050,111032422108779]
[08:26:57.538][MXC][I]dispatch ts translate ret [1788942417537999471, 1788942417538006761]
[08:26:57.538][MXC][I]raw dispatch ts:[111032422109062,111032422111704]
[08:26:57.538][MXC][I]dispatch ts translate ret [1788942417538009591, 1788942417538036010]
[08:26:57.538][MXC][I]raw dispatch ts:[111032422119924,111032422121326]
[08:26:57.538][MXC][I]dispatch ts translate ret [1788942417538118209, 1788942417538132229]
[08:26:57.538][MXC][I]raw dispatch ts:[111032422124022,111032422124519]
[08:26:57.538][MXC][I]dispatch ts translate ret [1788942417538159189, 1788942417538164159]
[08:26:57.538][MXC][I]raw dispatch ts:[111032422126892,111032422127213]
[08:26:57.538][MXC][I]dispatch ts translate ret [1788942417538187889, 1788942417538191099]
[08:26:57.538][MXC][I]raw dispatch ts:[111032422138282,111032422139378]
[08:26:57.538][MXC][I]dispatch ts translate ret [1788942417538301801, 1788942417538312763]
[08:26:57.538][MXC][I]raw dispatch ts:[111032422141838,111032422142931]
[08:26:57.538][MXC][I]dispatch ts translate ret [1788942417538337366, 1788942417538348297]
[08:26:57.538][MXC][I]raw dispatch ts:[111032422143217,111032422143745]
[08:26:57.538][MXC][I]dispatch ts translate ret [1788942417538351157, 1788942417538356438]
[08:26:57.538][MXC][I]raw dispatch ts:[111032422144045,111032422146461]
[08:26:57.538][MXC][I]dispatch ts translate ret [1788942417538359438, 1788942417538383601]
[08:26:57.538][MXC][I]raw dispatch ts:[111032422148884,111032422150266]
[08:26:57.538][MXC][I]dispatch ts translate ret [1788942417538407834, 1788942417538421656]
[08:26:57.538][MXC][I]raw dispatch ts:[111032422150554,111032422151187]
[08:26:57.538][MXC][I]dispatch ts translate ret [1788942417538424536, 1788942417538430867]
[08:26:57.538][MCBLASLT][I]set_workspace is called ! user allocated size: 67108864B = 64.000000MB
[08:26:57.538][MCBLAS][I]mcblasSgemmStridedBatched 1 0 128 16 64 64 64 128 256 8192 1024 2048 1.000000 0.000000
[08:26:57.538][MCBLASLT][I]Kernsel found best solution: Kernel name: mcblas__Mck_sgemm_tn_128x32x32_1m1n4k_256t_fp32_fp32_fp32_sb_0_0, slt:0, swap:0, ksplit:0
[08:26:57.538][MCBLASLT][I]module get function mcblas__Mck_sgemm_tn_128x32x32_1m1n4k_256t_fp32_fp32_fp32_sb_0_0 successed
[08:26:57.538][MCBLASLT][I]mcModuleLaunchKernel successed, ret = 0
[08:26:57.538][MXC][I]raw dispatch ts:[111032422158510,111032422158856]
[08:26:57.538][MXC][I]dispatch ts translate ret [1788942417538504105, 1788942417538507566]
[08:26:57.538][MXC][I]raw dispatch ts:[111032422161136,111032422161474]
[08:26:57.538][MXC][I]dispatch ts translate ret [1788942417538530368, 1788942417538533749]
[08:26:57.538][MCR][I]mc_memory.cpp            :1671: copy strategy - H2DCpuCopy:0,D2HCpuCopy:0,cpuCopy:0,d2dCrossDevices:0,pageableHToDAsync:0
[08:26:57.538][MCR][I]mc_memory.cpp            :1672: copy strategy - isAsync:0,waitComplete:0
[08:26:57.538][MXC][I]raw dispatch ts:[111032422161772,111032422162032]
[08:26:57.538][MXC][I]dispatch ts translate ret [1788942417538536729, 1788942417538539330]
[08:26:57.538][MCBLASLT][I]set_workspace is called ! user allocated size: 67108864B = 64.000000MB
[08:26:57.538][MCBLAS][I]mcblasSgemmStridedBatched 0 0 64 16 128 64 128 64 256 8192 2048 1024 1.000000 0.000000
[08:26:57.538][MCBLASLT][I]Kernsel found best solution: Kernel name: mcblas__Mck_sgemm_nn_64x32x64_1m1n4k_256t_fp32_fp32_fp32_sb_0_0, slt:0, swap:1, ksplit:0
[08:26:57.538][MCBLASLT][I]module get function mcblas__Mck_sgemm_nn_64x32x64_1m1n4k_256t_fp32_fp32_fp32_sb_0_0 successed
[08:26:57.538][MCBLASLT][I]mcModuleLaunchKernel successed, ret = 0
[08:26:57.538][MXC][I]raw dispatch ts:[111032422185861,111032422185988]
[08:26:57.538][MXC][I]dispatch ts translate ret [1788942417538777698, 1788942417538778968]
[08:26:57.538][MXC][I]raw dispatch ts:[111032422165040,111032422165550]
[08:26:57.538][MXC][I]dispatch ts translate ret [1788942417538569433, 1788942417538574534]
[08:26:57.538][MCR][I]mc_memory.cpp            :1671: copy strategy - H2DCpuCopy:0,D2HCpuCopy:0,cpuCopy:0,d2dCrossDevices:0,pageableHToDAsync:0
[08:26:57.538][MCR][I]mc_memory.cpp            :1672: copy strategy - isAsync:0,waitComplete:0
[08:26:57.538][MXC][I]raw async_copy ts:[44771145389032,44771145423713]
[08:26:57.538][MXC][I]sdma_ts_.sdma_counter:44770171017443
[08:26:57.538][MXC][I]DNOCfreq:900000000, async_copy ts translate ret [1788942417809468857, 1788942417809507391]
[08:26:57.538][MXC][I]raw dispatch ts:[111032422165826,111032422166158]
[08:26:57.538][MXC][I]dispatch ts translate ret [1788942417538577295, 1788942417538580616]
[08:26:57.538][MXC][I]raw dispatch ts:[111032422166439,111032422166783]
[08:26:57.538][MXC][I]dispatch ts translate ret [1788942417538583426, 1788942417538586867]
[08:26:57.538][MXC][I]raw dispatch ts:[111032422167061,111032422167326]
[08:26:57.538][MXC][I]dispatch ts translate ret [1788942417538589648, 1788942417538592299]
[08:26:57.538][MXC][I]raw dispatch ts:[111032422169803,111032422170055]
[08:26:57.538][MXC][I]dispatch ts translate ret [1788942417538617075, 1788942417538619596]
[08:26:57.538][MXC][I]raw dispatch ts:[111032422170360,111032422171180]
[08:26:57.538][MXC][I]dispatch ts translate ret [1788942417538622647, 1788942417538630849]
[08:26:57.538][MXC][I]raw dispatch ts:[111032422171468,111032422171754]
[08:26:57.538][MXC][I]dispatch ts translate ret [1788942417538633730, 1788942417538636590]
[08:26:57.538][MXC][I]raw dispatch ts:[111032422172035,111032422172500]
[08:26:57.538][MXC][I]dispatch ts translate ret [1788942417538639401, 1788942417538644052]
[08:26:57.539][MCBLASLT][I]set_workspace is called ! user allocated size: 67108864B = 64.000000MB
[08:26:57.539][MCBLAS][I]mcblasSgemmStridedBatched 1 0 128 16 64 64 64 128 256 8192 1024 2048 1.000000 0.000000
[08:26:57.539][MXC][I]raw dispatch ts:[111032422208943,111032422209086]
[08:26:57.539][MXC][I]dispatch ts translate ret [1788942417539008359, 1788942417539009788]
[08:26:57.539][MXC][I]raw dispatch ts:[111032422172785,111032422173505]
[08:26:57.539][MXC][I]dispatch ts translate ret [1788942417538646941, 1788942417538654141]
[08:26:57.539][MCBLASLT][I]Kernsel found best solution: Kernel name: mcblas__Mck_sgemm_tn_128x32x32_1m1n4k_256t_fp32_fp32_fp32_sb_0_0, slt:0, swap:0, ksplit:0
[08:26:57.539][MCBLASLT][I]module get function mcblas__Mck_sgemm_tn_128x32x32_1m1n4k_256t_fp32_fp32_fp32_sb_0_0 successed
[08:26:57.539][MCBLASLT][I]mcModuleLaunchKernel successed, ret = 0
[08:26:57.539][MXC][I]raw async_copy ts:[44771145685333,44771145694991]
[08:26:57.539][MXC][I]sdma_ts_.sdma_counter:44770171017443
[08:26:57.539][MXC][I]DNOCfreq:900000000, async_copy ts translate ret [1788942417809798081, 1788942417809808812]
[08:26:57.539][MXC][I]raw dispatch ts:[111032422176488,111032422177077]
[08:26:57.539][MXC][I]dispatch ts translate ret [1788942417538683971, 1788942417538689861]
[08:26:57.539][MXC][I]raw dispatch ts:[111032422177363,111032422180004]
[08:26:57.539][MXC][I]dispatch ts translate ret [1788942417538692720, 1788942417538719130]
[08:26:57.539][MXC][I]raw dispatch ts:[111032422180286,111032422181595]
[08:26:57.539][MXC][I]dispatch ts translate ret [1788942417538721950, 1788942417538735040]
[08:26:57.539][MXC][I]raw dispatch ts:[111032422181873,111032422182225]
[08:26:57.539][MXC][I]dispatch ts translate ret [1788942417538737820, 1788942417538741340]
[08:26:57.539][MCR][I]mc_memory.cpp            :1671: copy strategy - H2DCpuCopy:0,D2HCpuCopy:0,cpuCopy:0,d2dCrossDevices:0,pageableHToDAsync:0
[08:26:57.539][MCR][I]mc_memory.cpp            :1672: copy strategy - isAsync:0,waitComplete:0
[08:26:57.539][MXC][I]raw dispatch ts:[111032422185247,111032422185558]
[08:26:57.539][MXC][I]dispatch ts translate ret [1788942417538771560, 1788942417538774670]
[08:26:57.539][MXC][I]raw dispatch ts:[111032422194485,111032422195565]
[08:26:57.539][MXC][I]dispatch ts translate ret [1788942417538863882, 1788942417538874675]
[08:26:57.539][MXC][I]raw dispatch ts:[111032422198523,111032422199585]
[08:26:57.539][MXC][I]dispatch ts translate ret [1788942417538904233, 1788942417538914846]
[08:26:57.539][MXC][I]raw dispatch ts:[111032422199862,111032422200410]
[08:26:57.539][MXC][I]dispatch ts translate ret [1788942417538917614, 1788942417538923090]
[08:26:57.539][MXC][I]raw dispatch ts:[111032422200690,111032422203416]
[08:26:57.539][MXC][I]dispatch ts translate ret [1788942417538925888, 1788942417538953128]
[08:26:57.539][MXC][I]raw dispatch ts:[111032422203696,111032422205040]
[08:26:57.539][MXC][I]dispatch ts translate ret [1788942417538955926, 1788942417538969357]
[08:26:57.539][MXC][I]raw dispatch ts:[111032422207831,111032422208657]
[08:26:57.539][MCBLASLT][I]set_workspace is called ! user allocated size: 67108864B = 64.000000MB
[08:26:57.539][MXC][I]dispatch ts translate ret [1788942417538997247, 1788942417539005501]
[08:26:57.539][MCBLAS][I]mcblasSgemmStridedBatched 0 0 64 16 128 64 128 64 256 8192 2048 1024 1.000000 0.000000
[08:26:57.539][MCBLASLT][I]Kernsel found best solution: Kernel name: mcblas__Mck_sgemm_nn_64x32x64_1m1n4k_256t_fp32_fp32_fp32_sb_0_0, slt:0, swap:1, ksplit:0
[08:26:57.539][MCBLASLT][I]module get function mcblas__Mck_sgemm_nn_64x32x64_1m1n4k_256t_fp32_fp32_fp32_sb_0_0 successed
[08:26:57.539][MCBLASLT][I]mcModuleLaunchKernel successed, ret = 0
[08:26:57.539][MXC][I]raw dispatch ts:[111032422218178,111032422218558]
[08:26:57.539][MXC][I]dispatch ts translate ret [1788942417539100642, 1788942417539104439]
[08:26:57.539][MXC][I]raw dispatch ts:[111032422218846,111032422219192]
[08:26:57.539][MXC][I]dispatch ts translate ret [1788942417539107317, 1788942417539110774]
[08:26:57.539][MCR][I]mc_memory.cpp            :1671: copy strategy - H2DCpuCopy:0,D2HCpuCopy:0,cpuCopy:0,d2dCrossDevices:0,pageableHToDAsync:0
[08:26:57.539][MCR][I]mc_memory.cpp            :1672: copy strategy - isAsync:0,waitComplete:0
[08:26:57.539][MXC][I]raw dispatch ts:[111032422222059,111032422222300]
[08:26:57.539][MXC][I]dispatch ts translate ret [1788942417539139503, 1788942417539141913]
[08:26:57.539][MXC][I]raw dispatch ts:[111032422242275,111032422242395]
[08:26:57.539][MXC][I]dispatch ts translate ret [1788942417539341663, 1788942417539342863]
[08:26:57.539][MXC][I]raw dispatch ts:[111032422222605,111032422223105]
[08:26:57.539][MXC][I]dispatch ts translate ret [1788942417539144963, 1788942417539149963]
[08:26:57.539][MXC][I]raw async_copy ts:[44771146061192,44771146095702]
[08:26:57.539][MXC][I]sdma_ts_.sdma_counter:44770171017443
[08:26:57.539][MXC][I]DNOCfreq:900000000, async_copy ts translate ret [1788942417810215702, 1788942417810254046]
[08:26:57.539][MXC][I]raw dispatch ts:[111032422223381,111032422223735]
[08:26:57.539][MXC][I]dispatch ts translate ret [1788942417539152723, 1788942417539156263]
[08:26:57.539][MXC][I]raw dispatch ts:[111032422224011,111032422224385]
[08:26:57.539][MXC][I]dispatch ts translate ret [1788942417539159023, 1788942417539162763]
[08:26:57.539][MXC][I]raw dispatch ts:[111032422226767,111032422227076]
[08:26:57.539][MXC][I]dispatch ts translate ret [1788942417539186583, 1788942417539189673]
[08:26:57.539][MXC][I]raw dispatch ts:[111032422227351,111032422227600]
[08:26:57.539][MXC][I]dispatch ts translate ret [1788942417539192423, 1788942417539194913]
[08:26:57.539][MXC][I]raw dispatch ts:[111032422227869,111032422228670]
[08:26:57.539][MXC][I]dispatch ts translate ret [1788942417539197603, 1788942417539205613]
[08:26:57.539][MXC][I]raw dispatch ts:[111032422228942,111032422229236]
[08:26:57.539][MCBLASLT][I]set_workspace is called ! user allocated size: 67108864B = 64.000000MB
[08:26:57.539][MCBLAS][I]mcblasSgemmStridedBatched 1 0 128 16 64 64 64 128 256 8192 1024 2048 1.000000 0.000000
[08:26:57.539][MXC][I]dispatch ts translate ret [1788942417539208333, 1788942417539211273]
[08:26:57.539][MCBLASLT][I]Kernsel found best solution: Kernel name: mcblas__Mck_sgemm_tn_128x32x32_1m1n4k_256t_fp32_fp32_fp32_sb_0_0, slt:0, swap:0, ksplit:0
[08:26:57.539][MCBLASLT][I]module get function mcblas__Mck_sgemm_tn_128x32x32_1m1n4k_256t_fp32_fp32_fp32_sb_0_0 successed
[08:26:57.539][MXC][I]raw dispatch ts:[111032422229509,111032422229942]
[08:26:57.539][MCBLASLT][I]mcModuleLaunchKernel successed, ret = 0
[08:26:57.539][MXC][I]dispatch ts translate ret [1788942417539214003, 1788942417539218333]
[08:26:57.539][MCR][I]mc_memory.cpp            :1671: copy strategy - H2DCpuCopy:0,D2HCpuCopy:0,cpuCopy:0,d2dCrossDevices:0,pageableHToDAsync:0
[08:26:57.539][MCR][I]mc_memory.cpp            :1672: copy strategy - isAsync:0,waitComplete:0
[08:26:57.539][MXC][I]raw dispatch ts:[111032422264135,111032422264271]
[08:26:57.539][MXC][I]dispatch ts translate ret [1788942417539560294, 1788942417539561654]
[08:26:57.539][MXC][I]raw dispatch ts:[111032422232520,111032422233245]
[08:26:57.539][MXC][I]dispatch ts translate ret [1788942417539244114, 1788942417539251364]
[08:26:57.539][MXC][I]raw async_copy ts:[44771146323409,44771146333066]
[08:26:57.539][MXC][I]sdma_ts_.sdma_counter:44770171017443
[08:26:57.539][MXC][I]DNOCfreq:900000000, async_copy ts translate ret [1788942417810507054, 1788942417810517784]
[08:26:57.539][MXC][I]raw dispatch ts:[111032422233533,111032422234169]
[08:26:57.539][MXC][I]dispatch ts translate ret [1788942417539254244, 1788942417539260604]
[08:26:57.539][MXC][I]raw dispatch ts:[111032422234453,111032422236982]
[08:26:57.539][MXC][I]dispatch ts translate ret [1788942417539263445, 1788942417539288737]
[08:26:57.539][MXC][I]raw dispatch ts:[111032422237268,111032422238678]
[08:26:57.539][MXC][I]dispatch ts translate ret [1788942417539291597, 1788942417539305699]
[08:26:57.539][MCBLASLT][I]set_workspace is called ! user allocated size: 67108864B = 64.000000MB
[08:26:57.539][MXC][I]raw dispatch ts:[111032422238962,111032422239333]
[08:26:57.539][MXC][I]dispatch ts translate ret [1788942417539308539, 1788942417539312249]
[08:26:57.539][MCBLAS][I]mcblasSgemmStridedBatched 0 0 64 16 128 64 128 64 256 8192 2048 1024 1.000000 0.000000
[08:26:57.539][MCBLASLT][I]Kernsel found best solution: Kernel name: mcblas__Mck_sgemm_nn_64x32x64_1m1n4k_256t_fp32_fp32_fp32_sb_0_0, slt:0, swap:1, ksplit:0
[08:26:57.539][MXC][I]raw dispatch ts:[111032422241674,111032422241967]
[08:26:57.539][MXC][I]dispatch ts translate ret [1788942417539335662, 1788942417539338592]
[08:26:57.539][MCBLASLT][I]module get function mcblas__Mck_sgemm_nn_64x32x64_1m1n4k_256t_fp32_fp32_fp32_sb_0_0 successed
[08:26:57.539][MCBLASLT][I]mcModuleLaunchKernel successed, ret = 0
[08:26:57.539][MXC][I]raw dispatch ts:[111032422250573,111032422251518]
[08:26:57.539][MXC][I]dispatch ts translate ret [1788942417539424660, 1788942417539434111]
[08:26:57.539][MXC][I]raw dispatch ts:[111032422253975,111032422255054]
[08:26:57.539][MXC][I]dispatch ts translate ret [1788942417539458684, 1788942417539469475]
[08:26:57.539][MXC][I]raw dispatch ts:[111032422255336,111032422255959]
[08:26:57.539][MXC][I]dispatch ts translate ret [1788942417539472295, 1788942417539478526]
[08:26:57.539][MCR][I]mc_memory.cpp            :1671: copy strategy - H2DCpuCopy:0,D2HCpuCopy:0,cpuCopy:0,d2dCrossDevices:0,pageableHToDAsync:0
[08:26:57.539][MCR][I]mc_memory.cpp            :1672: copy strategy - isAsync:0,waitComplete:0
[08:26:57.539][MXC][I]raw dispatch ts:[111032422256239,111032422258743]
[08:26:57.539][MXC][I]dispatch ts translate ret [1788942417539481326, 1788942417539506369]
[08:26:57.539][MXC][I]raw dispatch ts:[111032422261414,111032422262861]
[08:26:57.539][MXC][I]dispatch ts translate ret [1788942417539533081, 1788942417539547553]
[08:26:57.539][MXC][I]raw dispatch ts:[111032422263142,111032422263870]
[08:26:57.539][MXC][I]dispatch ts translate ret [1788942417539550363, 1788942417539557644]
[08:26:57.539][MXC][I]raw dispatch ts:[111032422270238,111032422270610]
[08:26:57.539][MXC][I]dispatch ts translate ret [1788942417539621329, 1788942417539625049]
[08:26:57.539][MXC][I]raw dispatch ts:[111032422273186,111032422273909]
[08:26:57.539][MXC][I]dispatch ts translate ret [1788942417539650812, 1788942417539658043]
[08:26:57.539][MXC][I]raw dispatch ts:[111032422274198,111032422274391]
[08:26:57.539][MXC][I]dispatch ts translate ret [1788942417539660933, 1788942417539662863]
[08:26:57.539][MXC][I]raw dispatch ts:[111032422300025,111032422300139]
[08:26:57.539][MCBLASLT][I]set_workspace is called ! user allocated size: 67108864B = 64.000000MB
[08:26:57.539][MXC][I]dispatch ts translate ret [1788942417539919138, 1788942417539920277]
[08:26:57.539][MXC][I]raw dispatch ts:[111032422274665,111032422275209]
[08:26:57.539][MCBLAS][I]mcblasSgemmStridedBatched 1 0 128 16 64 64 64 128 256 8192 1024 2048 1.000000 0.000000
[08:26:57.539][MXC][I]dispatch ts translate ret [1788942417539665579, 1788942417539671018]
[08:26:57.539][MCBLASLT][I]Kernsel found best solution: Kernel name: mcblas__Mck_sgemm_tn_128x32x32_1m1n4k_256t_fp32_fp32_fp32_sb_0_0, slt:0, swap:0, ksplit:0
[08:26:57.539][MCBLASLT][I]module get function mcblas__Mck_sgemm_tn_128x32x32_1m1n4k_256t_fp32_fp32_fp32_sb_0_0 successed
[08:26:57.539][MCBLASLT][I]mcModuleLaunchKernel successed, ret = 0
[08:26:57.539][MXC][I]raw async_copy ts:[44771146766459,44771146801012]
[08:26:57.539][MXC][I]sdma_ts_.sdma_counter:44770171017443
[08:26:57.539][MXC][I]DNOCfreq:900000000, async_copy ts translate ret [1788942417810999332, 1788942417811037724]
[08:26:57.539][MXC][I]raw dispatch ts:[111032422277443,111032422277892]
[08:26:57.539][MXC][I]dispatch ts translate ret [1788942417539693354, 1788942417539697843]
[08:26:57.540][MXC][I]raw dispatch ts:[111032422278184,111032422278540]
[08:26:57.540][MXC][I]dispatch ts translate ret [1788942417539700763, 1788942417539704322]
[08:26:57.540][MCR][I]mc_memory.cpp            :1671: copy strategy - H2DCpuCopy:0,D2HCpuCopy:0,cpuCopy:0,d2dCrossDevices:0,pageableHToDAsync:0
[08:26:57.540][MCR][I]mc_memory.cpp            :1672: copy strategy - isAsync:0,waitComplete:0
[08:26:57.540][MXC][I]raw dispatch ts:[111032422278823,111032422279129]
[08:26:57.540][MXC][I]dispatch ts translate ret [1788942417539707152, 1788942417539710211]
[08:26:57.540][MXC][I]raw dispatch ts:[111032422279408,111032422279588]
[08:26:57.540][MXC][I]dispatch ts translate ret [1788942417539713001, 1788942417539714801]
[08:26:57.540][MXC][I]raw dispatch ts:[111032422279856,111032422280623]
[08:26:57.540][MXC][I]dispatch ts translate ret [1788942417539717480, 1788942417539725149]
[08:26:57.540][MXC][I]raw dispatch ts:[111032422283031,111032422283328]
[08:26:57.540][MXC][I]dispatch ts translate ret [1788942417539749225, 1788942417539752195]
[08:26:57.540][MXC][I]raw dispatch ts:[111032422283627,111032422284176]
[08:26:57.540][MXC][I]dispatch ts translate ret [1788942417539755184, 1788942417539760673]
[08:26:57.540][MCBLASLT][I]set_workspace is called ! user allocated size: 67108864B = 64.000000MB
[08:26:57.540][MCBLAS][I]mcblasSgemmStridedBatched 0 0 64 16 128 64 128 64 256 8192 2048 1024 1.000000 0.000000
[08:26:57.540][MCBLASLT][I]Kernsel found best solution: Kernel name: mcblas__Mck_sgemm_nn_64x32x64_1m1n4k_256t_fp32_fp32_fp32_sb_0_0, slt:0, swap:1, ksplit:0
[08:26:57.540][MCBLASLT][I]module get function mcblas__Mck_sgemm_nn_64x32x64_1m1n4k_256t_fp32_fp32_fp32_sb_0_0 successed
[08:26:57.540][MCBLASLT][I]mcModuleLaunchKernel successed, ret = 0
[08:26:57.540][MCR][I]mc_memory.cpp            :1671: copy strategy - H2DCpuCopy:0,D2HCpuCopy:0,cpuCopy:0,d2dCrossDevices:0,pageableHToDAsync:0
[08:26:57.540][MCR][I]mc_memory.cpp            :1672: copy strategy - isAsync:0,waitComplete:0
[08:26:57.540][MXC][I]raw dispatch ts:[111032422329125,111032422329338]
[08:26:57.540][MXC][I]dispatch ts translate ret [1788942417540210198, 1788942417540212328]
[08:26:57.540][MXC][I]raw dispatch ts:[111032422284455,111032422285128]
[08:26:57.540][MXC][I]dispatch ts translate ret [1788942417539763438, 1788942417539770168]
[08:26:57.540][MXC][I]raw async_copy ts:[44771147104939,44771147114700]
[08:26:57.540][MXC][I]sdma_ts_.sdma_counter:44770171017443
[08:26:57.540][MXC][I]DNOCfreq:900000000, async_copy ts translate ret [1788942417811375421, 1788942417811386266]
[08:26:57.540][MXC][I]raw dispatch ts:[111032422285406,111032422285987]
[08:26:57.540][MXC][I]dispatch ts translate ret [1788942417539772948, 1788942417539778758]
[08:26:57.540][MXC][I]raw dispatch ts:[111032422286259,111032422294692]
[08:26:57.540][MXC][I]dispatch ts translate ret [1788942417539781478, 1788942417539865807]
[08:26:57.540][MXC][I]raw dispatch ts:[111032422294960,111032422296270]
[08:26:57.540][MXC][I]dispatch ts translate ret [1788942417539868487, 1788942417539881587]
[08:26:57.540][MXC][I]raw dispatch ts:[111032422298598,111032422299084]
[08:26:57.540][MXC][I]dispatch ts translate ret [1788942417539904867, 1788942417539909727]
[08:26:57.540][MXC][I]raw dispatch ts:[111032422299370,111032422299754]
[08:26:57.540][MXC][I]dispatch ts translate ret [1788942417539912587, 1788942417539916427]
[08:26:57.540][MXC][I]raw dispatch ts:[111032422309235,111032422310234]
[08:26:57.540][MXC][I]dispatch ts translate ret [1788942417540011255, 1788942417540021247]
[08:26:57.540][MXC][I]raw dispatch ts:[111032422313234,111032422314262]
[08:26:57.540][MXC][I]dispatch ts translate ret [1788942417540051253, 1788942417540061536]
[08:26:57.540][MXC][I]raw dispatch ts:[111032422314552,111032422315042]
[08:26:57.540][MXC][I]dispatch ts translate ret [1788942417540064436, 1788942417540069337]
[08:26:57.540][MXC][I]raw dispatch ts:[111032422315331,111032422323493]
[08:26:57.540][MCBLASLT][I]set_workspace is called ! user allocated size: 67108864B = 64.000000MB
[08:26:57.540][MCBLAS][I]mcblasSgemmStridedBatched 1 0 128 16 64 64 64 128 256 8192 1024 2048 1.000000 0.000000
[08:26:57.540][MXC][I]dispatch ts translate ret [1788942417540072228, 1788942417540153866]
[08:26:57.540][MCBLASLT][I]Kernsel found best solution: Kernel name: mcblas__Mck_sgemm_tn_128x32x32_1m1n4k_256t_fp32_fp32_fp32_sb_0_0, slt:0, swap:0, ksplit:0
[08:26:57.540][MCBLASLT][I]module get function mcblas__Mck_sgemm_tn_128x32x32_1m1n4k_256t_fp32_fp32_fp32_sb_0_0 successed
[08:26:57.540][MCBLASLT][I]mcModuleLaunchKernel successed, ret = 0
[08:26:57.540][MXC][I]raw dispatch ts:[111032422326575,111032422327938]
[08:26:57.540][MXC][I]dispatch ts translate ret [1788942417540184692, 1788942417540198325]
[08:26:57.540][MXC][I]raw dispatch ts:[111032422328227,111032422328858]
[08:26:57.540][MXC][I]dispatch ts translate ret [1788942417540201216, 1788942417540207527]
[08:26:57.540][MXC][I]raw dispatch ts:[111032422335370,111032422335729]
[08:26:57.540][MXC][I]dispatch ts translate ret [1788942417540272660, 1788942417540276251]
[08:26:57.540][MXC][I]raw dispatch ts:[111032422338461,111032422338799]
[08:26:57.540][MXC][I]dispatch ts translate ret [1788942417540303577, 1788942417540306958]
[08:26:57.540][MCR][I]mc_memory.cpp            :1671: copy strategy - H2DCpuCopy:0,D2HCpuCopy:0,cpuCopy:0,d2dCrossDevices:0,pageableHToDAsync:0
[08:26:57.540][MCR][I]mc_memory.cpp            :1672: copy strategy - isAsync:0,waitComplete:0
[08:26:57.540][MXC][I]raw dispatch ts:[111032422339102,111032422339351]
[08:26:57.540][MXC][I]dispatch ts translate ret [1788942417540309988, 1788942417540312479]
[08:26:57.540][MCBLASLT][I]set_workspace is called ! user allocated size: 67108864B = 64.000000MB
[08:26:57.540][MCBLAS][I]mcblasSgemmStridedBatched 0 0 64 16 128 64 128 64 256 8192 2048 1024 1.000000 0.000000
[08:26:57.540][MCBLASLT][I]Kernsel found best solution: Kernel name: mcblas__Mck_sgemm_nn_64x32x64_1m1n4k_256t_fp32_fp32_fp32_sb_0_0, slt:0, swap:1, ksplit:0
[08:26:57.540][MCBLASLT][I]module get function mcblas__Mck_sgemm_nn_64x32x64_1m1n4k_256t_fp32_fp32_fp32_sb_0_0 successed
[08:26:57.540][MCBLASLT][I]mcModuleLaunchKernel successed, ret = 0
[08:26:57.540][MCR][I]mc_memory.cpp            :1671: copy strategy - H2DCpuCopy:0,D2HCpuCopy:0,cpuCopy:0,d2dCrossDevices:0,pageableHToDAsync:0
[08:26:57.540][MCR][I]mc_memory.cpp            :1672: copy strategy - isAsync:0,waitComplete:0
[08:26:57.540][MXC][I]raw dispatch ts:[111032422360903,111032422361028]
[08:26:57.540][MXC][I]dispatch ts translate ret [1788942417540528006, 1788942417540529256]
[08:26:57.540][MXC][I]raw dispatch ts:[111032422339626,111032422340157]
[08:26:57.540][MXC][I]dispatch ts translate ret [1788942417540315218, 1788942417540320528]
[08:26:57.540][MXC][I]raw async_copy ts:[44771147484810,44771147519346]
[08:26:57.540][MXC][I]sdma_ts_.sdma_counter:44770171017443
[08:26:57.540][MXC][I]DNOCfreq:900000000, async_copy ts translate ret [1788942417811797500, 1788942417811835873]
[08:26:57.540][MXC][I]raw dispatch ts:[111032422343341,111032422343788]
[08:26:57.540][MXC][I]dispatch ts translate ret [1788942417540352371, 1788942417540356841]
[08:26:57.540][MXC][I]raw dispatch ts:[111032422344072,111032422344431]
[08:26:57.540][MXC][I]dispatch ts translate ret [1788942417540359682, 1788942417540363272]
[08:26:57.540][MXC][I]raw dispatch ts:[111032422344712,111032422344994]
[08:26:57.540][MXC][I]dispatch ts translate ret [1788942417540366082, 1788942417540368902]
[08:26:57.540][MXC][I]raw dispatch ts:[111032422345273,111032422345458]
[08:26:57.540][MXC][I]dispatch ts translate ret [1788942417540371693, 1788942417540373543]
[08:26:57.540][MXC][I]raw dispatch ts:[111032422345736,111032422346500]
[08:26:57.540][MXC][I]dispatch ts translate ret [1788942417540376323, 1788942417540383964]
[08:26:57.540][MXC][I]raw dispatch ts:[111032422346780,111032422347019]
[08:26:57.540][MXC][I]dispatch ts translate ret [1788942417540386764, 1788942417540389154]
[08:26:57.540][MXC][I]raw dispatch ts:[111032422349676,111032422350241]
[08:26:57.540][MXC][I]dispatch ts translate ret [1788942417540415726, 1788942417540421377]
[08:26:57.540][MCBLASLT][I]set_workspace is called ! user allocated size: 67108864B = 64.000000MB
[08:26:57.540][MCBLAS][I]mcblasSgemmStridedBatched 1 0 128 16 64 64 64 128 256 8192 1024 2048 1.000000 0.000000
[08:26:57.540][MCBLASLT][I]Kernsel found best solution: Kernel name: mcblas__Mck_sgemm_tn_128x32x32_1m1n4k_256t_fp32_fp32_fp32_sb_0_0, slt:0, swap:0, ksplit:0
[08:26:57.540][MCBLASLT][I]module get function mcblas__Mck_sgemm_tn_128x32x32_1m1n4k_256t_fp32_fp32_fp32_sb_0_0 successed
[08:26:57.540][MCBLASLT][I]mcModuleLaunchKernel successed, ret = 0
[08:26:57.540][MXC][I]raw dispatch ts:[111032422383753,111032422383882]
[08:26:57.540][MXC][I]dispatch ts translate ret [1788942417540756422, 1788942417540757712]
[08:26:57.540][MXC][I]raw dispatch ts:[111032422350528,111032422351203]
[08:26:57.540][MXC][I]dispatch ts translate ret [1788942417540424258, 1788942417540431008]
[08:26:57.540][MCR][I]mc_memory.cpp            :1671: copy strategy - H2DCpuCopy:0,D2HCpuCopy:0,cpuCopy:0,d2dCrossDevices:0,pageableHToDAsync:0
[08:26:57.540][MCR][I]mc_memory.cpp            :1672: copy strategy - isAsync:0,waitComplete:0
[08:26:57.540][MXC][I]raw async_copy ts:[44771147761403,44771147771172]
[08:26:57.540][MXC][I]sdma_ts_.sdma_counter:44770171017443
[08:26:57.540][MXC][I]DNOCfreq:900000000, async_copy ts translate ret [1788942417812104825, 1788942417812115679]
[08:26:57.540][MXC][I]raw dispatch ts:[111032422351486,111032422352033]
[08:26:57.540][MXC][I]dispatch ts translate ret [1788942417540433838, 1788942417540439308]
[08:26:57.540][MXC][I]raw dispatch ts:[111032422352311,111032422355096]
[08:26:57.540][MXC][I]dispatch ts translate ret [1788942417540442087, 1788942417540469937]
[08:26:57.540][MXC][I]raw dispatch ts:[111032422355372,111032422356709]
[08:26:57.540][MXC][I]dispatch ts translate ret [1788942417540472697, 1788942417540486067]
[08:26:57.540][MXC][I]raw dispatch ts:[111032422356983,111032422357350]
[08:26:57.540][MXC][I]dispatch ts translate ret [1788942417540488807, 1788942417540492477]
[08:26:57.540][MXC][I]raw dispatch ts:[111032422360308,111032422360605]
[08:26:57.540][MXC][I]dispatch ts translate ret [1788942417540522057, 1788942417540525027]
[08:26:57.540][MCBLASLT][I]set_workspace is called ! user allocated size: 67108864B = 64.000000MB
[08:26:57.540][MCBLAS][I]mcblasSgemmStridedBatched 0 0 64 16 128 64 128 64 256 8192 2048 1024 1.000000 0.000000
[08:26:57.540][MCBLASLT][I]Kernsel found best solution: Kernel name: mcblas__Mck_sgemm_nn_64x32x64_1m1n4k_256t_fp32_fp32_fp32_sb_0_0, slt:0, swap:1, ksplit:0
[08:26:57.540][MXC][I]raw dispatch ts:[111032422369304,111032422370273]
[08:26:57.540][MCBLASLT][I]module get function mcblas__Mck_sgemm_nn_64x32x64_1m1n4k_256t_fp32_fp32_fp32_sb_0_0 successed
[08:26:57.540][MXC][I]dispatch ts translate ret [1788942417540611987, 1788942417540621673]
[08:26:57.540][MCBLASLT][I]mcModuleLaunchKernel successed, ret = 0
[08:26:57.540][MXC][I]raw dispatch ts:[111032422372944,111032422374176]
[08:26:57.540][MXC][I]dispatch ts translate ret [1788942417540648373, 1788942417540660689]
[08:26:57.540][MXC][I]raw dispatch ts:[111032422374470,111032422375034]
[08:26:57.540][MXC][I]dispatch ts translate ret [1788942417540663627, 1788942417540669265]
[08:26:57.540][MXC][I]raw dispatch ts:[111032422375318,111032422377971]
[08:26:57.540][MCR][I]mc_memory.cpp            :1671: copy strategy - H2DCpuCopy:0,D2HCpuCopy:0,cpuCopy:0,d2dCrossDevices:0,pageableHToDAsync:0
[08:26:57.540][MCR][I]mc_memory.cpp            :1672: copy strategy - isAsync:0,waitComplete:0
[08:26:57.540][MXC][I]dispatch ts translate ret [1788942417540672104, 1788942417540698624]
[08:26:57.540][MXC][I]raw dispatch ts:[111032422378253,111032422379924]
[08:26:57.540][MXC][I]dispatch ts translate ret [1788942417540701443, 1788942417540718147]
[08:26:57.540][MXC][I]raw dispatch ts:[111032422382778,111032422383465]
[08:26:57.540][MXC][I]dispatch ts translate ret [1788942417540746676, 1788942417540753543]
[08:26:57.540][MXC][I]raw dispatch ts:[111032422389995,111032422390357]
[08:26:57.540][MXC][I]dispatch ts translate ret [1788942417540818818, 1788942417540822436]
[08:26:57.540][MXC][I]raw dispatch ts:[111032422393070,111032422393419]
[08:26:57.540][MXC][I]dispatch ts translate ret [1788942417540849556, 1788942417540853045]
[08:26:57.540][MXC][I]raw dispatch ts:[111032422393720,111032422393970]
[08:26:57.540][MXC][I]dispatch ts translate ret [1788942417540856053, 1788942417540858553]
[08:26:57.541][MXC][I]raw dispatch ts:[111032422415169,111032422415293]
[08:26:57.541][MXC][I]dispatch ts translate ret [1788942417541070660, 1788942417541071900]
[08:26:57.541][MXC][I]raw dispatch ts:[111032422394245,111032422394730]
[08:26:57.541][MXC][I]dispatch ts translate ret [1788942417540861365, 1788942417540866216]
[08:26:57.541][MCBLASLT][I]set_workspace is called ! user allocated size: 67108864B = 64.000000MB
[08:26:57.541][MCBLAS][I]mcblasSgemmStridedBatched 1 0 128 16 64 64 64 128 256 8192 1024 2048 1.000000 0.000000
[08:26:57.541][MCBLASLT][I]Kernsel found best solution: Kernel name: mcblas__Mck_sgemm_tn_128x32x32_1m1n4k_256t_fp32_fp32_fp32_sb_0_0, slt:0, swap:0, ksplit:0
[08:26:57.541][MCBLASLT][I]module get function mcblas__Mck_sgemm_tn_128x32x32_1m1n4k_256t_fp32_fp32_fp32_sb_0_0 successed
[08:26:57.541][MCBLASLT][I]mcModuleLaunchKernel successed, ret = 0
[08:26:57.541][MXC][I]raw async_copy ts:[44771148141372,44771148175889]
[08:26:57.541][MXC][I]sdma_ts_.sdma_counter:44770171017443
[08:26:57.541][MXC][I]DNOCfreq:900000000, async_copy ts translate ret [1788942417812527013, 1788942417812565365]
[08:26:57.541][MXC][I]raw dispatch ts:[111032422395009,111032422395369]
[08:26:57.541][MXC][I]dispatch ts translate ret [1788942417540869007, 1788942417540872608]
[08:26:57.541][MXC][I]raw dispatch ts:[111032422398002,111032422398464]
[08:26:57.541][MXC][I]dispatch ts translate ret [1788942417540898945, 1788942417540903566]
[08:26:57.541][MXC][I]raw dispatch ts:[111032422398740,111032422399049]
[08:26:57.541][MXC][I]dispatch ts translate ret [1788942417540906327, 1788942417540909418]
[08:26:57.541][MXC][I]raw dispatch ts:[111032422399324,111032422399493]
[08:26:57.541][MXC][I]dispatch ts translate ret [1788942417540912168, 1788942417540913859]
[08:26:57.541][MCR][I]mc_memory.cpp            :1671: copy strategy - H2DCpuCopy:0,D2HCpuCopy:0,cpuCopy:0,d2dCrossDevices:0,pageableHToDAsync:0
[08:26:57.541][MCR][I]mc_memory.cpp            :1672: copy strategy - isAsync:0,waitComplete:0
[08:26:57.541][MXC][I]raw dispatch ts:[111032422399742,111032422400559]
[08:26:57.541][MXC][I]dispatch ts translate ret [1788942417540916349, 1788942417540924522]
[08:26:57.541][MXC][I]raw dispatch ts:[111032422400835,111032422401064]
[08:26:57.541][MXC][I]dispatch ts translate ret [1788942417540927282, 1788942417540929573]
[08:26:57.541][MXC][I]raw dispatch ts:[111032422403703,111032422404225]
[08:26:57.541][MXC][I]dispatch ts translate ret [1788942417540955970, 1788942417540961191]
[08:26:57.541][MCBLASLT][I]set_workspace is called ! user allocated size: 67108864B = 64.000000MB
[08:26:57.541][MCBLAS][I]mcblasSgemmStridedBatched 0 0 64 16 128 64 128 64 256 8192 2048 1024 1.000000 0.000000
[08:26:57.541][MCBLASLT][I]Kernsel found best solution: Kernel name: mcblas__Mck_sgemm_nn_64x32x64_1m1n4k_256t_fp32_fp32_fp32_sb_0_0, slt:0, swap:1, ksplit:0
[08:26:57.541][MCBLASLT][I]module get function mcblas__Mck_sgemm_nn_64x32x64_1m1n4k_256t_fp32_fp32_fp32_sb_0_0 successed
[08:26:57.541][MCBLASLT][I]mcModuleLaunchKernel successed, ret = 0
[08:26:57.541][MCR][I]mc_memory.cpp            :1671: copy strategy - H2DCpuCopy:0,D2HCpuCopy:0,cpuCopy:0,d2dCrossDevices:0,pageableHToDAsync:0
[08:26:57.541][MCR][I]mc_memory.cpp            :1672: copy strategy - isAsync:0,waitComplete:0
[08:26:57.541][MXC][I]raw dispatch ts:[111032422438231,111032422438376]
[08:26:57.541][MXC][I]dispatch ts translate ret [1788942417541301170, 1788942417541302619]
[08:26:57.541][MXC][I]raw dispatch ts:[111032422404508,111032422405221]
[08:26:57.541][MXC][I]dispatch ts translate ret [1788942417540964053, 1788942417540971183]
[08:26:57.541][MXC][I]raw async_copy ts:[44771148412741,44771148422497]
[08:26:57.541][MXC][I]sdma_ts_.sdma_counter:44770171017443
[08:26:57.541][MXC][I]DNOCfreq:900000000, async_copy ts translate ret [1788942417812828534, 1788942417812839374]
[08:26:57.541][MXC][I]raw dispatch ts:[111032422405503,111032422406044]
[08:26:57.541][MXC][I]dispatch ts translate ret [1788942417540974003, 1788942417540979413]
[08:26:57.541][MXC][I]raw dispatch ts:[111032422406326,111032422409256]
[08:26:57.541][MXC][I]dispatch ts translate ret [1788942417540982233, 1788942417541011532]
[08:26:57.541][MXC][I]raw dispatch ts:[111032422409540,111032422410867]
[08:26:57.541][MXC][I]dispatch ts translate ret [1788942417541014372, 1788942417541027642]
[08:26:57.541][MXC][I]raw dispatch ts:[111032422411153,111032422411501]
[08:26:57.541][MXC][I]dispatch ts translate ret [1788942417541030502, 1788942417541033982]
[08:26:57.541][MXC][I]raw dispatch ts:[111032422414570,111032422414867]
[08:26:57.541][MXC][I]dispatch ts translate ret [1788942417541064672, 1788942417541067642]
[08:26:57.541][MXC][I]raw dispatch ts:[111032422423779,111032422424810]
[08:26:57.541][MXC][I]dispatch ts translate ret [1788942417541156722, 1788942417541167027]
[08:26:57.541][MXC][I]raw dispatch ts:[111032422427809,111032422428968]
[08:26:57.541][MXC][I]dispatch ts translate ret [1788942417541197002, 1788942417541208586]
[08:26:57.541][MXC][I]raw dispatch ts:[111032422429252,111032422429768]
[08:26:57.541][MXC][I]dispatch ts translate ret [1788942417541211425, 1788942417541216582]
[08:26:57.541][MXC][I]raw dispatch ts:[111032422430052,111032422432682]
[08:26:57.541][MXC][I]dispatch ts translate ret [1788942417541219421, 1788942417541245708]
[08:26:57.541][MXC][I]raw dispatch ts:[111032422432953,111032422434248]
[08:26:57.541][MXC][I]dispatch ts translate ret [1788942417541248416, 1788942417541261360]
[08:26:57.541][MXC][I]raw dispatch ts:[111032422437209,111032422437955]
[08:26:57.541][MXC][I]dispatch ts translate ret [1788942417541290955, 1788942417541298412]
[08:26:57.541][MXC][I]raw dispatch ts:[111032422444248,111032422444634]
[08:26:57.541][MXC][I]dispatch ts translate ret [1788942417541361309, 1788942417541365167]
[08:26:57.541][MXC][I]raw dispatch ts:[111032422447396,111032422447746]
[08:26:57.541][MXC][I]dispatch ts translate ret [1788942417541392774, 1788942417541396272]
[08:26:57.541][MXC][I]raw dispatch ts:[111032422448048,111032422448322]
[08:26:57.541][MXC][I]dispatch ts translate ret [1788942417541399290, 1788942417541402029]
[08:26:57.541][MCBLASLT][I]set_workspace is called ! user allocated size: 67108864B = 64.000000MB
[08:26:57.541][MCBLAS][I]mcblasSgemmStridedBatched 1 0 128 16 64 64 64 128 256 8192 1024 2048 1.000000 0.000000
[08:26:57.541][MCBLASLT][I]Kernsel found best solution: Kernel name: mcblas__Mck_sgemm_tn_128x32x32_1m1n4k_256t_fp32_fp32_fp32_sb_0_0, slt:0, swap:0, ksplit:0
[08:26:57.541][MCBLASLT][I]module get function mcblas__Mck_sgemm_tn_128x32x32_1m1n4k_256t_fp32_fp32_fp32_sb_0_0 successed
[08:26:57.541][MCBLASLT][I]mcModuleLaunchKernel successed, ret = 0
[08:26:57.541][MCR][I]mc_memory.cpp            :1671: copy strategy - H2DCpuCopy:0,D2HCpuCopy:0,cpuCopy:0,d2dCrossDevices:0,pageableHToDAsync:0
[08:26:57.541][MCR][I]mc_memory.cpp            :1672: copy strategy - isAsync:0,waitComplete:0
[08:26:57.541][MXC][I]raw dispatch ts:[111032422467845,111032422468225]
[08:26:57.541][MXC][I]dispatch ts translate ret [1788942417541597325, 1788942417541601125]
[08:26:57.541][MXC][I]raw dispatch ts:[111032422448606,111032422449117]
[08:26:57.541][MXC][I]dispatch ts translate ret [1788942417541404923, 1788942417541410033]
[08:26:57.541][MCBLASLT][I]set_workspace is called ! user allocated size: 67108864B = 64.000000MB
[08:26:57.541][MCBLAS][I]mcblasSgemmStridedBatched 0 0 64 16 128 64 128 64 256 8192 2048 1024 1.000000 0.000000
[08:26:57.541][MCBLASLT][I]Kernsel found best solution: Kernel name: mcblas__Mck_sgemm_nn_64x32x64_1m1n4k_256t_fp32_fp32_fp32_sb_0_0, slt:0, swap:1, ksplit:0
[08:26:57.541][MCBLASLT][I]module get function mcblas__Mck_sgemm_nn_64x32x64_1m1n4k_256t_fp32_fp32_fp32_sb_0_0 successed
[08:26:57.541][MCBLASLT][I]mcModuleLaunchKernel successed, ret = 0
[08:26:57.541][MXC][I]raw async_copy ts:[44771148770559,44771148805186]
[08:26:57.541][MXC][I]sdma_ts_.sdma_counter:44770171017443
[08:26:57.541][MXC][I]DNOCfreq:900000000, async_copy ts translate ret [1788942417813226110, 1788942417813264584]
[08:26:57.541][MXC][I]raw dispatch ts:[111032422449398,111032422449731]
[08:26:57.541][MCR][I]mc_memory.cpp            :1671: copy strategy - H2DCpuCopy:0,D2HCpuCopy:0,cpuCopy:0,d2dCrossDevices:0,pageableHToDAsync:0
[08:26:57.541][MCR][I]mc_memory.cpp            :1672: copy strategy - isAsync:0,waitComplete:0
[08:26:57.541][MXC][I]dispatch ts translate ret [1788942417541412843, 1788942417541416173]
[08:26:57.541][MXC][I]raw dispatch ts:[111032422453450,111032422453998]
[08:26:57.541][MXC][I]dispatch ts translate ret [1788942417541453366, 1788942417541458846]
[08:26:57.541][MXC][I]raw dispatch ts:[111032422454281,111032422454576]
[08:26:57.541][MXC][I]dispatch ts translate ret [1788942417541461676, 1788942417541464626]
[08:26:57.541][MXC][I]raw dispatch ts:[111032422454859,111032422455044]
[08:26:57.541][MXC][I]dispatch ts translate ret [1788942417541467457, 1788942417541469307]
[08:26:57.541][MXC][I]raw dispatch ts:[111032422455302,111032422456036]
[08:26:57.541][MXC][I]dispatch ts translate ret [1788942417541471887, 1788942417541479227]
[08:26:57.541][MXC][I]raw dispatch ts:[111032422456318,111032422456522]
[08:26:57.541][MXC][I]dispatch ts translate ret [1788942417541482048, 1788942417541484088]
[08:26:57.541][MXC][I]raw dispatch ts:[111032422456790,111032422457342]
[08:26:57.541][MXC][I]dispatch ts translate ret [1788942417541486768, 1788942417541492288]
[08:26:57.541][MXC][I]raw dispatch ts:[111032422490644,111032422490778]
[08:26:57.541][MXC][I]dispatch ts translate ret [1788942417541825406, 1788942417541826746]
[08:26:57.541][MXC][I]raw dispatch ts:[111032422457620,111032422458245]
[08:26:57.541][MXC][I]dispatch ts translate ret [1788942417541495077, 1788942417541501327]
[08:26:57.541][MCBLASLT][I]set_workspace is called ! user allocated size: 67108864B = 64.000000MB
[08:26:57.541][MXC][I]raw async_copy ts:[44771149040395,44771149050144]
[08:26:57.541][MXC][I]sdma_ts_.sdma_counter:44770171017443
[08:26:57.541][MXC][I]DNOCfreq:900000000, async_copy ts translate ret [1788942417813525927, 1788942417813536759]
[08:26:57.541][MCBLAS][I]mcblasSgemmStridedBatched 1 0 128 16 64 64 64 128 256 8192 1024 2048 1.000000 0.000000
[08:26:57.541][MXC][I]raw dispatch ts:[111032422460996,111032422461595]
[08:26:57.541][MCBLASLT][I]Kernsel found best solution: Kernel name: mcblas__Mck_sgemm_tn_128x32x32_1m1n4k_256t_fp32_fp32_fp32_sb_0_0, slt:0, swap:0, ksplit:0
[08:26:57.541][MCBLASLT][I]module get function mcblas__Mck_sgemm_tn_128x32x32_1m1n4k_256t_fp32_fp32_fp32_sb_0_0 successed
[08:26:57.541][MXC][I]dispatch ts translate ret [1788942417541528836, 1788942417541534826]
[08:26:57.541][MCBLASLT][I]mcModuleLaunchKernel successed, ret = 0
[08:26:57.541][MXC][I]raw dispatch ts:[111032422461873,111032422464611]
[08:26:57.541][MXC][I]dispatch ts translate ret [1788942417541537606, 1788942417541564986]
[08:26:57.541][MXC][I]raw dispatch ts:[111032422464885,111032422466413]
[08:26:57.541][MXC][I]dispatch ts translate ret [1788942417541567726, 1788942417541583006]
[08:26:57.541][MXC][I]raw dispatch ts:[111032422466693,111032422467062]
[08:26:57.541][MXC][I]dispatch ts translate ret [1788942417541585806, 1788942417541589496]
[08:26:57.541][MXC][I]raw dispatch ts:[111032422467342,111032422467573]
[08:26:57.541][MXC][I]dispatch ts translate ret [1788942417541592296, 1788942417541594606]
[08:26:57.541][MXC][I]raw dispatch ts:[111032422477236,111032422478248]
[08:26:57.541][MCR][I]mc_memory.cpp            :1671: copy strategy - H2DCpuCopy:0,D2HCpuCopy:0,cpuCopy:0,d2dCrossDevices:0,pageableHToDAsync:0
[08:26:57.541][MCR][I]mc_memory.cpp            :1672: copy strategy - isAsync:0,waitComplete:0
[08:26:57.541][MXC][I]dispatch ts translate ret [1788942417541691270, 1788942417541701395]
[08:26:57.541][MXC][I]raw dispatch ts:[111032422480672,111032422481808]
[08:26:57.541][MXC][I]dispatch ts translate ret [1788942417541725645, 1788942417541737009]
[08:26:57.541][MXC][I]raw dispatch ts:[111032422482100,111032422482713]
[08:26:57.541][MXC][I]dispatch ts translate ret [1788942417541739930, 1788942417541746063]
[08:26:57.541][MXC][I]raw dispatch ts:[111032422482998,111032422485602]
[08:26:57.541][MXC][I]dispatch ts translate ret [1788942417541748914, 1788942417541774965]
[08:26:57.541][MXC][I]raw dispatch ts:[111032422488037,111032422489426]
[08:26:57.541][MXC][I]dispatch ts translate ret [1788942417541799325, 1788942417541813221]
[08:26:57.541][MXC][I]raw dispatch ts:[111032422489707,111032422490378]
[08:26:57.541][MXC][I]dispatch ts translate ret [1788942417541816032, 1788942417541822745]
[08:26:57.542][MXC][I]raw dispatch ts:[111032422498021,111032422498393]
[08:26:57.542][MXC][I]dispatch ts translate ret [1788942417541899205, 1788942417541902927]
[08:26:57.542][MCBLASLT][I]set_workspace is called ! user allocated size: 67108864B = 64.000000MB
[08:26:57.542][MXC][I]raw dispatch ts:[111032422500825,111032422501206]
[08:26:57.542][MXC][I]dispatch ts translate ret [1788942417541927257, 1788942417541931068]
[08:26:57.542][MCBLAS][I]mcblasSgemmStridedBatched 0 0 64 16 128 64 128 64 256 8192 2048 1024 1.000000 0.000000
[08:26:57.542][MCBLASLT][I]Kernsel found best solution: Kernel name: mcblas__Mck_sgemm_nn_64x32x64_1m1n4k_256t_fp32_fp32_fp32_sb_0_0, slt:0, swap:1, ksplit:0
[08:26:57.542][MCBLASLT][I]module get function mcblas__Mck_sgemm_nn_64x32x64_1m1n4k_256t_fp32_fp32_fp32_sb_0_0 successed
[08:26:57.542][MXC][I]raw dispatch ts:[111032422501500,111032422501782]
[08:26:57.542][MXC][I]dispatch ts translate ret [1788942417541933918, 1788942417541936737]
[08:26:57.542][MCBLASLT][I]mcModuleLaunchKernel successed, ret = 0
[08:26:57.542][MCR][I]mc_memory.cpp            :1671: copy strategy - H2DCpuCopy:0,D2HCpuCopy:0,cpuCopy:0,d2dCrossDevices:0,pageableHToDAsync:0
[08:26:57.542][MCR][I]mc_memory.cpp            :1672: copy strategy - isAsync:0,waitComplete:0
[08:26:57.542][MXC][I]raw dispatch ts:[111032422528487,111032422528611]
[08:26:57.542][MXC][I]dispatch ts translate ret [1788942417542203971, 1788942417542205213]
[08:26:57.542][MXC][I]raw dispatch ts:[111032422502052,111032422502565]
[08:26:57.542][MXC][I]dispatch ts translate ret [1788942417541939390, 1788942417541944519]
[08:26:57.542][MXC][I]raw async_copy ts:[44771149495489,44771149529982]
[08:26:57.542][MXC][I]sdma_ts_.sdma_counter:44770171017443
[08:26:57.542][MXC][I]DNOCfreq:900000000, async_copy ts translate ret [1788942417814031587, 1788942417814069912]
[08:26:57.542][MXC][I]raw dispatch ts:[111032422505307,111032422505785]
[08:26:57.542][MXC][I]dispatch ts translate ret [1788942417541971939, 1788942417541976719]
[08:26:57.542][MCBLASLT][I]set_workspace is called ! user allocated size: 67108864B = 64.000000MB
[08:26:57.542][MXC][I]raw dispatch ts:[111032422506071,111032422506455]
[08:26:57.542][MCBLAS][I]mcblasSgemmStridedBatched 1 0 128 16 64 64 64 128 256 8192 1024 2048 1.000000 0.000000
[08:26:57.542][MXC][I]dispatch ts translate ret [1788942417541979579, 1788942417541983419]
[08:26:57.542][MCBLASLT][I]Kernsel found best solution: Kernel name: mcblas__Mck_sgemm_tn_128x32x32_1m1n4k_256t_fp32_fp32_fp32_sb_0_0, slt:0, swap:0, ksplit:0
[08:26:57.542][MCBLASLT][I]module get function mcblas__Mck_sgemm_tn_128x32x32_1m1n4k_256t_fp32_fp32_fp32_sb_0_0 successed
[08:26:57.542][MXC][I]raw dispatch ts:[111032422506740,111032422507023]
[08:26:57.542][MXC][I]dispatch ts translate ret [1788942417541986269, 1788942417541989099]
[08:26:57.542][MCBLASLT][I]mcModuleLaunchKernel successed, ret = 0
[08:26:57.542][MXC][I]raw dispatch ts:[111032422507304,111032422507476]
[08:26:57.542][MXC][I]dispatch ts translate ret [1788942417541991909, 1788942417541993629]
[08:26:57.542][MXC][I]raw dispatch ts:[111032422507767,111032422508508]
[08:26:57.542][MXC][I]dispatch ts translate ret [1788942417541996539, 1788942417542003949]
[08:26:57.542][MXC][I]raw dispatch ts:[111032422511360,111032422511672]
[08:26:57.542][MXC][I]dispatch ts translate ret [1788942417542032469, 1788942417542035589]
[08:26:57.542][MXC][I]raw dispatch ts:[111032422511981,111032422512527]
[08:26:57.542][MXC][I]dispatch ts translate ret [1788942417542038683, 1788942417542044151]
[08:26:57.542][MCR][I]mc_memory.cpp            :1671: copy strategy - H2DCpuCopy:0,D2HCpuCopy:0,cpuCopy:0,d2dCrossDevices:0,pageableHToDAsync:0
[08:26:57.542][MCR][I]mc_memory.cpp            :1672: copy strategy - isAsync:0,waitComplete:0
[08:26:57.542][MCBLASLT][I]set_workspace is called ! user allocated size: 67108864B = 64.000000MB
[08:26:57.542][MCBLAS][I]mcblasSgemmStridedBatched 0 0 64 16 128 64 128 64 256 8192 2048 1024 1.000000 0.000000
[08:26:57.542][MCBLASLT][I]Kernsel found best solution: Kernel name: mcblas__Mck_sgemm_nn_64x32x64_1m1n4k_256t_fp32_fp32_fp32_sb_0_0, slt:0, swap:1, ksplit:0
[08:26:57.542][MCBLASLT][I]module get function mcblas__Mck_sgemm_nn_64x32x64_1m1n4k_256t_fp32_fp32_fp32_sb_0_0 successed
[08:26:57.542][MCBLASLT][I]mcModuleLaunchKernel successed, ret = 0
[08:26:57.542][MCR][I]mc_memory.cpp            :1671: copy strategy - H2DCpuCopy:0,D2HCpuCopy:0,cpuCopy:0,d2dCrossDevices:0,pageableHToDAsync:0
[08:26:57.542][MCR][I]mc_memory.cpp            :1672: copy strategy - isAsync:0,waitComplete:0
[08:26:57.542][MXC][I]raw dispatch ts:[111032422556816,111032422557030]
[08:26:57.542][MXC][I]dispatch ts translate ret [1788942417542487098, 1788942417542489237]
[08:26:57.542][MXC][I]raw dispatch ts:[111032422512810,111032422513453]
[08:26:57.542][MXC][I]dispatch ts translate ret [1788942417542047212, 1788942417542053642]
[08:26:57.542][MXC][I]raw async_copy ts:[44771149834470,44771149844155]
[08:26:57.542][MXC][I]sdma_ts_.sdma_counter:44770171017443
[08:26:57.542][MXC][I]DNOCfreq:900000000, async_copy ts translate ret [1788942417814408233, 1788942417814418994]
[08:26:57.542][MXC][I]raw dispatch ts:[111032422513732,111032422514289]
[08:26:57.542][MXC][I]dispatch ts translate ret [1788942417542056432, 1788942417542062002]
[08:26:57.542][MXC][I]raw dispatch ts:[111032422514561,111032422522759]
[08:26:57.542][MXC][I]dispatch ts translate ret [1788942417542064722, 1788942417542146701]
[08:26:57.542][MXC][I]raw dispatch ts:[111032422523033,111032422524273]
[08:26:57.542][MXC][I]dispatch ts translate ret [1788942417542149441, 1788942417542161841]
[08:26:57.542][MXC][I]raw dispatch ts:[111032422524552,111032422524945]
[08:26:57.542][MXC][I]dispatch ts translate ret [1788942417542164631, 1788942417542168561]
[08:26:57.542][MXC][I]raw dispatch ts:[111032422527897,111032422528189]
[08:26:57.542][MXC][I]dispatch ts translate ret [1788942417542198081, 1788942417542201001]
[08:26:57.542][MXC][I]raw dispatch ts:[111032422536878,111032422537808]
[08:26:57.542][MXC][I]dispatch ts translate ret [1788942417542287842, 1788942417542297137]
[08:26:57.542][MXC][I]raw dispatch ts:[111032422540730,111032422541942]
[08:26:57.542][MXC][I]dispatch ts translate ret [1788942417542326338, 1788942417542338451]
[08:26:57.542][MXC][I]raw dispatch ts:[111032422542228,111032422542749]
[08:26:57.542][MXC][I]dispatch ts translate ret [1788942417542341309, 1788942417542346516]
[08:26:57.542][MXC][I]raw dispatch ts:[111032422543032,111032422551207]
[08:26:57.542][MXC][I]dispatch ts translate ret [1788942417542349344, 1788942417542431043]
[08:26:57.542][MXC][I]raw dispatch ts:[111032422554275,111032422555630]
[08:26:57.542][MXC][I]dispatch ts translate ret [1788942417542461704, 1788942417542475245]
[08:26:57.542][MXC][I]raw dispatch ts:[111032422555922,111032422556538]
[08:26:57.542][MXC][I]dispatch ts translate ret [1788942417542478164, 1788942417542484320]
[08:26:57.542][MXC][I]raw dispatch ts:[111032422562725,111032422563108]
[08:26:57.542][MXC][I]dispatch ts translate ret [1788942417542546150, 1788942417542549978]
[08:26:57.542][MXC][I]raw dispatch ts:[111032422565776,111032422566126]
[08:26:57.542][MXC][I]dispatch ts translate ret [1788942417542576641, 1788942417542580139]
[08:26:57.542][MXC][I]raw dispatch ts:[111032422566423,111032422566672]
[08:26:57.542][MXC][I]dispatch ts translate ret [1788942417542583107, 1788942417542585595]
[08:26:57.542][MCBLASLT][I]set_workspace is called ! user allocated size: 67108864B = 64.000000MB
[08:26:57.542][MCBLAS][I]mcblasSgemmStridedBatched 1 0 128 16 64 64 64 128 256 8192 1024 2048 1.000000 0.000000
[08:26:57.542][MCBLASLT][I]Kernsel found best solution: Kernel name: mcblas__Mck_sgemm_tn_128x32x32_1m1n4k_256t_fp32_fp32_fp32_sb_0_0, slt:0, swap:0, ksplit:0
[08:26:57.542][MCBLASLT][I]module get function mcblas__Mck_sgemm_tn_128x32x32_1m1n4k_256t_fp32_fp32_fp32_sb_0_0 successed
[08:26:57.542][MCBLASLT][I]mcModuleLaunchKernel successed, ret = 0
[08:26:57.542][MCR][I]mc_memory.cpp            :1671: copy strategy - H2DCpuCopy:0,D2HCpuCopy:0,cpuCopy:0,d2dCrossDevices:0,pageableHToDAsync:0
[08:26:57.542][MCR][I]mc_memory.cpp            :1672: copy strategy - isAsync:0,waitComplete:0
[08:26:57.542][MXC][I]raw dispatch ts:[111032422586482,111032422586582]
[08:26:57.542][MXC][I]dispatch ts translate ret [1788942417542783883, 1788942417542784884]
[08:26:57.542][MXC][I]raw dispatch ts:[111032422566971,111032422567489]
[08:26:57.542][MXC][I]dispatch ts translate ret [1788942417542588686, 1788942417542593868]
[08:26:57.542][MCBLASLT][I]set_workspace is called ! user allocated size: 67108864B = 64.000000MB
[08:26:57.542][MCBLAS][I]mcblasSgemmStridedBatched 0 0 64 16 128 64 128 64 256 8192 2048 1024 1.000000 0.000000
[08:26:57.542][MCBLASLT][I]Kernsel found best solution: Kernel name: mcblas__Mck_sgemm_nn_64x32x64_1m1n4k_256t_fp32_fp32_fp32_sb_0_0, slt:0, swap:1, ksplit:0
[08:26:57.542][MCBLASLT][I]module get function mcblas__Mck_sgemm_nn_64x32x64_1m1n4k_256t_fp32_fp32_fp32_sb_0_0 successed
[08:26:57.542][MCBLASLT][I]mcModuleLaunchKernel successed, ret = 0
[08:26:57.542][MXC][I]raw async_copy ts:[44771150192089,44771150226646]
[08:26:57.542][MXC][I]sdma_ts_.sdma_counter:44770171017443
[08:26:57.542][MXC][I]DNOCfreq:900000000, async_copy ts translate ret [1788942417814805587, 1788942417814843983]
[08:26:57.542][MXC][I]raw dispatch ts:[111032422567763,111032422568134]
[08:26:57.542][MXC][I]dispatch ts translate ret [1788942417542596609, 1788942417542600321]
[08:26:57.542][MCR][I]mc_memory.cpp            :1671: copy strategy - H2DCpuCopy:0,D2HCpuCopy:0,cpuCopy:0,d2dCrossDevices:0,pageableHToDAsync:0
[08:26:57.542][MCR][I]mc_memory.cpp            :1672: copy strategy - isAsync:0,waitComplete:0
[08:26:57.542][MXC][I]raw dispatch ts:[111032422570823,111032422571311]
[08:26:57.542][MXC][I]dispatch ts translate ret [1788942417542627223, 1788942417542632105]
[08:26:57.542][MXC][I]raw dispatch ts:[111032422571582,111032422571937]
[08:26:57.542][MXC][I]dispatch ts translate ret [1788942417542634817, 1788942417542638368]
[08:26:57.542][MXC][I]raw dispatch ts:[111032422572213,111032422572383]
[08:26:57.542][MXC][I]dispatch ts translate ret [1788942417542641129, 1788942417542642830]
[08:26:57.542][MXC][I]raw dispatch ts:[111032422572634,111032422573358]
[08:26:57.542][MXC][I]dispatch ts translate ret [1788942417542645341, 1788942417542652585]
[08:26:57.542][MXC][I]raw dispatch ts:[111032422573639,111032422573870]
[08:26:57.542][MXC][I]dispatch ts translate ret [1788942417542655396, 1788942417542657707]
[08:26:57.542][MXC][I]raw dispatch ts:[111032422576087,111032422576624]
[08:26:57.542][MXC][I]dispatch ts translate ret [1788942417542679887, 1788942417542685259]
[08:26:57.543][MXC][I]raw dispatch ts:[111032422608567,111032422608715]
[08:26:57.543][MXC][I]dispatch ts translate ret [1788942417543004598, 1788942417543006077]
[08:26:57.543][MXC][I]raw dispatch ts:[111032422576914,111032422577587]
[08:26:57.543][MXC][I]dispatch ts translate ret [1788942417542688208, 1788942417542694938]
[08:26:57.543][MCBLASLT][I]set_workspace is called ! user allocated size: 67108864B = 64.000000MB
[08:26:57.543][MXC][I]raw async_copy ts:[44771150454417,44771150464159]
[08:26:57.543][MXC][I]sdma_ts_.sdma_counter:44770171017443
[08:26:57.543][MCBLAS][I]mcblasSgemmStridedBatched 1 0 128 16 64 64 64 128 256 8192 1024 2048 1.000000 0.000000
[08:26:57.543][MXC][I]DNOCfreq:900000000, async_copy ts translate ret [1788942417815097063, 1788942417815107887]
[08:26:57.543][MXC][I]raw dispatch ts:[111032422577873,111032422578469]
[08:26:57.543][MXC][I]dispatch ts translate ret [1788942417542697798, 1788942417542703757]
[08:26:57.543][MCBLASLT][I]Kernsel found best solution: Kernel name: mcblas__Mck_sgemm_tn_128x32x32_1m1n4k_256t_fp32_fp32_fp32_sb_0_0, slt:0, swap:0, ksplit:0
[08:26:57.543][MCBLASLT][I]module get function mcblas__Mck_sgemm_tn_128x32x32_1m1n4k_256t_fp32_fp32_fp32_sb_0_0 successed
[08:26:57.543][MXC][I]raw dispatch ts:[111032422578754,111032422581234]
[08:26:57.543][MXC][I]dispatch ts translate ret [1788942417542706607, 1788942417542731407]
[08:26:57.543][MCBLASLT][I]mcModuleLaunchKernel successed, ret = 0
[08:26:57.543][MXC][I]raw dispatch ts:[111032422581521,111032422582773]
[08:26:57.543][MXC][I]dispatch ts translate ret [1788942417542734277, 1788942417542746797]
[08:26:57.543][MXC][I]raw dispatch ts:[111032422583061,111032422583485]
[08:26:57.543][MXC][I]dispatch ts translate ret [1788942417542749677, 1788942417542753917]
[08:26:57.543][MXC][I]raw dispatch ts:[111032422583765,111032422583994]
[08:26:57.543][MXC][I]dispatch ts translate ret [1788942417542756717, 1788942417542759007]
[08:26:57.543][MXC][I]raw dispatch ts:[111032422594611,111032422595561]
[08:26:57.543][MXC][I]dispatch ts translate ret [1788942417542865128, 1788942417542874622]
[08:26:57.543][MXC][I]raw dispatch ts:[111032422598534,111032422599544]
[08:26:57.543][MXC][I]dispatch ts translate ret [1788942417542904333, 1788942417542914426]
[08:26:57.543][MCR][I]mc_memory.cpp            :1671: copy strategy - H2DCpuCopy:0,D2HCpuCopy:0,cpuCopy:0,d2dCrossDevices:0,pageableHToDAsync:0
[08:26:57.543][MCR][I]mc_memory.cpp            :1672: copy strategy - isAsync:0,waitComplete:0
[08:26:57.543][MXC][I]raw dispatch ts:[111032422599826,111032422600425]
[08:26:57.543][MXC][I]dispatch ts translate ret [1788942417542917245, 1788942417542923231]
[08:26:57.543][MXC][I]raw dispatch ts:[111032422600701,111032422603110]
[08:26:57.543][MXC][I]dispatch ts translate ret [1788942417542925989, 1788942417542950063]
[08:26:57.543][MXC][I]raw dispatch ts:[111032422603382,111032422604978]
[08:26:57.543][MXC][I]dispatch ts translate ret [1788942417542952782, 1788942417542968731]
[08:26:57.543][MXC][I]raw dispatch ts:[111032422607635,111032422608284]
[08:26:57.543][MXC][I]dispatch ts translate ret [1788942417542995284, 1788942417543001770]
[08:26:57.543][MXC][I]raw dispatch ts:[111032422616278,111032422616629]
[08:26:57.543][MXC][I]dispatch ts translate ret [1788942417543081657, 1788942417543085165]
[08:26:57.543][MXC][I]raw dispatch ts:[111032422619397,111032422619795]
[08:26:57.543][MXC][I]dispatch ts translate ret [1788942417543112934, 1788942417543116916]
[08:26:57.543][MXC][I]raw dispatch ts:[111032422620084,111032422620258]
[08:26:57.543][MXC][I]dispatch ts translate ret [1788942417543119807, 1788942417543121548]
[08:26:57.543][MCBLASLT][I]set_workspace is called ! user allocated size: 67108864B = 64.000000MB
[08:26:57.543][MCBLAS][I]mcblasSgemmStridedBatched 0 0 64 16 128 64 128 64 256 8192 2048 1024 1.000000 0.000000
[08:26:57.543][MCBLASLT][I]Kernsel found best solution: Kernel name: mcblas__Mck_sgemm_nn_64x32x64_1m1n4k_256t_fp32_fp32_fp32_sb_0_0, slt:0, swap:1, ksplit:0
[08:26:57.543][MCBLASLT][I]module get function mcblas__Mck_sgemm_nn_64x32x64_1m1n4k_256t_fp32_fp32_fp32_sb_0_0 successed
[08:26:57.543][MCBLASLT][I]mcModuleLaunchKernel successed, ret = 0
[08:26:57.543][MCR][I]mc_memory.cpp            :1671: copy strategy - H2DCpuCopy:0,D2HCpuCopy:0,cpuCopy:0,d2dCrossDevices:0,pageableHToDAsync:0
[08:26:57.543][MCR][I]mc_memory.cpp            :1672: copy strategy - isAsync:0,waitComplete:0
[08:26:57.543][MXC][I]raw dispatch ts:[111032422639074,111032422639200]
[08:26:57.543][MXC][I]dispatch ts translate ret [1788942417543309833, 1788942417543311094]
[08:26:57.543][MXC][I]raw dispatch ts:[111032422620528,111032422621062]
[08:26:57.543][MXC][I]dispatch ts translate ret [1788942417543124279, 1788942417543129619]
[08:26:57.543][MXC][I]raw async_copy ts:[44771150823836,44771150858436]
[08:26:57.543][MXC][I]sdma_ts_.sdma_counter:44770171017443
[08:26:57.543][MXC][I]DNOCfreq:900000000, async_copy ts translate ret [1788942417815507529, 1788942417815545973]
[08:26:57.543][MXC][I]raw dispatch ts:[111032422623890,111032422624319]
[08:26:57.543][MXC][I]dispatch ts translate ret [1788942417543157899, 1788942417543162189]
[08:26:57.543][MXC][I]raw dispatch ts:[111032422624618,111032422625047]
[08:26:57.543][MXC][I]dispatch ts translate ret [1788942417543165179, 1788942417543169469]
[08:26:57.543][MXC][I]raw dispatch ts:[111032422625333,111032422625641]
[08:26:57.543][MXC][I]dispatch ts translate ret [1788942417543172329, 1788942417543175409]
[08:26:57.543][MXC][I]raw dispatch ts:[111032422625918,111032422626087]
[08:26:57.543][MXC][I]dispatch ts translate ret [1788942417543178179, 1788942417543179869]
[08:26:57.543][MXC][I]raw dispatch ts:[111032422626345,111032422627153]
[08:26:57.543][MXC][I]dispatch ts translate ret [1788942417543182449, 1788942417543190529]
[08:26:57.543][MXC][I]raw dispatch ts:[111032422627436,111032422627671]
[08:26:57.543][MXC][I]dispatch ts translate ret [1788942417543193359, 1788942417543195709]
[08:26:57.543][MXC][I]raw dispatch ts:[111032422630409,111032422630931]
[08:26:57.543][MXC][I]dispatch ts translate ret [1788942417543223109, 1788942417543228334]
[08:26:57.543][MCBLASLT][I]set_workspace is called ! user allocated size: 67108864B = 64.000000MB
[08:26:57.543][MCBLAS][I]mcblasSgemmStridedBatched 1 0 128 16 64 64 64 128 256 8192 1024 2048 1.000000 0.000000
[08:26:57.543][MCBLASLT][I]Kernsel found best solution: Kernel name: mcblas__Mck_sgemm_tn_128x32x32_1m1n4k_256t_fp32_fp32_fp32_sb_0_0, slt:0, swap:0, ksplit:0
[08:26:57.543][MCBLASLT][I]module get function mcblas__Mck_sgemm_tn_128x32x32_1m1n4k_256t_fp32_fp32_fp32_sb_0_0 successed
[08:26:57.543][MCBLASLT][I]mcModuleLaunchKernel successed, ret = 0
[08:26:57.543][MCR][I]mc_memory.cpp            :1671: copy strategy - H2DCpuCopy:0,D2HCpuCopy:0,cpuCopy:0,d2dCrossDevices:0,pageableHToDAsync:0
[08:26:57.543][MCR][I]mc_memory.cpp            :1672: copy strategy - isAsync:0,waitComplete:0
[08:26:57.543][MXC][I]raw dispatch ts:[111032422662325,111032422662466]
[08:26:57.543][MXC][I]dispatch ts translate ret [1788942417543542143, 1788942417543543552]
[08:26:57.543][MXC][I]raw dispatch ts:[111032422631210,111032422631836]
[08:26:57.543][MXC][I]dispatch ts translate ret [1788942417543231199, 1788942417543237459]
[08:26:57.543][MXC][I]raw async_copy ts:[44771151100531,44771151110275]
[08:26:57.543][MXC][I]sdma_ts_.sdma_counter:44770171017443
[08:26:57.543][MXC][I]DNOCfreq:900000000, async_copy ts translate ret [1788942417815814967, 1788942417815825793]
[08:26:57.543][MXC][I]raw dispatch ts:[111032422632107,111032422632596]
[08:26:57.543][MXC][I]dispatch ts translate ret [1788942417543240169, 1788942417543245059]
[08:26:57.543][MXC][I]raw dispatch ts:[111032422632869,111032422635692]
[08:26:57.543][MXC][I]dispatch ts translate ret [1788942417543247789, 1788942417543276019]
[08:26:57.543][MCBLASLT][I]set_workspace is called ! user allocated size: 67108864B = 64.000000MB
[08:26:57.543][MXC][I]raw dispatch ts:[111032422635973,111032422637330]
[08:26:57.543][MXC][I]dispatch ts translate ret [1788942417543278829, 1788942417543292399]
[08:26:57.543][MCBLAS][I]mcblasSgemmStridedBatched 0 0 64 16 128 64 128 64 256 8192 2048 1024 1.000000 0.000000
[08:26:57.543][MCBLASLT][I]Kernsel found best solution: Kernel name: mcblas__Mck_sgemm_nn_64x32x64_1m1n4k_256t_fp32_fp32_fp32_sb_0_0, slt:0, swap:1, ksplit:0
[08:26:57.543][MXC][I]raw dispatch ts:[111032422637614,111032422637996]
[08:26:57.543][MXC][I]dispatch ts translate ret [1788942417543295239, 1788942417543299059]
[08:26:57.543][MCBLASLT][I]module get function mcblas__Mck_sgemm_nn_64x32x64_1m1n4k_256t_fp32_fp32_fp32_sb_0_0 successed
[08:26:57.543][MXC][I]raw dispatch ts:[111032422638280,111032422638796]
[08:26:57.543][MXC][I]dispatch ts translate ret [1788942417543301899, 1788942417543307059]
[08:26:57.543][MCBLASLT][I]mcModuleLaunchKernel successed, ret = 0
[08:26:57.543][MXC][I]raw dispatch ts:[111032422647903,111032422648895]
[08:26:57.543][MXC][I]dispatch ts translate ret [1788942417543398054, 1788942417543407965]
[08:26:57.543][MXC][I]raw dispatch ts:[111032422651890,111032422653067]
[08:26:57.543][MXC][I]dispatch ts translate ret [1788942417543437888, 1788942417543449647]
[08:26:57.543][MXC][I]raw dispatch ts:[111032422653354,111032422653938]
[08:26:57.543][MXC][I]dispatch ts translate ret [1788942417543452515, 1788942417543458349]
[08:26:57.543][MCR][I]mc_memory.cpp            :1671: copy strategy - H2DCpuCopy:0,D2HCpuCopy:0,cpuCopy:0,d2dCrossDevices:0,pageableHToDAsync:0
[08:26:57.543][MXC][I]raw dispatch ts:[111032422654223,111032422656959]
[08:26:57.543][MCR][I]mc_memory.cpp            :1672: copy strategy - isAsync:0,waitComplete:0
[08:26:57.543][MXC][I]dispatch ts translate ret [1788942417543461197, 1788942417543488532]
[08:26:57.543][MXC][I]raw dispatch ts:[111032422659662,111032422661071]
[08:26:57.543][MXC][I]dispatch ts translate ret [1788942417543515537, 1788942417543529614]
[08:26:57.543][MXC][I]raw dispatch ts:[111032422661357,111032422662058]
[08:26:57.543][MXC][I]dispatch ts translate ret [1788942417543532472, 1788942417543539475]
[08:26:57.543][MXC][I]raw dispatch ts:[111032422668151,111032422668511]
[08:26:57.543][MXC][I]dispatch ts translate ret [1788942417543600349, 1788942417543603946]
[08:26:57.543][MXC][I]raw dispatch ts:[111032422670702,111032422671040]
[08:26:57.543][MXC][I]dispatch ts translate ret [1788942417543625836, 1788942417543629213]
[08:26:57.543][MXC][I]raw dispatch ts:[111032422671332,111032422671592]
[08:26:57.543][MXC][I]dispatch ts translate ret [1788942417543632130, 1788942417543634728]
[08:26:57.543][MXC][I]raw dispatch ts:[111032422693782,111032422693936]
[08:26:57.543][MXC][I]dispatch ts translate ret [1788942417543856685, 1788942417543858225]
[08:26:57.543][MXC][I]raw dispatch ts:[111032422673764,111032422674255]
[08:26:57.543][MXC][I]dispatch ts translate ret [1788942417543656519, 1788942417543661429]
[08:26:57.543][MCBLASLT][I]set_workspace is called ! user allocated size: 67108864B = 64.000000MB
[08:26:57.543][MCBLAS][I]mcblasSgemmStridedBatched 1 0 128 16 64 64 64 128 256 8192 1024 2048 1.000000 0.000000
[08:26:57.543][MCBLASLT][I]Kernsel found best solution: Kernel name: mcblas__Mck_sgemm_tn_128x32x32_1m1n4k_256t_fp32_fp32_fp32_sb_0_0, slt:0, swap:0, ksplit:0
[08:26:57.543][MXC][I]raw async_copy ts:[44771151479285,44771151513830]
[08:26:57.543][MXC][I]sdma_ts_.sdma_counter:44770171017443
[08:26:57.543][MXC][I]DNOCfreq:900000000, async_copy ts translate ret [1788942417816235805, 1788942417816274188]
[08:26:57.543][MCBLASLT][I]module get function mcblas__Mck_sgemm_tn_128x32x32_1m1n4k_256t_fp32_fp32_fp32_sb_0_0 successed
[08:26:57.543][MXC][I]raw dispatch ts:[111032422674537,111032422674872]
[08:26:57.543][MXC][I]dispatch ts translate ret [1788942417543664248, 1788942417543667598]
[08:26:57.543][MCBLASLT][I]mcModuleLaunchKernel successed, ret = 0
[08:26:57.543][MXC][I]raw dispatch ts:[111032422675158,111032422675507]
[08:26:57.543][MXC][I]dispatch ts translate ret [1788942417543670458, 1788942417543673948]
[08:26:57.543][MXC][I]raw dispatch ts:[111032422675785,111032422676034]
[08:26:57.543][MXC][I]dispatch ts translate ret [1788942417543676728, 1788942417543679217]
[08:26:57.543][MXC][I]raw dispatch ts:[111032422678331,111032422678571]
[08:26:57.543][MXC][I]dispatch ts translate ret [1788942417543702186, 1788942417543704586]
[08:26:57.543][MXC][I]raw dispatch ts:[111032422678883,111032422679672]
[08:26:57.543][MXC][I]dispatch ts translate ret [1788942417543707705, 1788942417543715595]
[08:26:57.543][MXC][I]raw dispatch ts:[111032422679963,111032422680254]
[08:26:57.543][MXC][I]dispatch ts translate ret [1788942417543718505, 1788942417543721414]
[08:26:57.543][MXC][I]raw dispatch ts:[111032422680533,111032422680970]
[08:26:57.543][MCR][I]mc_memory.cpp            :1671: copy strategy - H2DCpuCopy:0,D2HCpuCopy:0,cpuCopy:0,d2dCrossDevices:0,pageableHToDAsync:0
[08:26:57.544][MCR][I]mc_memory.cpp            :1672: copy strategy - isAsync:0,waitComplete:0
[08:26:57.543][MXC][I]dispatch ts translate ret [1788942417543724204, 1788942417543728574]
[08:26:57.544][MCBLASLT][I]set_workspace is called ! user allocated size: 67108864B = 64.000000MB
[08:26:57.544][MCBLAS][I]mcblasSgemmStridedBatched 0 0 64 16 128 64 128 64 256 8192 2048 1024 1.000000 0.000000
[08:26:57.544][MCBLASLT][I]Kernsel found best solution: Kernel name: mcblas__Mck_sgemm_nn_64x32x64_1m1n4k_256t_fp32_fp32_fp32_sb_0_0, slt:0, swap:1, ksplit:0
[08:26:57.544][MCBLASLT][I]module get function mcblas__Mck_sgemm_nn_64x32x64_1m1n4k_256t_fp32_fp32_fp32_sb_0_0 successed
[08:26:57.544][MXC][I]raw dispatch ts:[111032422717137,111032422717375]
[08:26:57.544][MCBLASLT][I]mcModuleLaunchKernel successed, ret = 0
[08:26:57.544][MXC][I]dispatch ts translate ret [1788942417544090323, 1788942417544092704]
[08:26:57.544][MXC][I]raw dispatch ts:[111032422683395,111032422684118]
[08:26:57.544][MXC][I]dispatch ts translate ret [1788942417543752816, 1788942417543760046]
[08:26:57.544][MCR][I]mc_memory.cpp            :1671: copy strategy - H2DCpuCopy:0,D2HCpuCopy:0,cpuCopy:0,d2dCrossDevices:0,pageableHToDAsync:0
[08:26:57.544][MCR][I]mc_memory.cpp            :1672: copy strategy - isAsync:0,waitComplete:0
[08:26:57.544][MXC][I]raw async_copy ts:[44771151767737,44771151777585]
[08:26:57.544][MXC][I]sdma_ts_.sdma_counter:44770171017443
[08:26:57.544][MXC][I]DNOCfreq:900000000, async_copy ts translate ret [1788942417816556307, 1788942417816567249]
[08:26:57.544][MXC][I]raw dispatch ts:[111032422684397,111032422684942]
[08:26:57.544][MXC][I]dispatch ts translate ret [1788942417543762836, 1788942417543768286]
[08:26:57.544][MXC][I]raw dispatch ts:[111032422685222,111032422687925]
[08:26:57.544][MXC][I]dispatch ts translate ret [1788942417543771086, 1788942417543798115]
[08:26:57.544][MXC][I]raw dispatch ts:[111032422688199,111032422689495]
[08:26:57.544][MXC][I]dispatch ts translate ret [1788942417543800855, 1788942417543813815]
[08:26:57.544][MXC][I]raw dispatch ts:[111032422689773,111032422690405]
[08:26:57.544][MXC][I]dispatch ts translate ret [1788942417543816595, 1788942417543822915]
[08:26:57.544][MXC][I]raw dispatch ts:[111032422690673,111032422690907]
[08:26:57.544][MXC][I]dispatch ts translate ret [1788942417543825595, 1788942417543827935]
[08:26:57.544][MXC][I]raw dispatch ts:[111032422702089,111032422703404]
[08:26:57.544][MXC][I]dispatch ts translate ret [1788942417543939784, 1788942417543952940]
[08:26:57.544][MXC][I]raw dispatch ts:[111032422706667,111032422707789]
[08:26:57.544][MXC][I]dispatch ts translate ret [1788942417543985582, 1788942417543996807]
[08:26:57.544][MXC][I]raw dispatch ts:[111032422708078,111032422708707]
[08:26:57.544][MXC][I]dispatch ts translate ret [1788942417543999698, 1788942417544005990]
[08:26:57.544][MXC][I]raw dispatch ts:[111032422708996,111032422711462]
[08:26:57.544][MXC][I]dispatch ts translate ret [1788942417544008881, 1788942417544033551]
[08:26:57.544][MXC][I]raw dispatch ts:[111032422714439,111032422715786]
[08:26:57.544][MXC][I]dispatch ts translate ret [1788942417544063333, 1788942417544076808]
[08:26:57.544][MXC][I]raw dispatch ts:[111032422716080,111032422716854]
[08:26:57.544][MXC][I]dispatch ts translate ret [1788942417544079749, 1788942417544087492]
[08:26:57.544][MXC][I]raw dispatch ts:[111032422724018,111032422724435]
[08:26:57.544][MXC][I]dispatch ts translate ret [1788942417544159159, 1788942417544163331]
[08:26:57.544][MXC][I]raw dispatch ts:[111032422727250,111032422727599]
[08:26:57.544][MXC][I]dispatch ts translate ret [1788942417544191492, 1788942417544194983]
[08:26:57.544][MXC][I]raw dispatch ts:[111032422727897,111032422728148]
[08:26:57.544][MXC][I]dispatch ts translate ret [1788942417544197869, 1788942417544200378]
[08:26:57.544][MXC][I]raw dispatch ts:[111032422752184,111032422752382]
[08:26:57.544][MXC][I]dispatch ts translate ret [1788942417544440705, 1788942417544442685]
[08:26:57.544][MXC][I]raw dispatch ts:[111032422728422,111032422728952]
[08:26:57.544][MXC][I]dispatch ts translate ret [1788942417544203072, 1788942417544208372]
[08:26:57.544][MXC][I]raw async_copy ts:[44771152179481,44771152214110]
[08:26:57.544][MXC][I]sdma_ts_.sdma_counter:44770171017443
[08:26:57.544][MXC][I]DNOCfreq:900000000, async_copy ts translate ret [1788942417817013801, 1788942417817052277]
[08:26:57.544][MXC][I]raw dispatch ts:[111032422729225,111032422729636]
[08:26:57.544][MXC][I]dispatch ts translate ret [1788942417544211102, 1788942417544215212]
[08:26:57.544][MXC][I]raw dispatch ts:[111032422732605,111032422733057]
[08:26:57.544][MXC][I]dispatch ts translate ret [1788942417544244902, 1788942417544249422]
[08:26:57.544][MXC][I]raw dispatch ts:[111032422733331,111032422733625]
[08:26:57.544][MXC][I]dispatch ts translate ret [1788942417544252162, 1788942417544255102]
[08:26:57.544][MXC][I]raw dispatch ts:[111032422733899,111032422734070]
[08:26:57.544][MXC][I]dispatch ts translate ret [1788942417544257842, 1788942417544259552]
[08:26:57.544][MXC][I]raw dispatch ts:[111032422734327,111032422735131]
[08:26:57.544][MXC][I]dispatch ts translate ret [1788942417544262122, 1788942417544270162]
[08:26:57.544][MXC][I]raw dispatch ts:[111032422735415,111032422735701]
[08:26:57.544][MXC][I]dispatch ts translate ret [1788942417544273002, 1788942417544275862]
[08:26:57.544][MXC][I]raw dispatch ts:[111032422735978,111032422736430]
[08:26:57.544][MXC][I]dispatch ts translate ret [1788942417544278632, 1788942417544283152]
[08:26:57.544][MXC][I]raw dispatch ts:[111032422779174,111032422779381]
[08:26:57.544][MXC][I]dispatch ts translate ret [1788942417544710636, 1788942417544712706]
[08:26:57.544][MXC][I]raw dispatch ts:[111032422738655,111032422739442]
[08:26:57.544][MXC][I]dispatch ts translate ret [1788942417544305417, 1788942417544313287]
[08:26:57.544][MXC][I]raw async_copy ts:[44771152502751,44771152512497]
[08:26:57.544][MXC][I]sdma_ts_.sdma_counter:44770171017443
[08:26:57.544][MXC][I]DNOCfreq:900000000, async_copy ts translate ret [1788942417817372990, 1788942417817383818]
[08:26:57.544][MXC][I]raw dispatch ts:[111032422739732,111032422740211]
[08:26:57.544][MXC][I]dispatch ts translate ret [1788942417544316187, 1788942417544320977]
[08:26:57.544][MXC][I]raw dispatch ts:[111032422740543,111032422748773]
[08:26:57.544][MXC][I]dispatch ts translate ret [1788942417544324297, 1788942417544406596]
[08:26:57.544][MXC][I]raw dispatch ts:[111032422749059,111032422750482]
[08:26:57.544][MXC][I]dispatch ts translate ret [1788942417544409456, 1788942417544423686]
[08:26:57.544][MXC][I]raw dispatch ts:[111032422750765,111032422751393]
[08:26:57.544][MXC][I]dispatch ts translate ret [1788942417544426516, 1788942417544432796]
[08:26:57.544][MXC][I]raw dispatch ts:[111032422751675,111032422751911]
[08:26:57.544][MXC][I]dispatch ts translate ret [1788942417544435616, 1788942417544437976]
[08:26:57.544][MXC][I]raw dispatch ts:[111032422760158,111032422761166]
[08:26:57.544][MXC][I]dispatch ts translate ret [1788942417544520454, 1788942417544530535]
[08:26:57.544][MXC][I]raw dispatch ts:[111032422763658,111032422764661]
[08:26:57.544][MXC][I]dispatch ts translate ret [1788942417544555458, 1788942417544565489]
[08:26:57.544][MXC][I]raw dispatch ts:[111032422764941,111032422765560]
[08:26:57.544][MXC][I]dispatch ts translate ret [1788942417544568289, 1788942417544574480]
[08:26:57.544][MXC][I]raw dispatch ts:[111032422765836,111032422774151]
[08:26:57.544][MXC][I]dispatch ts translate ret [1788942417544577240, 1788942417544660400]
[08:26:57.544][MXC][I]raw dispatch ts:[111032422776594,111032422777974]
[08:26:57.544][MXC][I]dispatch ts translate ret [1788942417544684833, 1788942417544698634]
[08:26:57.544][MXC][I]raw dispatch ts:[111032422778261,111032422778904]
[08:26:57.544][MXC][I]dispatch ts translate ret [1788942417544701505, 1788942417544707935]
[08:26:57.544][MXC][I]raw dispatch ts:[111032422784965,111032422785351]
[08:26:57.544][MXC][I]dispatch ts translate ret [1788942417544768551, 1788942417544772412]
[08:26:57.544][MXC][I]raw dispatch ts:[111032422787497,111032422787848]
[08:26:57.544][MXC][I]dispatch ts translate ret [1788942417544793874, 1788942417544797385]
[08:26:57.544][MXC][I]raw dispatch ts:[111032422788153,111032422788400]
[08:26:57.544][MXC][I]dispatch ts translate ret [1788942417544800435, 1788942417544802905]
[08:26:57.544][MXC][I]raw dispatch ts:[111032422807138,111032422807387]
[08:26:57.544][MXC][I]dispatch ts translate ret [1788942417544990340, 1788942417544992830]
[08:26:57.545][MXC][I]raw dispatch ts:[111032422788687,111032422789187]
[08:26:57.545][MXC][I]dispatch ts translate ret [1788942417544805787, 1788942417544810788]
[08:26:57.545][MXC][I]raw async_copy ts:[44771152839483,44771152874046]
[08:26:57.545][MXC][I]sdma_ts_.sdma_counter:44770171017443
[08:26:57.545][MXC][I]DNOCfreq:900000000, async_copy ts translate ret [1788942417817747136, 1788942417817785539]
[08:26:57.545][MXC][I]raw dispatch ts:[111032422791342,111032422791788]
[08:26:57.545][MXC][I]dispatch ts translate ret [1788942417544832343, 1788942417544836804]
[08:26:57.545][MXC][I]raw dispatch ts:[111032422792076,111032422792435]
[08:26:57.545][MXC][I]dispatch ts translate ret [1788942417544839685, 1788942417544843276]
[08:26:57.545][MXC][I]raw dispatch ts:[111032422792710,111032422792992]
[08:26:57.545][MXC][I]dispatch ts translate ret [1788942417544846026, 1788942417544848847]
[08:26:57.545][MXC][I]raw dispatch ts:[111032422793266,111032422793440]
[08:26:57.545][MXC][I]dispatch ts translate ret [1788942417544851588, 1788942417544853328]
[08:26:57.545][MXC][I]raw dispatch ts:[111032422793704,111032422794442]
[08:26:57.545][MXC][I]dispatch ts translate ret [1788942417544855969, 1788942417544863350]
[08:26:57.545][MXC][I]raw dispatch ts:[111032422796633,111032422796940]
[08:26:57.545][MXC][I]dispatch ts translate ret [1788942417544885265, 1788942417544888336]
[08:26:57.545][MXC][I]raw dispatch ts:[111032422797236,111032422797766]
[08:26:57.545][MXC][I]dispatch ts translate ret [1788942417544891297, 1788942417544896598]
[08:26:57.545][MXC][I]raw dispatch ts:[111032422828118,111032422828221]
[08:26:57.545][MXC][I]dispatch ts translate ret [1788942417545200082, 1788942417545201112]
[08:26:57.545][MXC][I]raw dispatch ts:[111032422798042,111032422798693]
[08:26:57.545][MXC][I]dispatch ts translate ret [1788942417544899383, 1788942417544905892]
[08:26:57.545][MXC][I]raw async_copy ts:[44771153088601,44771153098303]
[08:26:57.545][MXC][I]sdma_ts_.sdma_counter:44770171017443
[08:26:57.545][MXC][I]DNOCfreq:900000000, async_copy ts translate ret [1788942417818023934, 1788942417818034714]
[08:26:57.545][MXC][I]raw dispatch ts:[111032422798968,111032422799436]
[08:26:57.545][MXC][I]dispatch ts translate ret [1788942417544908642, 1788942417544913322]
[08:26:57.545][MXC][I]raw dispatch ts:[111032422799713,111032422802105]
[08:26:57.545][MXC][I]dispatch ts translate ret [1788942417544916092, 1788942417544940012]
[08:26:57.545][MXC][I]raw dispatch ts:[111032422802384,111032422803603]
[08:26:57.545][MXC][I]dispatch ts translate ret [1788942417544942802, 1788942417544954992]
[08:26:57.545][MXC][I]raw dispatch ts:[111032422805876,111032422806346]
[08:26:57.545][MXC][I]dispatch ts translate ret [1788942417544977722, 1788942417544982422]
[08:26:57.545][MXC][I]raw dispatch ts:[111032422806633,111032422806864]
[08:26:57.545][MXC][I]dispatch ts translate ret [1788942417544985292, 1788942417544987602]
[08:26:57.545][MXC][I]raw dispatch ts:[111032422815146,111032422816064]
[08:26:57.545][MXC][I]dispatch ts translate ret [1788942417545070400, 1788942417545079578]
[08:26:57.545][MXC][I]raw dispatch ts:[111032422818572,111032422819589]
[08:26:57.545][MXC][I]dispatch ts translate ret [1788942417545104650, 1788942417545114817]
[08:26:57.545][MXC][I]raw dispatch ts:[111032422819875,111032422820425]
[08:26:57.545][MXC][I]dispatch ts translate ret [1788942417545117676, 1788942417545123175]
[08:26:57.545][MXC][I]raw dispatch ts:[111032422820700,111032422823124]
[08:26:57.545][MXC][I]dispatch ts translate ret [1788942417545125924, 1788942417545150157]
[08:26:57.545][MXC][I]raw dispatch ts:[111032422825566,111032422826940]
[08:26:57.545][MXC][I]dispatch ts translate ret [1788942417545174570, 1788942417545188306]
[08:26:57.545][MXC][I]raw dispatch ts:[111032422827227,111032422827849]
[08:26:57.545][MXC][I]dispatch ts translate ret [1788942417545191175, 1788942417545197393]
[08:26:57.545][MXC][I]raw dispatch ts:[111032422833953,111032422834313]
[08:26:57.545][MXC][I]dispatch ts translate ret [1788942417545258414, 1788942417545262013]
[08:26:57.545][MXC][I]raw dispatch ts:[111032422836445,111032422836844]
[08:26:57.545][MXC][I]dispatch ts translate ret [1788942417545283327, 1788942417545287316]
[08:26:57.545][MXC][I]raw dispatch ts:[111032422837128,111032422837318]
[08:26:57.545][MXC][I]dispatch ts translate ret [1788942417545290155, 1788942417545292054]
[08:26:57.545][MXC][I]raw dispatch ts:[111032422856770,111032422857044]
[08:26:57.545][MXC][I]dispatch ts translate ret [1788942417545486556, 1788942417545489295]
[08:26:57.545][MXC][I]raw dispatch ts:[111032422837591,111032422838162]
[08:26:57.545][MXC][I]dispatch ts translate ret [1788942417545294796, 1788942417545300505]
[08:26:57.545][MXC][I]raw async_copy ts:[44771153435088,44771153469680]
[08:26:57.545][MXC][I]sdma_ts_.sdma_counter:44770171017443
[08:26:57.545][MXC][I]DNOCfreq:900000000, async_copy ts translate ret [1788942417818408920, 1788942417818447355]
[08:26:57.545][MXC][I]raw dispatch ts:[111032422840399,111032422840847]
[08:26:57.545][MXC][I]dispatch ts translate ret [1788942417545322872, 1788942417545327351]
[08:26:57.545][MXC][I]raw dispatch ts:[111032422841137,111032422841491]
[08:26:57.545][MXC][I]dispatch ts translate ret [1788942417545330251, 1788942417545333790]
[08:26:57.545][MXC][I]raw dispatch ts:[111032422841772,111032422842056]
[08:26:57.545][MXC][I]dispatch ts translate ret [1788942417545336600, 1788942417545339439]
[08:26:57.545][MXC][I]raw dispatch ts:[111032422842340,111032422842509]
[08:26:57.545][MXC][I]dispatch ts translate ret [1788942417545342279, 1788942417545343968]
[08:26:57.545][MXC][I]raw dispatch ts:[111032422842782,111032422843559]
[08:26:57.545][MXC][I]dispatch ts translate ret [1788942417545346698, 1788942417545354467]
[08:26:57.545][MXC][I]raw dispatch ts:[111032422845714,111032422846011]
[08:26:57.545][MXC][I]dispatch ts translate ret [1788942417545376013, 1788942417545378983]
[08:26:57.545][MXC][I]raw dispatch ts:[111032422846316,111032422846858]
[08:26:57.545][MXC][I]dispatch ts translate ret [1788942417545382032, 1788942417545387452]
[08:26:57.545][MXC][I]raw dispatch ts:[111032422879653,111032422879747]
[08:26:57.545][MXC][I]dispatch ts translate ret [1788942417545715394, 1788942417545716334]
[08:26:57.545][MXC][I]raw dispatch ts:[111032422847139,111032422847895]
[08:26:57.545][MXC][I]dispatch ts translate ret [1788942417545390246, 1788942417545397806]
[08:26:57.545][MXC][I]raw async_copy ts:[44771153707306,44771153717032]
[08:26:57.545][MXC][I]sdma_ts_.sdma_counter:44770171017443
[08:26:57.545][MXC][I]DNOCfreq:900000000, async_copy ts translate ret [1788942417818711384, 1788942417818722190]
[08:26:57.545][MXC][I]raw dispatch ts:[111032422848176,111032422848866]
[08:26:57.545][MXC][I]dispatch ts translate ret [1788942417545400616, 1788942417545407515]
[08:26:57.545][MXC][I]raw dispatch ts:[111032422849140,111032422851608]
[08:26:57.545][MXC][I]dispatch ts translate ret [1788942417545410255, 1788942417545434935]
[08:26:57.545][MXC][I]raw dispatch ts:[111032422851884,111032422853366]
[08:26:57.545][MXC][I]dispatch ts translate ret [1788942417545437695, 1788942417545452515]
[08:26:57.545][MXC][I]raw dispatch ts:[111032422855533,111032422855999]
[08:26:57.545][MXC][I]dispatch ts translate ret [1788942417545474185, 1788942417545478845]
[08:26:57.545][MXC][I]raw dispatch ts:[111032422856272,111032422856505]
[08:26:57.545][MXC][I]dispatch ts translate ret [1788942417545481575, 1788942417545483905]
[08:26:57.545][MXC][I]raw dispatch ts:[111032422864858,111032422865855]
[08:26:57.545][MXC][I]dispatch ts translate ret [1788942417545567438, 1788942417545577408]
[08:26:57.545][MXC][I]raw dispatch ts:[111032422869169,111032422870344]
[08:26:57.545][MXC][I]dispatch ts translate ret [1788942417545610550, 1788942417545622300]
[08:26:57.545][MXC][I]raw dispatch ts:[111032422870630,111032422871225]
[08:26:57.545][MXC][I]dispatch ts translate ret [1788942417545625160, 1788942417545631111]
[08:26:57.545][MXC][I]raw dispatch ts:[111032422871513,111032422874045]
[08:26:57.545][MXC][I]dispatch ts translate ret [1788942417545633991, 1788942417545659312]
[08:26:57.545][MXC][I]raw dispatch ts:[111032422874331,111032422875853]
[08:26:57.545][MXC][I]dispatch ts translate ret [1788942417545662172, 1788942417545677393]
[08:26:57.545][MXC][I]raw dispatch ts:[111032422876140,111032422876854]
[08:26:57.545][MXC][I]dispatch ts translate ret [1788942417545680263, 1788942417545687403]
[08:26:57.545][MXC][I]raw dispatch ts:[111032422885610,111032422885969]
[08:26:57.545][MXC][I]dispatch ts translate ret [1788942417545774966, 1788942417545778556]
[08:26:57.545][MXC][I]raw dispatch ts:[111032422888648,111032422889018]
[08:26:57.545][MXC][I]dispatch ts translate ret [1788942417545805347, 1788942417545809047]
[08:26:57.545][MXC][I]raw dispatch ts:[111032422889317,111032422889564]
[08:26:57.545][MXC][I]dispatch ts translate ret [1788942417545812037, 1788942417545814508]
[08:26:57.545][MXC][I]raw dispatch ts:[111032422907045,111032422907260]
[08:26:57.545][MXC][I]dispatch ts translate ret [1788942417545989341, 1788942417545991491]
[08:26:57.545][MXC][I]raw dispatch ts:[111032422889836,111032422890319]
[08:26:57.546][MXC][I]dispatch ts translate ret [1788942417545817234, 1788942417545822064]
[08:26:57.546][MXC][I]raw async_copy ts:[44771154040260,44771154074831]
[08:26:57.546][MXC][I]sdma_ts_.sdma_counter:44770171017443
[08:26:57.546][MXC][I]DNOCfreq:900000000, async_copy ts translate ret [1788942417819081333, 1788942417819119745]
[08:26:57.546][MXC][I]raw dispatch ts:[111032422890590,111032422890911]
[08:26:57.546][MXC][I]dispatch ts translate ret [1788942417545824775, 1788942417545827985]
[08:26:57.546][MXC][I]raw dispatch ts:[111032422893355,111032422893862]
[08:26:57.546][MXC][I]dispatch ts translate ret [1788942417545852427, 1788942417545857498]
[08:26:57.546][MXC][I]raw dispatch ts:[111032422894139,111032422894444]
[08:26:57.546][MXC][I]dispatch ts translate ret [1788942417545860268, 1788942417545863318]
[08:26:57.546][MXC][I]raw dispatch ts:[111032422894725,111032422894910]
[08:26:57.546][MXC][I]dispatch ts translate ret [1788942417545866129, 1788942417545867979]
[08:26:57.546][MXC][I]raw dispatch ts:[111032422895171,111032422895954]
[08:26:57.546][MXC][I]dispatch ts translate ret [1788942417545870589, 1788942417545878420]
[08:26:57.546][MXC][I]raw dispatch ts:[111032422896242,111032422896543]
[08:26:57.546][MXC][I]dispatch ts translate ret [1788942417545881300, 1788942417545884310]
[08:26:57.546][MXC][I]raw dispatch ts:[111032422896817,111032422897267]
[08:26:57.546][MXC][I]dispatch ts translate ret [1788942417545887051, 1788942417545891551]
[08:26:57.546][MXC][I]raw dispatch ts:[111032422928271,111032422928415]
[08:26:57.546][MXC][I]dispatch ts translate ret [1788942417546201553, 1788942417546202993]
[08:26:57.546][MXC][I]raw dispatch ts:[111032422899443,111032422900234]
[08:26:57.546][MXC][I]dispatch ts translate ret [1788942417545913322, 1788942417545921232]
[08:26:57.750][MXC][I]raw dispatch ts:[111032422900522,111032422901009]
[08:26:57.750][MXC][I]dispatch ts translate ret [1788942417545924112, 1788942417545928982]
[08:26:57.750][MXC][I]raw dispatch ts:[111032422901298,111032422903965]
[08:26:57.750][MXC][I]dispatch ts translate ret [1788942417545931872, 1788942417545958542]
[08:26:57.750][MCR][W]mx_command.cpp           :1883: HW exec timestamp will be adjusted!!!
[08:26:57.750][MCR][W]mx_command.cpp           :1885: floor:1788942417522371646, start:1788942417522387456, end:1788942417787662848, ceiling:1788942417750538840
[08:26:57.750][MCR][W]mx_command.cpp           :1883: HW exec timestamp will be adjusted!!!
[08:26:57.750][MCR][W]mx_command.cpp           :1885: floor:1788942417537610116, start:1788942417537632256, end:1788942417807956480, ceiling:1788942417750557112
[08:26:57.750][MCR][W]mx_command.cpp           :1883: HW exec timestamp will be adjusted!!!
[08:26:57.750][MCR][W]mx_command.cpp           :1885: floor:1788942417538189875, start:1788942417538215680, end:1788942417808755200, ceiling:1788942417750584978
[08:26:57.750][MCR][W]mx_command.cpp           :1883: HW exec timestamp will be adjusted!!!
[08:26:57.750][MCR][W]mx_command.cpp           :1885: floor:1788942417538364096, start:1788942417538433536, end:1788942417809020160, ceiling:1788942417750597811
[08:26:57.750][MCR][W]mx_command.cpp           :1883: HW exec timestamp will be adjusted!!!
[08:26:57.750][MCR][W]mx_command.cpp           :1885: floor:1788942417538688014, start:1788942417538777600, end:1788942417809507328, ceiling:1788942417750622327
[08:26:57.750][MCR][W]mx_command.cpp           :1883: HW exec timestamp will be adjusted!!!
[08:26:57.750][MCR][W]mx_command.cpp           :1885: floor:1788942417538900395, start:1788942417539008256, end:1788942417809808896, ceiling:1788942417750633157
[08:26:57.750][MCR][W]mx_command.cpp           :1883: HW exec timestamp will be adjusted!!!
[08:26:57.750][MCR][W]mx_command.cpp           :1885: floor:1788942417539238826, start:1788942417539341568, end:1788942417810254080, ceiling:1788942417750654681
[08:26:57.750][MCR][W]mx_command.cpp           :1883: HW exec timestamp will be adjusted!!!
[08:26:57.750][MCR][W]mx_command.cpp           :1885: floor:1788942417539472632, start:1788942417539560192, end:1788942417810517760, ceiling:1788942417750665161
[08:26:57.750][MCR][W]mx_command.cpp           :1883: HW exec timestamp will be adjusted!!!
[08:26:57.750][MCR][W]mx_command.cpp           :1885: floor:1788942417539755311, start:1788942417539919104, end:1788942417811037696, ceiling:1788942417750685309
[08:26:57.750][MCR][W]mx_command.cpp           :1883: HW exec timestamp will be adjusted!!!
[08:26:57.750][MCR][W]mx_command.cpp           :1885: floor:1788942417540059198, start:1788942417540210176, end:1788942417811386368, ceiling:1788942417750697266
[08:26:57.750][MCR][W]mx_command.cpp           :1883: HW exec timestamp will be adjusted!!!
[08:26:57.750][MCR][W]mx_command.cpp           :1885: floor:1788942417540410543, start:1788942417540528128, end:1788942417811835904, ceiling:1788942417750719004
[08:26:57.750][MCR][W]mx_command.cpp           :1883: HW exec timestamp will be adjusted!!!
[08:26:57.750][MCR][W]mx_command.cpp           :1885: floor:1788942417540643675, start:1788942417540756480, end:1788942417812115712, ceiling:1788942417750729269
[08:26:57.750][MCR][W]mx_command.cpp           :1883: HW exec timestamp will be adjusted!!!
[08:26:57.750][MCR][W]mx_command.cpp           :1885: floor:1788942417540948459, start:1788942417541070592, end:1788942417812565248, ceiling:1788942417750750698
[08:26:57.750][MCR][W]mx_command.cpp           :1883: HW exec timestamp will be adjusted!!!
[08:26:57.750][MCR][W]mx_command.cpp           :1885: floor:1788942417541187608, start:1788942417541301248, end:1788942417812839424, ceiling:1788942417750762197
[08:26:57.750][MCR][W]mx_command.cpp           :1883: HW exec timestamp will be adjusted!!!
[08:26:57.750][MCR][W]mx_command.cpp           :1885: floor:1788942417541477770, start:1788942417541597440, end:1788942417813264640, ceiling:1788942417750783066
[08:26:57.750][MCR][W]mx_command.cpp           :1883: HW exec timestamp will be adjusted!!!
[08:26:57.750][MCR][W]mx_command.cpp           :1885: floor:1788942417541732541, start:1788942417541825280, end:1788942417813536768, ceiling:1788942417750804580
[08:26:57.750][MCR][W]mx_command.cpp           :1883: HW exec timestamp will be adjusted!!!
[08:26:57.750][MCR][W]mx_command.cpp           :1885: floor:1788942417542028156, start:1788942417542203904, end:1788942417814070016, ceiling:1788942417750828500
[08:26:57.750][MCR][W]mx_command.cpp           :1883: HW exec timestamp will be adjusted!!!
[08:26:57.750][MCR][W]mx_command.cpp           :1885: floor:1788942417542335408, start:1788942417542487040, end:1788942417814418944, ceiling:1788942417750839844
[08:26:57.750][MCR][W]mx_command.cpp           :1883: HW exec timestamp will be adjusted!!!
[08:26:57.750][MCR][W]mx_command.cpp           :1885: floor:1788942417542668160, start:1788942417542784000, end:1788942417814843904, ceiling:1788942417750864482
[08:26:57.750][MCR][W]mx_command.cpp           :1883: HW exec timestamp will be adjusted!!!
[08:26:57.750][MCR][W]mx_command.cpp           :1885: floor:1788942417542900001, start:1788942417543004672, end:1788942417815107840, ceiling:1788942417750877234
[08:26:57.750][MCR][W]mx_command.cpp           :1883: HW exec timestamp will be adjusted!!!
[08:26:57.750][MCR][W]mx_command.cpp           :1885: floor:1788942417543202022, start:1788942417543309824, end:1788942417815545856, ceiling:1788942417750901427
[08:26:57.750][MCR][W]mx_command.cpp           :1883: HW exec timestamp will be adjusted!!!
[08:26:57.750][MCR][W]mx_command.cpp           :1885: floor:1788942417543438870, start:1788942417543542016, end:1788942417815825920, ceiling:1788942417750913674
[08:26:57.750][MCR][W]mx_command.cpp           :1883: HW exec timestamp will be adjusted!!!
[08:26:57.750][MCR][W]mx_command.cpp           :1885: floor:1788942417543741376, start:1788942417543856640, end:1788942417816274176, ceiling:1788942417750934035
[08:26:57.750][MCR][W]mx_command.cpp           :1883: HW exec timestamp will be adjusted!!!
[08:26:57.750][MCR][W]mx_command.cpp           :1885: floor:1788942417543992457, start:1788942417544090368, end:1788942417816567296, ceiling:1788942417750944277
[08:26:57.750][MCR][W]mx_command.cpp           :1883: HW exec timestamp will be adjusted!!!
[08:26:57.750][MCR][W]mx_command.cpp           :1885: floor:1788942417544275075, start:1788942417544440832, end:1788942417817052160, ceiling:1788942417750964844
[08:26:57.750][MCR][W]mx_command.cpp           :1883: HW exec timestamp will be adjusted!!!
[08:26:57.750][MCR][W]mx_command.cpp           :1885: floor:1788942417544556691, start:1788942417544710656, end:1788942417817383936, ceiling:1788942417750975241
[08:26:57.750][MCR][W]mx_command.cpp           :1883: HW exec timestamp will be adjusted!!!
[08:26:57.750][MCR][W]mx_command.cpp           :1885: floor:1788942417544887430, start:1788942417544990464, end:1788942417817785600, ceiling:1788942417750994986
[08:26:57.751][MCR][W]mx_command.cpp           :1883: HW exec timestamp will be adjusted!!!
[08:26:57.751][MCR][W]mx_command.cpp           :1885: floor:1788942417545104746, start:1788942417545200128, end:1788942417818034688, ceiling:1788942417751005058
[08:26:57.751][MCR][W]mx_command.cpp           :1883: HW exec timestamp will be adjusted!!!
[08:26:57.751][MCR][W]mx_command.cpp           :1885: floor:1788942417545377702, start:1788942417545486592, end:1788942417818447360, ceiling:1788942417751023922
[08:26:57.751][MCR][W]mx_command.cpp           :1883: HW exec timestamp will be adjusted!!!
[08:26:57.751][MCR][W]mx_command.cpp           :1885: floor:1788942417545600220, start:1788942417545715456, end:1788942417818722304, ceiling:1788942417751035444
[08:26:57.751][MXC][I]raw dispatch ts:[111032422904246,111032422905578]
[08:26:57.751][MXC][I]dispatch ts translate ret [1788942417545961352, 1788942417545974672]
[08:26:57.751][MXC][I]raw dispatch ts:[111032422905860,111032422906264]
[08:26:57.751][MXC][I]dispatch ts translate ret [1788942417545977492, 1788942417545981532]
[08:26:57.751][MXC][I]raw dispatch ts:[111032422906541,111032422906774]
[08:26:57.751][MXC][I]dispatch ts translate ret [1788942417545984302, 1788942417545986632]
[08:26:57.751][MCR][W]mx_command.cpp           :1883: HW exec timestamp will be adjusted!!!
[08:26:57.751][MCR][W]mx_command.cpp           :1885: floor:1788942417545891408, start:1788942417545989376, end:1788942417819119872, ceiling:1788942417751067237
[08:26:57.751][MXC][I]raw dispatch ts:[111032422915189,111032422916205]
[08:26:57.751][MXC][I]dispatch ts translate ret [1788942417546070764, 1788942417546080922]
[08:26:57.751][MXC][I]raw dispatch ts:[111032422918661,111032422919756]
[08:26:57.751][MXC][I]dispatch ts translate ret [1788942417546105476, 1788942417546116423]
[08:26:57.751][MXC][I]raw dispatch ts:[111032422920031,111032422920547]
[08:26:57.751][MXC][I]dispatch ts translate ret [1788942417546119173, 1788942417546124331]
[08:26:57.751][MXC][I]raw dispatch ts:[111032422920823,111032422923344]
[08:26:57.751][MXC][I]dispatch ts translate ret [1788942417546127091, 1788942417546152295]
[08:26:57.751][MXC][I]raw dispatch ts:[111032422923626,111032422925107]
[08:26:57.751][MXC][I]dispatch ts translate ret [1788942417546155114, 1788942417546169921]
[08:26:57.751][MXC][I]raw dispatch ts:[111032422927253,111032422927983]
[08:26:57.751][MXC][I]dispatch ts translate ret [1788942417546191375, 1788942417546198674]
[08:26:57.751][MXC][I]raw async_copy ts:[44771154292058,44771154301857]
[08:26:57.751][MXC][I]sdma_ts_.sdma_counter:44770171017443
[08:26:57.751][MXC][I]DNOCfreq:900000000, async_copy ts translate ret [1788942417819361109, 1788942417819371996]
[08:26:57.751][MCR][W]mx_command.cpp           :1883: HW exec timestamp will be adjusted!!!
[08:26:57.751][MCR][W]mx_command.cpp           :1885: floor:1788942417546100106, start:1788942417546201600, end:1788942417819372032, ceiling:1788942417751096354
[08:26:57.751][MXC][I]raw dispatch ts:[111032443349749,111032443356864]
[08:26:57.751][MXC][I]dispatch ts translate ret [1788942417750416176, 1788942417750487326]
[08:26:57.761][MCR][I]mc_memory.cpp            :1671: copy strategy - H2DCpuCopy:0,D2HCpuCopy:0,cpuCopy:0,d2dCrossDevices:0,pageableHToDAsync:0
[08:26:57.761][MCR][I]mc_memory.cpp            :1672: copy strategy - isAsync:0,waitComplete:0
[08:26:57.761][MXC][I]raw dispatch ts:[111032443644787,111032443646838]
[08:26:57.761][MXC][I]dispatch ts translate ret [1788942417753366623, 1788942417753387133]
[08:26:57.761][MXC][I]raw dispatch ts:[111032444468483,111032444468582]
[08:26:57.761][MXC][I]dispatch ts translate ret [1788942417761603826, 1788942417761604816]
[08:26:57.761][MXC][I]raw dispatch ts:[111032443656207,111032443657466]
[08:26:57.761][MXC][I]dispatch ts translate ret [1788942417753480826, 1788942417753493416]
[08:26:57.761][MXC][I]raw async_copy ts:[44771412776427,44771412778105]
[08:26:57.761][MXC][I]sdma_ts_.sdma_counter:44770171017443
[08:26:57.761][MXC][I]DNOCfreq:900000000, async_copy ts translate ret [1788942418106565963, 1788942418106567827]
[08:26:57.761][MXC][I]raw dispatch ts:[111032443718493,111032443720095]
[08:26:57.761][MXC][I]dispatch ts translate ret [1788942417754103705, 1788942417754119725]
[08:26:57.761][MXC][I]raw dispatch ts:[111032443726492,111032443727830]
[08:26:57.761][MXC][I]dispatch ts translate ret [1788942417754183697, 1788942417754197077]
[08:26:57.761][MXC][I]raw dispatch ts:[111032443734134,111032443736247]
[08:26:57.761][MXC][I]dispatch ts translate ret [1788942417754260119, 1788942417754281250]
[08:26:57.761][MXC][I]raw dispatch ts:[111032443739715,111032443741205]
[08:26:57.761][MXC][I]dispatch ts translate ret [1788942417754315931, 1788942417754330831]
[08:26:57.761][MXC][I]raw dispatch ts:[111032443741489,111032443742916]
[08:26:57.761][MXC][I]dispatch ts translate ret [1788942417754333671, 1788942417754347942]
[08:26:57.761][MXC][I]raw dispatch ts:[111032443746105,111032443747286]
[08:26:57.761][MXC][I]dispatch ts translate ret [1788942417754379833, 1788942417754391643]
[08:26:57.761][MXC][I]raw dispatch ts:[111032443750806,111032443752268]
[08:26:57.761][MXC][I]dispatch ts translate ret [1788942417754426844, 1788942417754441465]
[08:26:57.761][MXC][I]raw dispatch ts:[111032443756299,111032443757543]
[08:26:57.761][MXC][I]dispatch ts translate ret [1788942417754481776, 1788942417754494216]
[08:26:57.761][MXC][I]raw dispatch ts:[111032443762217,111032443764124]
[08:26:57.761][MXC][I]dispatch ts translate ret [1788942417754540957, 1788942417754560028]
[08:26:57.761][MXC][I]raw dispatch ts:[111032443766676,111032443767760]
[08:26:57.761][MXC][I]dispatch ts translate ret [1788942417754585549, 1788942417754596389]
[08:26:57.761][MXC][I]raw dispatch ts:[111032443772666,111032443774022]
[08:26:57.761][MXC][I]dispatch ts translate ret [1788942417754645451, 1788942417754659011]
[08:26:57.761][MXC][I]raw dispatch ts:[111032443795028,111032443795376]
[08:26:57.761][MXC][I]dispatch ts translate ret [1788942417754869077, 1788942417754872557]
[08:26:57.761][MXC][I]raw dispatch ts:[111032444454985,111032444457081]
[08:26:57.761][MXC][I]dispatch ts translate ret [1788942417761468843, 1788942417761489804]
[08:26:57.761][MCR][W]mx_command.cpp           :1883: HW exec timestamp will be adjusted!!!
[08:26:57.761][MCR][W]mx_command.cpp           :1885: floor:1788942417761577842, start:1788942417761603840, end:1788942418106567936, ceiling:1788942417761713517
[08:26:57.767][MCR][I]mc_memory.cpp            :1671: copy strategy - H2DCpuCopy:0,D2HCpuCopy:0,cpuCopy:0,d2dCrossDevices:0,pageableHToDAsync:0
[08:26:57.767][MCR][I]mc_memory.cpp            :1672: copy strategy - isAsync:0,waitComplete:0
[08:26:57.767][MXC][I]raw dispatch ts:[111032445090879,111032445090971]
[08:26:57.767][MXC][I]dispatch ts translate ret [1788942417767827639, 1788942417767828559]
[08:26:57.767][MXC][I]raw async_copy ts:[44771420242246,44771420244152]
[08:26:57.767][MXC][I]sdma_ts_.sdma_counter:44770171017443
[08:26:57.767][MXC][I]DNOCfreq:900000000, async_copy ts translate ret [1788942418114861317, 1788942418114863434]
[08:26:57.767][MXC][I]raw dispatch ts:[111032444491189,111032444493339]
[08:26:57.767][MXC][I]dispatch ts translate ret [1788942417761830881, 1788942417761852380]
[08:26:57.767][MXC][I]raw dispatch ts:[111032444495928,111032444497166]
[08:26:57.767][MXC][I]dispatch ts translate ret [1788942417761878270, 1788942417761890649]
[08:26:57.767][MXC][I]raw dispatch ts:[111032444503191,111032444503550]
[08:26:57.767][MXC][I]dispatch ts translate ret [1788942417761950898, 1788942417761954488]
[08:26:57.767][MXC][I]raw dispatch ts:[111032445086483,111032445088554]
[08:26:57.767][MXC][I]dispatch ts translate ret [1788942417767783680, 1788942417767804389]
[08:26:57.767][MCR][W]mx_command.cpp           :1883: HW exec timestamp will be adjusted!!!
[08:26:57.767][MCR][W]mx_command.cpp           :1885: floor:1788942417767801118, start:1788942417767827712, end:1788942418114863360, ceiling:1788942417767881538
[08:26:57.769][MXC][I]raw dispatch ts:[111032445187496,111032445194382]
[08:26:57.769][MXC][I]dispatch ts translate ret [1788942417768793693, 1788942417768862545]
[08:26:57.769][MXC][I]raw dispatch ts:[111032445197092,111032445203656]
[08:26:57.769][MXC][I]dispatch ts translate ret [1788942417768889641, 1788942417768955274]
[08:26:57.769][MXC][I]raw dispatch ts:[111032445203935,111032445210488]
[08:26:57.769][MXC][I]dispatch ts translate ret [1788942417768958063, 1788942417769023585]
[08:26:57.769][MXC][I]raw dispatch ts:[111032445213241,111032445220655]
[08:26:57.769][MXC][I]dispatch ts translate ret [1788942417769051112, 1788942417769125243]
[08:26:57.769][MXC][I]raw dispatch ts:[111032445220942,111032445227988]
[08:26:57.769][MXC][I]dispatch ts translate ret [1788942417769128113, 1788942417769198564]/tmp/_MEIadZ7sT/phttp/http_server.py:89: UserWarning:

The 'environ['werkzeug.server.shutdown']' function is deprecated and will be removed in Werkzeug 2.1.


[08:26:57.769][MXC][I]raw dispatch ts:[111032445228275,111032445234794]
[08:26:57.769][MXC][I]dispatch ts translate ret [1788942417769201434, 1788942417769266616]
[08:26:57.769][MXC][I]raw dispatch ts:[111032445237421,111032445244015]
[08:26:57.769][MXC][I]dispatch ts translate ret [1788942417769292883, 1788942417769358815]
[08:26:57.769][MXC][I]raw dispatch ts:[111032445244307,111032445251012]
[08:26:57.769][MXC][I]dispatch ts translate ret [1788942417769361735, 1788942417769428776]
[08:26:57.769][MXC][I]raw dispatch ts:[111032445251298,111032445258036]
[08:26:57.769][MXC][I]dispatch ts translate ret [1788942417769431636, 1788942417769499008]
[08:26:57.769][MXC][I]raw dispatch ts:[111032445258321,111032445265057]
[08:26:57.769][MXC][I]dispatch ts translate ret [1788942417769501858, 1788942417769569210]
[08:26:57.770][MXC][I]raw dispatch ts:[111032445285869,111032445304457]
[08:26:57.770][MXC][I]dispatch ts translate ret [1788942417769777342, 1788942417769963236]
[08:26:57.772][MXC][I]raw dispatch ts:[111032445560738,111032445567365]
[08:26:57.772][MXC][I]dispatch ts translate ret [1788942417772526045, 1788942417772592315]
[info] MctxStreamProfilerCountDataGet Loop
[08:26:58.465][MCR][I]mc_device.cpp            :1002: tearDown enter!

[08:26:58.465][MCR][I]mx_device.cpp            :1578: deleting hardware queue 0x7fbda020b000 with refCount 0
[08:26:58.465][MCR][I]mx_device.cpp            :1601: number of allocated hardware queues 0-0-0(H-N-L), number of users 0-0-0
[08:26:58.466][MXC][I]~GpuDevice: Entering
[08:26:58.466][MCTX][I]mcRpcAsyncImpl.cpp       :550 : callback mcRpcAsyncDone!
[08:26:58.466][PTI][I]mcpti_tracer.hpp         :309 : stopProcessThread
[08:26:58.466][MCTX][I]mcRpcAsyncImpl.cpp       :491 : mcRpcServerAsync TearDown!
[08:26:58.466][MCTX][I]server.cpp               :116 : Server will tearDown[3].
[08:26:58.474][MCTX][I]mcRpcAsyncImpl.cpp       :250 : ProfilerCountDataGet the last msg:[
{
"ISU" : {
"16" : {
"dpcId0" : [
3825999969085,
3824610388837,
3825813674604,
3824558878188,
3824749809878,
3823781387879,
3823861389895,
3823235010899,
3824258858943,
3822872478931,
3823776178501,
3821855290214,
3825789640377
],
"dpcId1" : [
3826581422054,
3825356568560,
3826467651022,
3824819291390,
3825134861365,
3824275322927,
3824640854124,
3823857086437,
3825328020738,
3824037394206,
3824891695216,
3823001188036,
3826451046963
],
"dpcId2" : [
3825154784202,
3823652502415,
3824863682620,
3823443525023,
3823533283176,
3822591912795,
3823084051214,
3822759938342,
3823275027103,
3822112776915,
3823628987987,
3821921720514,
3825160016416
],
"dpcId3" : [
3825438373722,
3824106731902,
3825612196339,
3824430705040,
3824339539063,
3823452013216,
3824245784367,
3823919718115,
3823939563832,
3822809412334,
3824101697644,
3822493155537,
3825325124062
],
"dpcId4" : [
3824717417931,
3823299031072,
3824967098191,
3824068015522,
3824025669041,
3822908527764,
[info] MctxStreamProfilerCountDataGet Loop
3823[08:26:58.486][MCTX][I]server.cpp               :348 : HandleRpcs exit. thread_no=[0].
[08:26:59.486][MCTX][I]server.cpp               :89  : Server Shutdown!
[08:26:59.486][MCTX][I]mcRpcAsyncImpl.cpp       :477 : mcRpcServerAsyncRun stop
[08:26:59.567][MCTX][I]mctxTPImpl.cpp           :433 : clear port.
[warning] get_srvrpc_port get rpc server ports failed: cannot retrieve rpc server port.
[warning] get_srvrpc_port get rpc server ports failed: cannot retrieve rpc server port.
[warning] get_srvrpc_port get rpc server ports failed: cannot retrieve rpc server port.
[warning] get_srvrpc_port get rpc server ports failed: cannot retrieve rpc server port.
[warning] get_srvrpc_port get rpc server ports failed: cannot retrieve rpc server port.
[warning] get_srvrpc_port get rpc server ports failed: cannot retrieve rpc server port.
[warning] get_srvrpc_port get rpc server ports failed: cannot retrieve rpc server port.
[warning] get_srvrpc_port get rpc server ports failed: cannot retrieve rpc server port.
[warning] get_srvrpc_port get rpc server ports failed: cannot retrieve rpc server port.

[info] profiling task 571318a0-7c8c-4a43-b303-df4423f2737b
[info] complete task 571318a0-7c8c-4a43-b303-df4423f2737b
stop server
perf done, please check report file /data/nsa_codex_20260909_r1/results/profile_pair_nsa111
