Loading tilelang libs from dev root: /opt/tilelang-metax-v0.1.10/build
{"case": {"B": 1, "SEQ_LEN": 64, "H": 1, "HQ": 16, "D": 32, "S": 1, "block_size": 16, "is_causal": true}, "candidate": "baseline", "phase": "compile_correctness"}
{"case": {"B": 1, "SEQ_LEN": 64, "H": 1, "HQ": 16, "D": 32, "S": 1, "block_size": 16, "is_causal": true}, "candidate": "candidate", "phase": "compile_correctness"}
2026-09-07 11:25:51  [TileLang:tilelang.cache.kernel_cache:WARNING] (kernel_cache.py:342): Found kernel 'kernel' in memory cache. For better performance, consider using `@tilelang.jit` instead of direct kernel caching.
{"case": {"B": 1, "SEQ_LEN": 64, "H": 1, "HQ": 16, "D": 32, "S": 1, "block_size": 16, "is_causal": true}, "seed": 393, "status": "PASS", "call_event_ms": {"baseline": [0.013209599256515502, 0.010342399775981902, 0.010470400005578995, 0.010623999685049058], "candidate": [0.011059200018644333, 0.010547199845314026, 0.010623999685049058, 0.010777600109577179]}, "median_ms": {"baseline": 0.010547199845314027, "candidate": 0.010700799897313118}, "baseline_over_candidate": 0.9856459280172449}
{"case": {"B": 1, "SEQ_LEN": 64, "H": 1, "HQ": 16, "D": 64, "S": 1, "block_size": 16, "is_causal": true}, "candidate": "baseline", "phase": "compile_correctness"}
{"case": {"B": 1, "SEQ_LEN": 64, "H": 1, "HQ": 16, "D": 64, "S": 1, "block_size": 16, "is_causal": true}, "candidate": "candidate", "phase": "compile_correctness"}
2026-09-07 11:25:51  [TileLang:tilelang.cache.kernel_cache:WARNING] (kernel_cache.py:342): Found kernel 'kernel' in memory cache. For better performance, consider using `@tilelang.jit` instead of direct kernel caching.
{"case": {"B": 1, "SEQ_LEN": 64, "H": 1, "HQ": 16, "D": 64, "S": 1, "block_size": 16, "is_causal": true}, "seed": 393, "status": "PASS", "call_event_ms": {"baseline": [0.011596799641847611, 0.010470400005578995, 0.010598400235176086, 0.012415999919176102], "candidate": [0.01080320030450821, 0.01090560033917427, 0.010470400005578995, 0.010751999914646149]}, "median_ms": {"baseline": 0.011097599938511848, "candidate": 0.010777600109577179}, "baseline_over_candidate": 1.0296911952272483}
{"case": {"B": 1, "SEQ_LEN": 64, "H": 1, "HQ": 16, "D": 128, "S": 1, "block_size": 16, "is_causal": true}, "candidate": "baseline", "phase": "compile_correctness"}
{"case": {"B": 1, "SEQ_LEN": 64, "H": 1, "HQ": 16, "D": 128, "S": 1, "block_size": 16, "is_causal": true}, "candidate": "candidate", "phase": "compile_correctness"}
{"case": {"B": 1, "SEQ_LEN": 64, "H": 1, "HQ": 16, "D": 128, "S": 1, "block_size": 16, "is_causal": true}, "seed": 393, "status": "PASS", "call_event_ms": {"baseline": [0.011980800330638886, 0.011699199676513672, 0.011289600282907486, 0.011238399893045425], "candidate": [0.011084800213575363, 0.010547199845314026, 0.010956799983978272, 0.010675200074911118]}, "median_ms": {"baseline": 0.011494399979710579, "candidate": 0.010816000029444696}, "baseline_over_candidate": 1.062721888722176}
{"case": {"B": 1, "SEQ_LEN": 128, "H": 1, "HQ": 16, "D": 32, "S": 1, "block_size": 16, "is_causal": true}, "candidate": "baseline", "phase": "compile_correctness"}
{"case": {"B": 1, "SEQ_LEN": 128, "H": 1, "HQ": 16, "D": 32, "S": 1, "block_size": 16, "is_causal": true}, "candidate": "candidate", "phase": "compile_correctness"}
2026-09-07 11:25:51  [TileLang:tilelang.cache.kernel_cache:WARNING] (kernel_cache.py:342): Found kernel 'kernel' in memory cache. For better performance, consider using `@tilelang.jit` instead of direct kernel caching.
{"case": {"B": 1, "SEQ_LEN": 128, "H": 1, "HQ": 16, "D": 32, "S": 1, "block_size": 16, "is_causal": true}, "seed": 393, "status": "PASS", "call_event_ms": {"baseline": [0.01157120019197464, 0.010598400235176086, 0.010623999685049058, 0.010675200074911118], "candidate": [0.01090560033917427, 0.010726399719715118, 0.011007999628782272, 0.012467200309038163]}, "median_ms": {"baseline": 0.010649599879980088, "candidate": 0.01095679998397827}, "baseline_over_candidate": 0.9719626072897753}
{"case": {"B": 1, "SEQ_LEN": 128, "H": 1, "HQ": 16, "D": 64, "S": 1, "block_size": 16, "is_causal": true}, "candidate": "baseline", "phase": "compile_correctness"}
{"case": {"B": 1, "SEQ_LEN": 128, "H": 1, "HQ": 16, "D": 64, "S": 1, "block_size": 16, "is_causal": true}, "candidate": "candidate", "phase": "compile_correctness"}
2026-09-07 11:25:51  [TileLang:tilelang.cache.kernel_cache:WARNING] (kernel_cache.py:342): Found kernel 'kernel' in memory cache. For better performance, consider using `@tilelang.jit` instead of direct kernel caching.
{"case": {"B": 1, "SEQ_LEN": 128, "H": 1, "HQ": 16, "D": 64, "S": 1, "block_size": 16, "is_causal": true}, "seed": 393, "status": "PASS", "call_event_ms": {"baseline": [0.011315199732780456, 0.010726399719715118, 0.010393600165843963, 0.010623999685049058], "candidate": [0.010931199789047242, 0.010623999685049058, 0.010598400235176086, 0.010470400005578995]}, "median_ms": {"baseline": 0.010675199702382088, "candidate": 0.010611199960112571}, "baseline_over_candidate": 1.0060313388221964}
{"case": {"B": 1, "SEQ_LEN": 128, "H": 1, "HQ": 16, "D": 128, "S": 1, "block_size": 16, "is_causal": true}, "candidate": "baseline", "phase": "compile_correctness"}
{"case": {"B": 1, "SEQ_LEN": 128, "H": 1, "HQ": 16, "D": 128, "S": 1, "block_size": 16, "is_causal": true}, "candidate": "candidate", "phase": "compile_correctness"}
{"case": {"B": 1, "SEQ_LEN": 128, "H": 1, "HQ": 16, "D": 128, "S": 1, "block_size": 16, "is_causal": true}, "seed": 393, "status": "PASS", "call_event_ms": {"baseline": [0.011955200135707856, 0.011340799927711486, 0.011264000087976456, 0.011264000087976456], "candidate": [0.011135999858379365, 0.010623999685049058, 0.010931199789047242, 0.010700800269842149]}, "median_ms": {"baseline": 0.011302400007843971, "candidate": 0.010816000029444696}, "baseline_over_candidate": 1.0449704120816508}
{"case": {"B": 1, "SEQ_LEN": 256, "H": 1, "HQ": 16, "D": 32, "S": 1, "block_size": 16, "is_causal": true}, "candidate": "baseline", "phase": "compile_correctness"}
{"case": {"B": 1, "SEQ_LEN": 256, "H": 1, "HQ": 16, "D": 32, "S": 1, "block_size": 16, "is_causal": true}, "candidate": "candidate", "phase": "compile_correctness"}
2026-09-07 11:25:52  [TileLang:tilelang.cache.kernel_cache:WARNING] (kernel_cache.py:342): Found kernel 'kernel' in memory cache. For better performance, consider using `@tilelang.jit` instead of direct kernel caching.
{"case": {"B": 1, "SEQ_LEN": 256, "H": 1, "HQ": 16, "D": 32, "S": 1, "block_size": 16, "is_causal": true}, "seed": 393, "status": "PASS", "call_event_ms": {"baseline": [0.011673600226640702, 0.010751999914646149, 0.010572800040245056, 0.011878400295972823], "candidate": [0.011212799698114395, 0.010675200074911118, 0.010931199789047242, 0.010726399719715118]}, "median_ms": {"baseline": 0.011212800070643425, "candidate": 0.010828799754381179}, "baseline_over_candidate": 1.0354610229177879}
{"case": {"B": 1, "SEQ_LEN": 256, "H": 1, "HQ": 16, "D": 64, "S": 1, "block_size": 16, "is_causal": true}, "candidate": "baseline", "phase": "compile_correctness"}
{"case": {"B": 1, "SEQ_LEN": 256, "H": 1, "HQ": 16, "D": 64, "S": 1, "block_size": 16, "is_causal": true}, "candidate": "candidate", "phase": "compile_correctness"}
2026-09-07 11:25:52  [TileLang:tilelang.cache.kernel_cache:WARNING] (kernel_cache.py:342): Found kernel 'kernel' in memory cache. For better performance, consider using `@tilelang.jit` instead of direct kernel caching.
{"case": {"B": 1, "SEQ_LEN": 256, "H": 1, "HQ": 16, "D": 64, "S": 1, "block_size": 16, "is_causal": true}, "seed": 393, "status": "PASS", "call_event_ms": {"baseline": [0.017459200322628023, 0.015539200603961944, 0.01510400027036667, 0.014796799421310425], "candidate": [0.016076800227165223, 0.01679359972476959, 0.015692800283432007, 0.011110399663448334]}, "median_ms": {"baseline": 0.015321600437164306, "candidate": 0.015884800255298613}, "baseline_over_candidate": 0.96454473401726}
{"case": {"B": 1, "SEQ_LEN": 256, "H": 1, "HQ": 16, "D": 128, "S": 1, "block_size": 16, "is_causal": true}, "candidate": "baseline", "phase": "compile_correctness"}
{"case": {"B": 1, "SEQ_LEN": 256, "H": 1, "HQ": 16, "D": 128, "S": 1, "block_size": 16, "is_causal": true}, "candidate": "candidate", "phase": "compile_correctness"}
{"case": {"B": 1, "SEQ_LEN": 256, "H": 1, "HQ": 16, "D": 128, "S": 1, "block_size": 16, "is_causal": true}, "seed": 393, "status": "PASS", "call_event_ms": {"baseline": [0.012108799815177918, 0.01157120019197464, 0.011468800157308579, 0.01154559999704361], "candidate": [0.010956799983978272, 0.010547199845314026, 0.010777600109577179, 0.010700800269842149]}, "median_ms": {"baseline": 0.011558400094509124, "candidate": 0.010739200189709664}, "baseline_over_candidate": 1.0762812770344314}
{"case": {"B": 1, "SEQ_LEN": 512, "H": 1, "HQ": 16, "D": 32, "S": 1, "block_size": 16, "is_causal": true}, "candidate": "baseline", "phase": "compile_correctness"}
{"case": {"B": 1, "SEQ_LEN": 512, "H": 1, "HQ": 16, "D": 32, "S": 1, "block_size": 16, "is_causal": true}, "candidate": "candidate", "phase": "compile_correctness"}
2026-09-07 11:25:53  [TileLang:tilelang.cache.kernel_cache:WARNING] (kernel_cache.py:342): Found kernel 'kernel' in memory cache. For better performance, consider using `@tilelang.jit` instead of direct kernel caching.
{"case": {"B": 1, "SEQ_LEN": 512, "H": 1, "HQ": 16, "D": 32, "S": 1, "block_size": 16, "is_causal": true}, "seed": 393, "status": "PASS", "call_event_ms": {"baseline": [0.011315199732780456, 0.010521599650382995, 0.010547199845314026, 0.010496000200510025], "candidate": [0.010751999914646149, 0.010623999685049058, 0.010419200360774993, 0.010649599879980088]}, "median_ms": {"baseline": 0.01053439974784851, "candidate": 0.010636799782514573}, "baseline_over_candidate": 0.9903730410687627}
{"case": {"B": 1, "SEQ_LEN": 512, "H": 1, "HQ": 16, "D": 64, "S": 1, "block_size": 16, "is_causal": true}, "candidate": "baseline", "phase": "compile_correctness"}
{"case": {"B": 1, "SEQ_LEN": 512, "H": 1, "HQ": 16, "D": 64, "S": 1, "block_size": 16, "is_causal": true}, "candidate": "candidate", "phase": "compile_correctness"}
2026-09-07 11:25:53  [TileLang:tilelang.cache.kernel_cache:WARNING] (kernel_cache.py:342): Found kernel 'kernel' in memory cache. For better performance, consider using `@tilelang.jit` instead of direct kernel caching.
{"case": {"B": 1, "SEQ_LEN": 512, "H": 1, "HQ": 16, "D": 64, "S": 1, "block_size": 16, "is_causal": true}, "seed": 393, "status": "PASS", "call_event_ms": {"baseline": [0.011776000261306763, 0.011059200018644333, 0.011238399893045425, 0.011033599823713302], "candidate": [0.011417599767446518, 0.011161600053310395, 0.011007999628782272, 0.012185599654912949]}, "median_ms": {"baseline": 0.01114879995584488, "candidate": 0.011289599910378458}, "baseline_over_candidate": 0.9875283485994804}
{"case": {"B": 1, "SEQ_LEN": 512, "H": 1, "HQ": 16, "D": 128, "S": 1, "block_size": 16, "is_causal": true}, "candidate": "baseline", "phase": "compile_correctness"}
{"case": {"B": 1, "SEQ_LEN": 512, "H": 1, "HQ": 16, "D": 128, "S": 1, "block_size": 16, "is_causal": true}, "candidate": "candidate", "phase": "compile_correctness"}
{"case": {"B": 1, "SEQ_LEN": 512, "H": 1, "HQ": 16, "D": 128, "S": 1, "block_size": 16, "is_causal": true}, "seed": 393, "status": "PASS", "call_event_ms": {"baseline": [0.013670399785041809, 0.013312000036239623, 0.013235199451446533, 0.013184000551700593], "candidate": [0.011315199732780456, 0.011135999858379365, 0.011187200248241425, 0.011187200248241425]}, "median_ms": {"baseline": 0.013273599743843078, "candidate": 0.011187200248241425}, "baseline_over_candidate": 1.1864988066097792}
{"case": {"B": 1, "SEQ_LEN": 1024, "H": 1, "HQ": 16, "D": 32, "S": 1, "block_size": 16, "is_causal": true}, "candidate": "baseline", "phase": "compile_correctness"}
{"case": {"B": 1, "SEQ_LEN": 1024, "H": 1, "HQ": 16, "D": 32, "S": 1, "block_size": 16, "is_causal": true}, "candidate": "candidate", "phase": "compile_correctness"}
2026-09-07 11:25:53  [TileLang:tilelang.cache.kernel_cache:WARNING] (kernel_cache.py:342): Found kernel 'kernel' in memory cache. For better performance, consider using `@tilelang.jit` instead of direct kernel caching.
{"case": {"B": 1, "SEQ_LEN": 1024, "H": 1, "HQ": 16, "D": 32, "S": 1, "block_size": 16, "is_causal": true}, "seed": 393, "status": "PASS", "call_event_ms": {"baseline": [0.011596799641847611, 0.010598400235176086, 0.010521599650382995, 0.010547199845314026], "candidate": [0.010931199789047242, 0.010649599879980088, 0.010700800269842149, 0.011724799871444702]}, "median_ms": {"baseline": 0.010572800040245056, "candidate": 0.010816000029444696}, "baseline_over_candidate": 0.9775147939591744}
{"case": {"B": 1, "SEQ_LEN": 1024, "H": 1, "HQ": 16, "D": 64, "S": 1, "block_size": 16, "is_causal": true}, "candidate": "baseline", "phase": "compile_correctness"}
{"case": {"B": 1, "SEQ_LEN": 1024, "H": 1, "HQ": 16, "D": 64, "S": 1, "block_size": 16, "is_causal": true}, "candidate": "candidate", "phase": "compile_correctness"}
2026-09-07 11:25:53  [TileLang:tilelang.cache.kernel_cache:WARNING] (kernel_cache.py:342): Found kernel 'kernel' in memory cache. For better performance, consider using `@tilelang.jit` instead of direct kernel caching.
{"case": {"B": 1, "SEQ_LEN": 1024, "H": 1, "HQ": 16, "D": 64, "S": 1, "block_size": 16, "is_causal": true}, "seed": 393, "status": "PASS", "call_event_ms": {"baseline": [0.01157120019197464, 0.01080320030450821, 0.010700800269842149, 0.010700800269842149], "candidate": [0.011135999858379365, 0.010700800269842149, 0.010675200074911118, 0.010700800269842149]}, "median_ms": {"baseline": 0.010752000287175179, "candidate": 0.010700800269842149}, "baseline_over_candidate": 1.004784690494348}
{"case": {"B": 1, "SEQ_LEN": 1024, "H": 1, "HQ": 16, "D": 128, "S": 1, "block_size": 16, "is_causal": true}, "candidate": "baseline", "phase": "compile_correctness"}
{"case": {"B": 1, "SEQ_LEN": 1024, "H": 1, "HQ": 16, "D": 128, "S": 1, "block_size": 16, "is_causal": true}, "candidate": "candidate", "phase": "compile_correctness"}
{"case": {"B": 1, "SEQ_LEN": 1024, "H": 1, "HQ": 16, "D": 128, "S": 1, "block_size": 16, "is_causal": true}, "seed": 393, "status": "PASS", "call_event_ms": {"baseline": [0.01879040002822876, 0.018303999304771425, 0.01825280040502548, 0.018355199694633485], "candidate": [0.016102400422096253, 0.015360000729560851, 0.015411199629306793, 0.015564799308776855]}, "median_ms": {"baseline": 0.018329599499702455, "candidate": 0.015487999469041825}, "baseline_over_candidate": 1.1834710826495416}
{"case": {"B": 2, "SEQ_LEN": 64, "H": 1, "HQ": 16, "D": 64, "S": 1, "block_size": 16, "is_causal": true}, "candidate": "baseline", "phase": "compile_correctness"}
{"case": {"B": 2, "SEQ_LEN": 64, "H": 1, "HQ": 16, "D": 64, "S": 1, "block_size": 16, "is_causal": true}, "candidate": "candidate", "phase": "compile_correctness"}
2026-09-07 11:25:54  [TileLang:tilelang.cache.kernel_cache:WARNING] (kernel_cache.py:342): Found kernel 'kernel' in memory cache. For better performance, consider using `@tilelang.jit` instead of direct kernel caching.
{"case": {"B": 2, "SEQ_LEN": 64, "H": 1, "HQ": 16, "D": 64, "S": 1, "block_size": 16, "is_causal": true}, "seed": 393, "status": "PASS", "call_event_ms": {"baseline": [0.011494400352239609, 0.010777600109577179, 0.010521599650382995, 0.010675200074911118], "candidate": [0.011084800213575363, 0.010649599879980088, 0.010393600165843963, 0.011776000261306763]}, "median_ms": {"baseline": 0.010726400092244149, "candidate": 0.010867200046777725}, "baseline_over_candidate": 0.9870435849227488}
{"case": {"B": 2, "SEQ_LEN": 64, "H": 1, "HQ": 16, "D": 128, "S": 1, "block_size": 16, "is_causal": true}, "candidate": "baseline", "phase": "compile_correctness"}
{"case": {"B": 2, "SEQ_LEN": 64, "H": 1, "HQ": 16, "D": 128, "S": 1, "block_size": 16, "is_causal": true}, "candidate": "candidate", "phase": "compile_correctness"}
{"case": {"B": 2, "SEQ_LEN": 64, "H": 1, "HQ": 16, "D": 128, "S": 1, "block_size": 16, "is_causal": true}, "seed": 393, "status": "PASS", "call_event_ms": {"baseline": [0.012057600170373916, 0.011596799641847611, 0.011340799927711486, 0.011340799927711486], "candidate": [0.010956799983978272, 0.010700800269842149, 0.010598400235176086, 0.010623999685049058]}, "median_ms": {"baseline": 0.011468799784779549, "candidate": 0.010662399977445603}, "baseline_over_candidate": 1.0756302341911521}
{"case": {"B": 2, "SEQ_LEN": 128, "H": 1, "HQ": 16, "D": 32, "S": 1, "block_size": 16, "is_causal": true}, "candidate": "baseline", "phase": "compile_correctness"}
{"case": {"B": 2, "SEQ_LEN": 128, "H": 1, "HQ": 16, "D": 32, "S": 1, "block_size": 16, "is_causal": true}, "candidate": "candidate", "phase": "compile_correctness"}
2026-09-07 11:25:54  [TileLang:tilelang.cache.kernel_cache:WARNING] (kernel_cache.py:342): Found kernel 'kernel' in memory cache. For better performance, consider using `@tilelang.jit` instead of direct kernel caching.
{"case": {"B": 2, "SEQ_LEN": 128, "H": 1, "HQ": 16, "D": 32, "S": 1, "block_size": 16, "is_causal": true}, "seed": 393, "status": "PASS", "call_event_ms": {"baseline": [0.011212799698114395, 0.010777600109577179, 0.010751999914646149, 0.010547199845314026], "candidate": [0.01080320030450821, 0.010598400235176086, 0.010598400235176086, 0.010675200074911118]}, "median_ms": {"baseline": 0.010764800012111664, "candidate": 0.010636800155043601}, "baseline_over_candidate": 1.0120336807312649}
{"case": {"B": 2, "SEQ_LEN": 128, "H": 1, "HQ": 16, "D": 64, "S": 1, "block_size": 16, "is_causal": true}, "candidate": "baseline", "phase": "compile_correctness"}
{"case": {"B": 2, "SEQ_LEN": 128, "H": 1, "HQ": 16, "D": 64, "S": 1, "block_size": 16, "is_causal": true}, "candidate": "candidate", "phase": "compile_correctness"}
2026-09-07 11:25:54  [TileLang:tilelang.cache.kernel_cache:WARNING] (kernel_cache.py:342): Found kernel 'kernel' in memory cache. For better performance, consider using `@tilelang.jit` instead of direct kernel caching.
{"case": {"B": 2, "SEQ_LEN": 128, "H": 1, "HQ": 16, "D": 64, "S": 1, "block_size": 16, "is_causal": true}, "seed": 393, "status": "PASS", "call_event_ms": {"baseline": [0.011366400122642516, 0.010470400005578995, 0.010265599936246872, 0.010470400005578995], "candidate": [0.010777600109577179, 0.010470400005578995, 0.010726399719715118, 0.010572800040245056]}, "median_ms": {"baseline": 0.010470400005578995, "candidate": 0.010649599879980088}, "baseline_over_candidate": 0.9831730885272069}
{"case": {"B": 2, "SEQ_LEN": 128, "H": 1, "HQ": 16, "D": 128, "S": 1, "block_size": 16, "is_causal": true}, "candidate": "baseline", "phase": "compile_correctness"}
{"case": {"B": 2, "SEQ_LEN": 128, "H": 1, "HQ": 16, "D": 128, "S": 1, "block_size": 16, "is_causal": true}, "candidate": "candidate", "phase": "compile_correctness"}
{"case": {"B": 2, "SEQ_LEN": 128, "H": 1, "HQ": 16, "D": 128, "S": 1, "block_size": 16, "is_causal": true}, "seed": 393, "status": "PASS", "call_event_ms": {"baseline": [0.01223680004477501, 0.01154559999704361, 0.01154559999704361, 0.011648000031709672], "candidate": [0.011135999858379365, 0.010342399775981902, 0.010598400235176086, 0.010547199845314026]}, "median_ms": {"baseline": 0.01159680001437664, "candidate": 0.010572800040245056}, "baseline_over_candidate": 1.0968522974267703}
{"case": {"B": 2, "SEQ_LEN": 256, "H": 1, "HQ": 16, "D": 32, "S": 1, "block_size": 16, "is_causal": true}, "candidate": "baseline", "phase": "compile_correctness"}
{"case": {"B": 2, "SEQ_LEN": 256, "H": 1, "HQ": 16, "D": 32, "S": 1, "block_size": 16, "is_causal": true}, "candidate": "candidate", "phase": "compile_correctness"}
2026-09-07 11:25:55  [TileLang:tilelang.cache.kernel_cache:WARNING] (kernel_cache.py:342): Found kernel 'kernel' in memory cache. For better performance, consider using `@tilelang.jit` instead of direct kernel caching.
{"case": {"B": 2, "SEQ_LEN": 256, "H": 1, "HQ": 16, "D": 32, "S": 1, "block_size": 16, "is_causal": true}, "seed": 393, "status": "PASS", "call_event_ms": {"baseline": [0.011673600226640702, 0.010675200074911118, 0.010649599879980088, 0.010649599879980088], "candidate": [0.01090560033917427, 0.010598400235176086, 0.010547199845314026, 0.010675200074911118]}, "median_ms": {"baseline": 0.010662399977445603, "candidate": 0.010636800155043601}, "baseline_over_candidate": 1.0024067221371893}
{"case": {"B": 2, "SEQ_LEN": 256, "H": 1, "HQ": 16, "D": 64, "S": 1, "block_size": 16, "is_causal": true}, "candidate": "baseline", "phase": "compile_correctness"}
{"case": {"B": 2, "SEQ_LEN": 256, "H": 1, "HQ": 16, "D": 64, "S": 1, "block_size": 16, "is_causal": true}, "candidate": "candidate", "phase": "compile_correctness"}
2026-09-07 11:25:55  [TileLang:tilelang.cache.kernel_cache:WARNING] (kernel_cache.py:342): Found kernel 'kernel' in memory cache. For better performance, consider using `@tilelang.jit` instead of direct kernel caching.
{"case": {"B": 2, "SEQ_LEN": 256, "H": 1, "HQ": 16, "D": 64, "S": 1, "block_size": 16, "is_causal": true}, "seed": 393, "status": "PASS", "call_event_ms": {"baseline": [0.011596799641847611, 0.010675200074911118, 0.010572800040245056, 0.010675200074911118], "candidate": [0.010931199789047242, 0.010751999914646149, 0.010700800269842149, 0.010675200074911118]}, "median_ms": {"baseline": 0.010675200074911118, "candidate": 0.010726400092244149}, "baseline_over_candidate": 0.995226728735389}
{"case": {"B": 2, "SEQ_LEN": 256, "H": 1, "HQ": 16, "D": 128, "S": 1, "block_size": 16, "is_causal": true}, "candidate": "baseline", "phase": "compile_correctness"}
{"case": {"B": 2, "SEQ_LEN": 256, "H": 1, "HQ": 16, "D": 128, "S": 1, "block_size": 16, "is_causal": true}, "candidate": "candidate", "phase": "compile_correctness"}
{"case": {"B": 2, "SEQ_LEN": 256, "H": 1, "HQ": 16, "D": 128, "S": 1, "block_size": 16, "is_causal": true}, "seed": 393, "status": "PASS", "call_event_ms": {"baseline": [0.01377280056476593, 0.013184000551700593, 0.013158400356769562, 0.013158400356769562], "candidate": [0.011212799698114395, 0.01085439994931221, 0.011033599823713302, 0.010931199789047242]}, "median_ms": {"baseline": 0.013171200454235078, "candidate": 0.010982399806380272}, "baseline_over_candidate": 1.1993007618046478}
{"case": {"B": 2, "SEQ_LEN": 512, "H": 1, "HQ": 16, "D": 32, "S": 1, "block_size": 16, "is_causal": true}, "candidate": "baseline", "phase": "compile_correctness"}
{"case": {"B": 2, "SEQ_LEN": 512, "H": 1, "HQ": 16, "D": 32, "S": 1, "block_size": 16, "is_causal": true}, "candidate": "candidate", "phase": "compile_correctness"}
2026-09-07 11:25:55  [TileLang:tilelang.cache.kernel_cache:WARNING] (kernel_cache.py:342): Found kernel 'kernel' in memory cache. For better performance, consider using `@tilelang.jit` instead of direct kernel caching.
{"case": {"B": 2, "SEQ_LEN": 512, "H": 1, "HQ": 16, "D": 32, "S": 1, "block_size": 16, "is_causal": true}, "seed": 393, "status": "PASS", "call_event_ms": {"baseline": [0.011699199676513672, 0.010931199789047242, 0.010777600109577179, 0.010547199845314026], "candidate": [0.011033599823713302, 0.010700800269842149, 0.01085439994931221, 0.010598400235176086]}, "median_ms": {"baseline": 0.01085439994931221, "candidate": 0.010777600109577179}, "baseline_over_candidate": 1.0071258757937014}
{"case": {"B": 2, "SEQ_LEN": 512, "H": 1, "HQ": 16, "D": 64, "S": 1, "block_size": 16, "is_causal": true}, "candidate": "baseline", "phase": "compile_correctness"}
{"case": {"B": 2, "SEQ_LEN": 512, "H": 1, "HQ": 16, "D": 64, "S": 1, "block_size": 16, "is_causal": true}, "candidate": "candidate", "phase": "compile_correctness"}
2026-09-07 11:25:56  [TileLang:tilelang.cache.kernel_cache:WARNING] (kernel_cache.py:342): Found kernel 'kernel' in memory cache. For better performance, consider using `@tilelang.jit` instead of direct kernel caching.
{"case": {"B": 2, "SEQ_LEN": 512, "H": 1, "HQ": 16, "D": 64, "S": 1, "block_size": 16, "is_causal": true}, "seed": 393, "status": "PASS", "call_event_ms": {"baseline": [0.012031999975442886, 0.010956799983978272, 0.01088000014424324, 0.011059200018644333], "candidate": [0.011417599767446518, 0.011007999628782272, 0.011289600282907486, 0.011852800101041793]}, "median_ms": {"baseline": 0.011008000001311302, "candidate": 0.011353600025177001}, "baseline_over_candidate": 0.9695603136362635}
{"case": {"B": 2, "SEQ_LEN": 512, "H": 1, "HQ": 16, "D": 128, "S": 1, "block_size": 16, "is_causal": true}, "candidate": "baseline", "phase": "compile_correctness"}
{"case": {"B": 2, "SEQ_LEN": 512, "H": 1, "HQ": 16, "D": 128, "S": 1, "block_size": 16, "is_causal": true}, "candidate": "candidate", "phase": "compile_correctness"}
{"case": {"B": 2, "SEQ_LEN": 512, "H": 1, "HQ": 16, "D": 128, "S": 1, "block_size": 16, "is_causal": true}, "seed": 393, "status": "PASS", "call_event_ms": {"baseline": [0.01886720061302185, 0.018406400084495546, 0.018585599958896637, 0.018585599958896637], "candidate": [0.015539200603961944, 0.01510400027036667, 0.015334400534629821, 0.015385599434375763]}, "median_ms": {"baseline": 0.018585599958896637, "candidate": 0.015359999984502791}, "baseline_over_candidate": 1.2099999985448087}
{"case": {"B": 2, "SEQ_LEN": 1024, "H": 1, "HQ": 16, "D": 32, "S": 1, "block_size": 16, "is_causal": true}, "candidate": "baseline", "phase": "compile_correctness"}
{"case": {"B": 2, "SEQ_LEN": 1024, "H": 1, "HQ": 16, "D": 32, "S": 1, "block_size": 16, "is_causal": true}, "candidate": "candidate", "phase": "compile_correctness"}
2026-09-07 11:25:56  [TileLang:tilelang.cache.kernel_cache:WARNING] (kernel_cache.py:342): Found kernel 'kernel' in memory cache. For better performance, consider using `@tilelang.jit` instead of direct kernel caching.
{"case": {"B": 2, "SEQ_LEN": 1024, "H": 1, "HQ": 16, "D": 32, "S": 1, "block_size": 16, "is_causal": true}, "seed": 393, "status": "PASS", "call_event_ms": {"baseline": [0.011699199676513672, 0.010777600109577179, 0.01085439994931221, 0.010751999914646149], "candidate": [0.011110399663448334, 0.011033599823713302, 0.010751999914646149, 0.010700800269842149]}, "median_ms": {"baseline": 0.010816000029444694, "candidate": 0.010892799869179726}, "baseline_over_candidate": 0.9929494858385922}
{"case": {"B": 2, "SEQ_LEN": 1024, "H": 1, "HQ": 16, "D": 64, "S": 1, "block_size": 16, "is_causal": true}, "candidate": "baseline", "phase": "compile_correctness"}
{"case": {"B": 2, "SEQ_LEN": 1024, "H": 1, "HQ": 16, "D": 64, "S": 1, "block_size": 16, "is_causal": true}, "candidate": "candidate", "phase": "compile_correctness"}
2026-09-07 11:25:56  [TileLang:tilelang.cache.kernel_cache:WARNING] (kernel_cache.py:342): Found kernel 'kernel' in memory cache. For better performance, consider using `@tilelang.jit` instead of direct kernel caching.
{"case": {"B": 2, "SEQ_LEN": 1024, "H": 1, "HQ": 16, "D": 64, "S": 1, "block_size": 16, "is_causal": true}, "seed": 393, "status": "PASS", "call_event_ms": {"baseline": [0.018406400084495546, 0.01825280040502548, 0.018559999763965607, 0.018432000279426576], "candidate": [0.018432000279426576, 0.01815039962530136, 0.018303999304771425, 0.01809920072555542]}, "median_ms": {"baseline": 0.01841920018196106, "candidate": 0.01822719946503639}, "baseline_over_candidate": 1.0105337475070137}
{"case": {"B": 2, "SEQ_LEN": 1024, "H": 1, "HQ": 16, "D": 128, "S": 1, "block_size": 16, "is_causal": true}, "candidate": "baseline", "phase": "compile_correctness"}
{"case": {"B": 2, "SEQ_LEN": 1024, "H": 1, "HQ": 16, "D": 128, "S": 1, "block_size": 16, "is_causal": true}, "candidate": "candidate", "phase": "compile_correctness"}
{"case": {"B": 2, "SEQ_LEN": 1024, "H": 1, "HQ": 16, "D": 128, "S": 1, "block_size": 16, "is_causal": true}, "seed": 393, "status": "PASS", "call_event_ms": {"baseline": [0.034969601035118106, 0.034969601035118106, 0.03519999980926514, 0.035097599029541016], "candidate": [0.028646400570869444, 0.028595200181007384, 0.028492799401283263, 0.028697600960731505]}, "median_ms": {"baseline": 0.03503360003232956, "candidate": 0.028620800375938414}, "baseline_over_candidate": 1.2240608079493962}
{"case": {"B": 4, "SEQ_LEN": 64, "H": 1, "HQ": 16, "D": 32, "S": 1, "block_size": 16, "is_causal": true}, "candidate": "baseline", "phase": "compile_correctness"}
{"case": {"B": 4, "SEQ_LEN": 64, "H": 1, "HQ": 16, "D": 32, "S": 1, "block_size": 16, "is_causal": true}, "candidate": "candidate", "phase": "compile_correctness"}
2026-09-07 11:25:57  [TileLang:tilelang.cache.kernel_cache:WARNING] (kernel_cache.py:342): Found kernel 'kernel' in memory cache. For better performance, consider using `@tilelang.jit` instead of direct kernel caching.
{"case": {"B": 4, "SEQ_LEN": 64, "H": 1, "HQ": 16, "D": 32, "S": 1, "block_size": 16, "is_causal": true}, "seed": 393, "status": "PASS", "call_event_ms": {"baseline": [0.013849599659442902, 0.012211199849843979, 0.01226240023970604, 0.015615999698638916], "candidate": [0.012620800733566284, 0.01223680004477501, 0.012160000205039979, 0.01228799968957901]}, "median_ms": {"baseline": 0.01305599994957447, "candidate": 0.01226239986717701}, "baseline_over_candidate": 1.0647181702597797}
{"case": {"B": 4, "SEQ_LEN": 64, "H": 1, "HQ": 16, "D": 64, "S": 1, "block_size": 16, "is_causal": true}, "candidate": "baseline", "phase": "compile_correctness"}
{"case": {"B": 4, "SEQ_LEN": 64, "H": 1, "HQ": 16, "D": 64, "S": 1, "block_size": 16, "is_causal": true}, "candidate": "candidate", "phase": "compile_correctness"}
2026-09-07 11:25:57  [TileLang:tilelang.cache.kernel_cache:WARNING] (kernel_cache.py:342): Found kernel 'kernel' in memory cache. For better performance, consider using `@tilelang.jit` instead of direct kernel caching.
{"case": {"B": 4, "SEQ_LEN": 64, "H": 1, "HQ": 16, "D": 64, "S": 1, "block_size": 16, "is_causal": true}, "seed": 393, "status": "PASS", "call_event_ms": {"baseline": [0.011468800157308579, 0.010700800269842149, 0.010623999685049058, 0.010547199845314026], "candidate": [0.01080320030450821, 0.010598400235176086, 0.010419200360774993, 0.010393600165843963]}, "median_ms": {"baseline": 0.010662399977445603, "candidate": 0.010508800297975539}, "baseline_over_candidate": 1.0146162906435336}
{"case": {"B": 4, "SEQ_LEN": 64, "H": 1, "HQ": 16, "D": 128, "S": 1, "block_size": 16, "is_causal": true}, "candidate": "baseline", "phase": "compile_correctness"}
{"case": {"B": 4, "SEQ_LEN": 64, "H": 1, "HQ": 16, "D": 128, "S": 1, "block_size": 16, "is_causal": true}, "candidate": "candidate", "phase": "compile_correctness"}
{"case": {"B": 4, "SEQ_LEN": 64, "H": 1, "HQ": 16, "D": 128, "S": 1, "block_size": 16, "is_causal": true}, "seed": 393, "status": "PASS", "call_event_ms": {"baseline": [0.01454080045223236, 0.01228799968957901, 0.012108799815177918, 0.012006399780511856], "candidate": [0.012876799702644348, 0.01223680004477501, 0.01226240023970604, 0.012160000205039979]}, "median_ms": {"baseline": 0.012198399752378464, "candidate": 0.012249600142240524}, "baseline_over_candidate": 0.9958202399043619}
{"case": {"B": 4, "SEQ_LEN": 128, "H": 1, "HQ": 16, "D": 32, "S": 1, "block_size": 16, "is_causal": true}, "candidate": "baseline", "phase": "compile_correctness"}
{"case": {"B": 4, "SEQ_LEN": 128, "H": 1, "HQ": 16, "D": 32, "S": 1, "block_size": 16, "is_causal": true}, "candidate": "candidate", "phase": "compile_correctness"}
2026-09-07 11:25:57  [TileLang:tilelang.cache.kernel_cache:WARNING] (kernel_cache.py:342): Found kernel 'kernel' in memory cache. For better performance, consider using `@tilelang.jit` instead of direct kernel caching.
{"case": {"B": 4, "SEQ_LEN": 128, "H": 1, "HQ": 16, "D": 32, "S": 1, "block_size": 16, "is_causal": true}, "seed": 393, "status": "PASS", "call_event_ms": {"baseline": [0.013516800105571746, 0.012006399780511856, 0.012031999975442886, 0.011929599940776825], "candidate": [0.012492799758911132, 0.012134400010108948, 0.012006399780511856, 0.012006399780511856]}, "median_ms": {"baseline": 0.012019199877977371, "candidate": 0.012070399895310401}, "baseline_over_candidate": 0.995758216978965}
{"case": {"B": 4, "SEQ_LEN": 128, "H": 1, "HQ": 16, "D": 64, "S": 1, "block_size": 16, "is_causal": true}, "candidate": "baseline", "phase": "compile_correctness"}
{"case": {"B": 4, "SEQ_LEN": 128, "H": 1, "HQ": 16, "D": 64, "S": 1, "block_size": 16, "is_causal": true}, "candidate": "candidate", "phase": "compile_correctness"}
2026-09-07 11:25:58  [TileLang:tilelang.cache.kernel_cache:WARNING] (kernel_cache.py:342): Found kernel 'kernel' in memory cache. For better performance, consider using `@tilelang.jit` instead of direct kernel caching.
{"case": {"B": 4, "SEQ_LEN": 128, "H": 1, "HQ": 16, "D": 64, "S": 1, "block_size": 16, "is_causal": true}, "seed": 393, "status": "PASS", "call_event_ms": {"baseline": [0.011392000317573547, 0.010649599879980088, 0.010777600109577179, 0.010675200074911118], "candidate": [0.010956799983978272, 0.010700800269842149, 0.010598400235176086, 0.010623999685049058]}, "median_ms": {"baseline": 0.010726400092244149, "candidate": 0.010662399977445603}, "baseline_over_candidate": 1.0060024117397515}
{"case": {"B": 4, "SEQ_LEN": 128, "H": 1, "HQ": 16, "D": 128, "S": 1, "block_size": 16, "is_causal": true}, "candidate": "baseline", "phase": "compile_correctness"}
{"case": {"B": 4, "SEQ_LEN": 128, "H": 1, "HQ": 16, "D": 128, "S": 1, "block_size": 16, "is_causal": true}, "candidate": "candidate", "phase": "compile_correctness"}
{"case": {"B": 4, "SEQ_LEN": 128, "H": 1, "HQ": 16, "D": 128, "S": 1, "block_size": 16, "is_causal": true}, "seed": 393, "status": "PASS", "call_event_ms": {"baseline": [0.013644799590110779, 0.013132800161838532, 0.013286399841308593, 0.013209599256515502], "candidate": [0.011315199732780456, 0.011084800213575363, 0.010931199789047242, 0.011033599823713302]}, "median_ms": {"baseline": 0.013247999548912048, "candidate": 0.011059200018644333}, "baseline_over_candidate": 1.1979166238586598}
{"case": {"B": 4, "SEQ_LEN": 256, "H": 1, "HQ": 16, "D": 32, "S": 1, "block_size": 16, "is_causal": true}, "candidate": "baseline", "phase": "compile_correctness"}
{"case": {"B": 4, "SEQ_LEN": 256, "H": 1, "HQ": 16, "D": 32, "S": 1, "block_size": 16, "is_causal": true}, "candidate": "candidate", "phase": "compile_correctness"}
2026-09-07 11:25:58  [TileLang:tilelang.cache.kernel_cache:WARNING] (kernel_cache.py:342): Found kernel 'kernel' in memory cache. For better performance, consider using `@tilelang.jit` instead of direct kernel caching.
{"case": {"B": 4, "SEQ_LEN": 256, "H": 1, "HQ": 16, "D": 32, "S": 1, "block_size": 16, "is_causal": true}, "seed": 393, "status": "PASS", "call_event_ms": {"baseline": [0.011699199676513672, 0.01088000014424324, 0.011468800157308579, 0.011033599823713302], "candidate": [0.010931199789047242, 0.010982400178909302, 0.010956799983978272, 0.010700800269842149]}, "median_ms": {"baseline": 0.01125119999051094, "candidate": 0.010943999886512757}, "baseline_over_candidate": 1.0280701852324372}
{"case": {"B": 4, "SEQ_LEN": 256, "H": 1, "HQ": 16, "D": 64, "S": 1, "block_size": 16, "is_causal": true}, "candidate": "baseline", "phase": "compile_correctness"}
{"case": {"B": 4, "SEQ_LEN": 256, "H": 1, "HQ": 16, "D": 64, "S": 1, "block_size": 16, "is_causal": true}, "candidate": "candidate", "phase": "compile_correctness"}
2026-09-07 11:25:58  [TileLang:tilelang.cache.kernel_cache:WARNING] (kernel_cache.py:342): Found kernel 'kernel' in memory cache. For better performance, consider using `@tilelang.jit` instead of direct kernel caching.
{"case": {"B": 4, "SEQ_LEN": 256, "H": 1, "HQ": 16, "D": 64, "S": 1, "block_size": 16, "is_causal": true}, "seed": 393, "status": "PASS", "call_event_ms": {"baseline": [0.011519999802112579, 0.011059200018644333, 0.01085439994931221, 0.010777600109577179], "candidate": [0.011289600282907486, 0.011007999628782272, 0.010982400178909302, 0.013337600231170654]}, "median_ms": {"baseline": 0.01095679998397827, "candidate": 0.01114879995584488}, "baseline_over_candidate": 0.9827784180694755}
{"case": {"B": 4, "SEQ_LEN": 256, "H": 1, "HQ": 16, "D": 128, "S": 1, "block_size": 16, "is_causal": true}, "candidate": "baseline", "phase": "compile_correctness"}
{"case": {"B": 4, "SEQ_LEN": 256, "H": 1, "HQ": 16, "D": 128, "S": 1, "block_size": 16, "is_causal": true}, "candidate": "candidate", "phase": "compile_correctness"}
{"case": {"B": 4, "SEQ_LEN": 256, "H": 1, "HQ": 16, "D": 128, "S": 1, "block_size": 16, "is_causal": true}, "seed": 393, "status": "PASS", "call_event_ms": {"baseline": [0.01884160041809082, 0.018457600474357606, 0.018457600474357606, 0.018457600474357606], "candidate": [0.015795199573040007, 0.015590399503707886, 0.015564799308776855, 0.015513600409030914]}, "median_ms": {"baseline": 0.018457600474357606, "candidate": 0.01557759940624237}, "baseline_over_candidate": 1.1848809301747187}
{"case": {"B": 4, "SEQ_LEN": 512, "H": 1, "HQ": 16, "D": 32, "S": 1, "block_size": 16, "is_causal": true}, "candidate": "baseline", "phase": "compile_correctness"}
{"case": {"B": 4, "SEQ_LEN": 512, "H": 1, "HQ": 16, "D": 32, "S": 1, "block_size": 16, "is_causal": true}, "candidate": "candidate", "phase": "compile_correctness"}
2026-09-07 11:25:59  [TileLang:tilelang.cache.kernel_cache:WARNING] (kernel_cache.py:342): Found kernel 'kernel' in memory cache. For better performance, consider using `@tilelang.jit` instead of direct kernel caching.
{"case": {"B": 4, "SEQ_LEN": 512, "H": 1, "HQ": 16, "D": 32, "S": 1, "block_size": 16, "is_causal": true}, "seed": 393, "status": "PASS", "call_event_ms": {"baseline": [0.011903999745845795, 0.010956799983978272, 0.01090560033917427, 0.010547199845314026], "candidate": [0.010956799983978272, 0.010931199789047242, 0.01088000014424324, 0.011622399836778641]}, "median_ms": {"baseline": 0.010931200161576272, "candidate": 0.010943999886512757}, "baseline_over_candidate": 0.9988304344783245}
{"case": {"B": 4, "SEQ_LEN": 512, "H": 1, "HQ": 16, "D": 64, "S": 1, "block_size": 16, "is_causal": true}, "candidate": "baseline", "phase": "compile_correctness"}
{"case": {"B": 4, "SEQ_LEN": 512, "H": 1, "HQ": 16, "D": 64, "S": 1, "block_size": 16, "is_causal": true}, "candidate": "candidate", "phase": "compile_correctness"}
2026-09-07 11:25:59  [TileLang:tilelang.cache.kernel_cache:WARNING] (kernel_cache.py:342): Found kernel 'kernel' in memory cache. For better performance, consider using `@tilelang.jit` instead of direct kernel caching.
{"case": {"B": 4, "SEQ_LEN": 512, "H": 1, "HQ": 16, "D": 64, "S": 1, "block_size": 16, "is_causal": true}, "seed": 393, "status": "PASS", "call_event_ms": {"baseline": [0.017791999876499175, 0.017510400712490083, 0.017638400197029114, 0.017280000448226928], "candidate": [0.01791999936103821, 0.017843200266361235, 0.017612800002098083, 0.017740799486637114]}, "median_ms": {"baseline": 0.0175744004547596, "candidate": 0.017791999876499175}, "baseline_over_candidate": 0.9877698165889156}
{"case": {"B": 4, "SEQ_LEN": 512, "H": 1, "HQ": 16, "D": 128, "S": 1, "block_size": 16, "is_causal": true}, "candidate": "baseline", "phase": "compile_correctness"}
{"case": {"B": 4, "SEQ_LEN": 512, "H": 1, "HQ": 16, "D": 128, "S": 1, "block_size": 16, "is_causal": true}, "candidate": "candidate", "phase": "compile_correctness"}
{"case": {"B": 4, "SEQ_LEN": 512, "H": 1, "HQ": 16, "D": 128, "S": 1, "block_size": 16, "is_causal": true}, "seed": 393, "status": "PASS", "call_event_ms": {"baseline": [0.03548159897327423, 0.034841600060462954, 0.03473919928073883, 0.034995201230049136], "candidate": [0.02900480031967163, 0.028774398565292358, 0.028595200181007384, 0.02900480031967163]}, "median_ms": {"baseline": 0.034918400645256045, "candidate": 0.028889599442481994}, "baseline_over_candidate": 1.2086841395906907}
{"case": {"B": 4, "SEQ_LEN": 1024, "H": 1, "HQ": 16, "D": 32, "S": 1, "block_size": 16, "is_causal": true}, "candidate": "baseline", "phase": "compile_correctness"}
{"case": {"B": 4, "SEQ_LEN": 1024, "H": 1, "HQ": 16, "D": 32, "S": 1, "block_size": 16, "is_causal": true}, "candidate": "candidate", "phase": "compile_correctness"}
{"case": {"B": 4, "SEQ_LEN": 1024, "H": 1, "HQ": 16, "D": 32, "S": 1, "block_size": 16, "is_causal": true}, "seed": 393, "status": "PASS", "call_event_ms": {"baseline": [0.015564799308776855, 0.0152319997549057, 0.01520639955997467, 0.01510400027036667], "candidate": [0.014873600006103516, 0.0144896000623703, 0.014591999351978302, 0.014720000326633453]}, "median_ms": {"baseline": 0.015219199657440185, "candidate": 0.014655999839305878}, "baseline_over_candidate": 1.0384279356106338}
{"case": {"B": 4, "SEQ_LEN": 1024, "H": 1, "HQ": 16, "D": 64, "S": 1, "block_size": 16, "is_causal": true}, "candidate": "baseline", "phase": "compile_correctness"}
{"case": {"B": 4, "SEQ_LEN": 1024, "H": 1, "HQ": 16, "D": 64, "S": 1, "block_size": 16, "is_causal": true}, "candidate": "candidate", "phase": "compile_correctness"}
2026-09-07 11:26:00  [TileLang:tilelang.cache.kernel_cache:WARNING] (kernel_cache.py:342): Found kernel 'kernel' in memory cache. For better performance, consider using `@tilelang.jit` instead of direct kernel caching.
{"case": {"B": 4, "SEQ_LEN": 1024, "H": 1, "HQ": 16, "D": 64, "S": 1, "block_size": 16, "is_causal": true}, "seed": 393, "status": "PASS", "call_event_ms": {"baseline": [0.029311999678611755, 0.029337599873542786, 0.029209598898887634, 0.029542401432991028], "candidate": [0.030131199955940248, 0.03056640028953552, 0.030745598673820495, 0.03018240034580231]}, "median_ms": {"baseline": 0.02932479977607727, "candidate": 0.030374400317668915}, "baseline_over_candidate": 0.9654445674444777}
{"case": {"B": 4, "SEQ_LEN": 1024, "H": 1, "HQ": 16, "D": 128, "S": 1, "block_size": 16, "is_causal": true}, "candidate": "baseline", "phase": "compile_correctness"}
{"case": {"B": 4, "SEQ_LEN": 1024, "H": 1, "HQ": 16, "D": 128, "S": 1, "block_size": 16, "is_causal": true}, "candidate": "candidate", "phase": "compile_correctness"}
{"case": {"B": 4, "SEQ_LEN": 1024, "H": 1, "HQ": 16, "D": 128, "S": 1, "block_size": 16, "is_causal": true}, "seed": 393, "status": "PASS", "call_event_ms": {"baseline": [0.055936002731323244, 0.05557760000228882, 0.055193597078323366, 0.0549888014793396], "candidate": [0.048588800430297854, 0.048332801461219786, 0.04835839867591858, 0.048691201210021975]}, "median_ms": {"baseline": 0.05538559854030609, "candidate": 0.04847359955310822}, "baseline_over_candidate": 1.1425930620156444}
{"case": {"B": 8, "SEQ_LEN": 64, "H": 1, "HQ": 16, "D": 32, "S": 1, "block_size": 16, "is_causal": true}, "candidate": "baseline", "phase": "compile_correctness"}
{"case": {"B": 8, "SEQ_LEN": 64, "H": 1, "HQ": 16, "D": 32, "S": 1, "block_size": 16, "is_causal": true}, "candidate": "candidate", "phase": "compile_correctness"}
2026-09-07 11:26:00  [TileLang:tilelang.cache.kernel_cache:WARNING] (kernel_cache.py:342): Found kernel 'kernel' in memory cache. For better performance, consider using `@tilelang.jit` instead of direct kernel caching.
{"case": {"B": 8, "SEQ_LEN": 64, "H": 1, "HQ": 16, "D": 32, "S": 1, "block_size": 16, "is_causal": true}, "seed": 393, "status": "PASS", "call_event_ms": {"baseline": [0.011494400352239609, 0.010675200074911118, 0.010675200074911118, 0.010623999685049058], "candidate": [0.010777600109577179, 0.010470400005578995, 0.010649599879980088, 0.010572800040245056]}, "median_ms": {"baseline": 0.010675200074911118, "candidate": 0.010611199960112571}, "baseline_over_candidate": 1.0060313739293505}
{"case": {"B": 8, "SEQ_LEN": 64, "H": 1, "HQ": 16, "D": 64, "S": 1, "block_size": 16, "is_causal": true}, "candidate": "baseline", "phase": "compile_correctness"}
{"case": {"B": 8, "SEQ_LEN": 64, "H": 1, "HQ": 16, "D": 64, "S": 1, "block_size": 16, "is_causal": true}, "candidate": "candidate", "phase": "compile_correctness"}
2026-09-07 11:26:00  [TileLang:tilelang.cache.kernel_cache:WARNING] (kernel_cache.py:342): Found kernel 'kernel' in memory cache. For better performance, consider using `@tilelang.jit` instead of direct kernel caching.
{"case": {"B": 8, "SEQ_LEN": 64, "H": 1, "HQ": 16, "D": 64, "S": 1, "block_size": 16, "is_causal": true}, "seed": 393, "status": "PASS", "call_event_ms": {"baseline": [0.012057600170373916, 0.010572800040245056, 0.010547199845314026, 0.010547199845314026], "candidate": [0.011084800213575363, 0.010828799754381179, 0.010675200074911118, 0.010777600109577179]}, "median_ms": {"baseline": 0.01055999994277954, "candidate": 0.010803199931979179}, "baseline_over_candidate": 0.9774881525167624}
{"case": {"B": 8, "SEQ_LEN": 64, "H": 1, "HQ": 16, "D": 128, "S": 1, "block_size": 16, "is_causal": true}, "candidate": "baseline", "phase": "compile_correctness"}
{"case": {"B": 8, "SEQ_LEN": 64, "H": 1, "HQ": 16, "D": 128, "S": 1, "block_size": 16, "is_causal": true}, "candidate": "candidate", "phase": "compile_correctness"}
{"case": {"B": 8, "SEQ_LEN": 64, "H": 1, "HQ": 16, "D": 128, "S": 1, "block_size": 16, "is_causal": true}, "seed": 393, "status": "PASS", "call_event_ms": {"baseline": [0.013593600690364837, 0.01295360028743744, 0.012876799702644348, 0.013030399382114411], "candidate": [0.011110399663448334, 0.01085439994931221, 0.01088000014424324, 0.010931199789047242]}, "median_ms": {"baseline": 0.012991999834775926, "candidate": 0.010905599966645241}, "baseline_over_candidate": 1.1913145424838556}
{"case": {"B": 8, "SEQ_LEN": 128, "H": 1, "HQ": 16, "D": 32, "S": 1, "block_size": 16, "is_causal": true}, "candidate": "baseline", "phase": "compile_correctness"}
{"case": {"B": 8, "SEQ_LEN": 128, "H": 1, "HQ": 16, "D": 32, "S": 1, "block_size": 16, "is_causal": true}, "candidate": "candidate", "phase": "compile_correctness"}
2026-09-07 11:26:01  [TileLang:tilelang.cache.kernel_cache:WARNING] (kernel_cache.py:342): Found kernel 'kernel' in memory cache. For better performance, consider using `@tilelang.jit` instead of direct kernel caching.
{"case": {"B": 8, "SEQ_LEN": 128, "H": 1, "HQ": 16, "D": 32, "S": 1, "block_size": 16, "is_causal": true}, "seed": 393, "status": "PASS", "call_event_ms": {"baseline": [0.011366400122642516, 0.010598400235176086, 0.01085439994931221, 0.010598400235176086], "candidate": [0.010751999914646149, 0.010444799810647965, 0.010291200131177902, 0.010623999685049058]}, "median_ms": {"baseline": 0.010726400092244147, "candidate": 0.010534399747848512}, "baseline_over_candidate": 1.0182260355588697}
{"case": {"B": 8, "SEQ_LEN": 128, "H": 1, "HQ": 16, "D": 64, "S": 1, "block_size": 16, "is_causal": true}, "candidate": "baseline", "phase": "compile_correctness"}
{"case": {"B": 8, "SEQ_LEN": 128, "H": 1, "HQ": 16, "D": 64, "S": 1, "block_size": 16, "is_causal": true}, "candidate": "candidate", "phase": "compile_correctness"}
2026-09-07 11:26:01  [TileLang:tilelang.cache.kernel_cache:WARNING] (kernel_cache.py:342): Found kernel 'kernel' in memory cache. For better performance, consider using `@tilelang.jit` instead of direct kernel caching.
{"case": {"B": 8, "SEQ_LEN": 128, "H": 1, "HQ": 16, "D": 64, "S": 1, "block_size": 16, "is_causal": true}, "seed": 393, "status": "PASS", "call_event_ms": {"baseline": [0.011519999802112579, 0.01080320030450821, 0.010700800269842149, 0.010649599879980088], "candidate": [0.011366400122642516, 0.011007999628782272, 0.010598400235176086, 0.010623999685049058]}, "median_ms": {"baseline": 0.010752000287175179, "candidate": 0.010815999656915664}, "baseline_over_candidate": 0.9940828983200305}
{"case": {"B": 8, "SEQ_LEN": 128, "H": 1, "HQ": 16, "D": 128, "S": 1, "block_size": 16, "is_causal": true}, "candidate": "baseline", "phase": "compile_correctness"}
{"case": {"B": 8, "SEQ_LEN": 128, "H": 1, "HQ": 16, "D": 128, "S": 1, "block_size": 16, "is_causal": true}, "candidate": "candidate", "phase": "compile_correctness"}
{"case": {"B": 8, "SEQ_LEN": 128, "H": 1, "HQ": 16, "D": 128, "S": 1, "block_size": 16, "is_causal": true}, "seed": 393, "status": "PASS", "call_event_ms": {"baseline": [0.019046400487422944, 0.018662400543689728, 0.018457600474357606, 0.018559999763965607], "candidate": [0.01592320054769516, 0.015744000673294067, 0.01592320054769516, 0.015769599378108977]}, "median_ms": {"baseline": 0.018611200153827667, "candidate": 0.015846399962902068}, "baseline_over_candidate": 1.1744749720692562}
{"case": {"B": 8, "SEQ_LEN": 256, "H": 1, "HQ": 16, "D": 32, "S": 1, "block_size": 16, "is_causal": true}, "candidate": "baseline", "phase": "compile_correctness"}
{"case": {"B": 8, "SEQ_LEN": 256, "H": 1, "HQ": 16, "D": 32, "S": 1, "block_size": 16, "is_causal": true}, "candidate": "candidate", "phase": "compile_correctness"}
2026-09-07 11:26:01  [TileLang:tilelang.cache.kernel_cache:WARNING] (kernel_cache.py:342): Found kernel 'kernel' in memory cache. For better performance, consider using `@tilelang.jit` instead of direct kernel caching.
{"case": {"B": 8, "SEQ_LEN": 256, "H": 1, "HQ": 16, "D": 32, "S": 1, "block_size": 16, "is_causal": true}, "seed": 393, "status": "PASS", "call_event_ms": {"baseline": [0.011622399836778641, 0.010598400235176086, 0.010444799810647965, 0.010726399719715118], "candidate": [0.010982400178909302, 0.010675200074911118, 0.010675200074911118, 0.2985471963882446]}, "median_ms": {"baseline": 0.010662399977445603, "candidate": 0.010828800126910211}, "baseline_over_candidate": 0.9846335561175339}
{"case": {"B": 8, "SEQ_LEN": 256, "H": 1, "HQ": 16, "D": 64, "S": 1, "block_size": 16, "is_causal": true}, "candidate": "baseline", "phase": "compile_correctness"}
{"case": {"B": 8, "SEQ_LEN": 256, "H": 1, "HQ": 16, "D": 64, "S": 1, "block_size": 16, "is_causal": true}, "candidate": "candidate", "phase": "compile_correctness"}
2026-09-07 11:26:02  [TileLang:tilelang.cache.kernel_cache:WARNING] (kernel_cache.py:342): Found kernel 'kernel' in memory cache. For better performance, consider using `@tilelang.jit` instead of direct kernel caching.
{"case": {"B": 8, "SEQ_LEN": 256, "H": 1, "HQ": 16, "D": 64, "S": 1, "block_size": 16, "is_causal": true}, "seed": 393, "status": "PASS", "call_event_ms": {"baseline": [0.017510400712490083, 0.017868800461292265, 0.01794559955596924, 0.017791999876499175], "candidate": [0.01825280040502548, 0.018406400084495546, 0.018303999304771425, 0.018278400599956512]}, "median_ms": {"baseline": 0.01783040016889572, "candidate": 0.018291199952363967}, "baseline_over_candidate": 0.9748075695051001}
{"case": {"B": 8, "SEQ_LEN": 256, "H": 1, "HQ": 16, "D": 128, "S": 1, "block_size": 16, "is_causal": true}, "candidate": "baseline", "phase": "compile_correctness"}
{"case": {"B": 8, "SEQ_LEN": 256, "H": 1, "HQ": 16, "D": 128, "S": 1, "block_size": 16, "is_causal": true}, "candidate": "candidate", "phase": "compile_correctness"}
{"case": {"B": 8, "SEQ_LEN": 256, "H": 1, "HQ": 16, "D": 128, "S": 1, "block_size": 16, "is_causal": true}, "seed": 393, "status": "PASS", "call_event_ms": {"baseline": [0.035046398639678955, 0.034534400701522826, 0.034560000896453856, 0.034431999921798705], "candidate": [0.02892799973487854, 0.028646400570869444, 0.028620800375938414, 0.028799998760223388]}, "median_ms": {"baseline": 0.03454720079898834, "candidate": 0.028723199665546414}, "baseline_over_candidate": 1.2027629651729865}
{"case": {"B": 8, "SEQ_LEN": 512, "H": 1, "HQ": 16, "D": 32, "S": 1, "block_size": 16, "is_causal": true}, "candidate": "baseline", "phase": "compile_correctness"}
{"case": {"B": 8, "SEQ_LEN": 512, "H": 1, "HQ": 16, "D": 32, "S": 1, "block_size": 16, "is_causal": true}, "candidate": "candidate", "phase": "compile_correctness"}
{"case": {"B": 8, "SEQ_LEN": 512, "H": 1, "HQ": 16, "D": 32, "S": 1, "block_size": 16, "is_causal": true}, "seed": 393, "status": "PASS", "call_event_ms": {"baseline": [0.015539200603961944, 0.0151296004652977, 0.01520639955997467, 0.015001599490642548], "candidate": [0.014771200716495514, 0.01454080045223236, 0.014617599546909332, 0.014643199741840363]}, "median_ms": {"baseline": 0.015168000012636185, "candidate": 0.014630399644374847}, "baseline_over_candidate": 1.0367454328882968}
{"case": {"B": 8, "SEQ_LEN": 512, "H": 1, "HQ": 16, "D": 64, "S": 1, "block_size": 16, "is_causal": true}, "candidate": "baseline", "phase": "compile_correctness"}
{"case": {"B": 8, "SEQ_LEN": 512, "H": 1, "HQ": 16, "D": 64, "S": 1, "block_size": 16, "is_causal": true}, "candidate": "candidate", "phase": "compile_correctness"}
2026-09-07 11:26:02  [TileLang:tilelang.cache.kernel_cache:WARNING] (kernel_cache.py:342): Found kernel 'kernel' in memory cache. For better performance, consider using `@tilelang.jit` instead of direct kernel caching.
{"case": {"B": 8, "SEQ_LEN": 512, "H": 1, "HQ": 16, "D": 64, "S": 1, "block_size": 16, "is_causal": true}, "seed": 393, "status": "PASS", "call_event_ms": {"baseline": [0.029465600848197937, 0.029542401432991028, 0.029286399483680725, 0.02910720109939575], "candidate": [0.03054080009460449, 0.03033599853515625, 0.03043839931488037, 0.03036159873008728]}, "median_ms": {"baseline": 0.02937600016593933, "candidate": 0.030399999022483824}, "baseline_over_candidate": 0.9663158260042329}
{"case": {"B": 8, "SEQ_LEN": 512, "H": 1, "HQ": 16, "D": 128, "S": 1, "block_size": 16, "is_causal": true}, "candidate": "baseline", "phase": "compile_correctness"}
{"case": {"B": 8, "SEQ_LEN": 512, "H": 1, "HQ": 16, "D": 128, "S": 1, "block_size": 16, "is_causal": true}, "candidate": "candidate", "phase": "compile_correctness"}
{"case": {"B": 8, "SEQ_LEN": 512, "H": 1, "HQ": 16, "D": 128, "S": 1, "block_size": 16, "is_causal": true}, "seed": 393, "status": "PASS", "call_event_ms": {"baseline": [0.05644800066947937, 0.05565440058708191, 0.05570560097694397, 0.05544959902763367], "candidate": [0.04748800098896026, 0.04728319942951202, 0.04723199903964996, 0.04746240079402923]}, "median_ms": {"baseline": 0.05568000078201294, "candidate": 0.04737280011177063}, "baseline_over_candidate": 1.1753580250827993}
{"case": {"B": 8, "SEQ_LEN": 1024, "H": 1, "HQ": 16, "D": 32, "S": 1, "block_size": 16, "is_causal": true}, "candidate": "baseline", "phase": "compile_correctness"}
{"case": {"B": 8, "SEQ_LEN": 1024, "H": 1, "HQ": 16, "D": 32, "S": 1, "block_size": 16, "is_causal": true}, "candidate": "candidate", "phase": "compile_correctness"}
{"case": {"B": 8, "SEQ_LEN": 1024, "H": 1, "HQ": 16, "D": 32, "S": 1, "block_size": 16, "is_causal": true}, "seed": 393, "status": "PASS", "call_event_ms": {"baseline": [0.02475520074367523, 0.024294400215148927, 0.024243199825286867, 0.024140800535678863], "candidate": [0.023603199422359465, 0.023296000063419343, 0.023296000063419343, 0.023500800132751465]}, "median_ms": {"baseline": 0.024268800020217897, "candidate": 0.023398400098085404}, "baseline_over_candidate": 1.0371991212426406}
{"case": {"B": 8, "SEQ_LEN": 1024, "H": 1, "HQ": 16, "D": 64, "S": 1, "block_size": 16, "is_causal": true}, "candidate": "baseline", "phase": "compile_correctness"}
{"case": {"B": 8, "SEQ_LEN": 1024, "H": 1, "HQ": 16, "D": 64, "S": 1, "block_size": 16, "is_causal": true}, "candidate": "candidate", "phase": "compile_correctness"}
2026-09-07 11:26:03  [TileLang:tilelang.cache.kernel_cache:WARNING] (kernel_cache.py:342): Found kernel 'kernel' in memory cache. For better performance, consider using `@tilelang.jit` instead of direct kernel caching.
{"case": {"B": 8, "SEQ_LEN": 1024, "H": 1, "HQ": 16, "D": 64, "S": 1, "block_size": 16, "is_causal": true}, "seed": 393, "status": "PASS", "call_event_ms": {"baseline": [0.048614400625228885, 0.048614400625228885, 0.04907520115375519, 0.048640000820159915], "candidate": [0.048537600040435794, 0.048819199204444885, 0.048767998814582825, 0.048665601015090945]}, "median_ms": {"baseline": 0.0486272007226944, "candidate": 0.048716799914836885}, "baseline_over_candidate": 0.9981608153183478}
{"case": {"B": 8, "SEQ_LEN": 1024, "H": 1, "HQ": 16, "D": 128, "S": 1, "block_size": 16, "is_causal": true}, "candidate": "baseline", "phase": "compile_correctness"}
{"case": {"B": 8, "SEQ_LEN": 1024, "H": 1, "HQ": 16, "D": 128, "S": 1, "block_size": 16, "is_causal": true}, "candidate": "candidate", "phase": "compile_correctness"}
{"case": {"B": 8, "SEQ_LEN": 1024, "H": 1, "HQ": 16, "D": 128, "S": 1, "block_size": 16, "is_causal": true}, "seed": 393, "status": "PASS", "call_event_ms": {"baseline": [0.09707520008087159, 0.0986624002456665, 0.09656320214271545, 0.09681919813156128], "candidate": [0.08601599931716919, 0.08565760254859925, 0.08586239814758301, 0.08565760254859925]}, "median_ms": {"baseline": 0.09694719910621644, "candidate": 0.08576000034809113}, "baseline_over_candidate": 1.1304477461837408}
{"case": {"B": 1, "SEQ_LEN": 256, "H": 1, "HQ": 16, "D": 64, "S": 1, "block_size": 32, "is_causal": true}, "candidate": "baseline", "phase": "compile_correctness"}
{"case": {"B": 1, "SEQ_LEN": 256, "H": 1, "HQ": 16, "D": 64, "S": 1, "block_size": 32, "is_causal": true}, "candidate": "candidate", "phase": "compile_correctness"}
2026-09-07 11:26:04  [TileLang:tilelang.cache.kernel_cache:WARNING] (kernel_cache.py:342): Found kernel 'kernel' in memory cache. For better performance, consider using `@tilelang.jit` instead of direct kernel caching.
{"case": {"B": 1, "SEQ_LEN": 256, "H": 1, "HQ": 16, "D": 64, "S": 1, "block_size": 32, "is_causal": true}, "seed": 393, "status": "PASS", "call_event_ms": {"baseline": [0.011750400066375732, 0.010777600109577179, 0.010751999914646149, 0.010521599650382995], "candidate": [0.010982400178909302, 0.010598400235176086, 0.010700800269842149, 0.01080320030450821]}, "median_ms": {"baseline": 0.010764800012111664, "candidate": 0.010752000287175179}, "baseline_over_candidate": 1.0011904505761362}
{"case": {"B": 1, "SEQ_LEN": 256, "H": 1, "HQ": 16, "D": 64, "S": 1, "block_size": 64, "is_causal": true}, "candidate": "baseline", "phase": "compile_correctness"}
{"case": {"B": 1, "SEQ_LEN": 256, "H": 1, "HQ": 16, "D": 64, "S": 1, "block_size": 64, "is_causal": true}, "candidate": "candidate", "phase": "compile_correctness"}
2026-09-07 11:26:04  [TileLang:tilelang.cache.kernel_cache:WARNING] (kernel_cache.py:342): Found kernel 'kernel' in memory cache. For better performance, consider using `@tilelang.jit` instead of direct kernel caching.
{"case": {"B": 1, "SEQ_LEN": 256, "H": 1, "HQ": 16, "D": 64, "S": 1, "block_size": 64, "is_causal": true}, "seed": 393, "status": "PASS", "call_event_ms": {"baseline": [0.014156800508499146, 0.014207999408245086, 0.014079999923706055, 0.013926400244235993], "candidate": [0.014182400703430176, 0.014079999923706055, 0.014079999923706055, 0.013900800049304963]}, "median_ms": {"baseline": 0.0141184002161026, "candidate": 0.014079999923706055}, "baseline_over_candidate": 1.002727293508851}
{"case": {"B": 1, "SEQ_LEN": 512, "H": 1, "HQ": 16, "D": 64, "S": 1, "block_size": 32, "is_causal": true}, "candidate": "baseline", "phase": "compile_correctness"}
{"case": {"B": 1, "SEQ_LEN": 512, "H": 1, "HQ": 16, "D": 64, "S": 1, "block_size": 32, "is_causal": true}, "candidate": "candidate", "phase": "compile_correctness"}
2026-09-07 11:26:04  [TileLang:tilelang.cache.kernel_cache:WARNING] (kernel_cache.py:342): Found kernel 'kernel' in memory cache. For better performance, consider using `@tilelang.jit` instead of direct kernel caching.
{"case": {"B": 1, "SEQ_LEN": 512, "H": 1, "HQ": 16, "D": 64, "S": 1, "block_size": 32, "is_causal": true}, "seed": 393, "status": "PASS", "call_event_ms": {"baseline": [0.011673600226640702, 0.011033599823713302, 0.01088000014424324, 0.010649599879980088], "candidate": [0.011007999628782272, 0.010828799754381179, 0.01090560033917427, 0.010675200074911118]}, "median_ms": {"baseline": 0.01095679998397827, "candidate": 0.010867200046777725}, "baseline_over_candidate": 1.0082449882964208}
{"case": {"B": 1, "SEQ_LEN": 512, "H": 1, "HQ": 16, "D": 64, "S": 1, "block_size": 64, "is_causal": true}, "candidate": "baseline", "phase": "compile_correctness"}
{"case": {"B": 1, "SEQ_LEN": 512, "H": 1, "HQ": 16, "D": 64, "S": 1, "block_size": 64, "is_causal": true}, "candidate": "candidate", "phase": "compile_correctness"}
2026-09-07 11:26:04  [TileLang:tilelang.cache.kernel_cache:WARNING] (kernel_cache.py:342): Found kernel 'kernel' in memory cache. For better performance, consider using `@tilelang.jit` instead of direct kernel caching.
{"case": {"B": 1, "SEQ_LEN": 512, "H": 1, "HQ": 16, "D": 64, "S": 1, "block_size": 64, "is_causal": true}, "seed": 393, "status": "PASS", "call_event_ms": {"baseline": [0.01664000004529953, 0.016307200491428375, 0.016383999586105348, 0.01653759926557541], "candidate": [0.0166143998503685, 0.016383999586105348, 0.01640959978103638, 0.016383999586105348]}, "median_ms": {"baseline": 0.01646079942584038, "candidate": 0.016396799683570863}, "baseline_over_candidate": 1.003903184981496}
{"case": {"B": 1, "SEQ_LEN": 512, "H": 1, "HQ": 16, "D": 128, "S": 1, "block_size": 32, "is_causal": true}, "candidate": "baseline", "phase": "compile_correctness"}
{"case": {"B": 1, "SEQ_LEN": 512, "H": 1, "HQ": 16, "D": 128, "S": 1, "block_size": 32, "is_causal": true}, "candidate": "candidate", "phase": "compile_correctness"}
{"case": {"B": 1, "SEQ_LEN": 512, "H": 1, "HQ": 16, "D": 128, "S": 1, "block_size": 32, "is_causal": true}, "seed": 393, "status": "PASS", "call_event_ms": {"baseline": [0.018329599499702455, 0.017587199807167053, 0.017587199807167053, 0.017689600586891174], "candidate": [0.015334400534629821, 0.01520639955997467, 0.01510400027036667, 0.01518079936504364]}, "median_ms": {"baseline": 0.017638400197029114, "candidate": 0.015193599462509155}, "baseline_over_candidate": 1.1609099108182106}
{"case": {"B": 2, "SEQ_LEN": 256, "H": 1, "HQ": 16, "D": 64, "S": 1, "block_size": 64, "is_causal": true}, "candidate": "baseline", "phase": "compile_correctness"}
{"case": {"B": 2, "SEQ_LEN": 256, "H": 1, "HQ": 16, "D": 64, "S": 1, "block_size": 64, "is_causal": true}, "candidate": "candidate", "phase": "compile_correctness"}
2026-09-07 11:26:05  [TileLang:tilelang.cache.kernel_cache:WARNING] (kernel_cache.py:342): Found kernel 'kernel' in memory cache. For better performance, consider using `@tilelang.jit` instead of direct kernel caching.
{"case": {"B": 2, "SEQ_LEN": 256, "H": 1, "HQ": 16, "D": 64, "S": 1, "block_size": 64, "is_causal": true}, "seed": 393, "status": "PASS", "call_event_ms": {"baseline": [0.01656319946050644, 0.016153599321842193, 0.016179199516773223, 0.016307200491428375], "candidate": [0.016332800686359405, 0.016256000101566314, 0.016204799711704253, 0.016204799711704253]}, "median_ms": {"baseline": 0.0162432000041008, "candidate": 0.016230399906635284}, "baseline_over_candidate": 1.0007886495427807}
{"case": {"B": 4, "SEQ_LEN": 128, "H": 1, "HQ": 16, "D": 64, "S": 1, "block_size": 32, "is_causal": true}, "candidate": "baseline", "phase": "compile_correctness"}
{"case": {"B": 4, "SEQ_LEN": 128, "H": 1, "HQ": 16, "D": 64, "S": 1, "block_size": 32, "is_causal": true}, "candidate": "candidate", "phase": "compile_correctness"}
2026-09-07 11:26:05  [TileLang:tilelang.cache.kernel_cache:WARNING] (kernel_cache.py:342): Found kernel 'kernel' in memory cache. For better performance, consider using `@tilelang.jit` instead of direct kernel caching.
{"case": {"B": 4, "SEQ_LEN": 128, "H": 1, "HQ": 16, "D": 64, "S": 1, "block_size": 32, "is_causal": true}, "seed": 393, "status": "PASS", "call_event_ms": {"baseline": [0.012057600170373916, 0.010956799983978272, 0.010777600109577179, 0.010649599879980088], "candidate": [0.010931199789047242, 0.011084800213575363, 0.01088000014424324, 0.011852800101041793]}, "median_ms": {"baseline": 0.010867200046777725, "candidate": 0.011008000001311302}, "baseline_over_candidate": 0.9872093064574123}
{"case": {"B": 4, "SEQ_LEN": 128, "H": 1, "HQ": 16, "D": 64, "S": 1, "block_size": 64, "is_causal": true}, "candidate": "baseline", "phase": "compile_correctness"}
{"case": {"B": 4, "SEQ_LEN": 128, "H": 1, "HQ": 16, "D": 64, "S": 1, "block_size": 64, "is_causal": true}, "candidate": "candidate", "phase": "compile_correctness"}
2026-09-07 11:26:05  [TileLang:tilelang.cache.kernel_cache:WARNING] (kernel_cache.py:342): Found kernel 'kernel' in memory cache. For better performance, consider using `@tilelang.jit` instead of direct kernel caching.
{"case": {"B": 4, "SEQ_LEN": 128, "H": 1, "HQ": 16, "D": 64, "S": 1, "block_size": 64, "is_causal": true}, "seed": 393, "status": "PASS", "call_event_ms": {"baseline": [0.01640959978103638, 0.016383999586105348, 0.016179199516773223, 0.016230399906635284], "candidate": [0.01646080017089844, 0.01646080017089844, 0.016256000101566314, 0.016204799711704253]}, "median_ms": {"baseline": 0.016307199746370314, "candidate": 0.016358400136232375}, "baseline_over_candidate": 0.9968700857397016}
{"case": {"B": 2, "SEQ_LEN": 512, "H": 1, "HQ": 16, "D": 128, "S": 1, "block_size": 32, "is_causal": true}, "candidate": "baseline", "phase": "compile_correctness"}
{"case": {"B": 2, "SEQ_LEN": 512, "H": 1, "HQ": 16, "D": 128, "S": 1, "block_size": 32, "is_causal": true}, "candidate": "candidate", "phase": "compile_correctness"}
{"case": {"B": 2, "SEQ_LEN": 512, "H": 1, "HQ": 16, "D": 128, "S": 1, "block_size": 32, "is_causal": true}, "seed": 393, "status": "PASS", "call_event_ms": {"baseline": [0.024806399643421174, 0.024038399755954742, 0.024089600145816802, 0.024063999950885772], "candidate": [0.021555200219154358, 0.021350400149822236, 0.021171200275421142, 0.021452799439430237]}, "median_ms": {"baseline": 0.024076800048351287, "candidate": 0.021401599794626237}, "baseline_over_candidate": 1.125000013054948}
{"case": {"B": 4, "SEQ_LEN": 1024, "H": 1, "HQ": 16, "D": 128, "S": 1, "block_size": 32, "is_causal": true}, "candidate": "baseline", "phase": "compile_correctness"}
{"case": {"B": 4, "SEQ_LEN": 1024, "H": 1, "HQ": 16, "D": 128, "S": 1, "block_size": 32, "is_causal": true}, "candidate": "candidate", "phase": "compile_correctness"}
{"case": {"B": 4, "SEQ_LEN": 1024, "H": 1, "HQ": 16, "D": 128, "S": 1, "block_size": 32, "is_causal": true}, "seed": 393, "status": "PASS", "call_event_ms": {"baseline": [0.0804095983505249, 0.0797439992427826, 0.0796671986579895, 0.0796671986579895], "candidate": [0.0591871976852417, 0.05916159749031067, 0.05913599729537964, 0.05928959846496582]}, "median_ms": {"baseline": 0.07970559895038605, "candidate": 0.059174397587776185}, "baseline_over_candidate": 1.3469608851049977}
{"case": {"B": 8, "SEQ_LEN": 512, "H": 1, "HQ": 16, "D": 128, "S": 1, "block_size": 32, "is_causal": true}, "candidate": "baseline", "phase": "compile_correctness"}
{"case": {"B": 8, "SEQ_LEN": 512, "H": 1, "HQ": 16, "D": 128, "S": 1, "block_size": 32, "is_causal": true}, "candidate": "candidate", "phase": "compile_correctness"}
{"case": {"B": 8, "SEQ_LEN": 512, "H": 1, "HQ": 16, "D": 128, "S": 1, "block_size": 32, "is_causal": true}, "seed": 393, "status": "PASS", "call_event_ms": {"baseline": [0.08089600205421447, 0.08061439990997314, 0.0807424008846283, 0.08076800107955932], "candidate": [0.059443199634552, 0.05934079885482788, 0.059443199634552, 0.05926399827003479]}, "median_ms": {"baseline": 0.08075520098209381, "candidate": 0.05939199924468994}, "baseline_over_candidate": 1.3596983096896487}
{"case": {"B": 1, "SEQ_LEN": 256, "H": 2, "HQ": 32, "D": 64, "S": 1, "block_size": 16, "is_causal": true}, "candidate": "baseline", "phase": "compile_correctness"}
{"case": {"B": 1, "SEQ_LEN": 256, "H": 2, "HQ": 32, "D": 64, "S": 1, "block_size": 16, "is_causal": true}, "candidate": "candidate", "phase": "compile_correctness"}
2026-09-07 11:26:06  [TileLang:tilelang.cache.kernel_cache:WARNING] (kernel_cache.py:342): Found kernel 'kernel' in memory cache. For better performance, consider using `@tilelang.jit` instead of direct kernel caching.
{"case": {"B": 1, "SEQ_LEN": 256, "H": 2, "HQ": 32, "D": 64, "S": 1, "block_size": 16, "is_causal": true}, "seed": 393, "status": "PASS", "call_event_ms": {"baseline": [0.011699199676513672, 0.010700800269842149, 0.01080320030450821, 0.010675200074911118], "candidate": [0.011110399663448334, 0.010828799754381179, 0.01090560033917427, 0.010700800269842149]}, "median_ms": {"baseline": 0.010752000287175179, "candidate": 0.010867200046777725}, "baseline_over_candidate": 0.989399315453229}
{"case": {"B": 2, "SEQ_LEN": 512, "H": 2, "HQ": 32, "D": 64, "S": 1, "block_size": 16, "is_causal": true}, "candidate": "baseline", "phase": "compile_correctness"}
{"case": {"B": 2, "SEQ_LEN": 512, "H": 2, "HQ": 32, "D": 64, "S": 1, "block_size": 16, "is_causal": true}, "candidate": "candidate", "phase": "compile_correctness"}
2026-09-07 11:26:06  [TileLang:tilelang.cache.kernel_cache:WARNING] (kernel_cache.py:342): Found kernel 'kernel' in memory cache. For better performance, consider using `@tilelang.jit` instead of direct kernel caching.
{"case": {"B": 2, "SEQ_LEN": 512, "H": 2, "HQ": 32, "D": 64, "S": 1, "block_size": 16, "is_causal": true}, "seed": 393, "status": "PASS", "call_event_ms": {"baseline": [0.018303999304771425, 0.01815039962530136, 0.01822720021009445, 0.01820160001516342], "candidate": [0.017535999417304993, 0.017817600071430205, 0.017484800517559053, 0.01804800033569336]}, "median_ms": {"baseline": 0.018214400112628936, "candidate": 0.0176767997443676}, "baseline_over_candidate": 1.0304127656609694}
{"case": {"B": 1, "SEQ_LEN": 512, "H": 2, "HQ": 32, "D": 128, "S": 1, "block_size": 16, "is_causal": true}, "candidate": "baseline", "phase": "compile_correctness"}
{"case": {"B": 1, "SEQ_LEN": 512, "H": 2, "HQ": 32, "D": 128, "S": 1, "block_size": 16, "is_causal": true}, "candidate": "candidate", "phase": "compile_correctness"}
{"case": {"B": 1, "SEQ_LEN": 512, "H": 2, "HQ": 32, "D": 128, "S": 1, "block_size": 16, "is_causal": true}, "seed": 393, "status": "PASS", "call_event_ms": {"baseline": [0.019123199582099914, 0.018406400084495546, 0.018585599958896637, 0.018508799374103546], "candidate": [0.0165120005607605, 0.01653759926557541, 0.01676799952983856, 0.01664000004529953]}, "median_ms": {"baseline": 0.01854719966650009, "candidate": 0.01658879965543747}, "baseline_over_candidate": 1.118055558674536}
{"case": {"B": 1, "SEQ_LEN": 256, "H": 1, "HQ": 16, "D": 64, "S": 2, "block_size": 16, "is_causal": true}, "candidate": "baseline", "phase": "compile_correctness"}
{"case": {"B": 1, "SEQ_LEN": 256, "H": 1, "HQ": 16, "D": 64, "S": 2, "block_size": 16, "is_causal": true}, "candidate": "candidate", "phase": "compile_correctness"}
{"case": {"B": 1, "SEQ_LEN": 256, "H": 1, "HQ": 16, "D": 64, "S": 2, "block_size": 16, "is_causal": true}, "seed": 393, "status": "PASS", "call_event_ms": {"baseline": [0.012031999975442886, 0.010982400178909302, 0.01090560033917427, 0.010393600165843963], "candidate": [0.011340799927711486, 0.011033599823713302, 0.01088000014424324, 0.010956799983978272]}, "median_ms": {"baseline": 0.010944000259041787, "candidate": 0.010995199903845787}, "baseline_over_candidate": 0.9953434548483204}
{"case": {"B": 2, "SEQ_LEN": 512, "H": 1, "HQ": 16, "D": 64, "S": 2, "block_size": 16, "is_causal": true}, "candidate": "baseline", "phase": "compile_correctness"}
{"case": {"B": 2, "SEQ_LEN": 512, "H": 1, "HQ": 16, "D": 64, "S": 2, "block_size": 16, "is_causal": true}, "candidate": "candidate", "phase": "compile_correctness"}
{"case": {"B": 2, "SEQ_LEN": 512, "H": 1, "HQ": 16, "D": 64, "S": 2, "block_size": 16, "is_causal": true}, "seed": 393, "status": "PASS", "call_event_ms": {"baseline": [0.019942399859428406, 0.01930239945650101, 0.019251200556755065, 0.019174399971961974], "candidate": [0.012851199507713318, 0.012774400413036346, 0.012518399953842163, 0.012415999919176102]}, "median_ms": {"baseline": 0.019276800006628035, "candidate": 0.012646400183439255}, "baseline_over_candidate": 1.5242914763895765}
{"case": {"B": 4, "SEQ_LEN": 1024, "H": 1, "HQ": 16, "D": 64, "S": 2, "block_size": 16, "is_causal": true}, "candidate": "baseline", "phase": "compile_correctness"}
{"case": {"B": 4, "SEQ_LEN": 1024, "H": 1, "HQ": 16, "D": 64, "S": 2, "block_size": 16, "is_causal": true}, "candidate": "candidate", "phase": "compile_correctness"}
{"case": {"B": 4, "SEQ_LEN": 1024, "H": 1, "HQ": 16, "D": 64, "S": 2, "block_size": 16, "is_causal": true}, "seed": 393, "status": "PASS", "call_event_ms": {"baseline": [0.05073919892311096, 0.05017600059509277, 0.05027840137481689, 0.05025280117988586], "candidate": [0.0357120007276535, 0.03566080033779144, 0.03543039858341217, 0.03568640053272247]}, "median_ms": {"baseline": 0.05026560127735138, "candidate": 0.035673600435256955}, "baseline_over_candidate": 1.4090419992391026}
{"case": {"B": 1, "SEQ_LEN": 256, "H": 1, "HQ": 16, "D": 64, "S": 4, "block_size": 16, "is_causal": true}, "candidate": "baseline", "phase": "compile_correctness"}
{"case": {"B": 1, "SEQ_LEN": 256, "H": 1, "HQ": 16, "D": 64, "S": 4, "block_size": 16, "is_causal": true}, "candidate": "candidate", "phase": "compile_correctness"}
{"case": {"B": 1, "SEQ_LEN": 256, "H": 1, "HQ": 16, "D": 64, "S": 4, "block_size": 16, "is_causal": true}, "seed": 393, "status": "PASS", "call_event_ms": {"baseline": [0.016230399906635284, 0.015795199573040007, 0.015846399962902068, 0.015999999642372132], "candidate": [0.01223680004477501, 0.011878400295972823, 0.011980800330638886, 0.011903999745845795]}, "median_ms": {"baseline": 0.0159231998026371, "candidate": 0.01194240003824234}, "baseline_over_candidate": 1.333333312537456}
{"case": {"B": 2, "SEQ_LEN": 512, "H": 1, "HQ": 16, "D": 64, "S": 4, "block_size": 16, "is_causal": true}, "candidate": "baseline", "phase": "compile_correctness"}
{"case": {"B": 2, "SEQ_LEN": 512, "H": 1, "HQ": 16, "D": 64, "S": 4, "block_size": 16, "is_causal": true}, "candidate": "candidate", "phase": "compile_correctness"}
{"case": {"B": 2, "SEQ_LEN": 512, "H": 1, "HQ": 16, "D": 64, "S": 4, "block_size": 16, "is_causal": true}, "seed": 393, "status": "PASS", "call_event_ms": {"baseline": [0.029286399483680725, 0.028825598955154418, 0.028774398565292358, 0.028748801350593566], "candidate": [0.019097599387168884, 0.019020800292491914, 0.01886720061302185, 0.018995200097560883]}, "median_ms": {"baseline": 0.028799998760223388, "candidate": 0.0190080001950264}, "baseline_over_candidate": 1.5151514343817793}
{"case": {"B": 4, "SEQ_LEN": 1024, "H": 1, "HQ": 16, "D": 64, "S": 4, "block_size": 16, "is_causal": true}, "candidate": "baseline", "phase": "compile_correctness"}
{"case": {"B": 4, "SEQ_LEN": 1024, "H": 1, "HQ": 16, "D": 64, "S": 4, "block_size": 16, "is_causal": true}, "candidate": "candidate", "phase": "compile_correctness"}
{"case": {"B": 4, "SEQ_LEN": 1024, "H": 1, "HQ": 16, "D": 64, "S": 4, "block_size": 16, "is_causal": true}, "seed": 393, "status": "PASS", "call_event_ms": {"baseline": [0.07813119888305664, 0.0775168001651764, 0.07764480113983155, 0.07733759880065919], "candidate": [0.05775359869003296, 0.057599997520446776, 0.05798400044441223, 0.05767679810523987]}, "median_ms": {"baseline": 0.07758080065250397, "candidate": 0.05771519839763641}, "baseline_over_candidate": 1.3442005365380691}
{"case": {"B": 1, "SEQ_LEN": 256, "H": 1, "HQ": 16, "D": 64, "S": 8, "block_size": 16, "is_causal": true}, "candidate": "baseline", "phase": "compile_correctness"}
{"case": {"B": 1, "SEQ_LEN": 256, "H": 1, "HQ": 16, "D": 64, "S": 8, "block_size": 16, "is_causal": true}, "candidate": "candidate", "phase": "compile_correctness"}
{"case": {"B": 1, "SEQ_LEN": 256, "H": 1, "HQ": 16, "D": 64, "S": 8, "block_size": 16, "is_causal": true}, "seed": 393, "status": "PASS", "call_event_ms": {"baseline": [0.025216001272201537, 0.024857600033283234, 0.024806399643421174, 0.02467840015888214], "candidate": [0.02181120067834854, 0.021478399634361267, 0.021401600539684297, 0.021529600024223328]}, "median_ms": {"baseline": 0.024831999838352204, "candidate": 0.021503999829292297}, "baseline_over_candidate": 1.1547619064117818}
{"case": {"B": 2, "SEQ_LEN": 512, "H": 1, "HQ": 16, "D": 64, "S": 8, "block_size": 16, "is_causal": true}, "candidate": "baseline", "phase": "compile_correctness"}
{"case": {"B": 2, "SEQ_LEN": 512, "H": 1, "HQ": 16, "D": 64, "S": 8, "block_size": 16, "is_causal": true}, "candidate": "candidate", "phase": "compile_correctness"}
2026-09-07 11:26:08  [TileLang:tilelang.cache.kernel_cache:WARNING] (kernel_cache.py:342): Found kernel 'kernel' in memory cache. For better performance, consider using `@tilelang.jit` instead of direct kernel caching.
{"case": {"B": 2, "SEQ_LEN": 512, "H": 1, "HQ": 16, "D": 64, "S": 8, "block_size": 16, "is_causal": true}, "seed": 393, "status": "PASS", "call_event_ms": {"baseline": [0.04106239974498749, 0.04088320136070252, 0.04101119935512543, 0.04111360013484955], "candidate": [0.04101119935512543, 0.04095999896526337, 0.04080640077590943, 0.04095999896526337]}, "median_ms": {"baseline": 0.04103679955005646, "candidate": 0.04095999896526337}, "baseline_over_candidate": 1.0018750143245418}
{"case": {"B": 4, "SEQ_LEN": 1024, "H": 1, "HQ": 16, "D": 64, "S": 8, "block_size": 16, "is_causal": true}, "candidate": "baseline", "phase": "compile_correctness"}
{"case": {"B": 4, "SEQ_LEN": 1024, "H": 1, "HQ": 16, "D": 64, "S": 8, "block_size": 16, "is_causal": true}, "candidate": "candidate", "phase": "compile_correctness"}
2026-09-07 11:26:09  [TileLang:tilelang.cache.kernel_cache:WARNING] (kernel_cache.py:342): Found kernel 'kernel' in memory cache. For better performance, consider using `@tilelang.jit` instead of direct kernel caching.
{"case": {"B": 4, "SEQ_LEN": 1024, "H": 1, "HQ": 16, "D": 64, "S": 8, "block_size": 16, "is_causal": true}, "seed": 393, "status": "PASS", "call_event_ms": {"baseline": [0.12341760396957398, 0.12300800085067749, 0.12282880544662475, 0.12277760505676269], "candidate": [0.12277760505676269, 0.12247040271759033, 0.12280319929122925, 0.12285439968109131]}, "median_ms": {"baseline": 0.12291840314865113, "candidate": 0.12279040217399598}, "baseline_over_candidate": 1.0010424346886149}
{"case": {"B": 1, "SEQ_LEN": 1024, "H": 1, "HQ": 16, "D": 128, "S": 1, "block_size": 32, "is_causal": true}, "candidate": "baseline", "phase": "compile_correctness"}
{"case": {"B": 1, "SEQ_LEN": 1024, "H": 1, "HQ": 16, "D": 128, "S": 1, "block_size": 32, "is_causal": true}, "candidate": "candidate", "phase": "compile_correctness"}
{"case": {"B": 1, "SEQ_LEN": 1024, "H": 1, "HQ": 16, "D": 128, "S": 1, "block_size": 32, "is_causal": true}, "seed": 393, "status": "PASS", "call_event_ms": {"baseline": [0.024294400215148927, 0.02393600046634674, 0.023756800591945647, 0.02396160066127777], "candidate": [0.02168319970369339, 0.021196800470352172, 0.02106879949569702, 0.021273599565029146]}, "median_ms": {"baseline": 0.023948800563812257, "candidate": 0.021235200017690657}, "baseline_over_candidate": 1.1277878496016496}
{"case": {"B": 2, "SEQ_LEN": 1024, "H": 1, "HQ": 16, "D": 128, "S": 1, "block_size": 32, "is_causal": true}, "candidate": "baseline", "phase": "compile_correctness"}
{"case": {"B": 2, "SEQ_LEN": 1024, "H": 1, "HQ": 16, "D": 128, "S": 1, "block_size": 32, "is_causal": true}, "candidate": "candidate", "phase": "compile_correctness"}
{"case": {"B": 2, "SEQ_LEN": 1024, "H": 1, "HQ": 16, "D": 128, "S": 1, "block_size": 32, "is_causal": true}, "seed": 393, "status": "PASS", "call_event_ms": {"baseline": [0.04508160054683685, 0.04454399943351746, 0.04485119879245758, 0.04433920085430145], "candidate": [0.03430399894714355, 0.0339711993932724, 0.0336896002292633, 0.03391999900341034]}, "median_ms": {"baseline": 0.04469759911298752, "candidate": 0.03394559919834137}, "baseline_over_candidate": 1.3167420864137083}
{"case": {"B": 4, "SEQ_LEN": 512, "H": 1, "HQ": 16, "D": 128, "S": 1, "block_size": 32, "is_causal": true}, "candidate": "baseline", "phase": "compile_correctness"}
{"case": {"B": 4, "SEQ_LEN": 512, "H": 1, "HQ": 16, "D": 128, "S": 1, "block_size": 32, "is_causal": true}, "candidate": "candidate", "phase": "compile_correctness"}
{"case": {"B": 4, "SEQ_LEN": 512, "H": 1, "HQ": 16, "D": 128, "S": 1, "block_size": 32, "is_causal": true}, "seed": 393, "status": "PASS", "call_event_ms": {"baseline": [0.045849600434303285, 0.04482559859752655, 0.04454399943351746, 0.04485119879245758], "candidate": [0.03386879861354828, 0.03338240087032318, 0.03335680067539215, 0.03407360017299652]}, "median_ms": {"baseline": 0.044838398694992065, "candidate": 0.03362559974193573}, "baseline_over_candidate": 1.333460192208035}
{"case": {"B": 8, "SEQ_LEN": 256, "H": 1, "HQ": 16, "D": 128, "S": 1, "block_size": 32, "is_causal": true}, "candidate": "baseline", "phase": "compile_correctness"}
{"case": {"B": 8, "SEQ_LEN": 256, "H": 1, "HQ": 16, "D": 128, "S": 1, "block_size": 32, "is_causal": true}, "candidate": "candidate", "phase": "compile_correctness"}
{"case": {"B": 8, "SEQ_LEN": 256, "H": 1, "HQ": 16, "D": 128, "S": 1, "block_size": 32, "is_causal": true}, "seed": 393, "status": "PASS", "call_event_ms": {"baseline": [0.04497919976711273, 0.04403199851512909, 0.04454399943351746, 0.04426240026950836], "candidate": [0.03402239978313446, 0.03345920145511627, 0.033792001008987424, 0.03366400003433227]}, "median_ms": {"baseline": 0.044403199851512906, "candidate": 0.03372800052165985}, "baseline_over_candidate": 1.3165085141349406}
{"case": {"B": 1, "SEQ_LEN": 2048, "H": 1, "HQ": 16, "D": 32, "S": 1, "block_size": 16, "is_causal": true}, "candidate": "baseline", "phase": "compile_correctness"}
{"case": {"B": 1, "SEQ_LEN": 2048, "H": 1, "HQ": 16, "D": 32, "S": 1, "block_size": 16, "is_causal": true}, "candidate": "candidate", "phase": "compile_correctness"}
2026-09-07 11:26:10  [TileLang:tilelang.cache.kernel_cache:WARNING] (kernel_cache.py:342): Found kernel 'kernel' in memory cache. For better performance, consider using `@tilelang.jit` instead of direct kernel caching.
{"case": {"B": 1, "SEQ_LEN": 2048, "H": 1, "HQ": 16, "D": 32, "S": 1, "block_size": 16, "is_causal": true}, "seed": 393, "status": "PASS", "call_event_ms": {"baseline": [0.011878400295972823, 0.010751999914646149, 0.01088000014424324, 0.01080320030450821], "candidate": [0.011033599823713302, 0.010828799754381179, 0.010726399719715118, 0.011724799871444702]}, "median_ms": {"baseline": 0.010841600224375724, "candidate": 0.01093119978904724}, "baseline_over_candidate": 0.9918033183547434}
{"case": {"B": 4, "SEQ_LEN": 2048, "H": 1, "HQ": 16, "D": 32, "S": 1, "block_size": 16, "is_causal": true}, "candidate": "baseline", "phase": "compile_correctness"}
{"case": {"B": 4, "SEQ_LEN": 2048, "H": 1, "HQ": 16, "D": 32, "S": 1, "block_size": 16, "is_causal": true}, "candidate": "candidate", "phase": "compile_correctness"}
{"case": {"B": 4, "SEQ_LEN": 2048, "H": 1, "HQ": 16, "D": 32, "S": 1, "block_size": 16, "is_causal": true}, "seed": 393, "status": "PASS", "call_event_ms": {"baseline": [0.024780799448490144, 0.024294400215148927, 0.024422399699687958, 0.024396799504756927], "candidate": [0.024345600605010988, 0.024038399755954742, 0.02398719936609268, 0.02383359968662262]}, "median_ms": {"baseline": 0.024409599602222443, "candidate": 0.02401279956102371}, "baseline_over_candidate": 1.0165245222736459}
{"case": {"B": 8, "SEQ_LEN": 2048, "H": 1, "HQ": 16, "D": 32, "S": 1, "block_size": 16, "is_causal": true}, "candidate": "baseline", "phase": "compile_correctness"}
{"case": {"B": 8, "SEQ_LEN": 2048, "H": 1, "HQ": 16, "D": 32, "S": 1, "block_size": 16, "is_causal": true}, "candidate": "candidate", "phase": "compile_correctness"}
{"case": {"B": 8, "SEQ_LEN": 2048, "H": 1, "HQ": 16, "D": 32, "S": 1, "block_size": 16, "is_causal": true}, "seed": 393, "status": "PASS", "call_event_ms": {"baseline": [0.04129279851913452, 0.040934398770332336, 0.040755200386047366, 0.040780800580978396], "candidate": [0.03924480080604553, 0.039577600359916684, 0.0392192006111145, 0.03911679983139038]}, "median_ms": {"baseline": 0.040857599675655366, "candidate": 0.03923200070858002}, "baseline_over_candidate": 1.0414355357288683}
{"case": {"B": 1, "SEQ_LEN": 48, "H": 1, "HQ": 16, "D": 32, "S": 1, "block_size": 16, "is_causal": true}, "candidate": "baseline", "phase": "compile_correctness"}
{"case": {"B": 1, "SEQ_LEN": 48, "H": 1, "HQ": 16, "D": 32, "S": 1, "block_size": 16, "is_causal": true}, "candidate": "candidate", "phase": "compile_correctness"}
2026-09-07 11:26:11  [TileLang:tilelang.cache.kernel_cache:WARNING] (kernel_cache.py:342): Found kernel 'kernel' in memory cache. For better performance, consider using `@tilelang.jit` instead of direct kernel caching.
{"case": {"B": 1, "SEQ_LEN": 48, "H": 1, "HQ": 16, "D": 32, "S": 1, "block_size": 16, "is_causal": true}, "seed": 393, "status": "PASS", "call_event_ms": {"baseline": [0.011596799641847611, 0.01088000014424324, 0.01080320030450821, 0.010598400235176086], "candidate": [0.010931199789047242, 0.01085439994931221, 0.010777600109577179, 0.010700800269842149]}, "median_ms": {"baseline": 0.010841600224375724, "candidate": 0.010816000029444694}, "baseline_over_candidate": 1.0023668819213516}
{"case": {"B": 2, "SEQ_LEN": 48, "H": 1, "HQ": 16, "D": 32, "S": 1, "block_size": 16, "is_causal": true}, "candidate": "baseline", "phase": "compile_correctness"}
{"case": {"B": 2, "SEQ_LEN": 48, "H": 1, "HQ": 16, "D": 32, "S": 1, "block_size": 16, "is_causal": true}, "candidate": "candidate", "phase": "compile_correctness"}
2026-09-07 11:26:11  [TileLang:tilelang.cache.kernel_cache:WARNING] (kernel_cache.py:342): Found kernel 'kernel' in memory cache. For better performance, consider using `@tilelang.jit` instead of direct kernel caching.
{"case": {"B": 2, "SEQ_LEN": 48, "H": 1, "HQ": 16, "D": 32, "S": 1, "block_size": 16, "is_causal": true}, "seed": 393, "status": "PASS", "call_event_ms": {"baseline": [0.011724799871444702, 0.010547199845314026, 0.010649599879980088, 0.010521599650382995], "candidate": [0.011059200018644333, 0.010649599879980088, 0.010572800040245056, 0.011776000261306763]}, "median_ms": {"baseline": 0.010598399862647056, "candidate": 0.01085439994931221}, "baseline_over_candidate": 0.9764150862451522}
{"case": {"B": 4, "SEQ_LEN": 48, "H": 1, "HQ": 16, "D": 32, "S": 1, "block_size": 16, "is_causal": true}, "candidate": "baseline", "phase": "compile_correctness"}
{"case": {"B": 4, "SEQ_LEN": 48, "H": 1, "HQ": 16, "D": 32, "S": 1, "block_size": 16, "is_causal": true}, "candidate": "candidate", "phase": "compile_correctness"}
2026-09-07 11:26:11  [TileLang:tilelang.cache.kernel_cache:WARNING] (kernel_cache.py:342): Found kernel 'kernel' in memory cache. For better performance, consider using `@tilelang.jit` instead of direct kernel caching.
{"case": {"B": 4, "SEQ_LEN": 48, "H": 1, "HQ": 16, "D": 32, "S": 1, "block_size": 16, "is_causal": true}, "seed": 393, "status": "PASS", "call_event_ms": {"baseline": [0.011724799871444702, 0.010726399719715118, 0.010777600109577179, 0.010623999685049058], "candidate": [0.011007999628782272, 0.010777600109577179, 0.010572800040245056, 0.010751999914646149]}, "median_ms": {"baseline": 0.010751999914646149, "candidate": 0.010764800012111664}, "baseline_over_candidate": 0.9988109303051507}
{"case": {"B": 8, "SEQ_LEN": 48, "H": 1, "HQ": 16, "D": 32, "S": 1, "block_size": 16, "is_causal": true}, "candidate": "baseline", "phase": "compile_correctness"}
{"case": {"B": 8, "SEQ_LEN": 48, "H": 1, "HQ": 16, "D": 32, "S": 1, "block_size": 16, "is_causal": true}, "candidate": "candidate", "phase": "compile_correctness"}
2026-09-07 11:26:11  [TileLang:tilelang.cache.kernel_cache:WARNING] (kernel_cache.py:342): Found kernel 'kernel' in memory cache. For better performance, consider using `@tilelang.jit` instead of direct kernel caching.
{"case": {"B": 8, "SEQ_LEN": 48, "H": 1, "HQ": 16, "D": 32, "S": 1, "block_size": 16, "is_causal": true}, "seed": 393, "status": "PASS", "call_event_ms": {"baseline": [0.011366400122642516, 0.010623999685049058, 0.010547199845314026, 0.010470400005578995], "candidate": [0.01090560033917427, 0.010726399719715118, 0.010521599650382995, 0.011801599711179733]}, "median_ms": {"baseline": 0.01058559976518154, "candidate": 0.010816000029444694}, "baseline_over_candidate": 0.9786982004774475}
{"case": {"B": 1, "SEQ_LEN": 96, "H": 1, "HQ": 16, "D": 32, "S": 1, "block_size": 16, "is_causal": true}, "candidate": "baseline", "phase": "compile_correctness"}
{"case": {"B": 1, "SEQ_LEN": 96, "H": 1, "HQ": 16, "D": 32, "S": 1, "block_size": 16, "is_causal": true}, "candidate": "candidate", "phase": "compile_correctness"}
2026-09-07 11:26:11  [TileLang:tilelang.cache.kernel_cache:WARNING] (kernel_cache.py:342): Found kernel 'kernel' in memory cache. For better performance, consider using `@tilelang.jit` instead of direct kernel caching.
{"case": {"B": 1, "SEQ_LEN": 96, "H": 1, "HQ": 16, "D": 32, "S": 1, "block_size": 16, "is_causal": true}, "seed": 393, "status": "PASS", "call_event_ms": {"baseline": [0.011519999802112579, 0.010700800269842149, 0.01085439994931221, 0.010649599879980088], "candidate": [0.010982400178909302, 0.010751999914646149, 0.010726399719715118, 0.010675200074911118]}, "median_ms": {"baseline": 0.010777600109577179, "candidate": 0.010739199817180634}, "baseline_over_candidate": 1.0035757126275937}
{"case": {"B": 2, "SEQ_LEN": 96, "H": 1, "HQ": 16, "D": 32, "S": 1, "block_size": 16, "is_causal": true}, "candidate": "baseline", "phase": "compile_correctness"}
{"case": {"B": 2, "SEQ_LEN": 96, "H": 1, "HQ": 16, "D": 32, "S": 1, "block_size": 16, "is_causal": true}, "candidate": "candidate", "phase": "compile_correctness"}
2026-09-07 11:26:12  [TileLang:tilelang.cache.kernel_cache:WARNING] (kernel_cache.py:342): Found kernel 'kernel' in memory cache. For better performance, consider using `@tilelang.jit` instead of direct kernel caching.
{"case": {"B": 2, "SEQ_LEN": 96, "H": 1, "HQ": 16, "D": 32, "S": 1, "block_size": 16, "is_causal": true}, "seed": 393, "status": "PASS", "call_event_ms": {"baseline": [0.011494400352239609, 0.010956799983978272, 0.01085439994931221, 0.010572800040245056], "candidate": [0.011007999628782272, 0.010931199789047242, 0.010675200074911118, 0.010751999914646149]}, "median_ms": {"baseline": 0.010905599966645241, "candidate": 0.010841599851846694}, "baseline_over_candidate": 1.0059031983907474}
{"case": {"B": 4, "SEQ_LEN": 96, "H": 1, "HQ": 16, "D": 32, "S": 1, "block_size": 16, "is_causal": true}, "candidate": "baseline", "phase": "compile_correctness"}
{"case": {"B": 4, "SEQ_LEN": 96, "H": 1, "HQ": 16, "D": 32, "S": 1, "block_size": 16, "is_causal": true}, "candidate": "candidate", "phase": "compile_correctness"}
2026-09-07 11:26:12  [TileLang:tilelang.cache.kernel_cache:WARNING] (kernel_cache.py:342): Found kernel 'kernel' in memory cache. For better performance, consider using `@tilelang.jit` instead of direct kernel caching.
{"case": {"B": 4, "SEQ_LEN": 96, "H": 1, "HQ": 16, "D": 32, "S": 1, "block_size": 16, "is_causal": true}, "seed": 393, "status": "PASS", "call_event_ms": {"baseline": [0.011392000317573547, 0.011801599711179733, 0.01085439994931221, 0.010342399775981902], "candidate": [0.010982400178909302, 0.010675200074911118, 0.010751999914646149, 0.010598400235176086]}, "median_ms": {"baseline": 0.011123200133442878, "candidate": 0.010713599994778633}, "baseline_over_candidate": 1.038231793128721}
{"case": {"B": 8, "SEQ_LEN": 96, "H": 1, "HQ": 16, "D": 32, "S": 1, "block_size": 16, "is_causal": true}, "candidate": "baseline", "phase": "compile_correctness"}
{"case": {"B": 8, "SEQ_LEN": 96, "H": 1, "HQ": 16, "D": 32, "S": 1, "block_size": 16, "is_causal": true}, "candidate": "candidate", "phase": "compile_correctness"}
2026-09-07 11:26:12  [TileLang:tilelang.cache.kernel_cache:WARNING] (kernel_cache.py:342): Found kernel 'kernel' in memory cache. For better performance, consider using `@tilelang.jit` instead of direct kernel caching.
{"case": {"B": 8, "SEQ_LEN": 96, "H": 1, "HQ": 16, "D": 32, "S": 1, "block_size": 16, "is_causal": true}, "seed": 393, "status": "PASS", "call_event_ms": {"baseline": [0.011519999802112579, 0.010547199845314026, 0.010419200360774993, 0.010419200360774993], "candidate": [0.010751999914646149, 0.010419200360774993, 0.010496000200510025, 0.010598400235176086]}, "median_ms": {"baseline": 0.010483200103044508, "candidate": 0.010547200217843056}, "baseline_over_candidate": 0.9939320280760124}
{"case": {"B": 1, "SEQ_LEN": 4096, "H": 1, "HQ": 16, "D": 64, "S": 1, "block_size": 16, "is_causal": true}, "candidate": "baseline", "phase": "compile_correctness"}
{"case": {"B": 1, "SEQ_LEN": 4096, "H": 1, "HQ": 16, "D": 64, "S": 1, "block_size": 16, "is_causal": true}, "candidate": "candidate", "phase": "compile_correctness"}
2026-09-07 11:26:12  [TileLang:tilelang.cache.kernel_cache:WARNING] (kernel_cache.py:342): Found kernel 'kernel' in memory cache. For better performance, consider using `@tilelang.jit` instead of direct kernel caching.
{"case": {"B": 1, "SEQ_LEN": 4096, "H": 1, "HQ": 16, "D": 64, "S": 1, "block_size": 16, "is_causal": true}, "seed": 393, "status": "PASS", "call_event_ms": {"baseline": [0.02964479923248291, 0.02903040051460266, 0.028825598955154418, 0.029311999678611755], "candidate": [0.0289792001247406, 0.029388800263404846, 0.029388800263404846, 0.02900480031967163]}, "median_ms": {"baseline": 0.02917120009660721, "candidate": 0.02919680029153824}, "baseline_over_candidate": 0.9991231849149426}
{"case": {"B": 1, "SEQ_LEN": 4096, "H": 1, "HQ": 16, "D": 128, "S": 1, "block_size": 16, "is_causal": true}, "candidate": "baseline", "phase": "compile_correctness"}
{"case": {"B": 1, "SEQ_LEN": 4096, "H": 1, "HQ": 16, "D": 128, "S": 1, "block_size": 16, "is_causal": true}, "candidate": "candidate", "phase": "compile_correctness"}
{"case": {"B": 1, "SEQ_LEN": 4096, "H": 1, "HQ": 16, "D": 128, "S": 1, "block_size": 16, "is_causal": true}, "seed": 393, "status": "PASS", "call_event_ms": {"baseline": [0.05785599946975708, 0.05739520192146301, 0.05716480016708374, 0.056831997632980344], "candidate": [0.04961279928684235, 0.04894720017910004, 0.04902400076389313, 0.04917759895324707]}, "median_ms": {"baseline": 0.057280001044273374, "candidate": 0.0491007998585701}, "baseline_over_candidate": 1.166579795222535}
{"case": {"B": 2, "SEQ_LEN": 4096, "H": 1, "HQ": 16, "D": 64, "S": 1, "block_size": 16, "is_causal": true}, "candidate": "baseline", "phase": "compile_correctness"}
{"case": {"B": 2, "SEQ_LEN": 4096, "H": 1, "HQ": 16, "D": 64, "S": 1, "block_size": 16, "is_causal": true}, "candidate": "candidate", "phase": "compile_correctness"}
2026-09-07 11:26:13  [TileLang:tilelang.cache.kernel_cache:WARNING] (kernel_cache.py:342): Found kernel 'kernel' in memory cache. For better performance, consider using `@tilelang.jit` instead of direct kernel caching.
{"case": {"B": 2, "SEQ_LEN": 4096, "H": 1, "HQ": 16, "D": 64, "S": 1, "block_size": 16, "is_causal": true}, "seed": 393, "status": "PASS", "call_event_ms": {"baseline": [0.04935680031776428, 0.04943360090255737, 0.04976640045642853, 0.04966399967670441], "candidate": [0.0492031991481781, 0.04912639856338501, 0.04966399967670441, 0.04951040148735046]}, "median_ms": {"baseline": 0.04954880028963089, "candidate": 0.04935680031776428}, "baseline_over_candidate": 1.0038900408987312}
{"case": {"B": 4, "SEQ_LEN": 4096, "H": 1, "HQ": 16, "D": 64, "S": 1, "block_size": 16, "is_causal": true}, "candidate": "baseline", "phase": "compile_correctness"}
{"case": {"B": 4, "SEQ_LEN": 4096, "H": 1, "HQ": 16, "D": 64, "S": 1, "block_size": 16, "is_causal": true}, "candidate": "candidate", "phase": "compile_correctness"}
2026-09-07 11:26:13  [TileLang:tilelang.cache.kernel_cache:WARNING] (kernel_cache.py:342): Found kernel 'kernel' in memory cache. For better performance, consider using `@tilelang.jit` instead of direct kernel caching.
{"case": {"B": 4, "SEQ_LEN": 4096, "H": 1, "HQ": 16, "D": 64, "S": 1, "block_size": 16, "is_causal": true}, "seed": 393, "status": "PASS", "call_event_ms": {"baseline": [0.09034240245819092, 0.0894976019859314, 0.08936960101127625, 0.08977919816970825], "candidate": [0.08942080140113831, 0.08903679847717286, 0.08865280151367187, 0.08878080248832702]}, "median_ms": {"baseline": 0.08963840007781983, "candidate": 0.08890880048274993}, "baseline_over_candidate": 1.0082061572207517}
{"case": {"B": 8, "SEQ_LEN": 4096, "H": 1, "HQ": 16, "D": 64, "S": 1, "block_size": 16, "is_causal": true}, "candidate": "baseline", "phase": "compile_correctness"}
{"case": {"B": 8, "SEQ_LEN": 4096, "H": 1, "HQ": 16, "D": 64, "S": 1, "block_size": 16, "is_causal": true}, "candidate": "candidate", "phase": "compile_correctness"}
2026-09-07 11:26:14  [TileLang:tilelang.cache.kernel_cache:WARNING] (kernel_cache.py:342): Found kernel 'kernel' in memory cache. For better performance, consider using `@tilelang.jit` instead of direct kernel caching.
{"case": {"B": 8, "SEQ_LEN": 4096, "H": 1, "HQ": 16, "D": 64, "S": 1, "block_size": 16, "is_causal": true}, "seed": 393, "status": "PASS", "call_event_ms": {"baseline": [0.16814080476760865, 0.1676543951034546, 0.16788480281829835, 0.16906239986419677], "candidate": [0.1689087986946106, 0.16970239877700805, 0.16788480281829835, 0.16911360025405883]}, "median_ms": {"baseline": 0.1680128037929535, "candidate": 0.1690111994743347}, "baseline_over_candidate": 0.9940927247159569}
{"case": {"B": 1, "SEQ_LEN": 8192, "H": 1, "HQ": 16, "D": 64, "S": 1, "block_size": 16, "is_causal": true}, "candidate": "baseline", "phase": "compile_correctness"}
{"case": {"B": 1, "SEQ_LEN": 8192, "H": 1, "HQ": 16, "D": 64, "S": 1, "block_size": 16, "is_causal": true}, "candidate": "candidate", "phase": "compile_correctness"}
2026-09-07 11:26:14  [TileLang:tilelang.cache.kernel_cache:WARNING] (kernel_cache.py:342): Found kernel 'kernel' in memory cache. For better performance, consider using `@tilelang.jit` instead of direct kernel caching.
{"case": {"B": 1, "SEQ_LEN": 8192, "H": 1, "HQ": 16, "D": 64, "S": 1, "block_size": 16, "is_causal": true}, "seed": 393, "status": "PASS", "call_event_ms": {"baseline": [0.04979200065135956, 0.04933120012283325, 0.04997119903564453, 0.05027840137481689], "candidate": [0.05004799962043762, 0.0497408002614975, 0.04981760084629059, 0.0497408002614975]}, "median_ms": {"baseline": 0.049881599843502045, "candidate": 0.049779200553894044}, "baseline_over_candidate": 1.0020570697895628}
{"case": {"B": 1, "SEQ_LEN": 8192, "H": 1, "HQ": 16, "D": 128, "S": 1, "block_size": 16, "is_causal": true}, "candidate": "baseline", "phase": "compile_correctness"}
{"case": {"B": 1, "SEQ_LEN": 8192, "H": 1, "HQ": 16, "D": 128, "S": 1, "block_size": 16, "is_causal": true}, "candidate": "candidate", "phase": "compile_correctness"}
{"case": {"B": 1, "SEQ_LEN": 8192, "H": 1, "HQ": 16, "D": 128, "S": 1, "block_size": 16, "is_causal": true}, "seed": 393, "status": "PASS", "call_event_ms": {"baseline": [0.10280959606170655, 0.10280959606170655, 0.1028607964515686, 0.10160640478134156], "candidate": [0.09259520173072815, 0.09451519846916198, 0.09267200231552124, 0.09303039908409119]}, "median_ms": {"baseline": 0.10280959606170655, "candidate": 0.09285120069980621}, "baseline_over_candidate": 1.107251121007002}
{"case": {"B": 2, "SEQ_LEN": 8192, "H": 1, "HQ": 16, "D": 64, "S": 1, "block_size": 16, "is_causal": true}, "candidate": "baseline", "phase": "compile_correctness"}
{"case": {"B": 2, "SEQ_LEN": 8192, "H": 1, "HQ": 16, "D": 64, "S": 1, "block_size": 16, "is_causal": true}, "candidate": "candidate", "phase": "compile_correctness"}
2026-09-07 11:26:15  [TileLang:tilelang.cache.kernel_cache:WARNING] (kernel_cache.py:342): Found kernel 'kernel' in memory cache. For better performance, consider using `@tilelang.jit` instead of direct kernel caching.
{"case": {"B": 2, "SEQ_LEN": 8192, "H": 1, "HQ": 16, "D": 64, "S": 1, "block_size": 16, "is_causal": true}, "seed": 393, "status": "PASS", "call_event_ms": {"baseline": [0.09062399864196777, 0.08916479945182801, 0.08929280042648316, 0.08942080140113831], "candidate": [0.09059839844703674, 0.08980479836463928, 0.08929280042648316, 0.0894976019859314]}, "median_ms": {"baseline": 0.08935680091381074, "candidate": 0.08965120017528534}, "baseline_over_candidate": 0.9967161704372167}
{"case": {"B": 4, "SEQ_LEN": 8192, "H": 1, "HQ": 16, "D": 32, "S": 1, "block_size": 16, "is_causal": true}, "candidate": "baseline", "phase": "compile_correctness"}
{"case": {"B": 4, "SEQ_LEN": 8192, "H": 1, "HQ": 16, "D": 32, "S": 1, "block_size": 16, "is_causal": true}, "candidate": "candidate", "phase": "compile_correctness"}
{"case": {"B": 4, "SEQ_LEN": 8192, "H": 1, "HQ": 16, "D": 32, "S": 1, "block_size": 16, "is_causal": true}, "seed": 393, "status": "PASS", "call_event_ms": {"baseline": [0.07518720030784606, 0.0752128005027771, 0.07444480061531067, 0.07449600100517273], "candidate": [0.07124480009078979, 0.07083520293235779, 0.07093759775161743, 0.07096319794654846]}, "median_ms": {"baseline": 0.0748416006565094, "candidate": 0.07095039784908294}, "baseline_over_candidate": 1.054843988552444}
{"case": {"B": 1, "SEQ_LEN": 16384, "H": 1, "HQ": 16, "D": 32, "S": 1, "block_size": 16, "is_causal": true}, "candidate": "baseline", "phase": "compile_correctness"}
{"case": {"B": 1, "SEQ_LEN": 16384, "H": 1, "HQ": 16, "D": 32, "S": 1, "block_size": 16, "is_causal": true}, "candidate": "candidate", "phase": "compile_correctness"}
{"case": {"B": 1, "SEQ_LEN": 16384, "H": 1, "HQ": 16, "D": 32, "S": 1, "block_size": 16, "is_causal": true}, "seed": 393, "status": "PASS", "call_event_ms": {"baseline": [0.04213759899139404, 0.04152320027351379, 0.04154880046844482, 0.04200960099697113], "candidate": [0.040345600247383116, 0.03983359932899475, 0.03983359932899475, 0.040217599272727965]}, "median_ms": {"baseline": 0.04177920073270798, "candidate": 0.04002559930086136}, "baseline_over_candidate": 1.0438119968839263}
{"case": {"B": 1, "SEQ_LEN": 16384, "H": 1, "HQ": 16, "D": 64, "S": 1, "block_size": 16, "is_causal": true}, "candidate": "baseline", "phase": "compile_correctness"}
{"case": {"B": 1, "SEQ_LEN": 16384, "H": 1, "HQ": 16, "D": 64, "S": 1, "block_size": 16, "is_causal": true}, "candidate": "candidate", "phase": "compile_correctness"}
2026-09-07 11:26:17  [TileLang:tilelang.cache.kernel_cache:WARNING] (kernel_cache.py:342): Found kernel 'kernel' in memory cache. For better performance, consider using `@tilelang.jit` instead of direct kernel caching.
{"case": {"B": 1, "SEQ_LEN": 16384, "H": 1, "HQ": 16, "D": 64, "S": 1, "block_size": 16, "is_causal": true}, "seed": 393, "status": "PASS", "call_event_ms": {"baseline": [0.09274880290031433, 0.09205759763717651, 0.09292799830436707, 0.09236479997634887], "candidate": [0.09167360067367554, 0.09169920086860657, 0.0911616027355194, 0.09149439930915833]}, "median_ms": {"baseline": 0.0925568014383316, "candidate": 0.09158399999141693}, "baseline_over_candidate": 1.0106219584971812}
{"case": {"B": 2, "SEQ_LEN": 16384, "H": 1, "HQ": 16, "D": 32, "S": 1, "block_size": 16, "is_causal": true}, "candidate": "baseline", "phase": "compile_correctness"}
{"case": {"B": 2, "SEQ_LEN": 16384, "H": 1, "HQ": 16, "D": 32, "S": 1, "block_size": 16, "is_causal": true}, "candidate": "candidate", "phase": "compile_correctness"}
{"case": {"B": 2, "SEQ_LEN": 16384, "H": 1, "HQ": 16, "D": 32, "S": 1, "block_size": 16, "is_causal": true}, "seed": 393, "status": "PASS", "call_event_ms": {"baseline": [0.07544320225715637, 0.07490559816360473, 0.07493119835853576, 0.074726402759552], "candidate": [0.0717311978340149, 0.07232000231742859, 0.07109119892120361, 0.0711679995059967]}, "median_ms": {"baseline": 0.07491839826107025, "candidate": 0.0714495986700058}, "baseline_over_candidate": 1.0485489023820176}
