Loading tilelang libs from dev root: /opt/tilelang-metax-v0.1.10/build
{"case": {"B": 1, "SEQ_LEN": 64, "H": 1, "HQ": 16, "D": 32, "S": 1, "block_size": 16, "is_causal": true}, "candidate": "baseline", "phase": "compile_correctness"}
{"case": {"B": 1, "SEQ_LEN": 64, "H": 1, "HQ": 16, "D": 32, "S": 1, "block_size": 16, "is_causal": true}, "candidate": "candidate", "phase": "compile_correctness"}
2026-09-07 13:24:19  [TileLang:tilelang.cache.kernel_cache:WARNING] (kernel_cache.py:342): Found kernel 'kernel' in memory cache. For better performance, consider using `@tilelang.jit` instead of direct kernel caching.
{"case": {"B": 1, "SEQ_LEN": 64, "H": 1, "HQ": 16, "D": 32, "S": 1, "block_size": 16, "is_causal": true}, "seed": 431, "status": "PASS", "call_event_ms": {"baseline": [0.015411199629306793, 0.012108799815177918, 0.011929599940776825, 0.011929599940776825], "candidate": [0.012876799702644348, 0.01223680004477501, 0.012211199849843979, 0.011980800330638886]}, "median_ms": {"baseline": 0.012019199877977373, "candidate": 0.012223999947309494}, "baseline_over_candidate": 0.9832460675544098}
{"case": {"B": 1, "SEQ_LEN": 64, "H": 1, "HQ": 16, "D": 64, "S": 1, "block_size": 16, "is_causal": true}, "candidate": "baseline", "phase": "compile_correctness"}
{"case": {"B": 1, "SEQ_LEN": 64, "H": 1, "HQ": 16, "D": 64, "S": 1, "block_size": 16, "is_causal": true}, "candidate": "candidate", "phase": "compile_correctness"}
2026-09-07 13:24:19  [TileLang:tilelang.cache.kernel_cache:WARNING] (kernel_cache.py:342): Found kernel 'kernel' in memory cache. For better performance, consider using `@tilelang.jit` instead of direct kernel caching.
{"case": {"B": 1, "SEQ_LEN": 64, "H": 1, "HQ": 16, "D": 64, "S": 1, "block_size": 16, "is_causal": true}, "seed": 431, "status": "PASS", "call_event_ms": {"baseline": [0.01377280056476593, 0.012134400010108948, 0.011852800101041793, 0.013516800105571746], "candidate": [0.012390399724245072, 0.0123648002743721, 0.011878400295972823, 0.014387199282646179]}, "median_ms": {"baseline": 0.012825600057840347, "candidate": 0.012377599999308587}, "baseline_over_candidate": 1.0361944204495852}
{"case": {"B": 1, "SEQ_LEN": 64, "H": 1, "HQ": 16, "D": 128, "S": 1, "block_size": 16, "is_causal": true}, "candidate": "baseline", "phase": "compile_correctness"}
{"case": {"B": 1, "SEQ_LEN": 64, "H": 1, "HQ": 16, "D": 128, "S": 1, "block_size": 16, "is_causal": true}, "candidate": "candidate", "phase": "compile_correctness"}
{"case": {"B": 1, "SEQ_LEN": 64, "H": 1, "HQ": 16, "D": 128, "S": 1, "block_size": 16, "is_causal": true}, "seed": 431, "status": "PASS", "call_event_ms": {"baseline": [0.011801599711179733, 0.011289600282907486, 0.011417599767446518, 0.011212799698114395], "candidate": [0.010828799754381179, 0.01088000014424324, 0.011007999628782272, 0.010956799983978272]}, "median_ms": {"baseline": 0.011353600025177001, "candidate": 0.010918400064110757}, "baseline_over_candidate": 1.0398593162469623}
{"case": {"B": 1, "SEQ_LEN": 128, "H": 1, "HQ": 16, "D": 32, "S": 1, "block_size": 16, "is_causal": true}, "candidate": "baseline", "phase": "compile_correctness"}
{"case": {"B": 1, "SEQ_LEN": 128, "H": 1, "HQ": 16, "D": 32, "S": 1, "block_size": 16, "is_causal": true}, "candidate": "candidate", "phase": "compile_correctness"}
2026-09-07 13:24:20  [TileLang:tilelang.cache.kernel_cache:WARNING] (kernel_cache.py:342): Found kernel 'kernel' in memory cache. For better performance, consider using `@tilelang.jit` instead of direct kernel caching.
{"case": {"B": 1, "SEQ_LEN": 128, "H": 1, "HQ": 16, "D": 32, "S": 1, "block_size": 16, "is_causal": true}, "seed": 431, "status": "PASS", "call_event_ms": {"baseline": [0.011417599767446518, 0.010547199845314026, 0.010700800269842149, 0.010393600165843963], "candidate": [0.010956799983978272, 0.010828799754381179, 0.01088000014424324, 0.010700800269842149]}, "median_ms": {"baseline": 0.010624000057578086, "candidate": 0.01085439994931221}, "baseline_over_candidate": 0.9787735947809144}
{"case": {"B": 1, "SEQ_LEN": 128, "H": 1, "HQ": 16, "D": 64, "S": 1, "block_size": 16, "is_causal": true}, "candidate": "baseline", "phase": "compile_correctness"}
{"case": {"B": 1, "SEQ_LEN": 128, "H": 1, "HQ": 16, "D": 64, "S": 1, "block_size": 16, "is_causal": true}, "candidate": "candidate", "phase": "compile_correctness"}
2026-09-07 13:24:20  [TileLang:tilelang.cache.kernel_cache:WARNING] (kernel_cache.py:342): Found kernel 'kernel' in memory cache. For better performance, consider using `@tilelang.jit` instead of direct kernel caching.
{"case": {"B": 1, "SEQ_LEN": 128, "H": 1, "HQ": 16, "D": 64, "S": 1, "block_size": 16, "is_causal": true}, "seed": 431, "status": "PASS", "call_event_ms": {"baseline": [0.011392000317573547, 0.010342399775981902, 0.010828799754381179, 0.010649599879980088], "candidate": [0.010828799754381179, 0.010393600165843963, 0.010675200074911118, 0.010751999914646149]}, "median_ms": {"baseline": 0.010739199817180634, "candidate": 0.010713599994778633}, "baseline_over_candidate": 1.0023894696847442}
{"case": {"B": 1, "SEQ_LEN": 128, "H": 1, "HQ": 16, "D": 128, "S": 1, "block_size": 16, "is_causal": true}, "candidate": "baseline", "phase": "compile_correctness"}
{"case": {"B": 1, "SEQ_LEN": 128, "H": 1, "HQ": 16, "D": 128, "S": 1, "block_size": 16, "is_causal": true}, "candidate": "candidate", "phase": "compile_correctness"}
{"case": {"B": 1, "SEQ_LEN": 128, "H": 1, "HQ": 16, "D": 128, "S": 1, "block_size": 16, "is_causal": true}, "seed": 431, "status": "PASS", "call_event_ms": {"baseline": [0.011980800330638886, 0.011366400122642516, 0.011417599767446518, 0.011340799927711486], "candidate": [0.010726399719715118, 0.010265599936246872, 0.010675200074911118, 0.01088000014424324]}, "median_ms": {"baseline": 0.011391999945044518, "candidate": 0.010700799897313118}, "baseline_over_candidate": 1.064593306515801}
{"case": {"B": 1, "SEQ_LEN": 256, "H": 1, "HQ": 16, "D": 32, "S": 1, "block_size": 16, "is_causal": true}, "candidate": "baseline", "phase": "compile_correctness"}
{"case": {"B": 1, "SEQ_LEN": 256, "H": 1, "HQ": 16, "D": 32, "S": 1, "block_size": 16, "is_causal": true}, "candidate": "candidate", "phase": "compile_correctness"}
2026-09-07 13:24:20  [TileLang:tilelang.cache.kernel_cache:WARNING] (kernel_cache.py:342): Found kernel 'kernel' in memory cache. For better performance, consider using `@tilelang.jit` instead of direct kernel caching.
{"case": {"B": 1, "SEQ_LEN": 256, "H": 1, "HQ": 16, "D": 32, "S": 1, "block_size": 16, "is_causal": true}, "seed": 431, "status": "PASS", "call_event_ms": {"baseline": [0.011417599767446518, 0.010623999685049058, 0.010419200360774993, 0.010521599650382995], "candidate": [0.011135999858379365, 0.010777600109577179, 0.010521599650382995, 0.010547199845314026]}, "median_ms": {"baseline": 0.010572799667716026, "candidate": 0.010662399977445603}, "baseline_over_candidate": 0.9915966095889189}
{"case": {"B": 1, "SEQ_LEN": 256, "H": 1, "HQ": 16, "D": 64, "S": 1, "block_size": 16, "is_causal": true}, "candidate": "baseline", "phase": "compile_correctness"}
{"case": {"B": 1, "SEQ_LEN": 256, "H": 1, "HQ": 16, "D": 64, "S": 1, "block_size": 16, "is_causal": true}, "candidate": "candidate", "phase": "compile_correctness"}
2026-09-07 13:24:21  [TileLang:tilelang.cache.kernel_cache:WARNING] (kernel_cache.py:342): Found kernel 'kernel' in memory cache. For better performance, consider using `@tilelang.jit` instead of direct kernel caching.
{"case": {"B": 1, "SEQ_LEN": 256, "H": 1, "HQ": 16, "D": 64, "S": 1, "block_size": 16, "is_causal": true}, "seed": 431, "status": "PASS", "call_event_ms": {"baseline": [0.011135999858379365, 0.010572800040245056, 0.010649599879980088, 0.010521599650382995], "candidate": [0.010700800269842149, 0.010470400005578995, 0.010675200074911118, 0.010444799810647965]}, "median_ms": {"baseline": 0.010611199960112571, "candidate": 0.010572800040245058}, "baseline_over_candidate": 1.0036319536661382}
{"case": {"B": 1, "SEQ_LEN": 256, "H": 1, "HQ": 16, "D": 128, "S": 1, "block_size": 16, "is_causal": true}, "candidate": "baseline", "phase": "compile_correctness"}
{"case": {"B": 1, "SEQ_LEN": 256, "H": 1, "HQ": 16, "D": 128, "S": 1, "block_size": 16, "is_causal": true}, "candidate": "candidate", "phase": "compile_correctness"}
{"case": {"B": 1, "SEQ_LEN": 256, "H": 1, "HQ": 16, "D": 128, "S": 1, "block_size": 16, "is_causal": true}, "seed": 431, "status": "PASS", "call_event_ms": {"baseline": [0.012211199849843979, 0.011827199906110763, 0.011596799641847611, 0.011596799641847611], "candidate": [0.010700800269842149, 0.010521599650382995, 0.010444799810647965, 0.010496000200510025]}, "median_ms": {"baseline": 0.011711999773979187, "candidate": 0.01050879992544651}, "baseline_over_candidate": 1.114494505278304}
{"case": {"B": 1, "SEQ_LEN": 512, "H": 1, "HQ": 16, "D": 32, "S": 1, "block_size": 16, "is_causal": true}, "candidate": "baseline", "phase": "compile_correctness"}
{"case": {"B": 1, "SEQ_LEN": 512, "H": 1, "HQ": 16, "D": 32, "S": 1, "block_size": 16, "is_causal": true}, "candidate": "candidate", "phase": "compile_correctness"}
2026-09-07 13:24:21  [TileLang:tilelang.cache.kernel_cache:WARNING] (kernel_cache.py:342): Found kernel 'kernel' in memory cache. For better performance, consider using `@tilelang.jit` instead of direct kernel caching.
{"case": {"B": 1, "SEQ_LEN": 512, "H": 1, "HQ": 16, "D": 32, "S": 1, "block_size": 16, "is_causal": true}, "seed": 431, "status": "PASS", "call_event_ms": {"baseline": [0.011212799698114395, 0.010598400235176086, 0.010496000200510025, 0.010393600165843963], "candidate": [0.010931199789047242, 0.010675200074911118, 0.010700800269842149, 0.010726399719715118]}, "median_ms": {"baseline": 0.010547200217843056, "candidate": 0.010713599994778633}, "baseline_over_candidate": 0.9844683601201581}
{"case": {"B": 1, "SEQ_LEN": 512, "H": 1, "HQ": 16, "D": 64, "S": 1, "block_size": 16, "is_causal": true}, "candidate": "baseline", "phase": "compile_correctness"}
{"case": {"B": 1, "SEQ_LEN": 512, "H": 1, "HQ": 16, "D": 64, "S": 1, "block_size": 16, "is_causal": true}, "candidate": "candidate", "phase": "compile_correctness"}
2026-09-07 13:24:21  [TileLang:tilelang.cache.kernel_cache:WARNING] (kernel_cache.py:342): Found kernel 'kernel' in memory cache. For better performance, consider using `@tilelang.jit` instead of direct kernel caching.
{"case": {"B": 1, "SEQ_LEN": 512, "H": 1, "HQ": 16, "D": 64, "S": 1, "block_size": 16, "is_causal": true}, "seed": 431, "status": "PASS", "call_event_ms": {"baseline": [0.011366400122642516, 0.010700800269842149, 0.010623999685049058, 0.010547199845314026], "candidate": [0.010828799754381179, 0.010547199845314026, 0.010572800040245056, 0.010598400235176086]}, "median_ms": {"baseline": 0.010662399977445603, "candidate": 0.010585600137710571}, "baseline_over_candidate": 1.0072551238225442}
{"case": {"B": 1, "SEQ_LEN": 512, "H": 1, "HQ": 16, "D": 128, "S": 1, "block_size": 16, "is_causal": true}, "candidate": "baseline", "phase": "compile_correctness"}
{"case": {"B": 1, "SEQ_LEN": 512, "H": 1, "HQ": 16, "D": 128, "S": 1, "block_size": 16, "is_causal": true}, "candidate": "candidate", "phase": "compile_correctness"}
{"case": {"B": 1, "SEQ_LEN": 512, "H": 1, "HQ": 16, "D": 128, "S": 1, "block_size": 16, "is_causal": true}, "seed": 431, "status": "PASS", "call_event_ms": {"baseline": [0.013900800049304963, 0.013414399325847625, 0.013491199910640716, 0.013388800621032714], "candidate": [0.011340799927711486, 0.011212799698114395, 0.011059200018644333, 0.011187200248241425]}, "median_ms": {"baseline": 0.01345279961824417, "candidate": 0.01119999997317791}, "baseline_over_candidate": 1.2011428259340475}
{"case": {"B": 1, "SEQ_LEN": 1024, "H": 1, "HQ": 16, "D": 32, "S": 1, "block_size": 16, "is_causal": true}, "candidate": "baseline", "phase": "compile_correctness"}
{"case": {"B": 1, "SEQ_LEN": 1024, "H": 1, "HQ": 16, "D": 32, "S": 1, "block_size": 16, "is_causal": true}, "candidate": "candidate", "phase": "compile_correctness"}
2026-09-07 13:24:22  [TileLang:tilelang.cache.kernel_cache:WARNING] (kernel_cache.py:342): Found kernel 'kernel' in memory cache. For better performance, consider using `@tilelang.jit` instead of direct kernel caching.
{"case": {"B": 1, "SEQ_LEN": 1024, "H": 1, "HQ": 16, "D": 32, "S": 1, "block_size": 16, "is_causal": true}, "seed": 431, "status": "PASS", "call_event_ms": {"baseline": [0.011673600226640702, 0.01088000014424324, 0.01080320030450821, 0.010675200074911118], "candidate": [0.011059200018644333, 0.010931199789047242, 0.010828799754381179, 0.011776000261306763]}, "median_ms": {"baseline": 0.010841600224375724, "candidate": 0.010995199903845787}, "baseline_over_candidate": 0.9860302967828408}
{"case": {"B": 1, "SEQ_LEN": 1024, "H": 1, "HQ": 16, "D": 64, "S": 1, "block_size": 16, "is_causal": true}, "candidate": "baseline", "phase": "compile_correctness"}
{"case": {"B": 1, "SEQ_LEN": 1024, "H": 1, "HQ": 16, "D": 64, "S": 1, "block_size": 16, "is_causal": true}, "candidate": "candidate", "phase": "compile_correctness"}
2026-09-07 13:24:22  [TileLang:tilelang.cache.kernel_cache:WARNING] (kernel_cache.py:342): Found kernel 'kernel' in memory cache. For better performance, consider using `@tilelang.jit` instead of direct kernel caching.
{"case": {"B": 1, "SEQ_LEN": 1024, "H": 1, "HQ": 16, "D": 64, "S": 1, "block_size": 16, "is_causal": true}, "seed": 431, "status": "PASS", "call_event_ms": {"baseline": [0.011289600282907486, 0.010675200074911118, 0.01080320030450821, 0.010598400235176086], "candidate": [0.010956799983978272, 0.01080320030450821, 0.010751999914646149, 0.011494400352239609]}, "median_ms": {"baseline": 0.010739200189709664, "candidate": 0.01088000014424324}, "baseline_over_candidate": 0.9870588278798805}
{"case": {"B": 1, "SEQ_LEN": 1024, "H": 1, "HQ": 16, "D": 128, "S": 1, "block_size": 16, "is_causal": true}, "candidate": "baseline", "phase": "compile_correctness"}
{"case": {"B": 1, "SEQ_LEN": 1024, "H": 1, "HQ": 16, "D": 128, "S": 1, "block_size": 16, "is_causal": true}, "candidate": "candidate", "phase": "compile_correctness"}
{"case": {"B": 1, "SEQ_LEN": 1024, "H": 1, "HQ": 16, "D": 128, "S": 1, "block_size": 16, "is_causal": true}, "seed": 431, "status": "PASS", "call_event_ms": {"baseline": [0.018559999763965607, 0.01797119975090027, 0.01804800033569336, 0.01807360053062439], "candidate": [0.015590399503707886, 0.01530880033969879, 0.015334400534629821, 0.015539200603961944]}, "median_ms": {"baseline": 0.018060800433158875, "candidate": 0.015436800569295882}, "baseline_over_candidate": 1.1699834011642403}
{"case": {"B": 2, "SEQ_LEN": 64, "H": 1, "HQ": 16, "D": 64, "S": 1, "block_size": 16, "is_causal": true}, "candidate": "baseline", "phase": "compile_correctness"}
{"case": {"B": 2, "SEQ_LEN": 64, "H": 1, "HQ": 16, "D": 64, "S": 1, "block_size": 16, "is_causal": true}, "candidate": "candidate", "phase": "compile_correctness"}
2026-09-07 13:24:22  [TileLang:tilelang.cache.kernel_cache:WARNING] (kernel_cache.py:342): Found kernel 'kernel' in memory cache. For better performance, consider using `@tilelang.jit` instead of direct kernel caching.
{"case": {"B": 2, "SEQ_LEN": 64, "H": 1, "HQ": 16, "D": 64, "S": 1, "block_size": 16, "is_causal": true}, "seed": 431, "status": "PASS", "call_event_ms": {"baseline": [0.011648000031709672, 0.010828799754381179, 0.010598400235176086, 0.010675200074911118], "candidate": [0.01088000014424324, 0.010751999914646149, 0.010649599879980088, 0.010547199845314026]}, "median_ms": {"baseline": 0.010751999914646149, "candidate": 0.010700799897313118}, "baseline_over_candidate": 1.0047846906609184}
{"case": {"B": 2, "SEQ_LEN": 64, "H": 1, "HQ": 16, "D": 128, "S": 1, "block_size": 16, "is_causal": true}, "candidate": "baseline", "phase": "compile_correctness"}
{"case": {"B": 2, "SEQ_LEN": 64, "H": 1, "HQ": 16, "D": 128, "S": 1, "block_size": 16, "is_causal": true}, "candidate": "candidate", "phase": "compile_correctness"}
{"case": {"B": 2, "SEQ_LEN": 64, "H": 1, "HQ": 16, "D": 128, "S": 1, "block_size": 16, "is_causal": true}, "seed": 431, "status": "PASS", "call_event_ms": {"baseline": [0.012031999975442886, 0.011443199962377549, 0.011468800157308579, 0.011417599767446518], "candidate": [0.011033599823713302, 0.010572800040245056, 0.010649599879980088, 0.010649599879980088]}, "median_ms": {"baseline": 0.011456000059843064, "candidate": 0.010649599879980088}, "baseline_over_candidate": 1.0757211715887005}
{"case": {"B": 2, "SEQ_LEN": 128, "H": 1, "HQ": 16, "D": 32, "S": 1, "block_size": 16, "is_causal": true}, "candidate": "baseline", "phase": "compile_correctness"}
{"case": {"B": 2, "SEQ_LEN": 128, "H": 1, "HQ": 16, "D": 32, "S": 1, "block_size": 16, "is_causal": true}, "candidate": "candidate", "phase": "compile_correctness"}
2026-09-07 13:24:23  [TileLang:tilelang.cache.kernel_cache:WARNING] (kernel_cache.py:342): Found kernel 'kernel' in memory cache. For better performance, consider using `@tilelang.jit` instead of direct kernel caching.
{"case": {"B": 2, "SEQ_LEN": 128, "H": 1, "HQ": 16, "D": 32, "S": 1, "block_size": 16, "is_causal": true}, "seed": 431, "status": "PASS", "call_event_ms": {"baseline": [0.011212799698114395, 0.010726399719715118, 0.010675200074911118, 0.010598400235176086], "candidate": [0.01088000014424324, 0.010572800040245056, 0.010623999685049058, 0.010700800269842149]}, "median_ms": {"baseline": 0.010700799897313118, "candidate": 0.010662399977445603}, "baseline_over_candidate": 1.003601433068422}
{"case": {"B": 2, "SEQ_LEN": 128, "H": 1, "HQ": 16, "D": 64, "S": 1, "block_size": 16, "is_causal": true}, "candidate": "baseline", "phase": "compile_correctness"}
{"case": {"B": 2, "SEQ_LEN": 128, "H": 1, "HQ": 16, "D": 64, "S": 1, "block_size": 16, "is_causal": true}, "candidate": "candidate", "phase": "compile_correctness"}
2026-09-07 13:24:23  [TileLang:tilelang.cache.kernel_cache:WARNING] (kernel_cache.py:342): Found kernel 'kernel' in memory cache. For better performance, consider using `@tilelang.jit` instead of direct kernel caching.
{"case": {"B": 2, "SEQ_LEN": 128, "H": 1, "HQ": 16, "D": 64, "S": 1, "block_size": 16, "is_causal": true}, "seed": 431, "status": "PASS", "call_event_ms": {"baseline": [0.011187200248241425, 0.010623999685049058, 0.010751999914646149, 0.010521599650382995], "candidate": [0.010828799754381179, 0.010598400235176086, 0.010572800040245056, 0.010521599650382995]}, "median_ms": {"baseline": 0.010687999799847603, "candidate": 0.010585600137710571}, "baseline_over_candidate": 1.0096734866993737}
{"case": {"B": 2, "SEQ_LEN": 128, "H": 1, "HQ": 16, "D": 128, "S": 1, "block_size": 16, "is_causal": true}, "candidate": "baseline", "phase": "compile_correctness"}
{"case": {"B": 2, "SEQ_LEN": 128, "H": 1, "HQ": 16, "D": 128, "S": 1, "block_size": 16, "is_causal": true}, "candidate": "candidate", "phase": "compile_correctness"}
{"case": {"B": 2, "SEQ_LEN": 128, "H": 1, "HQ": 16, "D": 128, "S": 1, "block_size": 16, "is_causal": true}, "seed": 431, "status": "PASS", "call_event_ms": {"baseline": [0.012134400010108948, 0.011750400066375732, 0.011750400066375732, 0.011776000261306763], "candidate": [0.011238399893045425, 0.010700800269842149, 0.010470400005578995, 0.01090560033917427]}, "median_ms": {"baseline": 0.011763200163841248, "candidate": 0.01080320030450821}, "baseline_over_candidate": 1.0888625437160901}
{"case": {"B": 2, "SEQ_LEN": 256, "H": 1, "HQ": 16, "D": 32, "S": 1, "block_size": 16, "is_causal": true}, "candidate": "baseline", "phase": "compile_correctness"}
{"case": {"B": 2, "SEQ_LEN": 256, "H": 1, "HQ": 16, "D": 32, "S": 1, "block_size": 16, "is_causal": true}, "candidate": "candidate", "phase": "compile_correctness"}
2026-09-07 13:24:23  [TileLang:tilelang.cache.kernel_cache:WARNING] (kernel_cache.py:342): Found kernel 'kernel' in memory cache. For better performance, consider using `@tilelang.jit` instead of direct kernel caching.
{"case": {"B": 2, "SEQ_LEN": 256, "H": 1, "HQ": 16, "D": 32, "S": 1, "block_size": 16, "is_causal": true}, "seed": 431, "status": "PASS", "call_event_ms": {"baseline": [0.011289600282907486, 0.010444799810647965, 0.010521599650382995, 0.010521599650382995], "candidate": [0.010828799754381179, 0.010367999970912933, 0.010496000200510025, 0.010419200360774993]}, "median_ms": {"baseline": 0.010521599650382995, "candidate": 0.01045760028064251}, "baseline_over_candidate": 1.006119890608073}
{"case": {"B": 2, "SEQ_LEN": 256, "H": 1, "HQ": 16, "D": 64, "S": 1, "block_size": 16, "is_causal": true}, "candidate": "baseline", "phase": "compile_correctness"}
{"case": {"B": 2, "SEQ_LEN": 256, "H": 1, "HQ": 16, "D": 64, "S": 1, "block_size": 16, "is_causal": true}, "candidate": "candidate", "phase": "compile_correctness"}
2026-09-07 13:24:24  [TileLang:tilelang.cache.kernel_cache:WARNING] (kernel_cache.py:342): Found kernel 'kernel' in memory cache. For better performance, consider using `@tilelang.jit` instead of direct kernel caching.
{"case": {"B": 2, "SEQ_LEN": 256, "H": 1, "HQ": 16, "D": 64, "S": 1, "block_size": 16, "is_causal": true}, "seed": 431, "status": "PASS", "call_event_ms": {"baseline": [0.01154559999704361, 0.010726399719715118, 0.010700800269842149, 0.010751999914646149], "candidate": [0.011110399663448334, 0.010751999914646149, 0.01090560033917427, 0.01080320030450821]}, "median_ms": {"baseline": 0.010739199817180634, "candidate": 0.01085440032184124}, "baseline_over_candidate": 0.9893867462738776}
{"case": {"B": 2, "SEQ_LEN": 256, "H": 1, "HQ": 16, "D": 128, "S": 1, "block_size": 16, "is_causal": true}, "candidate": "baseline", "phase": "compile_correctness"}
{"case": {"B": 2, "SEQ_LEN": 256, "H": 1, "HQ": 16, "D": 128, "S": 1, "block_size": 16, "is_causal": true}, "candidate": "candidate", "phase": "compile_correctness"}
{"case": {"B": 2, "SEQ_LEN": 256, "H": 1, "HQ": 16, "D": 128, "S": 1, "block_size": 16, "is_causal": true}, "seed": 431, "status": "PASS", "call_event_ms": {"baseline": [0.013798399269580841, 0.013235199451446533, 0.013260799646377563, 0.013184000551700593], "candidate": [0.011212799698114395, 0.010956799983978272, 0.010956799983978272, 0.010828799754381179]}, "median_ms": {"baseline": 0.013247999548912048, "candidate": 0.010956799983978272}, "baseline_over_candidate": 1.2091121101310704}
{"case": {"B": 2, "SEQ_LEN": 512, "H": 1, "HQ": 16, "D": 32, "S": 1, "block_size": 16, "is_causal": true}, "candidate": "baseline", "phase": "compile_correctness"}
{"case": {"B": 2, "SEQ_LEN": 512, "H": 1, "HQ": 16, "D": 32, "S": 1, "block_size": 16, "is_causal": true}, "candidate": "candidate", "phase": "compile_correctness"}
2026-09-07 13:24:24  [TileLang:tilelang.cache.kernel_cache:WARNING] (kernel_cache.py:342): Found kernel 'kernel' in memory cache. For better performance, consider using `@tilelang.jit` instead of direct kernel caching.
{"case": {"B": 2, "SEQ_LEN": 512, "H": 1, "HQ": 16, "D": 32, "S": 1, "block_size": 16, "is_causal": true}, "seed": 431, "status": "PASS", "call_event_ms": {"baseline": [0.011673600226640702, 0.010751999914646149, 0.010675200074911118, 0.010470400005578995], "candidate": [0.010726399719715118, 0.010675200074911118, 0.010623999685049058, 0.01154559999704361]}, "median_ms": {"baseline": 0.010713599994778633, "candidate": 0.010700799897313118}, "baseline_over_candidate": 1.0011961813685282}
{"case": {"B": 2, "SEQ_LEN": 512, "H": 1, "HQ": 16, "D": 64, "S": 1, "block_size": 16, "is_causal": true}, "candidate": "baseline", "phase": "compile_correctness"}
{"case": {"B": 2, "SEQ_LEN": 512, "H": 1, "HQ": 16, "D": 64, "S": 1, "block_size": 16, "is_causal": true}, "candidate": "candidate", "phase": "compile_correctness"}
2026-09-07 13:24:24  [TileLang:tilelang.cache.kernel_cache:WARNING] (kernel_cache.py:342): Found kernel 'kernel' in memory cache. For better performance, consider using `@tilelang.jit` instead of direct kernel caching.
{"case": {"B": 2, "SEQ_LEN": 512, "H": 1, "HQ": 16, "D": 64, "S": 1, "block_size": 16, "is_causal": true}, "seed": 431, "status": "PASS", "call_event_ms": {"baseline": [0.011776000261306763, 0.010751999914646149, 0.010828799754381179, 0.010675200074911118], "candidate": [0.011161600053310395, 0.010828799754381179, 0.010726399719715118, 0.01080320030450821]}, "median_ms": {"baseline": 0.010790399834513664, "candidate": 0.010816000029444694}, "baseline_over_candidate": 0.9976331180786485}
{"case": {"B": 2, "SEQ_LEN": 512, "H": 1, "HQ": 16, "D": 128, "S": 1, "block_size": 16, "is_causal": true}, "candidate": "baseline", "phase": "compile_correctness"}
{"case": {"B": 2, "SEQ_LEN": 512, "H": 1, "HQ": 16, "D": 128, "S": 1, "block_size": 16, "is_causal": true}, "candidate": "candidate", "phase": "compile_correctness"}
{"case": {"B": 2, "SEQ_LEN": 512, "H": 1, "HQ": 16, "D": 128, "S": 1, "block_size": 16, "is_causal": true}, "seed": 431, "status": "PASS", "call_event_ms": {"baseline": [0.01935359984636307, 0.018688000738620758, 0.018636800348758698, 0.01879040002822876], "candidate": [0.015539200603961944, 0.015360000729560851, 0.015564799308776855, 0.015590399503707886]}, "median_ms": {"baseline": 0.018739200383424758, "candidate": 0.0155519999563694}, "baseline_over_candidate": 1.2049382996397209}
{"case": {"B": 2, "SEQ_LEN": 1024, "H": 1, "HQ": 16, "D": 32, "S": 1, "block_size": 16, "is_causal": true}, "candidate": "baseline", "phase": "compile_correctness"}
{"case": {"B": 2, "SEQ_LEN": 1024, "H": 1, "HQ": 16, "D": 32, "S": 1, "block_size": 16, "is_causal": true}, "candidate": "candidate", "phase": "compile_correctness"}
2026-09-07 13:24:25  [TileLang:tilelang.cache.kernel_cache:WARNING] (kernel_cache.py:342): Found kernel 'kernel' in memory cache. For better performance, consider using `@tilelang.jit` instead of direct kernel caching.
{"case": {"B": 2, "SEQ_LEN": 1024, "H": 1, "HQ": 16, "D": 32, "S": 1, "block_size": 16, "is_causal": true}, "seed": 431, "status": "PASS", "call_event_ms": {"baseline": [0.011801599711179733, 0.011007999628782272, 0.011033599823713302, 0.010700800269842149], "candidate": [0.011161600053310395, 0.011033599823713302, 0.011033599823713302, 0.011007999628782272]}, "median_ms": {"baseline": 0.011020799726247787, "candidate": 0.011033599823713302}, "baseline_over_candidate": 0.9988398983405211}
{"case": {"B": 2, "SEQ_LEN": 1024, "H": 1, "HQ": 16, "D": 64, "S": 1, "block_size": 16, "is_causal": true}, "candidate": "baseline", "phase": "compile_correctness"}
{"case": {"B": 2, "SEQ_LEN": 1024, "H": 1, "HQ": 16, "D": 64, "S": 1, "block_size": 16, "is_causal": true}, "candidate": "candidate", "phase": "compile_correctness"}
2026-09-07 13:24:25  [TileLang:tilelang.cache.kernel_cache:WARNING] (kernel_cache.py:342): Found kernel 'kernel' in memory cache. For better performance, consider using `@tilelang.jit` instead of direct kernel caching.
{"case": {"B": 2, "SEQ_LEN": 1024, "H": 1, "HQ": 16, "D": 64, "S": 1, "block_size": 16, "is_causal": true}, "seed": 431, "status": "PASS", "call_event_ms": {"baseline": [0.018329599499702455, 0.018380799889564516, 0.018559999763965607, 0.01879040002822876], "candidate": [0.018380799889564516, 0.018713599443435668, 0.018457600474357606, 0.018483200669288637]}, "median_ms": {"baseline": 0.01847039982676506, "candidate": 0.01847040057182312}, "baseline_over_candidate": 0.9999999596620519}
{"case": {"B": 2, "SEQ_LEN": 1024, "H": 1, "HQ": 16, "D": 128, "S": 1, "block_size": 16, "is_causal": true}, "candidate": "baseline", "phase": "compile_correctness"}
{"case": {"B": 2, "SEQ_LEN": 1024, "H": 1, "HQ": 16, "D": 128, "S": 1, "block_size": 16, "is_causal": true}, "candidate": "candidate", "phase": "compile_correctness"}
{"case": {"B": 2, "SEQ_LEN": 1024, "H": 1, "HQ": 16, "D": 128, "S": 1, "block_size": 16, "is_causal": true}, "seed": 431, "status": "PASS", "call_event_ms": {"baseline": [0.0354559987783432, 0.035020801424980166, 0.035046398639678955, 0.034892800450325015], "candidate": [0.02887679934501648, 0.028672000765800475, 0.028825598955154418, 0.029286399483680725]}, "median_ms": {"baseline": 0.03503360003232956, "candidate": 0.02885119915008545}, "baseline_over_candidate": 1.2142857511773752}
{"case": {"B": 4, "SEQ_LEN": 64, "H": 1, "HQ": 16, "D": 32, "S": 1, "block_size": 16, "is_causal": true}, "candidate": "baseline", "phase": "compile_correctness"}
{"case": {"B": 4, "SEQ_LEN": 64, "H": 1, "HQ": 16, "D": 32, "S": 1, "block_size": 16, "is_causal": true}, "candidate": "candidate", "phase": "compile_correctness"}
2026-09-07 13:24:25  [TileLang:tilelang.cache.kernel_cache:WARNING] (kernel_cache.py:342): Found kernel 'kernel' in memory cache. For better performance, consider using `@tilelang.jit` instead of direct kernel caching.
{"case": {"B": 4, "SEQ_LEN": 64, "H": 1, "HQ": 16, "D": 32, "S": 1, "block_size": 16, "is_causal": true}, "seed": 431, "status": "PASS", "call_event_ms": {"baseline": [0.011494400352239609, 0.010777600109577179, 0.010444799810647965, 0.010675200074911118], "candidate": [0.01080320030450821, 0.010572800040245056, 0.010393600165843963, 0.010572800040245056]}, "median_ms": {"baseline": 0.010726400092244149, "candidate": 0.010572800040245056}, "baseline_over_candidate": 1.0145278498992147}
{"case": {"B": 4, "SEQ_LEN": 64, "H": 1, "HQ": 16, "D": 64, "S": 1, "block_size": 16, "is_causal": true}, "candidate": "baseline", "phase": "compile_correctness"}
{"case": {"B": 4, "SEQ_LEN": 64, "H": 1, "HQ": 16, "D": 64, "S": 1, "block_size": 16, "is_causal": true}, "candidate": "candidate", "phase": "compile_correctness"}
2026-09-07 13:24:25  [TileLang:tilelang.cache.kernel_cache:WARNING] (kernel_cache.py:342): Found kernel 'kernel' in memory cache. For better performance, consider using `@tilelang.jit` instead of direct kernel caching.
{"case": {"B": 4, "SEQ_LEN": 64, "H": 1, "HQ": 16, "D": 64, "S": 1, "block_size": 16, "is_causal": true}, "seed": 431, "status": "PASS", "call_event_ms": {"baseline": [0.011315199732780456, 0.011238399893045425, 0.01085439994931221, 0.010496000200510025], "candidate": [0.011059200018644333, 0.014847999811172486, 0.010649599879980088, 0.010751999914646149]}, "median_ms": {"baseline": 0.011046399921178817, "candidate": 0.010905599966645241}, "baseline_over_candidate": 1.0129107939924638}
{"case": {"B": 4, "SEQ_LEN": 64, "H": 1, "HQ": 16, "D": 128, "S": 1, "block_size": 16, "is_causal": true}, "candidate": "baseline", "phase": "compile_correctness"}
{"case": {"B": 4, "SEQ_LEN": 64, "H": 1, "HQ": 16, "D": 128, "S": 1, "block_size": 16, "is_causal": true}, "candidate": "candidate", "phase": "compile_correctness"}
{"case": {"B": 4, "SEQ_LEN": 64, "H": 1, "HQ": 16, "D": 128, "S": 1, "block_size": 16, "is_causal": true}, "seed": 431, "status": "PASS", "call_event_ms": {"baseline": [0.01223680004477501, 0.011622399836778641, 0.011699199676513672, 0.01157120019197464], "candidate": [0.011084800213575363, 0.010726399719715118, 0.010828799754381179, 0.010751999914646149]}, "median_ms": {"baseline": 0.011660799756646157, "candidate": 0.010790399834513664}, "baseline_over_candidate": 1.08066428820816}
{"case": {"B": 4, "SEQ_LEN": 128, "H": 1, "HQ": 16, "D": 32, "S": 1, "block_size": 16, "is_causal": true}, "candidate": "baseline", "phase": "compile_correctness"}
{"case": {"B": 4, "SEQ_LEN": 128, "H": 1, "HQ": 16, "D": 32, "S": 1, "block_size": 16, "is_causal": true}, "candidate": "candidate", "phase": "compile_correctness"}
2026-09-07 13:24:26  [TileLang:tilelang.cache.kernel_cache:WARNING] (kernel_cache.py:342): Found kernel 'kernel' in memory cache. For better performance, consider using `@tilelang.jit` instead of direct kernel caching.
{"case": {"B": 4, "SEQ_LEN": 128, "H": 1, "HQ": 16, "D": 32, "S": 1, "block_size": 16, "is_causal": true}, "seed": 431, "status": "PASS", "call_event_ms": {"baseline": [0.011417599767446518, 0.010931199789047242, 0.01080320030450821, 0.010751999914646149], "candidate": [0.011161600053310395, 0.010751999914646149, 0.010649599879980088, 0.010700800269842149]}, "median_ms": {"baseline": 0.010867200046777725, "candidate": 0.010726400092244149}, "baseline_over_candidate": 1.0131264872951535}
{"case": {"B": 4, "SEQ_LEN": 128, "H": 1, "HQ": 16, "D": 64, "S": 1, "block_size": 16, "is_causal": true}, "candidate": "baseline", "phase": "compile_correctness"}
{"case": {"B": 4, "SEQ_LEN": 128, "H": 1, "HQ": 16, "D": 64, "S": 1, "block_size": 16, "is_causal": true}, "candidate": "candidate", "phase": "compile_correctness"}
2026-09-07 13:24:26  [TileLang:tilelang.cache.kernel_cache:WARNING] (kernel_cache.py:342): Found kernel 'kernel' in memory cache. For better performance, consider using `@tilelang.jit` instead of direct kernel caching.
{"case": {"B": 4, "SEQ_LEN": 128, "H": 1, "HQ": 16, "D": 64, "S": 1, "block_size": 16, "is_causal": true}, "seed": 431, "status": "PASS", "call_event_ms": {"baseline": [0.011596799641847611, 0.01085439994931221, 0.010675200074911118, 0.010777600109577179], "candidate": [0.010956799983978272, 0.010726399719715118, 0.01085439994931221, 0.010956799983978272]}, "median_ms": {"baseline": 0.010816000029444694, "candidate": 0.010905599966645241}, "baseline_over_candidate": 0.9917840432920162}
{"case": {"B": 4, "SEQ_LEN": 128, "H": 1, "HQ": 16, "D": 128, "S": 1, "block_size": 16, "is_causal": true}, "candidate": "baseline", "phase": "compile_correctness"}
{"case": {"B": 4, "SEQ_LEN": 128, "H": 1, "HQ": 16, "D": 128, "S": 1, "block_size": 16, "is_causal": true}, "candidate": "candidate", "phase": "compile_correctness"}
{"case": {"B": 4, "SEQ_LEN": 128, "H": 1, "HQ": 16, "D": 128, "S": 1, "block_size": 16, "is_causal": true}, "seed": 431, "status": "PASS", "call_event_ms": {"baseline": [0.013849599659442902, 0.013337600231170654, 0.013184000551700593, 0.013286399841308593], "candidate": [0.011392000317573547, 0.011161600053310395, 0.011110399663448334, 0.011033599823713302]}, "median_ms": {"baseline": 0.013312000036239623, "candidate": 0.011135999858379365}, "baseline_over_candidate": 1.195402317307225}
{"case": {"B": 4, "SEQ_LEN": 256, "H": 1, "HQ": 16, "D": 32, "S": 1, "block_size": 16, "is_causal": true}, "candidate": "baseline", "phase": "compile_correctness"}
{"case": {"B": 4, "SEQ_LEN": 256, "H": 1, "HQ": 16, "D": 32, "S": 1, "block_size": 16, "is_causal": true}, "candidate": "candidate", "phase": "compile_correctness"}
2026-09-07 13:24:26  [TileLang:tilelang.cache.kernel_cache:WARNING] (kernel_cache.py:342): Found kernel 'kernel' in memory cache. For better performance, consider using `@tilelang.jit` instead of direct kernel caching.
{"case": {"B": 4, "SEQ_LEN": 256, "H": 1, "HQ": 16, "D": 32, "S": 1, "block_size": 16, "is_causal": true}, "seed": 431, "status": "PASS", "call_event_ms": {"baseline": [0.01157120019197464, 0.010751999914646149, 0.010751999914646149, 0.010521599650382995], "candidate": [0.010931199789047242, 0.010675200074911118, 0.010649599879980088, 0.010726399719715118]}, "median_ms": {"baseline": 0.010751999914646149, "candidate": 0.010700799897313118}, "baseline_over_candidate": 1.0047846906609184}
{"case": {"B": 4, "SEQ_LEN": 256, "H": 1, "HQ": 16, "D": 64, "S": 1, "block_size": 16, "is_causal": true}, "candidate": "baseline", "phase": "compile_correctness"}
{"case": {"B": 4, "SEQ_LEN": 256, "H": 1, "HQ": 16, "D": 64, "S": 1, "block_size": 16, "is_causal": true}, "candidate": "candidate", "phase": "compile_correctness"}
2026-09-07 13:24:27  [TileLang:tilelang.cache.kernel_cache:WARNING] (kernel_cache.py:342): Found kernel 'kernel' in memory cache. For better performance, consider using `@tilelang.jit` instead of direct kernel caching.
{"case": {"B": 4, "SEQ_LEN": 256, "H": 1, "HQ": 16, "D": 64, "S": 1, "block_size": 16, "is_causal": true}, "seed": 431, "status": "PASS", "call_event_ms": {"baseline": [0.01154559999704361, 0.010982400178909302, 0.011059200018644333, 0.010828799754381179], "candidate": [0.011161600053310395, 0.011084800213575363, 0.011033599823713302, 0.01090560033917427]}, "median_ms": {"baseline": 0.011020800098776817, "candidate": 0.011059200018644333}, "baseline_over_candidate": 0.9965277850294073}
{"case": {"B": 4, "SEQ_LEN": 256, "H": 1, "HQ": 16, "D": 128, "S": 1, "block_size": 16, "is_causal": true}, "candidate": "baseline", "phase": "compile_correctness"}
{"case": {"B": 4, "SEQ_LEN": 256, "H": 1, "HQ": 16, "D": 128, "S": 1, "block_size": 16, "is_causal": true}, "candidate": "candidate", "phase": "compile_correctness"}
{"case": {"B": 4, "SEQ_LEN": 256, "H": 1, "HQ": 16, "D": 128, "S": 1, "block_size": 16, "is_causal": true}, "seed": 431, "status": "PASS", "call_event_ms": {"baseline": [0.019097599387168884, 0.018380799889564516, 0.018508799374103546, 0.018355199694633485], "candidate": [0.015667200088500977, 0.015462400019168853, 0.015385599434375763, 0.015564799308776855]}, "median_ms": {"baseline": 0.01844479963183403, "candidate": 0.015513599663972855}, "baseline_over_candidate": 1.1889438964103403}
{"case": {"B": 4, "SEQ_LEN": 512, "H": 1, "HQ": 16, "D": 32, "S": 1, "block_size": 16, "is_causal": true}, "candidate": "baseline", "phase": "compile_correctness"}
{"case": {"B": 4, "SEQ_LEN": 512, "H": 1, "HQ": 16, "D": 32, "S": 1, "block_size": 16, "is_causal": true}, "candidate": "candidate", "phase": "compile_correctness"}
2026-09-07 13:24:27  [TileLang:tilelang.cache.kernel_cache:WARNING] (kernel_cache.py:342): Found kernel 'kernel' in memory cache. For better performance, consider using `@tilelang.jit` instead of direct kernel caching.
{"case": {"B": 4, "SEQ_LEN": 512, "H": 1, "HQ": 16, "D": 32, "S": 1, "block_size": 16, "is_causal": true}, "seed": 431, "status": "PASS", "call_event_ms": {"baseline": [0.011852800101041793, 0.010828799754381179, 0.010572800040245056, 0.010598400235176086], "candidate": [0.011059200018644333, 0.010700800269842149, 0.010649599879980088, 0.010751999914646149]}, "median_ms": {"baseline": 0.010713599994778632, "candidate": 0.010726400092244149}, "baseline_over_candidate": 0.9988066735013201}
{"case": {"B": 4, "SEQ_LEN": 512, "H": 1, "HQ": 16, "D": 64, "S": 1, "block_size": 16, "is_causal": true}, "candidate": "baseline", "phase": "compile_correctness"}
{"case": {"B": 4, "SEQ_LEN": 512, "H": 1, "HQ": 16, "D": 64, "S": 1, "block_size": 16, "is_causal": true}, "candidate": "candidate", "phase": "compile_correctness"}
2026-09-07 13:24:27  [TileLang:tilelang.cache.kernel_cache:WARNING] (kernel_cache.py:342): Found kernel 'kernel' in memory cache. For better performance, consider using `@tilelang.jit` instead of direct kernel caching.
{"case": {"B": 4, "SEQ_LEN": 512, "H": 1, "HQ": 16, "D": 64, "S": 1, "block_size": 16, "is_causal": true}, "seed": 431, "status": "PASS", "call_event_ms": {"baseline": [0.01807360053062439, 0.017868800461292265, 0.017535999417304993, 0.018662400543689728], "candidate": [0.018559999763965607, 0.018611200153827667, 0.01825280040502548, 0.018406400084495546]}, "median_ms": {"baseline": 0.01797120049595833, "candidate": 0.018483199924230576}, "baseline_over_candidate": 0.9722991997938063}
{"case": {"B": 4, "SEQ_LEN": 512, "H": 1, "HQ": 16, "D": 128, "S": 1, "block_size": 16, "is_causal": true}, "candidate": "baseline", "phase": "compile_correctness"}
{"case": {"B": 4, "SEQ_LEN": 512, "H": 1, "HQ": 16, "D": 128, "S": 1, "block_size": 16, "is_causal": true}, "candidate": "candidate", "phase": "compile_correctness"}
{"case": {"B": 4, "SEQ_LEN": 512, "H": 1, "HQ": 16, "D": 128, "S": 1, "block_size": 16, "is_causal": true}, "seed": 431, "status": "PASS", "call_event_ms": {"baseline": [0.03617280125617981, 0.03537920117378235, 0.0352512001991272, 0.0352512001991272], "candidate": [0.029158401489257812, 0.028595200181007384, 0.02887679934501648, 0.028774398565292358]}, "median_ms": {"baseline": 0.03531520068645477, "candidate": 0.028825598955154418}, "baseline_over_candidate": 1.2251332831417168}
{"case": {"B": 4, "SEQ_LEN": 1024, "H": 1, "HQ": 16, "D": 32, "S": 1, "block_size": 16, "is_causal": true}, "candidate": "baseline", "phase": "compile_correctness"}
{"case": {"B": 4, "SEQ_LEN": 1024, "H": 1, "HQ": 16, "D": 32, "S": 1, "block_size": 16, "is_causal": true}, "candidate": "candidate", "phase": "compile_correctness"}
{"case": {"B": 4, "SEQ_LEN": 1024, "H": 1, "HQ": 16, "D": 32, "S": 1, "block_size": 16, "is_causal": true}, "seed": 431, "status": "PASS", "call_event_ms": {"baseline": [0.015718400478363037, 0.01515520066022873, 0.015334400534629821, 0.01518079936504364], "candidate": [0.014668799936771393, 0.014412799477577209, 0.014617599546909332, 0.014720000326633453]}, "median_ms": {"baseline": 0.01525759994983673, "candidate": 0.014643199741840363}, "baseline_over_candidate": 1.04195805690206}
{"case": {"B": 4, "SEQ_LEN": 1024, "H": 1, "HQ": 16, "D": 64, "S": 1, "block_size": 16, "is_causal": true}, "candidate": "baseline", "phase": "compile_correctness"}
{"case": {"B": 4, "SEQ_LEN": 1024, "H": 1, "HQ": 16, "D": 64, "S": 1, "block_size": 16, "is_causal": true}, "candidate": "candidate", "phase": "compile_correctness"}
2026-09-07 13:24:28  [TileLang:tilelang.cache.kernel_cache:WARNING] (kernel_cache.py:342): Found kernel 'kernel' in memory cache. For better performance, consider using `@tilelang.jit` instead of direct kernel caching.
{"case": {"B": 4, "SEQ_LEN": 1024, "H": 1, "HQ": 16, "D": 64, "S": 1, "block_size": 16, "is_causal": true}, "seed": 431, "status": "PASS", "call_event_ms": {"baseline": [0.02900480031967163, 0.029542401432991028, 0.029209598898887634, 0.029183998703956604], "candidate": [0.0304639995098114, 0.03031040132045746, 0.03056640028953552, 0.0302592009305954]}, "median_ms": {"baseline": 0.02919679880142212, "candidate": 0.03038720041513443}, "baseline_over_candidate": 0.9608255582136672}
{"case": {"B": 4, "SEQ_LEN": 1024, "H": 1, "HQ": 16, "D": 128, "S": 1, "block_size": 16, "is_causal": true}, "candidate": "baseline", "phase": "compile_correctness"}
{"case": {"B": 4, "SEQ_LEN": 1024, "H": 1, "HQ": 16, "D": 128, "S": 1, "block_size": 16, "is_causal": true}, "candidate": "candidate", "phase": "compile_correctness"}
{"case": {"B": 4, "SEQ_LEN": 1024, "H": 1, "HQ": 16, "D": 128, "S": 1, "block_size": 16, "is_causal": true}, "seed": 431, "status": "PASS", "call_event_ms": {"baseline": [0.05575680136680603, 0.05532159805297852, 0.05511680245399475, 0.05534719824790955], "candidate": [0.048640000820159915, 0.04779520034790039, 0.04792320132255554, 0.048563200235366824]}, "median_ms": {"baseline": 0.05533439815044403, "candidate": 0.04824320077896119}, "baseline_over_candidate": 1.1469885342801573}
{"case": {"B": 8, "SEQ_LEN": 64, "H": 1, "HQ": 16, "D": 32, "S": 1, "block_size": 16, "is_causal": true}, "candidate": "baseline", "phase": "compile_correctness"}
{"case": {"B": 8, "SEQ_LEN": 64, "H": 1, "HQ": 16, "D": 32, "S": 1, "block_size": 16, "is_causal": true}, "candidate": "candidate", "phase": "compile_correctness"}
2026-09-07 13:24:28  [TileLang:tilelang.cache.kernel_cache:WARNING] (kernel_cache.py:342): Found kernel 'kernel' in memory cache. For better performance, consider using `@tilelang.jit` instead of direct kernel caching.
{"case": {"B": 8, "SEQ_LEN": 64, "H": 1, "HQ": 16, "D": 32, "S": 1, "block_size": 16, "is_causal": true}, "seed": 431, "status": "PASS", "call_event_ms": {"baseline": [0.01157120019197464, 0.010623999685049058, 0.010700800269842149, 0.010496000200510025], "candidate": [0.01085439994931221, 0.010649599879980088, 0.010675200074911118, 0.010470400005578995]}, "median_ms": {"baseline": 0.010662399977445603, "candidate": 0.010662399977445603}, "baseline_over_candidate": 1.0}
{"case": {"B": 8, "SEQ_LEN": 64, "H": 1, "HQ": 16, "D": 64, "S": 1, "block_size": 16, "is_causal": true}, "candidate": "baseline", "phase": "compile_correctness"}
{"case": {"B": 8, "SEQ_LEN": 64, "H": 1, "HQ": 16, "D": 64, "S": 1, "block_size": 16, "is_causal": true}, "candidate": "candidate", "phase": "compile_correctness"}
2026-09-07 13:24:29  [TileLang:tilelang.cache.kernel_cache:WARNING] (kernel_cache.py:342): Found kernel 'kernel' in memory cache. For better performance, consider using `@tilelang.jit` instead of direct kernel caching.
{"case": {"B": 8, "SEQ_LEN": 64, "H": 1, "HQ": 16, "D": 64, "S": 1, "block_size": 16, "is_causal": true}, "seed": 431, "status": "PASS", "call_event_ms": {"baseline": [0.011673600226640702, 0.01085439994931221, 0.010956799983978272, 0.010649599879980088], "candidate": [0.011315199732780456, 0.01085439994931221, 0.01080320030450821, 0.01090560033917427]}, "median_ms": {"baseline": 0.010905599966645241, "candidate": 0.01088000014424324}, "baseline_over_candidate": 1.002352924821931}
{"case": {"B": 8, "SEQ_LEN": 64, "H": 1, "HQ": 16, "D": 128, "S": 1, "block_size": 16, "is_causal": true}, "candidate": "baseline", "phase": "compile_correctness"}
{"case": {"B": 8, "SEQ_LEN": 64, "H": 1, "HQ": 16, "D": 128, "S": 1, "block_size": 16, "is_causal": true}, "candidate": "candidate", "phase": "compile_correctness"}
{"case": {"B": 8, "SEQ_LEN": 64, "H": 1, "HQ": 16, "D": 128, "S": 1, "block_size": 16, "is_causal": true}, "seed": 431, "status": "PASS", "call_event_ms": {"baseline": [0.013593600690364837, 0.013132800161838532, 0.013286399841308593, 0.013158400356769562], "candidate": [0.011340799927711486, 0.011007999628782272, 0.011161600053310395, 0.011007999628782272]}, "median_ms": {"baseline": 0.013222400099039078, "candidate": 0.011084799841046333}, "baseline_over_candidate": 1.1928406726910252}
{"case": {"B": 8, "SEQ_LEN": 128, "H": 1, "HQ": 16, "D": 32, "S": 1, "block_size": 16, "is_causal": true}, "candidate": "baseline", "phase": "compile_correctness"}
{"case": {"B": 8, "SEQ_LEN": 128, "H": 1, "HQ": 16, "D": 32, "S": 1, "block_size": 16, "is_causal": true}, "candidate": "candidate", "phase": "compile_correctness"}
2026-09-07 13:24:29  [TileLang:tilelang.cache.kernel_cache:WARNING] (kernel_cache.py:342): Found kernel 'kernel' in memory cache. For better performance, consider using `@tilelang.jit` instead of direct kernel caching.
{"case": {"B": 8, "SEQ_LEN": 128, "H": 1, "HQ": 16, "D": 32, "S": 1, "block_size": 16, "is_causal": true}, "seed": 431, "status": "PASS", "call_event_ms": {"baseline": [0.011648000031709672, 0.010598400235176086, 0.010828799754381179, 0.010726399719715118], "candidate": [0.010675200074911118, 0.01080320030450821, 0.010623999685049058, 0.010649599879980088]}, "median_ms": {"baseline": 0.010777599737048149, "candidate": 0.010662399977445603}, "baseline_over_candidate": 1.0108042992052662}
{"case": {"B": 8, "SEQ_LEN": 128, "H": 1, "HQ": 16, "D": 64, "S": 1, "block_size": 16, "is_causal": true}, "candidate": "baseline", "phase": "compile_correctness"}
{"case": {"B": 8, "SEQ_LEN": 128, "H": 1, "HQ": 16, "D": 64, "S": 1, "block_size": 16, "is_causal": true}, "candidate": "candidate", "phase": "compile_correctness"}
2026-09-07 13:24:29  [TileLang:tilelang.cache.kernel_cache:WARNING] (kernel_cache.py:342): Found kernel 'kernel' in memory cache. For better performance, consider using `@tilelang.jit` instead of direct kernel caching.
{"case": {"B": 8, "SEQ_LEN": 128, "H": 1, "HQ": 16, "D": 64, "S": 1, "block_size": 16, "is_causal": true}, "seed": 431, "status": "PASS", "call_event_ms": {"baseline": [0.011673600226640702, 0.010649599879980088, 0.010623999685049058, 0.010623999685049058], "candidate": [0.011135999858379365, 0.011110399663448334, 0.01080320030450821, 0.010751999914646149]}, "median_ms": {"baseline": 0.010636799782514573, "candidate": 0.010956799983978272}, "baseline_over_candidate": 0.9707943740935653}
{"case": {"B": 8, "SEQ_LEN": 128, "H": 1, "HQ": 16, "D": 128, "S": 1, "block_size": 16, "is_causal": true}, "candidate": "baseline", "phase": "compile_correctness"}
{"case": {"B": 8, "SEQ_LEN": 128, "H": 1, "HQ": 16, "D": 128, "S": 1, "block_size": 16, "is_causal": true}, "candidate": "candidate", "phase": "compile_correctness"}
{"case": {"B": 8, "SEQ_LEN": 128, "H": 1, "HQ": 16, "D": 128, "S": 1, "block_size": 16, "is_causal": true}, "seed": 431, "status": "PASS", "call_event_ms": {"baseline": [0.019225600361824035, 0.018508799374103546, 0.018713599443435668, 0.018559999763965607], "candidate": [0.016025599837303162, 0.015897600352764128, 0.015897600352764128, 0.015846399962902068]}, "median_ms": {"baseline": 0.018636799603700637, "candidate": 0.015897600352764128}, "baseline_over_candidate": 1.1723026865787478}
{"case": {"B": 8, "SEQ_LEN": 256, "H": 1, "HQ": 16, "D": 32, "S": 1, "block_size": 16, "is_causal": true}, "candidate": "baseline", "phase": "compile_correctness"}
{"case": {"B": 8, "SEQ_LEN": 256, "H": 1, "HQ": 16, "D": 32, "S": 1, "block_size": 16, "is_causal": true}, "candidate": "candidate", "phase": "compile_correctness"}
2026-09-07 13:24:30  [TileLang:tilelang.cache.kernel_cache:WARNING] (kernel_cache.py:342): Found kernel 'kernel' in memory cache. For better performance, consider using `@tilelang.jit` instead of direct kernel caching.
{"case": {"B": 8, "SEQ_LEN": 256, "H": 1, "HQ": 16, "D": 32, "S": 1, "block_size": 16, "is_causal": true}, "seed": 431, "status": "PASS", "call_event_ms": {"baseline": [0.011776000261306763, 0.010956799983978272, 0.011007999628782272, 0.011110399663448334], "candidate": [0.011238399893045425, 0.010931199789047242, 0.010700800269842149, 0.010751999914646149]}, "median_ms": {"baseline": 0.011059199646115302, "candidate": 0.010841599851846694}, "baseline_over_candidate": 1.0200708195508197}
{"case": {"B": 8, "SEQ_LEN": 256, "H": 1, "HQ": 16, "D": 64, "S": 1, "block_size": 16, "is_causal": true}, "candidate": "baseline", "phase": "compile_correctness"}
{"case": {"B": 8, "SEQ_LEN": 256, "H": 1, "HQ": 16, "D": 64, "S": 1, "block_size": 16, "is_causal": true}, "candidate": "candidate", "phase": "compile_correctness"}
2026-09-07 13:24:30  [TileLang:tilelang.cache.kernel_cache:WARNING] (kernel_cache.py:342): Found kernel 'kernel' in memory cache. For better performance, consider using `@tilelang.jit` instead of direct kernel caching.
{"case": {"B": 8, "SEQ_LEN": 256, "H": 1, "HQ": 16, "D": 64, "S": 1, "block_size": 16, "is_causal": true}, "seed": 431, "status": "PASS", "call_event_ms": {"baseline": [0.017766399681568144, 0.01802240014076233, 0.01804800033569336, 0.01802240014076233], "candidate": [0.018406400084495546, 0.01825280040502548, 0.018406400084495546, 0.018329599499702455]}, "median_ms": {"baseline": 0.01802240014076233, "candidate": 0.018367999792099}, "baseline_over_candidate": 0.9811846877586894}
{"case": {"B": 8, "SEQ_LEN": 256, "H": 1, "HQ": 16, "D": 128, "S": 1, "block_size": 16, "is_causal": true}, "candidate": "baseline", "phase": "compile_correctness"}
{"case": {"B": 8, "SEQ_LEN": 256, "H": 1, "HQ": 16, "D": 128, "S": 1, "block_size": 16, "is_causal": true}, "candidate": "candidate", "phase": "compile_correctness"}
{"case": {"B": 8, "SEQ_LEN": 256, "H": 1, "HQ": 16, "D": 128, "S": 1, "block_size": 16, "is_causal": true}, "seed": 431, "status": "PASS", "call_event_ms": {"baseline": [0.035174399614334106, 0.034457600116729735, 0.034406399726867674, 0.034585601091384886], "candidate": [0.028646400570869444, 0.028723201155662535, 0.028543999791145323, 0.029209598898887634]}, "median_ms": {"baseline": 0.03452160060405731, "candidate": 0.02868480086326599}, "baseline_over_candidate": 1.2034805738625844}
{"case": {"B": 8, "SEQ_LEN": 512, "H": 1, "HQ": 16, "D": 32, "S": 1, "block_size": 16, "is_causal": true}, "candidate": "baseline", "phase": "compile_correctness"}
{"case": {"B": 8, "SEQ_LEN": 512, "H": 1, "HQ": 16, "D": 32, "S": 1, "block_size": 16, "is_causal": true}, "candidate": "candidate", "phase": "compile_correctness"}
{"case": {"B": 8, "SEQ_LEN": 512, "H": 1, "HQ": 16, "D": 32, "S": 1, "block_size": 16, "is_causal": true}, "seed": 431, "status": "PASS", "call_event_ms": {"baseline": [0.015999999642372132, 0.015334400534629821, 0.01515520066022873, 0.01510400027036667], "candidate": [0.014822399616241455, 0.014668799936771393, 0.014643199741840363, 0.014643199741840363]}, "median_ms": {"baseline": 0.015244800597429276, "candidate": 0.014655999839305878}, "baseline_over_candidate": 1.0401747246574262}
{"case": {"B": 8, "SEQ_LEN": 512, "H": 1, "HQ": 16, "D": 64, "S": 1, "block_size": 16, "is_causal": true}, "candidate": "baseline", "phase": "compile_correctness"}
{"case": {"B": 8, "SEQ_LEN": 512, "H": 1, "HQ": 16, "D": 64, "S": 1, "block_size": 16, "is_causal": true}, "candidate": "candidate", "phase": "compile_correctness"}
2026-09-07 13:24:31  [TileLang:tilelang.cache.kernel_cache:WARNING] (kernel_cache.py:342): Found kernel 'kernel' in memory cache. For better performance, consider using `@tilelang.jit` instead of direct kernel caching.
{"case": {"B": 8, "SEQ_LEN": 512, "H": 1, "HQ": 16, "D": 64, "S": 1, "block_size": 16, "is_causal": true}, "seed": 431, "status": "PASS", "call_event_ms": {"baseline": [0.029721599817276, 0.029516801238059998, 0.029260799288749695, 0.029414400458335876], "candidate": [0.03118079900741577, 0.03033599853515625, 0.030694401264190672, 0.030771198868751525]}, "median_ms": {"baseline": 0.029465600848197937, "candidate": 0.030732800066471097}, "baseline_over_candidate": 0.9587672058669444}
{"case": {"B": 8, "SEQ_LEN": 512, "H": 1, "HQ": 16, "D": 128, "S": 1, "block_size": 16, "is_causal": true}, "candidate": "baseline", "phase": "compile_correctness"}
{"case": {"B": 8, "SEQ_LEN": 512, "H": 1, "HQ": 16, "D": 128, "S": 1, "block_size": 16, "is_causal": true}, "candidate": "candidate", "phase": "compile_correctness"}
{"case": {"B": 8, "SEQ_LEN": 512, "H": 1, "HQ": 16, "D": 128, "S": 1, "block_size": 16, "is_causal": true}, "seed": 431, "status": "PASS", "call_event_ms": {"baseline": [0.05631999969482422, 0.05588480234146118, 0.05614079833030701, 0.05644800066947937], "candidate": [0.04766719937324524, 0.04802559912204742, 0.04779520034790039, 0.0469760000705719]}, "median_ms": {"baseline": 0.056230399012565616, "candidate": 0.047731199860572816}, "baseline_over_candidate": 1.1780638068353557}
{"case": {"B": 8, "SEQ_LEN": 1024, "H": 1, "HQ": 16, "D": 32, "S": 1, "block_size": 16, "is_causal": true}, "candidate": "baseline", "phase": "compile_correctness"}
{"case": {"B": 8, "SEQ_LEN": 1024, "H": 1, "HQ": 16, "D": 32, "S": 1, "block_size": 16, "is_causal": true}, "candidate": "candidate", "phase": "compile_correctness"}
{"case": {"B": 8, "SEQ_LEN": 1024, "H": 1, "HQ": 16, "D": 32, "S": 1, "block_size": 16, "is_causal": true}, "seed": 431, "status": "PASS", "call_event_ms": {"baseline": [0.024959999322891235, 0.024320000410079957, 0.024243199825286867, 0.02447360008955002], "candidate": [0.02385919988155365, 0.023423999547958374, 0.023398399353027344, 0.023603199422359465]}, "median_ms": {"baseline": 0.024396800249814988, "candidate": 0.02351359948515892}, "baseline_over_candidate": 1.037561274496213}
{"case": {"B": 8, "SEQ_LEN": 1024, "H": 1, "HQ": 16, "D": 64, "S": 1, "block_size": 16, "is_causal": true}, "candidate": "baseline", "phase": "compile_correctness"}
{"case": {"B": 8, "SEQ_LEN": 1024, "H": 1, "HQ": 16, "D": 64, "S": 1, "block_size": 16, "is_causal": true}, "candidate": "candidate", "phase": "compile_correctness"}
2026-09-07 13:24:32  [TileLang:tilelang.cache.kernel_cache:WARNING] (kernel_cache.py:342): Found kernel 'kernel' in memory cache. For better performance, consider using `@tilelang.jit` instead of direct kernel caching.
{"case": {"B": 8, "SEQ_LEN": 1024, "H": 1, "HQ": 16, "D": 64, "S": 1, "block_size": 16, "is_causal": true}, "seed": 431, "status": "PASS", "call_event_ms": {"baseline": [0.048537600040435794, 0.048588800430297854, 0.048511999845504764, 0.04835839867591858], "candidate": [0.04910080134868622, 0.048793599009513855, 0.04930559992790222, 0.04938240051269531]}, "median_ms": {"baseline": 0.04852479994297028, "candidate": 0.04920320063829422}, "baseline_over_candidate": 0.9862122649233523}
{"case": {"B": 8, "SEQ_LEN": 1024, "H": 1, "HQ": 16, "D": 128, "S": 1, "block_size": 16, "is_causal": true}, "candidate": "baseline", "phase": "compile_correctness"}
{"case": {"B": 8, "SEQ_LEN": 1024, "H": 1, "HQ": 16, "D": 128, "S": 1, "block_size": 16, "is_causal": true}, "candidate": "candidate", "phase": "compile_correctness"}
{"case": {"B": 8, "SEQ_LEN": 1024, "H": 1, "HQ": 16, "D": 128, "S": 1, "block_size": 16, "is_causal": true}, "seed": 431, "status": "PASS", "call_event_ms": {"baseline": [0.09779199957847595, 0.09873920083045959, 0.0969983994960785, 0.09710080027580262], "candidate": [0.08616960048675537, 0.08578559756278992, 0.0855296015739441, 0.085452800989151]}, "median_ms": {"baseline": 0.09744639992713929, "candidate": 0.08565759956836701}, "baseline_over_candidate": 1.1376270222160865}
{"case": {"B": 1, "SEQ_LEN": 256, "H": 1, "HQ": 16, "D": 64, "S": 1, "block_size": 32, "is_causal": true}, "candidate": "baseline", "phase": "compile_correctness"}
{"case": {"B": 1, "SEQ_LEN": 256, "H": 1, "HQ": 16, "D": 64, "S": 1, "block_size": 32, "is_causal": true}, "candidate": "candidate", "phase": "compile_correctness"}
2026-09-07 13:24:32  [TileLang:tilelang.cache.kernel_cache:WARNING] (kernel_cache.py:342): Found kernel 'kernel' in memory cache. For better performance, consider using `@tilelang.jit` instead of direct kernel caching.
{"case": {"B": 1, "SEQ_LEN": 256, "H": 1, "HQ": 16, "D": 64, "S": 1, "block_size": 32, "is_causal": true}, "seed": 431, "status": "PASS", "call_event_ms": {"baseline": [0.011443199962377549, 0.010572800040245056, 0.010496000200510025, 0.010470400005578995], "candidate": [0.010700800269842149, 0.010649599879980088, 0.010700800269842149, 0.010572800040245056]}, "median_ms": {"baseline": 0.01053440012037754, "candidate": 0.010675200074911118}, "baseline_over_candidate": 0.9868105559103771}
{"case": {"B": 1, "SEQ_LEN": 256, "H": 1, "HQ": 16, "D": 64, "S": 1, "block_size": 64, "is_causal": true}, "candidate": "baseline", "phase": "compile_correctness"}
{"case": {"B": 1, "SEQ_LEN": 256, "H": 1, "HQ": 16, "D": 64, "S": 1, "block_size": 64, "is_causal": true}, "candidate": "candidate", "phase": "compile_correctness"}
2026-09-07 13:24:32  [TileLang:tilelang.cache.kernel_cache:WARNING] (kernel_cache.py:342): Found kernel 'kernel' in memory cache. For better performance, consider using `@tilelang.jit` instead of direct kernel caching.
{"case": {"B": 1, "SEQ_LEN": 256, "H": 1, "HQ": 16, "D": 64, "S": 1, "block_size": 64, "is_causal": true}, "seed": 431, "status": "PASS", "call_event_ms": {"baseline": [0.014207999408245086, 0.014131200313568116, 0.014105600118637086, 0.014182400703430176], "candidate": [0.014310400187969207, 0.014156800508499146, 0.014105600118637086, 0.014105600118637086]}, "median_ms": {"baseline": 0.014156800508499146, "candidate": 0.014131200313568116}, "baseline_over_candidate": 1.0018116079570714}
{"case": {"B": 1, "SEQ_LEN": 512, "H": 1, "HQ": 16, "D": 64, "S": 1, "block_size": 32, "is_causal": true}, "candidate": "baseline", "phase": "compile_correctness"}
{"case": {"B": 1, "SEQ_LEN": 512, "H": 1, "HQ": 16, "D": 64, "S": 1, "block_size": 32, "is_causal": true}, "candidate": "candidate", "phase": "compile_correctness"}
2026-09-07 13:24:32  [TileLang:tilelang.cache.kernel_cache:WARNING] (kernel_cache.py:342): Found kernel 'kernel' in memory cache. For better performance, consider using `@tilelang.jit` instead of direct kernel caching.
{"case": {"B": 1, "SEQ_LEN": 512, "H": 1, "HQ": 16, "D": 64, "S": 1, "block_size": 32, "is_causal": true}, "seed": 431, "status": "PASS", "call_event_ms": {"baseline": [0.011494400352239609, 0.01080320030450821, 0.010675200074911118, 0.010675200074911118], "candidate": [0.010931199789047242, 0.01080320030450821, 0.010700800269842149, 0.010777600109577179]}, "median_ms": {"baseline": 0.010739200189709664, "candidate": 0.010790400207042694}, "baseline_over_candidate": 0.9952550400030934}
{"case": {"B": 1, "SEQ_LEN": 512, "H": 1, "HQ": 16, "D": 64, "S": 1, "block_size": 64, "is_causal": true}, "candidate": "baseline", "phase": "compile_correctness"}
{"case": {"B": 1, "SEQ_LEN": 512, "H": 1, "HQ": 16, "D": 64, "S": 1, "block_size": 64, "is_causal": true}, "candidate": "candidate", "phase": "compile_correctness"}
2026-09-07 13:24:33  [TileLang:tilelang.cache.kernel_cache:WARNING] (kernel_cache.py:342): Found kernel 'kernel' in memory cache. For better performance, consider using `@tilelang.jit` instead of direct kernel caching.
{"case": {"B": 1, "SEQ_LEN": 512, "H": 1, "HQ": 16, "D": 64, "S": 1, "block_size": 64, "is_causal": true}, "seed": 431, "status": "PASS", "call_event_ms": {"baseline": [0.01681919991970062, 0.01669120043516159, 0.01664000004529953, 0.01646080017089844], "candidate": [0.01674239933490753, 0.01666560024023056, 0.01643519997596741, 0.01653759926557541]}, "median_ms": {"baseline": 0.01666560024023056, "candidate": 0.016601599752902985}, "baseline_over_candidate": 1.0038550795272838}
{"case": {"B": 1, "SEQ_LEN": 512, "H": 1, "HQ": 16, "D": 128, "S": 1, "block_size": 32, "is_causal": true}, "candidate": "baseline", "phase": "compile_correctness"}
{"case": {"B": 1, "SEQ_LEN": 512, "H": 1, "HQ": 16, "D": 128, "S": 1, "block_size": 32, "is_causal": true}, "candidate": "candidate", "phase": "compile_correctness"}
{"case": {"B": 1, "SEQ_LEN": 512, "H": 1, "HQ": 16, "D": 128, "S": 1, "block_size": 32, "is_causal": true}, "seed": 431, "status": "PASS", "call_event_ms": {"baseline": [0.018457600474357606, 0.017664000391960144, 0.017638400197029114, 0.017638400197029114], "candidate": [0.015385599434375763, 0.01518079936504364, 0.0151296004652977, 0.0152319997549057]}, "median_ms": {"baseline": 0.01765120029449463, "candidate": 0.01520639955997467}, "baseline_over_candidate": 1.1607744637300608}
{"case": {"B": 2, "SEQ_LEN": 256, "H": 1, "HQ": 16, "D": 64, "S": 1, "block_size": 64, "is_causal": true}, "candidate": "baseline", "phase": "compile_correctness"}
{"case": {"B": 2, "SEQ_LEN": 256, "H": 1, "HQ": 16, "D": 64, "S": 1, "block_size": 64, "is_causal": true}, "candidate": "candidate", "phase": "compile_correctness"}
2026-09-07 13:24:33  [TileLang:tilelang.cache.kernel_cache:WARNING] (kernel_cache.py:342): Found kernel 'kernel' in memory cache. For better performance, consider using `@tilelang.jit` instead of direct kernel caching.
{"case": {"B": 2, "SEQ_LEN": 256, "H": 1, "HQ": 16, "D": 64, "S": 1, "block_size": 64, "is_causal": true}, "seed": 431, "status": "PASS", "call_event_ms": {"baseline": [0.016358399391174318, 0.016307200491428375, 0.016358399391174318, 0.016332800686359405], "candidate": [0.01648640036582947, 0.016332800686359405, 0.01640959978103638, 0.016332800686359405]}, "median_ms": {"baseline": 0.01634560003876686, "candidate": 0.01637120023369789}, "baseline_over_candidate": 0.998436266457829}
{"case": {"B": 4, "SEQ_LEN": 128, "H": 1, "HQ": 16, "D": 64, "S": 1, "block_size": 32, "is_causal": true}, "candidate": "baseline", "phase": "compile_correctness"}
{"case": {"B": 4, "SEQ_LEN": 128, "H": 1, "HQ": 16, "D": 64, "S": 1, "block_size": 32, "is_causal": true}, "candidate": "candidate", "phase": "compile_correctness"}
2026-09-07 13:24:33  [TileLang:tilelang.cache.kernel_cache:WARNING] (kernel_cache.py:342): Found kernel 'kernel' in memory cache. For better performance, consider using `@tilelang.jit` instead of direct kernel caching.
{"case": {"B": 4, "SEQ_LEN": 128, "H": 1, "HQ": 16, "D": 64, "S": 1, "block_size": 32, "is_causal": true}, "seed": 431, "status": "PASS", "call_event_ms": {"baseline": [0.011315199732780456, 0.010931199789047242, 0.01085439994931221, 0.010828799754381179], "candidate": [0.010956799983978272, 0.01088000014424324, 0.01088000014424324, 0.011699199676513672]}, "median_ms": {"baseline": 0.010892799869179726, "candidate": 0.010918400064110757}, "baseline_over_candidate": 0.9976553162752133}
{"case": {"B": 4, "SEQ_LEN": 128, "H": 1, "HQ": 16, "D": 64, "S": 1, "block_size": 64, "is_causal": true}, "candidate": "baseline", "phase": "compile_correctness"}
{"case": {"B": 4, "SEQ_LEN": 128, "H": 1, "HQ": 16, "D": 64, "S": 1, "block_size": 64, "is_causal": true}, "candidate": "candidate", "phase": "compile_correctness"}
2026-09-07 13:24:34  [TileLang:tilelang.cache.kernel_cache:WARNING] (kernel_cache.py:342): Found kernel 'kernel' in memory cache. For better performance, consider using `@tilelang.jit` instead of direct kernel caching.
{"case": {"B": 4, "SEQ_LEN": 128, "H": 1, "HQ": 16, "D": 64, "S": 1, "block_size": 64, "is_causal": true}, "seed": 431, "status": "PASS", "call_event_ms": {"baseline": [0.016307200491428375, 0.016153599321842193, 0.016256000101566314, 0.016230399906635284], "candidate": [0.01646080017089844, 0.016230399906635284, 0.016256000101566314, 0.016998399794101716]}, "median_ms": {"baseline": 0.0162432000041008, "candidate": 0.016358400136232375}, "baseline_over_candidate": 0.9929577384602288}
{"case": {"B": 2, "SEQ_LEN": 512, "H": 1, "HQ": 16, "D": 128, "S": 1, "block_size": 32, "is_causal": true}, "candidate": "baseline", "phase": "compile_correctness"}
{"case": {"B": 2, "SEQ_LEN": 512, "H": 1, "HQ": 16, "D": 128, "S": 1, "block_size": 32, "is_causal": true}, "candidate": "candidate", "phase": "compile_correctness"}
{"case": {"B": 2, "SEQ_LEN": 512, "H": 1, "HQ": 16, "D": 128, "S": 1, "block_size": 32, "is_causal": true}, "seed": 431, "status": "PASS", "call_event_ms": {"baseline": [0.02467840015888214, 0.024371199309825897, 0.024371199309825897, 0.024447999894618988], "candidate": [0.02176000028848648, 0.021350400149822236, 0.02181120067834854, 0.021580800414085388]}, "median_ms": {"baseline": 0.024409599602222443, "candidate": 0.021670400351285934}, "baseline_over_candidate": 1.1264027985885348}
{"case": {"B": 4, "SEQ_LEN": 1024, "H": 1, "HQ": 16, "D": 128, "S": 1, "block_size": 32, "is_causal": true}, "candidate": "baseline", "phase": "compile_correctness"}
{"case": {"B": 4, "SEQ_LEN": 1024, "H": 1, "HQ": 16, "D": 128, "S": 1, "block_size": 32, "is_causal": true}, "candidate": "candidate", "phase": "compile_correctness"}
{"case": {"B": 4, "SEQ_LEN": 1024, "H": 1, "HQ": 16, "D": 128, "S": 1, "block_size": 32, "is_causal": true}, "seed": 431, "status": "PASS", "call_event_ms": {"baseline": [0.08025599718093872, 0.07982079982757569, 0.07964159846305847, 0.07928320169448852], "candidate": [0.05928959846496582, 0.05928959846496582, 0.05926399827003479, 0.05941759943962097]}, "median_ms": {"baseline": 0.07973119914531708, "candidate": 0.05928959846496582}, "baseline_over_candidate": 1.3447754953582656}
{"case": {"B": 8, "SEQ_LEN": 512, "H": 1, "HQ": 16, "D": 128, "S": 1, "block_size": 32, "is_causal": true}, "candidate": "baseline", "phase": "compile_correctness"}
{"case": {"B": 8, "SEQ_LEN": 512, "H": 1, "HQ": 16, "D": 128, "S": 1, "block_size": 32, "is_causal": true}, "candidate": "candidate", "phase": "compile_correctness"}
{"case": {"B": 8, "SEQ_LEN": 512, "H": 1, "HQ": 16, "D": 128, "S": 1, "block_size": 32, "is_causal": true}, "seed": 431, "status": "PASS", "call_event_ms": {"baseline": [0.08161280155181885, 0.08081920146942138, 0.08084480166435241, 0.08064000010490417], "candidate": [0.059699201583862306, 0.05928959846496582, 0.059468799829483034, 0.0591871976852417]}, "median_ms": {"baseline": 0.0808320015668869, "candidate": 0.05937919914722443}, "baseline_over_candidate": 1.361284805584402}
{"case": {"B": 1, "SEQ_LEN": 256, "H": 2, "HQ": 32, "D": 64, "S": 1, "block_size": 16, "is_causal": true}, "candidate": "baseline", "phase": "compile_correctness"}
{"case": {"B": 1, "SEQ_LEN": 256, "H": 2, "HQ": 32, "D": 64, "S": 1, "block_size": 16, "is_causal": true}, "candidate": "candidate", "phase": "compile_correctness"}
2026-09-07 13:24:34  [TileLang:tilelang.cache.kernel_cache:WARNING] (kernel_cache.py:342): Found kernel 'kernel' in memory cache. For better performance, consider using `@tilelang.jit` instead of direct kernel caching.
{"case": {"B": 1, "SEQ_LEN": 256, "H": 2, "HQ": 32, "D": 64, "S": 1, "block_size": 16, "is_causal": true}, "seed": 431, "status": "PASS", "call_event_ms": {"baseline": [0.011699199676513672, 0.010726399719715118, 0.010726399719715118, 0.01085439994931221], "candidate": [0.011084800213575363, 0.010726399719715118, 0.011007999628782272, 0.01088000014424324]}, "median_ms": {"baseline": 0.010790399834513664, "candidate": 0.010943999886512755}, "baseline_over_candidate": 0.9859649073837815}
{"case": {"B": 2, "SEQ_LEN": 512, "H": 2, "HQ": 32, "D": 64, "S": 1, "block_size": 16, "is_causal": true}, "candidate": "baseline", "phase": "compile_correctness"}
{"case": {"B": 2, "SEQ_LEN": 512, "H": 2, "HQ": 32, "D": 64, "S": 1, "block_size": 16, "is_causal": true}, "candidate": "candidate", "phase": "compile_correctness"}
2026-09-07 13:24:35  [TileLang:tilelang.cache.kernel_cache:WARNING] (kernel_cache.py:342): Found kernel 'kernel' in memory cache. For better performance, consider using `@tilelang.jit` instead of direct kernel caching.
{"case": {"B": 2, "SEQ_LEN": 512, "H": 2, "HQ": 32, "D": 64, "S": 1, "block_size": 16, "is_causal": true}, "seed": 431, "status": "PASS", "call_event_ms": {"baseline": [0.018329599499702455, 0.018432000279426576, 0.01802240014076233, 0.018457600474357606], "candidate": [0.01815039962530136, 0.018355199694633485, 0.017740799486637114, 0.017638400197029114]}, "median_ms": {"baseline": 0.018380799889564516, "candidate": 0.017945599555969236}, "baseline_over_candidate": 1.0242510890894432}
{"case": {"B": 1, "SEQ_LEN": 512, "H": 2, "HQ": 32, "D": 128, "S": 1, "block_size": 16, "is_causal": true}, "candidate": "baseline", "phase": "compile_correctness"}
{"case": {"B": 1, "SEQ_LEN": 512, "H": 2, "HQ": 32, "D": 128, "S": 1, "block_size": 16, "is_causal": true}, "candidate": "candidate", "phase": "compile_correctness"}
{"case": {"B": 1, "SEQ_LEN": 512, "H": 2, "HQ": 32, "D": 128, "S": 1, "block_size": 16, "is_causal": true}, "seed": 431, "status": "PASS", "call_event_ms": {"baseline": [0.019251200556755065, 0.018508799374103546, 0.018713599443435668, 0.018483200669288637], "candidate": [0.01681919991970062, 0.01671680063009262, 0.016383999586105348, 0.0165120005607605]}, "median_ms": {"baseline": 0.018611199408769607, "candidate": 0.01661440059542656}, "baseline_over_candidate": 1.1201848241153343}
{"case": {"B": 1, "SEQ_LEN": 256, "H": 1, "HQ": 16, "D": 64, "S": 2, "block_size": 16, "is_causal": true}, "candidate": "baseline", "phase": "compile_correctness"}
{"case": {"B": 1, "SEQ_LEN": 256, "H": 1, "HQ": 16, "D": 64, "S": 2, "block_size": 16, "is_causal": true}, "candidate": "candidate", "phase": "compile_correctness"}
{"case": {"B": 1, "SEQ_LEN": 256, "H": 1, "HQ": 16, "D": 64, "S": 2, "block_size": 16, "is_causal": true}, "seed": 431, "status": "PASS", "call_event_ms": {"baseline": [0.011980800330638886, 0.011264000087976456, 0.011007999628782272, 0.010751999914646149], "candidate": [0.011443199962377549, 0.011084800213575363, 0.010751999914646149, 0.010956799983978272]}, "median_ms": {"baseline": 0.011135999858379365, "candidate": 0.011020800098776817}, "baseline_over_candidate": 1.0104529397657194}
{"case": {"B": 2, "SEQ_LEN": 512, "H": 1, "HQ": 16, "D": 64, "S": 2, "block_size": 16, "is_causal": true}, "candidate": "baseline", "phase": "compile_correctness"}
{"case": {"B": 2, "SEQ_LEN": 512, "H": 1, "HQ": 16, "D": 64, "S": 2, "block_size": 16, "is_causal": true}, "candidate": "candidate", "phase": "compile_correctness"}
{"case": {"B": 2, "SEQ_LEN": 512, "H": 1, "HQ": 16, "D": 64, "S": 2, "block_size": 16, "is_causal": true}, "seed": 431, "status": "PASS", "call_event_ms": {"baseline": [0.019865599274635316, 0.01943040043115616, 0.01953279972076416, 0.019123199582099914], "candidate": [0.012825599312782288, 0.012800000607967377, 0.012697599828243256, 0.012646399438381195]}, "median_ms": {"baseline": 0.01948160007596016, "candidate": 0.012748800218105316}, "baseline_over_candidate": 1.528112429614608}
{"case": {"B": 4, "SEQ_LEN": 1024, "H": 1, "HQ": 16, "D": 64, "S": 2, "block_size": 16, "is_causal": true}, "candidate": "baseline", "phase": "compile_correctness"}
{"case": {"B": 4, "SEQ_LEN": 1024, "H": 1, "HQ": 16, "D": 64, "S": 2, "block_size": 16, "is_causal": true}, "candidate": "candidate", "phase": "compile_correctness"}
{"case": {"B": 4, "SEQ_LEN": 1024, "H": 1, "HQ": 16, "D": 64, "S": 2, "block_size": 16, "is_causal": true}, "seed": 431, "status": "PASS", "call_event_ms": {"baseline": [0.050892800092697144, 0.050406402349472045, 0.05030400156974792, 0.04997119903564453], "candidate": [0.03578880131244659, 0.03566080033779144, 0.0357120007276535, 0.03576320111751556]}, "median_ms": {"baseline": 0.050355201959609984, "candidate": 0.03573760092258453}, "baseline_over_candidate": 1.4090258064241743}
{"case": {"B": 1, "SEQ_LEN": 256, "H": 1, "HQ": 16, "D": 64, "S": 4, "block_size": 16, "is_causal": true}, "candidate": "baseline", "phase": "compile_correctness"}
{"case": {"B": 1, "SEQ_LEN": 256, "H": 1, "HQ": 16, "D": 64, "S": 4, "block_size": 16, "is_causal": true}, "candidate": "candidate", "phase": "compile_correctness"}
{"case": {"B": 1, "SEQ_LEN": 256, "H": 1, "HQ": 16, "D": 64, "S": 4, "block_size": 16, "is_causal": true}, "seed": 431, "status": "PASS", "call_event_ms": {"baseline": [0.016179199516773223, 0.01594880074262619, 0.015872000157833098, 0.015718400478363037], "candidate": [0.012160000205039979, 0.012134400010108948, 0.011878400295972823, 0.011929599940776825]}, "median_ms": {"baseline": 0.015910400450229643, "candidate": 0.012031999975442888}, "baseline_over_candidate": 1.3223404656501418}
{"case": {"B": 2, "SEQ_LEN": 512, "H": 1, "HQ": 16, "D": 64, "S": 4, "block_size": 16, "is_causal": true}, "candidate": "baseline", "phase": "compile_correctness"}
{"case": {"B": 2, "SEQ_LEN": 512, "H": 1, "HQ": 16, "D": 64, "S": 4, "block_size": 16, "is_causal": true}, "candidate": "candidate", "phase": "compile_correctness"}
{"case": {"B": 2, "SEQ_LEN": 512, "H": 1, "HQ": 16, "D": 64, "S": 4, "block_size": 16, "is_causal": true}, "seed": 431, "status": "PASS", "call_event_ms": {"baseline": [0.029260799288749695, 0.02895359992980957, 0.028825598955154418, 0.028774398565292358], "candidate": [0.01935359984636307, 0.019276799261569978, 0.018995200097560883, 0.019200000166893005]}, "median_ms": {"baseline": 0.028889599442481994, "candidate": 0.01923839971423149}, "baseline_over_candidate": 1.501663333313066}
{"case": {"B": 4, "SEQ_LEN": 1024, "H": 1, "HQ": 16, "D": 64, "S": 4, "block_size": 16, "is_causal": true}, "candidate": "baseline", "phase": "compile_correctness"}
{"case": {"B": 4, "SEQ_LEN": 1024, "H": 1, "HQ": 16, "D": 64, "S": 4, "block_size": 16, "is_causal": true}, "candidate": "candidate", "phase": "compile_correctness"}
{"case": {"B": 4, "SEQ_LEN": 1024, "H": 1, "HQ": 16, "D": 64, "S": 4, "block_size": 16, "is_causal": true}, "seed": 431, "status": "PASS", "call_event_ms": {"baseline": [0.07846400141716003, 0.07802879810333252, 0.0779263973236084, 0.0777728021144867], "candidate": [0.057548797130584715, 0.05775359869003296, 0.057574397325515746, 0.05736960172653198]}, "median_ms": {"baseline": 0.07797759771347046, "candidate": 0.05756159722805023}, "baseline_over_candidate": 1.354680923889849}
{"case": {"B": 1, "SEQ_LEN": 256, "H": 1, "HQ": 16, "D": 64, "S": 8, "block_size": 16, "is_causal": true}, "candidate": "baseline", "phase": "compile_correctness"}
{"case": {"B": 1, "SEQ_LEN": 256, "H": 1, "HQ": 16, "D": 64, "S": 8, "block_size": 16, "is_causal": true}, "candidate": "candidate", "phase": "compile_correctness"}
{"case": {"B": 1, "SEQ_LEN": 256, "H": 1, "HQ": 16, "D": 64, "S": 8, "block_size": 16, "is_causal": true}, "seed": 431, "status": "PASS", "call_event_ms": {"baseline": [0.025139200687408447, 0.024780799448490144, 0.024806399643421174, 0.02452480047941208], "candidate": [0.016972799599170686, 0.016921600699424742, 0.01664000004529953, 0.01681919991970062]}, "median_ms": {"baseline": 0.02479359954595566, "candidate": 0.01687040030956268}, "baseline_over_candidate": 1.4696509324619793}
{"case": {"B": 2, "SEQ_LEN": 512, "H": 1, "HQ": 16, "D": 64, "S": 8, "block_size": 16, "is_causal": true}, "candidate": "baseline", "phase": "compile_correctness"}
{"case": {"B": 2, "SEQ_LEN": 512, "H": 1, "HQ": 16, "D": 64, "S": 8, "block_size": 16, "is_causal": true}, "candidate": "candidate", "phase": "compile_correctness"}
{"case": {"B": 2, "SEQ_LEN": 512, "H": 1, "HQ": 16, "D": 64, "S": 8, "block_size": 16, "is_causal": true}, "seed": 431, "status": "PASS", "call_event_ms": {"baseline": [0.04188160002231598, 0.04129279851913452, 0.0409855991601944, 0.04126720130443573], "candidate": [0.03281919956207276, 0.032691198587417605, 0.032716798782348636, 0.03281919956207276]}, "median_ms": {"baseline": 0.041279999911785124, "candidate": 0.032767999172210696}, "baseline_over_candidate": 1.2597656541322528}
{"case": {"B": 4, "SEQ_LEN": 1024, "H": 1, "HQ": 16, "D": 64, "S": 8, "block_size": 16, "is_causal": true}, "candidate": "baseline", "phase": "compile_correctness"}
{"case": {"B": 4, "SEQ_LEN": 1024, "H": 1, "HQ": 16, "D": 64, "S": 8, "block_size": 16, "is_causal": true}, "candidate": "candidate", "phase": "compile_correctness"}
{"case": {"B": 4, "SEQ_LEN": 1024, "H": 1, "HQ": 16, "D": 64, "S": 8, "block_size": 16, "is_causal": true}, "seed": 431, "status": "PASS", "call_event_ms": {"baseline": [0.12354559898376465, 0.12349439859390259, 0.12285439968109131, 0.12313599586486816], "candidate": [0.09715200066566468, 0.09710080027580262, 0.09707520008087159, 0.0969983994960785]}, "median_ms": {"baseline": 0.12331519722938537, "candidate": 0.0970880001783371}, "baseline_over_candidate": 1.2701384002438258}
{"case": {"B": 1, "SEQ_LEN": 1024, "H": 1, "HQ": 16, "D": 128, "S": 1, "block_size": 32, "is_causal": true}, "candidate": "baseline", "phase": "compile_correctness"}
{"case": {"B": 1, "SEQ_LEN": 1024, "H": 1, "HQ": 16, "D": 128, "S": 1, "block_size": 32, "is_causal": true}, "candidate": "candidate", "phase": "compile_correctness"}
{"case": {"B": 1, "SEQ_LEN": 1024, "H": 1, "HQ": 16, "D": 128, "S": 1, "block_size": 32, "is_causal": true}, "seed": 431, "status": "PASS", "call_event_ms": {"baseline": [0.02467840015888214, 0.024320000410079957, 0.024166400730609893, 0.024243199825286867], "candidate": [0.021555200219154358, 0.021503999829292297, 0.021324799954891206, 0.021427200734615327]}, "median_ms": {"baseline": 0.024281600117683412, "candidate": 0.021465600281953812}, "baseline_over_candidate": 1.131186633438666}
{"case": {"B": 2, "SEQ_LEN": 1024, "H": 1, "HQ": 16, "D": 128, "S": 1, "block_size": 32, "is_causal": true}, "candidate": "baseline", "phase": "compile_correctness"}
{"case": {"B": 2, "SEQ_LEN": 1024, "H": 1, "HQ": 16, "D": 128, "S": 1, "block_size": 32, "is_causal": true}, "candidate": "candidate", "phase": "compile_correctness"}
{"case": {"B": 2, "SEQ_LEN": 1024, "H": 1, "HQ": 16, "D": 128, "S": 1, "block_size": 32, "is_causal": true}, "seed": 431, "status": "PASS", "call_event_ms": {"baseline": [0.045440000295639035, 0.04505600035190582, 0.04510720074176788, 0.04500479996204376], "candidate": [0.0339711993932724, 0.0336896002292633, 0.033843201398849485, 0.03389439880847931]}, "median_ms": {"baseline": 0.04508160054683685, "candidate": 0.0338688001036644}, "baseline_over_candidate": 1.3310657717088505}
{"case": {"B": 4, "SEQ_LEN": 512, "H": 1, "HQ": 16, "D": 128, "S": 1, "block_size": 32, "is_causal": true}, "candidate": "baseline", "phase": "compile_correctness"}
{"case": {"B": 4, "SEQ_LEN": 512, "H": 1, "HQ": 16, "D": 128, "S": 1, "block_size": 32, "is_causal": true}, "candidate": "candidate", "phase": "compile_correctness"}
{"case": {"B": 4, "SEQ_LEN": 512, "H": 1, "HQ": 16, "D": 128, "S": 1, "block_size": 32, "is_causal": true}, "seed": 431, "status": "PASS", "call_event_ms": {"baseline": [0.04523519873619079, 0.04490239918231964, 0.04480000138282776, 0.045337599515914914], "candidate": [0.03386879861354828, 0.03363839983940124, 0.03391999900341034, 0.03394559919834137]}, "median_ms": {"baseline": 0.04506879895925522, "candidate": 0.03389439880847931}, "baseline_over_candidate": 1.3296827954942343}
{"case": {"B": 8, "SEQ_LEN": 256, "H": 1, "HQ": 16, "D": 128, "S": 1, "block_size": 32, "is_causal": true}, "candidate": "baseline", "phase": "compile_correctness"}
{"case": {"B": 8, "SEQ_LEN": 256, "H": 1, "HQ": 16, "D": 128, "S": 1, "block_size": 32, "is_causal": true}, "candidate": "candidate", "phase": "compile_correctness"}
{"case": {"B": 8, "SEQ_LEN": 256, "H": 1, "HQ": 16, "D": 128, "S": 1, "block_size": 32, "is_causal": true}, "seed": 431, "status": "PASS", "call_event_ms": {"baseline": [0.0449535995721817, 0.04490239918231964, 0.0447488009929657, 0.04418559968471527], "candidate": [0.03409920036792755, 0.03391999900341034, 0.034176000952720643, 0.03430399894714355]}, "median_ms": {"baseline": 0.04482560008764267, "candidate": 0.0341376006603241}, "baseline_over_candidate": 1.3130858414352633}
{"case": {"B": 1, "SEQ_LEN": 2048, "H": 1, "HQ": 16, "D": 32, "S": 1, "block_size": 16, "is_causal": true}, "candidate": "baseline", "phase": "compile_correctness"}
{"case": {"B": 1, "SEQ_LEN": 2048, "H": 1, "HQ": 16, "D": 32, "S": 1, "block_size": 16, "is_causal": true}, "candidate": "candidate", "phase": "compile_correctness"}
2026-09-07 13:24:38  [TileLang:tilelang.cache.kernel_cache:WARNING] (kernel_cache.py:342): Found kernel 'kernel' in memory cache. For better performance, consider using `@tilelang.jit` instead of direct kernel caching.
{"case": {"B": 1, "SEQ_LEN": 2048, "H": 1, "HQ": 16, "D": 32, "S": 1, "block_size": 16, "is_causal": true}, "seed": 431, "status": "PASS", "call_event_ms": {"baseline": [0.011622399836778641, 0.010828799754381179, 0.010726399719715118, 0.010751999914646149], "candidate": [0.010982400178909302, 0.01085439994931221, 0.011084800213575363, 0.010623999685049058]}, "median_ms": {"baseline": 0.010790399834513664, "candidate": 0.010918400064110757}, "baseline_over_candidate": 0.9882766496148245}
{"case": {"B": 4, "SEQ_LEN": 2048, "H": 1, "HQ": 16, "D": 32, "S": 1, "block_size": 16, "is_causal": true}, "candidate": "baseline", "phase": "compile_correctness"}
{"case": {"B": 4, "SEQ_LEN": 2048, "H": 1, "HQ": 16, "D": 32, "S": 1, "block_size": 16, "is_causal": true}, "candidate": "candidate", "phase": "compile_correctness"}
{"case": {"B": 4, "SEQ_LEN": 2048, "H": 1, "HQ": 16, "D": 32, "S": 1, "block_size": 16, "is_causal": true}, "seed": 431, "status": "PASS", "call_event_ms": {"baseline": [0.024857600033283234, 0.024396799504756927, 0.024345600605010988, 0.024371199309825897], "candidate": [0.02383359968662262, 0.023552000522613525, 0.023680000007152556, 0.023654399812221526]}, "median_ms": {"baseline": 0.024383999407291412, "candidate": 0.02366719990968704}, "baseline_over_candidate": 1.0302866203158652}
{"case": {"B": 8, "SEQ_LEN": 2048, "H": 1, "HQ": 16, "D": 32, "S": 1, "block_size": 16, "is_causal": true}, "candidate": "baseline", "phase": "compile_correctness"}
{"case": {"B": 8, "SEQ_LEN": 2048, "H": 1, "HQ": 16, "D": 32, "S": 1, "block_size": 16, "is_causal": true}, "candidate": "candidate", "phase": "compile_correctness"}
{"case": {"B": 8, "SEQ_LEN": 2048, "H": 1, "HQ": 16, "D": 32, "S": 1, "block_size": 16, "is_causal": true}, "seed": 431, "status": "PASS", "call_event_ms": {"baseline": [0.04160000085830688, 0.04101119935512543, 0.04108799993991852, 0.0412416011095047], "candidate": [0.03939839899539947, 0.03947519958019256, 0.03937279880046844, 0.04044800102710724]}, "median_ms": {"baseline": 0.04116480052471161, "candidate": 0.03943679928779602}, "baseline_over_candidate": 1.043816974706929}
{"case": {"B": 1, "SEQ_LEN": 48, "H": 1, "HQ": 16, "D": 32, "S": 1, "block_size": 16, "is_causal": true}, "candidate": "baseline", "phase": "compile_correctness"}
{"case": {"B": 1, "SEQ_LEN": 48, "H": 1, "HQ": 16, "D": 32, "S": 1, "block_size": 16, "is_causal": true}, "candidate": "candidate", "phase": "compile_correctness"}
2026-09-07 13:24:39  [TileLang:tilelang.cache.kernel_cache:WARNING] (kernel_cache.py:342): Found kernel 'kernel' in memory cache. For better performance, consider using `@tilelang.jit` instead of direct kernel caching.
{"case": {"B": 1, "SEQ_LEN": 48, "H": 1, "HQ": 16, "D": 32, "S": 1, "block_size": 16, "is_causal": true}, "seed": 431, "status": "PASS", "call_event_ms": {"baseline": [0.011264000087976456, 0.010572800040245056, 0.010496000200510025, 0.01080320030450821], "candidate": [0.010931199789047242, 0.010649599879980088, 0.010700800269842149, 0.01080320030450821]}, "median_ms": {"baseline": 0.010688000172376633, "candidate": 0.010752000287175179}, "baseline_over_candidate": 0.9940476085296535}
{"case": {"B": 2, "SEQ_LEN": 48, "H": 1, "HQ": 16, "D": 32, "S": 1, "block_size": 16, "is_causal": true}, "candidate": "baseline", "phase": "compile_correctness"}
{"case": {"B": 2, "SEQ_LEN": 48, "H": 1, "HQ": 16, "D": 32, "S": 1, "block_size": 16, "is_causal": true}, "candidate": "candidate", "phase": "compile_correctness"}
2026-09-07 13:24:39  [TileLang:tilelang.cache.kernel_cache:WARNING] (kernel_cache.py:342): Found kernel 'kernel' in memory cache. For better performance, consider using `@tilelang.jit` instead of direct kernel caching.
{"case": {"B": 2, "SEQ_LEN": 48, "H": 1, "HQ": 16, "D": 32, "S": 1, "block_size": 16, "is_causal": true}, "seed": 431, "status": "PASS", "call_event_ms": {"baseline": [0.011392000317573547, 0.010598400235176086, 0.010496000200510025, 0.010623999685049058], "candidate": [0.010828799754381179, 0.010828799754381179, 0.010623999685049058, 0.010598400235176086]}, "median_ms": {"baseline": 0.010611199960112571, "candidate": 0.010726399719715118}, "baseline_over_candidate": 0.9892601653292101}
{"case": {"B": 4, "SEQ_LEN": 48, "H": 1, "HQ": 16, "D": 32, "S": 1, "block_size": 16, "is_causal": true}, "candidate": "baseline", "phase": "compile_correctness"}
{"case": {"B": 4, "SEQ_LEN": 48, "H": 1, "HQ": 16, "D": 32, "S": 1, "block_size": 16, "is_causal": true}, "candidate": "candidate", "phase": "compile_correctness"}
2026-09-07 13:24:40  [TileLang:tilelang.cache.kernel_cache:WARNING] (kernel_cache.py:342): Found kernel 'kernel' in memory cache. For better performance, consider using `@tilelang.jit` instead of direct kernel caching.
{"case": {"B": 4, "SEQ_LEN": 48, "H": 1, "HQ": 16, "D": 32, "S": 1, "block_size": 16, "is_causal": true}, "seed": 431, "status": "PASS", "call_event_ms": {"baseline": [0.011366400122642516, 0.010675200074911118, 0.010496000200510025, 0.010572800040245056], "candidate": [0.010931199789047242, 0.010726399719715118, 0.010777600109577179, 0.011443199962377549]}, "median_ms": {"baseline": 0.010624000057578086, "candidate": 0.01085439994931221}, "baseline_over_candidate": 0.9787735947809144}
{"case": {"B": 8, "SEQ_LEN": 48, "H": 1, "HQ": 16, "D": 32, "S": 1, "block_size": 16, "is_causal": true}, "candidate": "baseline", "phase": "compile_correctness"}
{"case": {"B": 8, "SEQ_LEN": 48, "H": 1, "HQ": 16, "D": 32, "S": 1, "block_size": 16, "is_causal": true}, "candidate": "candidate", "phase": "compile_correctness"}
2026-09-07 13:24:40  [TileLang:tilelang.cache.kernel_cache:WARNING] (kernel_cache.py:342): Found kernel 'kernel' in memory cache. For better performance, consider using `@tilelang.jit` instead of direct kernel caching.
{"case": {"B": 8, "SEQ_LEN": 48, "H": 1, "HQ": 16, "D": 32, "S": 1, "block_size": 16, "is_causal": true}, "seed": 431, "status": "PASS", "call_event_ms": {"baseline": [0.011340799927711486, 0.010700800269842149, 0.010521599650382995, 0.010521599650382995], "candidate": [0.011161600053310395, 0.010675200074911118, 0.010675200074911118, 0.010649599879980088]}, "median_ms": {"baseline": 0.010611199960112571, "candidate": 0.010675200074911118}, "baseline_over_candidate": 0.9940047854513789}
{"case": {"B": 1, "SEQ_LEN": 96, "H": 1, "HQ": 16, "D": 32, "S": 1, "block_size": 16, "is_causal": true}, "candidate": "baseline", "phase": "compile_correctness"}
{"case": {"B": 1, "SEQ_LEN": 96, "H": 1, "HQ": 16, "D": 32, "S": 1, "block_size": 16, "is_causal": true}, "candidate": "candidate", "phase": "compile_correctness"}
2026-09-07 13:24:40  [TileLang:tilelang.cache.kernel_cache:WARNING] (kernel_cache.py:342): Found kernel 'kernel' in memory cache. For better performance, consider using `@tilelang.jit` instead of direct kernel caching.
{"case": {"B": 1, "SEQ_LEN": 96, "H": 1, "HQ": 16, "D": 32, "S": 1, "block_size": 16, "is_causal": true}, "seed": 431, "status": "PASS", "call_event_ms": {"baseline": [0.01154559999704361, 0.010777600109577179, 0.010496000200510025, 0.010675200074911118], "candidate": [0.010956799983978272, 0.010623999685049058, 0.010751999914646149, 0.010496000200510025]}, "median_ms": {"baseline": 0.010726400092244149, "candidate": 0.010687999799847603}, "baseline_over_candidate": 1.0035928417960012}
{"case": {"B": 2, "SEQ_LEN": 96, "H": 1, "HQ": 16, "D": 32, "S": 1, "block_size": 16, "is_causal": true}, "candidate": "baseline", "phase": "compile_correctness"}
{"case": {"B": 2, "SEQ_LEN": 96, "H": 1, "HQ": 16, "D": 32, "S": 1, "block_size": 16, "is_causal": true}, "candidate": "candidate", "phase": "compile_correctness"}
2026-09-07 13:24:40  [TileLang:tilelang.cache.kernel_cache:WARNING] (kernel_cache.py:342): Found kernel 'kernel' in memory cache. For better performance, consider using `@tilelang.jit` instead of direct kernel caching.
{"case": {"B": 2, "SEQ_LEN": 96, "H": 1, "HQ": 16, "D": 32, "S": 1, "block_size": 16, "is_causal": true}, "seed": 431, "status": "PASS", "call_event_ms": {"baseline": [0.011750400066375732, 0.010828799754381179, 0.010649599879980088, 0.010726399719715118], "candidate": [0.01090560033917427, 0.010598400235176086, 0.010521599650382995, 0.010470400005578995]}, "median_ms": {"baseline": 0.010777599737048149, "candidate": 0.01055999994277954}, "baseline_over_candidate": 1.0206060412355773}
{"case": {"B": 4, "SEQ_LEN": 96, "H": 1, "HQ": 16, "D": 32, "S": 1, "block_size": 16, "is_causal": true}, "candidate": "baseline", "phase": "compile_correctness"}
{"case": {"B": 4, "SEQ_LEN": 96, "H": 1, "HQ": 16, "D": 32, "S": 1, "block_size": 16, "is_causal": true}, "candidate": "candidate", "phase": "compile_correctness"}
2026-09-07 13:24:40  [TileLang:tilelang.cache.kernel_cache:WARNING] (kernel_cache.py:342): Found kernel 'kernel' in memory cache. For better performance, consider using `@tilelang.jit` instead of direct kernel caching.
{"case": {"B": 4, "SEQ_LEN": 96, "H": 1, "HQ": 16, "D": 32, "S": 1, "block_size": 16, "is_causal": true}, "seed": 431, "status": "PASS", "call_event_ms": {"baseline": [0.011724799871444702, 0.010726399719715118, 0.010777600109577179, 0.010700800269842149], "candidate": [0.010777600109577179, 0.010547199845314026, 0.010547199845314026, 0.01154559999704361]}, "median_ms": {"baseline": 0.010751999914646149, "candidate": 0.010662399977445603}, "baseline_over_candidate": 1.008403355472509}
{"case": {"B": 8, "SEQ_LEN": 96, "H": 1, "HQ": 16, "D": 32, "S": 1, "block_size": 16, "is_causal": true}, "candidate": "baseline", "phase": "compile_correctness"}
{"case": {"B": 8, "SEQ_LEN": 96, "H": 1, "HQ": 16, "D": 32, "S": 1, "block_size": 16, "is_causal": true}, "candidate": "candidate", "phase": "compile_correctness"}
2026-09-07 13:24:41  [TileLang:tilelang.cache.kernel_cache:WARNING] (kernel_cache.py:342): Found kernel 'kernel' in memory cache. For better performance, consider using `@tilelang.jit` instead of direct kernel caching.
{"case": {"B": 8, "SEQ_LEN": 96, "H": 1, "HQ": 16, "D": 32, "S": 1, "block_size": 16, "is_causal": true}, "seed": 431, "status": "PASS", "call_event_ms": {"baseline": [0.011494400352239609, 0.010726399719715118, 0.010393600165843963, 0.010726399719715118], "candidate": [0.01080320030450821, 0.010675200074911118, 0.010521599650382995, 0.010649599879980088]}, "median_ms": {"baseline": 0.010726399719715118, "candidate": 0.010662399977445603}, "baseline_over_candidate": 1.0060023768011794}
{"case": {"B": 1, "SEQ_LEN": 4096, "H": 1, "HQ": 16, "D": 64, "S": 1, "block_size": 16, "is_causal": true}, "candidate": "baseline", "phase": "compile_correctness"}
{"case": {"B": 1, "SEQ_LEN": 4096, "H": 1, "HQ": 16, "D": 64, "S": 1, "block_size": 16, "is_causal": true}, "candidate": "candidate", "phase": "compile_correctness"}
2026-09-07 13:24:41  [TileLang:tilelang.cache.kernel_cache:WARNING] (kernel_cache.py:342): Found kernel 'kernel' in memory cache. For better performance, consider using `@tilelang.jit` instead of direct kernel caching.
{"case": {"B": 1, "SEQ_LEN": 4096, "H": 1, "HQ": 16, "D": 64, "S": 1, "block_size": 16, "is_causal": true}, "seed": 431, "status": "PASS", "call_event_ms": {"baseline": [0.02959359884262085, 0.029158401489257812, 0.029158401489257812, 0.02890239953994751], "candidate": [0.029951998591423036, 0.029363200068473816, 0.03023360073566437, 0.029849600791931153]}, "median_ms": {"baseline": 0.029158401489257812, "candidate": 0.029900799691677096}, "baseline_over_candidate": 0.9751712927388383}
{"case": {"B": 1, "SEQ_LEN": 4096, "H": 1, "HQ": 16, "D": 128, "S": 1, "block_size": 16, "is_causal": true}, "candidate": "baseline", "phase": "compile_correctness"}
{"case": {"B": 1, "SEQ_LEN": 4096, "H": 1, "HQ": 16, "D": 128, "S": 1, "block_size": 16, "is_causal": true}, "candidate": "candidate", "phase": "compile_correctness"}
{"case": {"B": 1, "SEQ_LEN": 4096, "H": 1, "HQ": 16, "D": 128, "S": 1, "block_size": 16, "is_causal": true}, "seed": 431, "status": "PASS", "call_event_ms": {"baseline": [0.05744640231132507, 0.056729602813720706, 0.05713919997215271, 0.05713919997215271], "candidate": [0.04943360090255737, 0.048870399594306946, 0.04956159889698029, 0.048870399594306946]}, "median_ms": {"baseline": 0.05713919997215271, "candidate": 0.04915200024843216}, "baseline_over_candidate": 1.1624999935577458}
{"case": {"B": 2, "SEQ_LEN": 4096, "H": 1, "HQ": 16, "D": 64, "S": 1, "block_size": 16, "is_causal": true}, "candidate": "baseline", "phase": "compile_correctness"}
{"case": {"B": 2, "SEQ_LEN": 4096, "H": 1, "HQ": 16, "D": 64, "S": 1, "block_size": 16, "is_causal": true}, "candidate": "candidate", "phase": "compile_correctness"}
2026-09-07 13:24:41  [TileLang:tilelang.cache.kernel_cache:WARNING] (kernel_cache.py:342): Found kernel 'kernel' in memory cache. For better performance, consider using `@tilelang.jit` instead of direct kernel caching.
{"case": {"B": 2, "SEQ_LEN": 4096, "H": 1, "HQ": 16, "D": 64, "S": 1, "block_size": 16, "is_causal": true}, "seed": 431, "status": "PASS", "call_event_ms": {"baseline": [0.050380802154541014, 0.04948480129241943, 0.05027840137481689, 0.05004799962043762], "candidate": [0.04925439953804016, 0.048844799399375916, 0.0489984005689621, 0.04956159889698029]}, "median_ms": {"baseline": 0.05016320049762726, "candidate": 0.04912640005350113}, "baseline_over_candidate": 1.0211047510706464}
{"case": {"B": 4, "SEQ_LEN": 4096, "H": 1, "HQ": 16, "D": 64, "S": 1, "block_size": 16, "is_causal": true}, "candidate": "baseline", "phase": "compile_correctness"}
{"case": {"B": 4, "SEQ_LEN": 4096, "H": 1, "HQ": 16, "D": 64, "S": 1, "block_size": 16, "is_causal": true}, "candidate": "candidate", "phase": "compile_correctness"}
2026-09-07 13:24:42  [TileLang:tilelang.cache.kernel_cache:WARNING] (kernel_cache.py:342): Found kernel 'kernel' in memory cache. For better performance, consider using `@tilelang.jit` instead of direct kernel caching.
{"case": {"B": 4, "SEQ_LEN": 4096, "H": 1, "HQ": 16, "D": 64, "S": 1, "block_size": 16, "is_causal": true}, "seed": 431, "status": "PASS", "call_event_ms": {"baseline": [0.09044479727745056, 0.08926720023155213, 0.08837119936943054, 0.0896511971950531], "candidate": [0.08962560296058655, 0.08852480053901672, 0.08878080248832702, 0.0886784017086029]}, "median_ms": {"baseline": 0.08945919871330262, "candidate": 0.08872960209846496}, "baseline_over_candidate": 1.008222696795462}
{"case": {"B": 8, "SEQ_LEN": 4096, "H": 1, "HQ": 16, "D": 64, "S": 1, "block_size": 16, "is_causal": true}, "candidate": "baseline", "phase": "compile_correctness"}
{"case": {"B": 8, "SEQ_LEN": 4096, "H": 1, "HQ": 16, "D": 64, "S": 1, "block_size": 16, "is_causal": true}, "candidate": "candidate", "phase": "compile_correctness"}
2026-09-07 13:24:42  [TileLang:tilelang.cache.kernel_cache:WARNING] (kernel_cache.py:342): Found kernel 'kernel' in memory cache. For better performance, consider using `@tilelang.jit` instead of direct kernel caching.
{"case": {"B": 8, "SEQ_LEN": 4096, "H": 1, "HQ": 16, "D": 64, "S": 1, "block_size": 16, "is_causal": true}, "seed": 431, "status": "PASS", "call_event_ms": {"baseline": [0.1698815941810608, 0.16821759939193726, 0.1679103970527649, 0.16750080585479737], "candidate": [0.16883200407028198, 0.16855039596557617, 0.16919039487838744, 0.17036800384521483]}, "median_ms": {"baseline": 0.16806399822235107, "candidate": 0.1690111994743347}, "baseline_over_candidate": 0.9943956302604227}
{"case": {"B": 1, "SEQ_LEN": 8192, "H": 1, "HQ": 16, "D": 64, "S": 1, "block_size": 16, "is_causal": true}, "candidate": "baseline", "phase": "compile_correctness"}
{"case": {"B": 1, "SEQ_LEN": 8192, "H": 1, "HQ": 16, "D": 64, "S": 1, "block_size": 16, "is_causal": true}, "candidate": "candidate", "phase": "compile_correctness"}
2026-09-07 13:24:43  [TileLang:tilelang.cache.kernel_cache:WARNING] (kernel_cache.py:342): Found kernel 'kernel' in memory cache. For better performance, consider using `@tilelang.jit` instead of direct kernel caching.
{"case": {"B": 1, "SEQ_LEN": 8192, "H": 1, "HQ": 16, "D": 64, "S": 1, "block_size": 16, "is_causal": true}, "seed": 431, "status": "PASS", "call_event_ms": {"baseline": [0.04930559992790222, 0.04915199875831604, 0.048921599984169006, 0.04953599870204926], "candidate": [0.04948480129241943, 0.04935680031776428, 0.04925439953804016, 0.04925439953804016]}, "median_ms": {"baseline": 0.04922879934310913, "candidate": 0.04930559992790222}, "baseline_over_candidate": 0.9984423557383868}
{"case": {"B": 1, "SEQ_LEN": 8192, "H": 1, "HQ": 16, "D": 128, "S": 1, "block_size": 16, "is_causal": true}, "candidate": "baseline", "phase": "compile_correctness"}
{"case": {"B": 1, "SEQ_LEN": 8192, "H": 1, "HQ": 16, "D": 128, "S": 1, "block_size": 16, "is_causal": true}, "candidate": "candidate", "phase": "compile_correctness"}
{"case": {"B": 1, "SEQ_LEN": 8192, "H": 1, "HQ": 16, "D": 128, "S": 1, "block_size": 16, "is_causal": true}, "seed": 431, "status": "PASS", "call_event_ms": {"baseline": [0.10408960580825806, 0.10309120416641235, 0.10332159996032715, 0.10229760408401489], "candidate": [0.09262080192565918, 0.09254400134086609, 0.09264640212059021, 0.09285119771957398]}, "median_ms": {"baseline": 0.10320640206336976, "candidate": 0.09263360202312469}, "baseline_over_candidate": 1.1141356895266332}
{"case": {"B": 2, "SEQ_LEN": 8192, "H": 1, "HQ": 16, "D": 64, "S": 1, "block_size": 16, "is_causal": true}, "candidate": "baseline", "phase": "compile_correctness"}
{"case": {"B": 2, "SEQ_LEN": 8192, "H": 1, "HQ": 16, "D": 64, "S": 1, "block_size": 16, "is_causal": true}, "candidate": "candidate", "phase": "compile_correctness"}
2026-09-07 13:24:44  [TileLang:tilelang.cache.kernel_cache:WARNING] (kernel_cache.py:342): Found kernel 'kernel' in memory cache. For better performance, consider using `@tilelang.jit` instead of direct kernel caching.
{"case": {"B": 2, "SEQ_LEN": 8192, "H": 1, "HQ": 16, "D": 64, "S": 1, "block_size": 16, "is_causal": true}, "seed": 431, "status": "PASS", "call_event_ms": {"baseline": [0.08906239867210389, 0.08888319730758668, 0.08847360014915466, 0.08883200287818908], "candidate": [0.08942080140113831, 0.0899839997291565, 0.08947200179100037, 0.08929280042648316]}, "median_ms": {"baseline": 0.08885760009288787, "candidate": 0.08944640159606934}, "baseline_over_candidate": 0.9934172700894057}
{"case": {"B": 4, "SEQ_LEN": 8192, "H": 1, "HQ": 16, "D": 32, "S": 1, "block_size": 16, "is_causal": true}, "candidate": "baseline", "phase": "compile_correctness"}
{"case": {"B": 4, "SEQ_LEN": 8192, "H": 1, "HQ": 16, "D": 32, "S": 1, "block_size": 16, "is_causal": true}, "candidate": "candidate", "phase": "compile_correctness"}
{"case": {"B": 4, "SEQ_LEN": 8192, "H": 1, "HQ": 16, "D": 32, "S": 1, "block_size": 16, "is_causal": true}, "seed": 431, "status": "PASS", "call_event_ms": {"baseline": [0.07511039972305297, 0.0744704008102417, 0.07482879757881164, 0.07531520128250122], "candidate": [0.07132160067558288, 0.07127040028572082, 0.07111679911613464, 0.07083520293235779]}, "median_ms": {"baseline": 0.0749695986509323, "candidate": 0.07119359970092773}, "baseline_over_candidate": 1.0530384608429257}
{"case": {"B": 1, "SEQ_LEN": 16384, "H": 1, "HQ": 16, "D": 32, "S": 1, "block_size": 16, "is_causal": true}, "candidate": "baseline", "phase": "compile_correctness"}
{"case": {"B": 1, "SEQ_LEN": 16384, "H": 1, "HQ": 16, "D": 32, "S": 1, "block_size": 16, "is_causal": true}, "candidate": "candidate", "phase": "compile_correctness"}
{"case": {"B": 1, "SEQ_LEN": 16384, "H": 1, "HQ": 16, "D": 32, "S": 1, "block_size": 16, "is_causal": true}, "seed": 431, "status": "PASS", "call_event_ms": {"baseline": [0.04208639860153198, 0.04129279851913452, 0.04131839871406555, 0.04154880046844482], "candidate": [0.039603200554847715, 0.03939839899539947, 0.0394239991903305, 0.039552000164985654]}, "median_ms": {"baseline": 0.041433599591255185, "candidate": 0.03948799967765808}, "baseline_over_candidate": 1.049270662719791}
{"case": {"B": 1, "SEQ_LEN": 16384, "H": 1, "HQ": 16, "D": 64, "S": 1, "block_size": 16, "is_causal": true}, "candidate": "baseline", "phase": "compile_correctness"}
{"case": {"B": 1, "SEQ_LEN": 16384, "H": 1, "HQ": 16, "D": 64, "S": 1, "block_size": 16, "is_causal": true}, "candidate": "candidate", "phase": "compile_correctness"}
2026-09-07 13:24:45  [TileLang:tilelang.cache.kernel_cache:WARNING] (kernel_cache.py:342): Found kernel 'kernel' in memory cache. For better performance, consider using `@tilelang.jit` instead of direct kernel caching.
{"case": {"B": 1, "SEQ_LEN": 16384, "H": 1, "HQ": 16, "D": 64, "S": 1, "block_size": 16, "is_causal": true}, "seed": 431, "status": "PASS", "call_event_ms": {"baseline": [0.0917248010635376, 0.09164800047874451, 0.09123839735984803, 0.09144319891929627], "candidate": [0.09195520281791687, 0.09108480215072631, 0.09067519903182983, 0.09072639942169189]}, "median_ms": {"baseline": 0.09154559969902039, "candidate": 0.0909056007862091}, "baseline_over_candidate": 1.0070402583259577}
{"case": {"B": 2, "SEQ_LEN": 16384, "H": 1, "HQ": 16, "D": 32, "S": 1, "block_size": 16, "is_causal": true}, "candidate": "baseline", "phase": "compile_correctness"}
{"case": {"B": 2, "SEQ_LEN": 16384, "H": 1, "HQ": 16, "D": 32, "S": 1, "block_size": 16, "is_causal": true}, "candidate": "candidate", "phase": "compile_correctness"}
{"case": {"B": 2, "SEQ_LEN": 16384, "H": 1, "HQ": 16, "D": 32, "S": 1, "block_size": 16, "is_causal": true}, "seed": 431, "status": "PASS", "call_event_ms": {"baseline": [0.07544320225715637, 0.07518720030784606, 0.07495679855346679, 0.07480319738388061], "candidate": [0.07214080095291138, 0.0717311978340149, 0.07193599939346314, 0.07167999744415283]}, "median_ms": {"baseline": 0.07507199943065643, "candidate": 0.07183359861373902}, "baseline_over_candidate": 1.0450819794554749}
