Loading tilelang libs from dev root: /opt/tilelang-metax-v0.1.10/build
{"case": {"B": 1, "SEQ_LEN": 64, "H": 1, "HQ": 16, "D": 32, "S": 1, "block_size": 16, "is_causal": true}, "candidate": "baseline", "phase": "compile_correctness"}
{"case": {"B": 1, "SEQ_LEN": 64, "H": 1, "HQ": 16, "D": 32, "S": 1, "block_size": 16, "is_causal": true}, "candidate": "candidate", "phase": "compile_correctness"}
2026-09-07 13:27:40  [TileLang:tilelang.cache.kernel_cache:WARNING] (kernel_cache.py:342): Found kernel 'kernel' in memory cache. For better performance, consider using `@tilelang.jit` instead of direct kernel caching.
{"case": {"B": 1, "SEQ_LEN": 64, "H": 1, "HQ": 16, "D": 32, "S": 1, "block_size": 16, "is_causal": true}, "seed": 432, "status": "PASS", "call_event_ms": {"baseline": [0.011903999745845795, 0.010470400005578995, 0.010547199845314026, 0.010649599879980088], "candidate": [0.011007999628782272, 0.011622399836778641, 0.010777600109577179, 0.010547199845314026]}, "median_ms": {"baseline": 0.010598399862647056, "candidate": 0.010892799869179726}, "baseline_over_candidate": 0.9729729720486603}
{"case": {"B": 1, "SEQ_LEN": 64, "H": 1, "HQ": 16, "D": 64, "S": 1, "block_size": 16, "is_causal": true}, "candidate": "baseline", "phase": "compile_correctness"}
{"case": {"B": 1, "SEQ_LEN": 64, "H": 1, "HQ": 16, "D": 64, "S": 1, "block_size": 16, "is_causal": true}, "candidate": "candidate", "phase": "compile_correctness"}
2026-09-07 13:27:40  [TileLang:tilelang.cache.kernel_cache:WARNING] (kernel_cache.py:342): Found kernel 'kernel' in memory cache. For better performance, consider using `@tilelang.jit` instead of direct kernel caching.
{"case": {"B": 1, "SEQ_LEN": 64, "H": 1, "HQ": 16, "D": 64, "S": 1, "block_size": 16, "is_causal": true}, "seed": 432, "status": "PASS", "call_event_ms": {"baseline": [0.011468800157308579, 0.010700800269842149, 0.010623999685049058, 0.011161600053310395], "candidate": [0.010649599879980088, 0.010777600109577179, 0.010521599650382995, 0.010367999970912933]}, "median_ms": {"baseline": 0.010931200161576272, "candidate": 0.01058559976518154}, "baseline_over_candidate": 1.032648163926572}
{"case": {"B": 1, "SEQ_LEN": 64, "H": 1, "HQ": 16, "D": 128, "S": 1, "block_size": 16, "is_causal": true}, "candidate": "baseline", "phase": "compile_correctness"}
{"case": {"B": 1, "SEQ_LEN": 64, "H": 1, "HQ": 16, "D": 128, "S": 1, "block_size": 16, "is_causal": true}, "candidate": "candidate", "phase": "compile_correctness"}
{"case": {"B": 1, "SEQ_LEN": 64, "H": 1, "HQ": 16, "D": 128, "S": 1, "block_size": 16, "is_causal": true}, "seed": 432, "status": "PASS", "call_event_ms": {"baseline": [0.011903999745845795, 0.011289600282907486, 0.011264000087976456, 0.011289600282907486], "candidate": [0.01080320030450821, 0.010547199845314026, 0.010367999970912933, 0.010521599650382995]}, "median_ms": {"baseline": 0.011289600282907486, "candidate": 0.01053439974784851}, "baseline_over_candidate": 1.0716889953994022}
{"case": {"B": 1, "SEQ_LEN": 128, "H": 1, "HQ": 16, "D": 32, "S": 1, "block_size": 16, "is_causal": true}, "candidate": "baseline", "phase": "compile_correctness"}
{"case": {"B": 1, "SEQ_LEN": 128, "H": 1, "HQ": 16, "D": 32, "S": 1, "block_size": 16, "is_causal": true}, "candidate": "candidate", "phase": "compile_correctness"}
2026-09-07 13:27:41  [TileLang:tilelang.cache.kernel_cache:WARNING] (kernel_cache.py:342): Found kernel 'kernel' in memory cache. For better performance, consider using `@tilelang.jit` instead of direct kernel caching.
{"case": {"B": 1, "SEQ_LEN": 128, "H": 1, "HQ": 16, "D": 32, "S": 1, "block_size": 16, "is_causal": true}, "seed": 432, "status": "PASS", "call_event_ms": {"baseline": [0.011110399663448334, 0.010419200360774993, 0.010444799810647965, 0.010444799810647965], "candidate": [0.010751999914646149, 0.010547199845314026, 0.010572800040245056, 0.010444799810647965]}, "median_ms": {"baseline": 0.010444799810647965, "candidate": 0.01055999994277954}, "baseline_over_candidate": 0.9890908965193371}
{"case": {"B": 1, "SEQ_LEN": 128, "H": 1, "HQ": 16, "D": 64, "S": 1, "block_size": 16, "is_causal": true}, "candidate": "baseline", "phase": "compile_correctness"}
{"case": {"B": 1, "SEQ_LEN": 128, "H": 1, "HQ": 16, "D": 64, "S": 1, "block_size": 16, "is_causal": true}, "candidate": "candidate", "phase": "compile_correctness"}
2026-09-07 13:27:41  [TileLang:tilelang.cache.kernel_cache:WARNING] (kernel_cache.py:342): Found kernel 'kernel' in memory cache. For better performance, consider using `@tilelang.jit` instead of direct kernel caching.
{"case": {"B": 1, "SEQ_LEN": 128, "H": 1, "HQ": 16, "D": 64, "S": 1, "block_size": 16, "is_causal": true}, "seed": 432, "status": "PASS", "call_event_ms": {"baseline": [0.011443199962377549, 0.010675200074911118, 0.010521599650382995, 0.010649599879980088], "candidate": [0.011110399663448334, 0.010623999685049058, 0.010649599879980088, 0.011827199906110763]}, "median_ms": {"baseline": 0.010662399977445603, "candidate": 0.010879999771714211}, "baseline_over_candidate": 0.9800000184894927}
{"case": {"B": 1, "SEQ_LEN": 128, "H": 1, "HQ": 16, "D": 128, "S": 1, "block_size": 16, "is_causal": true}, "candidate": "baseline", "phase": "compile_correctness"}
{"case": {"B": 1, "SEQ_LEN": 128, "H": 1, "HQ": 16, "D": 128, "S": 1, "block_size": 16, "is_causal": true}, "candidate": "candidate", "phase": "compile_correctness"}
{"case": {"B": 1, "SEQ_LEN": 128, "H": 1, "HQ": 16, "D": 128, "S": 1, "block_size": 16, "is_causal": true}, "seed": 432, "status": "PASS", "call_event_ms": {"baseline": [0.011980800330638886, 0.011315199732780456, 0.011392000317573547, 0.011392000317573547], "candidate": [0.01090560033917427, 0.010470400005578995, 0.010572800040245056, 0.010777600109577179]}, "median_ms": {"baseline": 0.011392000317573547, "candidate": 0.010675200074911118}, "baseline_over_candidate": 1.0671463052338526}
{"case": {"B": 1, "SEQ_LEN": 256, "H": 1, "HQ": 16, "D": 32, "S": 1, "block_size": 16, "is_causal": true}, "candidate": "baseline", "phase": "compile_correctness"}
{"case": {"B": 1, "SEQ_LEN": 256, "H": 1, "HQ": 16, "D": 32, "S": 1, "block_size": 16, "is_causal": true}, "candidate": "candidate", "phase": "compile_correctness"}
2026-09-07 13:27:41  [TileLang:tilelang.cache.kernel_cache:WARNING] (kernel_cache.py:342): Found kernel 'kernel' in memory cache. For better performance, consider using `@tilelang.jit` instead of direct kernel caching.
{"case": {"B": 1, "SEQ_LEN": 256, "H": 1, "HQ": 16, "D": 32, "S": 1, "block_size": 16, "is_causal": true}, "seed": 432, "status": "PASS", "call_event_ms": {"baseline": [0.011417599767446518, 0.010547199845314026, 0.010444799810647965, 0.010675200074911118], "candidate": [0.011007999628782272, 0.010700800269842149, 0.010470400005578995, 0.010777600109577179]}, "median_ms": {"baseline": 0.010611199960112571, "candidate": 0.010739200189709664}, "baseline_over_candidate": 0.9880810276989023}
{"case": {"B": 1, "SEQ_LEN": 256, "H": 1, "HQ": 16, "D": 64, "S": 1, "block_size": 16, "is_causal": true}, "candidate": "baseline", "phase": "compile_correctness"}
{"case": {"B": 1, "SEQ_LEN": 256, "H": 1, "HQ": 16, "D": 64, "S": 1, "block_size": 16, "is_causal": true}, "candidate": "candidate", "phase": "compile_correctness"}
2026-09-07 13:27:41  [TileLang:tilelang.cache.kernel_cache:WARNING] (kernel_cache.py:342): Found kernel 'kernel' in memory cache. For better performance, consider using `@tilelang.jit` instead of direct kernel caching.
{"case": {"B": 1, "SEQ_LEN": 256, "H": 1, "HQ": 16, "D": 64, "S": 1, "block_size": 16, "is_causal": true}, "seed": 432, "status": "PASS", "call_event_ms": {"baseline": [0.011494400352239609, 0.01080320030450821, 0.010751999914646149, 0.010675200074911118], "candidate": [0.01090560033917427, 0.01090560033917427, 0.010828799754381179, 0.01080320030450821]}, "median_ms": {"baseline": 0.010777600109577179, "candidate": 0.010867200046777725}, "baseline_over_candidate": 0.9917550117035793}
{"case": {"B": 1, "SEQ_LEN": 256, "H": 1, "HQ": 16, "D": 128, "S": 1, "block_size": 16, "is_causal": true}, "candidate": "baseline", "phase": "compile_correctness"}
{"case": {"B": 1, "SEQ_LEN": 256, "H": 1, "HQ": 16, "D": 128, "S": 1, "block_size": 16, "is_causal": true}, "candidate": "candidate", "phase": "compile_correctness"}
{"case": {"B": 1, "SEQ_LEN": 256, "H": 1, "HQ": 16, "D": 128, "S": 1, "block_size": 16, "is_causal": true}, "seed": 432, "status": "PASS", "call_event_ms": {"baseline": [0.012134400010108948, 0.011622399836778641, 0.011468800157308579, 0.011519999802112579], "candidate": [0.010726399719715118, 0.010547199845314026, 0.010521599650382995, 0.010547199845314026]}, "median_ms": {"baseline": 0.01157119981944561, "candidate": 0.010547199845314026}, "baseline_over_candidate": 1.0970873776120336}
{"case": {"B": 1, "SEQ_LEN": 512, "H": 1, "HQ": 16, "D": 32, "S": 1, "block_size": 16, "is_causal": true}, "candidate": "baseline", "phase": "compile_correctness"}
{"case": {"B": 1, "SEQ_LEN": 512, "H": 1, "HQ": 16, "D": 32, "S": 1, "block_size": 16, "is_causal": true}, "candidate": "candidate", "phase": "compile_correctness"}
2026-09-07 13:27:42  [TileLang:tilelang.cache.kernel_cache:WARNING] (kernel_cache.py:342): Found kernel 'kernel' in memory cache. For better performance, consider using `@tilelang.jit` instead of direct kernel caching.
{"case": {"B": 1, "SEQ_LEN": 512, "H": 1, "HQ": 16, "D": 32, "S": 1, "block_size": 16, "is_causal": true}, "seed": 432, "status": "PASS", "call_event_ms": {"baseline": [0.011468800157308579, 0.010726399719715118, 0.010342399775981902, 0.010470400005578995], "candidate": [0.01090560033917427, 0.01090560033917427, 0.010623999685049058, 0.012031999975442886]}, "median_ms": {"baseline": 0.010598399862647056, "candidate": 0.01090560033917427}, "baseline_over_candidate": 0.9718309430959329}
{"case": {"B": 1, "SEQ_LEN": 512, "H": 1, "HQ": 16, "D": 64, "S": 1, "block_size": 16, "is_causal": true}, "candidate": "baseline", "phase": "compile_correctness"}
{"case": {"B": 1, "SEQ_LEN": 512, "H": 1, "HQ": 16, "D": 64, "S": 1, "block_size": 16, "is_causal": true}, "candidate": "candidate", "phase": "compile_correctness"}
2026-09-07 13:27:42  [TileLang:tilelang.cache.kernel_cache:WARNING] (kernel_cache.py:342): Found kernel 'kernel' in memory cache. For better performance, consider using `@tilelang.jit` instead of direct kernel caching.
{"case": {"B": 1, "SEQ_LEN": 512, "H": 1, "HQ": 16, "D": 64, "S": 1, "block_size": 16, "is_causal": true}, "seed": 432, "status": "PASS", "call_event_ms": {"baseline": [0.011289600282907486, 0.010470400005578995, 0.010521599650382995, 0.010367999970912933], "candidate": [0.010751999914646149, 0.010675200074911118, 0.010521599650382995, 0.010470400005578995]}, "median_ms": {"baseline": 0.010495999827980995, "candidate": 0.010598399862647056}, "baseline_over_candidate": 0.9903381608551156}
{"case": {"B": 1, "SEQ_LEN": 512, "H": 1, "HQ": 16, "D": 128, "S": 1, "block_size": 16, "is_causal": true}, "candidate": "baseline", "phase": "compile_correctness"}
{"case": {"B": 1, "SEQ_LEN": 512, "H": 1, "HQ": 16, "D": 128, "S": 1, "block_size": 16, "is_causal": true}, "candidate": "candidate", "phase": "compile_correctness"}
{"case": {"B": 1, "SEQ_LEN": 512, "H": 1, "HQ": 16, "D": 128, "S": 1, "block_size": 16, "is_causal": true}, "seed": 432, "status": "PASS", "call_event_ms": {"baseline": [0.013849599659442902, 0.013465599715709686, 0.013388800621032714, 0.013260799646377563], "candidate": [0.011417599767446518, 0.011135999858379365, 0.011161600053310395, 0.011007999628782272]}, "median_ms": {"baseline": 0.0134272001683712, "candidate": 0.01114879995584488}, "baseline_over_candidate": 1.2043628212498192}
{"case": {"B": 1, "SEQ_LEN": 1024, "H": 1, "HQ": 16, "D": 32, "S": 1, "block_size": 16, "is_causal": true}, "candidate": "baseline", "phase": "compile_correctness"}
{"case": {"B": 1, "SEQ_LEN": 1024, "H": 1, "HQ": 16, "D": 32, "S": 1, "block_size": 16, "is_causal": true}, "candidate": "candidate", "phase": "compile_correctness"}
2026-09-07 13:27:42  [TileLang:tilelang.cache.kernel_cache:WARNING] (kernel_cache.py:342): Found kernel 'kernel' in memory cache. For better performance, consider using `@tilelang.jit` instead of direct kernel caching.
{"case": {"B": 1, "SEQ_LEN": 1024, "H": 1, "HQ": 16, "D": 32, "S": 1, "block_size": 16, "is_causal": true}, "seed": 432, "status": "PASS", "call_event_ms": {"baseline": [0.01157120019197464, 0.010496000200510025, 0.010444799810647965, 0.010521599650382995], "candidate": [0.010828799754381179, 0.010623999685049058, 0.010547199845314026, 0.010649599879980088]}, "median_ms": {"baseline": 0.01050879992544651, "candidate": 0.010636799782514573}, "baseline_over_candidate": 0.9879663188472837}
{"case": {"B": 1, "SEQ_LEN": 1024, "H": 1, "HQ": 16, "D": 64, "S": 1, "block_size": 16, "is_causal": true}, "candidate": "baseline", "phase": "compile_correctness"}
{"case": {"B": 1, "SEQ_LEN": 1024, "H": 1, "HQ": 16, "D": 64, "S": 1, "block_size": 16, "is_causal": true}, "candidate": "candidate", "phase": "compile_correctness"}
2026-09-07 13:27:43  [TileLang:tilelang.cache.kernel_cache:WARNING] (kernel_cache.py:342): Found kernel 'kernel' in memory cache. For better performance, consider using `@tilelang.jit` instead of direct kernel caching.
{"case": {"B": 1, "SEQ_LEN": 1024, "H": 1, "HQ": 16, "D": 64, "S": 1, "block_size": 16, "is_causal": true}, "seed": 432, "status": "PASS", "call_event_ms": {"baseline": [0.011212799698114395, 0.010777600109577179, 0.010726399719715118, 0.010547199845314026], "candidate": [0.011059200018644333, 0.01080320030450821, 0.010649599879980088, 0.010726399719715118]}, "median_ms": {"baseline": 0.010751999914646149, "candidate": 0.010764800012111664}, "baseline_over_candidate": 0.9988109303051507}
{"case": {"B": 1, "SEQ_LEN": 1024, "H": 1, "HQ": 16, "D": 128, "S": 1, "block_size": 16, "is_causal": true}, "candidate": "baseline", "phase": "compile_correctness"}
{"case": {"B": 1, "SEQ_LEN": 1024, "H": 1, "HQ": 16, "D": 128, "S": 1, "block_size": 16, "is_causal": true}, "candidate": "candidate", "phase": "compile_correctness"}
{"case": {"B": 1, "SEQ_LEN": 1024, "H": 1, "HQ": 16, "D": 128, "S": 1, "block_size": 16, "is_causal": true}, "seed": 432, "status": "PASS", "call_event_ms": {"baseline": [0.019148799777030944, 0.018406400084495546, 0.018278400599956512, 0.018380799889564516], "candidate": [0.015718400478363037, 0.015360000729560851, 0.015488000214099884, 0.015539200603961944]}, "median_ms": {"baseline": 0.01839359998703003, "candidate": 0.015513600409030914}, "baseline_over_candidate": 1.1856435322597703}
{"case": {"B": 2, "SEQ_LEN": 64, "H": 1, "HQ": 16, "D": 64, "S": 1, "block_size": 16, "is_causal": true}, "candidate": "baseline", "phase": "compile_correctness"}
{"case": {"B": 2, "SEQ_LEN": 64, "H": 1, "HQ": 16, "D": 64, "S": 1, "block_size": 16, "is_causal": true}, "candidate": "candidate", "phase": "compile_correctness"}
2026-09-07 13:27:43  [TileLang:tilelang.cache.kernel_cache:WARNING] (kernel_cache.py:342): Found kernel 'kernel' in memory cache. For better performance, consider using `@tilelang.jit` instead of direct kernel caching.
{"case": {"B": 2, "SEQ_LEN": 64, "H": 1, "HQ": 16, "D": 64, "S": 1, "block_size": 16, "is_causal": true}, "seed": 432, "status": "PASS", "call_event_ms": {"baseline": [0.011750400066375732, 0.010598400235176086, 0.010444799810647965, 0.010496000200510025], "candidate": [0.011110399663448334, 0.010726399719715118, 0.010649599879980088, 0.010444799810647965]}, "median_ms": {"baseline": 0.010547200217843056, "candidate": 0.010687999799847603}, "baseline_over_candidate": 0.9868263861675451}
{"case": {"B": 2, "SEQ_LEN": 64, "H": 1, "HQ": 16, "D": 128, "S": 1, "block_size": 16, "is_causal": true}, "candidate": "baseline", "phase": "compile_correctness"}
{"case": {"B": 2, "SEQ_LEN": 64, "H": 1, "HQ": 16, "D": 128, "S": 1, "block_size": 16, "is_causal": true}, "candidate": "candidate", "phase": "compile_correctness"}
{"case": {"B": 2, "SEQ_LEN": 64, "H": 1, "HQ": 16, "D": 128, "S": 1, "block_size": 16, "is_causal": true}, "seed": 432, "status": "PASS", "call_event_ms": {"baseline": [0.012108799815177918, 0.011392000317573547, 0.011392000317573547, 0.011340799927711486], "candidate": [0.010751999914646149, 0.010393600165843963, 0.010419200360774993, 0.010367999970912933]}, "median_ms": {"baseline": 0.011392000317573547, "candidate": 0.010406400263309478}, "baseline_over_candidate": 1.0947109499275232}
{"case": {"B": 2, "SEQ_LEN": 128, "H": 1, "HQ": 16, "D": 32, "S": 1, "block_size": 16, "is_causal": true}, "candidate": "baseline", "phase": "compile_correctness"}
{"case": {"B": 2, "SEQ_LEN": 128, "H": 1, "HQ": 16, "D": 32, "S": 1, "block_size": 16, "is_causal": true}, "candidate": "candidate", "phase": "compile_correctness"}
2026-09-07 13:27:43  [TileLang:tilelang.cache.kernel_cache:WARNING] (kernel_cache.py:342): Found kernel 'kernel' in memory cache. For better performance, consider using `@tilelang.jit` instead of direct kernel caching.
{"case": {"B": 2, "SEQ_LEN": 128, "H": 1, "HQ": 16, "D": 32, "S": 1, "block_size": 16, "is_causal": true}, "seed": 432, "status": "PASS", "call_event_ms": {"baseline": [0.011443199962377549, 0.010675200074911118, 0.010675200074911118, 0.010598400235176086], "candidate": [0.010828799754381179, 0.010598400235176086, 0.010496000200510025, 0.010623999685049058]}, "median_ms": {"baseline": 0.010675200074911118, "candidate": 0.010611199960112571}, "baseline_over_candidate": 1.0060313739293505}
{"case": {"B": 2, "SEQ_LEN": 128, "H": 1, "HQ": 16, "D": 64, "S": 1, "block_size": 16, "is_causal": true}, "candidate": "baseline", "phase": "compile_correctness"}
{"case": {"B": 2, "SEQ_LEN": 128, "H": 1, "HQ": 16, "D": 64, "S": 1, "block_size": 16, "is_causal": true}, "candidate": "candidate", "phase": "compile_correctness"}
2026-09-07 13:27:44  [TileLang:tilelang.cache.kernel_cache:WARNING] (kernel_cache.py:342): Found kernel 'kernel' in memory cache. For better performance, consider using `@tilelang.jit` instead of direct kernel caching.
{"case": {"B": 2, "SEQ_LEN": 128, "H": 1, "HQ": 16, "D": 64, "S": 1, "block_size": 16, "is_causal": true}, "seed": 432, "status": "PASS", "call_event_ms": {"baseline": [0.011238399893045425, 0.010572800040245056, 0.010623999685049058, 0.010521599650382995], "candidate": [0.010777600109577179, 0.010649599879980088, 0.010726399719715118, 0.010419200360774993]}, "median_ms": {"baseline": 0.010598399862647056, "candidate": 0.010687999799847603}, "baseline_over_candidate": 0.9916167721857718}
{"case": {"B": 2, "SEQ_LEN": 128, "H": 1, "HQ": 16, "D": 128, "S": 1, "block_size": 16, "is_causal": true}, "candidate": "baseline", "phase": "compile_correctness"}
{"case": {"B": 2, "SEQ_LEN": 128, "H": 1, "HQ": 16, "D": 128, "S": 1, "block_size": 16, "is_causal": true}, "candidate": "candidate", "phase": "compile_correctness"}
{"case": {"B": 2, "SEQ_LEN": 128, "H": 1, "HQ": 16, "D": 128, "S": 1, "block_size": 16, "is_causal": true}, "seed": 432, "status": "PASS", "call_event_ms": {"baseline": [0.01226240023970604, 0.011776000261306763, 0.01154559999704361, 0.011622399836778641], "candidate": [0.011187200248241425, 0.010572800040245056, 0.010598400235176086, 0.010572800040245056]}, "median_ms": {"baseline": 0.011699200049042702, "candidate": 0.010585600137710571}, "baseline_over_candidate": 1.1051995065792253}
{"case": {"B": 2, "SEQ_LEN": 256, "H": 1, "HQ": 16, "D": 32, "S": 1, "block_size": 16, "is_causal": true}, "candidate": "baseline", "phase": "compile_correctness"}
{"case": {"B": 2, "SEQ_LEN": 256, "H": 1, "HQ": 16, "D": 32, "S": 1, "block_size": 16, "is_causal": true}, "candidate": "candidate", "phase": "compile_correctness"}
2026-09-07 13:27:44  [TileLang:tilelang.cache.kernel_cache:WARNING] (kernel_cache.py:342): Found kernel 'kernel' in memory cache. For better performance, consider using `@tilelang.jit` instead of direct kernel caching.
{"case": {"B": 2, "SEQ_LEN": 256, "H": 1, "HQ": 16, "D": 32, "S": 1, "block_size": 16, "is_causal": true}, "seed": 432, "status": "PASS", "call_event_ms": {"baseline": [0.011315199732780456, 0.01088000014424324, 0.010675200074911118, 0.010342399775981902], "candidate": [0.010956799983978272, 0.010726399719715118, 0.010751999914646149, 0.01085439994931221]}, "median_ms": {"baseline": 0.010777600109577179, "candidate": 0.010803199931979179}, "baseline_over_candidate": 0.9976303481780227}
{"case": {"B": 2, "SEQ_LEN": 256, "H": 1, "HQ": 16, "D": 64, "S": 1, "block_size": 16, "is_causal": true}, "candidate": "baseline", "phase": "compile_correctness"}
{"case": {"B": 2, "SEQ_LEN": 256, "H": 1, "HQ": 16, "D": 64, "S": 1, "block_size": 16, "is_causal": true}, "candidate": "candidate", "phase": "compile_correctness"}
2026-09-07 13:27:44  [TileLang:tilelang.cache.kernel_cache:WARNING] (kernel_cache.py:342): Found kernel 'kernel' in memory cache. For better performance, consider using `@tilelang.jit` instead of direct kernel caching.
{"case": {"B": 2, "SEQ_LEN": 256, "H": 1, "HQ": 16, "D": 64, "S": 1, "block_size": 16, "is_causal": true}, "seed": 432, "status": "PASS", "call_event_ms": {"baseline": [0.01154559999704361, 0.010572800040245056, 0.010547199845314026, 0.010367999970912933], "candidate": [0.01088000014424324, 0.010444799810647965, 0.010367999970912933, 0.010598400235176086]}, "median_ms": {"baseline": 0.01055999994277954, "candidate": 0.010521600022912025}, "baseline_over_candidate": 1.0036496274125508}
{"case": {"B": 2, "SEQ_LEN": 256, "H": 1, "HQ": 16, "D": 128, "S": 1, "block_size": 16, "is_causal": true}, "candidate": "baseline", "phase": "compile_correctness"}
{"case": {"B": 2, "SEQ_LEN": 256, "H": 1, "HQ": 16, "D": 128, "S": 1, "block_size": 16, "is_causal": true}, "candidate": "candidate", "phase": "compile_correctness"}
{"case": {"B": 2, "SEQ_LEN": 256, "H": 1, "HQ": 16, "D": 128, "S": 1, "block_size": 16, "is_causal": true}, "seed": 432, "status": "PASS", "call_event_ms": {"baseline": [0.013619199395179749, 0.013260799646377563, 0.013158400356769562, 0.013184000551700593], "candidate": [0.011135999858379365, 0.010931199789047242, 0.010931199789047242, 0.010777600109577179]}, "median_ms": {"baseline": 0.013222400099039078, "candidate": 0.010931199789047242}, "baseline_over_candidate": 1.2096019059396896}
{"case": {"B": 2, "SEQ_LEN": 512, "H": 1, "HQ": 16, "D": 32, "S": 1, "block_size": 16, "is_causal": true}, "candidate": "baseline", "phase": "compile_correctness"}
{"case": {"B": 2, "SEQ_LEN": 512, "H": 1, "HQ": 16, "D": 32, "S": 1, "block_size": 16, "is_causal": true}, "candidate": "candidate", "phase": "compile_correctness"}
2026-09-07 13:27:45  [TileLang:tilelang.cache.kernel_cache:WARNING] (kernel_cache.py:342): Found kernel 'kernel' in memory cache. For better performance, consider using `@tilelang.jit` instead of direct kernel caching.
{"case": {"B": 2, "SEQ_LEN": 512, "H": 1, "HQ": 16, "D": 32, "S": 1, "block_size": 16, "is_causal": true}, "seed": 432, "status": "PASS", "call_event_ms": {"baseline": [0.011417599767446518, 0.010470400005578995, 0.010393600165843963, 0.010598400235176086], "candidate": [0.010751999914646149, 0.011366400122642516, 0.010547199845314026, 0.010496000200510025]}, "median_ms": {"baseline": 0.01053440012037754, "candidate": 0.010649599879980088}, "baseline_over_candidate": 0.9891827147591612}
{"case": {"B": 2, "SEQ_LEN": 512, "H": 1, "HQ": 16, "D": 64, "S": 1, "block_size": 16, "is_causal": true}, "candidate": "baseline", "phase": "compile_correctness"}
{"case": {"B": 2, "SEQ_LEN": 512, "H": 1, "HQ": 16, "D": 64, "S": 1, "block_size": 16, "is_causal": true}, "candidate": "candidate", "phase": "compile_correctness"}
2026-09-07 13:27:45  [TileLang:tilelang.cache.kernel_cache:WARNING] (kernel_cache.py:342): Found kernel 'kernel' in memory cache. For better performance, consider using `@tilelang.jit` instead of direct kernel caching.
{"case": {"B": 2, "SEQ_LEN": 512, "H": 1, "HQ": 16, "D": 64, "S": 1, "block_size": 16, "is_causal": true}, "seed": 432, "status": "PASS", "call_event_ms": {"baseline": [0.011878400295972823, 0.01085439994931221, 0.010777600109577179, 0.011878400295972823], "candidate": [0.012083200365304947, 0.010751999914646149, 0.010956799983978272, 0.011519999802112579]}, "median_ms": {"baseline": 0.011366400122642516, "candidate": 0.011238399893045425}, "baseline_over_candidate": 1.0113895421781798}
{"case": {"B": 2, "SEQ_LEN": 512, "H": 1, "HQ": 16, "D": 128, "S": 1, "block_size": 16, "is_causal": true}, "candidate": "baseline", "phase": "compile_correctness"}
{"case": {"B": 2, "SEQ_LEN": 512, "H": 1, "HQ": 16, "D": 128, "S": 1, "block_size": 16, "is_causal": true}, "candidate": "candidate", "phase": "compile_correctness"}
{"case": {"B": 2, "SEQ_LEN": 512, "H": 1, "HQ": 16, "D": 128, "S": 1, "block_size": 16, "is_causal": true}, "seed": 432, "status": "PASS", "call_event_ms": {"baseline": [0.019148799777030944, 0.01879040002822876, 0.018764799833297728, 0.018713599443435668], "candidate": [0.015615999698638916, 0.015462400019168853, 0.015360000729560851, 0.015385599434375763]}, "median_ms": {"baseline": 0.018777599930763243, "candidate": 0.015423999726772308}, "baseline_over_candidate": 1.2174274029692767}
{"case": {"B": 2, "SEQ_LEN": 1024, "H": 1, "HQ": 16, "D": 32, "S": 1, "block_size": 16, "is_causal": true}, "candidate": "baseline", "phase": "compile_correctness"}
{"case": {"B": 2, "SEQ_LEN": 1024, "H": 1, "HQ": 16, "D": 32, "S": 1, "block_size": 16, "is_causal": true}, "candidate": "candidate", "phase": "compile_correctness"}
2026-09-07 13:27:45  [TileLang:tilelang.cache.kernel_cache:WARNING] (kernel_cache.py:342): Found kernel 'kernel' in memory cache. For better performance, consider using `@tilelang.jit` instead of direct kernel caching.
{"case": {"B": 2, "SEQ_LEN": 1024, "H": 1, "HQ": 16, "D": 32, "S": 1, "block_size": 16, "is_causal": true}, "seed": 432, "status": "PASS", "call_event_ms": {"baseline": [0.011724799871444702, 0.010956799983978272, 0.01080320030450821, 0.010777600109577179], "candidate": [0.010982400178909302, 0.011059200018644333, 0.010931199789047242, 0.01085439994931221]}, "median_ms": {"baseline": 0.01088000014424324, "candidate": 0.010956799983978272}, "baseline_over_candidate": 0.9929906688223447}
{"case": {"B": 2, "SEQ_LEN": 1024, "H": 1, "HQ": 16, "D": 64, "S": 1, "block_size": 16, "is_causal": true}, "candidate": "baseline", "phase": "compile_correctness"}
{"case": {"B": 2, "SEQ_LEN": 1024, "H": 1, "HQ": 16, "D": 64, "S": 1, "block_size": 16, "is_causal": true}, "candidate": "candidate", "phase": "compile_correctness"}
2026-09-07 13:27:45  [TileLang:tilelang.cache.kernel_cache:WARNING] (kernel_cache.py:342): Found kernel 'kernel' in memory cache. For better performance, consider using `@tilelang.jit` instead of direct kernel caching.
{"case": {"B": 2, "SEQ_LEN": 1024, "H": 1, "HQ": 16, "D": 64, "S": 1, "block_size": 16, "is_causal": true}, "seed": 432, "status": "PASS", "call_event_ms": {"baseline": [0.018508799374103546, 0.018355199694633485, 0.018457600474357606, 0.018585599958896637], "candidate": [0.018559999763965607, 0.01820160001516342, 0.01804800033569336, 0.01815039962530136]}, "median_ms": {"baseline": 0.018483199924230576, "candidate": 0.01817599982023239}, "baseline_over_candidate": 1.016901414339597}
{"case": {"B": 2, "SEQ_LEN": 1024, "H": 1, "HQ": 16, "D": 128, "S": 1, "block_size": 16, "is_causal": true}, "candidate": "baseline", "phase": "compile_correctness"}
{"case": {"B": 2, "SEQ_LEN": 1024, "H": 1, "HQ": 16, "D": 128, "S": 1, "block_size": 16, "is_causal": true}, "candidate": "candidate", "phase": "compile_correctness"}
{"case": {"B": 2, "SEQ_LEN": 1024, "H": 1, "HQ": 16, "D": 128, "S": 1, "block_size": 16, "is_causal": true}, "seed": 432, "status": "PASS", "call_event_ms": {"baseline": [0.03553279936313629, 0.034867200255393985, 0.034867200255393985, 0.034815999865531924], "candidate": [0.028697600960731505, 0.02892799973487854, 0.02892799973487854, 0.028774398565292358]}, "median_ms": {"baseline": 0.034867200255393985, "candidate": 0.02885119915008545}, "baseline_over_candidate": 1.2085182343379555}
{"case": {"B": 4, "SEQ_LEN": 64, "H": 1, "HQ": 16, "D": 32, "S": 1, "block_size": 16, "is_causal": true}, "candidate": "baseline", "phase": "compile_correctness"}
{"case": {"B": 4, "SEQ_LEN": 64, "H": 1, "HQ": 16, "D": 32, "S": 1, "block_size": 16, "is_causal": true}, "candidate": "candidate", "phase": "compile_correctness"}
2026-09-07 13:27:46  [TileLang:tilelang.cache.kernel_cache:WARNING] (kernel_cache.py:342): Found kernel 'kernel' in memory cache. For better performance, consider using `@tilelang.jit` instead of direct kernel caching.
{"case": {"B": 4, "SEQ_LEN": 64, "H": 1, "HQ": 16, "D": 32, "S": 1, "block_size": 16, "is_causal": true}, "seed": 432, "status": "PASS", "call_event_ms": {"baseline": [0.01157120019197464, 0.010777600109577179, 0.01085439994931221, 0.010598400235176086], "candidate": [0.011084800213575363, 0.010649599879980088, 0.01088000014424324, 0.01088000014424324]}, "median_ms": {"baseline": 0.010816000029444694, "candidate": 0.01088000014424324}, "baseline_over_candidate": 0.9941176365854729}
{"case": {"B": 4, "SEQ_LEN": 64, "H": 1, "HQ": 16, "D": 64, "S": 1, "block_size": 16, "is_causal": true}, "candidate": "baseline", "phase": "compile_correctness"}
{"case": {"B": 4, "SEQ_LEN": 64, "H": 1, "HQ": 16, "D": 64, "S": 1, "block_size": 16, "is_causal": true}, "candidate": "candidate", "phase": "compile_correctness"}
2026-09-07 13:27:46  [TileLang:tilelang.cache.kernel_cache:WARNING] (kernel_cache.py:342): Found kernel 'kernel' in memory cache. For better performance, consider using `@tilelang.jit` instead of direct kernel caching.
{"case": {"B": 4, "SEQ_LEN": 64, "H": 1, "HQ": 16, "D": 64, "S": 1, "block_size": 16, "is_causal": true}, "seed": 432, "status": "PASS", "call_event_ms": {"baseline": [0.011955200135707856, 0.010982400178909302, 0.011033599823713302, 0.01085439994931221], "candidate": [0.011494400352239609, 0.011187200248241425, 0.010931199789047242, 0.010931199789047242]}, "median_ms": {"baseline": 0.011008000001311302, "candidate": 0.011059200018644334}, "baseline_over_candidate": 0.99537036881088}
{"case": {"B": 4, "SEQ_LEN": 64, "H": 1, "HQ": 16, "D": 128, "S": 1, "block_size": 16, "is_causal": true}, "candidate": "baseline", "phase": "compile_correctness"}
{"case": {"B": 4, "SEQ_LEN": 64, "H": 1, "HQ": 16, "D": 128, "S": 1, "block_size": 16, "is_causal": true}, "candidate": "candidate", "phase": "compile_correctness"}
{"case": {"B": 4, "SEQ_LEN": 64, "H": 1, "HQ": 16, "D": 128, "S": 1, "block_size": 16, "is_causal": true}, "seed": 432, "status": "PASS", "call_event_ms": {"baseline": [0.01228799968957901, 0.011648000031709672, 0.011596799641847611, 0.013235199451446533], "candidate": [0.011084800213575363, 0.010419200360774993, 0.010675200074911118, 0.011161600053310395]}, "median_ms": {"baseline": 0.01196799986064434, "candidate": 0.01088000014424324}, "baseline_over_candidate": 1.09999997260816}
{"case": {"B": 4, "SEQ_LEN": 128, "H": 1, "HQ": 16, "D": 32, "S": 1, "block_size": 16, "is_causal": true}, "candidate": "baseline", "phase": "compile_correctness"}
{"case": {"B": 4, "SEQ_LEN": 128, "H": 1, "HQ": 16, "D": 32, "S": 1, "block_size": 16, "is_causal": true}, "candidate": "candidate", "phase": "compile_correctness"}
2026-09-07 13:27:47  [TileLang:tilelang.cache.kernel_cache:WARNING] (kernel_cache.py:342): Found kernel 'kernel' in memory cache. For better performance, consider using `@tilelang.jit` instead of direct kernel caching.
{"case": {"B": 4, "SEQ_LEN": 128, "H": 1, "HQ": 16, "D": 32, "S": 1, "block_size": 16, "is_causal": true}, "seed": 432, "status": "PASS", "call_event_ms": {"baseline": [0.011519999802112579, 0.01090560033917427, 0.010726399719715118, 0.010598400235176086], "candidate": [0.011007999628782272, 0.010751999914646149, 0.010675200074911118, 0.011315199732780456]}, "median_ms": {"baseline": 0.010816000029444694, "candidate": 0.010879999771714211}, "baseline_over_candidate": 0.9941176706238631}
{"case": {"B": 4, "SEQ_LEN": 128, "H": 1, "HQ": 16, "D": 64, "S": 1, "block_size": 16, "is_causal": true}, "candidate": "baseline", "phase": "compile_correctness"}
{"case": {"B": 4, "SEQ_LEN": 128, "H": 1, "HQ": 16, "D": 64, "S": 1, "block_size": 16, "is_causal": true}, "candidate": "candidate", "phase": "compile_correctness"}
2026-09-07 13:27:47  [TileLang:tilelang.cache.kernel_cache:WARNING] (kernel_cache.py:342): Found kernel 'kernel' in memory cache. For better performance, consider using `@tilelang.jit` instead of direct kernel caching.
{"case": {"B": 4, "SEQ_LEN": 128, "H": 1, "HQ": 16, "D": 64, "S": 1, "block_size": 16, "is_causal": true}, "seed": 432, "status": "PASS", "call_event_ms": {"baseline": [0.011596799641847611, 0.01088000014424324, 0.010726399719715118, 0.010726399719715118], "candidate": [0.011007999628782272, 0.010828799754381179, 0.010777600109577179, 0.01090560033917427]}, "median_ms": {"baseline": 0.010803199931979179, "candidate": 0.010867200046777725}, "baseline_over_candidate": 0.9941107079539294}
{"case": {"B": 4, "SEQ_LEN": 128, "H": 1, "HQ": 16, "D": 128, "S": 1, "block_size": 16, "is_causal": true}, "candidate": "baseline", "phase": "compile_correctness"}
{"case": {"B": 4, "SEQ_LEN": 128, "H": 1, "HQ": 16, "D": 128, "S": 1, "block_size": 16, "is_causal": true}, "candidate": "candidate", "phase": "compile_correctness"}
{"case": {"B": 4, "SEQ_LEN": 128, "H": 1, "HQ": 16, "D": 128, "S": 1, "block_size": 16, "is_causal": true}, "seed": 432, "status": "PASS", "call_event_ms": {"baseline": [0.013900800049304963, 0.013337600231170654, 0.013286399841308593, 0.013132800161838532], "candidate": [0.011340799927711486, 0.011110399663448334, 0.011110399663448334, 0.011110399663448334]}, "median_ms": {"baseline": 0.013312000036239623, "candidate": 0.011110399663448334}, "baseline_over_candidate": 1.1981567215834952}
{"case": {"B": 4, "SEQ_LEN": 256, "H": 1, "HQ": 16, "D": 32, "S": 1, "block_size": 16, "is_causal": true}, "candidate": "baseline", "phase": "compile_correctness"}
{"case": {"B": 4, "SEQ_LEN": 256, "H": 1, "HQ": 16, "D": 32, "S": 1, "block_size": 16, "is_causal": true}, "candidate": "candidate", "phase": "compile_correctness"}
2026-09-07 13:27:47  [TileLang:tilelang.cache.kernel_cache:WARNING] (kernel_cache.py:342): Found kernel 'kernel' in memory cache. For better performance, consider using `@tilelang.jit` instead of direct kernel caching.
{"case": {"B": 4, "SEQ_LEN": 256, "H": 1, "HQ": 16, "D": 32, "S": 1, "block_size": 16, "is_causal": true}, "seed": 432, "status": "PASS", "call_event_ms": {"baseline": [0.011366400122642516, 0.010700800269842149, 0.010700800269842149, 0.010649599879980088], "candidate": [0.010751999914646149, 0.010675200074911118, 0.01080320030450821, 0.010726399719715118]}, "median_ms": {"baseline": 0.010700800269842149, "candidate": 0.010739199817180634}, "baseline_over_candidate": 0.9964243567498341}
{"case": {"B": 4, "SEQ_LEN": 256, "H": 1, "HQ": 16, "D": 64, "S": 1, "block_size": 16, "is_causal": true}, "candidate": "baseline", "phase": "compile_correctness"}
{"case": {"B": 4, "SEQ_LEN": 256, "H": 1, "HQ": 16, "D": 64, "S": 1, "block_size": 16, "is_causal": true}, "candidate": "candidate", "phase": "compile_correctness"}
2026-09-07 13:27:47  [TileLang:tilelang.cache.kernel_cache:WARNING] (kernel_cache.py:342): Found kernel 'kernel' in memory cache. For better performance, consider using `@tilelang.jit` instead of direct kernel caching.
{"case": {"B": 4, "SEQ_LEN": 256, "H": 1, "HQ": 16, "D": 64, "S": 1, "block_size": 16, "is_causal": true}, "seed": 432, "status": "PASS", "call_event_ms": {"baseline": [0.01157120019197464, 0.01088000014424324, 0.010956799983978272, 0.01088000014424324], "candidate": [0.011315199732780456, 0.011059200018644333, 0.010982400178909302, 0.01233920007944107]}, "median_ms": {"baseline": 0.010918400064110757, "candidate": 0.011187199875712393}, "baseline_over_candidate": 0.9759725566193551}
{"case": {"B": 4, "SEQ_LEN": 256, "H": 1, "HQ": 16, "D": 128, "S": 1, "block_size": 16, "is_causal": true}, "candidate": "baseline", "phase": "compile_correctness"}
{"case": {"B": 4, "SEQ_LEN": 256, "H": 1, "HQ": 16, "D": 128, "S": 1, "block_size": 16, "is_causal": true}, "candidate": "candidate", "phase": "compile_correctness"}
{"case": {"B": 4, "SEQ_LEN": 256, "H": 1, "HQ": 16, "D": 128, "S": 1, "block_size": 16, "is_causal": true}, "seed": 432, "status": "PASS", "call_event_ms": {"baseline": [0.018943999707698823, 0.018534399569034576, 0.018585599958896637, 0.01879040002822876], "candidate": [0.015718400478363037, 0.015462400019168853, 0.015564799308776855, 0.015692800283432007]}, "median_ms": {"baseline": 0.018687999993562698, "candidate": 0.01562879979610443}, "baseline_over_candidate": 1.1957412109291201}
{"case": {"B": 4, "SEQ_LEN": 512, "H": 1, "HQ": 16, "D": 32, "S": 1, "block_size": 16, "is_causal": true}, "candidate": "baseline", "phase": "compile_correctness"}
{"case": {"B": 4, "SEQ_LEN": 512, "H": 1, "HQ": 16, "D": 32, "S": 1, "block_size": 16, "is_causal": true}, "candidate": "candidate", "phase": "compile_correctness"}
2026-09-07 13:27:48  [TileLang:tilelang.cache.kernel_cache:WARNING] (kernel_cache.py:342): Found kernel 'kernel' in memory cache. For better performance, consider using `@tilelang.jit` instead of direct kernel caching.
{"case": {"B": 4, "SEQ_LEN": 512, "H": 1, "HQ": 16, "D": 32, "S": 1, "block_size": 16, "is_causal": true}, "seed": 432, "status": "PASS", "call_event_ms": {"baseline": [0.011673600226640702, 0.010956799983978272, 0.010828799754381179, 0.010675200074911118], "candidate": [0.011187200248241425, 0.01080320030450821, 0.010726399719715118, 0.010777600109577179]}, "median_ms": {"baseline": 0.010892799869179726, "candidate": 0.010790400207042694}, "baseline_over_candidate": 1.0094898854696972}
{"case": {"B": 4, "SEQ_LEN": 512, "H": 1, "HQ": 16, "D": 64, "S": 1, "block_size": 16, "is_causal": true}, "candidate": "baseline", "phase": "compile_correctness"}
{"case": {"B": 4, "SEQ_LEN": 512, "H": 1, "HQ": 16, "D": 64, "S": 1, "block_size": 16, "is_causal": true}, "candidate": "candidate", "phase": "compile_correctness"}
2026-09-07 13:27:48  [TileLang:tilelang.cache.kernel_cache:WARNING] (kernel_cache.py:342): Found kernel 'kernel' in memory cache. For better performance, consider using `@tilelang.jit` instead of direct kernel caching.
{"case": {"B": 4, "SEQ_LEN": 512, "H": 1, "HQ": 16, "D": 64, "S": 1, "block_size": 16, "is_causal": true}, "seed": 432, "status": "PASS", "call_event_ms": {"baseline": [0.017843200266361235, 0.017612800002098083, 0.017817600071430205, 0.017638400197029114], "candidate": [0.01825280040502548, 0.01807360053062439, 0.01812479943037033, 0.018278400599956512]}, "median_ms": {"baseline": 0.01772800013422966, "candidate": 0.018188799917697906}, "baseline_over_candidate": 0.9746657401503502}
{"case": {"B": 4, "SEQ_LEN": 512, "H": 1, "HQ": 16, "D": 128, "S": 1, "block_size": 16, "is_causal": true}, "candidate": "baseline", "phase": "compile_correctness"}
{"case": {"B": 4, "SEQ_LEN": 512, "H": 1, "HQ": 16, "D": 128, "S": 1, "block_size": 16, "is_causal": true}, "candidate": "candidate", "phase": "compile_correctness"}
{"case": {"B": 4, "SEQ_LEN": 512, "H": 1, "HQ": 16, "D": 128, "S": 1, "block_size": 16, "is_causal": true}, "seed": 432, "status": "PASS", "call_event_ms": {"baseline": [0.03573760092258453, 0.035174399614334106, 0.0354559987783432, 0.034995201230049136], "candidate": [0.02892799973487854, 0.02890239953994751, 0.028799998760223388, 0.028825598955154418]}, "median_ms": {"baseline": 0.03531519919633865, "candidate": 0.028863999247550964}, "baseline_over_candidate": 1.2235033299945453}
{"case": {"B": 4, "SEQ_LEN": 1024, "H": 1, "HQ": 16, "D": 32, "S": 1, "block_size": 16, "is_causal": true}, "candidate": "baseline", "phase": "compile_correctness"}
{"case": {"B": 4, "SEQ_LEN": 1024, "H": 1, "HQ": 16, "D": 32, "S": 1, "block_size": 16, "is_causal": true}, "candidate": "candidate", "phase": "compile_correctness"}
{"case": {"B": 4, "SEQ_LEN": 1024, "H": 1, "HQ": 16, "D": 32, "S": 1, "block_size": 16, "is_causal": true}, "seed": 432, "status": "PASS", "call_event_ms": {"baseline": [0.015999999642372132, 0.0152319997549057, 0.015027199685573579, 0.015078400075435639], "candidate": [0.014694400131702423, 0.0144896000623703, 0.01446399986743927, 0.014720000326633453]}, "median_ms": {"baseline": 0.01515519991517067, "candidate": 0.014592000097036362}, "baseline_over_candidate": 1.0385964785080213}
{"case": {"B": 4, "SEQ_LEN": 1024, "H": 1, "HQ": 16, "D": 64, "S": 1, "block_size": 16, "is_causal": true}, "candidate": "baseline", "phase": "compile_correctness"}
{"case": {"B": 4, "SEQ_LEN": 1024, "H": 1, "HQ": 16, "D": 64, "S": 1, "block_size": 16, "is_causal": true}, "candidate": "candidate", "phase": "compile_correctness"}
2026-09-07 13:27:49  [TileLang:tilelang.cache.kernel_cache:WARNING] (kernel_cache.py:342): Found kernel 'kernel' in memory cache. For better performance, consider using `@tilelang.jit` instead of direct kernel caching.
{"case": {"B": 4, "SEQ_LEN": 1024, "H": 1, "HQ": 16, "D": 64, "S": 1, "block_size": 16, "is_causal": true}, "seed": 432, "status": "PASS", "call_event_ms": {"baseline": [0.030131199955940248, 0.028825598955154418, 0.029209598898887634, 0.029158401489257812], "candidate": [0.03041279911994934, 0.030873599648475646, 0.03118079900741577, 0.03051519989967346]}, "median_ms": {"baseline": 0.029184000194072725, "candidate": 0.03069439977407455}, "baseline_over_candidate": 0.9507923402601423}
{"case": {"B": 4, "SEQ_LEN": 1024, "H": 1, "HQ": 16, "D": 128, "S": 1, "block_size": 16, "is_causal": true}, "candidate": "baseline", "phase": "compile_correctness"}
{"case": {"B": 4, "SEQ_LEN": 1024, "H": 1, "HQ": 16, "D": 128, "S": 1, "block_size": 16, "is_causal": true}, "candidate": "candidate", "phase": "compile_correctness"}
{"case": {"B": 4, "SEQ_LEN": 1024, "H": 1, "HQ": 16, "D": 128, "S": 1, "block_size": 16, "is_causal": true}, "seed": 432, "status": "PASS", "call_event_ms": {"baseline": [0.055961602926254274, 0.05514240264892578, 0.05534719824790955, 0.055193597078323366], "candidate": [0.048076799511909483, 0.04766719937324524, 0.048691201210021975, 0.048332801461219786]}, "median_ms": {"baseline": 0.055270397663116456, "candidate": 0.048204800486564635}, "baseline_over_candidate": 1.1465745549246926}
{"case": {"B": 8, "SEQ_LEN": 64, "H": 1, "HQ": 16, "D": 32, "S": 1, "block_size": 16, "is_causal": true}, "candidate": "baseline", "phase": "compile_correctness"}
{"case": {"B": 8, "SEQ_LEN": 64, "H": 1, "HQ": 16, "D": 32, "S": 1, "block_size": 16, "is_causal": true}, "candidate": "candidate", "phase": "compile_correctness"}
2026-09-07 13:27:49  [TileLang:tilelang.cache.kernel_cache:WARNING] (kernel_cache.py:342): Found kernel 'kernel' in memory cache. For better performance, consider using `@tilelang.jit` instead of direct kernel caching.
{"case": {"B": 8, "SEQ_LEN": 64, "H": 1, "HQ": 16, "D": 32, "S": 1, "block_size": 16, "is_causal": true}, "seed": 432, "status": "PASS", "call_event_ms": {"baseline": [0.011494400352239609, 0.010496000200510025, 0.010547199845314026, 0.010470400005578995], "candidate": [0.010828799754381179, 0.010367999970912933, 0.010572800040245056, 0.010496000200510025]}, "median_ms": {"baseline": 0.010521600022912025, "candidate": 0.01053440012037754}, "baseline_over_candidate": 0.9987849239330909}
{"case": {"B": 8, "SEQ_LEN": 64, "H": 1, "HQ": 16, "D": 64, "S": 1, "block_size": 16, "is_causal": true}, "candidate": "baseline", "phase": "compile_correctness"}
{"case": {"B": 8, "SEQ_LEN": 64, "H": 1, "HQ": 16, "D": 64, "S": 1, "block_size": 16, "is_causal": true}, "candidate": "candidate", "phase": "compile_correctness"}
2026-09-07 13:27:49  [TileLang:tilelang.cache.kernel_cache:WARNING] (kernel_cache.py:342): Found kernel 'kernel' in memory cache. For better performance, consider using `@tilelang.jit` instead of direct kernel caching.
{"case": {"B": 8, "SEQ_LEN": 64, "H": 1, "HQ": 16, "D": 64, "S": 1, "block_size": 16, "is_causal": true}, "seed": 432, "status": "PASS", "call_event_ms": {"baseline": [0.011340799927711486, 0.010649599879980088, 0.010649599879980088, 0.010444799810647965], "candidate": [0.010931199789047242, 0.010598400235176086, 0.010700800269842149, 0.010393600165843963]}, "median_ms": {"baseline": 0.010649599879980088, "candidate": 0.010649600252509116}, "baseline_over_candidate": 0.9999999650194356}
{"case": {"B": 8, "SEQ_LEN": 64, "H": 1, "HQ": 16, "D": 128, "S": 1, "block_size": 16, "is_causal": true}, "candidate": "baseline", "phase": "compile_correctness"}
{"case": {"B": 8, "SEQ_LEN": 64, "H": 1, "HQ": 16, "D": 128, "S": 1, "block_size": 16, "is_causal": true}, "candidate": "candidate", "phase": "compile_correctness"}
{"case": {"B": 8, "SEQ_LEN": 64, "H": 1, "HQ": 16, "D": 128, "S": 1, "block_size": 16, "is_causal": true}, "seed": 432, "status": "PASS", "call_event_ms": {"baseline": [0.013644799590110779, 0.013158400356769562, 0.013184000551700593, 0.013132800161838532], "candidate": [0.011238399893045425, 0.011059200018644333, 0.010956799983978272, 0.01090560033917427]}, "median_ms": {"baseline": 0.013171200454235078, "candidate": 0.011008000001311302}, "baseline_over_candidate": 1.196511669028533}
{"case": {"B": 8, "SEQ_LEN": 128, "H": 1, "HQ": 16, "D": 32, "S": 1, "block_size": 16, "is_causal": true}, "candidate": "baseline", "phase": "compile_correctness"}
{"case": {"B": 8, "SEQ_LEN": 128, "H": 1, "HQ": 16, "D": 32, "S": 1, "block_size": 16, "is_causal": true}, "candidate": "candidate", "phase": "compile_correctness"}
2026-09-07 13:27:50  [TileLang:tilelang.cache.kernel_cache:WARNING] (kernel_cache.py:342): Found kernel 'kernel' in memory cache. For better performance, consider using `@tilelang.jit` instead of direct kernel caching.
{"case": {"B": 8, "SEQ_LEN": 128, "H": 1, "HQ": 16, "D": 32, "S": 1, "block_size": 16, "is_causal": true}, "seed": 432, "status": "PASS", "call_event_ms": {"baseline": [0.011519999802112579, 0.010751999914646149, 0.010700800269842149, 0.010649599879980088], "candidate": [0.010956799983978272, 0.010572800040245056, 0.010572800040245056, 0.010700800269842149]}, "median_ms": {"baseline": 0.010726400092244149, "candidate": 0.010636800155043601}, "baseline_over_candidate": 1.0084235800141514}
{"case": {"B": 8, "SEQ_LEN": 128, "H": 1, "HQ": 16, "D": 64, "S": 1, "block_size": 16, "is_causal": true}, "candidate": "baseline", "phase": "compile_correctness"}
{"case": {"B": 8, "SEQ_LEN": 128, "H": 1, "HQ": 16, "D": 64, "S": 1, "block_size": 16, "is_causal": true}, "candidate": "candidate", "phase": "compile_correctness"}
2026-09-07 13:27:50  [TileLang:tilelang.cache.kernel_cache:WARNING] (kernel_cache.py:342): Found kernel 'kernel' in memory cache. For better performance, consider using `@tilelang.jit` instead of direct kernel caching.
{"case": {"B": 8, "SEQ_LEN": 128, "H": 1, "HQ": 16, "D": 64, "S": 1, "block_size": 16, "is_causal": true}, "seed": 432, "status": "PASS", "call_event_ms": {"baseline": [0.011238399893045425, 0.010751999914646149, 0.010649599879980088, 0.010726399719715118], "candidate": [0.011007999628782272, 0.01088000014424324, 0.010751999914646149, 0.01080320030450821]}, "median_ms": {"baseline": 0.010739199817180634, "candidate": 0.010841600224375724}, "baseline_over_candidate": 0.9905548622827045}
{"case": {"B": 8, "SEQ_LEN": 128, "H": 1, "HQ": 16, "D": 128, "S": 1, "block_size": 16, "is_causal": true}, "candidate": "baseline", "phase": "compile_correctness"}
{"case": {"B": 8, "SEQ_LEN": 128, "H": 1, "HQ": 16, "D": 128, "S": 1, "block_size": 16, "is_causal": true}, "candidate": "candidate", "phase": "compile_correctness"}
{"case": {"B": 8, "SEQ_LEN": 128, "H": 1, "HQ": 16, "D": 128, "S": 1, "block_size": 16, "is_causal": true}, "seed": 432, "status": "PASS", "call_event_ms": {"baseline": [0.019276799261569978, 0.018688000738620758, 0.018508799374103546, 0.018739199638366698], "candidate": [0.015846399962902068, 0.015820799767971037, 0.015846399962902068, 0.015692800283432007]}, "median_ms": {"baseline": 0.018713600188493728, "candidate": 0.015833599865436553}, "baseline_over_candidate": 1.1818916953524876}
{"case": {"B": 8, "SEQ_LEN": 256, "H": 1, "HQ": 16, "D": 32, "S": 1, "block_size": 16, "is_causal": true}, "candidate": "baseline", "phase": "compile_correctness"}
{"case": {"B": 8, "SEQ_LEN": 256, "H": 1, "HQ": 16, "D": 32, "S": 1, "block_size": 16, "is_causal": true}, "candidate": "candidate", "phase": "compile_correctness"}
2026-09-07 13:27:50  [TileLang:tilelang.cache.kernel_cache:WARNING] (kernel_cache.py:342): Found kernel 'kernel' in memory cache. For better performance, consider using `@tilelang.jit` instead of direct kernel caching.
{"case": {"B": 8, "SEQ_LEN": 256, "H": 1, "HQ": 16, "D": 32, "S": 1, "block_size": 16, "is_causal": true}, "seed": 432, "status": "PASS", "call_event_ms": {"baseline": [0.011929599940776825, 0.011007999628782272, 0.010828799754381179, 0.010649599879980088], "candidate": [0.01090560033917427, 0.010649599879980088, 0.010675200074911118, 0.011903999745845795]}, "median_ms": {"baseline": 0.010918399691581725, "candidate": 0.010790400207042694}, "baseline_over_candidate": 1.0118623482060922}
{"case": {"B": 8, "SEQ_LEN": 256, "H": 1, "HQ": 16, "D": 64, "S": 1, "block_size": 16, "is_causal": true}, "candidate": "baseline", "phase": "compile_correctness"}
{"case": {"B": 8, "SEQ_LEN": 256, "H": 1, "HQ": 16, "D": 64, "S": 1, "block_size": 16, "is_causal": true}, "candidate": "candidate", "phase": "compile_correctness"}
2026-09-07 13:27:51  [TileLang:tilelang.cache.kernel_cache:WARNING] (kernel_cache.py:342): Found kernel 'kernel' in memory cache. For better performance, consider using `@tilelang.jit` instead of direct kernel caching.
{"case": {"B": 8, "SEQ_LEN": 256, "H": 1, "HQ": 16, "D": 64, "S": 1, "block_size": 16, "is_causal": true}, "seed": 432, "status": "PASS", "call_event_ms": {"baseline": [0.01791999936103821, 0.017791999876499175, 0.017740799486637114, 0.01825280040502548], "candidate": [0.018278400599956512, 0.01884160041809082, 0.01791999936103821, 0.01809920072555542]}, "median_ms": {"baseline": 0.017855999618768693, "candidate": 0.018188800662755966}, "baseline_over_candidate": 0.9817029693074416}
{"case": {"B": 8, "SEQ_LEN": 256, "H": 1, "HQ": 16, "D": 128, "S": 1, "block_size": 16, "is_causal": true}, "candidate": "baseline", "phase": "compile_correctness"}
{"case": {"B": 8, "SEQ_LEN": 256, "H": 1, "HQ": 16, "D": 128, "S": 1, "block_size": 16, "is_causal": true}, "candidate": "candidate", "phase": "compile_correctness"}
{"case": {"B": 8, "SEQ_LEN": 256, "H": 1, "HQ": 16, "D": 128, "S": 1, "block_size": 16, "is_causal": true}, "seed": 432, "status": "PASS", "call_event_ms": {"baseline": [0.03519999980926514, 0.03463680148124695, 0.034431999921798705, 0.034534400701522826], "candidate": [0.028825598955154418, 0.028748801350593566, 0.028723201155662535, 0.028620800375938414]}, "median_ms": {"baseline": 0.034585601091384886, "candidate": 0.02873600125312805}, "baseline_over_candidate": 1.2035634598818818}
{"case": {"B": 8, "SEQ_LEN": 512, "H": 1, "HQ": 16, "D": 32, "S": 1, "block_size": 16, "is_causal": true}, "candidate": "baseline", "phase": "compile_correctness"}
{"case": {"B": 8, "SEQ_LEN": 512, "H": 1, "HQ": 16, "D": 32, "S": 1, "block_size": 16, "is_causal": true}, "candidate": "candidate", "phase": "compile_correctness"}
{"case": {"B": 8, "SEQ_LEN": 512, "H": 1, "HQ": 16, "D": 32, "S": 1, "block_size": 16, "is_causal": true}, "seed": 432, "status": "PASS", "call_event_ms": {"baseline": [0.015641599893569946, 0.01518079936504364, 0.0152319997549057, 0.01520639955997467], "candidate": [0.014924800395965577, 0.014745600521564484, 0.014591999351978302, 0.014796799421310425]}, "median_ms": {"baseline": 0.015219199657440185, "candidate": 0.014771199971437454}, "baseline_over_candidate": 1.0303292682293255}
{"case": {"B": 8, "SEQ_LEN": 512, "H": 1, "HQ": 16, "D": 64, "S": 1, "block_size": 16, "is_causal": true}, "candidate": "baseline", "phase": "compile_correctness"}
{"case": {"B": 8, "SEQ_LEN": 512, "H": 1, "HQ": 16, "D": 64, "S": 1, "block_size": 16, "is_causal": true}, "candidate": "candidate", "phase": "compile_correctness"}
2026-09-07 13:27:51  [TileLang:tilelang.cache.kernel_cache:WARNING] (kernel_cache.py:342): Found kernel 'kernel' in memory cache. For better performance, consider using `@tilelang.jit` instead of direct kernel caching.
{"case": {"B": 8, "SEQ_LEN": 512, "H": 1, "HQ": 16, "D": 64, "S": 1, "block_size": 16, "is_causal": true}, "seed": 432, "status": "PASS", "call_event_ms": {"baseline": [0.029183998703956604, 0.029235199093818665, 0.029440000653266907, 0.029363200068473816], "candidate": [0.030643200874328612, 0.030847999453544616, 0.03051519989967346, 0.030796799063682555]}, "median_ms": {"baseline": 0.02929919958114624, "candidate": 0.030719999969005582}, "baseline_over_candidate": 0.9537499873277072}
{"case": {"B": 8, "SEQ_LEN": 512, "H": 1, "HQ": 16, "D": 128, "S": 1, "block_size": 16, "is_causal": true}, "candidate": "baseline", "phase": "compile_correctness"}
{"case": {"B": 8, "SEQ_LEN": 512, "H": 1, "HQ": 16, "D": 128, "S": 1, "block_size": 16, "is_causal": true}, "candidate": "candidate", "phase": "compile_correctness"}
{"case": {"B": 8, "SEQ_LEN": 512, "H": 1, "HQ": 16, "D": 128, "S": 1, "block_size": 16, "is_causal": true}, "seed": 432, "status": "PASS", "call_event_ms": {"baseline": [0.055731201171875, 0.05555199980735779, 0.05575680136680603, 0.05575680136680603], "candidate": [0.04746240079402923, 0.04748800098896026, 0.04725759923458099, 0.04730879962444305]}, "median_ms": {"baseline": 0.055744001269340517, "candidate": 0.04738560020923614}, "baseline_over_candidate": 1.176391161517359}
{"case": {"B": 8, "SEQ_LEN": 1024, "H": 1, "HQ": 16, "D": 32, "S": 1, "block_size": 16, "is_causal": true}, "candidate": "baseline", "phase": "compile_correctness"}
{"case": {"B": 8, "SEQ_LEN": 1024, "H": 1, "HQ": 16, "D": 32, "S": 1, "block_size": 16, "is_causal": true}, "candidate": "candidate", "phase": "compile_correctness"}
{"case": {"B": 8, "SEQ_LEN": 1024, "H": 1, "HQ": 16, "D": 32, "S": 1, "block_size": 16, "is_causal": true}, "seed": 432, "status": "PASS", "call_event_ms": {"baseline": [0.024959999322891235, 0.024371199309825897, 0.024294400215148927, 0.024345600605010988], "candidate": [0.023731200397014617, 0.023398399353027344, 0.023296000063419343, 0.023680000007152556]}, "median_ms": {"baseline": 0.024358399957418442, "candidate": 0.02353919968008995}, "baseline_over_candidate": 1.0348015348211432}
{"case": {"B": 8, "SEQ_LEN": 1024, "H": 1, "HQ": 16, "D": 64, "S": 1, "block_size": 16, "is_causal": true}, "candidate": "baseline", "phase": "compile_correctness"}
{"case": {"B": 8, "SEQ_LEN": 1024, "H": 1, "HQ": 16, "D": 64, "S": 1, "block_size": 16, "is_causal": true}, "candidate": "candidate", "phase": "compile_correctness"}
2026-09-07 13:27:52  [TileLang:tilelang.cache.kernel_cache:WARNING] (kernel_cache.py:342): Found kernel 'kernel' in memory cache. For better performance, consider using `@tilelang.jit` instead of direct kernel caching.
{"case": {"B": 8, "SEQ_LEN": 1024, "H": 1, "HQ": 16, "D": 64, "S": 1, "block_size": 16, "is_causal": true}, "seed": 432, "status": "PASS", "call_event_ms": {"baseline": [0.048691201210021975, 0.048665601015090945, 0.048691201210021975, 0.048640000820159915], "candidate": [0.048844799399375916, 0.048870399594306946, 0.04904960095882416, 0.04917759895324707]}, "median_ms": {"baseline": 0.04867840111255646, "candidate": 0.04896000027656555}, "baseline_over_candidate": 0.9942483831205394}
{"case": {"B": 8, "SEQ_LEN": 1024, "H": 1, "HQ": 16, "D": 128, "S": 1, "block_size": 16, "is_causal": true}, "candidate": "baseline", "phase": "compile_correctness"}
{"case": {"B": 8, "SEQ_LEN": 1024, "H": 1, "HQ": 16, "D": 128, "S": 1, "block_size": 16, "is_causal": true}, "candidate": "candidate", "phase": "compile_correctness"}
{"case": {"B": 8, "SEQ_LEN": 1024, "H": 1, "HQ": 16, "D": 128, "S": 1, "block_size": 16, "is_causal": true}, "seed": 432, "status": "PASS", "call_event_ms": {"baseline": [0.09756159782409668, 0.09937919974327088, 0.09635840058326721, 0.09730560183525086], "candidate": [0.08517119884490967, 0.08734719753265381, 0.08511999845504761, 0.08568320274353028]}, "median_ms": {"baseline": 0.09743359982967377, "candidate": 0.08542720079421998}, "baseline_over_candidate": 1.1405453874624223}
{"case": {"B": 1, "SEQ_LEN": 256, "H": 1, "HQ": 16, "D": 64, "S": 1, "block_size": 32, "is_causal": true}, "candidate": "baseline", "phase": "compile_correctness"}
{"case": {"B": 1, "SEQ_LEN": 256, "H": 1, "HQ": 16, "D": 64, "S": 1, "block_size": 32, "is_causal": true}, "candidate": "candidate", "phase": "compile_correctness"}
2026-09-07 13:27:53  [TileLang:tilelang.cache.kernel_cache:WARNING] (kernel_cache.py:342): Found kernel 'kernel' in memory cache. For better performance, consider using `@tilelang.jit` instead of direct kernel caching.
{"case": {"B": 1, "SEQ_LEN": 256, "H": 1, "HQ": 16, "D": 64, "S": 1, "block_size": 32, "is_causal": true}, "seed": 432, "status": "PASS", "call_event_ms": {"baseline": [0.011340799927711486, 0.010726399719715118, 0.010521599650382995, 0.010547199845314026], "candidate": [0.01080320030450821, 0.010470400005578995, 0.010598400235176086, 0.010419200360774993]}, "median_ms": {"baseline": 0.010636799782514573, "candidate": 0.01053440012037754}, "baseline_over_candidate": 1.0097205024459772}
{"case": {"B": 1, "SEQ_LEN": 256, "H": 1, "HQ": 16, "D": 64, "S": 1, "block_size": 64, "is_causal": true}, "candidate": "baseline", "phase": "compile_correctness"}
{"case": {"B": 1, "SEQ_LEN": 256, "H": 1, "HQ": 16, "D": 64, "S": 1, "block_size": 64, "is_causal": true}, "candidate": "candidate", "phase": "compile_correctness"}
2026-09-07 13:27:53  [TileLang:tilelang.cache.kernel_cache:WARNING] (kernel_cache.py:342): Found kernel 'kernel' in memory cache. For better performance, consider using `@tilelang.jit` instead of direct kernel caching.
{"case": {"B": 1, "SEQ_LEN": 256, "H": 1, "HQ": 16, "D": 64, "S": 1, "block_size": 64, "is_causal": true}, "seed": 432, "status": "PASS", "call_event_ms": {"baseline": [0.014259199798107147, 0.013875199854373932, 0.013977600634098053, 0.013926400244235993], "candidate": [0.014105600118637086, 0.014054399728775025, 0.014028799533843995, 0.017177599668502807]}, "median_ms": {"baseline": 0.013952000439167023, "candidate": 0.014079999923706055}, "baseline_over_candidate": 0.9909091274692748}
{"case": {"B": 1, "SEQ_LEN": 512, "H": 1, "HQ": 16, "D": 64, "S": 1, "block_size": 32, "is_causal": true}, "candidate": "baseline", "phase": "compile_correctness"}
{"case": {"B": 1, "SEQ_LEN": 512, "H": 1, "HQ": 16, "D": 64, "S": 1, "block_size": 32, "is_causal": true}, "candidate": "candidate", "phase": "compile_correctness"}
2026-09-07 13:27:53  [TileLang:tilelang.cache.kernel_cache:WARNING] (kernel_cache.py:342): Found kernel 'kernel' in memory cache. For better performance, consider using `@tilelang.jit` instead of direct kernel caching.
{"case": {"B": 1, "SEQ_LEN": 512, "H": 1, "HQ": 16, "D": 64, "S": 1, "block_size": 32, "is_causal": true}, "seed": 432, "status": "PASS", "call_event_ms": {"baseline": [0.011366400122642516, 0.010751999914646149, 0.010751999914646149, 0.010828799754381179], "candidate": [0.011033599823713302, 0.010956799983978272, 0.010828799754381179, 0.010726399719715118]}, "median_ms": {"baseline": 0.010790399834513664, "candidate": 0.010892799869179726}, "baseline_over_candidate": 0.9905992916517455}
{"case": {"B": 1, "SEQ_LEN": 512, "H": 1, "HQ": 16, "D": 64, "S": 1, "block_size": 64, "is_causal": true}, "candidate": "baseline", "phase": "compile_correctness"}
{"case": {"B": 1, "SEQ_LEN": 512, "H": 1, "HQ": 16, "D": 64, "S": 1, "block_size": 64, "is_causal": true}, "candidate": "candidate", "phase": "compile_correctness"}
2026-09-07 13:27:53  [TileLang:tilelang.cache.kernel_cache:WARNING] (kernel_cache.py:342): Found kernel 'kernel' in memory cache. For better performance, consider using `@tilelang.jit` instead of direct kernel caching.
{"case": {"B": 1, "SEQ_LEN": 512, "H": 1, "HQ": 16, "D": 64, "S": 1, "block_size": 64, "is_causal": true}, "seed": 432, "status": "PASS", "call_event_ms": {"baseline": [0.01664000004529953, 0.01646080017089844, 0.01646080017089844, 0.01640959978103638], "candidate": [0.01658879965543747, 0.01653759926557541, 0.0165120005607605, 0.01656319946050644]}, "median_ms": {"baseline": 0.01646080017089844, "candidate": 0.016550399363040924}, "baseline_over_candidate": 0.9945862821689626}
{"case": {"B": 1, "SEQ_LEN": 512, "H": 1, "HQ": 16, "D": 128, "S": 1, "block_size": 32, "is_causal": true}, "candidate": "baseline", "phase": "compile_correctness"}
{"case": {"B": 1, "SEQ_LEN": 512, "H": 1, "HQ": 16, "D": 128, "S": 1, "block_size": 32, "is_causal": true}, "candidate": "candidate", "phase": "compile_correctness"}
{"case": {"B": 1, "SEQ_LEN": 512, "H": 1, "HQ": 16, "D": 128, "S": 1, "block_size": 32, "is_causal": true}, "seed": 432, "status": "PASS", "call_event_ms": {"baseline": [0.01809920072555542, 0.017791999876499175, 0.017817600071430205, 0.017638400197029114], "candidate": [0.015462400019168853, 0.0151296004652977, 0.01520639955997467, 0.01515520066022873]}, "median_ms": {"baseline": 0.01780479997396469, "candidate": 0.0151808001101017}, "baseline_over_candidate": 1.1728499054616306}
{"case": {"B": 2, "SEQ_LEN": 256, "H": 1, "HQ": 16, "D": 64, "S": 1, "block_size": 64, "is_causal": true}, "candidate": "baseline", "phase": "compile_correctness"}
{"case": {"B": 2, "SEQ_LEN": 256, "H": 1, "HQ": 16, "D": 64, "S": 1, "block_size": 64, "is_causal": true}, "candidate": "candidate", "phase": "compile_correctness"}
2026-09-07 13:27:54  [TileLang:tilelang.cache.kernel_cache:WARNING] (kernel_cache.py:342): Found kernel 'kernel' in memory cache. For better performance, consider using `@tilelang.jit` instead of direct kernel caching.
{"case": {"B": 2, "SEQ_LEN": 256, "H": 1, "HQ": 16, "D": 64, "S": 1, "block_size": 64, "is_causal": true}, "seed": 432, "status": "PASS", "call_event_ms": {"baseline": [0.016332800686359405, 0.01646080017089844, 0.016230399906635284, 0.016230399906635284], "candidate": [0.01640959978103638, 0.016383999586105348, 0.016281600296497344, 0.016256000101566314]}, "median_ms": {"baseline": 0.016281600296497344, "candidate": 0.016332799941301344}, "baseline_over_candidate": 0.9968652254978934}
{"case": {"B": 4, "SEQ_LEN": 128, "H": 1, "HQ": 16, "D": 64, "S": 1, "block_size": 32, "is_causal": true}, "candidate": "baseline", "phase": "compile_correctness"}
{"case": {"B": 4, "SEQ_LEN": 128, "H": 1, "HQ": 16, "D": 64, "S": 1, "block_size": 32, "is_causal": true}, "candidate": "candidate", "phase": "compile_correctness"}
2026-09-07 13:27:54  [TileLang:tilelang.cache.kernel_cache:WARNING] (kernel_cache.py:342): Found kernel 'kernel' in memory cache. For better performance, consider using `@tilelang.jit` instead of direct kernel caching.
{"case": {"B": 4, "SEQ_LEN": 128, "H": 1, "HQ": 16, "D": 64, "S": 1, "block_size": 32, "is_causal": true}, "seed": 432, "status": "PASS", "call_event_ms": {"baseline": [0.011417599767446518, 0.010751999914646149, 0.010828799754381179, 0.010777600109577179], "candidate": [0.011340799927711486, 0.01085439994931221, 0.01085439994931221, 0.010956799983978272]}, "median_ms": {"baseline": 0.010803199931979179, "candidate": 0.010905599966645241}, "baseline_over_candidate": 0.9906103254310398}
{"case": {"B": 4, "SEQ_LEN": 128, "H": 1, "HQ": 16, "D": 64, "S": 1, "block_size": 64, "is_causal": true}, "candidate": "baseline", "phase": "compile_correctness"}
{"case": {"B": 4, "SEQ_LEN": 128, "H": 1, "HQ": 16, "D": 64, "S": 1, "block_size": 64, "is_causal": true}, "candidate": "candidate", "phase": "compile_correctness"}
2026-09-07 13:27:54  [TileLang:tilelang.cache.kernel_cache:WARNING] (kernel_cache.py:342): Found kernel 'kernel' in memory cache. For better performance, consider using `@tilelang.jit` instead of direct kernel caching.
{"case": {"B": 4, "SEQ_LEN": 128, "H": 1, "HQ": 16, "D": 64, "S": 1, "block_size": 64, "is_causal": true}, "seed": 432, "status": "PASS", "call_event_ms": {"baseline": [0.016332800686359405, 0.016128000617027283, 0.016179199516773223, 0.016256000101566314], "candidate": [0.01646080017089844, 0.016230399906635284, 0.016128000617027283, 0.01643519997596741]}, "median_ms": {"baseline": 0.01621759980916977, "candidate": 0.016332799941301344}, "baseline_over_candidate": 0.9929467003486484}
{"case": {"B": 2, "SEQ_LEN": 512, "H": 1, "HQ": 16, "D": 128, "S": 1, "block_size": 32, "is_causal": true}, "candidate": "baseline", "phase": "compile_correctness"}
{"case": {"B": 2, "SEQ_LEN": 512, "H": 1, "HQ": 16, "D": 128, "S": 1, "block_size": 32, "is_causal": true}, "candidate": "candidate", "phase": "compile_correctness"}
{"case": {"B": 2, "SEQ_LEN": 512, "H": 1, "HQ": 16, "D": 128, "S": 1, "block_size": 32, "is_causal": true}, "seed": 432, "status": "PASS", "call_event_ms": {"baseline": [0.024857600033283234, 0.024191999435424806, 0.024217599630355836, 0.024140800535678863], "candidate": [0.021657599508762358, 0.021376000344753267, 0.021324799954891206, 0.02160640060901642]}, "median_ms": {"baseline": 0.02420479953289032, "candidate": 0.021491200476884843}, "baseline_over_candidate": 1.1262655875796295}
{"case": {"B": 4, "SEQ_LEN": 1024, "H": 1, "HQ": 16, "D": 128, "S": 1, "block_size": 32, "is_causal": true}, "candidate": "baseline", "phase": "compile_correctness"}
{"case": {"B": 4, "SEQ_LEN": 1024, "H": 1, "HQ": 16, "D": 128, "S": 1, "block_size": 32, "is_causal": true}, "candidate": "candidate", "phase": "compile_correctness"}
{"case": {"B": 4, "SEQ_LEN": 1024, "H": 1, "HQ": 16, "D": 128, "S": 1, "block_size": 32, "is_causal": true}, "seed": 432, "status": "PASS", "call_event_ms": {"baseline": [0.08010240197181702, 0.07948799729347229, 0.07933440208435058, 0.0800000011920929], "candidate": [0.059033602476119995, 0.05921279788017273, 0.05921279788017273, 0.05913599729537964]}, "median_ms": {"baseline": 0.0797439992427826, "candidate": 0.059174397587776185}, "baseline_over_candidate": 1.3476098193394288}
{"case": {"B": 8, "SEQ_LEN": 512, "H": 1, "HQ": 16, "D": 128, "S": 1, "block_size": 32, "is_causal": true}, "candidate": "baseline", "phase": "compile_correctness"}
{"case": {"B": 8, "SEQ_LEN": 512, "H": 1, "HQ": 16, "D": 128, "S": 1, "block_size": 32, "is_causal": true}, "candidate": "candidate", "phase": "compile_correctness"}
{"case": {"B": 8, "SEQ_LEN": 512, "H": 1, "HQ": 16, "D": 128, "S": 1, "block_size": 32, "is_causal": true}, "seed": 432, "status": "PASS", "call_event_ms": {"baseline": [0.08087040185928344, 0.07994880080223084, 0.0804095983505249, 0.0804095983505249], "candidate": [0.058982402086257935, 0.05911039710044861, 0.059033602476119995, 0.059008002281188965]}, "median_ms": {"baseline": 0.0804095983505249, "candidate": 0.05902080237865448}, "baseline_over_candidate": 1.3623941917063112}
{"case": {"B": 1, "SEQ_LEN": 256, "H": 2, "HQ": 32, "D": 64, "S": 1, "block_size": 16, "is_causal": true}, "candidate": "baseline", "phase": "compile_correctness"}
{"case": {"B": 1, "SEQ_LEN": 256, "H": 2, "HQ": 32, "D": 64, "S": 1, "block_size": 16, "is_causal": true}, "candidate": "candidate", "phase": "compile_correctness"}
2026-09-07 13:27:55  [TileLang:tilelang.cache.kernel_cache:WARNING] (kernel_cache.py:342): Found kernel 'kernel' in memory cache. For better performance, consider using `@tilelang.jit` instead of direct kernel caching.
{"case": {"B": 1, "SEQ_LEN": 256, "H": 2, "HQ": 32, "D": 64, "S": 1, "block_size": 16, "is_causal": true}, "seed": 432, "status": "PASS", "call_event_ms": {"baseline": [0.011468800157308579, 0.01085439994931221, 0.010598400235176086, 0.010521599650382995], "candidate": [0.010982400178909302, 0.010572800040245056, 0.010521599650382995, 0.010496000200510025]}, "median_ms": {"baseline": 0.010726400092244147, "candidate": 0.010547199845314026}, "baseline_over_candidate": 1.0169903149232293}
{"case": {"B": 2, "SEQ_LEN": 512, "H": 2, "HQ": 32, "D": 64, "S": 1, "block_size": 16, "is_causal": true}, "candidate": "baseline", "phase": "compile_correctness"}
{"case": {"B": 2, "SEQ_LEN": 512, "H": 2, "HQ": 32, "D": 64, "S": 1, "block_size": 16, "is_causal": true}, "candidate": "candidate", "phase": "compile_correctness"}
2026-09-07 13:27:55  [TileLang:tilelang.cache.kernel_cache:WARNING] (kernel_cache.py:342): Found kernel 'kernel' in memory cache. For better performance, consider using `@tilelang.jit` instead of direct kernel caching.
{"case": {"B": 2, "SEQ_LEN": 512, "H": 2, "HQ": 32, "D": 64, "S": 1, "block_size": 16, "is_causal": true}, "seed": 432, "status": "PASS", "call_event_ms": {"baseline": [0.01884160041809082, 0.01807360053062439, 0.018457600474357606, 0.018534399569034576], "candidate": [0.01791999936103821, 0.017689600586891174, 0.017868800461292265, 0.017459200322628023]}, "median_ms": {"baseline": 0.01849600002169609, "candidate": 0.01777920052409172}, "baseline_over_candidate": 1.040316745212085}
{"case": {"B": 1, "SEQ_LEN": 512, "H": 2, "HQ": 32, "D": 128, "S": 1, "block_size": 16, "is_causal": true}, "candidate": "baseline", "phase": "compile_correctness"}
{"case": {"B": 1, "SEQ_LEN": 512, "H": 2, "HQ": 32, "D": 128, "S": 1, "block_size": 16, "is_causal": true}, "candidate": "candidate", "phase": "compile_correctness"}
{"case": {"B": 1, "SEQ_LEN": 512, "H": 2, "HQ": 32, "D": 128, "S": 1, "block_size": 16, "is_causal": true}, "seed": 432, "status": "PASS", "call_event_ms": {"baseline": [0.019148799777030944, 0.018662400543689728, 0.018688000738620758, 0.018559999763965607], "candidate": [0.01658879965543747, 0.0165120005607605, 0.0165120005607605, 0.0166143998503685]}, "median_ms": {"baseline": 0.018675200641155243, "candidate": 0.016550400108098984}, "baseline_over_candidate": 1.1283836353911758}
{"case": {"B": 1, "SEQ_LEN": 256, "H": 1, "HQ": 16, "D": 64, "S": 2, "block_size": 16, "is_causal": true}, "candidate": "baseline", "phase": "compile_correctness"}
{"case": {"B": 1, "SEQ_LEN": 256, "H": 1, "HQ": 16, "D": 64, "S": 2, "block_size": 16, "is_causal": true}, "candidate": "candidate", "phase": "compile_correctness"}
{"case": {"B": 1, "SEQ_LEN": 256, "H": 1, "HQ": 16, "D": 64, "S": 2, "block_size": 16, "is_causal": true}, "seed": 432, "status": "PASS", "call_event_ms": {"baseline": [0.012160000205039979, 0.010828799754381179, 0.010700800269842149, 0.010367999970912933], "candidate": [0.011238399893045425, 0.011110399663448334, 0.01085439994931221, 0.010751999914646149]}, "median_ms": {"baseline": 0.010764800012111664, "candidate": 0.010982399806380272}, "baseline_over_candidate": 0.9801864985699945}
{"case": {"B": 2, "SEQ_LEN": 512, "H": 1, "HQ": 16, "D": 64, "S": 2, "block_size": 16, "is_causal": true}, "candidate": "baseline", "phase": "compile_correctness"}
{"case": {"B": 2, "SEQ_LEN": 512, "H": 1, "HQ": 16, "D": 64, "S": 2, "block_size": 16, "is_causal": true}, "candidate": "candidate", "phase": "compile_correctness"}
{"case": {"B": 2, "SEQ_LEN": 512, "H": 1, "HQ": 16, "D": 64, "S": 2, "block_size": 16, "is_causal": true}, "seed": 432, "status": "PASS", "call_event_ms": {"baseline": [0.019840000569820403, 0.01963520050048828, 0.01935359984636307, 0.019046400487422944], "candidate": [0.012800000607967377, 0.012723200023174286, 0.012441600114107132, 0.012518399953842163]}, "median_ms": {"baseline": 0.019494400173425675, "candidate": 0.012620799988508225}, "baseline_over_candidate": 1.5446247615980093}
{"case": {"B": 4, "SEQ_LEN": 1024, "H": 1, "HQ": 16, "D": 64, "S": 2, "block_size": 16, "is_causal": true}, "candidate": "baseline", "phase": "compile_correctness"}
{"case": {"B": 4, "SEQ_LEN": 1024, "H": 1, "HQ": 16, "D": 64, "S": 2, "block_size": 16, "is_causal": true}, "candidate": "candidate", "phase": "compile_correctness"}
{"case": {"B": 4, "SEQ_LEN": 1024, "H": 1, "HQ": 16, "D": 64, "S": 2, "block_size": 16, "is_causal": true}, "seed": 432, "status": "PASS", "call_event_ms": {"baseline": [0.05073919892311096, 0.05027840137481689, 0.05030400156974792, 0.05009920001029968], "candidate": [0.03581439852714539, 0.03576320111751556, 0.03553279936313629, 0.03563520014286041]}, "median_ms": {"baseline": 0.05029120147228241, "candidate": 0.035699200630187986}, "baseline_over_candidate": 1.4087486718051363}
{"case": {"B": 1, "SEQ_LEN": 256, "H": 1, "HQ": 16, "D": 64, "S": 4, "block_size": 16, "is_causal": true}, "candidate": "baseline", "phase": "compile_correctness"}
{"case": {"B": 1, "SEQ_LEN": 256, "H": 1, "HQ": 16, "D": 64, "S": 4, "block_size": 16, "is_causal": true}, "candidate": "candidate", "phase": "compile_correctness"}
{"case": {"B": 1, "SEQ_LEN": 256, "H": 1, "HQ": 16, "D": 64, "S": 4, "block_size": 16, "is_causal": true}, "seed": 432, "status": "PASS", "call_event_ms": {"baseline": [0.016307200491428375, 0.01592320054769516, 0.015974399447441102, 0.015718400478363037], "candidate": [0.012160000205039979, 0.012108799815177918, 0.011929599940776825, 0.011955200135707856]}, "median_ms": {"baseline": 0.015948799997568132, "candidate": 0.012031999975442888}, "baseline_over_candidate": 1.325531917396889}
{"case": {"B": 2, "SEQ_LEN": 512, "H": 1, "HQ": 16, "D": 64, "S": 4, "block_size": 16, "is_causal": true}, "candidate": "baseline", "phase": "compile_correctness"}
{"case": {"B": 2, "SEQ_LEN": 512, "H": 1, "HQ": 16, "D": 64, "S": 4, "block_size": 16, "is_causal": true}, "candidate": "candidate", "phase": "compile_correctness"}
{"case": {"B": 2, "SEQ_LEN": 512, "H": 1, "HQ": 16, "D": 64, "S": 4, "block_size": 16, "is_causal": true}, "seed": 432, "status": "PASS", "call_event_ms": {"baseline": [0.029183998703956604, 0.02892799973487854, 0.02895359992980957, 0.028748801350593566], "candidate": [0.019072000682353974, 0.019046400487422944, 0.01879040002822876, 0.018892799317836762]}, "median_ms": {"baseline": 0.028940799832344054, "candidate": 0.018969599902629853}, "baseline_over_candidate": 1.5256410246339378}
{"case": {"B": 4, "SEQ_LEN": 1024, "H": 1, "HQ": 16, "D": 64, "S": 4, "block_size": 16, "is_causal": true}, "candidate": "baseline", "phase": "compile_correctness"}
{"case": {"B": 4, "SEQ_LEN": 1024, "H": 1, "HQ": 16, "D": 64, "S": 4, "block_size": 16, "is_causal": true}, "candidate": "candidate", "phase": "compile_correctness"}
{"case": {"B": 4, "SEQ_LEN": 1024, "H": 1, "HQ": 16, "D": 64, "S": 4, "block_size": 16, "is_causal": true}, "seed": 432, "status": "PASS", "call_event_ms": {"baseline": [0.07807999849319458, 0.07782400250434876, 0.0779263973236084, 0.07761920094490052], "candidate": [0.05742080211639404, 0.057625597715377806, 0.05739520192146301, 0.05749760270118713]}, "median_ms": {"baseline": 0.07787519991397858, "candidate": 0.057459202408790586}, "baseline_over_candidate": 1.355312928988109}
{"case": {"B": 1, "SEQ_LEN": 256, "H": 1, "HQ": 16, "D": 64, "S": 8, "block_size": 16, "is_causal": true}, "candidate": "baseline", "phase": "compile_correctness"}
{"case": {"B": 1, "SEQ_LEN": 256, "H": 1, "HQ": 16, "D": 64, "S": 8, "block_size": 16, "is_causal": true}, "candidate": "candidate", "phase": "compile_correctness"}
{"case": {"B": 1, "SEQ_LEN": 256, "H": 1, "HQ": 16, "D": 64, "S": 8, "block_size": 16, "is_causal": true}, "seed": 432, "status": "PASS", "call_event_ms": {"baseline": [0.025088000297546386, 0.02467840015888214, 0.02475520074367523, 0.02460159957408905], "candidate": [0.016947199404239655, 0.016896000504493712, 0.01669120043516159, 0.01681919991970062]}, "median_ms": {"baseline": 0.024716800451278685, "candidate": 0.016857600212097167}, "baseline_over_candidate": 1.466211094123687}
{"case": {"B": 2, "SEQ_LEN": 512, "H": 1, "HQ": 16, "D": 64, "S": 8, "block_size": 16, "is_causal": true}, "candidate": "baseline", "phase": "compile_correctness"}
{"case": {"B": 2, "SEQ_LEN": 512, "H": 1, "HQ": 16, "D": 64, "S": 8, "block_size": 16, "is_causal": true}, "candidate": "candidate", "phase": "compile_correctness"}
{"case": {"B": 2, "SEQ_LEN": 512, "H": 1, "HQ": 16, "D": 64, "S": 8, "block_size": 16, "is_causal": true}, "seed": 432, "status": "PASS", "call_event_ms": {"baseline": [0.04162560105323791, 0.0412416011095047, 0.0409855991601944, 0.04106239974498749], "candidate": [0.03297280073165894, 0.03258880078792572, 0.03253760039806366, 0.03261440098285675]}, "median_ms": {"baseline": 0.041152000427246094, "candidate": 0.032601600885391234}, "baseline_over_candidate": 1.2622693152987554}
{"case": {"B": 4, "SEQ_LEN": 1024, "H": 1, "HQ": 16, "D": 64, "S": 8, "block_size": 16, "is_causal": true}, "candidate": "baseline", "phase": "compile_correctness"}
{"case": {"B": 4, "SEQ_LEN": 1024, "H": 1, "HQ": 16, "D": 64, "S": 8, "block_size": 16, "is_causal": true}, "candidate": "candidate", "phase": "compile_correctness"}
{"case": {"B": 4, "SEQ_LEN": 1024, "H": 1, "HQ": 16, "D": 64, "S": 8, "block_size": 16, "is_causal": true}, "seed": 432, "status": "PASS", "call_event_ms": {"baseline": [0.12328959703445434, 0.12272640466690063, 0.12277760505676269, 0.12318719625473022], "candidate": [0.09689599871635438, 0.09666560292243957, 0.09669119715690613, 0.09648640155792236]}, "median_ms": {"baseline": 0.12298240065574645, "candidate": 0.09667840003967285}, "baseline_over_candidate": 1.2720773265308438}
{"case": {"B": 1, "SEQ_LEN": 1024, "H": 1, "HQ": 16, "D": 128, "S": 1, "block_size": 32, "is_causal": true}, "candidate": "baseline", "phase": "compile_correctness"}
{"case": {"B": 1, "SEQ_LEN": 1024, "H": 1, "HQ": 16, "D": 128, "S": 1, "block_size": 32, "is_causal": true}, "candidate": "candidate", "phase": "compile_correctness"}
{"case": {"B": 1, "SEQ_LEN": 1024, "H": 1, "HQ": 16, "D": 128, "S": 1, "block_size": 32, "is_causal": true}, "seed": 432, "status": "PASS", "call_event_ms": {"baseline": [0.02449920028448105, 0.024217599630355836, 0.024115200340747833, 0.024191999435424806], "candidate": [0.021503999829292297, 0.021401600539684297, 0.021529600024223328, 0.021529600024223328]}, "median_ms": {"baseline": 0.02420479953289032, "candidate": 0.021516799926757812}, "baseline_over_candidate": 1.1249256216204238}
{"case": {"B": 2, "SEQ_LEN": 1024, "H": 1, "HQ": 16, "D": 128, "S": 1, "block_size": 32, "is_causal": true}, "candidate": "baseline", "phase": "compile_correctness"}
{"case": {"B": 2, "SEQ_LEN": 1024, "H": 1, "HQ": 16, "D": 128, "S": 1, "block_size": 32, "is_causal": true}, "candidate": "candidate", "phase": "compile_correctness"}
{"case": {"B": 2, "SEQ_LEN": 1024, "H": 1, "HQ": 16, "D": 128, "S": 1, "block_size": 32, "is_causal": true}, "seed": 432, "status": "PASS", "call_event_ms": {"baseline": [0.045952001214027406, 0.045542401075363156, 0.045363199710845944, 0.045388799905776975], "candidate": [0.03427839875221252, 0.03402239978313446, 0.034201601147651674, 0.03404799997806549]}, "median_ms": {"baseline": 0.045465600490570066, "candidate": 0.03412480056285858}, "baseline_over_candidate": 1.3323330756709184}
{"case": {"B": 4, "SEQ_LEN": 512, "H": 1, "HQ": 16, "D": 128, "S": 1, "block_size": 32, "is_causal": true}, "candidate": "baseline", "phase": "compile_correctness"}
{"case": {"B": 4, "SEQ_LEN": 512, "H": 1, "HQ": 16, "D": 128, "S": 1, "block_size": 32, "is_causal": true}, "candidate": "candidate", "phase": "compile_correctness"}
{"case": {"B": 4, "SEQ_LEN": 512, "H": 1, "HQ": 16, "D": 128, "S": 1, "block_size": 32, "is_causal": true}, "seed": 432, "status": "PASS", "call_event_ms": {"baseline": [0.045542401075363156, 0.045158401131629944, 0.04467200040817261, 0.045158401131629944], "candidate": [0.033843201398849485, 0.033843201398849485, 0.03409920036792755, 0.033843201398849485]}, "median_ms": {"baseline": 0.045158401131629944, "candidate": 0.033843201398849485}, "baseline_over_candidate": 1.3343418844874742}
{"case": {"B": 8, "SEQ_LEN": 256, "H": 1, "HQ": 16, "D": 128, "S": 1, "block_size": 32, "is_causal": true}, "candidate": "baseline", "phase": "compile_correctness"}
{"case": {"B": 8, "SEQ_LEN": 256, "H": 1, "HQ": 16, "D": 128, "S": 1, "block_size": 32, "is_causal": true}, "candidate": "candidate", "phase": "compile_correctness"}
{"case": {"B": 8, "SEQ_LEN": 256, "H": 1, "HQ": 16, "D": 128, "S": 1, "block_size": 32, "is_causal": true}, "seed": 432, "status": "PASS", "call_event_ms": {"baseline": [0.04500479996204376, 0.04451839923858643, 0.0442111998796463, 0.04456959962844849], "candidate": [0.0336896002292633, 0.03394559919834137, 0.034201601147651674, 0.03399679958820343]}, "median_ms": {"baseline": 0.04454399943351746, "candidate": 0.0339711993932724}, "baseline_over_candidate": 1.311228341332537}
{"case": {"B": 1, "SEQ_LEN": 2048, "H": 1, "HQ": 16, "D": 32, "S": 1, "block_size": 16, "is_causal": true}, "candidate": "baseline", "phase": "compile_correctness"}
{"case": {"B": 1, "SEQ_LEN": 2048, "H": 1, "HQ": 16, "D": 32, "S": 1, "block_size": 16, "is_causal": true}, "candidate": "candidate", "phase": "compile_correctness"}
2026-09-07 13:27:59  [TileLang:tilelang.cache.kernel_cache:WARNING] (kernel_cache.py:342): Found kernel 'kernel' in memory cache. For better performance, consider using `@tilelang.jit` instead of direct kernel caching.
{"case": {"B": 1, "SEQ_LEN": 2048, "H": 1, "HQ": 16, "D": 32, "S": 1, "block_size": 16, "is_causal": true}, "seed": 432, "status": "PASS", "call_event_ms": {"baseline": [0.011750400066375732, 0.010726399719715118, 0.011315199732780456, 0.011596799641847611], "candidate": [0.011059200018644333, 0.01090560033917427, 0.010751999914646149, 0.010726399719715118]}, "median_ms": {"baseline": 0.011455999687314034, "candidate": 0.01082880012691021}, "baseline_over_candidate": 1.0579195804755133}
{"case": {"B": 4, "SEQ_LEN": 2048, "H": 1, "HQ": 16, "D": 32, "S": 1, "block_size": 16, "is_causal": true}, "candidate": "baseline", "phase": "compile_correctness"}
{"case": {"B": 4, "SEQ_LEN": 2048, "H": 1, "HQ": 16, "D": 32, "S": 1, "block_size": 16, "is_causal": true}, "candidate": "candidate", "phase": "compile_correctness"}
{"case": {"B": 4, "SEQ_LEN": 2048, "H": 1, "HQ": 16, "D": 32, "S": 1, "block_size": 16, "is_causal": true}, "seed": 432, "status": "PASS", "call_event_ms": {"baseline": [0.0247296005487442, 0.024217599630355836, 0.024217599630355836, 0.024422399699687958], "candidate": [0.02393600046634674, 0.023603199422359465, 0.023603199422359465, 0.023680000007152556]}, "median_ms": {"baseline": 0.024319999665021897, "candidate": 0.02364159971475601}, "baseline_over_candidate": 1.0286951796177506}
{"case": {"B": 8, "SEQ_LEN": 2048, "H": 1, "HQ": 16, "D": 32, "S": 1, "block_size": 16, "is_causal": true}, "candidate": "baseline", "phase": "compile_correctness"}
{"case": {"B": 8, "SEQ_LEN": 2048, "H": 1, "HQ": 16, "D": 32, "S": 1, "block_size": 16, "is_causal": true}, "candidate": "candidate", "phase": "compile_correctness"}
{"case": {"B": 8, "SEQ_LEN": 2048, "H": 1, "HQ": 16, "D": 32, "S": 1, "block_size": 16, "is_causal": true}, "seed": 432, "status": "PASS", "call_event_ms": {"baseline": [0.04131839871406555, 0.04095999896526337, 0.04165120124816894, 0.04160000085830688], "candidate": [0.03937279880046844, 0.03924480080604553, 0.03944959938526153, 0.03983359932899475]}, "median_ms": {"baseline": 0.041459199786186215, "candidate": 0.03941119909286499}, "baseline_over_candidate": 1.0519649424645898}
{"case": {"B": 1, "SEQ_LEN": 48, "H": 1, "HQ": 16, "D": 32, "S": 1, "block_size": 16, "is_causal": true}, "candidate": "baseline", "phase": "compile_correctness"}
{"case": {"B": 1, "SEQ_LEN": 48, "H": 1, "HQ": 16, "D": 32, "S": 1, "block_size": 16, "is_causal": true}, "candidate": "candidate", "phase": "compile_correctness"}
2026-09-07 13:28:00  [TileLang:tilelang.cache.kernel_cache:WARNING] (kernel_cache.py:342): Found kernel 'kernel' in memory cache. For better performance, consider using `@tilelang.jit` instead of direct kernel caching.
{"case": {"B": 1, "SEQ_LEN": 48, "H": 1, "HQ": 16, "D": 32, "S": 1, "block_size": 16, "is_causal": true}, "seed": 432, "status": "PASS", "call_event_ms": {"baseline": [0.011622399836778641, 0.010496000200510025, 0.010649599879980088, 0.010521599650382995], "candidate": [0.01085439994931221, 0.010572800040245056, 0.010521599650382995, 0.010649599879980088]}, "median_ms": {"baseline": 0.01058559976518154, "candidate": 0.010611199960112571}, "baseline_over_candidate": 0.9975874363853984}
{"case": {"B": 2, "SEQ_LEN": 48, "H": 1, "HQ": 16, "D": 32, "S": 1, "block_size": 16, "is_causal": true}, "candidate": "baseline", "phase": "compile_correctness"}
{"case": {"B": 2, "SEQ_LEN": 48, "H": 1, "HQ": 16, "D": 32, "S": 1, "block_size": 16, "is_causal": true}, "candidate": "candidate", "phase": "compile_correctness"}
2026-09-07 13:28:00  [TileLang:tilelang.cache.kernel_cache:WARNING] (kernel_cache.py:342): Found kernel 'kernel' in memory cache. For better performance, consider using `@tilelang.jit` instead of direct kernel caching.
{"case": {"B": 2, "SEQ_LEN": 48, "H": 1, "HQ": 16, "D": 32, "S": 1, "block_size": 16, "is_causal": true}, "seed": 432, "status": "PASS", "call_event_ms": {"baseline": [0.011315199732780456, 0.010700800269842149, 0.010598400235176086, 0.010649599879980088], "candidate": [0.011033599823713302, 0.01085439994931221, 0.010751999914646149, 0.010726399719715118]}, "median_ms": {"baseline": 0.010675200074911118, "candidate": 0.010803199931979179}, "baseline_over_candidate": 0.9881516719236898}
{"case": {"B": 4, "SEQ_LEN": 48, "H": 1, "HQ": 16, "D": 32, "S": 1, "block_size": 16, "is_causal": true}, "candidate": "baseline", "phase": "compile_correctness"}
{"case": {"B": 4, "SEQ_LEN": 48, "H": 1, "HQ": 16, "D": 32, "S": 1, "block_size": 16, "is_causal": true}, "candidate": "candidate", "phase": "compile_correctness"}
2026-09-07 13:28:00  [TileLang:tilelang.cache.kernel_cache:WARNING] (kernel_cache.py:342): Found kernel 'kernel' in memory cache. For better performance, consider using `@tilelang.jit` instead of direct kernel caching.
{"case": {"B": 4, "SEQ_LEN": 48, "H": 1, "HQ": 16, "D": 32, "S": 1, "block_size": 16, "is_causal": true}, "seed": 432, "status": "PASS", "call_event_ms": {"baseline": [0.011494400352239609, 0.010726399719715118, 0.01080320030450821, 0.010726399719715118], "candidate": [0.010982400178909302, 0.010777600109577179, 0.01080320030450821, 0.010700800269842149]}, "median_ms": {"baseline": 0.010764800012111664, "candidate": 0.010790400207042694}, "baseline_over_candidate": 0.9976275027394886}
{"case": {"B": 8, "SEQ_LEN": 48, "H": 1, "HQ": 16, "D": 32, "S": 1, "block_size": 16, "is_causal": true}, "candidate": "baseline", "phase": "compile_correctness"}
{"case": {"B": 8, "SEQ_LEN": 48, "H": 1, "HQ": 16, "D": 32, "S": 1, "block_size": 16, "is_causal": true}, "candidate": "candidate", "phase": "compile_correctness"}
2026-09-07 13:28:00  [TileLang:tilelang.cache.kernel_cache:WARNING] (kernel_cache.py:342): Found kernel 'kernel' in memory cache. For better performance, consider using `@tilelang.jit` instead of direct kernel caching.
{"case": {"B": 8, "SEQ_LEN": 48, "H": 1, "HQ": 16, "D": 32, "S": 1, "block_size": 16, "is_causal": true}, "seed": 432, "status": "PASS", "call_event_ms": {"baseline": [0.011494400352239609, 0.010828799754381179, 0.010956799983978272, 0.010675200074911118], "candidate": [0.011110399663448334, 0.010777600109577179, 0.010777600109577179, 0.010726399719715118]}, "median_ms": {"baseline": 0.010892799869179726, "candidate": 0.010777600109577179}, "baseline_over_candidate": 1.0106888136905523}
{"case": {"B": 1, "SEQ_LEN": 96, "H": 1, "HQ": 16, "D": 32, "S": 1, "block_size": 16, "is_causal": true}, "candidate": "baseline", "phase": "compile_correctness"}
{"case": {"B": 1, "SEQ_LEN": 96, "H": 1, "HQ": 16, "D": 32, "S": 1, "block_size": 16, "is_causal": true}, "candidate": "candidate", "phase": "compile_correctness"}
2026-09-07 13:28:01  [TileLang:tilelang.cache.kernel_cache:WARNING] (kernel_cache.py:342): Found kernel 'kernel' in memory cache. For better performance, consider using `@tilelang.jit` instead of direct kernel caching.
{"case": {"B": 1, "SEQ_LEN": 96, "H": 1, "HQ": 16, "D": 32, "S": 1, "block_size": 16, "is_causal": true}, "seed": 432, "status": "PASS", "call_event_ms": {"baseline": [0.011801599711179733, 0.010700800269842149, 0.010649599879980088, 0.010649599879980088], "candidate": [0.01080320030450821, 0.011340799927711486, 0.010700800269842149, 0.010470400005578995]}, "median_ms": {"baseline": 0.010675200074911118, "candidate": 0.010752000287175179}, "baseline_over_candidate": 0.9928571233061009}
{"case": {"B": 2, "SEQ_LEN": 96, "H": 1, "HQ": 16, "D": 32, "S": 1, "block_size": 16, "is_causal": true}, "candidate": "baseline", "phase": "compile_correctness"}
{"case": {"B": 2, "SEQ_LEN": 96, "H": 1, "HQ": 16, "D": 32, "S": 1, "block_size": 16, "is_causal": true}, "candidate": "candidate", "phase": "compile_correctness"}
2026-09-07 13:28:01  [TileLang:tilelang.cache.kernel_cache:WARNING] (kernel_cache.py:342): Found kernel 'kernel' in memory cache. For better performance, consider using `@tilelang.jit` instead of direct kernel caching.
{"case": {"B": 2, "SEQ_LEN": 96, "H": 1, "HQ": 16, "D": 32, "S": 1, "block_size": 16, "is_causal": true}, "seed": 432, "status": "PASS", "call_event_ms": {"baseline": [0.011519999802112579, 0.010649599879980088, 0.010649599879980088, 0.010623999685049058], "candidate": [0.01080320030450821, 0.010700800269842149, 0.010470400005578995, 0.010726399719715118]}, "median_ms": {"baseline": 0.010649599879980088, "candidate": 0.010713599994778633}, "baseline_over_candidate": 0.9940262736307369}
{"case": {"B": 4, "SEQ_LEN": 96, "H": 1, "HQ": 16, "D": 32, "S": 1, "block_size": 16, "is_causal": true}, "candidate": "baseline", "phase": "compile_correctness"}
{"case": {"B": 4, "SEQ_LEN": 96, "H": 1, "HQ": 16, "D": 32, "S": 1, "block_size": 16, "is_causal": true}, "candidate": "candidate", "phase": "compile_correctness"}
2026-09-07 13:28:01  [TileLang:tilelang.cache.kernel_cache:WARNING] (kernel_cache.py:342): Found kernel 'kernel' in memory cache. For better performance, consider using `@tilelang.jit` instead of direct kernel caching.
{"case": {"B": 4, "SEQ_LEN": 96, "H": 1, "HQ": 16, "D": 32, "S": 1, "block_size": 16, "is_causal": true}, "seed": 432, "status": "PASS", "call_event_ms": {"baseline": [0.011366400122642516, 0.010982400178909302, 0.010700800269842149, 0.010726399719715118], "candidate": [0.010956799983978272, 0.010623999685049058, 0.010751999914646149, 0.010726399719715118]}, "median_ms": {"baseline": 0.01085439994931221, "candidate": 0.010739199817180634}, "baseline_over_candidate": 1.0107270685053535}
{"case": {"B": 8, "SEQ_LEN": 96, "H": 1, "HQ": 16, "D": 32, "S": 1, "block_size": 16, "is_causal": true}, "candidate": "baseline", "phase": "compile_correctness"}
{"case": {"B": 8, "SEQ_LEN": 96, "H": 1, "HQ": 16, "D": 32, "S": 1, "block_size": 16, "is_causal": true}, "candidate": "candidate", "phase": "compile_correctness"}
2026-09-07 13:28:01  [TileLang:tilelang.cache.kernel_cache:WARNING] (kernel_cache.py:342): Found kernel 'kernel' in memory cache. For better performance, consider using `@tilelang.jit` instead of direct kernel caching.
{"case": {"B": 8, "SEQ_LEN": 96, "H": 1, "HQ": 16, "D": 32, "S": 1, "block_size": 16, "is_causal": true}, "seed": 432, "status": "PASS", "call_event_ms": {"baseline": [0.011366400122642516, 0.01090560033917427, 0.010572800040245056, 0.010444799810647965], "candidate": [0.010751999914646149, 0.010598400235176086, 0.010700800269842149, 0.010726399719715118]}, "median_ms": {"baseline": 0.010739200189709662, "candidate": 0.010713599994778633}, "baseline_over_candidate": 1.0023895044563458}
{"case": {"B": 1, "SEQ_LEN": 4096, "H": 1, "HQ": 16, "D": 64, "S": 1, "block_size": 16, "is_causal": true}, "candidate": "baseline", "phase": "compile_correctness"}
{"case": {"B": 1, "SEQ_LEN": 4096, "H": 1, "HQ": 16, "D": 64, "S": 1, "block_size": 16, "is_causal": true}, "candidate": "candidate", "phase": "compile_correctness"}
2026-09-07 13:28:01  [TileLang:tilelang.cache.kernel_cache:WARNING] (kernel_cache.py:342): Found kernel 'kernel' in memory cache. For better performance, consider using `@tilelang.jit` instead of direct kernel caching.
{"case": {"B": 1, "SEQ_LEN": 4096, "H": 1, "HQ": 16, "D": 64, "S": 1, "block_size": 16, "is_causal": true}, "seed": 432, "status": "PASS", "call_event_ms": {"baseline": [0.029414400458335876, 0.029798400402069092, 0.029414400458335876, 0.02959359884262085], "candidate": [0.02961919903755188, 0.029491201043128967, 0.02961919903755188, 0.029158401489257812]}, "median_ms": {"baseline": 0.02950399965047836, "candidate": 0.029555200040340422}, "baseline_over_candidate": 0.9982676351439957}
{"case": {"B": 1, "SEQ_LEN": 4096, "H": 1, "HQ": 16, "D": 128, "S": 1, "block_size": 16, "is_causal": true}, "candidate": "baseline", "phase": "compile_correctness"}
{"case": {"B": 1, "SEQ_LEN": 4096, "H": 1, "HQ": 16, "D": 128, "S": 1, "block_size": 16, "is_causal": true}, "candidate": "candidate", "phase": "compile_correctness"}
{"case": {"B": 1, "SEQ_LEN": 4096, "H": 1, "HQ": 16, "D": 128, "S": 1, "block_size": 16, "is_causal": true}, "seed": 432, "status": "PASS", "call_event_ms": {"baseline": [0.05777919888496399, 0.0572160005569458, 0.05716480016708374, 0.05719040036201477], "candidate": [0.04902400076389313, 0.04897280037403107, 0.0492031991481781, 0.0494592010974884]}, "median_ms": {"baseline": 0.05720320045948028, "candidate": 0.04911359995603561}, "baseline_over_candidate": 1.164712024992795}
{"case": {"B": 2, "SEQ_LEN": 4096, "H": 1, "HQ": 16, "D": 64, "S": 1, "block_size": 16, "is_causal": true}, "candidate": "baseline", "phase": "compile_correctness"}
{"case": {"B": 2, "SEQ_LEN": 4096, "H": 1, "HQ": 16, "D": 64, "S": 1, "block_size": 16, "is_causal": true}, "candidate": "candidate", "phase": "compile_correctness"}
2026-09-07 13:28:02  [TileLang:tilelang.cache.kernel_cache:WARNING] (kernel_cache.py:342): Found kernel 'kernel' in memory cache. For better performance, consider using `@tilelang.jit` instead of direct kernel caching.
{"case": {"B": 2, "SEQ_LEN": 4096, "H": 1, "HQ": 16, "D": 64, "S": 1, "block_size": 16, "is_causal": true}, "seed": 432, "status": "PASS", "call_event_ms": {"baseline": [0.04979200065135956, 0.04968959987163544, 0.04989440143108368, 0.05009920001029968], "candidate": [0.04958719909191132, 0.04925439953804016, 0.048819199204444885, 0.04927999973297119]}, "median_ms": {"baseline": 0.04984320104122162, "candidate": 0.049267199635505673}, "baseline_over_candidate": 1.01169137702117}
{"case": {"B": 4, "SEQ_LEN": 4096, "H": 1, "HQ": 16, "D": 64, "S": 1, "block_size": 16, "is_causal": true}, "candidate": "baseline", "phase": "compile_correctness"}
{"case": {"B": 4, "SEQ_LEN": 4096, "H": 1, "HQ": 16, "D": 64, "S": 1, "block_size": 16, "is_causal": true}, "candidate": "candidate", "phase": "compile_correctness"}
2026-09-07 13:28:02  [TileLang:tilelang.cache.kernel_cache:WARNING] (kernel_cache.py:342): Found kernel 'kernel' in memory cache. For better performance, consider using `@tilelang.jit` instead of direct kernel caching.
{"case": {"B": 4, "SEQ_LEN": 4096, "H": 1, "HQ": 16, "D": 64, "S": 1, "block_size": 16, "is_causal": true}, "seed": 432, "status": "PASS", "call_event_ms": {"baseline": [0.09008640050888062, 0.08980479836463928, 0.08929280042648316, 0.09054719805717468], "candidate": [0.0889855980873108, 0.08865280151367187, 0.08916479945182801, 0.0892416000366211]}, "median_ms": {"baseline": 0.08994559943675995, "candidate": 0.0890751987695694}, "baseline_over_candidate": 1.0097715265215652}
{"case": {"B": 8, "SEQ_LEN": 4096, "H": 1, "HQ": 16, "D": 64, "S": 1, "block_size": 16, "is_causal": true}, "candidate": "baseline", "phase": "compile_correctness"}
{"case": {"B": 8, "SEQ_LEN": 4096, "H": 1, "HQ": 16, "D": 64, "S": 1, "block_size": 16, "is_causal": true}, "candidate": "candidate", "phase": "compile_correctness"}
2026-09-07 13:28:03  [TileLang:tilelang.cache.kernel_cache:WARNING] (kernel_cache.py:342): Found kernel 'kernel' in memory cache. For better performance, consider using `@tilelang.jit` instead of direct kernel caching.
{"case": {"B": 8, "SEQ_LEN": 4096, "H": 1, "HQ": 16, "D": 64, "S": 1, "block_size": 16, "is_causal": true}, "seed": 432, "status": "PASS", "call_event_ms": {"baseline": [0.1689344048500061, 0.1700096011161804, 0.1681920051574707, 0.16832000017166138], "candidate": [0.16880639791488647, 0.1690111994743347, 0.16952320337295532, 0.1684991955757141]}, "median_ms": {"baseline": 0.16862720251083374, "candidate": 0.1689087986946106}, "baseline_over_candidate": 0.9983328507102465}
{"case": {"B": 1, "SEQ_LEN": 8192, "H": 1, "HQ": 16, "D": 64, "S": 1, "block_size": 16, "is_causal": true}, "candidate": "baseline", "phase": "compile_correctness"}
{"case": {"B": 1, "SEQ_LEN": 8192, "H": 1, "HQ": 16, "D": 64, "S": 1, "block_size": 16, "is_causal": true}, "candidate": "candidate", "phase": "compile_correctness"}
2026-09-07 13:28:03  [TileLang:tilelang.cache.kernel_cache:WARNING] (kernel_cache.py:342): Found kernel 'kernel' in memory cache. For better performance, consider using `@tilelang.jit` instead of direct kernel caching.
{"case": {"B": 1, "SEQ_LEN": 8192, "H": 1, "HQ": 16, "D": 64, "S": 1, "block_size": 16, "is_causal": true}, "seed": 432, "status": "PASS", "call_event_ms": {"baseline": [0.04966399967670441, 0.04927999973297119, 0.0489984005689621, 0.04948480129241943], "candidate": [0.04968959987163544, 0.05012480020523071, 0.04963839948177338, 0.04966399967670441]}, "median_ms": {"baseline": 0.04938240051269531, "candidate": 0.04967679977416992}, "baseline_over_candidate": 0.9940737071869978}
{"case": {"B": 1, "SEQ_LEN": 8192, "H": 1, "HQ": 16, "D": 128, "S": 1, "block_size": 16, "is_causal": true}, "candidate": "baseline", "phase": "compile_correctness"}
{"case": {"B": 1, "SEQ_LEN": 8192, "H": 1, "HQ": 16, "D": 128, "S": 1, "block_size": 16, "is_causal": true}, "candidate": "candidate", "phase": "compile_correctness"}
{"case": {"B": 1, "SEQ_LEN": 8192, "H": 1, "HQ": 16, "D": 128, "S": 1, "block_size": 16, "is_causal": true}, "seed": 432, "status": "PASS", "call_event_ms": {"baseline": [0.10327039957046509, 0.10429439544677735, 0.10232319831848144, 0.10173439979553223], "candidate": [0.09297919869422913, 0.0927232027053833, 0.0929535984992981, 0.0923904001712799]}, "median_ms": {"baseline": 0.10279679894447327, "candidate": 0.09283840060234069}, "baseline_over_candidate": 1.1072659403600442}
{"case": {"B": 2, "SEQ_LEN": 8192, "H": 1, "HQ": 16, "D": 64, "S": 1, "block_size": 16, "is_causal": true}, "candidate": "baseline", "phase": "compile_correctness"}
{"case": {"B": 2, "SEQ_LEN": 8192, "H": 1, "HQ": 16, "D": 64, "S": 1, "block_size": 16, "is_causal": true}, "candidate": "candidate", "phase": "compile_correctness"}
2026-09-07 13:28:04  [TileLang:tilelang.cache.kernel_cache:WARNING] (kernel_cache.py:342): Found kernel 'kernel' in memory cache. For better performance, consider using `@tilelang.jit` instead of direct kernel caching.
{"case": {"B": 2, "SEQ_LEN": 8192, "H": 1, "HQ": 16, "D": 64, "S": 1, "block_size": 16, "is_causal": true}, "seed": 432, "status": "PASS", "call_event_ms": {"baseline": [0.08947200179100037, 0.08921599984169007, 0.08944640159606934, 0.08931840062141419], "candidate": [0.08952320218086243, 0.0901632010936737, 0.08975359797477722, 0.0902400016784668]}, "median_ms": {"baseline": 0.08938240110874177, "candidate": 0.08995839953422546}, "baseline_over_candidate": 0.9935970578793528}
{"case": {"B": 4, "SEQ_LEN": 8192, "H": 1, "HQ": 16, "D": 32, "S": 1, "block_size": 16, "is_causal": true}, "candidate": "baseline", "phase": "compile_correctness"}
{"case": {"B": 4, "SEQ_LEN": 8192, "H": 1, "HQ": 16, "D": 32, "S": 1, "block_size": 16, "is_causal": true}, "candidate": "candidate", "phase": "compile_correctness"}
{"case": {"B": 4, "SEQ_LEN": 8192, "H": 1, "HQ": 16, "D": 32, "S": 1, "block_size": 16, "is_causal": true}, "seed": 432, "status": "PASS", "call_event_ms": {"baseline": [0.07516160011291503, 0.07516160011291503, 0.07449600100517273, 0.07452160120010376], "candidate": [0.07178239822387696, 0.07162879705429077, 0.07106559872627258, 0.0711679995059967]}, "median_ms": {"baseline": 0.0748416006565094, "candidate": 0.07139839828014374}, "baseline_over_candidate": 1.0482252047567744}
{"case": {"B": 1, "SEQ_LEN": 16384, "H": 1, "HQ": 16, "D": 32, "S": 1, "block_size": 16, "is_causal": true}, "candidate": "baseline", "phase": "compile_correctness"}
{"case": {"B": 1, "SEQ_LEN": 16384, "H": 1, "HQ": 16, "D": 32, "S": 1, "block_size": 16, "is_causal": true}, "candidate": "candidate", "phase": "compile_correctness"}
{"case": {"B": 1, "SEQ_LEN": 16384, "H": 1, "HQ": 16, "D": 32, "S": 1, "block_size": 16, "is_causal": true}, "seed": 432, "status": "PASS", "call_event_ms": {"baseline": [0.04211199879646301, 0.04147199988365173, 0.04154880046844482, 0.04142079949378967], "candidate": [0.03988479971885681, 0.039628800749778745, 0.039526399970054624, 0.0409855991601944]}, "median_ms": {"baseline": 0.041510400176048276, "candidate": 0.03975680023431778}, "baseline_over_candidate": 1.0441081759949282}
{"case": {"B": 1, "SEQ_LEN": 16384, "H": 1, "HQ": 16, "D": 64, "S": 1, "block_size": 16, "is_causal": true}, "candidate": "baseline", "phase": "compile_correctness"}
{"case": {"B": 1, "SEQ_LEN": 16384, "H": 1, "HQ": 16, "D": 64, "S": 1, "block_size": 16, "is_causal": true}, "candidate": "candidate", "phase": "compile_correctness"}
2026-09-07 13:28:06  [TileLang:tilelang.cache.kernel_cache:WARNING] (kernel_cache.py:342): Found kernel 'kernel' in memory cache. For better performance, consider using `@tilelang.jit` instead of direct kernel caching.
{"case": {"B": 1, "SEQ_LEN": 16384, "H": 1, "HQ": 16, "D": 64, "S": 1, "block_size": 16, "is_causal": true}, "seed": 432, "status": "PASS", "call_event_ms": {"baseline": [0.09118720293045043, 0.09175040125846863, 0.09118720293045043, 0.09134079813957215], "candidate": [0.09067519903182983, 0.09128959774971009, 0.09180160164833069, 0.09095680117607116]}, "median_ms": {"baseline": 0.0912640005350113, "candidate": 0.09112319946289063}, "baseline_over_candidate": 1.0015451726119209}
{"case": {"B": 2, "SEQ_LEN": 16384, "H": 1, "HQ": 16, "D": 32, "S": 1, "block_size": 16, "is_causal": true}, "candidate": "baseline", "phase": "compile_correctness"}
{"case": {"B": 2, "SEQ_LEN": 16384, "H": 1, "HQ": 16, "D": 32, "S": 1, "block_size": 16, "is_causal": true}, "candidate": "candidate", "phase": "compile_correctness"}
{"case": {"B": 2, "SEQ_LEN": 16384, "H": 1, "HQ": 16, "D": 32, "S": 1, "block_size": 16, "is_causal": true}, "seed": 432, "status": "PASS", "call_event_ms": {"baseline": [0.07549440264701843, 0.07526400089263915, 0.07477759718894958, 0.07477759718894958], "candidate": [0.07196159958839417, 0.07193599939346314, 0.07216640114784241, 0.0719871997833252]}, "median_ms": {"baseline": 0.07502079904079437, "candidate": 0.07197439968585968}, "baseline_over_candidate": 1.0423261516349012}
