Loading tilelang libs from dev root: /opt/tilelang-metax-v0.1.10/build
{"case": {"B": 1, "SEQ_LEN": 64, "H": 1, "HQ": 16, "D": 32, "S": 1, "block_size": 16, "is_causal": true}, "candidate": "baseline", "phase": "compile_correctness"}
{"case": {"B": 1, "SEQ_LEN": 64, "H": 1, "HQ": 16, "D": 32, "S": 1, "block_size": 16, "is_causal": true}, "candidate": "candidate", "phase": "compile_correctness"}
2026-09-07 10:46:25  [TileLang:tilelang.cache.kernel_cache:WARNING] (kernel_cache.py:342): Found kernel 'kernel' in memory cache. For better performance, consider using `@tilelang.jit` instead of direct kernel caching.
{"case": {"B": 1, "SEQ_LEN": 64, "H": 1, "HQ": 16, "D": 32, "S": 1, "block_size": 16, "is_causal": true}, "seed": 375, "status": "PASS", "call_event_ms": {"baseline": [0.012671999633312225, 0.010726399719715118, 0.010470400005578995, 0.010393600165843963], "candidate": [0.011033599823713302, 0.010444799810647965, 0.010700800269842149, 0.010521599650382995]}, "median_ms": {"baseline": 0.010598399862647056, "candidate": 0.010611199960112571}, "baseline_over_candidate": 0.9987937181926991}
{"case": {"B": 1, "SEQ_LEN": 64, "H": 1, "HQ": 16, "D": 64, "S": 1, "block_size": 16, "is_causal": true}, "candidate": "baseline", "phase": "compile_correctness"}
{"case": {"B": 1, "SEQ_LEN": 64, "H": 1, "HQ": 16, "D": 64, "S": 1, "block_size": 16, "is_causal": true}, "candidate": "candidate", "phase": "compile_correctness"}
2026-09-07 10:46:25  [TileLang:tilelang.cache.kernel_cache:WARNING] (kernel_cache.py:342): Found kernel 'kernel' in memory cache. For better performance, consider using `@tilelang.jit` instead of direct kernel caching.
{"case": {"B": 1, "SEQ_LEN": 64, "H": 1, "HQ": 16, "D": 64, "S": 1, "block_size": 16, "is_causal": true}, "seed": 375, "status": "PASS", "call_event_ms": {"baseline": [0.011392000317573547, 0.010496000200510025, 0.010419200360774993, 0.011084800213575363], "candidate": [0.010572800040245056, 0.01088000014424324, 0.010316800326108932, 0.010470400005578995]}, "median_ms": {"baseline": 0.010790400207042694, "candidate": 0.010521600022912025}, "baseline_over_candidate": 1.0255474627000956}
{"case": {"B": 1, "SEQ_LEN": 64, "H": 1, "HQ": 16, "D": 128, "S": 1, "block_size": 16, "is_causal": true}, "candidate": "baseline", "phase": "compile_correctness"}
{"case": {"B": 1, "SEQ_LEN": 64, "H": 1, "HQ": 16, "D": 128, "S": 1, "block_size": 16, "is_causal": true}, "candidate": "candidate", "phase": "compile_correctness"}
{"case": {"B": 1, "SEQ_LEN": 64, "H": 1, "HQ": 16, "D": 128, "S": 1, "block_size": 16, "is_causal": true}, "seed": 375, "status": "PASS", "call_event_ms": {"baseline": [0.011929599940776825, 0.011135999858379365, 0.011238399893045425, 0.011212799698114395], "candidate": [0.01085439994931221, 0.010291200131177902, 0.010470400005578995, 0.010598400235176086]}, "median_ms": {"baseline": 0.01122559979557991, "candidate": 0.01053440012037754}, "baseline_over_candidate": 1.065613577166613}
{"case": {"B": 1, "SEQ_LEN": 128, "H": 1, "HQ": 16, "D": 32, "S": 1, "block_size": 16, "is_causal": true}, "candidate": "baseline", "phase": "compile_correctness"}
{"case": {"B": 1, "SEQ_LEN": 128, "H": 1, "HQ": 16, "D": 32, "S": 1, "block_size": 16, "is_causal": true}, "candidate": "candidate", "phase": "compile_correctness"}
2026-09-07 10:46:26  [TileLang:tilelang.cache.kernel_cache:WARNING] (kernel_cache.py:342): Found kernel 'kernel' in memory cache. For better performance, consider using `@tilelang.jit` instead of direct kernel caching.
{"case": {"B": 1, "SEQ_LEN": 128, "H": 1, "HQ": 16, "D": 32, "S": 1, "block_size": 16, "is_causal": true}, "seed": 375, "status": "PASS", "call_event_ms": {"baseline": [0.011366400122642516, 0.010598400235176086, 0.010496000200510025, 0.010393600165843963], "candidate": [0.010675200074911118, 0.010751999914646149, 0.010649599879980088, 0.010675200074911118]}, "median_ms": {"baseline": 0.010547200217843056, "candidate": 0.010675200074911118}, "baseline_over_candidate": 0.9880096057994371}
{"case": {"B": 1, "SEQ_LEN": 128, "H": 1, "HQ": 16, "D": 64, "S": 1, "block_size": 16, "is_causal": true}, "candidate": "baseline", "phase": "compile_correctness"}
{"case": {"B": 1, "SEQ_LEN": 128, "H": 1, "HQ": 16, "D": 64, "S": 1, "block_size": 16, "is_causal": true}, "candidate": "candidate", "phase": "compile_correctness"}
2026-09-07 10:46:26  [TileLang:tilelang.cache.kernel_cache:WARNING] (kernel_cache.py:342): Found kernel 'kernel' in memory cache. For better performance, consider using `@tilelang.jit` instead of direct kernel caching.
{"case": {"B": 1, "SEQ_LEN": 128, "H": 1, "HQ": 16, "D": 64, "S": 1, "block_size": 16, "is_causal": true}, "seed": 375, "status": "PASS", "call_event_ms": {"baseline": [0.011187200248241425, 0.010496000200510025, 0.010572800040245056, 0.010214400291442872], "candidate": [0.010751999914646149, 0.010572800040245056, 0.010342399775981902, 0.010547199845314026]}, "median_ms": {"baseline": 0.01053440012037754, "candidate": 0.01055999994277954}, "baseline_over_candidate": 0.9975757743806141}
{"case": {"B": 1, "SEQ_LEN": 128, "H": 1, "HQ": 16, "D": 128, "S": 1, "block_size": 16, "is_causal": true}, "candidate": "baseline", "phase": "compile_correctness"}
{"case": {"B": 1, "SEQ_LEN": 128, "H": 1, "HQ": 16, "D": 128, "S": 1, "block_size": 16, "is_causal": true}, "candidate": "candidate", "phase": "compile_correctness"}
{"case": {"B": 1, "SEQ_LEN": 128, "H": 1, "HQ": 16, "D": 128, "S": 1, "block_size": 16, "is_causal": true}, "seed": 375, "status": "PASS", "call_event_ms": {"baseline": [0.011980800330638886, 0.011340799927711486, 0.011340799927711486, 0.011340799927711486], "candidate": [0.010700800269842149, 0.010188800096511842, 0.010547199845314026, 0.010649599879980088]}, "median_ms": {"baseline": 0.011340799927711486, "candidate": 0.010598399862647056}, "baseline_over_candidate": 1.0700483162256353}
{"case": {"B": 1, "SEQ_LEN": 256, "H": 1, "HQ": 16, "D": 32, "S": 1, "block_size": 16, "is_causal": true}, "candidate": "baseline", "phase": "compile_correctness"}
{"case": {"B": 1, "SEQ_LEN": 256, "H": 1, "HQ": 16, "D": 32, "S": 1, "block_size": 16, "is_causal": true}, "candidate": "candidate", "phase": "compile_correctness"}
2026-09-07 10:46:26  [TileLang:tilelang.cache.kernel_cache:WARNING] (kernel_cache.py:342): Found kernel 'kernel' in memory cache. For better performance, consider using `@tilelang.jit` instead of direct kernel caching.
{"case": {"B": 1, "SEQ_LEN": 256, "H": 1, "HQ": 16, "D": 32, "S": 1, "block_size": 16, "is_causal": true}, "seed": 375, "status": "PASS", "call_event_ms": {"baseline": [0.011187200248241425, 0.010367999970912933, 0.010342399775981902, 0.010265599936246872], "candidate": [0.010547199845314026, 0.010163199901580811, 0.010470400005578995, 0.010547199845314026]}, "median_ms": {"baseline": 0.010355199873447418, "candidate": 0.01050879992544651}, "baseline_over_candidate": 0.9853836733890843}
{"case": {"B": 1, "SEQ_LEN": 256, "H": 1, "HQ": 16, "D": 64, "S": 1, "block_size": 16, "is_causal": true}, "candidate": "baseline", "phase": "compile_correctness"}
{"case": {"B": 1, "SEQ_LEN": 256, "H": 1, "HQ": 16, "D": 64, "S": 1, "block_size": 16, "is_causal": true}, "candidate": "candidate", "phase": "compile_correctness"}
2026-09-07 10:46:26  [TileLang:tilelang.cache.kernel_cache:WARNING] (kernel_cache.py:342): Found kernel 'kernel' in memory cache. For better performance, consider using `@tilelang.jit` instead of direct kernel caching.
{"case": {"B": 1, "SEQ_LEN": 256, "H": 1, "HQ": 16, "D": 64, "S": 1, "block_size": 16, "is_causal": true}, "seed": 375, "status": "PASS", "call_event_ms": {"baseline": [0.011110399663448334, 0.010342399775981902, 0.010265599936246872, 0.010393600165843963], "candidate": [0.010623999685049058, 0.010291200131177902, 0.010393600165843963, 0.010598400235176086]}, "median_ms": {"baseline": 0.010367999970912933, "candidate": 0.010496000200510024}, "baseline_over_candidate": 0.9878048564070272}
{"case": {"B": 1, "SEQ_LEN": 256, "H": 1, "HQ": 16, "D": 128, "S": 1, "block_size": 16, "is_causal": true}, "candidate": "baseline", "phase": "compile_correctness"}
{"case": {"B": 1, "SEQ_LEN": 256, "H": 1, "HQ": 16, "D": 128, "S": 1, "block_size": 16, "is_causal": true}, "candidate": "candidate", "phase": "compile_correctness"}
{"case": {"B": 1, "SEQ_LEN": 256, "H": 1, "HQ": 16, "D": 128, "S": 1, "block_size": 16, "is_causal": true}, "seed": 375, "status": "PASS", "call_event_ms": {"baseline": [0.01231359988451004, 0.011622399836778641, 0.011750400066375732, 0.011699199676513672], "candidate": [0.01090560033917427, 0.010496000200510025, 0.01085439994931221, 0.010726399719715118]}, "median_ms": {"baseline": 0.011724799871444702, "candidate": 0.010790399834513664}, "baseline_over_candidate": 1.0865954970400922}
{"case": {"B": 1, "SEQ_LEN": 512, "H": 1, "HQ": 16, "D": 32, "S": 1, "block_size": 16, "is_causal": true}, "candidate": "baseline", "phase": "compile_correctness"}
{"case": {"B": 1, "SEQ_LEN": 512, "H": 1, "HQ": 16, "D": 32, "S": 1, "block_size": 16, "is_causal": true}, "candidate": "candidate", "phase": "compile_correctness"}
2026-09-07 10:46:27  [TileLang:tilelang.cache.kernel_cache:WARNING] (kernel_cache.py:342): Found kernel 'kernel' in memory cache. For better performance, consider using `@tilelang.jit` instead of direct kernel caching.
{"case": {"B": 1, "SEQ_LEN": 512, "H": 1, "HQ": 16, "D": 32, "S": 1, "block_size": 16, "is_causal": true}, "seed": 375, "status": "PASS", "call_event_ms": {"baseline": [0.011187200248241425, 0.010470400005578995, 0.010547199845314026, 0.010649599879980088], "candidate": [0.01080320030450821, 0.010547199845314026, 0.010598400235176086, 0.010623999685049058]}, "median_ms": {"baseline": 0.010598399862647056, "candidate": 0.010611199960112571}, "baseline_over_candidate": 0.9987937181926991}
{"case": {"B": 1, "SEQ_LEN": 512, "H": 1, "HQ": 16, "D": 64, "S": 1, "block_size": 16, "is_causal": true}, "candidate": "baseline", "phase": "compile_correctness"}
{"case": {"B": 1, "SEQ_LEN": 512, "H": 1, "HQ": 16, "D": 64, "S": 1, "block_size": 16, "is_causal": true}, "candidate": "candidate", "phase": "compile_correctness"}
2026-09-07 10:46:27  [TileLang:tilelang.cache.kernel_cache:WARNING] (kernel_cache.py:342): Found kernel 'kernel' in memory cache. For better performance, consider using `@tilelang.jit` instead of direct kernel caching.
{"case": {"B": 1, "SEQ_LEN": 512, "H": 1, "HQ": 16, "D": 64, "S": 1, "block_size": 16, "is_causal": true}, "seed": 375, "status": "PASS", "call_event_ms": {"baseline": [0.011392000317573547, 0.010649599879980088, 0.010598400235176086, 0.012928000092506409], "candidate": [0.01088000014424324, 0.010598400235176086, 0.01080320030450821, 0.010547199845314026]}, "median_ms": {"baseline": 0.011020800098776817, "candidate": 0.010700800269842149}, "baseline_over_candidate": 1.02990428947978}
{"case": {"B": 1, "SEQ_LEN": 512, "H": 1, "HQ": 16, "D": 128, "S": 1, "block_size": 16, "is_causal": true}, "candidate": "baseline", "phase": "compile_correctness"}
{"case": {"B": 1, "SEQ_LEN": 512, "H": 1, "HQ": 16, "D": 128, "S": 1, "block_size": 16, "is_causal": true}, "candidate": "candidate", "phase": "compile_correctness"}
{"case": {"B": 1, "SEQ_LEN": 512, "H": 1, "HQ": 16, "D": 128, "S": 1, "block_size": 16, "is_causal": true}, "seed": 375, "status": "PASS", "call_event_ms": {"baseline": [0.01369599997997284, 0.013414399325847625, 0.013132800161838532, 0.013184000551700593], "candidate": [0.011264000087976456, 0.011135999858379365, 0.011187200248241425, 0.011212799698114395]}, "median_ms": {"baseline": 0.013299199938774108, "candidate": 0.01119999997317791}, "baseline_over_candidate": 1.187428568805663}
{"case": {"B": 1, "SEQ_LEN": 1024, "H": 1, "HQ": 16, "D": 32, "S": 1, "block_size": 16, "is_causal": true}, "candidate": "baseline", "phase": "compile_correctness"}
{"case": {"B": 1, "SEQ_LEN": 1024, "H": 1, "HQ": 16, "D": 32, "S": 1, "block_size": 16, "is_causal": true}, "candidate": "candidate", "phase": "compile_correctness"}
2026-09-07 10:46:27  [TileLang:tilelang.cache.kernel_cache:WARNING] (kernel_cache.py:342): Found kernel 'kernel' in memory cache. For better performance, consider using `@tilelang.jit` instead of direct kernel caching.
{"case": {"B": 1, "SEQ_LEN": 1024, "H": 1, "HQ": 16, "D": 32, "S": 1, "block_size": 16, "is_causal": true}, "seed": 375, "status": "PASS", "call_event_ms": {"baseline": [0.011212799698114395, 0.010444799810647965, 0.010496000200510025, 0.010265599936246872], "candidate": [0.010649599879980088, 0.010572800040245056, 0.010316800326108932, 0.010470400005578995]}, "median_ms": {"baseline": 0.010470400005578995, "candidate": 0.010521600022912025}, "baseline_over_candidate": 0.9951338183145589}
{"case": {"B": 1, "SEQ_LEN": 1024, "H": 1, "HQ": 16, "D": 64, "S": 1, "block_size": 16, "is_causal": true}, "candidate": "baseline", "phase": "compile_correctness"}
{"case": {"B": 1, "SEQ_LEN": 1024, "H": 1, "HQ": 16, "D": 64, "S": 1, "block_size": 16, "is_causal": true}, "candidate": "candidate", "phase": "compile_correctness"}
2026-09-07 10:46:28  [TileLang:tilelang.cache.kernel_cache:WARNING] (kernel_cache.py:342): Found kernel 'kernel' in memory cache. For better performance, consider using `@tilelang.jit` instead of direct kernel caching.
{"case": {"B": 1, "SEQ_LEN": 1024, "H": 1, "HQ": 16, "D": 64, "S": 1, "block_size": 16, "is_causal": true}, "seed": 375, "status": "PASS", "call_event_ms": {"baseline": [0.011238399893045425, 0.010675200074911118, 0.01080320030450821, 0.010572800040245056], "candidate": [0.010956799983978272, 0.010675200074911118, 0.010700800269842149, 0.011801599711179733]}, "median_ms": {"baseline": 0.010739200189709664, "candidate": 0.010828800126910211}, "baseline_over_candidate": 0.9917257742177837}
{"case": {"B": 1, "SEQ_LEN": 1024, "H": 1, "HQ": 16, "D": 128, "S": 1, "block_size": 16, "is_causal": true}, "candidate": "baseline", "phase": "compile_correctness"}
{"case": {"B": 1, "SEQ_LEN": 1024, "H": 1, "HQ": 16, "D": 128, "S": 1, "block_size": 16, "is_causal": true}, "candidate": "candidate", "phase": "compile_correctness"}
{"case": {"B": 1, "SEQ_LEN": 1024, "H": 1, "HQ": 16, "D": 128, "S": 1, "block_size": 16, "is_causal": true}, "seed": 375, "status": "PASS", "call_event_ms": {"baseline": [0.01886720061302185, 0.01822720021009445, 0.018380799889564516, 0.01822720021009445], "candidate": [0.015615999698638916, 0.015436799824237823, 0.01528320014476776, 0.015360000729560851]}, "median_ms": {"baseline": 0.01830400004982948, "candidate": 0.015398400276899336}, "baseline_over_candidate": 1.1886949112038037}
{"case": {"B": 2, "SEQ_LEN": 64, "H": 1, "HQ": 16, "D": 64, "S": 1, "block_size": 16, "is_causal": true}, "candidate": "baseline", "phase": "compile_correctness"}
{"case": {"B": 2, "SEQ_LEN": 64, "H": 1, "HQ": 16, "D": 64, "S": 1, "block_size": 16, "is_causal": true}, "candidate": "candidate", "phase": "compile_correctness"}
2026-09-07 10:46:28  [TileLang:tilelang.cache.kernel_cache:WARNING] (kernel_cache.py:342): Found kernel 'kernel' in memory cache. For better performance, consider using `@tilelang.jit` instead of direct kernel caching.
{"case": {"B": 2, "SEQ_LEN": 64, "H": 1, "HQ": 16, "D": 64, "S": 1, "block_size": 16, "is_causal": true}, "seed": 375, "status": "PASS", "call_event_ms": {"baseline": [0.011007999628782272, 0.010623999685049058, 0.010393600165843963, 0.010188800096511842], "candidate": [0.010572800040245056, 0.010496000200510025, 0.010419200360774993, 0.010342399775981902]}, "median_ms": {"baseline": 0.01050879992544651, "candidate": 0.01045760028064251}, "baseline_over_candidate": 1.0048959267355795}
{"case": {"B": 2, "SEQ_LEN": 64, "H": 1, "HQ": 16, "D": 128, "S": 1, "block_size": 16, "is_causal": true}, "candidate": "baseline", "phase": "compile_correctness"}
{"case": {"B": 2, "SEQ_LEN": 64, "H": 1, "HQ": 16, "D": 128, "S": 1, "block_size": 16, "is_causal": true}, "candidate": "candidate", "phase": "compile_correctness"}
{"case": {"B": 2, "SEQ_LEN": 64, "H": 1, "HQ": 16, "D": 128, "S": 1, "block_size": 16, "is_causal": true}, "seed": 375, "status": "PASS", "call_event_ms": {"baseline": [0.012057600170373916, 0.011519999802112579, 0.011468800157308579, 0.011392000317573547], "candidate": [0.01085439994931221, 0.010470400005578995, 0.010342399775981902, 0.010496000200510025]}, "median_ms": {"baseline": 0.011494399979710579, "candidate": 0.01048320010304451}, "baseline_over_candidate": 1.0964590837460404}
{"case": {"B": 2, "SEQ_LEN": 128, "H": 1, "HQ": 16, "D": 32, "S": 1, "block_size": 16, "is_causal": true}, "candidate": "baseline", "phase": "compile_correctness"}
{"case": {"B": 2, "SEQ_LEN": 128, "H": 1, "HQ": 16, "D": 32, "S": 1, "block_size": 16, "is_causal": true}, "candidate": "candidate", "phase": "compile_correctness"}
2026-09-07 10:46:28  [TileLang:tilelang.cache.kernel_cache:WARNING] (kernel_cache.py:342): Found kernel 'kernel' in memory cache. For better performance, consider using `@tilelang.jit` instead of direct kernel caching.
{"case": {"B": 2, "SEQ_LEN": 128, "H": 1, "HQ": 16, "D": 32, "S": 1, "block_size": 16, "is_causal": true}, "seed": 375, "status": "PASS", "call_event_ms": {"baseline": [0.011161600053310395, 0.010470400005578995, 0.010393600165843963, 0.010393600165843963], "candidate": [0.010956799983978272, 0.010521599650382995, 0.010623999685049058, 0.010393600165843963]}, "median_ms": {"baseline": 0.01043200008571148, "candidate": 0.010572799667716026}, "baseline_over_candidate": 0.9866828478331547}
{"case": {"B": 2, "SEQ_LEN": 128, "H": 1, "HQ": 16, "D": 64, "S": 1, "block_size": 16, "is_causal": true}, "candidate": "baseline", "phase": "compile_correctness"}
{"case": {"B": 2, "SEQ_LEN": 128, "H": 1, "HQ": 16, "D": 64, "S": 1, "block_size": 16, "is_causal": true}, "candidate": "candidate", "phase": "compile_correctness"}
2026-09-07 10:46:29  [TileLang:tilelang.cache.kernel_cache:WARNING] (kernel_cache.py:342): Found kernel 'kernel' in memory cache. For better performance, consider using `@tilelang.jit` instead of direct kernel caching.
{"case": {"B": 2, "SEQ_LEN": 128, "H": 1, "HQ": 16, "D": 64, "S": 1, "block_size": 16, "is_causal": true}, "seed": 375, "status": "PASS", "call_event_ms": {"baseline": [0.011392000317573547, 0.010547199845314026, 0.010521599650382995, 0.010496000200510025], "candidate": [0.01080320030450821, 0.010623999685049058, 0.010598400235176086, 0.010598400235176086]}, "median_ms": {"baseline": 0.01053439974784851, "candidate": 0.010611199960112571}, "baseline_over_candidate": 0.9927623442633489}
{"case": {"B": 2, "SEQ_LEN": 128, "H": 1, "HQ": 16, "D": 128, "S": 1, "block_size": 16, "is_causal": true}, "candidate": "baseline", "phase": "compile_correctness"}
{"case": {"B": 2, "SEQ_LEN": 128, "H": 1, "HQ": 16, "D": 128, "S": 1, "block_size": 16, "is_causal": true}, "candidate": "candidate", "phase": "compile_correctness"}
{"case": {"B": 2, "SEQ_LEN": 128, "H": 1, "HQ": 16, "D": 128, "S": 1, "block_size": 16, "is_causal": true}, "seed": 375, "status": "PASS", "call_event_ms": {"baseline": [0.01231359988451004, 0.011699199676513672, 0.011724799871444702, 0.01157120019197464], "candidate": [0.010700800269842149, 0.010316800326108932, 0.010393600165843963, 0.010367999970912933]}, "median_ms": {"baseline": 0.011711999773979187, "candidate": 0.010380800068378448}, "baseline_over_candidate": 1.1282367155548814}
{"case": {"B": 2, "SEQ_LEN": 256, "H": 1, "HQ": 16, "D": 32, "S": 1, "block_size": 16, "is_causal": true}, "candidate": "baseline", "phase": "compile_correctness"}
{"case": {"B": 2, "SEQ_LEN": 256, "H": 1, "HQ": 16, "D": 32, "S": 1, "block_size": 16, "is_causal": true}, "candidate": "candidate", "phase": "compile_correctness"}
2026-09-07 10:46:29  [TileLang:tilelang.cache.kernel_cache:WARNING] (kernel_cache.py:342): Found kernel 'kernel' in memory cache. For better performance, consider using `@tilelang.jit` instead of direct kernel caching.
{"case": {"B": 2, "SEQ_LEN": 256, "H": 1, "HQ": 16, "D": 32, "S": 1, "block_size": 16, "is_causal": true}, "seed": 375, "status": "PASS", "call_event_ms": {"baseline": [0.011161600053310395, 0.010572800040245056, 0.010239999741315842, 0.010342399775981902], "candidate": [0.010649599879980088, 0.010521599650382995, 0.010419200360774993, 0.011289600282907486]}, "median_ms": {"baseline": 0.010457599908113478, "candidate": 0.01058559976518154}, "baseline_over_candidate": 0.9879081148062028}
{"case": {"B": 2, "SEQ_LEN": 256, "H": 1, "HQ": 16, "D": 64, "S": 1, "block_size": 16, "is_causal": true}, "candidate": "baseline", "phase": "compile_correctness"}
{"case": {"B": 2, "SEQ_LEN": 256, "H": 1, "HQ": 16, "D": 64, "S": 1, "block_size": 16, "is_causal": true}, "candidate": "candidate", "phase": "compile_correctness"}
2026-09-07 10:46:29  [TileLang:tilelang.cache.kernel_cache:WARNING] (kernel_cache.py:342): Found kernel 'kernel' in memory cache. For better performance, consider using `@tilelang.jit` instead of direct kernel caching.
{"case": {"B": 2, "SEQ_LEN": 256, "H": 1, "HQ": 16, "D": 64, "S": 1, "block_size": 16, "is_causal": true}, "seed": 375, "status": "PASS", "call_event_ms": {"baseline": [0.011417599767446518, 0.010649599879980088, 0.010367999970912933, 0.011315199732780456], "candidate": [0.01085439994931221, 0.010496000200510025, 0.010470400005578995, 0.010367999970912933]}, "median_ms": {"baseline": 0.010982399806380272, "candidate": 0.01048320010304451}, "baseline_over_candidate": 1.0476190188519616}
{"case": {"B": 2, "SEQ_LEN": 256, "H": 1, "HQ": 16, "D": 128, "S": 1, "block_size": 16, "is_causal": true}, "candidate": "baseline", "phase": "compile_correctness"}
{"case": {"B": 2, "SEQ_LEN": 256, "H": 1, "HQ": 16, "D": 128, "S": 1, "block_size": 16, "is_causal": true}, "candidate": "candidate", "phase": "compile_correctness"}
{"case": {"B": 2, "SEQ_LEN": 256, "H": 1, "HQ": 16, "D": 128, "S": 1, "block_size": 16, "is_causal": true}, "seed": 375, "status": "PASS", "call_event_ms": {"baseline": [0.0137472003698349, 0.013158400356769562, 0.013286399841308593, 0.013158400356769562], "candidate": [0.011059200018644333, 0.010931199789047242, 0.01090560033917427, 0.01090560033917427]}, "median_ms": {"baseline": 0.013222400099039078, "candidate": 0.010918400064110757}, "baseline_over_candidate": 1.2110199316199877}
{"case": {"B": 2, "SEQ_LEN": 512, "H": 1, "HQ": 16, "D": 32, "S": 1, "block_size": 16, "is_causal": true}, "candidate": "baseline", "phase": "compile_correctness"}
{"case": {"B": 2, "SEQ_LEN": 512, "H": 1, "HQ": 16, "D": 32, "S": 1, "block_size": 16, "is_causal": true}, "candidate": "candidate", "phase": "compile_correctness"}
2026-09-07 10:46:30  [TileLang:tilelang.cache.kernel_cache:WARNING] (kernel_cache.py:342): Found kernel 'kernel' in memory cache. For better performance, consider using `@tilelang.jit` instead of direct kernel caching.
{"case": {"B": 2, "SEQ_LEN": 512, "H": 1, "HQ": 16, "D": 32, "S": 1, "block_size": 16, "is_causal": true}, "seed": 375, "status": "PASS", "call_event_ms": {"baseline": [0.011315199732780456, 0.010700800269842149, 0.010393600165843963, 0.010444799810647965], "candidate": [0.010828799754381179, 0.010342399775981902, 0.010521599650382995, 0.010623999685049058]}, "median_ms": {"baseline": 0.010572800040245058, "candidate": 0.010572799667716026}, "baseline_over_candidate": 1.000000035234663}
{"case": {"B": 2, "SEQ_LEN": 512, "H": 1, "HQ": 16, "D": 64, "S": 1, "block_size": 16, "is_causal": true}, "candidate": "baseline", "phase": "compile_correctness"}
{"case": {"B": 2, "SEQ_LEN": 512, "H": 1, "HQ": 16, "D": 64, "S": 1, "block_size": 16, "is_causal": true}, "candidate": "candidate", "phase": "compile_correctness"}
2026-09-07 10:46:30  [TileLang:tilelang.cache.kernel_cache:WARNING] (kernel_cache.py:342): Found kernel 'kernel' in memory cache. For better performance, consider using `@tilelang.jit` instead of direct kernel caching.
{"case": {"B": 2, "SEQ_LEN": 512, "H": 1, "HQ": 16, "D": 64, "S": 1, "block_size": 16, "is_causal": true}, "seed": 375, "status": "PASS", "call_event_ms": {"baseline": [0.011724799871444702, 0.010956799983978272, 0.010675200074911118, 0.010726399719715118], "candidate": [0.010931199789047242, 0.010726399719715118, 0.010956799983978272, 0.010700800269842149]}, "median_ms": {"baseline": 0.010841599851846694, "candidate": 0.010828799754381179}, "baseline_over_candidate": 1.001182042124321}
{"case": {"B": 2, "SEQ_LEN": 512, "H": 1, "HQ": 16, "D": 128, "S": 1, "block_size": 16, "is_causal": true}, "candidate": "baseline", "phase": "compile_correctness"}
{"case": {"B": 2, "SEQ_LEN": 512, "H": 1, "HQ": 16, "D": 128, "S": 1, "block_size": 16, "is_causal": true}, "candidate": "candidate", "phase": "compile_correctness"}
{"case": {"B": 2, "SEQ_LEN": 512, "H": 1, "HQ": 16, "D": 128, "S": 1, "block_size": 16, "is_causal": true}, "seed": 375, "status": "PASS", "call_event_ms": {"baseline": [0.019200000166893005, 0.018636800348758698, 0.018611200153827667, 0.018585599958896637], "candidate": [0.015692800283432007, 0.015488000214099884, 0.015641599893569946, 0.015360000729560851]}, "median_ms": {"baseline": 0.018624000251293182, "candidate": 0.015564800053834916}, "baseline_over_candidate": 1.1965460646379797}
{"case": {"B": 2, "SEQ_LEN": 1024, "H": 1, "HQ": 16, "D": 32, "S": 1, "block_size": 16, "is_causal": true}, "candidate": "baseline", "phase": "compile_correctness"}
{"case": {"B": 2, "SEQ_LEN": 1024, "H": 1, "HQ": 16, "D": 32, "S": 1, "block_size": 16, "is_causal": true}, "candidate": "candidate", "phase": "compile_correctness"}
2026-09-07 10:46:30  [TileLang:tilelang.cache.kernel_cache:WARNING] (kernel_cache.py:342): Found kernel 'kernel' in memory cache. For better performance, consider using `@tilelang.jit` instead of direct kernel caching.
{"case": {"B": 2, "SEQ_LEN": 1024, "H": 1, "HQ": 16, "D": 32, "S": 1, "block_size": 16, "is_causal": true}, "seed": 375, "status": "PASS", "call_event_ms": {"baseline": [0.011468800157308579, 0.010521599650382995, 0.010675200074911118, 0.010700800269842149], "candidate": [0.01090560033917427, 0.010956799983978272, 0.010828799754381179, 0.011903999745845795]}, "median_ms": {"baseline": 0.010688000172376633, "candidate": 0.010931200161576272}, "baseline_over_candidate": 0.9777517577571675}
{"case": {"B": 2, "SEQ_LEN": 1024, "H": 1, "HQ": 16, "D": 64, "S": 1, "block_size": 16, "is_causal": true}, "candidate": "baseline", "phase": "compile_correctness"}
{"case": {"B": 2, "SEQ_LEN": 1024, "H": 1, "HQ": 16, "D": 64, "S": 1, "block_size": 16, "is_causal": true}, "candidate": "candidate", "phase": "compile_correctness"}
2026-09-07 10:46:30  [TileLang:tilelang.cache.kernel_cache:WARNING] (kernel_cache.py:342): Found kernel 'kernel' in memory cache. For better performance, consider using `@tilelang.jit` instead of direct kernel caching.
{"case": {"B": 2, "SEQ_LEN": 1024, "H": 1, "HQ": 16, "D": 64, "S": 1, "block_size": 16, "is_causal": true}, "seed": 375, "status": "PASS", "call_event_ms": {"baseline": [0.018662400543689728, 0.01820160001516342, 0.018662400543689728, 0.018329599499702455], "candidate": [0.018355199694633485, 0.01815039962530136, 0.018457600474357606, 0.018688000738620758]}, "median_ms": {"baseline": 0.01849600002169609, "candidate": 0.018406400084495546}, "baseline_over_candidate": 1.004867868610333}
{"case": {"B": 2, "SEQ_LEN": 1024, "H": 1, "HQ": 16, "D": 128, "S": 1, "block_size": 16, "is_causal": true}, "candidate": "baseline", "phase": "compile_correctness"}
{"case": {"B": 2, "SEQ_LEN": 1024, "H": 1, "HQ": 16, "D": 128, "S": 1, "block_size": 16, "is_causal": true}, "candidate": "candidate", "phase": "compile_correctness"}
{"case": {"B": 2, "SEQ_LEN": 1024, "H": 1, "HQ": 16, "D": 128, "S": 1, "block_size": 16, "is_causal": true}, "seed": 375, "status": "PASS", "call_event_ms": {"baseline": [0.0352512001991272, 0.034764799475669864, 0.035174399614334106, 0.034918400645256045], "candidate": [0.028723201155662535, 0.028518399596214293, 0.028646400570869444, 0.028543999791145323]}, "median_ms": {"baseline": 0.035046400129795076, "candidate": 0.028595200181007384}, "baseline_over_candidate": 1.225604294005695}
{"case": {"B": 4, "SEQ_LEN": 64, "H": 1, "HQ": 16, "D": 32, "S": 1, "block_size": 16, "is_causal": true}, "candidate": "baseline", "phase": "compile_correctness"}
{"case": {"B": 4, "SEQ_LEN": 64, "H": 1, "HQ": 16, "D": 32, "S": 1, "block_size": 16, "is_causal": true}, "candidate": "candidate", "phase": "compile_correctness"}
2026-09-07 10:46:31  [TileLang:tilelang.cache.kernel_cache:WARNING] (kernel_cache.py:342): Found kernel 'kernel' in memory cache. For better performance, consider using `@tilelang.jit` instead of direct kernel caching.
{"case": {"B": 4, "SEQ_LEN": 64, "H": 1, "HQ": 16, "D": 32, "S": 1, "block_size": 16, "is_causal": true}, "seed": 375, "status": "PASS", "call_event_ms": {"baseline": [0.011315199732780456, 0.010470400005578995, 0.010265599936246872, 0.010419200360774993], "candidate": [0.010393600165843963, 0.010291200131177902, 0.010521599650382995, 0.011648000031709672]}, "median_ms": {"baseline": 0.010444800183176995, "candidate": 0.010457599908113478}, "baseline_over_candidate": 0.9987760360839055}
{"case": {"B": 4, "SEQ_LEN": 64, "H": 1, "HQ": 16, "D": 64, "S": 1, "block_size": 16, "is_causal": true}, "candidate": "baseline", "phase": "compile_correctness"}
{"case": {"B": 4, "SEQ_LEN": 64, "H": 1, "HQ": 16, "D": 64, "S": 1, "block_size": 16, "is_causal": true}, "candidate": "candidate", "phase": "compile_correctness"}
2026-09-07 10:46:31  [TileLang:tilelang.cache.kernel_cache:WARNING] (kernel_cache.py:342): Found kernel 'kernel' in memory cache. For better performance, consider using `@tilelang.jit` instead of direct kernel caching.
{"case": {"B": 4, "SEQ_LEN": 64, "H": 1, "HQ": 16, "D": 64, "S": 1, "block_size": 16, "is_causal": true}, "seed": 375, "status": "PASS", "call_event_ms": {"baseline": [0.011264000087976456, 0.010419200360774993, 0.010342399775981902, 0.010547199845314026], "candidate": [0.010572800040245056, 0.010444799810647965, 0.010470400005578995, 0.010444799810647965]}, "median_ms": {"baseline": 0.010483200103044508, "candidate": 0.01045759990811348}, "baseline_over_candidate": 1.0024479990777966}
{"case": {"B": 4, "SEQ_LEN": 64, "H": 1, "HQ": 16, "D": 128, "S": 1, "block_size": 16, "is_causal": true}, "candidate": "baseline", "phase": "compile_correctness"}
{"case": {"B": 4, "SEQ_LEN": 64, "H": 1, "HQ": 16, "D": 128, "S": 1, "block_size": 16, "is_causal": true}, "candidate": "candidate", "phase": "compile_correctness"}
{"case": {"B": 4, "SEQ_LEN": 64, "H": 1, "HQ": 16, "D": 128, "S": 1, "block_size": 16, "is_causal": true}, "seed": 375, "status": "PASS", "call_event_ms": {"baseline": [0.01228799968957901, 0.011673600226640702, 0.011750400066375732, 0.011622399836778641], "candidate": [0.01090560033917427, 0.010444799810647965, 0.010675200074911118, 0.010726399719715118]}, "median_ms": {"baseline": 0.011712000146508217, "candidate": 0.010700799897313118}, "baseline_over_candidate": 1.0944976318498398}
{"case": {"B": 4, "SEQ_LEN": 128, "H": 1, "HQ": 16, "D": 32, "S": 1, "block_size": 16, "is_causal": true}, "candidate": "baseline", "phase": "compile_correctness"}
{"case": {"B": 4, "SEQ_LEN": 128, "H": 1, "HQ": 16, "D": 32, "S": 1, "block_size": 16, "is_causal": true}, "candidate": "candidate", "phase": "compile_correctness"}
2026-09-07 10:46:31  [TileLang:tilelang.cache.kernel_cache:WARNING] (kernel_cache.py:342): Found kernel 'kernel' in memory cache. For better performance, consider using `@tilelang.jit` instead of direct kernel caching.
{"case": {"B": 4, "SEQ_LEN": 128, "H": 1, "HQ": 16, "D": 32, "S": 1, "block_size": 16, "is_causal": true}, "seed": 375, "status": "PASS", "call_event_ms": {"baseline": [0.011212799698114395, 0.010675200074911118, 0.010726399719715118, 0.010273700207471847], "candidate": [0.010675200074911118, 0.010547199845314026, 0.010572800040245056, 0.010521599650382995]}, "median_ms": {"baseline": 0.010700799897313118, "candidate": 0.01055999994277954}, "baseline_over_candidate": 1.013333329100049}
{"case": {"B": 4, "SEQ_LEN": 128, "H": 1, "HQ": 16, "D": 64, "S": 1, "block_size": 16, "is_causal": true}, "candidate": "baseline", "phase": "compile_correctness"}
{"case": {"B": 4, "SEQ_LEN": 128, "H": 1, "HQ": 16, "D": 64, "S": 1, "block_size": 16, "is_causal": true}, "candidate": "candidate", "phase": "compile_correctness"}
2026-09-07 10:46:32  [TileLang:tilelang.cache.kernel_cache:WARNING] (kernel_cache.py:342): Found kernel 'kernel' in memory cache. For better performance, consider using `@tilelang.jit` instead of direct kernel caching.
{"case": {"B": 4, "SEQ_LEN": 128, "H": 1, "HQ": 16, "D": 64, "S": 1, "block_size": 16, "is_causal": true}, "seed": 375, "status": "PASS", "call_event_ms": {"baseline": [0.011161600053310395, 0.010521599650382995, 0.010521599650382995, 0.010444799810647965], "candidate": [0.01090560033917427, 0.010572800040245056, 0.010521599650382995, 0.011315199732780456]}, "median_ms": {"baseline": 0.010521599650382995, "candidate": 0.010739200189709662}, "baseline_over_candidate": 0.9797377332126491}
{"case": {"B": 4, "SEQ_LEN": 128, "H": 1, "HQ": 16, "D": 128, "S": 1, "block_size": 16, "is_causal": true}, "candidate": "baseline", "phase": "compile_correctness"}
{"case": {"B": 4, "SEQ_LEN": 128, "H": 1, "HQ": 16, "D": 128, "S": 1, "block_size": 16, "is_causal": true}, "candidate": "candidate", "phase": "compile_correctness"}
{"case": {"B": 4, "SEQ_LEN": 128, "H": 1, "HQ": 16, "D": 128, "S": 1, "block_size": 16, "is_causal": true}, "seed": 375, "status": "PASS", "call_event_ms": {"baseline": [0.013823999464511872, 0.013286399841308593, 0.013235199451446533, 0.013184000551700593], "candidate": [0.011238399893045425, 0.011007999628782272, 0.010982400178909302, 0.011059200018644333]}, "median_ms": {"baseline": 0.013260799646377563, "candidate": 0.011033599823713302}, "baseline_over_candidate": 1.2018561356446502}
{"case": {"B": 4, "SEQ_LEN": 256, "H": 1, "HQ": 16, "D": 32, "S": 1, "block_size": 16, "is_causal": true}, "candidate": "baseline", "phase": "compile_correctness"}
{"case": {"B": 4, "SEQ_LEN": 256, "H": 1, "HQ": 16, "D": 32, "S": 1, "block_size": 16, "is_causal": true}, "candidate": "candidate", "phase": "compile_correctness"}
2026-09-07 10:46:32  [TileLang:tilelang.cache.kernel_cache:WARNING] (kernel_cache.py:342): Found kernel 'kernel' in memory cache. For better performance, consider using `@tilelang.jit` instead of direct kernel caching.
{"case": {"B": 4, "SEQ_LEN": 256, "H": 1, "HQ": 16, "D": 32, "S": 1, "block_size": 16, "is_causal": true}, "seed": 375, "status": "PASS", "call_event_ms": {"baseline": [0.011161600053310395, 0.010649599879980088, 0.010572800040245056, 0.010572800040245056], "candidate": [0.010572800040245056, 0.010598400235176086, 0.010675200074911118, 0.011443199962377549]}, "median_ms": {"baseline": 0.010611199960112571, "candidate": 0.010636800155043601}, "baseline_over_candidate": 0.9975932428401514}
{"case": {"B": 4, "SEQ_LEN": 256, "H": 1, "HQ": 16, "D": 64, "S": 1, "block_size": 16, "is_causal": true}, "candidate": "baseline", "phase": "compile_correctness"}
{"case": {"B": 4, "SEQ_LEN": 256, "H": 1, "HQ": 16, "D": 64, "S": 1, "block_size": 16, "is_causal": true}, "candidate": "candidate", "phase": "compile_correctness"}
2026-09-07 10:46:32  [TileLang:tilelang.cache.kernel_cache:WARNING] (kernel_cache.py:342): Found kernel 'kernel' in memory cache. For better performance, consider using `@tilelang.jit` instead of direct kernel caching.
{"case": {"B": 4, "SEQ_LEN": 256, "H": 1, "HQ": 16, "D": 64, "S": 1, "block_size": 16, "is_causal": true}, "seed": 375, "status": "PASS", "call_event_ms": {"baseline": [0.011392000317573547, 0.01080320030450821, 0.010726399719715118, 0.010751999914646149], "candidate": [0.011007999628782272, 0.01080320030450821, 0.010700800269842149, 0.010751999914646149]}, "median_ms": {"baseline": 0.010777600109577179, "candidate": 0.010777600109577179}, "baseline_over_candidate": 1.0}
{"case": {"B": 4, "SEQ_LEN": 256, "H": 1, "HQ": 16, "D": 128, "S": 1, "block_size": 16, "is_causal": true}, "candidate": "baseline", "phase": "compile_correctness"}
{"case": {"B": 4, "SEQ_LEN": 256, "H": 1, "HQ": 16, "D": 128, "S": 1, "block_size": 16, "is_causal": true}, "candidate": "candidate", "phase": "compile_correctness"}
{"case": {"B": 4, "SEQ_LEN": 256, "H": 1, "HQ": 16, "D": 128, "S": 1, "block_size": 16, "is_causal": true}, "seed": 375, "status": "PASS", "call_event_ms": {"baseline": [0.018969599902629853, 0.018662400543689728, 0.018508799374103546, 0.018534399569034576], "candidate": [0.015846399962902068, 0.015513600409030914, 0.015360000729560851, 0.015539200603961944]}, "median_ms": {"baseline": 0.018598400056362152, "candidate": 0.015526400506496429}, "baseline_over_candidate": 1.1978565185524077}
{"case": {"B": 4, "SEQ_LEN": 512, "H": 1, "HQ": 16, "D": 32, "S": 1, "block_size": 16, "is_causal": true}, "candidate": "baseline", "phase": "compile_correctness"}
{"case": {"B": 4, "SEQ_LEN": 512, "H": 1, "HQ": 16, "D": 32, "S": 1, "block_size": 16, "is_causal": true}, "candidate": "candidate", "phase": "compile_correctness"}
2026-09-07 10:46:33  [TileLang:tilelang.cache.kernel_cache:WARNING] (kernel_cache.py:342): Found kernel 'kernel' in memory cache. For better performance, consider using `@tilelang.jit` instead of direct kernel caching.
{"case": {"B": 4, "SEQ_LEN": 512, "H": 1, "HQ": 16, "D": 32, "S": 1, "block_size": 16, "is_causal": true}, "seed": 375, "status": "PASS", "call_event_ms": {"baseline": [0.011596799641847611, 0.01088000014424324, 0.010623999685049058, 0.010675200074911118], "candidate": [0.011059200018644333, 0.01080320030450821, 0.010623999685049058, 0.010700800269842149]}, "median_ms": {"baseline": 0.010777600109577179, "candidate": 0.010752000287175179}, "baseline_over_candidate": 1.002380935799689}
{"case": {"B": 4, "SEQ_LEN": 512, "H": 1, "HQ": 16, "D": 64, "S": 1, "block_size": 16, "is_causal": true}, "candidate": "baseline", "phase": "compile_correctness"}
{"case": {"B": 4, "SEQ_LEN": 512, "H": 1, "HQ": 16, "D": 64, "S": 1, "block_size": 16, "is_causal": true}, "candidate": "candidate", "phase": "compile_correctness"}
2026-09-07 10:46:33  [TileLang:tilelang.cache.kernel_cache:WARNING] (kernel_cache.py:342): Found kernel 'kernel' in memory cache. For better performance, consider using `@tilelang.jit` instead of direct kernel caching.
{"case": {"B": 4, "SEQ_LEN": 512, "H": 1, "HQ": 16, "D": 64, "S": 1, "block_size": 16, "is_causal": true}, "seed": 375, "status": "PASS", "call_event_ms": {"baseline": [0.01802240014076233, 0.017587199807167053, 0.017868800461292265, 0.017843200266361235], "candidate": [0.01817599982023239, 0.01815039962530136, 0.01794559955596924, 0.018432000279426576]}, "median_ms": {"baseline": 0.01785600036382675, "candidate": 0.018163199722766876}, "baseline_over_candidate": 0.9830867157973789}
{"case": {"B": 4, "SEQ_LEN": 512, "H": 1, "HQ": 16, "D": 128, "S": 1, "block_size": 16, "is_causal": true}, "candidate": "baseline", "phase": "compile_correctness"}
{"case": {"B": 4, "SEQ_LEN": 512, "H": 1, "HQ": 16, "D": 128, "S": 1, "block_size": 16, "is_causal": true}, "candidate": "candidate", "phase": "compile_correctness"}
{"case": {"B": 4, "SEQ_LEN": 512, "H": 1, "HQ": 16, "D": 128, "S": 1, "block_size": 16, "is_causal": true}, "seed": 375, "status": "PASS", "call_event_ms": {"baseline": [0.03578880131244659, 0.035123199224472046, 0.0357120007276535, 0.03563520014286041], "candidate": [0.02890239953994751, 0.028569599986076354, 0.028543999791145323, 0.029158401489257812]}, "median_ms": {"baseline": 0.035673600435256955, "candidate": 0.02873599976301193}, "baseline_over_candidate": 1.2414254151398931}
{"case": {"B": 4, "SEQ_LEN": 1024, "H": 1, "HQ": 16, "D": 32, "S": 1, "block_size": 16, "is_causal": true}, "candidate": "baseline", "phase": "compile_correctness"}
{"case": {"B": 4, "SEQ_LEN": 1024, "H": 1, "HQ": 16, "D": 32, "S": 1, "block_size": 16, "is_causal": true}, "candidate": "candidate", "phase": "compile_correctness"}
{"case": {"B": 4, "SEQ_LEN": 1024, "H": 1, "HQ": 16, "D": 32, "S": 1, "block_size": 16, "is_causal": true}, "seed": 375, "status": "PASS", "call_event_ms": {"baseline": [0.015820799767971037, 0.01520639955997467, 0.0151296004652977, 0.0151296004652977], "candidate": [0.014643199741840363, 0.01443839967250824, 0.0144896000623703, 0.014643199741840363]}, "median_ms": {"baseline": 0.015168000012636185, "candidate": 0.014566399902105332}, "baseline_over_candidate": 1.0413005351064062}
{"case": {"B": 4, "SEQ_LEN": 1024, "H": 1, "HQ": 16, "D": 64, "S": 1, "block_size": 16, "is_causal": true}, "candidate": "baseline", "phase": "compile_correctness"}
{"case": {"B": 4, "SEQ_LEN": 1024, "H": 1, "HQ": 16, "D": 64, "S": 1, "block_size": 16, "is_causal": true}, "candidate": "candidate", "phase": "compile_correctness"}
2026-09-07 10:46:34  [TileLang:tilelang.cache.kernel_cache:WARNING] (kernel_cache.py:342): Found kernel 'kernel' in memory cache. For better performance, consider using `@tilelang.jit` instead of direct kernel caching.
{"case": {"B": 4, "SEQ_LEN": 1024, "H": 1, "HQ": 16, "D": 64, "S": 1, "block_size": 16, "is_causal": true}, "seed": 375, "status": "PASS", "call_event_ms": {"baseline": [0.029542401432991028, 0.029209598898887634, 0.029951998591423036, 0.029516801238059998], "candidate": [0.03036159873008728, 0.030079999566078187, 0.0304639995098114, 0.030796799063682555]}, "median_ms": {"baseline": 0.029529601335525513, "candidate": 0.03041279911994934}, "baseline_over_candidate": 0.9709596679693816}
{"case": {"B": 4, "SEQ_LEN": 1024, "H": 1, "HQ": 16, "D": 128, "S": 1, "block_size": 16, "is_causal": true}, "candidate": "baseline", "phase": "compile_correctness"}
{"case": {"B": 4, "SEQ_LEN": 1024, "H": 1, "HQ": 16, "D": 128, "S": 1, "block_size": 16, "is_causal": true}, "candidate": "candidate", "phase": "compile_correctness"}
{"case": {"B": 4, "SEQ_LEN": 1024, "H": 1, "HQ": 16, "D": 128, "S": 1, "block_size": 16, "is_causal": true}, "seed": 375, "status": "PASS", "call_event_ms": {"baseline": [0.05565440058708191, 0.05486080050468445, 0.055219197273254396, 0.055193597078323366], "candidate": [0.048179200291633605, 0.04789760112762451, 0.048076799511909483, 0.04792320132255554]}, "median_ms": {"baseline": 0.05520639717578888, "candidate": 0.04800000041723251}, "baseline_over_candidate": 1.1501332644982476}
{"case": {"B": 8, "SEQ_LEN": 64, "H": 1, "HQ": 16, "D": 32, "S": 1, "block_size": 16, "is_causal": true}, "candidate": "baseline", "phase": "compile_correctness"}
{"case": {"B": 8, "SEQ_LEN": 64, "H": 1, "HQ": 16, "D": 32, "S": 1, "block_size": 16, "is_causal": true}, "candidate": "candidate", "phase": "compile_correctness"}
2026-09-07 10:46:34  [TileLang:tilelang.cache.kernel_cache:WARNING] (kernel_cache.py:342): Found kernel 'kernel' in memory cache. For better performance, consider using `@tilelang.jit` instead of direct kernel caching.
{"case": {"B": 8, "SEQ_LEN": 64, "H": 1, "HQ": 16, "D": 32, "S": 1, "block_size": 16, "is_causal": true}, "seed": 375, "status": "PASS", "call_event_ms": {"baseline": [0.011443199962377549, 0.010700800269842149, 0.010700800269842149, 0.010726399719715118], "candidate": [0.010751999914646149, 0.010419200360774993, 0.010547199845314026, 0.010649599879980088]}, "median_ms": {"baseline": 0.010713599994778633, "candidate": 0.010598399862647056}, "baseline_over_candidate": 1.0108695778253836}
{"case": {"B": 8, "SEQ_LEN": 64, "H": 1, "HQ": 16, "D": 64, "S": 1, "block_size": 16, "is_causal": true}, "candidate": "baseline", "phase": "compile_correctness"}
{"case": {"B": 8, "SEQ_LEN": 64, "H": 1, "HQ": 16, "D": 64, "S": 1, "block_size": 16, "is_causal": true}, "candidate": "candidate", "phase": "compile_correctness"}
2026-09-07 10:46:34  [TileLang:tilelang.cache.kernel_cache:WARNING] (kernel_cache.py:342): Found kernel 'kernel' in memory cache. For better performance, consider using `@tilelang.jit` instead of direct kernel caching.
{"case": {"B": 8, "SEQ_LEN": 64, "H": 1, "HQ": 16, "D": 64, "S": 1, "block_size": 16, "is_causal": true}, "seed": 375, "status": "PASS", "call_event_ms": {"baseline": [0.011468800157308579, 0.010393600165843963, 0.010444799810647965, 0.010419200360774993], "candidate": [0.011007999628782272, 0.010623999685049058, 0.010572800040245056, 0.010547199845314026]}, "median_ms": {"baseline": 0.01043200008571148, "candidate": 0.010598399862647056}, "baseline_over_candidate": 0.9842995377517285}
{"case": {"B": 8, "SEQ_LEN": 64, "H": 1, "HQ": 16, "D": 128, "S": 1, "block_size": 16, "is_causal": true}, "candidate": "baseline", "phase": "compile_correctness"}
{"case": {"B": 8, "SEQ_LEN": 64, "H": 1, "HQ": 16, "D": 128, "S": 1, "block_size": 16, "is_causal": true}, "candidate": "candidate", "phase": "compile_correctness"}
{"case": {"B": 8, "SEQ_LEN": 64, "H": 1, "HQ": 16, "D": 128, "S": 1, "block_size": 16, "is_causal": true}, "seed": 375, "status": "PASS", "call_event_ms": {"baseline": [0.01377280056476593, 0.013132800161838532, 0.013158400356769562, 0.013209599256515502], "candidate": [0.011289600282907486, 0.011110399663448334, 0.010982400178909302, 0.011033599823713302]}, "median_ms": {"baseline": 0.013183999806642532, "candidate": 0.011071999743580817}, "baseline_over_candidate": 1.190751455199968}
{"case": {"B": 8, "SEQ_LEN": 128, "H": 1, "HQ": 16, "D": 32, "S": 1, "block_size": 16, "is_causal": true}, "candidate": "baseline", "phase": "compile_correctness"}
{"case": {"B": 8, "SEQ_LEN": 128, "H": 1, "HQ": 16, "D": 32, "S": 1, "block_size": 16, "is_causal": true}, "candidate": "candidate", "phase": "compile_correctness"}
2026-09-07 10:46:35  [TileLang:tilelang.cache.kernel_cache:WARNING] (kernel_cache.py:342): Found kernel 'kernel' in memory cache. For better performance, consider using `@tilelang.jit` instead of direct kernel caching.
{"case": {"B": 8, "SEQ_LEN": 128, "H": 1, "HQ": 16, "D": 32, "S": 1, "block_size": 16, "is_causal": true}, "seed": 375, "status": "PASS", "call_event_ms": {"baseline": [0.01154559999704361, 0.010675200074911118, 0.010547199845314026, 0.010598400235176086], "candidate": [0.010828799754381179, 0.010726399719715118, 0.010572800040245056, 0.011392000317573547]}, "median_ms": {"baseline": 0.010636800155043601, "candidate": 0.010777599737048149}, "baseline_over_candidate": 0.9869359054483582}
{"case": {"B": 8, "SEQ_LEN": 128, "H": 1, "HQ": 16, "D": 64, "S": 1, "block_size": 16, "is_causal": true}, "candidate": "baseline", "phase": "compile_correctness"}
{"case": {"B": 8, "SEQ_LEN": 128, "H": 1, "HQ": 16, "D": 64, "S": 1, "block_size": 16, "is_causal": true}, "candidate": "candidate", "phase": "compile_correctness"}
2026-09-07 10:46:35  [TileLang:tilelang.cache.kernel_cache:WARNING] (kernel_cache.py:342): Found kernel 'kernel' in memory cache. For better performance, consider using `@tilelang.jit` instead of direct kernel caching.
{"case": {"B": 8, "SEQ_LEN": 128, "H": 1, "HQ": 16, "D": 64, "S": 1, "block_size": 16, "is_causal": true}, "seed": 375, "status": "PASS", "call_event_ms": {"baseline": [0.011596799641847611, 0.01085439994931221, 0.010675200074911118, 0.010726399719715118], "candidate": [0.01090560033917427, 0.010956799983978272, 0.01085439994931221, 0.010649599879980088]}, "median_ms": {"baseline": 0.010790399834513664, "candidate": 0.01088000014424324}, "baseline_over_candidate": 0.9917646775237421}
{"case": {"B": 8, "SEQ_LEN": 128, "H": 1, "HQ": 16, "D": 128, "S": 1, "block_size": 16, "is_causal": true}, "candidate": "baseline", "phase": "compile_correctness"}
{"case": {"B": 8, "SEQ_LEN": 128, "H": 1, "HQ": 16, "D": 128, "S": 1, "block_size": 16, "is_causal": true}, "candidate": "candidate", "phase": "compile_correctness"}
{"case": {"B": 8, "SEQ_LEN": 128, "H": 1, "HQ": 16, "D": 128, "S": 1, "block_size": 16, "is_causal": true}, "seed": 375, "status": "PASS", "call_event_ms": {"baseline": [0.01930239945650101, 0.018636800348758698, 0.018636800348758698, 0.018636800348758698], "candidate": [0.01592320054769516, 0.015692800283432007, 0.015846399962902068, 0.015795199573040007]}, "median_ms": {"baseline": 0.018636800348758698, "candidate": 0.015820799767971037}, "baseline_over_candidate": 1.1779935668289419}
{"case": {"B": 8, "SEQ_LEN": 256, "H": 1, "HQ": 16, "D": 32, "S": 1, "block_size": 16, "is_causal": true}, "candidate": "baseline", "phase": "compile_correctness"}
{"case": {"B": 8, "SEQ_LEN": 256, "H": 1, "HQ": 16, "D": 32, "S": 1, "block_size": 16, "is_causal": true}, "candidate": "candidate", "phase": "compile_correctness"}
2026-09-07 10:46:35  [TileLang:tilelang.cache.kernel_cache:WARNING] (kernel_cache.py:342): Found kernel 'kernel' in memory cache. For better performance, consider using `@tilelang.jit` instead of direct kernel caching.
{"case": {"B": 8, "SEQ_LEN": 256, "H": 1, "HQ": 16, "D": 32, "S": 1, "block_size": 16, "is_causal": true}, "seed": 375, "status": "PASS", "call_event_ms": {"baseline": [0.011443199962377549, 0.010675200074911118, 0.010419200360774993, 0.011468800157308579], "candidate": [0.010623999685049058, 0.010598400235176086, 0.010649599879980088, 0.010649599879980088]}, "median_ms": {"baseline": 0.011059200018644334, "candidate": 0.010636799782514573}, "baseline_over_candidate": 1.039711214347019}
{"case": {"B": 8, "SEQ_LEN": 256, "H": 1, "HQ": 16, "D": 64, "S": 1, "block_size": 16, "is_causal": true}, "candidate": "baseline", "phase": "compile_correctness"}
{"case": {"B": 8, "SEQ_LEN": 256, "H": 1, "HQ": 16, "D": 64, "S": 1, "block_size": 16, "is_causal": true}, "candidate": "candidate", "phase": "compile_correctness"}
2026-09-07 10:46:36  [TileLang:tilelang.cache.kernel_cache:WARNING] (kernel_cache.py:342): Found kernel 'kernel' in memory cache. For better performance, consider using `@tilelang.jit` instead of direct kernel caching.
{"case": {"B": 8, "SEQ_LEN": 256, "H": 1, "HQ": 16, "D": 64, "S": 1, "block_size": 16, "is_causal": true}, "seed": 375, "status": "PASS", "call_event_ms": {"baseline": [0.017791999876499175, 0.017664000391960144, 0.017510400712490083, 0.018611200153827667], "candidate": [0.018380799889564516, 0.018278400599956512, 0.018278400599956512, 0.018380799889564516]}, "median_ms": {"baseline": 0.01772800013422966, "candidate": 0.018329600244760512}, "baseline_over_candidate": 0.9671787653578087}
{"case": {"B": 8, "SEQ_LEN": 256, "H": 1, "HQ": 16, "D": 128, "S": 1, "block_size": 16, "is_causal": true}, "candidate": "baseline", "phase": "compile_correctness"}
{"case": {"B": 8, "SEQ_LEN": 256, "H": 1, "HQ": 16, "D": 128, "S": 1, "block_size": 16, "is_causal": true}, "candidate": "candidate", "phase": "compile_correctness"}
{"case": {"B": 8, "SEQ_LEN": 256, "H": 1, "HQ": 16, "D": 128, "S": 1, "block_size": 16, "is_causal": true}, "seed": 375, "status": "PASS", "call_event_ms": {"baseline": [0.0354559987783432, 0.03461120128631592, 0.03473919928073883, 0.034790399670600894], "candidate": [0.028799998760223388, 0.028697600960731505, 0.02887679934501648, 0.02895359992980957]}, "median_ms": {"baseline": 0.034764799475669864, "candidate": 0.028838399052619933}, "baseline_over_candidate": 1.205503794168197}
{"case": {"B": 8, "SEQ_LEN": 512, "H": 1, "HQ": 16, "D": 32, "S": 1, "block_size": 16, "is_causal": true}, "candidate": "baseline", "phase": "compile_correctness"}
{"case": {"B": 8, "SEQ_LEN": 512, "H": 1, "HQ": 16, "D": 32, "S": 1, "block_size": 16, "is_causal": true}, "candidate": "candidate", "phase": "compile_correctness"}
{"case": {"B": 8, "SEQ_LEN": 512, "H": 1, "HQ": 16, "D": 32, "S": 1, "block_size": 16, "is_causal": true}, "seed": 375, "status": "PASS", "call_event_ms": {"baseline": [0.015411199629306793, 0.01510400027036667, 0.01515520066022873, 0.01510400027036667], "candidate": [0.014899200201034546, 0.014771200716495514, 0.014771200716495514, 0.014771200716495514]}, "median_ms": {"baseline": 0.0151296004652977, "candidate": 0.014771200716495514}, "baseline_over_candidate": 1.024263413359616}
{"case": {"B": 8, "SEQ_LEN": 512, "H": 1, "HQ": 16, "D": 64, "S": 1, "block_size": 16, "is_causal": true}, "candidate": "baseline", "phase": "compile_correctness"}
{"case": {"B": 8, "SEQ_LEN": 512, "H": 1, "HQ": 16, "D": 64, "S": 1, "block_size": 16, "is_causal": true}, "candidate": "candidate", "phase": "compile_correctness"}
2026-09-07 10:46:36  [TileLang:tilelang.cache.kernel_cache:WARNING] (kernel_cache.py:342): Found kernel 'kernel' in memory cache. For better performance, consider using `@tilelang.jit` instead of direct kernel caching.
{"case": {"B": 8, "SEQ_LEN": 512, "H": 1, "HQ": 16, "D": 64, "S": 1, "block_size": 16, "is_causal": true}, "seed": 375, "status": "PASS", "call_event_ms": {"baseline": [0.0289792001247406, 0.029491201043128967, 0.029311999678611755, 0.02903040051460266], "candidate": [0.030771198868751525, 0.031027200818061828, 0.030771198868751525, 0.030822399258613586]}, "median_ms": {"baseline": 0.02917120009660721, "candidate": 0.030796799063682555}, "baseline_over_candidate": 0.9472153270307774}
{"case": {"B": 8, "SEQ_LEN": 512, "H": 1, "HQ": 16, "D": 128, "S": 1, "block_size": 16, "is_causal": true}, "candidate": "baseline", "phase": "compile_correctness"}
{"case": {"B": 8, "SEQ_LEN": 512, "H": 1, "HQ": 16, "D": 128, "S": 1, "block_size": 16, "is_causal": true}, "candidate": "candidate", "phase": "compile_correctness"}
{"case": {"B": 8, "SEQ_LEN": 512, "H": 1, "HQ": 16, "D": 128, "S": 1, "block_size": 16, "is_causal": true}, "seed": 375, "status": "PASS", "call_event_ms": {"baseline": [0.05644800066947937, 0.05580800175666809, 0.05555199980735779, 0.05591040253639221], "candidate": [0.04782080054283142, 0.04736000001430511, 0.04712960124015808, 0.04789760112762451]}, "median_ms": {"baseline": 0.05585920214653015, "candidate": 0.04759040027856827}, "baseline_over_candidate": 1.1737493658292601}
{"case": {"B": 8, "SEQ_LEN": 1024, "H": 1, "HQ": 16, "D": 32, "S": 1, "block_size": 16, "is_causal": true}, "candidate": "baseline", "phase": "compile_correctness"}
{"case": {"B": 8, "SEQ_LEN": 1024, "H": 1, "HQ": 16, "D": 32, "S": 1, "block_size": 16, "is_causal": true}, "candidate": "candidate", "phase": "compile_correctness"}
{"case": {"B": 8, "SEQ_LEN": 1024, "H": 1, "HQ": 16, "D": 32, "S": 1, "block_size": 16, "is_causal": true}, "seed": 375, "status": "PASS", "call_event_ms": {"baseline": [0.025113600492477416, 0.024422399699687958, 0.024447999894618988, 0.02447360008955002], "candidate": [0.023500800132751465, 0.023244799673557283, 0.023500800132751465, 0.023705600202083586]}, "median_ms": {"baseline": 0.024460799992084503, "candidate": 0.023500800132751465}, "baseline_over_candidate": 1.0408496669862382}
{"case": {"B": 8, "SEQ_LEN": 1024, "H": 1, "HQ": 16, "D": 64, "S": 1, "block_size": 16, "is_causal": true}, "candidate": "baseline", "phase": "compile_correctness"}
{"case": {"B": 8, "SEQ_LEN": 1024, "H": 1, "HQ": 16, "D": 64, "S": 1, "block_size": 16, "is_causal": true}, "candidate": "candidate", "phase": "compile_correctness"}
2026-09-07 10:46:37  [TileLang:tilelang.cache.kernel_cache:WARNING] (kernel_cache.py:342): Found kernel 'kernel' in memory cache. For better performance, consider using `@tilelang.jit` instead of direct kernel caching.
{"case": {"B": 8, "SEQ_LEN": 1024, "H": 1, "HQ": 16, "D": 64, "S": 1, "block_size": 16, "is_causal": true}, "seed": 375, "status": "PASS", "call_event_ms": {"baseline": [0.048537600040435794, 0.048767998814582825, 0.04840959906578064, 0.048691201210021975], "candidate": [0.04897280037403107, 0.04943360090255737, 0.04904960095882416, 0.0489984005689621]}, "median_ms": {"baseline": 0.048614400625228885, "candidate": 0.04902400076389313}, "baseline_over_candidate": 0.9916449059178801}
{"case": {"B": 8, "SEQ_LEN": 1024, "H": 1, "HQ": 16, "D": 128, "S": 1, "block_size": 16, "is_causal": true}, "candidate": "baseline", "phase": "compile_correctness"}
{"case": {"B": 8, "SEQ_LEN": 1024, "H": 1, "HQ": 16, "D": 128, "S": 1, "block_size": 16, "is_causal": true}, "candidate": "candidate", "phase": "compile_correctness"}
{"case": {"B": 8, "SEQ_LEN": 1024, "H": 1, "HQ": 16, "D": 128, "S": 1, "block_size": 16, "is_causal": true}, "seed": 375, "status": "PASS", "call_event_ms": {"baseline": [0.0984063982963562, 0.09697279930114747, 0.09758719801902771, 0.09740800261497498], "candidate": [0.08601599931716919, 0.08558080196380616, 0.08683519959449768, 0.085452800989151]}, "median_ms": {"baseline": 0.09749760031700135, "candidate": 0.08579840064048767}, "baseline_over_candidate": 1.1363568503512744}
{"case": {"B": 1, "SEQ_LEN": 256, "H": 1, "HQ": 16, "D": 64, "S": 1, "block_size": 32, "is_causal": true}, "candidate": "baseline", "phase": "compile_correctness"}
{"case": {"B": 1, "SEQ_LEN": 256, "H": 1, "HQ": 16, "D": 64, "S": 1, "block_size": 32, "is_causal": true}, "candidate": "candidate", "phase": "compile_correctness"}
2026-09-07 10:46:38  [TileLang:tilelang.cache.kernel_cache:WARNING] (kernel_cache.py:342): Found kernel 'kernel' in memory cache. For better performance, consider using `@tilelang.jit` instead of direct kernel caching.
{"case": {"B": 1, "SEQ_LEN": 256, "H": 1, "HQ": 16, "D": 64, "S": 1, "block_size": 32, "is_causal": true}, "seed": 375, "status": "PASS", "call_event_ms": {"baseline": [0.011392000317573547, 0.010675200074911118, 0.010496000200510025, 0.010419200360774993], "candidate": [0.01085439994931221, 0.010521599650382995, 0.010777600109577179, 0.010496000200510025]}, "median_ms": {"baseline": 0.010585600137710573, "candidate": 0.010649599879980088}, "baseline_over_candidate": 0.9939904087486116}
{"case": {"B": 1, "SEQ_LEN": 256, "H": 1, "HQ": 16, "D": 64, "S": 1, "block_size": 64, "is_causal": true}, "candidate": "baseline", "phase": "compile_correctness"}
{"case": {"B": 1, "SEQ_LEN": 256, "H": 1, "HQ": 16, "D": 64, "S": 1, "block_size": 64, "is_causal": true}, "candidate": "candidate", "phase": "compile_correctness"}
2026-09-07 10:46:38  [TileLang:tilelang.cache.kernel_cache:WARNING] (kernel_cache.py:342): Found kernel 'kernel' in memory cache. For better performance, consider using `@tilelang.jit` instead of direct kernel caching.
{"case": {"B": 1, "SEQ_LEN": 256, "H": 1, "HQ": 16, "D": 64, "S": 1, "block_size": 64, "is_causal": true}, "seed": 375, "status": "PASS", "call_event_ms": {"baseline": [0.014156800508499146, 0.014105600118637086, 0.014054399728775025, 0.014105600118637086], "candidate": [0.014310400187969207, 0.014207999408245086, 0.014105600118637086, 0.014028799533843995]}, "median_ms": {"baseline": 0.014105600118637086, "candidate": 0.014156799763441086}, "baseline_over_candidate": 0.9963833885016712}
{"case": {"B": 1, "SEQ_LEN": 512, "H": 1, "HQ": 16, "D": 64, "S": 1, "block_size": 32, "is_causal": true}, "candidate": "baseline", "phase": "compile_correctness"}
{"case": {"B": 1, "SEQ_LEN": 512, "H": 1, "HQ": 16, "D": 64, "S": 1, "block_size": 32, "is_causal": true}, "candidate": "candidate", "phase": "compile_correctness"}
2026-09-07 10:46:38  [TileLang:tilelang.cache.kernel_cache:WARNING] (kernel_cache.py:342): Found kernel 'kernel' in memory cache. For better performance, consider using `@tilelang.jit` instead of direct kernel caching.
{"case": {"B": 1, "SEQ_LEN": 512, "H": 1, "HQ": 16, "D": 64, "S": 1, "block_size": 32, "is_causal": true}, "seed": 375, "status": "PASS", "call_event_ms": {"baseline": [0.01157120019197464, 0.010700800269842149, 0.010675200074911118, 0.010726399719715118], "candidate": [0.01088000014424324, 0.010777600109577179, 0.010649599879980088, 0.011801599711179733]}, "median_ms": {"baseline": 0.010713599994778633, "candidate": 0.01082880012691021}, "baseline_over_candidate": 0.9893616900504705}
{"case": {"B": 1, "SEQ_LEN": 512, "H": 1, "HQ": 16, "D": 64, "S": 1, "block_size": 64, "is_causal": true}, "candidate": "baseline", "phase": "compile_correctness"}
{"case": {"B": 1, "SEQ_LEN": 512, "H": 1, "HQ": 16, "D": 64, "S": 1, "block_size": 64, "is_causal": true}, "candidate": "candidate", "phase": "compile_correctness"}
2026-09-07 10:46:38  [TileLang:tilelang.cache.kernel_cache:WARNING] (kernel_cache.py:342): Found kernel 'kernel' in memory cache. For better performance, consider using `@tilelang.jit` instead of direct kernel caching.
{"case": {"B": 1, "SEQ_LEN": 512, "H": 1, "HQ": 16, "D": 64, "S": 1, "block_size": 64, "is_causal": true}, "seed": 375, "status": "PASS", "call_event_ms": {"baseline": [0.01653759926557541, 0.0165120005607605, 0.01643519997596741, 0.01656319946050644], "candidate": [0.01658879965543747, 0.01653759926557541, 0.0166143998503685, 0.01643519997596741]}, "median_ms": {"baseline": 0.016524799913167954, "candidate": 0.01656319946050644}, "baseline_over_candidate": 0.9976816346726944}
{"case": {"B": 1, "SEQ_LEN": 512, "H": 1, "HQ": 16, "D": 128, "S": 1, "block_size": 32, "is_causal": true}, "candidate": "baseline", "phase": "compile_correctness"}
{"case": {"B": 1, "SEQ_LEN": 512, "H": 1, "HQ": 16, "D": 128, "S": 1, "block_size": 32, "is_causal": true}, "candidate": "candidate", "phase": "compile_correctness"}
{"case": {"B": 1, "SEQ_LEN": 512, "H": 1, "HQ": 16, "D": 128, "S": 1, "block_size": 32, "is_causal": true}, "seed": 375, "status": "PASS", "call_event_ms": {"baseline": [0.018303999304771425, 0.017689600586891174, 0.017664000391960144, 0.017664000391960144], "candidate": [0.015411199629306793, 0.01510400027036667, 0.01525759994983673, 0.01515520066022873]}, "median_ms": {"baseline": 0.01767680048942566, "candidate": 0.01520640030503273}, "baseline_over_candidate": 1.1624579213250963}
{"case": {"B": 2, "SEQ_LEN": 256, "H": 1, "HQ": 16, "D": 64, "S": 1, "block_size": 64, "is_causal": true}, "candidate": "baseline", "phase": "compile_correctness"}
{"case": {"B": 2, "SEQ_LEN": 256, "H": 1, "HQ": 16, "D": 64, "S": 1, "block_size": 64, "is_causal": true}, "candidate": "candidate", "phase": "compile_correctness"}
2026-09-07 10:46:39  [TileLang:tilelang.cache.kernel_cache:WARNING] (kernel_cache.py:342): Found kernel 'kernel' in memory cache. For better performance, consider using `@tilelang.jit` instead of direct kernel caching.
{"case": {"B": 2, "SEQ_LEN": 256, "H": 1, "HQ": 16, "D": 64, "S": 1, "block_size": 64, "is_causal": true}, "seed": 375, "status": "PASS", "call_event_ms": {"baseline": [0.01648640036582947, 0.016179199516773223, 0.016256000101566314, 0.016256000101566314], "candidate": [0.01646080017089844, 0.01643519997596741, 0.016256000101566314, 0.016230399906635284]}, "median_ms": {"baseline": 0.016256000101566314, "candidate": 0.01634560003876686}, "baseline_over_candidate": 0.994518406360853}
{"case": {"B": 4, "SEQ_LEN": 128, "H": 1, "HQ": 16, "D": 64, "S": 1, "block_size": 32, "is_causal": true}, "candidate": "baseline", "phase": "compile_correctness"}
{"case": {"B": 4, "SEQ_LEN": 128, "H": 1, "HQ": 16, "D": 64, "S": 1, "block_size": 32, "is_causal": true}, "candidate": "candidate", "phase": "compile_correctness"}
2026-09-07 10:46:39  [TileLang:tilelang.cache.kernel_cache:WARNING] (kernel_cache.py:342): Found kernel 'kernel' in memory cache. For better performance, consider using `@tilelang.jit` instead of direct kernel caching.
{"case": {"B": 4, "SEQ_LEN": 128, "H": 1, "HQ": 16, "D": 64, "S": 1, "block_size": 32, "is_causal": true}, "seed": 375, "status": "PASS", "call_event_ms": {"baseline": [0.011084800213575363, 0.01088000014424324, 0.010828799754381179, 0.010726399719715118], "candidate": [0.01090560033917427, 0.01085439994931221, 0.010751999914646149, 0.010751999914646149]}, "median_ms": {"baseline": 0.01085439994931221, "candidate": 0.010803199931979179}, "baseline_over_candidate": 1.0047393381271663}
{"case": {"B": 4, "SEQ_LEN": 128, "H": 1, "HQ": 16, "D": 64, "S": 1, "block_size": 64, "is_causal": true}, "candidate": "baseline", "phase": "compile_correctness"}
{"case": {"B": 4, "SEQ_LEN": 128, "H": 1, "HQ": 16, "D": 64, "S": 1, "block_size": 64, "is_causal": true}, "candidate": "candidate", "phase": "compile_correctness"}
2026-09-07 10:46:39  [TileLang:tilelang.cache.kernel_cache:WARNING] (kernel_cache.py:342): Found kernel 'kernel' in memory cache. For better performance, consider using `@tilelang.jit` instead of direct kernel caching.
{"case": {"B": 4, "SEQ_LEN": 128, "H": 1, "HQ": 16, "D": 64, "S": 1, "block_size": 64, "is_causal": true}, "seed": 375, "status": "PASS", "call_event_ms": {"baseline": [0.01640959978103638, 0.016281600296497344, 0.016153599321842193, 0.016256000101566314], "candidate": [0.016383999586105348, 0.016332800686359405, 0.016332800686359405, 0.016230399906635284]}, "median_ms": {"baseline": 0.01626880019903183, "candidate": 0.016332800686359405}, "baseline_over_candidate": 0.9960814750295075}
{"case": {"B": 2, "SEQ_LEN": 512, "H": 1, "HQ": 16, "D": 128, "S": 1, "block_size": 32, "is_causal": true}, "candidate": "baseline", "phase": "compile_correctness"}
{"case": {"B": 2, "SEQ_LEN": 512, "H": 1, "HQ": 16, "D": 128, "S": 1, "block_size": 32, "is_causal": true}, "candidate": "candidate", "phase": "compile_correctness"}
{"case": {"B": 2, "SEQ_LEN": 512, "H": 1, "HQ": 16, "D": 128, "S": 1, "block_size": 32, "is_causal": true}, "seed": 375, "status": "PASS", "call_event_ms": {"baseline": [0.024780799448490144, 0.024191999435424806, 0.024140800535678863, 0.024140800535678863], "candidate": [0.021503999829292297, 0.021350400149822236, 0.021478399634361267, 0.021452799439430237]}, "median_ms": {"baseline": 0.024166399985551833, "candidate": 0.021465599536895752}, "baseline_over_candidate": 1.1258199401332285}
{"case": {"B": 4, "SEQ_LEN": 1024, "H": 1, "HQ": 16, "D": 128, "S": 1, "block_size": 32, "is_causal": true}, "candidate": "baseline", "phase": "compile_correctness"}
{"case": {"B": 4, "SEQ_LEN": 1024, "H": 1, "HQ": 16, "D": 128, "S": 1, "block_size": 32, "is_causal": true}, "candidate": "candidate", "phase": "compile_correctness"}
{"case": {"B": 4, "SEQ_LEN": 1024, "H": 1, "HQ": 16, "D": 128, "S": 1, "block_size": 32, "is_causal": true}, "seed": 375, "status": "PASS", "call_event_ms": {"baseline": [0.08020480275154114, 0.0794368028640747, 0.07976959943771363, 0.07964159846305847], "candidate": [0.05934079885482788, 0.059084802865982056, 0.05921279788017273, 0.0591871976852417]}, "median_ms": {"baseline": 0.07970559895038605, "candidate": 0.059199997782707216}, "baseline_over_candidate": 1.3463784110760335}
{"case": {"B": 8, "SEQ_LEN": 512, "H": 1, "HQ": 16, "D": 128, "S": 1, "block_size": 32, "is_causal": true}, "candidate": "baseline", "phase": "compile_correctness"}
{"case": {"B": 8, "SEQ_LEN": 512, "H": 1, "HQ": 16, "D": 128, "S": 1, "block_size": 32, "is_causal": true}, "candidate": "candidate", "phase": "compile_correctness"}
{"case": {"B": 8, "SEQ_LEN": 512, "H": 1, "HQ": 16, "D": 128, "S": 1, "block_size": 32, "is_causal": true}, "seed": 375, "status": "PASS", "call_event_ms": {"baseline": [0.08120319843292237, 0.08094720244407654, 0.0804095983505249, 0.08087040185928344], "candidate": [0.05934079885482788, 0.058931201696395874, 0.059084802865982056, 0.05913599729537964]}, "median_ms": {"baseline": 0.08090880215167999, "candidate": 0.059110400080680844}, "baseline_over_candidate": 1.3687743957280971}
{"case": {"B": 1, "SEQ_LEN": 256, "H": 2, "HQ": 32, "D": 64, "S": 1, "block_size": 16, "is_causal": true}, "candidate": "baseline", "phase": "compile_correctness"}
{"case": {"B": 1, "SEQ_LEN": 256, "H": 2, "HQ": 32, "D": 64, "S": 1, "block_size": 16, "is_causal": true}, "candidate": "candidate", "phase": "compile_correctness"}
2026-09-07 10:46:40  [TileLang:tilelang.cache.kernel_cache:WARNING] (kernel_cache.py:342): Found kernel 'kernel' in memory cache. For better performance, consider using `@tilelang.jit` instead of direct kernel caching.
{"case": {"B": 1, "SEQ_LEN": 256, "H": 2, "HQ": 32, "D": 64, "S": 1, "block_size": 16, "is_causal": true}, "seed": 375, "status": "PASS", "call_event_ms": {"baseline": [0.011417599767446518, 0.010598400235176086, 0.010572800040245056, 0.010367999970912933], "candidate": [0.010828799754381179, 0.010547199845314026, 0.010598400235176086, 0.011622399836778641]}, "median_ms": {"baseline": 0.010585600137710571, "candidate": 0.010713599994778632}, "baseline_over_candidate": 0.9880525820330754}
{"case": {"B": 2, "SEQ_LEN": 512, "H": 2, "HQ": 32, "D": 64, "S": 1, "block_size": 16, "is_causal": true}, "candidate": "baseline", "phase": "compile_correctness"}
{"case": {"B": 2, "SEQ_LEN": 512, "H": 2, "HQ": 32, "D": 64, "S": 1, "block_size": 16, "is_causal": true}, "candidate": "candidate", "phase": "compile_correctness"}
2026-09-07 10:46:40  [TileLang:tilelang.cache.kernel_cache:WARNING] (kernel_cache.py:342): Found kernel 'kernel' in memory cache. For better performance, consider using `@tilelang.jit` instead of direct kernel caching.
{"case": {"B": 2, "SEQ_LEN": 512, "H": 2, "HQ": 32, "D": 64, "S": 1, "block_size": 16, "is_causal": true}, "seed": 375, "status": "PASS", "call_event_ms": {"baseline": [0.018534399569034576, 0.017868800461292265, 0.01807360053062439, 0.018303999304771425], "candidate": [0.017715199291706084, 0.017843200266361235, 0.017791999876499175, 0.0173567995429039]}, "median_ms": {"baseline": 0.01818879991769791, "candidate": 0.01775359958410263}, "baseline_over_candidate": 1.0245133575044116}
{"case": {"B": 1, "SEQ_LEN": 512, "H": 2, "HQ": 32, "D": 128, "S": 1, "block_size": 16, "is_causal": true}, "candidate": "baseline", "phase": "compile_correctness"}
{"case": {"B": 1, "SEQ_LEN": 512, "H": 2, "HQ": 32, "D": 128, "S": 1, "block_size": 16, "is_causal": true}, "candidate": "candidate", "phase": "compile_correctness"}
{"case": {"B": 1, "SEQ_LEN": 512, "H": 2, "HQ": 32, "D": 128, "S": 1, "block_size": 16, "is_causal": true}, "seed": 375, "status": "PASS", "call_event_ms": {"baseline": [0.019046400487422944, 0.018534399569034576, 0.018636800348758698, 0.018508799374103546], "candidate": [0.01681919991970062, 0.01653759926557541, 0.01671680063009262, 0.01669120043516159]}, "median_ms": {"baseline": 0.018585599958896637, "candidate": 0.016704000532627106}, "baseline_over_candidate": 1.1126436402222506}
{"case": {"B": 1, "SEQ_LEN": 256, "H": 1, "HQ": 16, "D": 64, "S": 2, "block_size": 16, "is_causal": true}, "candidate": "baseline", "phase": "compile_correctness"}
{"case": {"B": 1, "SEQ_LEN": 256, "H": 1, "HQ": 16, "D": 64, "S": 2, "block_size": 16, "is_causal": true}, "candidate": "candidate", "phase": "compile_correctness"}
2026-09-07 10:46:41  [TileLang:tilelang.cache.kernel_cache:WARNING] (kernel_cache.py:342): Found kernel 'kernel' in memory cache. For better performance, consider using `@tilelang.jit` instead of direct kernel caching.
{"case": {"B": 1, "SEQ_LEN": 256, "H": 1, "HQ": 16, "D": 64, "S": 2, "block_size": 16, "is_causal": true}, "seed": 375, "status": "PASS", "call_event_ms": {"baseline": [0.011135999858379365, 0.010444799810647965, 0.010470400005578995, 0.011187200248241425], "candidate": [0.010649599879980088, 0.010419200360774993, 0.010547199845314026, 0.010521599650382995]}, "median_ms": {"baseline": 0.01080319993197918, "candidate": 0.01053439974784851}, "baseline_over_candidate": 1.0255164214919383}
{"case": {"B": 2, "SEQ_LEN": 512, "H": 1, "HQ": 16, "D": 64, "S": 2, "block_size": 16, "is_causal": true}, "candidate": "baseline", "phase": "compile_correctness"}
{"case": {"B": 2, "SEQ_LEN": 512, "H": 1, "HQ": 16, "D": 64, "S": 2, "block_size": 16, "is_causal": true}, "candidate": "candidate", "phase": "compile_correctness"}
{"case": {"B": 2, "SEQ_LEN": 512, "H": 1, "HQ": 16, "D": 64, "S": 2, "block_size": 16, "is_causal": true}, "seed": 375, "status": "PASS", "call_event_ms": {"baseline": [0.019942399859428406, 0.0193792000412941, 0.019174399971961974, 0.019251200556755065], "candidate": [0.012851199507713318, 0.012595200538635254, 0.012467200309038163, 0.012415999919176102]}, "median_ms": {"baseline": 0.01931520029902458, "candidate": 0.012531200423836708}, "baseline_over_candidate": 1.541368715345373}
{"case": {"B": 4, "SEQ_LEN": 1024, "H": 1, "HQ": 16, "D": 64, "S": 2, "block_size": 16, "is_causal": true}, "candidate": "baseline", "phase": "compile_correctness"}
{"case": {"B": 4, "SEQ_LEN": 1024, "H": 1, "HQ": 16, "D": 64, "S": 2, "block_size": 16, "is_causal": true}, "candidate": "candidate", "phase": "compile_correctness"}
{"case": {"B": 4, "SEQ_LEN": 1024, "H": 1, "HQ": 16, "D": 64, "S": 2, "block_size": 16, "is_causal": true}, "seed": 375, "status": "PASS", "call_event_ms": {"baseline": [0.050918400287628174, 0.0506879985332489, 0.05071359872817993, 0.050329601764678954], "candidate": [0.0357120007276535, 0.03568640053272247, 0.03583999872207642, 0.03573760092258453]}, "median_ms": {"baseline": 0.050700798630714417, "candidate": 0.035724800825119016}, "baseline_over_candidate": 1.4192045150624155}
{"case": {"B": 1, "SEQ_LEN": 256, "H": 1, "HQ": 16, "D": 64, "S": 4, "block_size": 16, "is_causal": true}, "candidate": "baseline", "phase": "compile_correctness"}
{"case": {"B": 1, "SEQ_LEN": 256, "H": 1, "HQ": 16, "D": 64, "S": 4, "block_size": 16, "is_causal": true}, "candidate": "candidate", "phase": "compile_correctness"}
2026-09-07 10:46:41  [TileLang:tilelang.cache.kernel_cache:WARNING] (kernel_cache.py:342): Found kernel 'kernel' in memory cache. For better performance, consider using `@tilelang.jit` instead of direct kernel caching.
{"case": {"B": 1, "SEQ_LEN": 256, "H": 1, "HQ": 16, "D": 64, "S": 4, "block_size": 16, "is_causal": true}, "seed": 375, "status": "PASS", "call_event_ms": {"baseline": [0.015692800283432007, 0.015539200603961944, 0.017689600586891174, 0.015564799308776855], "candidate": [0.015718400478363037, 0.015615999698638916, 0.015462400019168853, 0.015590399503707886]}, "median_ms": {"baseline": 0.01562879979610443, "candidate": 0.015603199601173401}, "baseline_over_candidate": 1.001640701624371}
{"case": {"B": 2, "SEQ_LEN": 512, "H": 1, "HQ": 16, "D": 64, "S": 4, "block_size": 16, "is_causal": true}, "candidate": "baseline", "phase": "compile_correctness"}
{"case": {"B": 2, "SEQ_LEN": 512, "H": 1, "HQ": 16, "D": 64, "S": 4, "block_size": 16, "is_causal": true}, "candidate": "candidate", "phase": "compile_correctness"}
2026-09-07 10:46:42  [TileLang:tilelang.cache.kernel_cache:WARNING] (kernel_cache.py:342): Found kernel 'kernel' in memory cache. For better performance, consider using `@tilelang.jit` instead of direct kernel caching.
{"case": {"B": 2, "SEQ_LEN": 512, "H": 1, "HQ": 16, "D": 64, "S": 4, "block_size": 16, "is_causal": true}, "seed": 375, "status": "PASS", "call_event_ms": {"baseline": [0.029183998703956604, 0.02892799973487854, 0.028799998760223388, 0.02890239953994751], "candidate": [0.02892799973487854, 0.02885119915008545, 0.02885119915008545, 0.02892799973487854]}, "median_ms": {"baseline": 0.028915199637413024, "candidate": 0.028889599442481994}, "baseline_over_candidate": 1.0008861387982204}
{"case": {"B": 4, "SEQ_LEN": 1024, "H": 1, "HQ": 16, "D": 64, "S": 4, "block_size": 16, "is_causal": true}, "candidate": "baseline", "phase": "compile_correctness"}
{"case": {"B": 4, "SEQ_LEN": 1024, "H": 1, "HQ": 16, "D": 64, "S": 4, "block_size": 16, "is_causal": true}, "candidate": "candidate", "phase": "compile_correctness"}
2026-09-07 10:46:42  [TileLang:tilelang.cache.kernel_cache:WARNING] (kernel_cache.py:342): Found kernel 'kernel' in memory cache. For better performance, consider using `@tilelang.jit` instead of direct kernel caching.
{"case": {"B": 4, "SEQ_LEN": 1024, "H": 1, "HQ": 16, "D": 64, "S": 4, "block_size": 16, "is_causal": true}, "seed": 375, "status": "PASS", "call_event_ms": {"baseline": [0.0777728021144867, 0.07769600152969361, 0.07787520289421082, 0.07774720191955567], "candidate": [0.07782400250434876, 0.07797759771347046, 0.07779840230941773, 0.0775168001651764]}, "median_ms": {"baseline": 0.07776000201702118, "candidate": 0.07781120240688325}, "baseline_over_candidate": 0.9993419920489812}
{"case": {"B": 1, "SEQ_LEN": 256, "H": 1, "HQ": 16, "D": 64, "S": 8, "block_size": 16, "is_causal": true}, "candidate": "baseline", "phase": "compile_correctness"}
{"case": {"B": 1, "SEQ_LEN": 256, "H": 1, "HQ": 16, "D": 64, "S": 8, "block_size": 16, "is_causal": true}, "candidate": "candidate", "phase": "compile_correctness"}
2026-09-07 10:46:42  [TileLang:tilelang.cache.kernel_cache:WARNING] (kernel_cache.py:342): Found kernel 'kernel' in memory cache. For better performance, consider using `@tilelang.jit` instead of direct kernel caching.
{"case": {"B": 1, "SEQ_LEN": 256, "H": 1, "HQ": 16, "D": 64, "S": 8, "block_size": 16, "is_causal": true}, "seed": 375, "status": "PASS", "call_event_ms": {"baseline": [0.02462719976902008, 0.024447999894618988, 0.02457599937915802, 0.02449920028448105], "candidate": [0.02452480047941208, 0.024371199309825897, 0.024934400618076325, 0.024320000410079957]}, "median_ms": {"baseline": 0.024537599831819534, "candidate": 0.024447999894618988}, "baseline_over_candidate": 1.0036649189130709}
{"case": {"B": 2, "SEQ_LEN": 512, "H": 1, "HQ": 16, "D": 64, "S": 8, "block_size": 16, "is_causal": true}, "candidate": "baseline", "phase": "compile_correctness"}
{"case": {"B": 2, "SEQ_LEN": 512, "H": 1, "HQ": 16, "D": 64, "S": 8, "block_size": 16, "is_causal": true}, "candidate": "candidate", "phase": "compile_correctness"}
2026-09-07 10:46:42  [TileLang:tilelang.cache.kernel_cache:WARNING] (kernel_cache.py:342): Found kernel 'kernel' in memory cache. For better performance, consider using `@tilelang.jit` instead of direct kernel caching.
{"case": {"B": 2, "SEQ_LEN": 512, "H": 1, "HQ": 16, "D": 64, "S": 8, "block_size": 16, "is_causal": true}, "seed": 375, "status": "PASS", "call_event_ms": {"baseline": [0.04111360013484955, 0.040678399801254275, 0.04101119935512543, 0.040703999996185306], "candidate": [0.04095999896526337, 0.040908798575401306, 0.04083200097084046, 0.040729600191116336]}, "median_ms": {"baseline": 0.040857599675655366, "candidate": 0.04087039977312088}, "baseline_over_candidate": 0.999686812521126}
{"case": {"B": 4, "SEQ_LEN": 1024, "H": 1, "HQ": 16, "D": 64, "S": 8, "block_size": 16, "is_causal": true}, "candidate": "baseline", "phase": "compile_correctness"}
{"case": {"B": 4, "SEQ_LEN": 1024, "H": 1, "HQ": 16, "D": 64, "S": 8, "block_size": 16, "is_causal": true}, "candidate": "candidate", "phase": "compile_correctness"}
2026-09-07 10:46:43  [TileLang:tilelang.cache.kernel_cache:WARNING] (kernel_cache.py:342): Found kernel 'kernel' in memory cache. For better performance, consider using `@tilelang.jit` instead of direct kernel caching.
{"case": {"B": 4, "SEQ_LEN": 1024, "H": 1, "HQ": 16, "D": 64, "S": 8, "block_size": 16, "is_causal": true}, "seed": 375, "status": "PASS", "call_event_ms": {"baseline": [0.12349439859390259, 0.12270079851150513, 0.12298239469528198, 0.12272640466690063], "candidate": [0.12288000583648681, 0.12285439968109131, 0.12298239469528198, 0.12275199890136719]}, "median_ms": {"baseline": 0.1228543996810913, "candidate": 0.12286720275878907}, "baseline_over_candidate": 0.9998957974348703}
{"case": {"B": 1, "SEQ_LEN": 1024, "H": 1, "HQ": 16, "D": 128, "S": 1, "block_size": 32, "is_causal": true}, "candidate": "baseline", "phase": "compile_correctness"}
{"case": {"B": 1, "SEQ_LEN": 1024, "H": 1, "HQ": 16, "D": 128, "S": 1, "block_size": 32, "is_causal": true}, "candidate": "candidate", "phase": "compile_correctness"}
{"case": {"B": 1, "SEQ_LEN": 1024, "H": 1, "HQ": 16, "D": 128, "S": 1, "block_size": 32, "is_causal": true}, "seed": 375, "status": "PASS", "call_event_ms": {"baseline": [0.02460159957408905, 0.02378239929676056, 0.02380799949169159, 0.02378239929676056], "candidate": [0.021478399634361267, 0.021196800470352172, 0.021324799954891206, 0.021247999370098115]}, "median_ms": {"baseline": 0.023795199394226075, "candidate": 0.02128639966249466}, "baseline_over_candidate": 1.1178592797048608}
{"case": {"B": 2, "SEQ_LEN": 1024, "H": 1, "HQ": 16, "D": 128, "S": 1, "block_size": 32, "is_causal": true}, "candidate": "baseline", "phase": "compile_correctness"}
{"case": {"B": 2, "SEQ_LEN": 1024, "H": 1, "HQ": 16, "D": 128, "S": 1, "block_size": 32, "is_causal": true}, "candidate": "candidate", "phase": "compile_correctness"}
{"case": {"B": 2, "SEQ_LEN": 1024, "H": 1, "HQ": 16, "D": 128, "S": 1, "block_size": 32, "is_causal": true}, "seed": 375, "status": "PASS", "call_event_ms": {"baseline": [0.045337599515914914, 0.0444927990436554, 0.04480000138282776, 0.04451839923858643], "candidate": [0.03409920036792755, 0.03389439880847931, 0.034406399726867674, 0.034227201342582704]}, "median_ms": {"baseline": 0.044659200310707095, "candidate": 0.03416320085525513}, "baseline_over_candidate": 1.3072311490929114}
{"case": {"B": 4, "SEQ_LEN": 512, "H": 1, "HQ": 16, "D": 128, "S": 1, "block_size": 32, "is_causal": true}, "candidate": "baseline", "phase": "compile_correctness"}
{"case": {"B": 4, "SEQ_LEN": 512, "H": 1, "HQ": 16, "D": 128, "S": 1, "block_size": 32, "is_causal": true}, "candidate": "candidate", "phase": "compile_correctness"}
{"case": {"B": 4, "SEQ_LEN": 512, "H": 1, "HQ": 16, "D": 128, "S": 1, "block_size": 32, "is_causal": true}, "seed": 375, "status": "PASS", "call_event_ms": {"baseline": [0.045158401131629944, 0.04410879909992218, 0.04413439929485321, 0.04415999948978424], "candidate": [0.033766400814056394, 0.03394559919834137, 0.03366400003433227, 0.03353599905967712]}, "median_ms": {"baseline": 0.044147199392318724, "candidate": 0.03371520042419433}, "baseline_over_candidate": 1.3094153033905234}
{"case": {"B": 8, "SEQ_LEN": 256, "H": 1, "HQ": 16, "D": 128, "S": 1, "block_size": 32, "is_causal": true}, "candidate": "baseline", "phase": "compile_correctness"}
{"case": {"B": 8, "SEQ_LEN": 256, "H": 1, "HQ": 16, "D": 128, "S": 1, "block_size": 32, "is_causal": true}, "candidate": "candidate", "phase": "compile_correctness"}
{"case": {"B": 8, "SEQ_LEN": 256, "H": 1, "HQ": 16, "D": 128, "S": 1, "block_size": 32, "is_causal": true}, "seed": 375, "status": "PASS", "call_event_ms": {"baseline": [0.04559360146522522, 0.04520959854125976, 0.04510720074176788, 0.04523519873619079], "candidate": [0.03427839875221252, 0.03404799997806549, 0.03386879861354828, 0.03391999900341034]}, "median_ms": {"baseline": 0.04522239863872528, "candidate": 0.033983999490737916}, "baseline_over_candidate": 1.3306967783780217}
{"case": {"B": 1, "SEQ_LEN": 2048, "H": 1, "HQ": 16, "D": 32, "S": 1, "block_size": 16, "is_causal": true}, "candidate": "baseline", "phase": "compile_correctness"}
{"case": {"B": 1, "SEQ_LEN": 2048, "H": 1, "HQ": 16, "D": 32, "S": 1, "block_size": 16, "is_causal": true}, "candidate": "candidate", "phase": "compile_correctness"}
2026-09-07 10:46:44  [TileLang:tilelang.cache.kernel_cache:WARNING] (kernel_cache.py:342): Found kernel 'kernel' in memory cache. For better performance, consider using `@tilelang.jit` instead of direct kernel caching.
{"case": {"B": 1, "SEQ_LEN": 2048, "H": 1, "HQ": 16, "D": 32, "S": 1, "block_size": 16, "is_causal": true}, "seed": 375, "status": "PASS", "call_event_ms": {"baseline": [0.011443199962377549, 0.010419200360774993, 0.010521599650382995, 0.010547199845314026], "candidate": [0.01088000014424324, 0.010598400235176086, 0.010598400235176086, 0.013312000036239623]}, "median_ms": {"baseline": 0.01053439974784851, "candidate": 0.010739200189709662}, "baseline_over_candidate": 0.9809296373805014}
{"case": {"B": 4, "SEQ_LEN": 2048, "H": 1, "HQ": 16, "D": 32, "S": 1, "block_size": 16, "is_causal": true}, "candidate": "baseline", "phase": "compile_correctness"}
{"case": {"B": 4, "SEQ_LEN": 2048, "H": 1, "HQ": 16, "D": 32, "S": 1, "block_size": 16, "is_causal": true}, "candidate": "candidate", "phase": "compile_correctness"}
{"case": {"B": 4, "SEQ_LEN": 2048, "H": 1, "HQ": 16, "D": 32, "S": 1, "block_size": 16, "is_causal": true}, "seed": 375, "status": "PASS", "call_event_ms": {"baseline": [0.024908800423145295, 0.02447360008955002, 0.02452480047941208, 0.0247296005487442], "candidate": [0.023756800591945647, 0.023552000522613525, 0.023552000522613525, 0.023603199422359465]}, "median_ms": {"baseline": 0.02462720051407814, "candidate": 0.023577599972486495}, "baseline_over_candidate": 1.0445168525556654}
{"case": {"B": 8, "SEQ_LEN": 2048, "H": 1, "HQ": 16, "D": 32, "S": 1, "block_size": 16, "is_causal": true}, "candidate": "baseline", "phase": "compile_correctness"}
{"case": {"B": 8, "SEQ_LEN": 2048, "H": 1, "HQ": 16, "D": 32, "S": 1, "block_size": 16, "is_causal": true}, "candidate": "candidate", "phase": "compile_correctness"}
{"case": {"B": 8, "SEQ_LEN": 2048, "H": 1, "HQ": 16, "D": 32, "S": 1, "block_size": 16, "is_causal": true}, "seed": 375, "status": "PASS", "call_event_ms": {"baseline": [0.04177919924259186, 0.04085760116577149, 0.04113920032978058, 0.040678399801254275], "candidate": [0.03950079977512359, 0.039603200554847715, 0.03932160139083862, 0.03993600010871887]}, "median_ms": {"baseline": 0.04099840074777603, "candidate": 0.039552000164985654}, "baseline_over_candidate": 1.0365695938702701}
{"case": {"B": 1, "SEQ_LEN": 48, "H": 1, "HQ": 16, "D": 32, "S": 1, "block_size": 16, "is_causal": true}, "candidate": "baseline", "phase": "compile_correctness"}
{"case": {"B": 1, "SEQ_LEN": 48, "H": 1, "HQ": 16, "D": 32, "S": 1, "block_size": 16, "is_causal": true}, "candidate": "candidate", "phase": "compile_correctness"}
2026-09-07 10:46:45  [TileLang:tilelang.cache.kernel_cache:WARNING] (kernel_cache.py:342): Found kernel 'kernel' in memory cache. For better performance, consider using `@tilelang.jit` instead of direct kernel caching.
{"case": {"B": 1, "SEQ_LEN": 48, "H": 1, "HQ": 16, "D": 32, "S": 1, "block_size": 16, "is_causal": true}, "seed": 375, "status": "PASS", "call_event_ms": {"baseline": [0.011315199732780456, 0.010521599650382995, 0.010444799810647965, 0.010393600165843963], "candidate": [0.010470400005578995, 0.010419200360774993, 0.010444799810647965, 0.010470400005578995]}, "median_ms": {"baseline": 0.01048319973051548, "candidate": 0.01045759990811348}, "baseline_over_candidate": 1.002447963454993}
{"case": {"B": 2, "SEQ_LEN": 48, "H": 1, "HQ": 16, "D": 32, "S": 1, "block_size": 16, "is_causal": true}, "candidate": "baseline", "phase": "compile_correctness"}
{"case": {"B": 2, "SEQ_LEN": 48, "H": 1, "HQ": 16, "D": 32, "S": 1, "block_size": 16, "is_causal": true}, "candidate": "candidate", "phase": "compile_correctness"}
2026-09-07 10:46:45  [TileLang:tilelang.cache.kernel_cache:WARNING] (kernel_cache.py:342): Found kernel 'kernel' in memory cache. For better performance, consider using `@tilelang.jit` instead of direct kernel caching.
{"case": {"B": 2, "SEQ_LEN": 48, "H": 1, "HQ": 16, "D": 32, "S": 1, "block_size": 16, "is_causal": true}, "seed": 375, "status": "PASS", "call_event_ms": {"baseline": [0.011494400352239609, 0.010623999685049058, 0.011289600282907486, 0.010444799810647965], "candidate": [0.010828799754381179, 0.010726399719715118, 0.010700800269842149, 0.010572800040245056]}, "median_ms": {"baseline": 0.010956799983978272, "candidate": 0.010713599994778633}, "baseline_over_candidate": 1.022700118477278}
{"case": {"B": 4, "SEQ_LEN": 48, "H": 1, "HQ": 16, "D": 32, "S": 1, "block_size": 16, "is_causal": true}, "candidate": "baseline", "phase": "compile_correctness"}
{"case": {"B": 4, "SEQ_LEN": 48, "H": 1, "HQ": 16, "D": 32, "S": 1, "block_size": 16, "is_causal": true}, "candidate": "candidate", "phase": "compile_correctness"}
2026-09-07 10:46:45  [TileLang:tilelang.cache.kernel_cache:WARNING] (kernel_cache.py:342): Found kernel 'kernel' in memory cache. For better performance, consider using `@tilelang.jit` instead of direct kernel caching.
{"case": {"B": 4, "SEQ_LEN": 48, "H": 1, "HQ": 16, "D": 32, "S": 1, "block_size": 16, "is_causal": true}, "seed": 375, "status": "PASS", "call_event_ms": {"baseline": [0.011622399836778641, 0.010828799754381179, 0.010777600109577179, 0.01080320030450821], "candidate": [0.010956799983978272, 0.01080320030450821, 0.010777600109577179, 0.010547199845314026]}, "median_ms": {"baseline": 0.010816000029444694, "candidate": 0.010790400207042694}, "baseline_over_candidate": 1.0023724627363952}
{"case": {"B": 8, "SEQ_LEN": 48, "H": 1, "HQ": 16, "D": 32, "S": 1, "block_size": 16, "is_causal": true}, "candidate": "baseline", "phase": "compile_correctness"}
{"case": {"B": 8, "SEQ_LEN": 48, "H": 1, "HQ": 16, "D": 32, "S": 1, "block_size": 16, "is_causal": true}, "candidate": "candidate", "phase": "compile_correctness"}
2026-09-07 10:46:45  [TileLang:tilelang.cache.kernel_cache:WARNING] (kernel_cache.py:342): Found kernel 'kernel' in memory cache. For better performance, consider using `@tilelang.jit` instead of direct kernel caching.
{"case": {"B": 8, "SEQ_LEN": 48, "H": 1, "HQ": 16, "D": 32, "S": 1, "block_size": 16, "is_causal": true}, "seed": 375, "status": "PASS", "call_event_ms": {"baseline": [0.01157120019197464, 0.010649599879980088, 0.01080320030450821, 0.010521599650382995], "candidate": [0.011033599823713302, 0.01080320030450821, 0.01085439994931221, 0.010700800269842149]}, "median_ms": {"baseline": 0.010726400092244149, "candidate": 0.01082880012691021}, "baseline_over_candidate": 0.9905437321341272}
{"case": {"B": 1, "SEQ_LEN": 96, "H": 1, "HQ": 16, "D": 32, "S": 1, "block_size": 16, "is_causal": true}, "candidate": "baseline", "phase": "compile_correctness"}
{"case": {"B": 1, "SEQ_LEN": 96, "H": 1, "HQ": 16, "D": 32, "S": 1, "block_size": 16, "is_causal": true}, "candidate": "candidate", "phase": "compile_correctness"}
2026-09-07 10:46:45  [TileLang:tilelang.cache.kernel_cache:WARNING] (kernel_cache.py:342): Found kernel 'kernel' in memory cache. For better performance, consider using `@tilelang.jit` instead of direct kernel caching.
{"case": {"B": 1, "SEQ_LEN": 96, "H": 1, "HQ": 16, "D": 32, "S": 1, "block_size": 16, "is_causal": true}, "seed": 375, "status": "PASS", "call_event_ms": {"baseline": [0.01154559999704361, 0.010828799754381179, 0.010572800040245056, 0.010572800040245056], "candidate": [0.011110399663448334, 0.010623999685049058, 0.010598400235176086, 0.011059200018644333]}, "median_ms": {"baseline": 0.010700799897313117, "candidate": 0.010841599851846694}, "baseline_over_candidate": 0.9870129910292166}
{"case": {"B": 2, "SEQ_LEN": 96, "H": 1, "HQ": 16, "D": 32, "S": 1, "block_size": 16, "is_causal": true}, "candidate": "baseline", "phase": "compile_correctness"}
{"case": {"B": 2, "SEQ_LEN": 96, "H": 1, "HQ": 16, "D": 32, "S": 1, "block_size": 16, "is_causal": true}, "candidate": "candidate", "phase": "compile_correctness"}
2026-09-07 10:46:46  [TileLang:tilelang.cache.kernel_cache:WARNING] (kernel_cache.py:342): Found kernel 'kernel' in memory cache. For better performance, consider using `@tilelang.jit` instead of direct kernel caching.
{"case": {"B": 2, "SEQ_LEN": 96, "H": 1, "HQ": 16, "D": 32, "S": 1, "block_size": 16, "is_causal": true}, "seed": 375, "status": "PASS", "call_event_ms": {"baseline": [0.011289600282907486, 0.010598400235176086, 0.010623999685049058, 0.010521599650382995], "candidate": [0.010726399719715118, 0.010598400235176086, 0.010316800326108932, 0.010572800040245056]}, "median_ms": {"baseline": 0.010611199960112571, "candidate": 0.010585600137710571}, "baseline_over_candidate": 1.0024183628768295}
{"case": {"B": 4, "SEQ_LEN": 96, "H": 1, "HQ": 16, "D": 32, "S": 1, "block_size": 16, "is_causal": true}, "candidate": "baseline", "phase": "compile_correctness"}
{"case": {"B": 4, "SEQ_LEN": 96, "H": 1, "HQ": 16, "D": 32, "S": 1, "block_size": 16, "is_causal": true}, "candidate": "candidate", "phase": "compile_correctness"}
2026-09-07 10:46:46  [TileLang:tilelang.cache.kernel_cache:WARNING] (kernel_cache.py:342): Found kernel 'kernel' in memory cache. For better performance, consider using `@tilelang.jit` instead of direct kernel caching.
{"case": {"B": 4, "SEQ_LEN": 96, "H": 1, "HQ": 16, "D": 32, "S": 1, "block_size": 16, "is_causal": true}, "seed": 375, "status": "PASS", "call_event_ms": {"baseline": [0.011494400352239609, 0.010623999685049058, 0.010316800326108932, 0.010470400005578995], "candidate": [0.010931199789047242, 0.010777600109577179, 0.010726399719715118, 0.011315199732780456]}, "median_ms": {"baseline": 0.010547199845314027, "candidate": 0.01085439994931221}, "baseline_over_candidate": 0.9716981034941827}
{"case": {"B": 8, "SEQ_LEN": 96, "H": 1, "HQ": 16, "D": 32, "S": 1, "block_size": 16, "is_causal": true}, "candidate": "baseline", "phase": "compile_correctness"}
{"case": {"B": 8, "SEQ_LEN": 96, "H": 1, "HQ": 16, "D": 32, "S": 1, "block_size": 16, "is_causal": true}, "candidate": "candidate", "phase": "compile_correctness"}
2026-09-07 10:46:46  [TileLang:tilelang.cache.kernel_cache:WARNING] (kernel_cache.py:342): Found kernel 'kernel' in memory cache. For better performance, consider using `@tilelang.jit` instead of direct kernel caching.
{"case": {"B": 8, "SEQ_LEN": 96, "H": 1, "HQ": 16, "D": 32, "S": 1, "block_size": 16, "is_causal": true}, "seed": 375, "status": "PASS", "call_event_ms": {"baseline": [0.01157120019197464, 0.010598400235176086, 0.010623999685049058, 0.010367999970912933], "candidate": [0.01085439994931221, 0.010726399719715118, 0.010751999914646149, 0.010598400235176086]}, "median_ms": {"baseline": 0.010611199960112571, "candidate": 0.010739199817180634}, "baseline_over_candidate": 0.9880810619741623}
{"case": {"B": 1, "SEQ_LEN": 4096, "H": 1, "HQ": 16, "D": 64, "S": 1, "block_size": 16, "is_causal": true}, "candidate": "baseline", "phase": "compile_correctness"}
{"case": {"B": 1, "SEQ_LEN": 4096, "H": 1, "HQ": 16, "D": 64, "S": 1, "block_size": 16, "is_causal": true}, "candidate": "candidate", "phase": "compile_correctness"}
2026-09-07 10:46:46  [TileLang:tilelang.cache.kernel_cache:WARNING] (kernel_cache.py:342): Found kernel 'kernel' in memory cache. For better performance, consider using `@tilelang.jit` instead of direct kernel caching.
{"case": {"B": 1, "SEQ_LEN": 4096, "H": 1, "HQ": 16, "D": 64, "S": 1, "block_size": 16, "is_causal": true}, "seed": 375, "status": "PASS", "call_event_ms": {"baseline": [0.029286399483680725, 0.02908160090446472, 0.029286399483680725, 0.02905600070953369], "candidate": [0.02967039942741394, 0.029311999678611755, 0.030054399371147157, 0.029337599873542786]}, "median_ms": {"baseline": 0.029184000194072725, "candidate": 0.02950399965047836}, "baseline_over_candidate": 0.989154031311126}
{"case": {"B": 1, "SEQ_LEN": 4096, "H": 1, "HQ": 16, "D": 128, "S": 1, "block_size": 16, "is_causal": true}, "candidate": "baseline", "phase": "compile_correctness"}
{"case": {"B": 1, "SEQ_LEN": 4096, "H": 1, "HQ": 16, "D": 128, "S": 1, "block_size": 16, "is_causal": true}, "candidate": "candidate", "phase": "compile_correctness"}
{"case": {"B": 1, "SEQ_LEN": 4096, "H": 1, "HQ": 16, "D": 128, "S": 1, "block_size": 16, "is_causal": true}, "seed": 375, "status": "PASS", "call_event_ms": {"baseline": [0.05736960172653198, 0.056678402423858645, 0.05711359977722168, 0.0564736008644104], "candidate": [0.04951040148735046, 0.04986880123615265, 0.04930559992790222, 0.0497408002614975]}, "median_ms": {"baseline": 0.05689600110054016, "candidate": 0.049625600874423983}, "baseline_over_candidate": 1.1465050316370717}
{"case": {"B": 2, "SEQ_LEN": 4096, "H": 1, "HQ": 16, "D": 64, "S": 1, "block_size": 16, "is_causal": true}, "candidate": "baseline", "phase": "compile_correctness"}
{"case": {"B": 2, "SEQ_LEN": 4096, "H": 1, "HQ": 16, "D": 64, "S": 1, "block_size": 16, "is_causal": true}, "candidate": "candidate", "phase": "compile_correctness"}
2026-09-07 10:46:47  [TileLang:tilelang.cache.kernel_cache:WARNING] (kernel_cache.py:342): Found kernel 'kernel' in memory cache. For better performance, consider using `@tilelang.jit` instead of direct kernel caching.
{"case": {"B": 2, "SEQ_LEN": 4096, "H": 1, "HQ": 16, "D": 64, "S": 1, "block_size": 16, "is_causal": true}, "seed": 375, "status": "PASS", "call_event_ms": {"baseline": [0.0499455988407135, 0.050432002544403075, 0.04991999864578247, 0.05017600059509277], "candidate": [0.05027840137481689, 0.050380802154541014, 0.05007359981536865, 0.04999679923057556]}, "median_ms": {"baseline": 0.050060799717903136, "candidate": 0.05017600059509277}, "baseline_over_candidate": 0.9977040641776279}
{"case": {"B": 4, "SEQ_LEN": 4096, "H": 1, "HQ": 16, "D": 64, "S": 1, "block_size": 16, "is_causal": true}, "candidate": "baseline", "phase": "compile_correctness"}
{"case": {"B": 4, "SEQ_LEN": 4096, "H": 1, "HQ": 16, "D": 64, "S": 1, "block_size": 16, "is_causal": true}, "candidate": "candidate", "phase": "compile_correctness"}
2026-09-07 10:46:47  [TileLang:tilelang.cache.kernel_cache:WARNING] (kernel_cache.py:342): Found kernel 'kernel' in memory cache. For better performance, consider using `@tilelang.jit` instead of direct kernel caching.
{"case": {"B": 4, "SEQ_LEN": 4096, "H": 1, "HQ": 16, "D": 64, "S": 1, "block_size": 16, "is_causal": true}, "seed": 375, "status": "PASS", "call_event_ms": {"baseline": [0.0894976019859314, 0.08960000276565552, 0.08929280042648316, 0.08921599984169007], "candidate": [0.0892416000366211, 0.08883200287818908, 0.0896511971950531, 0.08824319839477539]}, "median_ms": {"baseline": 0.08939520120620728, "candidate": 0.08903680145740508}, "baseline_over_candidate": 1.0040252990104732}
{"case": {"B": 8, "SEQ_LEN": 4096, "H": 1, "HQ": 16, "D": 64, "S": 1, "block_size": 16, "is_causal": true}, "candidate": "baseline", "phase": "compile_correctness"}
{"case": {"B": 8, "SEQ_LEN": 4096, "H": 1, "HQ": 16, "D": 64, "S": 1, "block_size": 16, "is_causal": true}, "candidate": "candidate", "phase": "compile_correctness"}
2026-09-07 10:46:48  [TileLang:tilelang.cache.kernel_cache:WARNING] (kernel_cache.py:342): Found kernel 'kernel' in memory cache. For better performance, consider using `@tilelang.jit` instead of direct kernel caching.
{"case": {"B": 8, "SEQ_LEN": 4096, "H": 1, "HQ": 16, "D": 64, "S": 1, "block_size": 16, "is_causal": true}, "seed": 375, "status": "PASS", "call_event_ms": {"baseline": [0.16993279457092286, 0.16770559549331665, 0.16814080476760865, 0.168012797832489], "candidate": [0.16837120056152344, 0.16872960329055786, 0.16852480173110962, 0.17008639574050904]}, "median_ms": {"baseline": 0.16807680130004882, "candidate": 0.16862720251083374}, "baseline_over_candidate": 0.9967359880103001}
{"case": {"B": 1, "SEQ_LEN": 8192, "H": 1, "HQ": 16, "D": 64, "S": 1, "block_size": 16, "is_causal": true}, "candidate": "baseline", "phase": "compile_correctness"}
{"case": {"B": 1, "SEQ_LEN": 8192, "H": 1, "HQ": 16, "D": 64, "S": 1, "block_size": 16, "is_causal": true}, "candidate": "candidate", "phase": "compile_correctness"}
2026-09-07 10:46:48  [TileLang:tilelang.cache.kernel_cache:WARNING] (kernel_cache.py:342): Found kernel 'kernel' in memory cache. For better performance, consider using `@tilelang.jit` instead of direct kernel caching.
{"case": {"B": 1, "SEQ_LEN": 8192, "H": 1, "HQ": 16, "D": 64, "S": 1, "block_size": 16, "is_causal": true}, "seed": 375, "status": "PASS", "call_event_ms": {"baseline": [0.04966399967670441, 0.04925439953804016, 0.04933120012283325, 0.05022720098495483], "candidate": [0.05063679814338684, 0.05050879716873169, 0.05027840137481689, 0.05012480020523071]}, "median_ms": {"baseline": 0.04949759989976883, "candidate": 0.050393599271774295}, "baseline_over_candidate": 0.9822199766447856}
{"case": {"B": 1, "SEQ_LEN": 8192, "H": 1, "HQ": 16, "D": 128, "S": 1, "block_size": 16, "is_causal": true}, "candidate": "baseline", "phase": "compile_correctness"}
{"case": {"B": 1, "SEQ_LEN": 8192, "H": 1, "HQ": 16, "D": 128, "S": 1, "block_size": 16, "is_causal": true}, "candidate": "candidate", "phase": "compile_correctness"}
{"case": {"B": 1, "SEQ_LEN": 8192, "H": 1, "HQ": 16, "D": 128, "S": 1, "block_size": 16, "is_causal": true}, "seed": 375, "status": "PASS", "call_event_ms": {"baseline": [0.10370559692382812, 0.10426880121231079, 0.10247679948806762, 0.10342400074005127], "candidate": [0.09349120259284974, 0.09226239919662475, 0.09210879802703857, 0.09251840114593506]}, "median_ms": {"baseline": 0.1035647988319397, "candidate": 0.0923904001712799}, "baseline_over_candidate": 1.1209476162019418}
{"case": {"B": 2, "SEQ_LEN": 8192, "H": 1, "HQ": 16, "D": 64, "S": 1, "block_size": 16, "is_causal": true}, "candidate": "baseline", "phase": "compile_correctness"}
{"case": {"B": 2, "SEQ_LEN": 8192, "H": 1, "HQ": 16, "D": 64, "S": 1, "block_size": 16, "is_causal": true}, "candidate": "candidate", "phase": "compile_correctness"}
2026-09-07 10:46:49  [TileLang:tilelang.cache.kernel_cache:WARNING] (kernel_cache.py:342): Found kernel 'kernel' in memory cache. For better performance, consider using `@tilelang.jit` instead of direct kernel caching.
{"case": {"B": 2, "SEQ_LEN": 8192, "H": 1, "HQ": 16, "D": 64, "S": 1, "block_size": 16, "is_causal": true}, "seed": 375, "status": "PASS", "call_event_ms": {"baseline": [0.08903679847717286, 0.08967679738998413, 0.08906239867210389, 0.08883200287818908], "candidate": [0.09008640050888062, 0.08970239758491516, 0.08985599875450134, 0.08931840062141419]}, "median_ms": {"baseline": 0.08904959857463837, "candidate": 0.08977919816970825}, "baseline_over_candidate": 0.991873400409628}
{"case": {"B": 4, "SEQ_LEN": 8192, "H": 1, "HQ": 16, "D": 32, "S": 1, "block_size": 16, "is_causal": true}, "candidate": "baseline", "phase": "compile_correctness"}
{"case": {"B": 4, "SEQ_LEN": 8192, "H": 1, "HQ": 16, "D": 32, "S": 1, "block_size": 16, "is_causal": true}, "candidate": "candidate", "phase": "compile_correctness"}
{"case": {"B": 4, "SEQ_LEN": 8192, "H": 1, "HQ": 16, "D": 32, "S": 1, "block_size": 16, "is_causal": true}, "seed": 375, "status": "PASS", "call_event_ms": {"baseline": [0.0752128005027771, 0.07457280158996582, 0.07467520236968994, 0.0744704008102417], "candidate": [0.07152640223503112, 0.07101439833641052, 0.07201279997825623, 0.07096319794654846]}, "median_ms": {"baseline": 0.07462400197982788, "candidate": 0.07127040028572082}, "baseline_over_candidate": 1.0470546212826444}
{"case": {"B": 1, "SEQ_LEN": 16384, "H": 1, "HQ": 16, "D": 32, "S": 1, "block_size": 16, "is_causal": true}, "candidate": "baseline", "phase": "compile_correctness"}
{"case": {"B": 1, "SEQ_LEN": 16384, "H": 1, "HQ": 16, "D": 32, "S": 1, "block_size": 16, "is_causal": true}, "candidate": "candidate", "phase": "compile_correctness"}
{"case": {"B": 1, "SEQ_LEN": 16384, "H": 1, "HQ": 16, "D": 32, "S": 1, "block_size": 16, "is_causal": true}, "seed": 375, "status": "PASS", "call_event_ms": {"baseline": [0.04221439957618713, 0.04154880046844482, 0.04154880046844482, 0.04154880046844482], "candidate": [0.03983359932899475, 0.039705601334571836, 0.03944959938526153, 0.03991039991378784]}, "median_ms": {"baseline": 0.04154880046844482, "candidate": 0.0397696003317833}, "baseline_over_candidate": 1.0447376921522546}
{"case": {"B": 1, "SEQ_LEN": 16384, "H": 1, "HQ": 16, "D": 64, "S": 1, "block_size": 16, "is_causal": true}, "candidate": "baseline", "phase": "compile_correctness"}
{"case": {"B": 1, "SEQ_LEN": 16384, "H": 1, "HQ": 16, "D": 64, "S": 1, "block_size": 16, "is_causal": true}, "candidate": "candidate", "phase": "compile_correctness"}
2026-09-07 10:46:51  [TileLang:tilelang.cache.kernel_cache:WARNING] (kernel_cache.py:342): Found kernel 'kernel' in memory cache. For better performance, consider using `@tilelang.jit` instead of direct kernel caching.
{"case": {"B": 1, "SEQ_LEN": 16384, "H": 1, "HQ": 16, "D": 64, "S": 1, "block_size": 16, "is_causal": true}, "seed": 375, "status": "PASS", "call_event_ms": {"baseline": [0.09269760251045227, 0.09241600036621093, 0.09128959774971009, 0.09192960262298584], "candidate": [0.09177600145339966, 0.0911616027355194, 0.09208319783210754, 0.091212797164917]}, "median_ms": {"baseline": 0.09217280149459839, "candidate": 0.09149439930915833}, "baseline_over_candidate": 1.0074146853857988}
{"case": {"B": 2, "SEQ_LEN": 16384, "H": 1, "HQ": 16, "D": 32, "S": 1, "block_size": 16, "is_causal": true}, "candidate": "baseline", "phase": "compile_correctness"}
{"case": {"B": 2, "SEQ_LEN": 16384, "H": 1, "HQ": 16, "D": 32, "S": 1, "block_size": 16, "is_causal": true}, "candidate": "candidate", "phase": "compile_correctness"}
{"case": {"B": 2, "SEQ_LEN": 16384, "H": 1, "HQ": 16, "D": 32, "S": 1, "block_size": 16, "is_causal": true}, "seed": 375, "status": "PASS", "call_event_ms": {"baseline": [0.0756991982460022, 0.07508479952812194, 0.07516160011291503, 0.07528960108757018], "candidate": [0.07178239822387696, 0.0716543972492218, 0.07306240200996399, 0.07152640223503112]}, "median_ms": {"baseline": 0.07522560060024261, "candidate": 0.07171839773654938}, "baseline_over_candidate": 1.0489024152014188}
