Loading tilelang libs from dev root: /opt/tilelang-metax-v0.1.10/build
{"case": {"B": 1, "SEQ_LEN": 64, "H": 1, "HQ": 16, "D": 32, "S": 1, "block_size": 16, "is_causal": true}, "candidate": "baseline", "phase": "compile_correctness"}
{"case": {"B": 1, "SEQ_LEN": 64, "H": 1, "HQ": 16, "D": 32, "S": 1, "block_size": 16, "is_causal": true}, "candidate": "candidate", "phase": "compile_correctness"}
2026-09-07 09:37:32  [TileLang:tilelang.cache.kernel_cache:WARNING] (kernel_cache.py:342): Found kernel 'kernel' in memory cache. For better performance, consider using `@tilelang.jit` instead of direct kernel caching.
{"case": {"B": 1, "SEQ_LEN": 64, "H": 1, "HQ": 16, "D": 32, "S": 1, "block_size": 16, "is_causal": true}, "seed": 343, "status": "PASS", "call_event_ms": {"baseline": [0.014156800508499146, 0.011929599940776825, 0.011903999745845795, 0.011776000261306763], "candidate": [0.012825599312782288, 0.012108799815177918, 0.012108799815177918, 0.011827199906110763]}, "median_ms": {"baseline": 0.01191679984331131, "candidate": 0.012108799815177918}, "baseline_over_candidate": 0.9841437652948938}
{"case": {"B": 1, "SEQ_LEN": 64, "H": 1, "HQ": 16, "D": 64, "S": 1, "block_size": 16, "is_causal": true}, "candidate": "baseline", "phase": "compile_correctness"}
{"case": {"B": 1, "SEQ_LEN": 64, "H": 1, "HQ": 16, "D": 64, "S": 1, "block_size": 16, "is_causal": true}, "candidate": "candidate", "phase": "compile_correctness"}
2026-09-07 09:37:32  [TileLang:tilelang.cache.kernel_cache:WARNING] (kernel_cache.py:342): Found kernel 'kernel' in memory cache. For better performance, consider using `@tilelang.jit` instead of direct kernel caching.
{"case": {"B": 1, "SEQ_LEN": 64, "H": 1, "HQ": 16, "D": 64, "S": 1, "block_size": 16, "is_causal": true}, "seed": 343, "status": "PASS", "call_event_ms": {"baseline": [0.013414399325847625, 0.012006399780511856, 0.011750400066375732, 0.013516800105571746], "candidate": [0.012083200365304947, 0.012108799815177918, 0.011724799871444702, 0.012518399953842163]}, "median_ms": {"baseline": 0.01271039955317974, "candidate": 0.012096000090241431}, "baseline_over_candidate": 1.050793606014767}
{"case": {"B": 1, "SEQ_LEN": 64, "H": 1, "HQ": 16, "D": 128, "S": 1, "block_size": 16, "is_causal": true}, "candidate": "baseline", "phase": "compile_correctness"}
{"case": {"B": 1, "SEQ_LEN": 64, "H": 1, "HQ": 16, "D": 128, "S": 1, "block_size": 16, "is_causal": true}, "candidate": "candidate", "phase": "compile_correctness"}
2026-09-07 09:37:32  [TileLang:tilelang.jit.kernel:INFO] (kernel.py:129): TileLang begins to compile kernel `kernel` with `out_idx=None`
2026-09-07 09:37:35  [TileLang:tilelang.jit.kernel:INFO] (kernel.py:137): TileLang completes to compile kernel `kernel`
{"case": {"B": 1, "SEQ_LEN": 64, "H": 1, "HQ": 16, "D": 128, "S": 1, "block_size": 16, "is_causal": true}, "seed": 343, "status": "PASS", "call_event_ms": {"baseline": [0.015513600409030914, 0.011878400295972823, 0.011724799871444702, 0.011827199906110763], "candidate": [0.01297920048236847, 0.012083200365304947, 0.012031999975442886, 0.01223680004477501]}, "median_ms": {"baseline": 0.011852800101041793, "candidate": 0.012160000205039979}, "baseline_over_candidate": 0.9747368339787643}
{"case": {"B": 1, "SEQ_LEN": 128, "H": 1, "HQ": 16, "D": 32, "S": 1, "block_size": 16, "is_causal": true}, "candidate": "baseline", "phase": "compile_correctness"}
{"case": {"B": 1, "SEQ_LEN": 128, "H": 1, "HQ": 16, "D": 32, "S": 1, "block_size": 16, "is_causal": true}, "candidate": "candidate", "phase": "compile_correctness"}
2026-09-07 09:37:36  [TileLang:tilelang.cache.kernel_cache:WARNING] (kernel_cache.py:342): Found kernel 'kernel' in memory cache. For better performance, consider using `@tilelang.jit` instead of direct kernel caching.
{"case": {"B": 1, "SEQ_LEN": 128, "H": 1, "HQ": 16, "D": 32, "S": 1, "block_size": 16, "is_causal": true}, "seed": 343, "status": "PASS", "call_event_ms": {"baseline": [0.01369599997997284, 0.011750400066375732, 0.01157120019197464, 0.01154559999704361], "candidate": [0.012185599654912949, 0.011878400295972823, 0.012800000607967377, 0.011648000031709672]}, "median_ms": {"baseline": 0.011660800129175187, "candidate": 0.012031999975442886}, "baseline_over_candidate": 0.9691489488841994}
{"case": {"B": 1, "SEQ_LEN": 128, "H": 1, "HQ": 16, "D": 64, "S": 1, "block_size": 16, "is_causal": true}, "candidate": "baseline", "phase": "compile_correctness"}
{"case": {"B": 1, "SEQ_LEN": 128, "H": 1, "HQ": 16, "D": 64, "S": 1, "block_size": 16, "is_causal": true}, "candidate": "candidate", "phase": "compile_correctness"}
2026-09-07 09:37:37  [TileLang:tilelang.cache.kernel_cache:WARNING] (kernel_cache.py:342): Found kernel 'kernel' in memory cache. For better performance, consider using `@tilelang.jit` instead of direct kernel caching.
{"case": {"B": 1, "SEQ_LEN": 128, "H": 1, "HQ": 16, "D": 64, "S": 1, "block_size": 16, "is_causal": true}, "seed": 343, "status": "PASS", "call_event_ms": {"baseline": [0.013491199910640716, 0.011929599940776825, 0.011750400066375732, 0.011776000261306763], "candidate": [0.0123648002743721, 0.011929599940776825, 0.011724799871444702, 0.01451520025730133]}, "median_ms": {"baseline": 0.011852800101041793, "candidate": 0.012147200107574464}, "baseline_over_candidate": 0.9757639617421717}
{"case": {"B": 1, "SEQ_LEN": 128, "H": 1, "HQ": 16, "D": 128, "S": 1, "block_size": 16, "is_causal": true}, "candidate": "baseline", "phase": "compile_correctness"}
{"case": {"B": 1, "SEQ_LEN": 128, "H": 1, "HQ": 16, "D": 128, "S": 1, "block_size": 16, "is_causal": true}, "candidate": "candidate", "phase": "compile_correctness"}
2026-09-07 09:37:37  [TileLang:tilelang.jit.kernel:INFO] (kernel.py:129): TileLang begins to compile kernel `kernel` with `out_idx=None`
2026-09-07 09:37:40  [TileLang:tilelang.jit.kernel:INFO] (kernel.py:137): TileLang completes to compile kernel `kernel`
{"case": {"B": 1, "SEQ_LEN": 128, "H": 1, "HQ": 16, "D": 128, "S": 1, "block_size": 16, "is_causal": true}, "seed": 343, "status": "PASS", "call_event_ms": {"baseline": [0.013952000439167023, 0.011519999802112579, 0.011315199732780456, 0.011366400122642516], "candidate": [0.011494400352239609, 0.01088000014424324, 0.010777600109577179, 0.01080320030450821]}, "median_ms": {"baseline": 0.011443199962377547, "candidate": 0.010841600224375724}, "baseline_over_candidate": 1.0554899392664576}
{"case": {"B": 1, "SEQ_LEN": 256, "H": 1, "HQ": 16, "D": 32, "S": 1, "block_size": 16, "is_causal": true}, "candidate": "baseline", "phase": "compile_correctness"}
{"case": {"B": 1, "SEQ_LEN": 256, "H": 1, "HQ": 16, "D": 32, "S": 1, "block_size": 16, "is_causal": true}, "candidate": "candidate", "phase": "compile_correctness"}
2026-09-07 09:37:41  [TileLang:tilelang.cache.kernel_cache:WARNING] (kernel_cache.py:342): Found kernel 'kernel' in memory cache. For better performance, consider using `@tilelang.jit` instead of direct kernel caching.
{"case": {"B": 1, "SEQ_LEN": 256, "H": 1, "HQ": 16, "D": 32, "S": 1, "block_size": 16, "is_causal": true}, "seed": 343, "status": "PASS", "call_event_ms": {"baseline": [0.010931199789047242, 0.010291200131177902, 0.011084800213575363, 0.010060799866914749], "candidate": [0.010547199845314026, 0.010393600165843963, 0.010214400291442872, 0.010035199671983719]}, "median_ms": {"baseline": 0.010611199960112571, "candidate": 0.010304000228643417}, "baseline_over_candidate": 1.0298136378738802}
{"case": {"B": 1, "SEQ_LEN": 256, "H": 1, "HQ": 16, "D": 64, "S": 1, "block_size": 16, "is_causal": true}, "candidate": "baseline", "phase": "compile_correctness"}
{"case": {"B": 1, "SEQ_LEN": 256, "H": 1, "HQ": 16, "D": 64, "S": 1, "block_size": 16, "is_causal": true}, "candidate": "candidate", "phase": "compile_correctness"}
2026-09-07 09:37:41  [TileLang:tilelang.cache.kernel_cache:WARNING] (kernel_cache.py:342): Found kernel 'kernel' in memory cache. For better performance, consider using `@tilelang.jit` instead of direct kernel caching.
{"case": {"B": 1, "SEQ_LEN": 256, "H": 1, "HQ": 16, "D": 64, "S": 1, "block_size": 16, "is_causal": true}, "seed": 343, "status": "PASS", "call_event_ms": {"baseline": [0.011007999628782272, 0.010367999970912933, 0.010291200131177902, 0.010444799810647965], "candidate": [0.010623999685049058, 0.010419200360774993, 0.010316800326108932, 0.010367999970912933]}, "median_ms": {"baseline": 0.01040639989078045, "candidate": 0.010393600165843963}, "baseline_over_candidate": 1.0012315006092452}
{"case": {"B": 1, "SEQ_LEN": 256, "H": 1, "HQ": 16, "D": 128, "S": 1, "block_size": 16, "is_causal": true}, "candidate": "baseline", "phase": "compile_correctness"}
{"case": {"B": 1, "SEQ_LEN": 256, "H": 1, "HQ": 16, "D": 128, "S": 1, "block_size": 16, "is_causal": true}, "candidate": "candidate", "phase": "compile_correctness"}
2026-09-07 09:37:41  [TileLang:tilelang.jit.kernel:INFO] (kernel.py:129): TileLang begins to compile kernel `kernel` with `out_idx=None`
2026-09-07 09:37:44  [TileLang:tilelang.jit.kernel:INFO] (kernel.py:137): TileLang completes to compile kernel `kernel`
{"case": {"B": 1, "SEQ_LEN": 256, "H": 1, "HQ": 16, "D": 128, "S": 1, "block_size": 16, "is_causal": true}, "seed": 343, "status": "PASS", "call_event_ms": {"baseline": [0.013235199451446533, 0.01157120019197464, 0.011596799641847611, 0.011519999802112579], "candidate": [0.013593600690364837, 0.011366400122642516, 0.010623999685049058, 0.010649599879980088]}, "median_ms": {"baseline": 0.011583999916911124, "candidate": 0.011008000001311302}, "baseline_over_candidate": 1.0523255737219483}
{"case": {"B": 1, "SEQ_LEN": 512, "H": 1, "HQ": 16, "D": 32, "S": 1, "block_size": 16, "is_causal": true}, "candidate": "baseline", "phase": "compile_correctness"}
{"case": {"B": 1, "SEQ_LEN": 512, "H": 1, "HQ": 16, "D": 32, "S": 1, "block_size": 16, "is_causal": true}, "candidate": "candidate", "phase": "compile_correctness"}
2026-09-07 09:37:45  [TileLang:tilelang.cache.kernel_cache:WARNING] (kernel_cache.py:342): Found kernel 'kernel' in memory cache. For better performance, consider using `@tilelang.jit` instead of direct kernel caching.
{"case": {"B": 1, "SEQ_LEN": 512, "H": 1, "HQ": 16, "D": 32, "S": 1, "block_size": 16, "is_causal": true}, "seed": 343, "status": "PASS", "call_event_ms": {"baseline": [0.011187200248241425, 0.010393600165843963, 0.010342399775981902, 0.010496000200510025], "candidate": [0.010598400235176086, 0.010470400005578995, 0.010675200074911118, 0.010444799810647965]}, "median_ms": {"baseline": 0.010444800183176995, "candidate": 0.01053440012037754}, "baseline_over_candidate": 0.9914945382578335}
{"case": {"B": 1, "SEQ_LEN": 512, "H": 1, "HQ": 16, "D": 64, "S": 1, "block_size": 16, "is_causal": true}, "candidate": "baseline", "phase": "compile_correctness"}
{"case": {"B": 1, "SEQ_LEN": 512, "H": 1, "HQ": 16, "D": 64, "S": 1, "block_size": 16, "is_causal": true}, "candidate": "candidate", "phase": "compile_correctness"}
2026-09-07 09:37:46  [TileLang:tilelang.cache.kernel_cache:WARNING] (kernel_cache.py:342): Found kernel 'kernel' in memory cache. For better performance, consider using `@tilelang.jit` instead of direct kernel caching.
{"case": {"B": 1, "SEQ_LEN": 512, "H": 1, "HQ": 16, "D": 64, "S": 1, "block_size": 16, "is_causal": true}, "seed": 343, "status": "PASS", "call_event_ms": {"baseline": [0.011238399893045425, 0.010239999741315842, 0.010496000200510025, 0.010547199845314026], "candidate": [0.010828799754381179, 0.010188800096511842, 0.010214400291442872, 0.011135999858379365]}, "median_ms": {"baseline": 0.010521600022912025, "candidate": 0.010521600022912025}, "baseline_over_candidate": 1.0}
{"case": {"B": 1, "SEQ_LEN": 512, "H": 1, "HQ": 16, "D": 128, "S": 1, "block_size": 16, "is_causal": true}, "candidate": "baseline", "phase": "compile_correctness"}
{"case": {"B": 1, "SEQ_LEN": 512, "H": 1, "HQ": 16, "D": 128, "S": 1, "block_size": 16, "is_causal": true}, "candidate": "candidate", "phase": "compile_correctness"}
2026-09-07 09:37:46  [TileLang:tilelang.jit.kernel:INFO] (kernel.py:129): TileLang begins to compile kernel `kernel` with `out_idx=None`
2026-09-07 09:37:49  [TileLang:tilelang.jit.kernel:INFO] (kernel.py:137): TileLang completes to compile kernel `kernel`
{"case": {"B": 1, "SEQ_LEN": 512, "H": 1, "HQ": 16, "D": 128, "S": 1, "block_size": 16, "is_causal": true}, "seed": 343, "status": "PASS", "call_event_ms": {"baseline": [0.017638400197029114, 0.013286399841308593, 0.013209599256515502, 0.013184000551700593], "candidate": [0.012595200538635254, 0.012185599654912949, 0.01223680004477501, 0.012083200365304947]}, "median_ms": {"baseline": 0.013247999548912048, "candidate": 0.012211199849843979}, "baseline_over_candidate": 1.0849056367774799}
{"case": {"B": 1, "SEQ_LEN": 1024, "H": 1, "HQ": 16, "D": 32, "S": 1, "block_size": 16, "is_causal": true}, "candidate": "baseline", "phase": "compile_correctness"}
{"case": {"B": 1, "SEQ_LEN": 1024, "H": 1, "HQ": 16, "D": 32, "S": 1, "block_size": 16, "is_causal": true}, "candidate": "candidate", "phase": "compile_correctness"}
2026-09-07 09:37:50  [TileLang:tilelang.cache.kernel_cache:WARNING] (kernel_cache.py:342): Found kernel 'kernel' in memory cache. For better performance, consider using `@tilelang.jit` instead of direct kernel caching.
{"case": {"B": 1, "SEQ_LEN": 1024, "H": 1, "HQ": 16, "D": 32, "S": 1, "block_size": 16, "is_causal": true}, "seed": 343, "status": "PASS", "call_event_ms": {"baseline": [0.011059200018644333, 0.010367999970912933, 0.010367999970912933, 0.010419200360774993], "candidate": [0.010572800040245056, 0.010291200131177902, 0.010444799810647965, 0.010188800096511842]}, "median_ms": {"baseline": 0.010393600165843963, "candidate": 0.010367999970912933}, "baseline_over_candidate": 1.0024691546106144}
{"case": {"B": 1, "SEQ_LEN": 1024, "H": 1, "HQ": 16, "D": 64, "S": 1, "block_size": 16, "is_causal": true}, "candidate": "baseline", "phase": "compile_correctness"}
{"case": {"B": 1, "SEQ_LEN": 1024, "H": 1, "HQ": 16, "D": 64, "S": 1, "block_size": 16, "is_causal": true}, "candidate": "candidate", "phase": "compile_correctness"}
2026-09-07 09:37:50  [TileLang:tilelang.cache.kernel_cache:WARNING] (kernel_cache.py:342): Found kernel 'kernel' in memory cache. For better performance, consider using `@tilelang.jit` instead of direct kernel caching.
{"case": {"B": 1, "SEQ_LEN": 1024, "H": 1, "HQ": 16, "D": 64, "S": 1, "block_size": 16, "is_causal": true}, "seed": 343, "status": "PASS", "call_event_ms": {"baseline": [0.011519999802112579, 0.010675200074911118, 0.011622399836778641, 0.010547199845314026], "candidate": [0.010956799983978272, 0.010649599879980088, 0.010521599650382995, 0.010572800040245056]}, "median_ms": {"baseline": 0.011097599938511848, "candidate": 0.010611199960112571}, "baseline_over_candidate": 1.045838357605893}
{"case": {"B": 1, "SEQ_LEN": 1024, "H": 1, "HQ": 16, "D": 128, "S": 1, "block_size": 16, "is_causal": true}, "candidate": "baseline", "phase": "compile_correctness"}
{"case": {"B": 1, "SEQ_LEN": 1024, "H": 1, "HQ": 16, "D": 128, "S": 1, "block_size": 16, "is_causal": true}, "candidate": "candidate", "phase": "compile_correctness"}
2026-09-07 09:37:50  [TileLang:tilelang.jit.kernel:INFO] (kernel.py:129): TileLang begins to compile kernel `kernel` with `out_idx=None`
2026-09-07 09:37:54  [TileLang:tilelang.jit.kernel:INFO] (kernel.py:137): TileLang completes to compile kernel `kernel`
{"case": {"B": 1, "SEQ_LEN": 1024, "H": 1, "HQ": 16, "D": 128, "S": 1, "block_size": 16, "is_causal": true}, "seed": 343, "status": "PASS", "call_event_ms": {"baseline": [0.020019200444221497, 0.018457600474357606, 0.018303999304771425, 0.018739199638366698], "candidate": [0.01679359972476959, 0.01664000004529953, 0.01674239933490753, 0.01671680063009262]}, "median_ms": {"baseline": 0.018598400056362152, "candidate": 0.016729599982500076}, "baseline_over_candidate": 1.111706201930526}
{"case": {"B": 2, "SEQ_LEN": 64, "H": 1, "HQ": 16, "D": 64, "S": 1, "block_size": 16, "is_causal": true}, "candidate": "baseline", "phase": "compile_correctness"}
{"case": {"B": 2, "SEQ_LEN": 64, "H": 1, "HQ": 16, "D": 64, "S": 1, "block_size": 16, "is_causal": true}, "candidate": "candidate", "phase": "compile_correctness"}
2026-09-07 09:37:55  [TileLang:tilelang.cache.kernel_cache:WARNING] (kernel_cache.py:342): Found kernel 'kernel' in memory cache. For better performance, consider using `@tilelang.jit` instead of direct kernel caching.
{"case": {"B": 2, "SEQ_LEN": 64, "H": 1, "HQ": 16, "D": 64, "S": 1, "block_size": 16, "is_causal": true}, "seed": 343, "status": "PASS", "call_event_ms": {"baseline": [0.011110399663448334, 0.010316800326108932, 0.012723200023174286, 0.010163199901580811], "candidate": [0.010521599650382995, 0.010342399775981902, 0.010265599936246872, 0.010342399775981902]}, "median_ms": {"baseline": 0.010713599994778633, "candidate": 0.010342399775981902}, "baseline_over_candidate": 1.0358911110416333}
{"case": {"B": 2, "SEQ_LEN": 64, "H": 1, "HQ": 16, "D": 128, "S": 1, "block_size": 16, "is_causal": true}, "candidate": "baseline", "phase": "compile_correctness"}
{"case": {"B": 2, "SEQ_LEN": 64, "H": 1, "HQ": 16, "D": 128, "S": 1, "block_size": 16, "is_causal": true}, "candidate": "candidate", "phase": "compile_correctness"}
2026-09-07 09:37:55  [TileLang:tilelang.jit.kernel:INFO] (kernel.py:129): TileLang begins to compile kernel `kernel` with `out_idx=None`
2026-09-07 09:37:58  [TileLang:tilelang.jit.kernel:INFO] (kernel.py:137): TileLang completes to compile kernel `kernel`
{"case": {"B": 2, "SEQ_LEN": 64, "H": 1, "HQ": 16, "D": 128, "S": 1, "block_size": 16, "is_causal": true}, "seed": 343, "status": "PASS", "call_event_ms": {"baseline": [0.01797119975090027, 0.01154559999704361, 0.011315199732780456, 0.011392000317573547], "candidate": [0.011494400352239609, 0.010751999914646149, 0.010649599879980088, 0.010777600109577179]}, "median_ms": {"baseline": 0.011468800157308577, "candidate": 0.010764800012111664}, "baseline_over_candidate": 1.0653983487296401}
{"case": {"B": 2, "SEQ_LEN": 128, "H": 1, "HQ": 16, "D": 32, "S": 1, "block_size": 16, "is_causal": true}, "candidate": "baseline", "phase": "compile_correctness"}
{"case": {"B": 2, "SEQ_LEN": 128, "H": 1, "HQ": 16, "D": 32, "S": 1, "block_size": 16, "is_causal": true}, "candidate": "candidate", "phase": "compile_correctness"}
2026-09-07 09:37:59  [TileLang:tilelang.cache.kernel_cache:WARNING] (kernel_cache.py:342): Found kernel 'kernel' in memory cache. For better performance, consider using `@tilelang.jit` instead of direct kernel caching.
{"case": {"B": 2, "SEQ_LEN": 128, "H": 1, "HQ": 16, "D": 32, "S": 1, "block_size": 16, "is_causal": true}, "seed": 343, "status": "PASS", "call_event_ms": {"baseline": [0.011110399663448334, 0.010444799810647965, 0.011494400352239609, 0.010598400235176086], "candidate": [0.010675200074911118, 0.010265599936246872, 0.010367999970912933, 0.010342399775981902]}, "median_ms": {"baseline": 0.01085439994931221, "candidate": 0.010355199873447418}, "baseline_over_candidate": 1.0482076716978521}
{"case": {"B": 2, "SEQ_LEN": 128, "H": 1, "HQ": 16, "D": 64, "S": 1, "block_size": 16, "is_causal": true}, "candidate": "baseline", "phase": "compile_correctness"}
{"case": {"B": 2, "SEQ_LEN": 128, "H": 1, "HQ": 16, "D": 64, "S": 1, "block_size": 16, "is_causal": true}, "candidate": "candidate", "phase": "compile_correctness"}
2026-09-07 09:37:59  [TileLang:tilelang.cache.kernel_cache:WARNING] (kernel_cache.py:342): Found kernel 'kernel' in memory cache. For better performance, consider using `@tilelang.jit` instead of direct kernel caching.
{"case": {"B": 2, "SEQ_LEN": 128, "H": 1, "HQ": 16, "D": 64, "S": 1, "block_size": 16, "is_causal": true}, "seed": 343, "status": "PASS", "call_event_ms": {"baseline": [0.011852800101041793, 0.010547199845314026, 0.010316800326108932, 0.011135999858379365], "candidate": [0.011417599767446518, 0.010291200131177902, 0.010393600165843963, 0.010291200131177902]}, "median_ms": {"baseline": 0.010841599851846694, "candidate": 0.010342400148510933}, "baseline_over_candidate": 1.0482672973553082}
{"case": {"B": 2, "SEQ_LEN": 128, "H": 1, "HQ": 16, "D": 128, "S": 1, "block_size": 16, "is_causal": true}, "candidate": "baseline", "phase": "compile_correctness"}
{"case": {"B": 2, "SEQ_LEN": 128, "H": 1, "HQ": 16, "D": 128, "S": 1, "block_size": 16, "is_causal": true}, "candidate": "candidate", "phase": "compile_correctness"}
2026-09-07 09:37:59  [TileLang:tilelang.jit.kernel:INFO] (kernel.py:129): TileLang begins to compile kernel `kernel` with `out_idx=None`
2026-09-07 09:38:03  [TileLang:tilelang.jit.kernel:INFO] (kernel.py:137): TileLang completes to compile kernel `kernel`
{"case": {"B": 2, "SEQ_LEN": 128, "H": 1, "HQ": 16, "D": 128, "S": 1, "block_size": 16, "is_causal": true}, "seed": 343, "status": "PASS", "call_event_ms": {"baseline": [0.013619199395179749, 0.011750400066375732, 0.011724799871444702, 0.011622399836778641], "candidate": [0.01154559999704361, 0.010700800269842149, 0.010675200074911118, 0.010649599879980088]}, "median_ms": {"baseline": 0.011737599968910217, "candidate": 0.010688000172376633}, "baseline_over_candidate": 1.098203572193636}
{"case": {"B": 2, "SEQ_LEN": 256, "H": 1, "HQ": 16, "D": 32, "S": 1, "block_size": 16, "is_causal": true}, "candidate": "baseline", "phase": "compile_correctness"}
{"case": {"B": 2, "SEQ_LEN": 256, "H": 1, "HQ": 16, "D": 32, "S": 1, "block_size": 16, "is_causal": true}, "candidate": "candidate", "phase": "compile_correctness"}
2026-09-07 09:38:03  [TileLang:tilelang.cache.kernel_cache:WARNING] (kernel_cache.py:342): Found kernel 'kernel' in memory cache. For better performance, consider using `@tilelang.jit` instead of direct kernel caching.
{"case": {"B": 2, "SEQ_LEN": 256, "H": 1, "HQ": 16, "D": 32, "S": 1, "block_size": 16, "is_causal": true}, "seed": 343, "status": "PASS", "call_event_ms": {"baseline": [0.011366400122642516, 0.010470400005578995, 0.010214400291442872, 0.010163199901580811], "candidate": [0.010700800269842149, 0.010291200131177902, 0.011494400352239609, 0.010163199901580811]}, "median_ms": {"baseline": 0.010342400148510934, "candidate": 0.010496000200510025}, "baseline_over_candidate": 0.985365848983918}
{"case": {"B": 2, "SEQ_LEN": 256, "H": 1, "HQ": 16, "D": 64, "S": 1, "block_size": 16, "is_causal": true}, "candidate": "baseline", "phase": "compile_correctness"}
{"case": {"B": 2, "SEQ_LEN": 256, "H": 1, "HQ": 16, "D": 64, "S": 1, "block_size": 16, "is_causal": true}, "candidate": "candidate", "phase": "compile_correctness"}
2026-09-07 09:38:04  [TileLang:tilelang.cache.kernel_cache:WARNING] (kernel_cache.py:342): Found kernel 'kernel' in memory cache. For better performance, consider using `@tilelang.jit` instead of direct kernel caching.
{"case": {"B": 2, "SEQ_LEN": 256, "H": 1, "HQ": 16, "D": 64, "S": 1, "block_size": 16, "is_causal": true}, "seed": 343, "status": "PASS", "call_event_ms": {"baseline": [0.011264000087976456, 0.010496000200510025, 0.010572800040245056, 0.01090560033917427], "candidate": [0.010649599879980088, 0.010393600165843963, 0.010367999970912933, 0.010342399775981902]}, "median_ms": {"baseline": 0.010739200189709662, "candidate": 0.010380800068378448}, "baseline_over_candidate": 1.0345252888958874}
{"case": {"B": 2, "SEQ_LEN": 256, "H": 1, "HQ": 16, "D": 128, "S": 1, "block_size": 16, "is_causal": true}, "candidate": "baseline", "phase": "compile_correctness"}
{"case": {"B": 2, "SEQ_LEN": 256, "H": 1, "HQ": 16, "D": 128, "S": 1, "block_size": 16, "is_causal": true}, "candidate": "candidate", "phase": "compile_correctness"}
2026-09-07 09:38:04  [TileLang:tilelang.jit.kernel:INFO] (kernel.py:129): TileLang begins to compile kernel `kernel` with `out_idx=None`
2026-09-07 09:38:07  [TileLang:tilelang.jit.kernel:INFO] (kernel.py:137): TileLang completes to compile kernel `kernel`
{"case": {"B": 2, "SEQ_LEN": 256, "H": 1, "HQ": 16, "D": 128, "S": 1, "block_size": 16, "is_causal": true}, "seed": 343, "status": "PASS", "call_event_ms": {"baseline": [0.014899200201034546, 0.013312000036239623, 0.013081599771976472, 0.013030399382114411], "candidate": [0.012031999975442886, 0.011673600226640702, 0.011417599767446518, 0.01154559999704361]}, "median_ms": {"baseline": 0.013196799904108047, "candidate": 0.011609600111842155}, "baseline_over_candidate": 1.1367144240090492}
{"case": {"B": 2, "SEQ_LEN": 512, "H": 1, "HQ": 16, "D": 32, "S": 1, "block_size": 16, "is_causal": true}, "candidate": "baseline", "phase": "compile_correctness"}
{"case": {"B": 2, "SEQ_LEN": 512, "H": 1, "HQ": 16, "D": 32, "S": 1, "block_size": 16, "is_causal": true}, "candidate": "candidate", "phase": "compile_correctness"}
2026-09-07 09:38:08  [TileLang:tilelang.cache.kernel_cache:WARNING] (kernel_cache.py:342): Found kernel 'kernel' in memory cache. For better performance, consider using `@tilelang.jit` instead of direct kernel caching.
{"case": {"B": 2, "SEQ_LEN": 512, "H": 1, "HQ": 16, "D": 32, "S": 1, "block_size": 16, "is_causal": true}, "seed": 343, "status": "PASS", "call_event_ms": {"baseline": [0.011315199732780456, 0.010547199845314026, 0.010265599936246872, 0.010342399775981902], "candidate": [0.010751999914646149, 0.010470400005578995, 0.010316800326108932, 0.011366400122642516]}, "median_ms": {"baseline": 0.010444799810647963, "candidate": 0.010611199960112571}, "baseline_over_candidate": 0.9843184418265507}
{"case": {"B": 2, "SEQ_LEN": 512, "H": 1, "HQ": 16, "D": 64, "S": 1, "block_size": 16, "is_causal": true}, "candidate": "baseline", "phase": "compile_correctness"}
{"case": {"B": 2, "SEQ_LEN": 512, "H": 1, "HQ": 16, "D": 64, "S": 1, "block_size": 16, "is_causal": true}, "candidate": "candidate", "phase": "compile_correctness"}
2026-09-07 09:38:08  [TileLang:tilelang.cache.kernel_cache:WARNING] (kernel_cache.py:342): Found kernel 'kernel' in memory cache. For better performance, consider using `@tilelang.jit` instead of direct kernel caching.
{"case": {"B": 2, "SEQ_LEN": 512, "H": 1, "HQ": 16, "D": 64, "S": 1, "block_size": 16, "is_causal": true}, "seed": 343, "status": "PASS", "call_event_ms": {"baseline": [0.011366400122642516, 0.010598400235176086, 0.010649599879980088, 0.010470400005578995], "candidate": [0.010828799754381179, 0.010598400235176086, 0.010496000200510025, 0.010572800040245056]}, "median_ms": {"baseline": 0.010624000057578086, "candidate": 0.010585600137710571}, "baseline_over_candidate": 1.003627561911272}
{"case": {"B": 2, "SEQ_LEN": 512, "H": 1, "HQ": 16, "D": 128, "S": 1, "block_size": 16, "is_causal": true}, "candidate": "baseline", "phase": "compile_correctness"}
{"case": {"B": 2, "SEQ_LEN": 512, "H": 1, "HQ": 16, "D": 128, "S": 1, "block_size": 16, "is_causal": true}, "candidate": "candidate", "phase": "compile_correctness"}
2026-09-07 09:38:08  [TileLang:tilelang.jit.kernel:INFO] (kernel.py:129): TileLang begins to compile kernel `kernel` with `out_idx=None`
2026-09-07 09:38:12  [TileLang:tilelang.jit.kernel:INFO] (kernel.py:137): TileLang completes to compile kernel `kernel`
{"case": {"B": 2, "SEQ_LEN": 512, "H": 1, "HQ": 16, "D": 128, "S": 1, "block_size": 16, "is_causal": true}, "seed": 343, "status": "PASS", "call_event_ms": {"baseline": [0.020403200387954713, 0.01884160041809082, 0.018713599443435668, 0.018534399569034576], "candidate": [0.016921600699424742, 0.01669120043516159, 0.01658879965543747, 0.01646080017089844]}, "median_ms": {"baseline": 0.018777599930763243, "candidate": 0.01664000004529953}, "baseline_over_candidate": 1.1284615312286337}
{"case": {"B": 2, "SEQ_LEN": 1024, "H": 1, "HQ": 16, "D": 32, "S": 1, "block_size": 16, "is_causal": true}, "candidate": "baseline", "phase": "compile_correctness"}
{"case": {"B": 2, "SEQ_LEN": 1024, "H": 1, "HQ": 16, "D": 32, "S": 1, "block_size": 16, "is_causal": true}, "candidate": "candidate", "phase": "compile_correctness"}
2026-09-07 09:38:12  [TileLang:tilelang.cache.kernel_cache:WARNING] (kernel_cache.py:342): Found kernel 'kernel' in memory cache. For better performance, consider using `@tilelang.jit` instead of direct kernel caching.
{"case": {"B": 2, "SEQ_LEN": 1024, "H": 1, "HQ": 16, "D": 32, "S": 1, "block_size": 16, "is_causal": true}, "seed": 343, "status": "PASS", "call_event_ms": {"baseline": [0.011648000031709672, 0.010700800269842149, 0.010572800040245056, 0.013184000551700593], "candidate": [0.010700800269842149, 0.010726399719715118, 0.010444799810647965, 0.010547199845314026]}, "median_ms": {"baseline": 0.01117440015077591, "candidate": 0.010624000057578086}, "baseline_over_candidate": 1.0518072374072724}
{"case": {"B": 2, "SEQ_LEN": 1024, "H": 1, "HQ": 16, "D": 64, "S": 1, "block_size": 16, "is_causal": true}, "candidate": "baseline", "phase": "compile_correctness"}
{"case": {"B": 2, "SEQ_LEN": 1024, "H": 1, "HQ": 16, "D": 64, "S": 1, "block_size": 16, "is_causal": true}, "candidate": "candidate", "phase": "compile_correctness"}
2026-09-07 09:38:13  [TileLang:tilelang.cache.kernel_cache:WARNING] (kernel_cache.py:342): Found kernel 'kernel' in memory cache. For better performance, consider using `@tilelang.jit` instead of direct kernel caching.
{"case": {"B": 2, "SEQ_LEN": 1024, "H": 1, "HQ": 16, "D": 64, "S": 1, "block_size": 16, "is_causal": true}, "seed": 343, "status": "PASS", "call_event_ms": {"baseline": [0.01807360053062439, 0.01822720021009445, 0.018329599499702455, 0.01822720021009445], "candidate": [0.018483200669288637, 0.018303999304771425, 0.01815039962530136, 0.018278400599956512]}, "median_ms": {"baseline": 0.01822720021009445, "candidate": 0.018291199952363967}, "baseline_over_candidate": 0.9965010637663909}
{"case": {"B": 2, "SEQ_LEN": 1024, "H": 1, "HQ": 16, "D": 128, "S": 1, "block_size": 16, "is_causal": true}, "candidate": "baseline", "phase": "compile_correctness"}
{"case": {"B": 2, "SEQ_LEN": 1024, "H": 1, "HQ": 16, "D": 128, "S": 1, "block_size": 16, "is_causal": true}, "candidate": "candidate", "phase": "compile_correctness"}
2026-09-07 09:38:13  [TileLang:tilelang.jit.kernel:INFO] (kernel.py:129): TileLang begins to compile kernel `kernel` with `out_idx=None`
2026-09-07 09:38:16  [TileLang:tilelang.jit.kernel:INFO] (kernel.py:137): TileLang completes to compile kernel `kernel`
{"case": {"B": 2, "SEQ_LEN": 1024, "H": 1, "HQ": 16, "D": 128, "S": 1, "block_size": 16, "is_causal": true}, "seed": 343, "status": "PASS", "call_event_ms": {"baseline": [0.03694080114364624, 0.034380799531936644, 0.034406399726867674, 0.034841600060462954], "candidate": [0.030873599648475646, 0.029977598786354066, 0.029977598786354066, 0.03056640028953552]}, "median_ms": {"baseline": 0.03462399989366531, "candidate": 0.030271999537944794}, "baseline_over_candidate": 1.1437632274757883}
{"case": {"B": 4, "SEQ_LEN": 64, "H": 1, "HQ": 16, "D": 32, "S": 1, "block_size": 16, "is_causal": true}, "candidate": "baseline", "phase": "compile_correctness"}
{"case": {"B": 4, "SEQ_LEN": 64, "H": 1, "HQ": 16, "D": 32, "S": 1, "block_size": 16, "is_causal": true}, "candidate": "candidate", "phase": "compile_correctness"}
2026-09-07 09:38:17  [TileLang:tilelang.cache.kernel_cache:WARNING] (kernel_cache.py:342): Found kernel 'kernel' in memory cache. For better performance, consider using `@tilelang.jit` instead of direct kernel caching.
{"case": {"B": 4, "SEQ_LEN": 64, "H": 1, "HQ": 16, "D": 32, "S": 1, "block_size": 16, "is_causal": true}, "seed": 343, "status": "PASS", "call_event_ms": {"baseline": [0.013337600231170654, 0.011852800101041793, 0.011776000261306763, 0.011622399836778641], "candidate": [0.01223680004477501, 0.011852800101041793, 0.011724799871444702, 0.011776000261306763]}, "median_ms": {"baseline": 0.011814400181174278, "candidate": 0.011814400181174278}, "baseline_over_candidate": 1.0}
{"case": {"B": 4, "SEQ_LEN": 64, "H": 1, "HQ": 16, "D": 64, "S": 1, "block_size": 16, "is_causal": true}, "candidate": "baseline", "phase": "compile_correctness"}
{"case": {"B": 4, "SEQ_LEN": 64, "H": 1, "HQ": 16, "D": 64, "S": 1, "block_size": 16, "is_causal": true}, "candidate": "candidate", "phase": "compile_correctness"}
2026-09-07 09:38:17  [TileLang:tilelang.cache.kernel_cache:WARNING] (kernel_cache.py:342): Found kernel 'kernel' in memory cache. For better performance, consider using `@tilelang.jit` instead of direct kernel caching.
{"case": {"B": 4, "SEQ_LEN": 64, "H": 1, "HQ": 16, "D": 64, "S": 1, "block_size": 16, "is_causal": true}, "seed": 343, "status": "PASS", "call_event_ms": {"baseline": [0.013491199910640716, 0.011801599711179733, 0.011724799871444702, 0.011776000261306763], "candidate": [0.012211199849843979, 0.012083200365304947, 0.011801599711179733, 0.012671999633312225]}, "median_ms": {"baseline": 0.011788799986243248, "candidate": 0.012147200107574464}, "baseline_over_candidate": 0.9704952484393722}
{"case": {"B": 4, "SEQ_LEN": 64, "H": 1, "HQ": 16, "D": 128, "S": 1, "block_size": 16, "is_causal": true}, "candidate": "baseline", "phase": "compile_correctness"}
{"case": {"B": 4, "SEQ_LEN": 64, "H": 1, "HQ": 16, "D": 128, "S": 1, "block_size": 16, "is_causal": true}, "candidate": "candidate", "phase": "compile_correctness"}
2026-09-07 09:38:17  [TileLang:tilelang.jit.kernel:INFO] (kernel.py:129): TileLang begins to compile kernel `kernel` with `out_idx=None`
2026-09-07 09:38:21  [TileLang:tilelang.jit.kernel:INFO] (kernel.py:137): TileLang completes to compile kernel `kernel`
{"case": {"B": 4, "SEQ_LEN": 64, "H": 1, "HQ": 16, "D": 128, "S": 1, "block_size": 16, "is_causal": true}, "seed": 343, "status": "PASS", "call_event_ms": {"baseline": [0.013312000036239623, 0.011750400066375732, 0.011801599711179733, 0.011699199676513672], "candidate": [0.017766399681568144, 0.01090560033917427, 0.010751999914646149, 0.010726399719715118]}, "median_ms": {"baseline": 0.011775999888777733, "candidate": 0.01082880012691021}, "baseline_over_candidate": 1.0874704261567887}
{"case": {"B": 4, "SEQ_LEN": 128, "H": 1, "HQ": 16, "D": 32, "S": 1, "block_size": 16, "is_causal": true}, "candidate": "baseline", "phase": "compile_correctness"}
{"case": {"B": 4, "SEQ_LEN": 128, "H": 1, "HQ": 16, "D": 32, "S": 1, "block_size": 16, "is_causal": true}, "candidate": "candidate", "phase": "compile_correctness"}
2026-09-07 09:38:21  [TileLang:tilelang.cache.kernel_cache:WARNING] (kernel_cache.py:342): Found kernel 'kernel' in memory cache. For better performance, consider using `@tilelang.jit` instead of direct kernel caching.
{"case": {"B": 4, "SEQ_LEN": 128, "H": 1, "HQ": 16, "D": 32, "S": 1, "block_size": 16, "is_causal": true}, "seed": 343, "status": "PASS", "call_event_ms": {"baseline": [0.011135999858379365, 0.010316800326108932, 0.010163199901580811, 0.010214400291442872], "candidate": [0.010521599650382995, 0.010444799810647965, 0.010393600165843963, 0.010035199671983719]}, "median_ms": {"baseline": 0.010265600308775902, "candidate": 0.010419199988245965}, "baseline_over_candidate": 0.9852580160047469}
{"case": {"B": 4, "SEQ_LEN": 128, "H": 1, "HQ": 16, "D": 64, "S": 1, "block_size": 16, "is_causal": true}, "candidate": "baseline", "phase": "compile_correctness"}
{"case": {"B": 4, "SEQ_LEN": 128, "H": 1, "HQ": 16, "D": 64, "S": 1, "block_size": 16, "is_causal": true}, "candidate": "candidate", "phase": "compile_correctness"}
2026-09-07 09:38:22  [TileLang:tilelang.cache.kernel_cache:WARNING] (kernel_cache.py:342): Found kernel 'kernel' in memory cache. For better performance, consider using `@tilelang.jit` instead of direct kernel caching.
{"case": {"B": 4, "SEQ_LEN": 128, "H": 1, "HQ": 16, "D": 64, "S": 1, "block_size": 16, "is_causal": true}, "seed": 343, "status": "PASS", "call_event_ms": {"baseline": [0.011110399663448334, 0.010342399775981902, 0.010291200131177902, 0.013107199966907502], "candidate": [0.01085439994931221, 0.010496000200510025, 0.010316800326108932, 0.010393600165843963]}, "median_ms": {"baseline": 0.010726399719715118, "candidate": 0.010444800183176995}, "baseline_over_candidate": 1.0269607394683993}
{"case": {"B": 4, "SEQ_LEN": 128, "H": 1, "HQ": 16, "D": 128, "S": 1, "block_size": 16, "is_causal": true}, "candidate": "baseline", "phase": "compile_correctness"}
{"case": {"B": 4, "SEQ_LEN": 128, "H": 1, "HQ": 16, "D": 128, "S": 1, "block_size": 16, "is_causal": true}, "candidate": "candidate", "phase": "compile_correctness"}
2026-09-07 09:38:22  [TileLang:tilelang.jit.kernel:INFO] (kernel.py:129): TileLang begins to compile kernel `kernel` with `out_idx=None`
2026-09-07 09:38:25  [TileLang:tilelang.jit.kernel:INFO] (kernel.py:137): TileLang completes to compile kernel `kernel`
{"case": {"B": 4, "SEQ_LEN": 128, "H": 1, "HQ": 16, "D": 128, "S": 1, "block_size": 16, "is_causal": true}, "seed": 343, "status": "PASS", "call_event_ms": {"baseline": [0.015052799880504609, 0.013363200426101684, 0.013209599256515502, 0.013184000551700593], "candidate": [0.01226240023970604, 0.011776000261306763, 0.011750400066375732, 0.011750400066375732]}, "median_ms": {"baseline": 0.013286399841308593, "candidate": 0.011763200163841248}, "baseline_over_candidate": 1.1294885453152017}
{"case": {"B": 4, "SEQ_LEN": 256, "H": 1, "HQ": 16, "D": 32, "S": 1, "block_size": 16, "is_causal": true}, "candidate": "baseline", "phase": "compile_correctness"}
{"case": {"B": 4, "SEQ_LEN": 256, "H": 1, "HQ": 16, "D": 32, "S": 1, "block_size": 16, "is_causal": true}, "candidate": "candidate", "phase": "compile_correctness"}
2026-09-07 09:38:26  [TileLang:tilelang.cache.kernel_cache:WARNING] (kernel_cache.py:342): Found kernel 'kernel' in memory cache. For better performance, consider using `@tilelang.jit` instead of direct kernel caching.
{"case": {"B": 4, "SEQ_LEN": 256, "H": 1, "HQ": 16, "D": 32, "S": 1, "block_size": 16, "is_causal": true}, "seed": 343, "status": "PASS", "call_event_ms": {"baseline": [0.011264000087976456, 0.010265599936246872, 0.010291200131177902, 0.012646399438381195], "candidate": [0.010649599879980088, 0.010470400005578995, 0.010393600165843963, 0.010367999970912933]}, "median_ms": {"baseline": 0.010777600109577179, "candidate": 0.01043200008571148}, "baseline_over_candidate": 1.0331288363713744}
{"case": {"B": 4, "SEQ_LEN": 256, "H": 1, "HQ": 16, "D": 64, "S": 1, "block_size": 16, "is_causal": true}, "candidate": "baseline", "phase": "compile_correctness"}
{"case": {"B": 4, "SEQ_LEN": 256, "H": 1, "HQ": 16, "D": 64, "S": 1, "block_size": 16, "is_causal": true}, "candidate": "candidate", "phase": "compile_correctness"}
2026-09-07 09:38:26  [TileLang:tilelang.cache.kernel_cache:WARNING] (kernel_cache.py:342): Found kernel 'kernel' in memory cache. For better performance, consider using `@tilelang.jit` instead of direct kernel caching.
{"case": {"B": 4, "SEQ_LEN": 256, "H": 1, "HQ": 16, "D": 64, "S": 1, "block_size": 16, "is_causal": true}, "seed": 343, "status": "PASS", "call_event_ms": {"baseline": [0.011110399663448334, 0.010751999914646149, 0.010675200074911118, 0.010751999914646149], "candidate": [0.01088000014424324, 0.010751999914646149, 0.010700800269842149, 0.011929599940776825]}, "median_ms": {"baseline": 0.010751999914646149, "candidate": 0.010816000029444694}, "baseline_over_candidate": 0.9940828296390241}
{"case": {"B": 4, "SEQ_LEN": 256, "H": 1, "HQ": 16, "D": 128, "S": 1, "block_size": 16, "is_causal": true}, "candidate": "baseline", "phase": "compile_correctness"}
{"case": {"B": 4, "SEQ_LEN": 256, "H": 1, "HQ": 16, "D": 128, "S": 1, "block_size": 16, "is_causal": true}, "candidate": "candidate", "phase": "compile_correctness"}
2026-09-07 09:38:26  [TileLang:tilelang.jit.kernel:INFO] (kernel.py:129): TileLang begins to compile kernel `kernel` with `out_idx=None`
2026-09-07 09:38:30  [TileLang:tilelang.jit.kernel:INFO] (kernel.py:137): TileLang completes to compile kernel `kernel`
{"case": {"B": 4, "SEQ_LEN": 256, "H": 1, "HQ": 16, "D": 128, "S": 1, "block_size": 16, "is_causal": true}, "seed": 343, "status": "PASS", "call_event_ms": {"baseline": [0.02019840031862259, 0.020428800582885744, 0.018585599958896637, 0.018508799374103546], "candidate": [0.017126399278640746, 0.01684480011463165, 0.01679359972476959, 0.01653759926557541]}, "median_ms": {"baseline": 0.019392000138759614, "candidate": 0.01681919991970062}, "baseline_over_candidate": 1.1529680502843318}
{"case": {"B": 4, "SEQ_LEN": 512, "H": 1, "HQ": 16, "D": 32, "S": 1, "block_size": 16, "is_causal": true}, "candidate": "baseline", "phase": "compile_correctness"}
{"case": {"B": 4, "SEQ_LEN": 512, "H": 1, "HQ": 16, "D": 32, "S": 1, "block_size": 16, "is_causal": true}, "candidate": "candidate", "phase": "compile_correctness"}
2026-09-07 09:38:31  [TileLang:tilelang.cache.kernel_cache:WARNING] (kernel_cache.py:342): Found kernel 'kernel' in memory cache. For better performance, consider using `@tilelang.jit` instead of direct kernel caching.
{"case": {"B": 4, "SEQ_LEN": 512, "H": 1, "HQ": 16, "D": 32, "S": 1, "block_size": 16, "is_causal": true}, "seed": 343, "status": "PASS", "call_event_ms": {"baseline": [0.011392000317573547, 0.010419200360774993, 0.012825599312782288, 0.010367999970912933], "candidate": [0.010675200074911118, 0.010470400005578995, 0.010316800326108932, 0.010419200360774993]}, "median_ms": {"baseline": 0.01090560033917427, "candidate": 0.010444800183176995}, "baseline_over_candidate": 1.0441176612205054}
{"case": {"B": 4, "SEQ_LEN": 512, "H": 1, "HQ": 16, "D": 64, "S": 1, "block_size": 16, "is_causal": true}, "candidate": "baseline", "phase": "compile_correctness"}
{"case": {"B": 4, "SEQ_LEN": 512, "H": 1, "HQ": 16, "D": 64, "S": 1, "block_size": 16, "is_causal": true}, "candidate": "candidate", "phase": "compile_correctness"}
2026-09-07 09:38:31  [TileLang:tilelang.cache.kernel_cache:WARNING] (kernel_cache.py:342): Found kernel 'kernel' in memory cache. For better performance, consider using `@tilelang.jit` instead of direct kernel caching.
{"case": {"B": 4, "SEQ_LEN": 512, "H": 1, "HQ": 16, "D": 64, "S": 1, "block_size": 16, "is_causal": true}, "seed": 343, "status": "PASS", "call_event_ms": {"baseline": [0.017766399681568144, 0.017638400197029114, 0.017459200322628023, 0.017535999417304993], "candidate": [0.01794559955596924, 0.01794559955596924, 0.01791999936103821, 0.017382399737834932]}, "median_ms": {"baseline": 0.017587199807167053, "candidate": 0.017932799458503724}, "baseline_over_candidate": 0.9807280702527018}
{"case": {"B": 4, "SEQ_LEN": 512, "H": 1, "HQ": 16, "D": 128, "S": 1, "block_size": 16, "is_causal": true}, "candidate": "baseline", "phase": "compile_correctness"}
{"case": {"B": 4, "SEQ_LEN": 512, "H": 1, "HQ": 16, "D": 128, "S": 1, "block_size": 16, "is_causal": true}, "candidate": "candidate", "phase": "compile_correctness"}
2026-09-07 09:38:31  [TileLang:tilelang.jit.kernel:INFO] (kernel.py:129): TileLang begins to compile kernel `kernel` with `out_idx=None`
2026-09-07 09:38:34  [TileLang:tilelang.jit.kernel:INFO] (kernel.py:137): TileLang completes to compile kernel `kernel`
{"case": {"B": 4, "SEQ_LEN": 512, "H": 1, "HQ": 16, "D": 128, "S": 1, "block_size": 16, "is_causal": true}, "seed": 343, "status": "PASS", "call_event_ms": {"baseline": [0.03642880022525787, 0.035046398639678955, 0.03463680148124695, 0.03468799889087677], "candidate": [0.030643200874328612, 0.029951998591423036, 0.02961919903755188, 0.029772800207138062]}, "median_ms": {"baseline": 0.034867198765277864, "candidate": 0.02986239939928055}, "baseline_over_candidate": 1.1675953529078407}
{"case": {"B": 4, "SEQ_LEN": 1024, "H": 1, "HQ": 16, "D": 32, "S": 1, "block_size": 16, "is_causal": true}, "candidate": "baseline", "phase": "compile_correctness"}
{"case": {"B": 4, "SEQ_LEN": 1024, "H": 1, "HQ": 16, "D": 32, "S": 1, "block_size": 16, "is_causal": true}, "candidate": "candidate", "phase": "compile_correctness"}
2026-09-07 09:38:35  [TileLang:tilelang.cache.kernel_cache:WARNING] (kernel_cache.py:342): Found kernel 'kernel' in memory cache. For better performance, consider using `@tilelang.jit` instead of direct kernel caching.
{"case": {"B": 4, "SEQ_LEN": 1024, "H": 1, "HQ": 16, "D": 32, "S": 1, "block_size": 16, "is_causal": true}, "seed": 343, "status": "PASS", "call_event_ms": {"baseline": [0.01525759994983673, 0.01510400027036667, 0.015001599490642548, 0.01510400027036667], "candidate": [0.014950400590896607, 0.014745600521564484, 0.014873600006103516, 0.014847999811172486]}, "median_ms": {"baseline": 0.01510400027036667, "candidate": 0.014860799908638}, "baseline_over_candidate": 1.0163652268534553}
{"case": {"B": 4, "SEQ_LEN": 1024, "H": 1, "HQ": 16, "D": 64, "S": 1, "block_size": 16, "is_causal": true}, "candidate": "baseline", "phase": "compile_correctness"}
{"case": {"B": 4, "SEQ_LEN": 1024, "H": 1, "HQ": 16, "D": 64, "S": 1, "block_size": 16, "is_causal": true}, "candidate": "candidate", "phase": "compile_correctness"}
2026-09-07 09:38:35  [TileLang:tilelang.cache.kernel_cache:WARNING] (kernel_cache.py:342): Found kernel 'kernel' in memory cache. For better performance, consider using `@tilelang.jit` instead of direct kernel caching.
{"case": {"B": 4, "SEQ_LEN": 1024, "H": 1, "HQ": 16, "D": 64, "S": 1, "block_size": 16, "is_causal": true}, "seed": 343, "status": "PASS", "call_event_ms": {"baseline": [0.029337599873542786, 0.029491201043128967, 0.02905600070953369, 0.029721599817276], "candidate": [0.03125759959220886, 0.03031040132045746, 0.030771198868751525, 0.030105599761009218]}, "median_ms": {"baseline": 0.029414400458335876, "candidate": 0.03054080009460449}, "baseline_over_candidate": 0.9631182014623249}
{"case": {"B": 4, "SEQ_LEN": 1024, "H": 1, "HQ": 16, "D": 128, "S": 1, "block_size": 16, "is_causal": true}, "candidate": "baseline", "phase": "compile_correctness"}
{"case": {"B": 4, "SEQ_LEN": 1024, "H": 1, "HQ": 16, "D": 128, "S": 1, "block_size": 16, "is_causal": true}, "candidate": "candidate", "phase": "compile_correctness"}
{"case": {"B": 4, "SEQ_LEN": 1024, "H": 1, "HQ": 16, "D": 128, "S": 1, "block_size": 16, "is_causal": true}, "seed": 343, "status": "PASS", "call_event_ms": {"baseline": [0.05616639852523804, 0.05588480234146118, 0.05550079941749573, 0.05552639961242676], "candidate": [0.04963839948177338, 0.0497408002614975, 0.04958719909191132, 0.04971520006656647]}, "median_ms": {"baseline": 0.05570560097694397, "candidate": 0.04967679977416992}, "baseline_over_candidate": 1.1213604988683026}
{"case": {"B": 8, "SEQ_LEN": 64, "H": 1, "HQ": 16, "D": 32, "S": 1, "block_size": 16, "is_causal": true}, "candidate": "baseline", "phase": "compile_correctness"}
{"case": {"B": 8, "SEQ_LEN": 64, "H": 1, "HQ": 16, "D": 32, "S": 1, "block_size": 16, "is_causal": true}, "candidate": "candidate", "phase": "compile_correctness"}
2026-09-07 09:38:36  [TileLang:tilelang.cache.kernel_cache:WARNING] (kernel_cache.py:342): Found kernel 'kernel' in memory cache. For better performance, consider using `@tilelang.jit` instead of direct kernel caching.
{"case": {"B": 8, "SEQ_LEN": 64, "H": 1, "HQ": 16, "D": 32, "S": 1, "block_size": 16, "is_causal": true}, "seed": 343, "status": "PASS", "call_event_ms": {"baseline": [0.011392000317573547, 0.010342399775981902, 0.010444799810647965, 0.010470400005578995], "candidate": [0.01080320030450821, 0.010598400235176086, 0.010623999685049058, 0.011443199962377549]}, "median_ms": {"baseline": 0.01045759990811348, "candidate": 0.010713599994778633}, "baseline_over_candidate": 0.9761051292945492}
{"case": {"B": 8, "SEQ_LEN": 64, "H": 1, "HQ": 16, "D": 64, "S": 1, "block_size": 16, "is_causal": true}, "candidate": "baseline", "phase": "compile_correctness"}
{"case": {"B": 8, "SEQ_LEN": 64, "H": 1, "HQ": 16, "D": 64, "S": 1, "block_size": 16, "is_causal": true}, "candidate": "candidate", "phase": "compile_correctness"}
2026-09-07 09:38:36  [TileLang:tilelang.cache.kernel_cache:WARNING] (kernel_cache.py:342): Found kernel 'kernel' in memory cache. For better performance, consider using `@tilelang.jit` instead of direct kernel caching.
{"case": {"B": 8, "SEQ_LEN": 64, "H": 1, "HQ": 16, "D": 64, "S": 1, "block_size": 16, "is_causal": true}, "seed": 343, "status": "PASS", "call_event_ms": {"baseline": [0.011724799871444702, 0.010367999970912933, 0.010521599650382995, 0.010291200131177902], "candidate": [0.010496000200510025, 0.010726399719715118, 0.010316800326108932, 0.01088000014424324]}, "median_ms": {"baseline": 0.010444799810647963, "candidate": 0.010611199960112571}, "baseline_over_candidate": 0.9843184418265507}
{"case": {"B": 8, "SEQ_LEN": 64, "H": 1, "HQ": 16, "D": 128, "S": 1, "block_size": 16, "is_causal": true}, "candidate": "baseline", "phase": "compile_correctness"}
{"case": {"B": 8, "SEQ_LEN": 64, "H": 1, "HQ": 16, "D": 128, "S": 1, "block_size": 16, "is_causal": true}, "candidate": "candidate", "phase": "compile_correctness"}
2026-09-07 09:38:36  [TileLang:tilelang.jit.kernel:INFO] (kernel.py:129): TileLang begins to compile kernel `kernel` with `out_idx=None`
2026-09-07 09:38:40  [TileLang:tilelang.jit.kernel:INFO] (kernel.py:137): TileLang completes to compile kernel `kernel`
{"case": {"B": 8, "SEQ_LEN": 64, "H": 1, "HQ": 16, "D": 128, "S": 1, "block_size": 16, "is_causal": true}, "seed": 343, "status": "PASS", "call_event_ms": {"baseline": [0.014847999811172486, 0.013388800621032714, 0.013055999577045441, 0.013158400356769562], "candidate": [0.01233920007944107, 0.013926400244235993, 0.011955200135707856, 0.011801599711179733]}, "median_ms": {"baseline": 0.013273600488901138, "candidate": 0.012147200107574464}, "baseline_over_candidate": 1.0927292191905442}
{"case": {"B": 8, "SEQ_LEN": 128, "H": 1, "HQ": 16, "D": 32, "S": 1, "block_size": 16, "is_causal": true}, "candidate": "baseline", "phase": "compile_correctness"}
{"case": {"B": 8, "SEQ_LEN": 128, "H": 1, "HQ": 16, "D": 32, "S": 1, "block_size": 16, "is_causal": true}, "candidate": "candidate", "phase": "compile_correctness"}
2026-09-07 09:38:41  [TileLang:tilelang.cache.kernel_cache:WARNING] (kernel_cache.py:342): Found kernel 'kernel' in memory cache. For better performance, consider using `@tilelang.jit` instead of direct kernel caching.
{"case": {"B": 8, "SEQ_LEN": 128, "H": 1, "HQ": 16, "D": 32, "S": 1, "block_size": 16, "is_causal": true}, "seed": 343, "status": "PASS", "call_event_ms": {"baseline": [0.011494400352239609, 0.010496000200510025, 0.011596799641847611, 0.010496000200510025], "candidate": [0.01080320030450821, 0.010547199845314026, 0.010419200360774993, 0.010265599936246872]}, "median_ms": {"baseline": 0.010995200276374817, "candidate": 0.010483200103044508}, "baseline_over_candidate": 1.048840064894079}
{"case": {"B": 8, "SEQ_LEN": 128, "H": 1, "HQ": 16, "D": 64, "S": 1, "block_size": 16, "is_causal": true}, "candidate": "baseline", "phase": "compile_correctness"}
{"case": {"B": 8, "SEQ_LEN": 128, "H": 1, "HQ": 16, "D": 64, "S": 1, "block_size": 16, "is_causal": true}, "candidate": "candidate", "phase": "compile_correctness"}
2026-09-07 09:38:41  [TileLang:tilelang.cache.kernel_cache:WARNING] (kernel_cache.py:342): Found kernel 'kernel' in memory cache. For better performance, consider using `@tilelang.jit` instead of direct kernel caching.
{"case": {"B": 8, "SEQ_LEN": 128, "H": 1, "HQ": 16, "D": 64, "S": 1, "block_size": 16, "is_causal": true}, "seed": 343, "status": "PASS", "call_event_ms": {"baseline": [0.011264000087976456, 0.010572800040245056, 0.010700800269842149, 0.010623999685049058], "candidate": [0.010931199789047242, 0.01085439994931221, 0.010623999685049058, 0.01080320030450821]}, "median_ms": {"baseline": 0.010662399977445603, "candidate": 0.01082880012691021}, "baseline_over_candidate": 0.984633556117534}
{"case": {"B": 8, "SEQ_LEN": 128, "H": 1, "HQ": 16, "D": 128, "S": 1, "block_size": 16, "is_causal": true}, "candidate": "baseline", "phase": "compile_correctness"}
{"case": {"B": 8, "SEQ_LEN": 128, "H": 1, "HQ": 16, "D": 128, "S": 1, "block_size": 16, "is_causal": true}, "candidate": "candidate", "phase": "compile_correctness"}
2026-09-07 09:38:41  [TileLang:tilelang.jit.kernel:INFO] (kernel.py:129): TileLang begins to compile kernel `kernel` with `out_idx=None`
2026-09-07 09:38:44  [TileLang:tilelang.jit.kernel:INFO] (kernel.py:137): TileLang completes to compile kernel `kernel`
{"case": {"B": 8, "SEQ_LEN": 128, "H": 1, "HQ": 16, "D": 128, "S": 1, "block_size": 16, "is_causal": true}, "seed": 343, "status": "PASS", "call_event_ms": {"baseline": [0.020275199413299562, 0.01884160041809082, 0.018969599902629853, 0.01881600022315979], "candidate": [0.016998399794101716, 0.01643519997596741, 0.01640959978103638, 0.01648640036582947]}, "median_ms": {"baseline": 0.018905600160360338, "candidate": 0.01646080017089844}, "baseline_over_candidate": 1.1485225483621468}
{"case": {"B": 8, "SEQ_LEN": 256, "H": 1, "HQ": 16, "D": 32, "S": 1, "block_size": 16, "is_causal": true}, "candidate": "baseline", "phase": "compile_correctness"}
{"case": {"B": 8, "SEQ_LEN": 256, "H": 1, "HQ": 16, "D": 32, "S": 1, "block_size": 16, "is_causal": true}, "candidate": "candidate", "phase": "compile_correctness"}
2026-09-07 09:38:45  [TileLang:tilelang.cache.kernel_cache:WARNING] (kernel_cache.py:342): Found kernel 'kernel' in memory cache. For better performance, consider using `@tilelang.jit` instead of direct kernel caching.
{"case": {"B": 8, "SEQ_LEN": 256, "H": 1, "HQ": 16, "D": 32, "S": 1, "block_size": 16, "is_causal": true}, "seed": 343, "status": "PASS", "call_event_ms": {"baseline": [0.011417599767446518, 0.010598400235176086, 0.010419200360774993, 0.010393600165843963], "candidate": [0.010828799754381179, 0.010521599650382995, 0.011392000317573547, 0.010470400005578995]}, "median_ms": {"baseline": 0.010508800297975539, "candidate": 0.010675199702382086}, "baseline_over_candidate": 0.9844125253816641}
{"case": {"B": 8, "SEQ_LEN": 256, "H": 1, "HQ": 16, "D": 64, "S": 1, "block_size": 16, "is_causal": true}, "candidate": "baseline", "phase": "compile_correctness"}
{"case": {"B": 8, "SEQ_LEN": 256, "H": 1, "HQ": 16, "D": 64, "S": 1, "block_size": 16, "is_causal": true}, "candidate": "candidate", "phase": "compile_correctness"}
2026-09-07 09:38:45  [TileLang:tilelang.cache.kernel_cache:WARNING] (kernel_cache.py:342): Found kernel 'kernel' in memory cache. For better performance, consider using `@tilelang.jit` instead of direct kernel caching.
{"case": {"B": 8, "SEQ_LEN": 256, "H": 1, "HQ": 16, "D": 64, "S": 1, "block_size": 16, "is_causal": true}, "seed": 343, "status": "PASS", "call_event_ms": {"baseline": [0.017561599612236023, 0.017715199291706084, 0.017382399737834932, 0.017407999932765962], "candidate": [0.018278400599956512, 0.0179967999458313, 0.0179967999458313, 0.017843200266361235]}, "median_ms": {"baseline": 0.017484799772500993, "candidate": 0.0179967999458313}, "baseline_over_candidate": 0.9715504881494832}
{"case": {"B": 8, "SEQ_LEN": 256, "H": 1, "HQ": 16, "D": 128, "S": 1, "block_size": 16, "is_causal": true}, "candidate": "baseline", "phase": "compile_correctness"}
{"case": {"B": 8, "SEQ_LEN": 256, "H": 1, "HQ": 16, "D": 128, "S": 1, "block_size": 16, "is_causal": true}, "candidate": "candidate", "phase": "compile_correctness"}
2026-09-07 09:38:45  [TileLang:tilelang.jit.kernel:INFO] (kernel.py:129): TileLang begins to compile kernel `kernel` with `out_idx=None`
2026-09-07 09:38:49  [TileLang:tilelang.jit.kernel:INFO] (kernel.py:137): TileLang completes to compile kernel `kernel`
{"case": {"B": 8, "SEQ_LEN": 256, "H": 1, "HQ": 16, "D": 128, "S": 1, "block_size": 16, "is_causal": true}, "seed": 343, "status": "PASS", "call_event_ms": {"baseline": [0.037145599722862244, 0.0352512001991272, 0.03566080033779144, 0.03537920117378235], "candidate": [0.03041279911994934, 0.030079999566078187, 0.03041279911994934, 0.03054080009460449]}, "median_ms": {"baseline": 0.035520000755786894, "candidate": 0.03041279911994934}, "baseline_over_candidate": 1.167929351576438}
{"case": {"B": 8, "SEQ_LEN": 512, "H": 1, "HQ": 16, "D": 32, "S": 1, "block_size": 16, "is_causal": true}, "candidate": "baseline", "phase": "compile_correctness"}
{"case": {"B": 8, "SEQ_LEN": 512, "H": 1, "HQ": 16, "D": 32, "S": 1, "block_size": 16, "is_causal": true}, "candidate": "candidate", "phase": "compile_correctness"}
2026-09-07 09:38:50  [TileLang:tilelang.cache.kernel_cache:WARNING] (kernel_cache.py:342): Found kernel 'kernel' in memory cache. For better performance, consider using `@tilelang.jit` instead of direct kernel caching.
{"case": {"B": 8, "SEQ_LEN": 512, "H": 1, "HQ": 16, "D": 32, "S": 1, "block_size": 16, "is_causal": true}, "seed": 343, "status": "PASS", "call_event_ms": {"baseline": [0.01518079936504364, 0.014899200201034546, 0.014847999811172486, 0.014975999295711518], "candidate": [0.015052799880504609, 0.014771200716495514, 0.014950400590896607, 0.014950400590896607]}, "median_ms": {"baseline": 0.014937599748373033, "candidate": 0.014950400590896607}, "baseline_over_candidate": 0.9991437792956954}
{"case": {"B": 8, "SEQ_LEN": 512, "H": 1, "HQ": 16, "D": 64, "S": 1, "block_size": 16, "is_causal": true}, "candidate": "baseline", "phase": "compile_correctness"}
{"case": {"B": 8, "SEQ_LEN": 512, "H": 1, "HQ": 16, "D": 64, "S": 1, "block_size": 16, "is_causal": true}, "candidate": "candidate", "phase": "compile_correctness"}
2026-09-07 09:38:50  [TileLang:tilelang.cache.kernel_cache:WARNING] (kernel_cache.py:342): Found kernel 'kernel' in memory cache. For better performance, consider using `@tilelang.jit` instead of direct kernel caching.
{"case": {"B": 8, "SEQ_LEN": 512, "H": 1, "HQ": 16, "D": 64, "S": 1, "block_size": 16, "is_causal": true}, "seed": 343, "status": "PASS", "call_event_ms": {"baseline": [0.02964479923248291, 0.02961919903755188, 0.029465600848197937, 0.029542401432991028], "candidate": [0.031667199730873105, 0.030745598673820495, 0.03125759959220886, 0.030899199843406677]}, "median_ms": {"baseline": 0.029580800235271452, "candidate": 0.03107839971780777}, "baseline_over_candidate": 0.9518122073165112}
{"case": {"B": 8, "SEQ_LEN": 512, "H": 1, "HQ": 16, "D": 128, "S": 1, "block_size": 16, "is_causal": true}, "candidate": "baseline", "phase": "compile_correctness"}
{"case": {"B": 8, "SEQ_LEN": 512, "H": 1, "HQ": 16, "D": 128, "S": 1, "block_size": 16, "is_causal": true}, "candidate": "candidate", "phase": "compile_correctness"}
2026-09-07 09:38:50  [TileLang:tilelang.jit.kernel:INFO] (kernel.py:129): TileLang begins to compile kernel `kernel` with `out_idx=None`
2026-09-07 09:38:53  [TileLang:tilelang.jit.kernel:INFO] (kernel.py:137): TileLang completes to compile kernel `kernel`
{"case": {"B": 8, "SEQ_LEN": 512, "H": 1, "HQ": 16, "D": 128, "S": 1, "block_size": 16, "is_causal": true}, "seed": 343, "status": "PASS", "call_event_ms": {"baseline": [0.05713919997215271, 0.05534719824790955, 0.05588480234146118, 0.05537279844284058], "candidate": [0.04953599870204926, 0.04910080134868622, 0.04907520115375519, 0.04938240051269531]}, "median_ms": {"baseline": 0.05562880039215088, "candidate": 0.049241600930690764}, "baseline_over_candidate": 1.1297114500897385}
{"case": {"B": 8, "SEQ_LEN": 1024, "H": 1, "HQ": 16, "D": 32, "S": 1, "block_size": 16, "is_causal": true}, "candidate": "baseline", "phase": "compile_correctness"}
{"case": {"B": 8, "SEQ_LEN": 1024, "H": 1, "HQ": 16, "D": 32, "S": 1, "block_size": 16, "is_causal": true}, "candidate": "candidate", "phase": "compile_correctness"}
2026-09-07 09:38:54  [TileLang:tilelang.cache.kernel_cache:WARNING] (kernel_cache.py:342): Found kernel 'kernel' in memory cache. For better performance, consider using `@tilelang.jit` instead of direct kernel caching.
{"case": {"B": 8, "SEQ_LEN": 1024, "H": 1, "HQ": 16, "D": 32, "S": 1, "block_size": 16, "is_causal": true}, "seed": 343, "status": "PASS", "call_event_ms": {"baseline": [0.02455040067434311, 0.02467840015888214, 0.02462719976902008, 0.02455040067434311], "candidate": [0.02465279996395111, 0.02460159957408905, 0.02449920028448105, 0.02460159957408905]}, "median_ms": {"baseline": 0.024588800221681594, "candidate": 0.02460159957408905}, "baseline_over_candidate": 0.9994797349510177}
{"case": {"B": 8, "SEQ_LEN": 1024, "H": 1, "HQ": 16, "D": 64, "S": 1, "block_size": 16, "is_causal": true}, "candidate": "baseline", "phase": "compile_correctness"}
{"case": {"B": 8, "SEQ_LEN": 1024, "H": 1, "HQ": 16, "D": 64, "S": 1, "block_size": 16, "is_causal": true}, "candidate": "candidate", "phase": "compile_correctness"}
2026-09-07 09:38:54  [TileLang:tilelang.cache.kernel_cache:WARNING] (kernel_cache.py:342): Found kernel 'kernel' in memory cache. For better performance, consider using `@tilelang.jit` instead of direct kernel caching.
{"case": {"B": 8, "SEQ_LEN": 1024, "H": 1, "HQ": 16, "D": 64, "S": 1, "block_size": 16, "is_causal": true}, "seed": 343, "status": "PASS", "call_event_ms": {"baseline": [0.048716801404953006, 0.048767998814582825, 0.04848639965057373, 0.048793599009513855], "candidate": [0.29463040828704834, 0.05058559775352478, 0.04904960095882416, 0.048844799399375916]}, "median_ms": {"baseline": 0.048742400109767915, "candidate": 0.04981759935617447}, "baseline_over_candidate": 0.9784172810351751}
{"case": {"B": 8, "SEQ_LEN": 1024, "H": 1, "HQ": 16, "D": 128, "S": 1, "block_size": 16, "is_causal": true}, "candidate": "baseline", "phase": "compile_correctness"}
{"case": {"B": 8, "SEQ_LEN": 1024, "H": 1, "HQ": 16, "D": 128, "S": 1, "block_size": 16, "is_causal": true}, "candidate": "candidate", "phase": "compile_correctness"}
2026-09-07 09:38:55  [TileLang:tilelang.jit.kernel:INFO] (kernel.py:129): TileLang begins to compile kernel `kernel` with `out_idx=None`
2026-09-07 09:38:58  [TileLang:tilelang.jit.kernel:INFO] (kernel.py:137): TileLang completes to compile kernel `kernel`
{"case": {"B": 8, "SEQ_LEN": 1024, "H": 1, "HQ": 16, "D": 128, "S": 1, "block_size": 16, "is_causal": true}, "seed": 343, "status": "PASS", "call_event_ms": {"baseline": [0.0979968011379242, 0.09804800152778625, 0.09671679735183716, 0.09646080136299133], "candidate": [0.08704000115394592, 0.08750079870223999, 0.08724480271339416, 0.08732159733772278]}, "median_ms": {"baseline": 0.09735679924488068, "candidate": 0.08728320002555848}, "baseline_over_candidate": 1.1154128081506227}
{"case": {"B": 1, "SEQ_LEN": 256, "H": 1, "HQ": 16, "D": 64, "S": 1, "block_size": 32, "is_causal": true}, "candidate": "baseline", "phase": "compile_correctness"}
{"case": {"B": 1, "SEQ_LEN": 256, "H": 1, "HQ": 16, "D": 64, "S": 1, "block_size": 32, "is_causal": true}, "candidate": "candidate", "phase": "compile_correctness"}
2026-09-07 09:38:59  [TileLang:tilelang.cache.kernel_cache:WARNING] (kernel_cache.py:342): Found kernel 'kernel' in memory cache. For better performance, consider using `@tilelang.jit` instead of direct kernel caching.
{"case": {"B": 1, "SEQ_LEN": 256, "H": 1, "HQ": 16, "D": 64, "S": 1, "block_size": 32, "is_causal": true}, "seed": 343, "status": "PASS", "call_event_ms": {"baseline": [0.011289600282907486, 0.010239999741315842, 0.010342399775981902, 0.010367999970912933], "candidate": [0.010547199845314026, 0.010496000200510025, 0.012697599828243256, 0.010419200360774993]}, "median_ms": {"baseline": 0.010355199873447418, "candidate": 0.010521600022912025}, "baseline_over_candidate": 0.9841849006707866}
{"case": {"B": 1, "SEQ_LEN": 256, "H": 1, "HQ": 16, "D": 64, "S": 1, "block_size": 64, "is_causal": true}, "candidate": "baseline", "phase": "compile_correctness"}
{"case": {"B": 1, "SEQ_LEN": 256, "H": 1, "HQ": 16, "D": 64, "S": 1, "block_size": 64, "is_causal": true}, "candidate": "candidate", "phase": "compile_correctness"}
2026-09-07 09:38:59  [TileLang:tilelang.cache.kernel_cache:WARNING] (kernel_cache.py:342): Found kernel 'kernel' in memory cache. For better performance, consider using `@tilelang.jit` instead of direct kernel caching.
{"case": {"B": 1, "SEQ_LEN": 256, "H": 1, "HQ": 16, "D": 64, "S": 1, "block_size": 64, "is_causal": true}, "seed": 343, "status": "PASS", "call_event_ms": {"baseline": [0.014131200313568116, 0.014131200313568116, 0.013977600634098053, 0.013952000439167023], "candidate": [0.014233599603176116, 0.014079999923706055, 0.014028799533843995, 0.013952000439167023]}, "median_ms": {"baseline": 0.014054400473833085, "candidate": 0.014054399728775025}, "baseline_over_candidate": 1.0000000530124427}
{"case": {"B": 1, "SEQ_LEN": 512, "H": 1, "HQ": 16, "D": 64, "S": 1, "block_size": 32, "is_causal": true}, "candidate": "baseline", "phase": "compile_correctness"}
{"case": {"B": 1, "SEQ_LEN": 512, "H": 1, "HQ": 16, "D": 64, "S": 1, "block_size": 32, "is_causal": true}, "candidate": "candidate", "phase": "compile_correctness"}
2026-09-07 09:38:59  [TileLang:tilelang.cache.kernel_cache:WARNING] (kernel_cache.py:342): Found kernel 'kernel' in memory cache. For better performance, consider using `@tilelang.jit` instead of direct kernel caching.
{"case": {"B": 1, "SEQ_LEN": 512, "H": 1, "HQ": 16, "D": 64, "S": 1, "block_size": 32, "is_causal": true}, "seed": 343, "status": "PASS", "call_event_ms": {"baseline": [0.011340799927711486, 0.010547199845314026, 0.010572800040245056, 0.010572800040245056], "candidate": [0.010828799754381179, 0.01080320030450821, 0.010623999685049058, 0.011161600053310395]}, "median_ms": {"baseline": 0.010572800040245056, "candidate": 0.010816000029444694}, "baseline_over_candidate": 0.9775147939591745}
{"case": {"B": 1, "SEQ_LEN": 512, "H": 1, "HQ": 16, "D": 64, "S": 1, "block_size": 64, "is_causal": true}, "candidate": "baseline", "phase": "compile_correctness"}
{"case": {"B": 1, "SEQ_LEN": 512, "H": 1, "HQ": 16, "D": 64, "S": 1, "block_size": 64, "is_causal": true}, "candidate": "candidate", "phase": "compile_correctness"}
2026-09-07 09:39:00  [TileLang:tilelang.cache.kernel_cache:WARNING] (kernel_cache.py:342): Found kernel 'kernel' in memory cache. For better performance, consider using `@tilelang.jit` instead of direct kernel caching.
{"case": {"B": 1, "SEQ_LEN": 512, "H": 1, "HQ": 16, "D": 64, "S": 1, "block_size": 64, "is_causal": true}, "seed": 343, "status": "PASS", "call_event_ms": {"baseline": [0.01643519997596741, 0.016383999586105348, 0.016307200491428375, 0.01643519997596741], "candidate": [0.01643519997596741, 0.016358399391174318, 0.016281600296497344, 0.016307200491428375]}, "median_ms": {"baseline": 0.01640959978103638, "candidate": 0.016332799941301344}, "baseline_over_candidate": 1.004702184561805}
{"case": {"B": 1, "SEQ_LEN": 512, "H": 1, "HQ": 16, "D": 128, "S": 1, "block_size": 32, "is_causal": true}, "candidate": "baseline", "phase": "compile_correctness"}
{"case": {"B": 1, "SEQ_LEN": 512, "H": 1, "HQ": 16, "D": 128, "S": 1, "block_size": 32, "is_causal": true}, "candidate": "candidate", "phase": "compile_correctness"}
2026-09-07 09:39:00  [TileLang:tilelang.jit.kernel:INFO] (kernel.py:129): TileLang begins to compile kernel `kernel` with `out_idx=None`
2026-09-07 09:39:03  [TileLang:tilelang.jit.kernel:INFO] (kernel.py:137): TileLang completes to compile kernel `kernel`
{"case": {"B": 1, "SEQ_LEN": 512, "H": 1, "HQ": 16, "D": 128, "S": 1, "block_size": 32, "is_causal": true}, "seed": 343, "status": "PASS", "call_event_ms": {"baseline": [0.01932799965143204, 0.017843200266361235, 0.017715199291706084, 0.017766399681568144], "candidate": [0.015385599434375763, 0.01520639955997467, 0.01528320014476776, 0.014975999295711518]}, "median_ms": {"baseline": 0.01780479997396469, "candidate": 0.015244799852371215}, "baseline_over_candidate": 1.1679261221127337}
{"case": {"B": 2, "SEQ_LEN": 256, "H": 1, "HQ": 16, "D": 64, "S": 1, "block_size": 64, "is_causal": true}, "candidate": "baseline", "phase": "compile_correctness"}
{"case": {"B": 2, "SEQ_LEN": 256, "H": 1, "HQ": 16, "D": 64, "S": 1, "block_size": 64, "is_causal": true}, "candidate": "candidate", "phase": "compile_correctness"}
2026-09-07 09:39:04  [TileLang:tilelang.cache.kernel_cache:WARNING] (kernel_cache.py:342): Found kernel 'kernel' in memory cache. For better performance, consider using `@tilelang.jit` instead of direct kernel caching.
{"case": {"B": 2, "SEQ_LEN": 256, "H": 1, "HQ": 16, "D": 64, "S": 1, "block_size": 64, "is_causal": true}, "seed": 343, "status": "PASS", "call_event_ms": {"baseline": [0.016358399391174318, 0.016256000101566314, 0.016281600296497344, 0.016230399906635284], "candidate": [0.0166143998503685, 0.016307200491428375, 0.016332800686359405, 0.016383999586105348]}, "median_ms": {"baseline": 0.01626880019903183, "candidate": 0.016358400136232375}, "baseline_over_candidate": 0.9945226955903781}
{"case": {"B": 4, "SEQ_LEN": 128, "H": 1, "HQ": 16, "D": 64, "S": 1, "block_size": 32, "is_causal": true}, "candidate": "baseline", "phase": "compile_correctness"}
{"case": {"B": 4, "SEQ_LEN": 128, "H": 1, "HQ": 16, "D": 64, "S": 1, "block_size": 32, "is_causal": true}, "candidate": "candidate", "phase": "compile_correctness"}
2026-09-07 09:39:04  [TileLang:tilelang.cache.kernel_cache:WARNING] (kernel_cache.py:342): Found kernel 'kernel' in memory cache. For better performance, consider using `@tilelang.jit` instead of direct kernel caching.
{"case": {"B": 4, "SEQ_LEN": 128, "H": 1, "HQ": 16, "D": 64, "S": 1, "block_size": 32, "is_causal": true}, "seed": 343, "status": "PASS", "call_event_ms": {"baseline": [0.011340799927711486, 0.010777600109577179, 0.01080320030450821, 0.011519999802112579], "candidate": [0.010982400178909302, 0.010700800269842149, 0.010751999914646149, 0.010828799754381179]}, "median_ms": {"baseline": 0.011072000116109848, "candidate": 0.010790399834513664}, "baseline_over_candidate": 1.0260972981460308}
{"case": {"B": 4, "SEQ_LEN": 128, "H": 1, "HQ": 16, "D": 64, "S": 1, "block_size": 64, "is_causal": true}, "candidate": "baseline", "phase": "compile_correctness"}
{"case": {"B": 4, "SEQ_LEN": 128, "H": 1, "HQ": 16, "D": 64, "S": 1, "block_size": 64, "is_causal": true}, "candidate": "candidate", "phase": "compile_correctness"}
2026-09-07 09:39:04  [TileLang:tilelang.cache.kernel_cache:WARNING] (kernel_cache.py:342): Found kernel 'kernel' in memory cache. For better performance, consider using `@tilelang.jit` instead of direct kernel caching.
{"case": {"B": 4, "SEQ_LEN": 128, "H": 1, "HQ": 16, "D": 64, "S": 1, "block_size": 64, "is_causal": true}, "seed": 343, "status": "PASS", "call_event_ms": {"baseline": [0.01648640036582947, 0.01656319946050644, 0.0165120005607605, 0.01646080017089844], "candidate": [0.0165120005607605, 0.01643519997596741, 0.01643519997596741, 0.01643519997596741]}, "median_ms": {"baseline": 0.016499200463294984, "candidate": 0.01643519997596741}, "baseline_over_candidate": 1.003894110654033}
{"case": {"B": 2, "SEQ_LEN": 512, "H": 1, "HQ": 16, "D": 128, "S": 1, "block_size": 32, "is_causal": true}, "candidate": "baseline", "phase": "compile_correctness"}
{"case": {"B": 2, "SEQ_LEN": 512, "H": 1, "HQ": 16, "D": 128, "S": 1, "block_size": 32, "is_causal": true}, "candidate": "candidate", "phase": "compile_correctness"}
2026-09-07 09:39:04  [TileLang:tilelang.jit.kernel:INFO] (kernel.py:129): TileLang begins to compile kernel `kernel` with `out_idx=None`
2026-09-07 09:39:08  [TileLang:tilelang.jit.kernel:INFO] (kernel.py:137): TileLang completes to compile kernel `kernel`
{"case": {"B": 2, "SEQ_LEN": 512, "H": 1, "HQ": 16, "D": 128, "S": 1, "block_size": 32, "is_causal": true}, "seed": 343, "status": "PASS", "call_event_ms": {"baseline": [0.025600001215934753, 0.023731200397014617, 0.02383359968662262, 0.023654399812221526], "candidate": [0.02170879989862442, 0.021452799439430237, 0.021299199759960176, 0.021862399578094483]}, "median_ms": {"baseline": 0.02378240004181862, "candidate": 0.021580799669027328}, "baseline_over_candidate": 1.1020166261934685}
{"case": {"B": 4, "SEQ_LEN": 1024, "H": 1, "HQ": 16, "D": 128, "S": 1, "block_size": 32, "is_causal": true}, "candidate": "baseline", "phase": "compile_correctness"}
{"case": {"B": 4, "SEQ_LEN": 1024, "H": 1, "HQ": 16, "D": 128, "S": 1, "block_size": 32, "is_causal": true}, "candidate": "candidate", "phase": "compile_correctness"}
{"case": {"B": 4, "SEQ_LEN": 1024, "H": 1, "HQ": 16, "D": 128, "S": 1, "block_size": 32, "is_causal": true}, "seed": 343, "status": "PASS", "call_event_ms": {"baseline": [0.07989760041236878, 0.07951359748840332, 0.07902719974517822, 0.07895039916038513], "candidate": [0.06123520135879516, 0.0605184018611908, 0.06103039979934692, 0.06059520244598389]}, "median_ms": {"baseline": 0.07927039861679078, "candidate": 0.060812801122665405}, "baseline_over_candidate": 1.3035150026537108}
{"case": {"B": 8, "SEQ_LEN": 512, "H": 1, "HQ": 16, "D": 128, "S": 1, "block_size": 32, "is_causal": true}, "candidate": "baseline", "phase": "compile_correctness"}
{"case": {"B": 8, "SEQ_LEN": 512, "H": 1, "HQ": 16, "D": 128, "S": 1, "block_size": 32, "is_causal": true}, "candidate": "candidate", "phase": "compile_correctness"}
{"case": {"B": 8, "SEQ_LEN": 512, "H": 1, "HQ": 16, "D": 128, "S": 1, "block_size": 32, "is_causal": true}, "seed": 343, "status": "PASS", "call_event_ms": {"baseline": [0.08084480166435241, 0.08023040294647217, 0.07994880080223084, 0.07969279885292054], "candidate": [0.06108160018920898, 0.06103039979934692, 0.06085119843482971, 0.06115840077400207]}, "median_ms": {"baseline": 0.0800896018743515, "candidate": 0.06105599999427795}, "baseline_over_candidate": 1.3117400727505462}
{"case": {"B": 1, "SEQ_LEN": 256, "H": 2, "HQ": 32, "D": 64, "S": 1, "block_size": 16, "is_causal": true}, "candidate": "baseline", "phase": "compile_correctness"}
{"case": {"B": 1, "SEQ_LEN": 256, "H": 2, "HQ": 32, "D": 64, "S": 1, "block_size": 16, "is_causal": true}, "candidate": "candidate", "phase": "compile_correctness"}
2026-09-07 09:39:09  [TileLang:tilelang.cache.kernel_cache:WARNING] (kernel_cache.py:342): Found kernel 'kernel' in memory cache. For better performance, consider using `@tilelang.jit` instead of direct kernel caching.
{"case": {"B": 1, "SEQ_LEN": 256, "H": 2, "HQ": 32, "D": 64, "S": 1, "block_size": 16, "is_causal": true}, "seed": 343, "status": "PASS", "call_event_ms": {"baseline": [0.011135999858379365, 0.010444799810647965, 0.010547199845314026, 0.010393600165843963], "candidate": [0.01080320030450821, 0.010623999685049058, 0.011468800157308579, 0.010521599650382995]}, "median_ms": {"baseline": 0.010495999827980995, "candidate": 0.010713599994778633}, "baseline_over_candidate": 0.9796893512074665}
{"case": {"B": 2, "SEQ_LEN": 512, "H": 2, "HQ": 32, "D": 64, "S": 1, "block_size": 16, "is_causal": true}, "candidate": "baseline", "phase": "compile_correctness"}
{"case": {"B": 2, "SEQ_LEN": 512, "H": 2, "HQ": 32, "D": 64, "S": 1, "block_size": 16, "is_causal": true}, "candidate": "candidate", "phase": "compile_correctness"}
2026-09-07 09:39:09  [TileLang:tilelang.cache.kernel_cache:WARNING] (kernel_cache.py:342): Found kernel 'kernel' in memory cache. For better performance, consider using `@tilelang.jit` instead of direct kernel caching.
{"case": {"B": 2, "SEQ_LEN": 512, "H": 2, "HQ": 32, "D": 64, "S": 1, "block_size": 16, "is_causal": true}, "seed": 343, "status": "PASS", "call_event_ms": {"baseline": [0.01809920072555542, 0.01815039962530136, 0.01817599982023239, 0.017612800002098083], "candidate": [0.017535999417304993, 0.017868800461292265, 0.017561599612236023, 0.017484800517559053]}, "median_ms": {"baseline": 0.01812480017542839, "candidate": 0.017548799514770508}, "baseline_over_candidate": 1.0328227956660554}
{"case": {"B": 1, "SEQ_LEN": 512, "H": 2, "HQ": 32, "D": 128, "S": 1, "block_size": 16, "is_causal": true}, "candidate": "baseline", "phase": "compile_correctness"}
{"case": {"B": 1, "SEQ_LEN": 512, "H": 2, "HQ": 32, "D": 128, "S": 1, "block_size": 16, "is_causal": true}, "candidate": "candidate", "phase": "compile_correctness"}
2026-09-07 09:39:10  [TileLang:tilelang.jit.kernel:INFO] (kernel.py:129): TileLang begins to compile kernel `kernel` with `out_idx=None`
2026-09-07 09:39:13  [TileLang:tilelang.jit.kernel:INFO] (kernel.py:137): TileLang completes to compile kernel `kernel`
{"case": {"B": 1, "SEQ_LEN": 512, "H": 2, "HQ": 32, "D": 128, "S": 1, "block_size": 16, "is_causal": true}, "seed": 343, "status": "PASS", "call_event_ms": {"baseline": [0.020710399746894835, 0.019020800292491914, 0.018892799317836762, 0.01886720061302185], "candidate": [0.017791999876499175, 0.017612800002098083, 0.017407999932765962, 0.017561599612236023]}, "median_ms": {"baseline": 0.018956799805164338, "candidate": 0.017587199807167053}, "baseline_over_candidate": 1.0778748187894671}
{"case": {"B": 1, "SEQ_LEN": 256, "H": 1, "HQ": 16, "D": 64, "S": 2, "block_size": 16, "is_causal": true}, "candidate": "baseline", "phase": "compile_correctness"}
{"case": {"B": 1, "SEQ_LEN": 256, "H": 1, "HQ": 16, "D": 64, "S": 2, "block_size": 16, "is_causal": true}, "candidate": "candidate", "phase": "compile_correctness"}
2026-09-07 09:39:14  [TileLang:tilelang.cache.kernel_cache:WARNING] (kernel_cache.py:342): Found kernel 'kernel' in memory cache. For better performance, consider using `@tilelang.jit` instead of direct kernel caching.
{"case": {"B": 1, "SEQ_LEN": 256, "H": 1, "HQ": 16, "D": 64, "S": 2, "block_size": 16, "is_causal": true}, "seed": 343, "status": "PASS", "call_event_ms": {"baseline": [0.011007999628782272, 0.010316800326108932, 0.010342399775981902, 0.010342399775981902], "candidate": [0.011340799927711486, 0.010367999970912933, 0.010444799810647965, 0.010265599936246872]}, "median_ms": {"baseline": 0.010342399775981902, "candidate": 0.01040639989078045}, "baseline_over_candidate": 0.9938499274033041}
{"case": {"B": 2, "SEQ_LEN": 512, "H": 1, "HQ": 16, "D": 64, "S": 2, "block_size": 16, "is_causal": true}, "candidate": "baseline", "phase": "compile_correctness"}
{"case": {"B": 2, "SEQ_LEN": 512, "H": 1, "HQ": 16, "D": 64, "S": 2, "block_size": 16, "is_causal": true}, "candidate": "candidate", "phase": "compile_correctness"}
{"case": {"B": 2, "SEQ_LEN": 512, "H": 1, "HQ": 16, "D": 64, "S": 2, "block_size": 16, "is_causal": true}, "seed": 343, "status": "PASS", "call_event_ms": {"baseline": [0.019763199985027312, 0.019200000166893005, 0.01930239945650101, 0.019020800292491914], "candidate": [0.013312000036239623, 0.013209599256515502, 0.013030399382114411, 0.013107199966907502]}, "median_ms": {"baseline": 0.019251199811697005, "candidate": 0.013158399611711502}, "baseline_over_candidate": 1.4630350483171728}
{"case": {"B": 4, "SEQ_LEN": 1024, "H": 1, "HQ": 16, "D": 64, "S": 2, "block_size": 16, "is_causal": true}, "candidate": "baseline", "phase": "compile_correctness"}
{"case": {"B": 4, "SEQ_LEN": 1024, "H": 1, "HQ": 16, "D": 64, "S": 2, "block_size": 16, "is_causal": true}, "candidate": "candidate", "phase": "compile_correctness"}
{"case": {"B": 4, "SEQ_LEN": 1024, "H": 1, "HQ": 16, "D": 64, "S": 2, "block_size": 16, "is_causal": true}, "seed": 343, "status": "PASS", "call_event_ms": {"baseline": [0.05117440223693848, 0.05053439736366272, 0.05055999755859375, 0.05030400156974792], "candidate": [0.0414463996887207, 0.04139519929885864, 0.04106239974498749, 0.04147199988365173]}, "median_ms": {"baseline": 0.050547197461128235, "candidate": 0.04142079949378967}, "baseline_over_candidate": 1.2203336989839346}
{"case": {"B": 1, "SEQ_LEN": 256, "H": 1, "HQ": 16, "D": 64, "S": 4, "block_size": 16, "is_causal": true}, "candidate": "baseline", "phase": "compile_correctness"}
{"case": {"B": 1, "SEQ_LEN": 256, "H": 1, "HQ": 16, "D": 64, "S": 4, "block_size": 16, "is_causal": true}, "candidate": "candidate", "phase": "compile_correctness"}
2026-09-07 09:39:14  [TileLang:tilelang.cache.kernel_cache:WARNING] (kernel_cache.py:342): Found kernel 'kernel' in memory cache. For better performance, consider using `@tilelang.jit` instead of direct kernel caching.
{"case": {"B": 1, "SEQ_LEN": 256, "H": 1, "HQ": 16, "D": 64, "S": 4, "block_size": 16, "is_causal": true}, "seed": 343, "status": "PASS", "call_event_ms": {"baseline": [0.015718400478363037, 0.015539200603961944, 0.015513600409030914, 0.015513600409030914], "candidate": [0.015667200088500977, 0.015615999698638916, 0.015590399503707886, 0.015615999698638916]}, "median_ms": {"baseline": 0.015526400506496429, "candidate": 0.015615999698638916}, "baseline_over_candidate": 0.9942623467039196}
{"case": {"B": 2, "SEQ_LEN": 512, "H": 1, "HQ": 16, "D": 64, "S": 4, "block_size": 16, "is_causal": true}, "candidate": "baseline", "phase": "compile_correctness"}
{"case": {"B": 2, "SEQ_LEN": 512, "H": 1, "HQ": 16, "D": 64, "S": 4, "block_size": 16, "is_causal": true}, "candidate": "candidate", "phase": "compile_correctness"}
2026-09-07 09:39:15  [TileLang:tilelang.cache.kernel_cache:WARNING] (kernel_cache.py:342): Found kernel 'kernel' in memory cache. For better performance, consider using `@tilelang.jit` instead of direct kernel caching.
{"case": {"B": 2, "SEQ_LEN": 512, "H": 1, "HQ": 16, "D": 64, "S": 4, "block_size": 16, "is_causal": true}, "seed": 343, "status": "PASS", "call_event_ms": {"baseline": [0.02892799973487854, 0.028569599986076354, 0.028672000765800475, 0.028595200181007384], "candidate": [0.028697600960731505, 0.028697600960731505, 0.028518399596214293, 0.028646400570869444]}, "median_ms": {"baseline": 0.02863360047340393, "candidate": 0.028672000765800475}, "baseline_over_candidate": 0.9986607041235034}
{"case": {"B": 4, "SEQ_LEN": 1024, "H": 1, "HQ": 16, "D": 64, "S": 4, "block_size": 16, "is_causal": true}, "candidate": "baseline", "phase": "compile_correctness"}
{"case": {"B": 4, "SEQ_LEN": 1024, "H": 1, "HQ": 16, "D": 64, "S": 4, "block_size": 16, "is_causal": true}, "candidate": "candidate", "phase": "compile_correctness"}
2026-09-07 09:39:15  [TileLang:tilelang.cache.kernel_cache:WARNING] (kernel_cache.py:342): Found kernel 'kernel' in memory cache. For better performance, consider using `@tilelang.jit` instead of direct kernel caching.
{"case": {"B": 4, "SEQ_LEN": 1024, "H": 1, "HQ": 16, "D": 64, "S": 4, "block_size": 16, "is_causal": true}, "seed": 343, "status": "PASS", "call_event_ms": {"baseline": [0.07761920094490052, 0.07769600152969361, 0.0774399995803833, 0.07756800055503846], "candidate": [0.07767040133476258, 0.0774399995803833, 0.07759360074996949, 0.07754240036010743]}, "median_ms": {"baseline": 0.07759360074996949, "candidate": 0.07756800055503846}, "baseline_over_candidate": 1.0003300355139728}
{"case": {"B": 1, "SEQ_LEN": 256, "H": 1, "HQ": 16, "D": 64, "S": 8, "block_size": 16, "is_causal": true}, "candidate": "baseline", "phase": "compile_correctness"}
{"case": {"B": 1, "SEQ_LEN": 256, "H": 1, "HQ": 16, "D": 64, "S": 8, "block_size": 16, "is_causal": true}, "candidate": "candidate", "phase": "compile_correctness"}
2026-09-07 09:39:15  [TileLang:tilelang.cache.kernel_cache:WARNING] (kernel_cache.py:342): Found kernel 'kernel' in memory cache. For better performance, consider using `@tilelang.jit` instead of direct kernel caching.
{"case": {"B": 1, "SEQ_LEN": 256, "H": 1, "HQ": 16, "D": 64, "S": 8, "block_size": 16, "is_causal": true}, "seed": 343, "status": "PASS", "call_event_ms": {"baseline": [0.02455040067434311, 0.024422399699687958, 0.024422399699687958, 0.024422399699687958], "candidate": [0.02447360008955002, 0.02460159957408905, 0.024422399699687958, 0.024447999894618988]}, "median_ms": {"baseline": 0.024422399699687958, "candidate": 0.024460799992084503}, "baseline_over_candidate": 0.9984301293330974}
{"case": {"B": 2, "SEQ_LEN": 512, "H": 1, "HQ": 16, "D": 64, "S": 8, "block_size": 16, "is_causal": true}, "candidate": "baseline", "phase": "compile_correctness"}
{"case": {"B": 2, "SEQ_LEN": 512, "H": 1, "HQ": 16, "D": 64, "S": 8, "block_size": 16, "is_causal": true}, "candidate": "candidate", "phase": "compile_correctness"}
2026-09-07 09:39:15  [TileLang:tilelang.cache.kernel_cache:WARNING] (kernel_cache.py:342): Found kernel 'kernel' in memory cache. For better performance, consider using `@tilelang.jit` instead of direct kernel caching.
{"case": {"B": 2, "SEQ_LEN": 512, "H": 1, "HQ": 16, "D": 64, "S": 8, "block_size": 16, "is_causal": true}, "seed": 343, "status": "PASS", "call_event_ms": {"baseline": [0.04101119935512543, 0.040908798575401306, 0.04108799993991852, 0.04119040071964264], "candidate": [0.0414463996887207, 0.04136959910392761, 0.04152320027351379, 0.04154880046844482]}, "median_ms": {"baseline": 0.04104959964752197, "candidate": 0.041484799981117246}, "baseline_over_candidate": 0.9895094026295568}
{"case": {"B": 4, "SEQ_LEN": 1024, "H": 1, "HQ": 16, "D": 64, "S": 8, "block_size": 16, "is_causal": true}, "candidate": "baseline", "phase": "compile_correctness"}
{"case": {"B": 4, "SEQ_LEN": 1024, "H": 1, "HQ": 16, "D": 64, "S": 8, "block_size": 16, "is_causal": true}, "candidate": "candidate", "phase": "compile_correctness"}
2026-09-07 09:39:16  [TileLang:tilelang.cache.kernel_cache:WARNING] (kernel_cache.py:342): Found kernel 'kernel' in memory cache. For better performance, consider using `@tilelang.jit` instead of direct kernel caching.
{"case": {"B": 4, "SEQ_LEN": 1024, "H": 1, "HQ": 16, "D": 64, "S": 8, "block_size": 16, "is_causal": true}, "seed": 343, "status": "PASS", "call_event_ms": {"baseline": [0.1235200047492981, 0.12275199890136719, 0.12275199890136719, 0.12285439968109131], "candidate": [0.12282880544662475, 0.12252160310745239, 0.12267520427703857, 0.12277760505676269]}, "median_ms": {"baseline": 0.12280319929122925, "candidate": 0.12272640466690063}, "baseline_over_candidate": 1.0006257384019115}
{"case": {"B": 1, "SEQ_LEN": 1024, "H": 1, "HQ": 16, "D": 128, "S": 1, "block_size": 32, "is_causal": true}, "candidate": "baseline", "phase": "compile_correctness"}
{"case": {"B": 1, "SEQ_LEN": 1024, "H": 1, "HQ": 16, "D": 128, "S": 1, "block_size": 32, "is_causal": true}, "candidate": "candidate", "phase": "compile_correctness"}
2026-09-07 09:39:16  [TileLang:tilelang.jit.kernel:INFO] (kernel.py:129): TileLang begins to compile kernel `kernel` with `out_idx=None`
2026-09-07 09:39:19  [TileLang:tilelang.jit.kernel:INFO] (kernel.py:137): TileLang completes to compile kernel `kernel`
{"case": {"B": 1, "SEQ_LEN": 1024, "H": 1, "HQ": 16, "D": 128, "S": 1, "block_size": 32, "is_causal": true}, "seed": 343, "status": "PASS", "call_event_ms": {"baseline": [0.026393601298332216, 0.02467840015888214, 0.02457599937915802, 0.024371199309825897], "candidate": [0.021990400552749634, 0.021631999313831328, 0.021580800414085388, 0.021350400149822236]}, "median_ms": {"baseline": 0.02462719976902008, "candidate": 0.021606399863958358}, "baseline_over_candidate": 1.1398104230265922}
{"case": {"B": 2, "SEQ_LEN": 1024, "H": 1, "HQ": 16, "D": 128, "S": 1, "block_size": 32, "is_causal": true}, "candidate": "baseline", "phase": "compile_correctness"}
{"case": {"B": 2, "SEQ_LEN": 1024, "H": 1, "HQ": 16, "D": 128, "S": 1, "block_size": 32, "is_causal": true}, "candidate": "candidate", "phase": "compile_correctness"}
{"case": {"B": 2, "SEQ_LEN": 1024, "H": 1, "HQ": 16, "D": 128, "S": 1, "block_size": 32, "is_causal": true}, "seed": 343, "status": "PASS", "call_event_ms": {"baseline": [0.04508160054683685, 0.04403199851512909, 0.04439040124416351, 0.04426240026950836], "candidate": [0.03535360097885132, 0.034892800450325015, 0.034867200255393985, 0.034969601035118106]}, "median_ms": {"baseline": 0.044326400756835936, "candidate": 0.03493120074272156}, "baseline_over_candidate": 1.2689629847915265}
{"case": {"B": 4, "SEQ_LEN": 512, "H": 1, "HQ": 16, "D": 128, "S": 1, "block_size": 32, "is_causal": true}, "candidate": "baseline", "phase": "compile_correctness"}
{"case": {"B": 4, "SEQ_LEN": 512, "H": 1, "HQ": 16, "D": 128, "S": 1, "block_size": 32, "is_causal": true}, "candidate": "candidate", "phase": "compile_correctness"}
{"case": {"B": 4, "SEQ_LEN": 512, "H": 1, "HQ": 16, "D": 128, "S": 1, "block_size": 32, "is_causal": true}, "seed": 343, "status": "PASS", "call_event_ms": {"baseline": [0.045158401131629944, 0.04444159865379334, 0.04436480104923248, 0.04433920085430145], "candidate": [0.034841600060462954, 0.03473919928073883, 0.0347135990858078, 0.03466239869594574]}, "median_ms": {"baseline": 0.044403199851512906, "candidate": 0.03472639918327332}, "baseline_over_candidate": 1.2786583376286424}
{"case": {"B": 8, "SEQ_LEN": 256, "H": 1, "HQ": 16, "D": 128, "S": 1, "block_size": 32, "is_causal": true}, "candidate": "baseline", "phase": "compile_correctness"}
{"case": {"B": 8, "SEQ_LEN": 256, "H": 1, "HQ": 16, "D": 128, "S": 1, "block_size": 32, "is_causal": true}, "candidate": "candidate", "phase": "compile_correctness"}
{"case": {"B": 8, "SEQ_LEN": 256, "H": 1, "HQ": 16, "D": 128, "S": 1, "block_size": 32, "is_causal": true}, "seed": 343, "status": "PASS", "call_event_ms": {"baseline": [0.045363199710845944, 0.04431360065937042, 0.04431360065937042, 0.0444927990436554], "candidate": [0.034969601035118106, 0.034790399670600894, 0.03468799889087677, 0.034867200255393985]}, "median_ms": {"baseline": 0.044403199851512906, "candidate": 0.03482879996299744}, "baseline_over_candidate": 1.2748989313064887}
{"case": {"B": 1, "SEQ_LEN": 2048, "H": 1, "HQ": 16, "D": 32, "S": 1, "block_size": 16, "is_causal": true}, "candidate": "baseline", "phase": "compile_correctness"}
{"case": {"B": 1, "SEQ_LEN": 2048, "H": 1, "HQ": 16, "D": 32, "S": 1, "block_size": 16, "is_causal": true}, "candidate": "candidate", "phase": "compile_correctness"}
2026-09-07 09:39:21  [TileLang:tilelang.cache.kernel_cache:WARNING] (kernel_cache.py:342): Found kernel 'kernel' in memory cache. For better performance, consider using `@tilelang.jit` instead of direct kernel caching.
{"case": {"B": 1, "SEQ_LEN": 2048, "H": 1, "HQ": 16, "D": 32, "S": 1, "block_size": 16, "is_causal": true}, "seed": 343, "status": "PASS", "call_event_ms": {"baseline": [0.011340799927711486, 0.010700800269842149, 0.011392000317573547, 0.010726399719715118], "candidate": [0.01090560033917427, 0.010598400235176086, 0.010470400005578995, 0.010547199845314026]}, "median_ms": {"baseline": 0.011033599823713302, "candidate": 0.010572800040245056}, "baseline_over_candidate": 1.0435835144629828}
{"case": {"B": 4, "SEQ_LEN": 2048, "H": 1, "HQ": 16, "D": 32, "S": 1, "block_size": 16, "is_causal": true}, "candidate": "baseline", "phase": "compile_correctness"}
{"case": {"B": 4, "SEQ_LEN": 2048, "H": 1, "HQ": 16, "D": 32, "S": 1, "block_size": 16, "is_causal": true}, "candidate": "candidate", "phase": "compile_correctness"}
2026-09-07 09:39:21  [TileLang:tilelang.cache.kernel_cache:WARNING] (kernel_cache.py:342): Found kernel 'kernel' in memory cache. For better performance, consider using `@tilelang.jit` instead of direct kernel caching.
{"case": {"B": 4, "SEQ_LEN": 2048, "H": 1, "HQ": 16, "D": 32, "S": 1, "block_size": 16, "is_causal": true}, "seed": 343, "status": "PASS", "call_event_ms": {"baseline": [0.02475520074367523, 0.02457599937915802, 0.024806399643421174, 0.024780799448490144], "candidate": [0.024831999838352204, 0.02462719976902008, 0.02455040067434311, 0.02460159957408905]}, "median_ms": {"baseline": 0.02476800009608269, "candidate": 0.024614399671554564}, "baseline_over_candidate": 1.0062402669403971}
{"case": {"B": 8, "SEQ_LEN": 2048, "H": 1, "HQ": 16, "D": 32, "S": 1, "block_size": 16, "is_causal": true}, "candidate": "baseline", "phase": "compile_correctness"}
{"case": {"B": 8, "SEQ_LEN": 2048, "H": 1, "HQ": 16, "D": 32, "S": 1, "block_size": 16, "is_causal": true}, "candidate": "candidate", "phase": "compile_correctness"}
2026-09-07 09:39:22  [TileLang:tilelang.cache.kernel_cache:WARNING] (kernel_cache.py:342): Found kernel 'kernel' in memory cache. For better performance, consider using `@tilelang.jit` instead of direct kernel caching.
{"case": {"B": 8, "SEQ_LEN": 2048, "H": 1, "HQ": 16, "D": 32, "S": 1, "block_size": 16, "is_causal": true}, "seed": 343, "status": "PASS", "call_event_ms": {"baseline": [0.04111360013484955, 0.040755200386047366, 0.04080640077590943, 0.0409855991601944], "candidate": [0.04083200097084046, 0.040780800580978396, 0.040908798575401306, 0.04095999896526337]}, "median_ms": {"baseline": 0.04089599996805191, "candidate": 0.04087039977312088}, "baseline_over_candidate": 1.000626374957748}
{"case": {"B": 1, "SEQ_LEN": 48, "H": 1, "HQ": 16, "D": 32, "S": 1, "block_size": 16, "is_causal": true}, "candidate": "baseline", "phase": "compile_correctness"}
{"case": {"B": 1, "SEQ_LEN": 48, "H": 1, "HQ": 16, "D": 32, "S": 1, "block_size": 16, "is_causal": true}, "candidate": "candidate", "phase": "compile_correctness"}
2026-09-07 09:39:22  [TileLang:tilelang.cache.kernel_cache:WARNING] (kernel_cache.py:342): Found kernel 'kernel' in memory cache. For better performance, consider using `@tilelang.jit` instead of direct kernel caching.
{"case": {"B": 1, "SEQ_LEN": 48, "H": 1, "HQ": 16, "D": 32, "S": 1, "block_size": 16, "is_causal": true}, "seed": 343, "status": "PASS", "call_event_ms": {"baseline": [0.011238399893045425, 0.010572800040245056, 0.010239999741315842, 0.010316800326108932], "candidate": [0.010828799754381179, 0.010419200360774993, 0.011238399893045425, 0.010521599650382995]}, "median_ms": {"baseline": 0.010444800183176995, "candidate": 0.010675199702382086}, "baseline_over_candidate": 0.9784173106238303}
{"case": {"B": 2, "SEQ_LEN": 48, "H": 1, "HQ": 16, "D": 32, "S": 1, "block_size": 16, "is_causal": true}, "candidate": "baseline", "phase": "compile_correctness"}
{"case": {"B": 2, "SEQ_LEN": 48, "H": 1, "HQ": 16, "D": 32, "S": 1, "block_size": 16, "is_causal": true}, "candidate": "candidate", "phase": "compile_correctness"}
2026-09-07 09:39:22  [TileLang:tilelang.cache.kernel_cache:WARNING] (kernel_cache.py:342): Found kernel 'kernel' in memory cache. For better performance, consider using `@tilelang.jit` instead of direct kernel caching.
{"case": {"B": 2, "SEQ_LEN": 48, "H": 1, "HQ": 16, "D": 32, "S": 1, "block_size": 16, "is_causal": true}, "seed": 343, "status": "PASS", "call_event_ms": {"baseline": [0.011340799927711486, 0.010393600165843963, 0.011238399893045425, 0.010265599936246872], "candidate": [0.010700800269842149, 0.010572800040245056, 0.010521599650382995, 0.010393600165843963]}, "median_ms": {"baseline": 0.010816000029444694, "candidate": 0.010547199845314026}, "baseline_over_candidate": 1.0254854547247527}
{"case": {"B": 4, "SEQ_LEN": 48, "H": 1, "HQ": 16, "D": 32, "S": 1, "block_size": 16, "is_causal": true}, "candidate": "baseline", "phase": "compile_correctness"}
{"case": {"B": 4, "SEQ_LEN": 48, "H": 1, "HQ": 16, "D": 32, "S": 1, "block_size": 16, "is_causal": true}, "candidate": "candidate", "phase": "compile_correctness"}
2026-09-07 09:39:22  [TileLang:tilelang.cache.kernel_cache:WARNING] (kernel_cache.py:342): Found kernel 'kernel' in memory cache. For better performance, consider using `@tilelang.jit` instead of direct kernel caching.
{"case": {"B": 4, "SEQ_LEN": 48, "H": 1, "HQ": 16, "D": 32, "S": 1, "block_size": 16, "is_causal": true}, "seed": 343, "status": "PASS", "call_event_ms": {"baseline": [0.011264000087976456, 0.010444799810647965, 0.010444799810647965, 0.010367999970912933], "candidate": [0.010751999914646149, 0.010649599879980088, 0.010367999970912933, 0.010367999970912933]}, "median_ms": {"baseline": 0.010444799810647965, "candidate": 0.01050879992544651}, "baseline_over_candidate": 0.9939098550498071}
{"case": {"B": 8, "SEQ_LEN": 48, "H": 1, "HQ": 16, "D": 32, "S": 1, "block_size": 16, "is_causal": true}, "candidate": "baseline", "phase": "compile_correctness"}
{"case": {"B": 8, "SEQ_LEN": 48, "H": 1, "HQ": 16, "D": 32, "S": 1, "block_size": 16, "is_causal": true}, "candidate": "candidate", "phase": "compile_correctness"}
2026-09-07 09:39:22  [TileLang:tilelang.cache.kernel_cache:WARNING] (kernel_cache.py:342): Found kernel 'kernel' in memory cache. For better performance, consider using `@tilelang.jit` instead of direct kernel caching.
{"case": {"B": 8, "SEQ_LEN": 48, "H": 1, "HQ": 16, "D": 32, "S": 1, "block_size": 16, "is_causal": true}, "seed": 343, "status": "PASS", "call_event_ms": {"baseline": [0.011340799927711486, 0.010444799810647965, 0.011366400122642516, 0.010239999741315842], "candidate": [0.010623999685049058, 0.010342399775981902, 0.010470400005578995, 0.010239999741315842]}, "median_ms": {"baseline": 0.010892799869179726, "candidate": 0.01040639989078045}, "baseline_over_candidate": 1.0467404658195196}
{"case": {"B": 1, "SEQ_LEN": 96, "H": 1, "HQ": 16, "D": 32, "S": 1, "block_size": 16, "is_causal": true}, "candidate": "baseline", "phase": "compile_correctness"}
{"case": {"B": 1, "SEQ_LEN": 96, "H": 1, "HQ": 16, "D": 32, "S": 1, "block_size": 16, "is_causal": true}, "candidate": "candidate", "phase": "compile_correctness"}
2026-09-07 09:39:23  [TileLang:tilelang.cache.kernel_cache:WARNING] (kernel_cache.py:342): Found kernel 'kernel' in memory cache. For better performance, consider using `@tilelang.jit` instead of direct kernel caching.
{"case": {"B": 1, "SEQ_LEN": 96, "H": 1, "HQ": 16, "D": 32, "S": 1, "block_size": 16, "is_causal": true}, "seed": 343, "status": "PASS", "call_event_ms": {"baseline": [0.011059200018644333, 0.010393600165843963, 0.010163199901580811, 0.010316800326108932], "candidate": [0.010777600109577179, 0.010496000200510025, 0.010342399775981902, 0.011315199732780456]}, "median_ms": {"baseline": 0.010355200245976448, "candidate": 0.010636800155043601}, "baseline_over_candidate": 0.973525881377622}
{"case": {"B": 2, "SEQ_LEN": 96, "H": 1, "HQ": 16, "D": 32, "S": 1, "block_size": 16, "is_causal": true}, "candidate": "baseline", "phase": "compile_correctness"}
{"case": {"B": 2, "SEQ_LEN": 96, "H": 1, "HQ": 16, "D": 32, "S": 1, "block_size": 16, "is_causal": true}, "candidate": "candidate", "phase": "compile_correctness"}
2026-09-07 09:39:23  [TileLang:tilelang.cache.kernel_cache:WARNING] (kernel_cache.py:342): Found kernel 'kernel' in memory cache. For better performance, consider using `@tilelang.jit` instead of direct kernel caching.
{"case": {"B": 2, "SEQ_LEN": 96, "H": 1, "HQ": 16, "D": 32, "S": 1, "block_size": 16, "is_causal": true}, "seed": 343, "status": "PASS", "call_event_ms": {"baseline": [0.011212799698114395, 0.010393600165843963, 0.010342399775981902, 0.010239999741315842], "candidate": [0.010777600109577179, 0.010342399775981902, 0.010214400291442872, 0.011622399836778641]}, "median_ms": {"baseline": 0.010367999970912933, "candidate": 0.01055999994277954}, "baseline_over_candidate": 0.9818181843838087}
{"case": {"B": 4, "SEQ_LEN": 96, "H": 1, "HQ": 16, "D": 32, "S": 1, "block_size": 16, "is_causal": true}, "candidate": "baseline", "phase": "compile_correctness"}
{"case": {"B": 4, "SEQ_LEN": 96, "H": 1, "HQ": 16, "D": 32, "S": 1, "block_size": 16, "is_causal": true}, "candidate": "candidate", "phase": "compile_correctness"}
2026-09-07 09:39:23  [TileLang:tilelang.cache.kernel_cache:WARNING] (kernel_cache.py:342): Found kernel 'kernel' in memory cache. For better performance, consider using `@tilelang.jit` instead of direct kernel caching.
{"case": {"B": 4, "SEQ_LEN": 96, "H": 1, "HQ": 16, "D": 32, "S": 1, "block_size": 16, "is_causal": true}, "seed": 343, "status": "PASS", "call_event_ms": {"baseline": [0.011212799698114395, 0.010598400235176086, 0.010291200131177902, 0.010265599936246872], "candidate": [0.010726399719715118, 0.010265599936246872, 0.010367999970912933, 0.010496000200510025]}, "median_ms": {"baseline": 0.010444800183176995, "candidate": 0.01043200008571148}, "baseline_over_candidate": 1.001227003197886}
{"case": {"B": 8, "SEQ_LEN": 96, "H": 1, "HQ": 16, "D": 32, "S": 1, "block_size": 16, "is_causal": true}, "candidate": "baseline", "phase": "compile_correctness"}
{"case": {"B": 8, "SEQ_LEN": 96, "H": 1, "HQ": 16, "D": 32, "S": 1, "block_size": 16, "is_causal": true}, "candidate": "candidate", "phase": "compile_correctness"}
2026-09-07 09:39:23  [TileLang:tilelang.cache.kernel_cache:WARNING] (kernel_cache.py:342): Found kernel 'kernel' in memory cache. For better performance, consider using `@tilelang.jit` instead of direct kernel caching.
{"case": {"B": 8, "SEQ_LEN": 96, "H": 1, "HQ": 16, "D": 32, "S": 1, "block_size": 16, "is_causal": true}, "seed": 343, "status": "PASS", "call_event_ms": {"baseline": [0.011187200248241425, 0.010393600165843963, 0.010291200131177902, 0.011443199962377549], "candidate": [0.01088000014424324, 0.010751999914646149, 0.010572800040245056, 0.010547199845314026]}, "median_ms": {"baseline": 0.010790400207042694, "candidate": 0.010662399977445603}, "baseline_over_candidate": 1.012004823479503}
{"case": {"B": 1, "SEQ_LEN": 4096, "H": 1, "HQ": 16, "D": 64, "S": 1, "block_size": 16, "is_causal": true}, "candidate": "baseline", "phase": "compile_correctness"}
{"case": {"B": 1, "SEQ_LEN": 4096, "H": 1, "HQ": 16, "D": 64, "S": 1, "block_size": 16, "is_causal": true}, "candidate": "candidate", "phase": "compile_correctness"}
2026-09-07 09:39:23  [TileLang:tilelang.cache.kernel_cache:WARNING] (kernel_cache.py:342): Found kernel 'kernel' in memory cache. For better performance, consider using `@tilelang.jit` instead of direct kernel caching.
{"case": {"B": 1, "SEQ_LEN": 4096, "H": 1, "HQ": 16, "D": 64, "S": 1, "block_size": 16, "is_causal": true}, "seed": 343, "status": "PASS", "call_event_ms": {"baseline": [0.02913280129432678, 0.029363200068473816, 0.02969599962234497, 0.029158401489257812], "candidate": [0.02967039942741394, 0.029337599873542786, 0.029388800263404846, 0.029491201043128967]}, "median_ms": {"baseline": 0.029260800778865816, "candidate": 0.029440000653266907}, "baseline_over_candidate": 0.9939130478795962}
{"case": {"B": 1, "SEQ_LEN": 4096, "H": 1, "HQ": 16, "D": 128, "S": 1, "block_size": 16, "is_causal": true}, "candidate": "baseline", "phase": "compile_correctness"}
{"case": {"B": 1, "SEQ_LEN": 4096, "H": 1, "HQ": 16, "D": 128, "S": 1, "block_size": 16, "is_causal": true}, "candidate": "candidate", "phase": "compile_correctness"}
2026-09-07 09:39:24  [TileLang:tilelang.jit.kernel:INFO] (kernel.py:129): TileLang begins to compile kernel `kernel` with `out_idx=None`
2026-09-07 09:39:27  [TileLang:tilelang.jit.kernel:INFO] (kernel.py:137): TileLang completes to compile kernel `kernel`
{"case": {"B": 1, "SEQ_LEN": 4096, "H": 1, "HQ": 16, "D": 128, "S": 1, "block_size": 16, "is_causal": true}, "seed": 343, "status": "PASS", "call_event_ms": {"baseline": [0.06044160127639771, 0.05775359869003296, 0.057062399387359616, 0.05678079724311828], "candidate": [0.05066239833831787, 0.05015040040016174, 0.050944000482559204, 0.05066239833831787]}, "median_ms": {"baseline": 0.057407999038696284, "candidate": 0.05066239833831787}, "baseline_over_candidate": 1.1331480727645786}
{"case": {"B": 2, "SEQ_LEN": 4096, "H": 1, "HQ": 16, "D": 64, "S": 1, "block_size": 16, "is_causal": true}, "candidate": "baseline", "phase": "compile_correctness"}
{"case": {"B": 2, "SEQ_LEN": 4096, "H": 1, "HQ": 16, "D": 64, "S": 1, "block_size": 16, "is_causal": true}, "candidate": "candidate", "phase": "compile_correctness"}
2026-09-07 09:39:28  [TileLang:tilelang.cache.kernel_cache:WARNING] (kernel_cache.py:342): Found kernel 'kernel' in memory cache. For better performance, consider using `@tilelang.jit` instead of direct kernel caching.
{"case": {"B": 2, "SEQ_LEN": 4096, "H": 1, "HQ": 16, "D": 64, "S": 1, "block_size": 16, "is_causal": true}, "seed": 343, "status": "PASS", "call_event_ms": {"baseline": [0.04935680031776428, 0.04907520115375519, 0.04956159889698029, 0.04966399967670441], "candidate": [0.04968959987163544, 0.04963839948177338, 0.04943360090255737, 0.04984320104122162]}, "median_ms": {"baseline": 0.04945919960737229, "candidate": 0.04966399967670441}, "baseline_over_candidate": 0.9958762872369261}
{"case": {"B": 4, "SEQ_LEN": 4096, "H": 1, "HQ": 16, "D": 64, "S": 1, "block_size": 16, "is_causal": true}, "candidate": "baseline", "phase": "compile_correctness"}
{"case": {"B": 4, "SEQ_LEN": 4096, "H": 1, "HQ": 16, "D": 64, "S": 1, "block_size": 16, "is_causal": true}, "candidate": "candidate", "phase": "compile_correctness"}
2026-09-07 09:39:28  [TileLang:tilelang.cache.kernel_cache:WARNING] (kernel_cache.py:342): Found kernel 'kernel' in memory cache. For better performance, consider using `@tilelang.jit` instead of direct kernel caching.
{"case": {"B": 4, "SEQ_LEN": 4096, "H": 1, "HQ": 16, "D": 64, "S": 1, "block_size": 16, "is_causal": true}, "seed": 343, "status": "PASS", "call_event_ms": {"baseline": [0.08885759711265565, 0.08919039964675904, 0.08934400081634522, 0.08911359906196595], "candidate": [0.088755202293396, 0.08872960209846496, 0.08860160112380981, 0.08791040182113648]}, "median_ms": {"baseline": 0.0891519993543625, "candidate": 0.08866560161113739}, "baseline_over_candidate": 1.0054857547277276}
{"case": {"B": 8, "SEQ_LEN": 4096, "H": 1, "HQ": 16, "D": 64, "S": 1, "block_size": 16, "is_causal": true}, "candidate": "baseline", "phase": "compile_correctness"}
{"case": {"B": 8, "SEQ_LEN": 4096, "H": 1, "HQ": 16, "D": 64, "S": 1, "block_size": 16, "is_causal": true}, "candidate": "candidate", "phase": "compile_correctness"}
2026-09-07 09:39:29  [TileLang:tilelang.cache.kernel_cache:WARNING] (kernel_cache.py:342): Found kernel 'kernel' in memory cache. For better performance, consider using `@tilelang.jit` instead of direct kernel caching.
{"case": {"B": 8, "SEQ_LEN": 4096, "H": 1, "HQ": 16, "D": 64, "S": 1, "block_size": 16, "is_causal": true}, "seed": 343, "status": "PASS", "call_event_ms": {"baseline": [0.1700096011161804, 0.16762880086898804, 0.16839679479598998, 0.16857600212097168], "candidate": [0.16883200407028198, 0.16919039487838744, 0.16903680562973022, 0.1690111994743347]}, "median_ms": {"baseline": 0.16848639845848085, "candidate": 0.16902400255203248}, "baseline_over_candidate": 0.99681936242525}
{"case": {"B": 1, "SEQ_LEN": 8192, "H": 1, "HQ": 16, "D": 64, "S": 1, "block_size": 16, "is_causal": true}, "candidate": "baseline", "phase": "compile_correctness"}
{"case": {"B": 1, "SEQ_LEN": 8192, "H": 1, "HQ": 16, "D": 64, "S": 1, "block_size": 16, "is_causal": true}, "candidate": "candidate", "phase": "compile_correctness"}
2026-09-07 09:39:29  [TileLang:tilelang.cache.kernel_cache:WARNING] (kernel_cache.py:342): Found kernel 'kernel' in memory cache. For better performance, consider using `@tilelang.jit` instead of direct kernel caching.
{"case": {"B": 1, "SEQ_LEN": 8192, "H": 1, "HQ": 16, "D": 64, "S": 1, "block_size": 16, "is_causal": true}, "seed": 343, "status": "PASS", "call_event_ms": {"baseline": [0.0497408002614975, 0.048767998814582825, 0.048844799399375916, 0.0489984005689621], "candidate": [0.04991999864578247, 0.0494592010974884, 0.05002239942550659, 0.04948480129241943]}, "median_ms": {"baseline": 0.048921599984169006, "candidate": 0.04970239996910095}, "baseline_over_candidate": 0.9842904973317718}
{"case": {"B": 1, "SEQ_LEN": 8192, "H": 1, "HQ": 16, "D": 128, "S": 1, "block_size": 16, "is_causal": true}, "candidate": "baseline", "phase": "compile_correctness"}
{"case": {"B": 1, "SEQ_LEN": 8192, "H": 1, "HQ": 16, "D": 128, "S": 1, "block_size": 16, "is_causal": true}, "candidate": "candidate", "phase": "compile_correctness"}
2026-09-07 09:39:30  [TileLang:tilelang.jit.kernel:INFO] (kernel.py:129): TileLang begins to compile kernel `kernel` with `out_idx=None`
2026-09-07 09:39:33  [TileLang:tilelang.jit.kernel:INFO] (kernel.py:137): TileLang completes to compile kernel `kernel`
{"case": {"B": 1, "SEQ_LEN": 8192, "H": 1, "HQ": 16, "D": 128, "S": 1, "block_size": 16, "is_causal": true}, "seed": 343, "status": "PASS", "call_event_ms": {"baseline": [0.10437120199203491, 0.10245120525360107, 0.10178560018539429, 0.10140160322189332], "candidate": [0.09372159838676453, 0.09344000220298768, 0.0932864010334015, 0.09244160056114196]}, "median_ms": {"baseline": 0.10211840271949768, "candidate": 0.09336320161819459}, "baseline_over_candidate": 1.093775716230332}
{"case": {"B": 2, "SEQ_LEN": 8192, "H": 1, "HQ": 16, "D": 64, "S": 1, "block_size": 16, "is_causal": true}, "candidate": "baseline", "phase": "compile_correctness"}
{"case": {"B": 2, "SEQ_LEN": 8192, "H": 1, "HQ": 16, "D": 64, "S": 1, "block_size": 16, "is_causal": true}, "candidate": "candidate", "phase": "compile_correctness"}
2026-09-07 09:39:34  [TileLang:tilelang.cache.kernel_cache:WARNING] (kernel_cache.py:342): Found kernel 'kernel' in memory cache. For better performance, consider using `@tilelang.jit` instead of direct kernel caching.
{"case": {"B": 2, "SEQ_LEN": 8192, "H": 1, "HQ": 16, "D": 64, "S": 1, "block_size": 16, "is_causal": true}, "seed": 343, "status": "PASS", "call_event_ms": {"baseline": [0.0899839997291565, 0.0892416000366211, 0.08960000276565552, 0.08970239758491516], "candidate": [0.0899071991443634, 0.08919039964675904, 0.08954880237579346, 0.08921599984169007]}, "median_ms": {"baseline": 0.08965120017528534, "candidate": 0.08938240110874177}, "baseline_over_candidate": 1.0030072929705318}
{"case": {"B": 4, "SEQ_LEN": 8192, "H": 1, "HQ": 16, "D": 32, "S": 1, "block_size": 16, "is_causal": true}, "candidate": "baseline", "phase": "compile_correctness"}
{"case": {"B": 4, "SEQ_LEN": 8192, "H": 1, "HQ": 16, "D": 32, "S": 1, "block_size": 16, "is_causal": true}, "candidate": "candidate", "phase": "compile_correctness"}
2026-09-07 09:39:35  [TileLang:tilelang.cache.kernel_cache:WARNING] (kernel_cache.py:342): Found kernel 'kernel' in memory cache. For better performance, consider using `@tilelang.jit` instead of direct kernel caching.
{"case": {"B": 4, "SEQ_LEN": 8192, "H": 1, "HQ": 16, "D": 32, "S": 1, "block_size": 16, "is_causal": true}, "seed": 343, "status": "PASS", "call_event_ms": {"baseline": [0.07454720139503479, 0.07477759718894958, 0.07454720139503479, 0.07434239983558655], "candidate": [0.07470080256462097, 0.07431679964065552, 0.07434239983558655, 0.07449600100517273]}, "median_ms": {"baseline": 0.07454720139503479, "candidate": 0.07441920042037964}, "baseline_over_candidate": 1.001719999327218}
{"case": {"B": 1, "SEQ_LEN": 16384, "H": 1, "HQ": 16, "D": 32, "S": 1, "block_size": 16, "is_causal": true}, "candidate": "baseline", "phase": "compile_correctness"}
{"case": {"B": 1, "SEQ_LEN": 16384, "H": 1, "HQ": 16, "D": 32, "S": 1, "block_size": 16, "is_causal": true}, "candidate": "candidate", "phase": "compile_correctness"}
2026-09-07 09:39:35  [TileLang:tilelang.cache.kernel_cache:WARNING] (kernel_cache.py:342): Found kernel 'kernel' in memory cache. For better performance, consider using `@tilelang.jit` instead of direct kernel caching.
{"case": {"B": 1, "SEQ_LEN": 16384, "H": 1, "HQ": 16, "D": 32, "S": 1, "block_size": 16, "is_causal": true}, "seed": 343, "status": "PASS", "call_event_ms": {"baseline": [0.04160000085830688, 0.04152320027351379, 0.04142079949378967, 0.0414463996887207], "candidate": [0.04160000085830688, 0.04139519929885864, 0.04142079949378967, 0.04131839871406555]}, "median_ms": {"baseline": 0.041484799981117246, "candidate": 0.041407999396324155}, "baseline_over_candidate": 1.0018547282146626}
{"case": {"B": 1, "SEQ_LEN": 16384, "H": 1, "HQ": 16, "D": 64, "S": 1, "block_size": 16, "is_causal": true}, "candidate": "baseline", "phase": "compile_correctness"}
{"case": {"B": 1, "SEQ_LEN": 16384, "H": 1, "HQ": 16, "D": 64, "S": 1, "block_size": 16, "is_causal": true}, "candidate": "candidate", "phase": "compile_correctness"}
2026-09-07 09:39:36  [TileLang:tilelang.cache.kernel_cache:WARNING] (kernel_cache.py:342): Found kernel 'kernel' in memory cache. For better performance, consider using `@tilelang.jit` instead of direct kernel caching.
{"case": {"B": 1, "SEQ_LEN": 16384, "H": 1, "HQ": 16, "D": 64, "S": 1, "block_size": 16, "is_causal": true}, "seed": 343, "status": "PASS", "call_event_ms": {"baseline": [0.09149439930915833, 0.09221119880676269, 0.09149439930915833, 0.09128959774971009], "candidate": [0.09149439930915833, 0.09292799830436707, 0.09128959774971009, 0.0906495988368988]}, "median_ms": {"baseline": 0.09149439930915833, "candidate": 0.0913919985294342}, "baseline_over_candidate": 1.001120456728946}
{"case": {"B": 2, "SEQ_LEN": 16384, "H": 1, "HQ": 16, "D": 32, "S": 1, "block_size": 16, "is_causal": true}, "candidate": "baseline", "phase": "compile_correctness"}
{"case": {"B": 2, "SEQ_LEN": 16384, "H": 1, "HQ": 16, "D": 32, "S": 1, "block_size": 16, "is_causal": true}, "candidate": "candidate", "phase": "compile_correctness"}
2026-09-07 09:39:37  [TileLang:tilelang.cache.kernel_cache:WARNING] (kernel_cache.py:342): Found kernel 'kernel' in memory cache. For better performance, consider using `@tilelang.jit` instead of direct kernel caching.
{"case": {"B": 2, "SEQ_LEN": 16384, "H": 1, "HQ": 16, "D": 32, "S": 1, "block_size": 16, "is_causal": true}, "seed": 343, "status": "PASS", "call_event_ms": {"baseline": [0.07477759718894958, 0.07682560086250305, 0.07445250153541565, 0.07457280158996582], "candidate": [0.07477759718894958, 0.07467520236968994, 0.07505919933319091, 0.07459840178489685]}, "median_ms": {"baseline": 0.0746751993894577, "candidate": 0.07472639977931976}, "baseline_over_candidate": 0.9993148286279914}
