Loading tilelang libs from dev root: /opt/tilelang-metax-v0.1.10/build
{"case": {"B": 1, "SEQ_LEN": 64, "H": 1, "HQ": 16, "D": 32, "S": 1, "block_size": 16, "is_causal": true}, "candidate": "baseline", "phase": "compile_correctness"}
{"case": {"B": 1, "SEQ_LEN": 64, "H": 1, "HQ": 16, "D": 32, "S": 1, "block_size": 16, "is_causal": true}, "candidate": "candidate", "phase": "compile_correctness"}
2026-09-07 10:52:03  [TileLang:tilelang.cache.kernel_cache:WARNING] (kernel_cache.py:342): Found kernel 'kernel' in memory cache. For better performance, consider using `@tilelang.jit` instead of direct kernel caching.
{"case": {"B": 1, "SEQ_LEN": 64, "H": 1, "HQ": 16, "D": 32, "S": 1, "block_size": 16, "is_causal": true}, "seed": 378, "status": "PASS", "call_event_ms": {"baseline": [0.011980800330638886, 0.010316800326108932, 0.010291200131177902, 0.010342399775981902], "candidate": [0.01088000014424324, 0.010419200360774993, 0.010393600165843963, 0.010188800096511842]}, "median_ms": {"baseline": 0.010329600051045417, "candidate": 0.010406400263309478}, "baseline_over_candidate": 0.9926199059885443}
{"case": {"B": 1, "SEQ_LEN": 64, "H": 1, "HQ": 16, "D": 64, "S": 1, "block_size": 16, "is_causal": true}, "candidate": "baseline", "phase": "compile_correctness"}
{"case": {"B": 1, "SEQ_LEN": 64, "H": 1, "HQ": 16, "D": 64, "S": 1, "block_size": 16, "is_causal": true}, "candidate": "candidate", "phase": "compile_correctness"}
2026-09-07 10:52:03  [TileLang:tilelang.cache.kernel_cache:WARNING] (kernel_cache.py:342): Found kernel 'kernel' in memory cache. For better performance, consider using `@tilelang.jit` instead of direct kernel caching.
{"case": {"B": 1, "SEQ_LEN": 64, "H": 1, "HQ": 16, "D": 64, "S": 1, "block_size": 16, "is_causal": true}, "seed": 378, "status": "PASS", "call_event_ms": {"baseline": [0.011264000087976456, 0.010444799810647965, 0.010521599650382995, 0.012108799815177918], "candidate": [0.01088000014424324, 0.01088000014424324, 0.010598400235176086, 0.010598400235176086]}, "median_ms": {"baseline": 0.010892799869179726, "candidate": 0.010739200189709662}, "baseline_over_candidate": 1.014302711259377}
{"case": {"B": 1, "SEQ_LEN": 64, "H": 1, "HQ": 16, "D": 128, "S": 1, "block_size": 16, "is_causal": true}, "candidate": "baseline", "phase": "compile_correctness"}
{"case": {"B": 1, "SEQ_LEN": 64, "H": 1, "HQ": 16, "D": 128, "S": 1, "block_size": 16, "is_causal": true}, "candidate": "candidate", "phase": "compile_correctness"}
{"case": {"B": 1, "SEQ_LEN": 64, "H": 1, "HQ": 16, "D": 128, "S": 1, "block_size": 16, "is_causal": true}, "seed": 378, "status": "PASS", "call_event_ms": {"baseline": [0.012083200365304947, 0.011315199732780456, 0.011417599767446518, 0.011289600282907486], "candidate": [0.010623999685049058, 0.010521599650382995, 0.011059200018644333, 0.010700800269842149]}, "median_ms": {"baseline": 0.011366399750113488, "candidate": 0.010662399977445603}, "baseline_over_candidate": 1.0660263893829784}
{"case": {"B": 1, "SEQ_LEN": 128, "H": 1, "HQ": 16, "D": 32, "S": 1, "block_size": 16, "is_causal": true}, "candidate": "baseline", "phase": "compile_correctness"}
{"case": {"B": 1, "SEQ_LEN": 128, "H": 1, "HQ": 16, "D": 32, "S": 1, "block_size": 16, "is_causal": true}, "candidate": "candidate", "phase": "compile_correctness"}
2026-09-07 10:52:04  [TileLang:tilelang.cache.kernel_cache:WARNING] (kernel_cache.py:342): Found kernel 'kernel' in memory cache. For better performance, consider using `@tilelang.jit` instead of direct kernel caching.
{"case": {"B": 1, "SEQ_LEN": 128, "H": 1, "HQ": 16, "D": 32, "S": 1, "block_size": 16, "is_causal": true}, "seed": 378, "status": "PASS", "call_event_ms": {"baseline": [0.011059200018644333, 0.010265599936246872, 0.010444799810647965, 0.010393600165843963], "candidate": [0.010572800040245056, 0.010572800040245056, 0.010572800040245056, 0.011417599767446518]}, "median_ms": {"baseline": 0.010419199988245965, "candidate": 0.010572800040245056}, "baseline_over_candidate": 0.9854721501007854}
{"case": {"B": 1, "SEQ_LEN": 128, "H": 1, "HQ": 16, "D": 64, "S": 1, "block_size": 16, "is_causal": true}, "candidate": "baseline", "phase": "compile_correctness"}
{"case": {"B": 1, "SEQ_LEN": 128, "H": 1, "HQ": 16, "D": 64, "S": 1, "block_size": 16, "is_causal": true}, "candidate": "candidate", "phase": "compile_correctness"}
2026-09-07 10:52:04  [TileLang:tilelang.cache.kernel_cache:WARNING] (kernel_cache.py:342): Found kernel 'kernel' in memory cache. For better performance, consider using `@tilelang.jit` instead of direct kernel caching.
{"case": {"B": 1, "SEQ_LEN": 128, "H": 1, "HQ": 16, "D": 64, "S": 1, "block_size": 16, "is_causal": true}, "seed": 378, "status": "PASS", "call_event_ms": {"baseline": [0.011340799927711486, 0.010496000200510025, 0.010675200074911118, 0.010393600165843963], "candidate": [0.010700800269842149, 0.010444799810647965, 0.010393600165843963, 0.010470400005578995]}, "median_ms": {"baseline": 0.010585600137710573, "candidate": 0.01045759990811348}, "baseline_over_candidate": 1.0122399241433768}
{"case": {"B": 1, "SEQ_LEN": 128, "H": 1, "HQ": 16, "D": 128, "S": 1, "block_size": 16, "is_causal": true}, "candidate": "baseline", "phase": "compile_correctness"}
{"case": {"B": 1, "SEQ_LEN": 128, "H": 1, "HQ": 16, "D": 128, "S": 1, "block_size": 16, "is_causal": true}, "candidate": "candidate", "phase": "compile_correctness"}
{"case": {"B": 1, "SEQ_LEN": 128, "H": 1, "HQ": 16, "D": 128, "S": 1, "block_size": 16, "is_causal": true}, "seed": 378, "status": "PASS", "call_event_ms": {"baseline": [0.011955200135707856, 0.011289600282907486, 0.011494400352239609, 0.011417599767446518], "candidate": [0.01085439994931221, 0.010572800040245056, 0.010623999685049058, 0.010726399719715118]}, "median_ms": {"baseline": 0.011456000059843064, "candidate": 0.010675199702382088}, "baseline_over_candidate": 1.07314152233487}
{"case": {"B": 1, "SEQ_LEN": 256, "H": 1, "HQ": 16, "D": 32, "S": 1, "block_size": 16, "is_causal": true}, "candidate": "baseline", "phase": "compile_correctness"}
{"case": {"B": 1, "SEQ_LEN": 256, "H": 1, "HQ": 16, "D": 32, "S": 1, "block_size": 16, "is_causal": true}, "candidate": "candidate", "phase": "compile_correctness"}
2026-09-07 10:52:04  [TileLang:tilelang.cache.kernel_cache:WARNING] (kernel_cache.py:342): Found kernel 'kernel' in memory cache. For better performance, consider using `@tilelang.jit` instead of direct kernel caching.
{"case": {"B": 1, "SEQ_LEN": 256, "H": 1, "HQ": 16, "D": 32, "S": 1, "block_size": 16, "is_causal": true}, "seed": 378, "status": "PASS", "call_event_ms": {"baseline": [0.011135999858379365, 0.010367999970912933, 0.010496000200510025, 0.010265599936246872], "candidate": [0.01090560033917427, 0.010342399775981902, 0.010521599650382995, 0.010598400235176086]}, "median_ms": {"baseline": 0.01043200008571148, "candidate": 0.01055999994277954}, "baseline_over_candidate": 0.9878788013483294}
{"case": {"B": 1, "SEQ_LEN": 256, "H": 1, "HQ": 16, "D": 64, "S": 1, "block_size": 16, "is_causal": true}, "candidate": "baseline", "phase": "compile_correctness"}
{"case": {"B": 1, "SEQ_LEN": 256, "H": 1, "HQ": 16, "D": 64, "S": 1, "block_size": 16, "is_causal": true}, "candidate": "candidate", "phase": "compile_correctness"}
2026-09-07 10:52:04  [TileLang:tilelang.cache.kernel_cache:WARNING] (kernel_cache.py:342): Found kernel 'kernel' in memory cache. For better performance, consider using `@tilelang.jit` instead of direct kernel caching.
{"case": {"B": 1, "SEQ_LEN": 256, "H": 1, "HQ": 16, "D": 64, "S": 1, "block_size": 16, "is_causal": true}, "seed": 378, "status": "PASS", "call_event_ms": {"baseline": [0.010982400178909302, 0.010572800040245056, 0.010239999741315842, 0.010316800326108932], "candidate": [0.010623999685049058, 0.010444799810647965, 0.010496000200510025, 0.011315199732780456]}, "median_ms": {"baseline": 0.010444800183176995, "candidate": 0.010559999942779542}, "baseline_over_candidate": 0.9890909317967075}
{"case": {"B": 1, "SEQ_LEN": 256, "H": 1, "HQ": 16, "D": 128, "S": 1, "block_size": 16, "is_causal": true}, "candidate": "baseline", "phase": "compile_correctness"}
{"case": {"B": 1, "SEQ_LEN": 256, "H": 1, "HQ": 16, "D": 128, "S": 1, "block_size": 16, "is_causal": true}, "candidate": "candidate", "phase": "compile_correctness"}
{"case": {"B": 1, "SEQ_LEN": 256, "H": 1, "HQ": 16, "D": 128, "S": 1, "block_size": 16, "is_causal": true}, "seed": 378, "status": "PASS", "call_event_ms": {"baseline": [0.01231359988451004, 0.011648000031709672, 0.011699199676513672, 0.011724799871444702], "candidate": [0.010751999914646149, 0.010444799810647965, 0.010521599650382995, 0.010470400005578995]}, "median_ms": {"baseline": 0.011711999773979187, "candidate": 0.010495999827980995}, "baseline_over_candidate": 1.1158536552903222}
{"case": {"B": 1, "SEQ_LEN": 512, "H": 1, "HQ": 16, "D": 32, "S": 1, "block_size": 16, "is_causal": true}, "candidate": "baseline", "phase": "compile_correctness"}
{"case": {"B": 1, "SEQ_LEN": 512, "H": 1, "HQ": 16, "D": 32, "S": 1, "block_size": 16, "is_causal": true}, "candidate": "candidate", "phase": "compile_correctness"}
2026-09-07 10:52:05  [TileLang:tilelang.cache.kernel_cache:WARNING] (kernel_cache.py:342): Found kernel 'kernel' in memory cache. For better performance, consider using `@tilelang.jit` instead of direct kernel caching.
{"case": {"B": 1, "SEQ_LEN": 512, "H": 1, "HQ": 16, "D": 32, "S": 1, "block_size": 16, "is_causal": true}, "seed": 378, "status": "PASS", "call_event_ms": {"baseline": [0.011161600053310395, 0.010496000200510025, 0.010470400005578995, 0.010598400235176086], "candidate": [0.01080320030450821, 0.010623999685049058, 0.010572800040245056, 0.010726399719715118]}, "median_ms": {"baseline": 0.010547200217843056, "candidate": 0.010675199702382088}, "baseline_over_candidate": 0.9880096402776924}
{"case": {"B": 1, "SEQ_LEN": 512, "H": 1, "HQ": 16, "D": 64, "S": 1, "block_size": 16, "is_causal": true}, "candidate": "baseline", "phase": "compile_correctness"}
{"case": {"B": 1, "SEQ_LEN": 512, "H": 1, "HQ": 16, "D": 64, "S": 1, "block_size": 16, "is_causal": true}, "candidate": "candidate", "phase": "compile_correctness"}
2026-09-07 10:52:05  [TileLang:tilelang.cache.kernel_cache:WARNING] (kernel_cache.py:342): Found kernel 'kernel' in memory cache. For better performance, consider using `@tilelang.jit` instead of direct kernel caching.
{"case": {"B": 1, "SEQ_LEN": 512, "H": 1, "HQ": 16, "D": 64, "S": 1, "block_size": 16, "is_causal": true}, "seed": 378, "status": "PASS", "call_event_ms": {"baseline": [0.011468800157308579, 0.010419200360774993, 0.010726399719715118, 0.010496000200510025], "candidate": [0.010726399719715118, 0.010623999685049058, 0.010470400005578995, 0.010598400235176086]}, "median_ms": {"baseline": 0.010611199960112571, "candidate": 0.010611199960112571}, "baseline_over_candidate": 1.0}
{"case": {"B": 1, "SEQ_LEN": 512, "H": 1, "HQ": 16, "D": 128, "S": 1, "block_size": 16, "is_causal": true}, "candidate": "baseline", "phase": "compile_correctness"}
{"case": {"B": 1, "SEQ_LEN": 512, "H": 1, "HQ": 16, "D": 128, "S": 1, "block_size": 16, "is_causal": true}, "candidate": "candidate", "phase": "compile_correctness"}
{"case": {"B": 1, "SEQ_LEN": 512, "H": 1, "HQ": 16, "D": 128, "S": 1, "block_size": 16, "is_causal": true}, "seed": 378, "status": "PASS", "call_event_ms": {"baseline": [0.013900800049304963, 0.013363200426101684, 0.013337600231170654, 0.013439999520778656], "candidate": [0.011443199962377549, 0.011315199732780456, 0.011264000087976456, 0.011264000087976456]}, "median_ms": {"baseline": 0.013401599973440169, "candidate": 0.011289599910378456}, "baseline_over_candidate": 1.1870748370028743}
{"case": {"B": 1, "SEQ_LEN": 1024, "H": 1, "HQ": 16, "D": 32, "S": 1, "block_size": 16, "is_causal": true}, "candidate": "baseline", "phase": "compile_correctness"}
{"case": {"B": 1, "SEQ_LEN": 1024, "H": 1, "HQ": 16, "D": 32, "S": 1, "block_size": 16, "is_causal": true}, "candidate": "candidate", "phase": "compile_correctness"}
2026-09-07 10:52:05  [TileLang:tilelang.cache.kernel_cache:WARNING] (kernel_cache.py:342): Found kernel 'kernel' in memory cache. For better performance, consider using `@tilelang.jit` instead of direct kernel caching.
{"case": {"B": 1, "SEQ_LEN": 1024, "H": 1, "HQ": 16, "D": 32, "S": 1, "block_size": 16, "is_causal": true}, "seed": 378, "status": "PASS", "call_event_ms": {"baseline": [0.011340799927711486, 0.010572800040245056, 0.010777600109577179, 0.010675200074911118], "candidate": [0.011084800213575363, 0.010828799754381179, 0.010777600109577179, 0.011776000261306763]}, "median_ms": {"baseline": 0.010726400092244149, "candidate": 0.01095679998397827}, "baseline_over_candidate": 0.9789719724672326}
{"case": {"B": 1, "SEQ_LEN": 1024, "H": 1, "HQ": 16, "D": 64, "S": 1, "block_size": 16, "is_causal": true}, "candidate": "baseline", "phase": "compile_correctness"}
{"case": {"B": 1, "SEQ_LEN": 1024, "H": 1, "HQ": 16, "D": 64, "S": 1, "block_size": 16, "is_causal": true}, "candidate": "candidate", "phase": "compile_correctness"}
2026-09-07 10:52:06  [TileLang:tilelang.cache.kernel_cache:WARNING] (kernel_cache.py:342): Found kernel 'kernel' in memory cache. For better performance, consider using `@tilelang.jit` instead of direct kernel caching.
{"case": {"B": 1, "SEQ_LEN": 1024, "H": 1, "HQ": 16, "D": 64, "S": 1, "block_size": 16, "is_causal": true}, "seed": 378, "status": "PASS", "call_event_ms": {"baseline": [0.011417599767446518, 0.010777600109577179, 0.010828799754381179, 0.010700800269842149], "candidate": [0.011033599823713302, 0.010931199789047242, 0.010777600109577179, 0.011494400352239609]}, "median_ms": {"baseline": 0.010803199931979179, "candidate": 0.010982399806380272}, "baseline_over_candidate": 0.9836829948316955}
{"case": {"B": 1, "SEQ_LEN": 1024, "H": 1, "HQ": 16, "D": 128, "S": 1, "block_size": 16, "is_causal": true}, "candidate": "baseline", "phase": "compile_correctness"}
{"case": {"B": 1, "SEQ_LEN": 1024, "H": 1, "HQ": 16, "D": 128, "S": 1, "block_size": 16, "is_causal": true}, "candidate": "candidate", "phase": "compile_correctness"}
{"case": {"B": 1, "SEQ_LEN": 1024, "H": 1, "HQ": 16, "D": 128, "S": 1, "block_size": 16, "is_causal": true}, "seed": 378, "status": "PASS", "call_event_ms": {"baseline": [0.019072000682353974, 0.018559999763965607, 0.018483200669288637, 0.018329599499702455], "candidate": [0.016230399906635284, 0.01592320054769516, 0.016153599321842193, 0.015795199573040007]}, "median_ms": {"baseline": 0.01852160021662712, "candidate": 0.016038399934768674}, "baseline_over_candidate": 1.154828430015345}
{"case": {"B": 2, "SEQ_LEN": 64, "H": 1, "HQ": 16, "D": 64, "S": 1, "block_size": 16, "is_causal": true}, "candidate": "baseline", "phase": "compile_correctness"}
{"case": {"B": 2, "SEQ_LEN": 64, "H": 1, "HQ": 16, "D": 64, "S": 1, "block_size": 16, "is_causal": true}, "candidate": "candidate", "phase": "compile_correctness"}
2026-09-07 10:52:06  [TileLang:tilelang.cache.kernel_cache:WARNING] (kernel_cache.py:342): Found kernel 'kernel' in memory cache. For better performance, consider using `@tilelang.jit` instead of direct kernel caching.
{"case": {"B": 2, "SEQ_LEN": 64, "H": 1, "HQ": 16, "D": 64, "S": 1, "block_size": 16, "is_causal": true}, "seed": 378, "status": "PASS", "call_event_ms": {"baseline": [0.011033599823713302, 0.010521599650382995, 0.010419200360774993, 0.010598400235176086], "candidate": [0.010828799754381179, 0.010444799810647965, 0.010649599879980088, 0.010419200360774993]}, "median_ms": {"baseline": 0.01055999994277954, "candidate": 0.010547199845314027}, "baseline_over_candidate": 1.0012136014916984}
{"case": {"B": 2, "SEQ_LEN": 64, "H": 1, "HQ": 16, "D": 128, "S": 1, "block_size": 16, "is_causal": true}, "candidate": "baseline", "phase": "compile_correctness"}
{"case": {"B": 2, "SEQ_LEN": 64, "H": 1, "HQ": 16, "D": 128, "S": 1, "block_size": 16, "is_causal": true}, "candidate": "candidate", "phase": "compile_correctness"}
{"case": {"B": 2, "SEQ_LEN": 64, "H": 1, "HQ": 16, "D": 128, "S": 1, "block_size": 16, "is_causal": true}, "seed": 378, "status": "PASS", "call_event_ms": {"baseline": [0.012185599654912949, 0.011494400352239609, 0.011494400352239609, 0.011596799641847611], "candidate": [0.010982400178909302, 0.010521599650382995, 0.010649599879980088, 0.010675200074911118]}, "median_ms": {"baseline": 0.011545599997043611, "candidate": 0.010662399977445603}, "baseline_over_candidate": 1.0828331352665685}
{"case": {"B": 2, "SEQ_LEN": 128, "H": 1, "HQ": 16, "D": 32, "S": 1, "block_size": 16, "is_causal": true}, "candidate": "baseline", "phase": "compile_correctness"}
{"case": {"B": 2, "SEQ_LEN": 128, "H": 1, "HQ": 16, "D": 32, "S": 1, "block_size": 16, "is_causal": true}, "candidate": "candidate", "phase": "compile_correctness"}
2026-09-07 10:52:06  [TileLang:tilelang.cache.kernel_cache:WARNING] (kernel_cache.py:342): Found kernel 'kernel' in memory cache. For better performance, consider using `@tilelang.jit` instead of direct kernel caching.
{"case": {"B": 2, "SEQ_LEN": 128, "H": 1, "HQ": 16, "D": 32, "S": 1, "block_size": 16, "is_causal": true}, "seed": 378, "status": "PASS", "call_event_ms": {"baseline": [0.011187200248241425, 0.010547199845314026, 0.010444799810647965, 0.010521599650382995], "candidate": [0.010444799810647965, 0.010419200360774993, 0.010623999685049058, 0.010623999685049058]}, "median_ms": {"baseline": 0.01053439974784851, "candidate": 0.010534399747848512}, "baseline_over_candidate": 0.9999999999999999}
{"case": {"B": 2, "SEQ_LEN": 128, "H": 1, "HQ": 16, "D": 64, "S": 1, "block_size": 16, "is_causal": true}, "candidate": "baseline", "phase": "compile_correctness"}
{"case": {"B": 2, "SEQ_LEN": 128, "H": 1, "HQ": 16, "D": 64, "S": 1, "block_size": 16, "is_causal": true}, "candidate": "candidate", "phase": "compile_correctness"}
2026-09-07 10:52:07  [TileLang:tilelang.cache.kernel_cache:WARNING] (kernel_cache.py:342): Found kernel 'kernel' in memory cache. For better performance, consider using `@tilelang.jit` instead of direct kernel caching.
{"case": {"B": 2, "SEQ_LEN": 128, "H": 1, "HQ": 16, "D": 64, "S": 1, "block_size": 16, "is_causal": true}, "seed": 378, "status": "PASS", "call_event_ms": {"baseline": [0.011059200018644333, 0.010700800269842149, 0.010521599650382995, 0.010700800269842149], "candidate": [0.010700800269842149, 0.010649599879980088, 0.010726399719715118, 0.010649599879980088]}, "median_ms": {"baseline": 0.010700800269842149, "candidate": 0.010675200074911118}, "baseline_over_candidate": 1.0023980997781199}
{"case": {"B": 2, "SEQ_LEN": 128, "H": 1, "HQ": 16, "D": 128, "S": 1, "block_size": 16, "is_causal": true}, "candidate": "baseline", "phase": "compile_correctness"}
{"case": {"B": 2, "SEQ_LEN": 128, "H": 1, "HQ": 16, "D": 128, "S": 1, "block_size": 16, "is_causal": true}, "candidate": "candidate", "phase": "compile_correctness"}
{"case": {"B": 2, "SEQ_LEN": 128, "H": 1, "HQ": 16, "D": 128, "S": 1, "block_size": 16, "is_causal": true}, "seed": 378, "status": "PASS", "call_event_ms": {"baseline": [0.01226240023970604, 0.011903999745845795, 0.011776000261306763, 0.011776000261306763], "candidate": [0.011084800213575363, 0.010496000200510025, 0.010572800040245056, 0.010649599879980088]}, "median_ms": {"baseline": 0.011840000003576278, "candidate": 0.010611199960112571}, "baseline_over_candidate": 1.1158021758220331}
{"case": {"B": 2, "SEQ_LEN": 256, "H": 1, "HQ": 16, "D": 32, "S": 1, "block_size": 16, "is_causal": true}, "candidate": "baseline", "phase": "compile_correctness"}
{"case": {"B": 2, "SEQ_LEN": 256, "H": 1, "HQ": 16, "D": 32, "S": 1, "block_size": 16, "is_causal": true}, "candidate": "candidate", "phase": "compile_correctness"}
2026-09-07 10:52:07  [TileLang:tilelang.cache.kernel_cache:WARNING] (kernel_cache.py:342): Found kernel 'kernel' in memory cache. For better performance, consider using `@tilelang.jit` instead of direct kernel caching.
{"case": {"B": 2, "SEQ_LEN": 256, "H": 1, "HQ": 16, "D": 32, "S": 1, "block_size": 16, "is_causal": true}, "seed": 378, "status": "PASS", "call_event_ms": {"baseline": [0.011340799927711486, 0.010598400235176086, 0.010496000200510025, 0.010521599650382995], "candidate": [0.010726399719715118, 0.010393600165843963, 0.010623999685049058, 0.010547199845314026]}, "median_ms": {"baseline": 0.01055999994277954, "candidate": 0.01058559976518154}, "baseline_over_candidate": 0.9975816370380634}
{"case": {"B": 2, "SEQ_LEN": 256, "H": 1, "HQ": 16, "D": 64, "S": 1, "block_size": 16, "is_causal": true}, "candidate": "baseline", "phase": "compile_correctness"}
{"case": {"B": 2, "SEQ_LEN": 256, "H": 1, "HQ": 16, "D": 64, "S": 1, "block_size": 16, "is_causal": true}, "candidate": "candidate", "phase": "compile_correctness"}
2026-09-07 10:52:07  [TileLang:tilelang.cache.kernel_cache:WARNING] (kernel_cache.py:342): Found kernel 'kernel' in memory cache. For better performance, consider using `@tilelang.jit` instead of direct kernel caching.
{"case": {"B": 2, "SEQ_LEN": 256, "H": 1, "HQ": 16, "D": 64, "S": 1, "block_size": 16, "is_causal": true}, "seed": 378, "status": "PASS", "call_event_ms": {"baseline": [0.010931199789047242, 0.010700800269842149, 0.010598400235176086, 0.010342399775981902], "candidate": [0.010726399719715118, 0.010496000200510025, 0.010572800040245056, 0.010598400235176086]}, "median_ms": {"baseline": 0.010649600252509116, "candidate": 0.010585600137710571}, "baseline_over_candidate": 1.0060459599801572}
{"case": {"B": 2, "SEQ_LEN": 256, "H": 1, "HQ": 16, "D": 128, "S": 1, "block_size": 16, "is_causal": true}, "candidate": "baseline", "phase": "compile_correctness"}
{"case": {"B": 2, "SEQ_LEN": 256, "H": 1, "HQ": 16, "D": 128, "S": 1, "block_size": 16, "is_causal": true}, "candidate": "candidate", "phase": "compile_correctness"}
{"case": {"B": 2, "SEQ_LEN": 256, "H": 1, "HQ": 16, "D": 128, "S": 1, "block_size": 16, "is_causal": true}, "seed": 378, "status": "PASS", "call_event_ms": {"baseline": [0.013798399269580841, 0.013312000036239623, 0.013286399841308593, 0.013235199451446533], "candidate": [0.011264000087976456, 0.011110399663448334, 0.01090560033917427, 0.011059200018644333]}, "median_ms": {"baseline": 0.013299199938774108, "candidate": 0.011084799841046333}, "baseline_over_candidate": 1.1997690647988057}
{"case": {"B": 2, "SEQ_LEN": 512, "H": 1, "HQ": 16, "D": 32, "S": 1, "block_size": 16, "is_causal": true}, "candidate": "baseline", "phase": "compile_correctness"}
{"case": {"B": 2, "SEQ_LEN": 512, "H": 1, "HQ": 16, "D": 32, "S": 1, "block_size": 16, "is_causal": true}, "candidate": "candidate", "phase": "compile_correctness"}
2026-09-07 10:52:08  [TileLang:tilelang.cache.kernel_cache:WARNING] (kernel_cache.py:342): Found kernel 'kernel' in memory cache. For better performance, consider using `@tilelang.jit` instead of direct kernel caching.
{"case": {"B": 2, "SEQ_LEN": 512, "H": 1, "HQ": 16, "D": 32, "S": 1, "block_size": 16, "is_causal": true}, "seed": 378, "status": "PASS", "call_event_ms": {"baseline": [0.011340799927711486, 0.010649599879980088, 0.010649599879980088, 0.010572800040245056], "candidate": [0.010828799754381179, 0.010521599650382995, 0.010623999685049058, 0.010623999685049058]}, "median_ms": {"baseline": 0.010649599879980088, "candidate": 0.010623999685049058}, "baseline_over_candidate": 1.0024096569738286}
{"case": {"B": 2, "SEQ_LEN": 512, "H": 1, "HQ": 16, "D": 64, "S": 1, "block_size": 16, "is_causal": true}, "candidate": "baseline", "phase": "compile_correctness"}
{"case": {"B": 2, "SEQ_LEN": 512, "H": 1, "HQ": 16, "D": 64, "S": 1, "block_size": 16, "is_causal": true}, "candidate": "candidate", "phase": "compile_correctness"}
2026-09-07 10:52:08  [TileLang:tilelang.cache.kernel_cache:WARNING] (kernel_cache.py:342): Found kernel 'kernel' in memory cache. For better performance, consider using `@tilelang.jit` instead of direct kernel caching.
{"case": {"B": 2, "SEQ_LEN": 512, "H": 1, "HQ": 16, "D": 64, "S": 1, "block_size": 16, "is_causal": true}, "seed": 378, "status": "PASS", "call_event_ms": {"baseline": [0.011622399836778641, 0.01090560033917427, 0.010675200074911118, 0.010931199789047242], "candidate": [0.011135999858379365, 0.01085439994931221, 0.010828799754381179, 0.010675200074911118]}, "median_ms": {"baseline": 0.010918400064110757, "candidate": 0.010841599851846694}, "baseline_over_candidate": 1.0070838449411117}
{"case": {"B": 2, "SEQ_LEN": 512, "H": 1, "HQ": 16, "D": 128, "S": 1, "block_size": 16, "is_causal": true}, "candidate": "baseline", "phase": "compile_correctness"}
{"case": {"B": 2, "SEQ_LEN": 512, "H": 1, "HQ": 16, "D": 128, "S": 1, "block_size": 16, "is_causal": true}, "candidate": "candidate", "phase": "compile_correctness"}
{"case": {"B": 2, "SEQ_LEN": 512, "H": 1, "HQ": 16, "D": 128, "S": 1, "block_size": 16, "is_causal": true}, "seed": 378, "status": "PASS", "call_event_ms": {"baseline": [0.01935359984636307, 0.01879040002822876, 0.018713599443435668, 0.01884160041809082], "candidate": [0.015769599378108977, 0.015718400478363037, 0.015462400019168853, 0.015539200603961944]}, "median_ms": {"baseline": 0.01881600022315979, "candidate": 0.01562880054116249}, "baseline_over_candidate": 1.2039311765226628}
{"case": {"B": 2, "SEQ_LEN": 1024, "H": 1, "HQ": 16, "D": 32, "S": 1, "block_size": 16, "is_causal": true}, "candidate": "baseline", "phase": "compile_correctness"}
{"case": {"B": 2, "SEQ_LEN": 1024, "H": 1, "HQ": 16, "D": 32, "S": 1, "block_size": 16, "is_causal": true}, "candidate": "candidate", "phase": "compile_correctness"}
2026-09-07 10:52:08  [TileLang:tilelang.cache.kernel_cache:WARNING] (kernel_cache.py:342): Found kernel 'kernel' in memory cache. For better performance, consider using `@tilelang.jit` instead of direct kernel caching.
{"case": {"B": 2, "SEQ_LEN": 1024, "H": 1, "HQ": 16, "D": 32, "S": 1, "block_size": 16, "is_causal": true}, "seed": 378, "status": "PASS", "call_event_ms": {"baseline": [0.011494400352239609, 0.010444799810647965, 0.010521599650382995, 0.010521599650382995], "candidate": [0.010777600109577179, 0.01080320030450821, 0.010521599650382995, 0.011494400352239609]}, "median_ms": {"baseline": 0.010521599650382995, "candidate": 0.010790400207042694}, "baseline_over_candidate": 0.975088916861095}
{"case": {"B": 2, "SEQ_LEN": 1024, "H": 1, "HQ": 16, "D": 64, "S": 1, "block_size": 16, "is_causal": true}, "candidate": "baseline", "phase": "compile_correctness"}
{"case": {"B": 2, "SEQ_LEN": 1024, "H": 1, "HQ": 16, "D": 64, "S": 1, "block_size": 16, "is_causal": true}, "candidate": "candidate", "phase": "compile_correctness"}
2026-09-07 10:52:09  [TileLang:tilelang.cache.kernel_cache:WARNING] (kernel_cache.py:342): Found kernel 'kernel' in memory cache. For better performance, consider using `@tilelang.jit` instead of direct kernel caching.
{"case": {"B": 2, "SEQ_LEN": 1024, "H": 1, "HQ": 16, "D": 64, "S": 1, "block_size": 16, "is_causal": true}, "seed": 378, "status": "PASS", "call_event_ms": {"baseline": [0.018585599958896637, 0.018611200153827667, 0.01825280040502548, 0.018355199694633485], "candidate": [0.018355199694633485, 0.018534399569034576, 0.01807360053062439, 0.01809920072555542]}, "median_ms": {"baseline": 0.01847039982676506, "candidate": 0.018227200210094455}, "baseline_over_candidate": 1.0133426754447958}
{"case": {"B": 2, "SEQ_LEN": 1024, "H": 1, "HQ": 16, "D": 128, "S": 1, "block_size": 16, "is_causal": true}, "candidate": "baseline", "phase": "compile_correctness"}
{"case": {"B": 2, "SEQ_LEN": 1024, "H": 1, "HQ": 16, "D": 128, "S": 1, "block_size": 16, "is_causal": true}, "candidate": "candidate", "phase": "compile_correctness"}
{"case": {"B": 2, "SEQ_LEN": 1024, "H": 1, "HQ": 16, "D": 128, "S": 1, "block_size": 16, "is_causal": true}, "seed": 378, "status": "PASS", "call_event_ms": {"baseline": [0.03543039858341217, 0.034790399670600894, 0.03468799889087677, 0.03463680148124695], "candidate": [0.02887679934501648, 0.028543999791145323, 0.028697600960731505, 0.028543999791145323]}, "median_ms": {"baseline": 0.03473919928073883, "candidate": 0.028620800375938414}, "baseline_over_candidate": 1.2137745564217055}
{"case": {"B": 4, "SEQ_LEN": 64, "H": 1, "HQ": 16, "D": 32, "S": 1, "block_size": 16, "is_causal": true}, "candidate": "baseline", "phase": "compile_correctness"}
{"case": {"B": 4, "SEQ_LEN": 64, "H": 1, "HQ": 16, "D": 32, "S": 1, "block_size": 16, "is_causal": true}, "candidate": "candidate", "phase": "compile_correctness"}
2026-09-07 10:52:09  [TileLang:tilelang.cache.kernel_cache:WARNING] (kernel_cache.py:342): Found kernel 'kernel' in memory cache. For better performance, consider using `@tilelang.jit` instead of direct kernel caching.
{"case": {"B": 4, "SEQ_LEN": 64, "H": 1, "HQ": 16, "D": 32, "S": 1, "block_size": 16, "is_causal": true}, "seed": 378, "status": "PASS", "call_event_ms": {"baseline": [0.011417599767446518, 0.010726399719715118, 0.010598400235176086, 0.010470400005578995], "candidate": [0.01085439994931221, 0.010649599879980088, 0.010598400235176086, 0.010521599650382995]}, "median_ms": {"baseline": 0.010662399977445603, "candidate": 0.010624000057578086}, "baseline_over_candidate": 1.0036144502691458}
{"case": {"B": 4, "SEQ_LEN": 64, "H": 1, "HQ": 16, "D": 64, "S": 1, "block_size": 16, "is_causal": true}, "candidate": "baseline", "phase": "compile_correctness"}
{"case": {"B": 4, "SEQ_LEN": 64, "H": 1, "HQ": 16, "D": 64, "S": 1, "block_size": 16, "is_causal": true}, "candidate": "candidate", "phase": "compile_correctness"}
2026-09-07 10:52:09  [TileLang:tilelang.cache.kernel_cache:WARNING] (kernel_cache.py:342): Found kernel 'kernel' in memory cache. For better performance, consider using `@tilelang.jit` instead of direct kernel caching.
{"case": {"B": 4, "SEQ_LEN": 64, "H": 1, "HQ": 16, "D": 64, "S": 1, "block_size": 16, "is_causal": true}, "seed": 378, "status": "PASS", "call_event_ms": {"baseline": [0.010982400178909302, 0.010496000200510025, 0.010367999970912933, 0.010521599650382995], "candidate": [0.010700800269842149, 0.010444799810647965, 0.010393600165843963, 0.010675200074911118]}, "median_ms": {"baseline": 0.01050879992544651, "candidate": 0.010559999942779542}, "baseline_over_candidate": 0.9951515134838576}
{"case": {"B": 4, "SEQ_LEN": 64, "H": 1, "HQ": 16, "D": 128, "S": 1, "block_size": 16, "is_causal": true}, "candidate": "baseline", "phase": "compile_correctness"}
{"case": {"B": 4, "SEQ_LEN": 64, "H": 1, "HQ": 16, "D": 128, "S": 1, "block_size": 16, "is_causal": true}, "candidate": "candidate", "phase": "compile_correctness"}
{"case": {"B": 4, "SEQ_LEN": 64, "H": 1, "HQ": 16, "D": 128, "S": 1, "block_size": 16, "is_causal": true}, "seed": 378, "status": "PASS", "call_event_ms": {"baseline": [0.01228799968957901, 0.011776000261306763, 0.011673600226640702, 0.011750400066375732], "candidate": [0.010956799983978272, 0.010444799810647965, 0.010342399775981902, 0.010598400235176086]}, "median_ms": {"baseline": 0.011763200163841248, "candidate": 0.010521600022912025}, "baseline_over_candidate": 1.1180048793173558}
{"case": {"B": 4, "SEQ_LEN": 128, "H": 1, "HQ": 16, "D": 32, "S": 1, "block_size": 16, "is_causal": true}, "candidate": "baseline", "phase": "compile_correctness"}
{"case": {"B": 4, "SEQ_LEN": 128, "H": 1, "HQ": 16, "D": 32, "S": 1, "block_size": 16, "is_causal": true}, "candidate": "candidate", "phase": "compile_correctness"}
2026-09-07 10:52:10  [TileLang:tilelang.cache.kernel_cache:WARNING] (kernel_cache.py:342): Found kernel 'kernel' in memory cache. For better performance, consider using `@tilelang.jit` instead of direct kernel caching.
{"case": {"B": 4, "SEQ_LEN": 128, "H": 1, "HQ": 16, "D": 32, "S": 1, "block_size": 16, "is_causal": true}, "seed": 378, "status": "PASS", "call_event_ms": {"baseline": [0.010982400178909302, 0.010188800096511842, 0.010214400291442872, 0.010316800326108932], "candidate": [0.010751999914646149, 0.010214400291442872, 0.010342399775981902, 0.010342399775981902]}, "median_ms": {"baseline": 0.010265600308775902, "candidate": 0.010342399775981902}, "baseline_over_candidate": 0.9925743087804099}
{"case": {"B": 4, "SEQ_LEN": 128, "H": 1, "HQ": 16, "D": 64, "S": 1, "block_size": 16, "is_causal": true}, "candidate": "baseline", "phase": "compile_correctness"}
{"case": {"B": 4, "SEQ_LEN": 128, "H": 1, "HQ": 16, "D": 64, "S": 1, "block_size": 16, "is_causal": true}, "candidate": "candidate", "phase": "compile_correctness"}
2026-09-07 10:52:10  [TileLang:tilelang.cache.kernel_cache:WARNING] (kernel_cache.py:342): Found kernel 'kernel' in memory cache. For better performance, consider using `@tilelang.jit` instead of direct kernel caching.
{"case": {"B": 4, "SEQ_LEN": 128, "H": 1, "HQ": 16, "D": 64, "S": 1, "block_size": 16, "is_causal": true}, "seed": 378, "status": "PASS", "call_event_ms": {"baseline": [0.011187200248241425, 0.010521599650382995, 0.010521599650382995, 0.010419200360774993], "candidate": [0.010751999914646149, 0.010649599879980088, 0.010751999914646149, 0.010700800269842149]}, "median_ms": {"baseline": 0.010521599650382995, "candidate": 0.010726400092244149}, "baseline_over_candidate": 0.9809068802114479}
{"case": {"B": 4, "SEQ_LEN": 128, "H": 1, "HQ": 16, "D": 128, "S": 1, "block_size": 16, "is_causal": true}, "candidate": "baseline", "phase": "compile_correctness"}
{"case": {"B": 4, "SEQ_LEN": 128, "H": 1, "HQ": 16, "D": 128, "S": 1, "block_size": 16, "is_causal": true}, "candidate": "candidate", "phase": "compile_correctness"}
{"case": {"B": 4, "SEQ_LEN": 128, "H": 1, "HQ": 16, "D": 128, "S": 1, "block_size": 16, "is_causal": true}, "seed": 378, "status": "PASS", "call_event_ms": {"baseline": [0.014079999923706055, 0.013388800621032714, 0.013235199451446533, 0.013235199451446533], "candidate": [0.011315199732780456, 0.010956799983978272, 0.011110399663448334, 0.011135999858379365]}, "median_ms": {"baseline": 0.013312000036239623, "candidate": 0.01112319976091385}, "baseline_over_candidate": 1.1967779346206715}
{"case": {"B": 4, "SEQ_LEN": 256, "H": 1, "HQ": 16, "D": 32, "S": 1, "block_size": 16, "is_causal": true}, "candidate": "baseline", "phase": "compile_correctness"}
{"case": {"B": 4, "SEQ_LEN": 256, "H": 1, "HQ": 16, "D": 32, "S": 1, "block_size": 16, "is_causal": true}, "candidate": "candidate", "phase": "compile_correctness"}
2026-09-07 10:52:10  [TileLang:tilelang.cache.kernel_cache:WARNING] (kernel_cache.py:342): Found kernel 'kernel' in memory cache. For better performance, consider using `@tilelang.jit` instead of direct kernel caching.
{"case": {"B": 4, "SEQ_LEN": 256, "H": 1, "HQ": 16, "D": 32, "S": 1, "block_size": 16, "is_causal": true}, "seed": 378, "status": "PASS", "call_event_ms": {"baseline": [0.011392000317573547, 0.010521599650382995, 0.010598400235176086, 0.010649599879980088], "candidate": [0.010982400178909302, 0.010777600109577179, 0.010598400235176086, 0.010700800269842149]}, "median_ms": {"baseline": 0.010624000057578086, "candidate": 0.010739200189709664}, "baseline_over_candidate": 0.9892729318667546}
{"case": {"B": 4, "SEQ_LEN": 256, "H": 1, "HQ": 16, "D": 64, "S": 1, "block_size": 16, "is_causal": true}, "candidate": "baseline", "phase": "compile_correctness"}
{"case": {"B": 4, "SEQ_LEN": 256, "H": 1, "HQ": 16, "D": 64, "S": 1, "block_size": 16, "is_causal": true}, "candidate": "candidate", "phase": "compile_correctness"}
2026-09-07 10:52:10  [TileLang:tilelang.cache.kernel_cache:WARNING] (kernel_cache.py:342): Found kernel 'kernel' in memory cache. For better performance, consider using `@tilelang.jit` instead of direct kernel caching.
{"case": {"B": 4, "SEQ_LEN": 256, "H": 1, "HQ": 16, "D": 64, "S": 1, "block_size": 16, "is_causal": true}, "seed": 378, "status": "PASS", "call_event_ms": {"baseline": [0.011161600053310395, 0.01085439994931221, 0.010751999914646149, 0.010777600109577179], "candidate": [0.011135999858379365, 0.010982400178909302, 0.01085439994931221, 0.010726399719715118]}, "median_ms": {"baseline": 0.010816000029444694, "candidate": 0.010918400064110757}, "baseline_over_candidate": 0.9906213333396112}
{"case": {"B": 4, "SEQ_LEN": 256, "H": 1, "HQ": 16, "D": 128, "S": 1, "block_size": 16, "is_causal": true}, "candidate": "baseline", "phase": "compile_correctness"}
{"case": {"B": 4, "SEQ_LEN": 256, "H": 1, "HQ": 16, "D": 128, "S": 1, "block_size": 16, "is_causal": true}, "candidate": "candidate", "phase": "compile_correctness"}
{"case": {"B": 4, "SEQ_LEN": 256, "H": 1, "HQ": 16, "D": 128, "S": 1, "block_size": 16, "is_causal": true}, "seed": 378, "status": "PASS", "call_event_ms": {"baseline": [0.019200000166893005, 0.01884160041809082, 0.018508799374103546, 0.018662400543689728], "candidate": [0.015999999642372132, 0.015539200603961944, 0.015667200088500977, 0.015488000214099884]}, "median_ms": {"baseline": 0.018752000480890273, "candidate": 0.015603200346231461}, "baseline_over_candidate": 1.2018047621505623}
{"case": {"B": 4, "SEQ_LEN": 512, "H": 1, "HQ": 16, "D": 32, "S": 1, "block_size": 16, "is_causal": true}, "candidate": "baseline", "phase": "compile_correctness"}
{"case": {"B": 4, "SEQ_LEN": 512, "H": 1, "HQ": 16, "D": 32, "S": 1, "block_size": 16, "is_causal": true}, "candidate": "candidate", "phase": "compile_correctness"}
2026-09-07 10:52:11  [TileLang:tilelang.cache.kernel_cache:WARNING] (kernel_cache.py:342): Found kernel 'kernel' in memory cache. For better performance, consider using `@tilelang.jit` instead of direct kernel caching.
{"case": {"B": 4, "SEQ_LEN": 512, "H": 1, "HQ": 16, "D": 32, "S": 1, "block_size": 16, "is_causal": true}, "seed": 378, "status": "PASS", "call_event_ms": {"baseline": [0.011519999802112579, 0.010521599650382995, 0.010751999914646149, 0.010675200074911118], "candidate": [0.010982400178909302, 0.010828799754381179, 0.010828799754381179, 0.011750400066375732]}, "median_ms": {"baseline": 0.010713599994778633, "candidate": 0.010905599966645241}, "baseline_over_candidate": 0.9823943687230561}
{"case": {"B": 4, "SEQ_LEN": 512, "H": 1, "HQ": 16, "D": 64, "S": 1, "block_size": 16, "is_causal": true}, "candidate": "baseline", "phase": "compile_correctness"}
{"case": {"B": 4, "SEQ_LEN": 512, "H": 1, "HQ": 16, "D": 64, "S": 1, "block_size": 16, "is_causal": true}, "candidate": "candidate", "phase": "compile_correctness"}
2026-09-07 10:52:11  [TileLang:tilelang.cache.kernel_cache:WARNING] (kernel_cache.py:342): Found kernel 'kernel' in memory cache. For better performance, consider using `@tilelang.jit` instead of direct kernel caching.
{"case": {"B": 4, "SEQ_LEN": 512, "H": 1, "HQ": 16, "D": 64, "S": 1, "block_size": 16, "is_causal": true}, "seed": 378, "status": "PASS", "call_event_ms": {"baseline": [0.017740799486637114, 0.017791999876499175, 0.01797119975090027, 0.01812479943037033], "candidate": [0.018329599499702455, 0.01804800033569336, 0.01822720021009445, 0.018278400599956512]}, "median_ms": {"baseline": 0.017881599813699724, "candidate": 0.01825280040502548}, "baseline_over_candidate": 0.9796633621642213}
{"case": {"B": 4, "SEQ_LEN": 512, "H": 1, "HQ": 16, "D": 128, "S": 1, "block_size": 16, "is_causal": true}, "candidate": "baseline", "phase": "compile_correctness"}
{"case": {"B": 4, "SEQ_LEN": 512, "H": 1, "HQ": 16, "D": 128, "S": 1, "block_size": 16, "is_causal": true}, "candidate": "candidate", "phase": "compile_correctness"}
{"case": {"B": 4, "SEQ_LEN": 512, "H": 1, "HQ": 16, "D": 128, "S": 1, "block_size": 16, "is_causal": true}, "seed": 378, "status": "PASS", "call_event_ms": {"baseline": [0.03607040047645569, 0.035046398639678955, 0.0352512001991272, 0.03535360097885132], "candidate": [0.02905600070953369, 0.0289792001247406, 0.02913280129432678, 0.028672000765800475]}, "median_ms": {"baseline": 0.03530240058898926, "candidate": 0.029017600417137145}, "baseline_over_candidate": 1.2165857990152917}
{"case": {"B": 4, "SEQ_LEN": 1024, "H": 1, "HQ": 16, "D": 32, "S": 1, "block_size": 16, "is_causal": true}, "candidate": "baseline", "phase": "compile_correctness"}
{"case": {"B": 4, "SEQ_LEN": 1024, "H": 1, "HQ": 16, "D": 32, "S": 1, "block_size": 16, "is_causal": true}, "candidate": "candidate", "phase": "compile_correctness"}
{"case": {"B": 4, "SEQ_LEN": 1024, "H": 1, "HQ": 16, "D": 32, "S": 1, "block_size": 16, "is_causal": true}, "seed": 378, "status": "PASS", "call_event_ms": {"baseline": [0.01592320054769516, 0.01520639955997467, 0.01518079936504364, 0.015078400075435639], "candidate": [0.014847999811172486, 0.014617599546909332, 0.014591999351978302, 0.014643199741840363]}, "median_ms": {"baseline": 0.015193599462509155, "candidate": 0.014630399644374847}, "baseline_over_candidate": 1.038495176606529}
{"case": {"B": 4, "SEQ_LEN": 1024, "H": 1, "HQ": 16, "D": 64, "S": 1, "block_size": 16, "is_causal": true}, "candidate": "baseline", "phase": "compile_correctness"}
{"case": {"B": 4, "SEQ_LEN": 1024, "H": 1, "HQ": 16, "D": 64, "S": 1, "block_size": 16, "is_causal": true}, "candidate": "candidate", "phase": "compile_correctness"}
2026-09-07 10:52:12  [TileLang:tilelang.cache.kernel_cache:WARNING] (kernel_cache.py:342): Found kernel 'kernel' in memory cache. For better performance, consider using `@tilelang.jit` instead of direct kernel caching.
{"case": {"B": 4, "SEQ_LEN": 1024, "H": 1, "HQ": 16, "D": 64, "S": 1, "block_size": 16, "is_causal": true}, "seed": 378, "status": "PASS", "call_event_ms": {"baseline": [0.02913280129432678, 0.031667199730873105, 0.029183998703956604, 0.02903040051460266], "candidate": [0.03136000037193298, 0.03059200048446655, 0.030694401264190672, 0.02969599962234497]}, "median_ms": {"baseline": 0.029158399999141695, "candidate": 0.030643200874328612}, "baseline_over_candidate": 0.9515455033148703}
{"case": {"B": 4, "SEQ_LEN": 1024, "H": 1, "HQ": 16, "D": 128, "S": 1, "block_size": 16, "is_causal": true}, "candidate": "baseline", "phase": "compile_correctness"}
{"case": {"B": 4, "SEQ_LEN": 1024, "H": 1, "HQ": 16, "D": 128, "S": 1, "block_size": 16, "is_causal": true}, "candidate": "candidate", "phase": "compile_correctness"}
{"case": {"B": 4, "SEQ_LEN": 1024, "H": 1, "HQ": 16, "D": 128, "S": 1, "block_size": 16, "is_causal": true}, "seed": 378, "status": "PASS", "call_event_ms": {"baseline": [0.055731201171875, 0.05557760000228882, 0.05511680245399475, 0.0554751992225647], "candidate": [0.04843519926071167, 0.048256000876426695, 0.04835839867591858, 0.04840959906578064]}, "median_ms": {"baseline": 0.05552639961242676, "candidate": 0.04838399887084961}, "baseline_over_candidate": 1.147619066390982}
{"case": {"B": 8, "SEQ_LEN": 64, "H": 1, "HQ": 16, "D": 32, "S": 1, "block_size": 16, "is_causal": true}, "candidate": "baseline", "phase": "compile_correctness"}
{"case": {"B": 8, "SEQ_LEN": 64, "H": 1, "HQ": 16, "D": 32, "S": 1, "block_size": 16, "is_causal": true}, "candidate": "candidate", "phase": "compile_correctness"}
2026-09-07 10:52:12  [TileLang:tilelang.cache.kernel_cache:WARNING] (kernel_cache.py:342): Found kernel 'kernel' in memory cache. For better performance, consider using `@tilelang.jit` instead of direct kernel caching.
{"case": {"B": 8, "SEQ_LEN": 64, "H": 1, "HQ": 16, "D": 32, "S": 1, "block_size": 16, "is_causal": true}, "seed": 378, "status": "PASS", "call_event_ms": {"baseline": [0.011340799927711486, 0.010700800269842149, 0.010547199845314026, 0.010470400005578995], "candidate": [0.010649599879980088, 0.010521599650382995, 0.010623999685049058, 0.010496000200510025]}, "median_ms": {"baseline": 0.010624000057578086, "candidate": 0.010572799667716026}, "baseline_over_candidate": 1.0048426520383622}
{"case": {"B": 8, "SEQ_LEN": 64, "H": 1, "HQ": 16, "D": 64, "S": 1, "block_size": 16, "is_causal": true}, "candidate": "baseline", "phase": "compile_correctness"}
{"case": {"B": 8, "SEQ_LEN": 64, "H": 1, "HQ": 16, "D": 64, "S": 1, "block_size": 16, "is_causal": true}, "candidate": "candidate", "phase": "compile_correctness"}
2026-09-07 10:52:12  [TileLang:tilelang.cache.kernel_cache:WARNING] (kernel_cache.py:342): Found kernel 'kernel' in memory cache. For better performance, consider using `@tilelang.jit` instead of direct kernel caching.
{"case": {"B": 8, "SEQ_LEN": 64, "H": 1, "HQ": 16, "D": 64, "S": 1, "block_size": 16, "is_causal": true}, "seed": 378, "status": "PASS", "call_event_ms": {"baseline": [0.011443199962377549, 0.010470400005578995, 0.010623999685049058, 0.010572800040245056], "candidate": [0.011007999628782272, 0.010700800269842149, 0.010470400005578995, 0.010547199845314026]}, "median_ms": {"baseline": 0.010598399862647056, "candidate": 0.010624000057578086}, "baseline_over_candidate": 0.9975903431106657}
{"case": {"B": 8, "SEQ_LEN": 64, "H": 1, "HQ": 16, "D": 128, "S": 1, "block_size": 16, "is_causal": true}, "candidate": "baseline", "phase": "compile_correctness"}
{"case": {"B": 8, "SEQ_LEN": 64, "H": 1, "HQ": 16, "D": 128, "S": 1, "block_size": 16, "is_causal": true}, "candidate": "candidate", "phase": "compile_correctness"}
{"case": {"B": 8, "SEQ_LEN": 64, "H": 1, "HQ": 16, "D": 128, "S": 1, "block_size": 16, "is_causal": true}, "seed": 378, "status": "PASS", "call_event_ms": {"baseline": [0.013798399269580841, 0.013055999577045441, 0.013312000036239623, 0.013184000551700593], "candidate": [0.011289600282907486, 0.010931199789047242, 0.011059200018644333, 0.011135999858379365]}, "median_ms": {"baseline": 0.013248000293970108, "candidate": 0.011097599938511848}, "baseline_over_candidate": 1.193771659401395}
{"case": {"B": 8, "SEQ_LEN": 128, "H": 1, "HQ": 16, "D": 32, "S": 1, "block_size": 16, "is_causal": true}, "candidate": "baseline", "phase": "compile_correctness"}
{"case": {"B": 8, "SEQ_LEN": 128, "H": 1, "HQ": 16, "D": 32, "S": 1, "block_size": 16, "is_causal": true}, "candidate": "candidate", "phase": "compile_correctness"}
2026-09-07 10:52:13  [TileLang:tilelang.cache.kernel_cache:WARNING] (kernel_cache.py:342): Found kernel 'kernel' in memory cache. For better performance, consider using `@tilelang.jit` instead of direct kernel caching.
{"case": {"B": 8, "SEQ_LEN": 128, "H": 1, "HQ": 16, "D": 32, "S": 1, "block_size": 16, "is_causal": true}, "seed": 378, "status": "PASS", "call_event_ms": {"baseline": [0.011366400122642516, 0.010649599879980088, 0.01080320030450821, 0.010675200074911118], "candidate": [0.010931199789047242, 0.010751999914646149, 0.010828799754381179, 0.010726399719715118]}, "median_ms": {"baseline": 0.010739200189709664, "candidate": 0.010790399834513664}, "baseline_over_candidate": 0.9952550743633952}
{"case": {"B": 8, "SEQ_LEN": 128, "H": 1, "HQ": 16, "D": 64, "S": 1, "block_size": 16, "is_causal": true}, "candidate": "baseline", "phase": "compile_correctness"}
{"case": {"B": 8, "SEQ_LEN": 128, "H": 1, "HQ": 16, "D": 64, "S": 1, "block_size": 16, "is_causal": true}, "candidate": "candidate", "phase": "compile_correctness"}
2026-09-07 10:52:13  [TileLang:tilelang.cache.kernel_cache:WARNING] (kernel_cache.py:342): Found kernel 'kernel' in memory cache. For better performance, consider using `@tilelang.jit` instead of direct kernel caching.
{"case": {"B": 8, "SEQ_LEN": 128, "H": 1, "HQ": 16, "D": 64, "S": 1, "block_size": 16, "is_causal": true}, "seed": 378, "status": "PASS", "call_event_ms": {"baseline": [0.011494400352239609, 0.010598400235176086, 0.010598400235176086, 0.010675200074911118], "candidate": [0.010982400178909302, 0.01085439994931221, 0.010751999914646149, 0.010828799754381179]}, "median_ms": {"baseline": 0.010636800155043601, "candidate": 0.010841599851846694}, "baseline_over_candidate": 0.9811098269995449}
{"case": {"B": 8, "SEQ_LEN": 128, "H": 1, "HQ": 16, "D": 128, "S": 1, "block_size": 16, "is_causal": true}, "candidate": "baseline", "phase": "compile_correctness"}
{"case": {"B": 8, "SEQ_LEN": 128, "H": 1, "HQ": 16, "D": 128, "S": 1, "block_size": 16, "is_causal": true}, "candidate": "candidate", "phase": "compile_correctness"}
{"case": {"B": 8, "SEQ_LEN": 128, "H": 1, "HQ": 16, "D": 128, "S": 1, "block_size": 16, "is_causal": true}, "seed": 378, "status": "PASS", "call_event_ms": {"baseline": [0.019148799777030944, 0.018713599443435668, 0.018688000738620758, 0.018688000738620758], "candidate": [0.016051200032234193, 0.015795199573040007, 0.01594880074262619, 0.015897600352764128]}, "median_ms": {"baseline": 0.018700800091028213, "candidate": 0.01592320054769516}, "baseline_over_candidate": 1.1744372643560723}
{"case": {"B": 8, "SEQ_LEN": 256, "H": 1, "HQ": 16, "D": 32, "S": 1, "block_size": 16, "is_causal": true}, "candidate": "baseline", "phase": "compile_correctness"}
{"case": {"B": 8, "SEQ_LEN": 256, "H": 1, "HQ": 16, "D": 32, "S": 1, "block_size": 16, "is_causal": true}, "candidate": "candidate", "phase": "compile_correctness"}
2026-09-07 10:52:13  [TileLang:tilelang.cache.kernel_cache:WARNING] (kernel_cache.py:342): Found kernel 'kernel' in memory cache. For better performance, consider using `@tilelang.jit` instead of direct kernel caching.
{"case": {"B": 8, "SEQ_LEN": 256, "H": 1, "HQ": 16, "D": 32, "S": 1, "block_size": 16, "is_causal": true}, "seed": 378, "status": "PASS", "call_event_ms": {"baseline": [0.011622399836778641, 0.010649599879980088, 0.010649599879980088, 0.010777600109577179], "candidate": [0.011033599823713302, 0.01090560033917427, 0.01085439994931221, 0.013158400356769562]}, "median_ms": {"baseline": 0.010713599994778633, "candidate": 0.010969600081443785}, "baseline_over_candidate": 0.9766627694023046}
{"case": {"B": 8, "SEQ_LEN": 256, "H": 1, "HQ": 16, "D": 64, "S": 1, "block_size": 16, "is_causal": true}, "candidate": "baseline", "phase": "compile_correctness"}
{"case": {"B": 8, "SEQ_LEN": 256, "H": 1, "HQ": 16, "D": 64, "S": 1, "block_size": 16, "is_causal": true}, "candidate": "candidate", "phase": "compile_correctness"}
2026-09-07 10:52:14  [TileLang:tilelang.cache.kernel_cache:WARNING] (kernel_cache.py:342): Found kernel 'kernel' in memory cache. For better performance, consider using `@tilelang.jit` instead of direct kernel caching.
{"case": {"B": 8, "SEQ_LEN": 256, "H": 1, "HQ": 16, "D": 64, "S": 1, "block_size": 16, "is_causal": true}, "seed": 378, "status": "PASS", "call_event_ms": {"baseline": [0.01822720021009445, 0.01797119975090027, 0.01807360053062439, 0.01809920072555542], "candidate": [0.019020800292491914, 0.019148799777030944, 0.018483200669288637, 0.018508799374103546]}, "median_ms": {"baseline": 0.018086400628089905, "candidate": 0.018764799833297728}, "baseline_over_candidate": 0.9638472453085262}
{"case": {"B": 8, "SEQ_LEN": 256, "H": 1, "HQ": 16, "D": 128, "S": 1, "block_size": 16, "is_causal": true}, "candidate": "baseline", "phase": "compile_correctness"}
{"case": {"B": 8, "SEQ_LEN": 256, "H": 1, "HQ": 16, "D": 128, "S": 1, "block_size": 16, "is_causal": true}, "candidate": "candidate", "phase": "compile_correctness"}
{"case": {"B": 8, "SEQ_LEN": 256, "H": 1, "HQ": 16, "D": 128, "S": 1, "block_size": 16, "is_causal": true}, "seed": 378, "status": "PASS", "call_event_ms": {"baseline": [0.03550719916820526, 0.0347135990858078, 0.035071998834609985, 0.034815999865531924], "candidate": [0.029977598786354066, 0.029414400458335876, 0.029209598898887634, 0.029183998703956604]}, "median_ms": {"baseline": 0.034943999350070955, "candidate": 0.029311999678611755}, "baseline_over_candidate": 1.1921397288895554}
{"case": {"B": 8, "SEQ_LEN": 512, "H": 1, "HQ": 16, "D": 32, "S": 1, "block_size": 16, "is_causal": true}, "candidate": "baseline", "phase": "compile_correctness"}
{"case": {"B": 8, "SEQ_LEN": 512, "H": 1, "HQ": 16, "D": 32, "S": 1, "block_size": 16, "is_causal": true}, "candidate": "candidate", "phase": "compile_correctness"}
{"case": {"B": 8, "SEQ_LEN": 512, "H": 1, "HQ": 16, "D": 32, "S": 1, "block_size": 16, "is_causal": true}, "seed": 378, "status": "PASS", "call_event_ms": {"baseline": [0.015744000673294067, 0.0151296004652977, 0.01520639955997467, 0.01510400027036667], "candidate": [0.014924800395965577, 0.01456640064716339, 0.01451520025730133, 0.014720000326633453]}, "median_ms": {"baseline": 0.015168000012636185, "candidate": 0.014643200486898423}, "baseline_over_candidate": 1.0358391272595981}
{"case": {"B": 8, "SEQ_LEN": 512, "H": 1, "HQ": 16, "D": 64, "S": 1, "block_size": 16, "is_causal": true}, "candidate": "baseline", "phase": "compile_correctness"}
{"case": {"B": 8, "SEQ_LEN": 512, "H": 1, "HQ": 16, "D": 64, "S": 1, "block_size": 16, "is_causal": true}, "candidate": "candidate", "phase": "compile_correctness"}
2026-09-07 10:52:14  [TileLang:tilelang.cache.kernel_cache:WARNING] (kernel_cache.py:342): Found kernel 'kernel' in memory cache. For better performance, consider using `@tilelang.jit` instead of direct kernel caching.
{"case": {"B": 8, "SEQ_LEN": 512, "H": 1, "HQ": 16, "D": 64, "S": 1, "block_size": 16, "is_causal": true}, "seed": 378, "status": "PASS", "call_event_ms": {"baseline": [0.029824000597000123, 0.029900801181793214, 0.029260799288749695, 0.029849600791931153], "candidate": [0.03128319978713989, 0.03130879998207092, 0.03061760067939758, 0.03054080009460449]}, "median_ms": {"baseline": 0.029836800694465638, "candidate": 0.030950400233268737}, "baseline_over_candidate": 0.9640198662889636}
{"case": {"B": 8, "SEQ_LEN": 512, "H": 1, "HQ": 16, "D": 128, "S": 1, "block_size": 16, "is_causal": true}, "candidate": "baseline", "phase": "compile_correctness"}
{"case": {"B": 8, "SEQ_LEN": 512, "H": 1, "HQ": 16, "D": 128, "S": 1, "block_size": 16, "is_causal": true}, "candidate": "candidate", "phase": "compile_correctness"}
{"case": {"B": 8, "SEQ_LEN": 512, "H": 1, "HQ": 16, "D": 128, "S": 1, "block_size": 16, "is_causal": true}, "seed": 378, "status": "PASS", "call_event_ms": {"baseline": [0.05580800175666809, 0.05575680136680603, 0.05568000078201294, 0.05575680136680603], "candidate": [0.04733439981937408, 0.047539201378822324, 0.04784640073776245, 0.04764159917831421]}, "median_ms": {"baseline": 0.05575680136680603, "candidate": 0.04759040027856827}, "baseline_over_candidate": 1.171597654998405}
{"case": {"B": 8, "SEQ_LEN": 1024, "H": 1, "HQ": 16, "D": 32, "S": 1, "block_size": 16, "is_causal": true}, "candidate": "baseline", "phase": "compile_correctness"}
{"case": {"B": 8, "SEQ_LEN": 1024, "H": 1, "HQ": 16, "D": 32, "S": 1, "block_size": 16, "is_causal": true}, "candidate": "candidate", "phase": "compile_correctness"}
{"case": {"B": 8, "SEQ_LEN": 1024, "H": 1, "HQ": 16, "D": 32, "S": 1, "block_size": 16, "is_causal": true}, "seed": 378, "status": "PASS", "call_event_ms": {"baseline": [0.025062400102615356, 0.024396799504756927, 0.024320000410079957, 0.02449920028448105], "candidate": [0.023654399812221526, 0.023475199937820435, 0.023372800648212434, 0.023526400327682495]}, "median_ms": {"baseline": 0.024447999894618988, "candidate": 0.023500800132751465}, "baseline_over_candidate": 1.040305000532619}
{"case": {"B": 8, "SEQ_LEN": 1024, "H": 1, "HQ": 16, "D": 64, "S": 1, "block_size": 16, "is_causal": true}, "candidate": "baseline", "phase": "compile_correctness"}
{"case": {"B": 8, "SEQ_LEN": 1024, "H": 1, "HQ": 16, "D": 64, "S": 1, "block_size": 16, "is_causal": true}, "candidate": "candidate", "phase": "compile_correctness"}
2026-09-07 10:52:15  [TileLang:tilelang.cache.kernel_cache:WARNING] (kernel_cache.py:342): Found kernel 'kernel' in memory cache. For better performance, consider using `@tilelang.jit` instead of direct kernel caching.
{"case": {"B": 8, "SEQ_LEN": 1024, "H": 1, "HQ": 16, "D": 64, "S": 1, "block_size": 16, "is_causal": true}, "seed": 378, "status": "PASS", "call_event_ms": {"baseline": [0.048895999789237976, 0.04848639965057373, 0.04843519926071167, 0.048563200235366824], "candidate": [0.04930559992790222, 0.04902400076389313, 0.048691201210021975, 0.04902400076389313]}, "median_ms": {"baseline": 0.04852479994297028, "candidate": 0.04902400076389313}, "baseline_over_candidate": 0.9898172157893218}
{"case": {"B": 8, "SEQ_LEN": 1024, "H": 1, "HQ": 16, "D": 128, "S": 1, "block_size": 16, "is_causal": true}, "candidate": "baseline", "phase": "compile_correctness"}
{"case": {"B": 8, "SEQ_LEN": 1024, "H": 1, "HQ": 16, "D": 128, "S": 1, "block_size": 16, "is_causal": true}, "candidate": "candidate", "phase": "compile_correctness"}
{"case": {"B": 8, "SEQ_LEN": 1024, "H": 1, "HQ": 16, "D": 128, "S": 1, "block_size": 16, "is_causal": true}, "seed": 378, "status": "PASS", "call_event_ms": {"baseline": [0.09781759977340698, 0.09902080297470092, 0.09656320214271545, 0.09676799774169922], "candidate": [0.08614400029182434, 0.08540160059928895, 0.08563200235366822, 0.08547840118408204]}, "median_ms": {"baseline": 0.0972927987575531, "candidate": 0.08555520176887513}, "baseline_over_candidate": 1.137193259392769}
{"case": {"B": 1, "SEQ_LEN": 256, "H": 1, "HQ": 16, "D": 64, "S": 1, "block_size": 32, "is_causal": true}, "candidate": "baseline", "phase": "compile_correctness"}
{"case": {"B": 1, "SEQ_LEN": 256, "H": 1, "HQ": 16, "D": 64, "S": 1, "block_size": 32, "is_causal": true}, "candidate": "candidate", "phase": "compile_correctness"}
2026-09-07 10:52:16  [TileLang:tilelang.cache.kernel_cache:WARNING] (kernel_cache.py:342): Found kernel 'kernel' in memory cache. For better performance, consider using `@tilelang.jit` instead of direct kernel caching.
{"case": {"B": 1, "SEQ_LEN": 256, "H": 1, "HQ": 16, "D": 64, "S": 1, "block_size": 32, "is_causal": true}, "seed": 378, "status": "PASS", "call_event_ms": {"baseline": [0.011366400122642516, 0.010521599650382995, 0.010393600165843963, 0.010419200360774993], "candidate": [0.010470400005578995, 0.010316800326108932, 0.010444799810647965, 0.010188800096511842]}, "median_ms": {"baseline": 0.010470400005578993, "candidate": 0.010380800068378448}, "baseline_over_candidate": 1.008631313252384}
{"case": {"B": 1, "SEQ_LEN": 256, "H": 1, "HQ": 16, "D": 64, "S": 1, "block_size": 64, "is_causal": true}, "candidate": "baseline", "phase": "compile_correctness"}
{"case": {"B": 1, "SEQ_LEN": 256, "H": 1, "HQ": 16, "D": 64, "S": 1, "block_size": 64, "is_causal": true}, "candidate": "candidate", "phase": "compile_correctness"}
2026-09-07 10:52:16  [TileLang:tilelang.cache.kernel_cache:WARNING] (kernel_cache.py:342): Found kernel 'kernel' in memory cache. For better performance, consider using `@tilelang.jit` instead of direct kernel caching.
{"case": {"B": 1, "SEQ_LEN": 256, "H": 1, "HQ": 16, "D": 64, "S": 1, "block_size": 64, "is_causal": true}, "seed": 378, "status": "PASS", "call_event_ms": {"baseline": [0.014310400187969207, 0.014207999408245086, 0.014156800508499146, 0.014105600118637086], "candidate": [0.014310400187969207, 0.014156800508499146, 0.014156800508499146, 0.014054399728775025]}, "median_ms": {"baseline": 0.014182399958372116, "candidate": 0.014156800508499146}, "baseline_over_candidate": 1.001808279339502}
{"case": {"B": 1, "SEQ_LEN": 512, "H": 1, "HQ": 16, "D": 64, "S": 1, "block_size": 32, "is_causal": true}, "candidate": "baseline", "phase": "compile_correctness"}
{"case": {"B": 1, "SEQ_LEN": 512, "H": 1, "HQ": 16, "D": 64, "S": 1, "block_size": 32, "is_causal": true}, "candidate": "candidate", "phase": "compile_correctness"}
2026-09-07 10:52:16  [TileLang:tilelang.cache.kernel_cache:WARNING] (kernel_cache.py:342): Found kernel 'kernel' in memory cache. For better performance, consider using `@tilelang.jit` instead of direct kernel caching.
{"case": {"B": 1, "SEQ_LEN": 512, "H": 1, "HQ": 16, "D": 64, "S": 1, "block_size": 32, "is_causal": true}, "seed": 378, "status": "PASS", "call_event_ms": {"baseline": [0.011366400122642516, 0.01088000014424324, 0.010751999914646149, 0.010828799754381179], "candidate": [0.011059200018644333, 0.01090560033917427, 0.010777600109577179, 0.010828799754381179]}, "median_ms": {"baseline": 0.01085439994931221, "candidate": 0.010867200046777725}, "baseline_over_candidate": 0.9988221347347599}
{"case": {"B": 1, "SEQ_LEN": 512, "H": 1, "HQ": 16, "D": 64, "S": 1, "block_size": 64, "is_causal": true}, "candidate": "baseline", "phase": "compile_correctness"}
{"case": {"B": 1, "SEQ_LEN": 512, "H": 1, "HQ": 16, "D": 64, "S": 1, "block_size": 64, "is_causal": true}, "candidate": "candidate", "phase": "compile_correctness"}
2026-09-07 10:52:16  [TileLang:tilelang.cache.kernel_cache:WARNING] (kernel_cache.py:342): Found kernel 'kernel' in memory cache. For better performance, consider using `@tilelang.jit` instead of direct kernel caching.
{"case": {"B": 1, "SEQ_LEN": 512, "H": 1, "HQ": 16, "D": 64, "S": 1, "block_size": 64, "is_causal": true}, "seed": 378, "status": "PASS", "call_event_ms": {"baseline": [0.016896000504493712, 0.01646080017089844, 0.01671680063009262, 0.01656319946050644], "candidate": [0.0166143998503685, 0.01671680063009262, 0.01653759926557541, 0.0165120005607605]}, "median_ms": {"baseline": 0.01664000004529953, "candidate": 0.016575999557971954}, "baseline_over_candidate": 1.0038610333635534}
{"case": {"B": 1, "SEQ_LEN": 512, "H": 1, "HQ": 16, "D": 128, "S": 1, "block_size": 32, "is_causal": true}, "candidate": "baseline", "phase": "compile_correctness"}
{"case": {"B": 1, "SEQ_LEN": 512, "H": 1, "HQ": 16, "D": 128, "S": 1, "block_size": 32, "is_causal": true}, "candidate": "candidate", "phase": "compile_correctness"}
{"case": {"B": 1, "SEQ_LEN": 512, "H": 1, "HQ": 16, "D": 128, "S": 1, "block_size": 32, "is_causal": true}, "seed": 378, "status": "PASS", "call_event_ms": {"baseline": [0.01879040002822876, 0.017843200266361235, 0.017715199291706084, 0.017843200266361235], "candidate": [0.01530880033969879, 0.015385599434375763, 0.015411199629306793, 0.015462400019168853]}, "median_ms": {"baseline": 0.017843200266361235, "candidate": 0.015398399531841278}, "baseline_over_candidate": 1.1587697948390365}
{"case": {"B": 2, "SEQ_LEN": 256, "H": 1, "HQ": 16, "D": 64, "S": 1, "block_size": 64, "is_causal": true}, "candidate": "baseline", "phase": "compile_correctness"}
{"case": {"B": 2, "SEQ_LEN": 256, "H": 1, "HQ": 16, "D": 64, "S": 1, "block_size": 64, "is_causal": true}, "candidate": "candidate", "phase": "compile_correctness"}
2026-09-07 10:52:17  [TileLang:tilelang.cache.kernel_cache:WARNING] (kernel_cache.py:342): Found kernel 'kernel' in memory cache. For better performance, consider using `@tilelang.jit` instead of direct kernel caching.
{"case": {"B": 2, "SEQ_LEN": 256, "H": 1, "HQ": 16, "D": 64, "S": 1, "block_size": 64, "is_causal": true}, "seed": 378, "status": "PASS", "call_event_ms": {"baseline": [0.01669120043516159, 0.016332800686359405, 0.016307200491428375, 0.016332800686359405], "candidate": [0.016383999586105348, 0.01643519997596741, 0.016256000101566314, 0.01640959978103638]}, "median_ms": {"baseline": 0.016332800686359405, "candidate": 0.016396799683570863}, "baseline_over_candidate": 0.9960968604577402}
{"case": {"B": 4, "SEQ_LEN": 128, "H": 1, "HQ": 16, "D": 64, "S": 1, "block_size": 32, "is_causal": true}, "candidate": "baseline", "phase": "compile_correctness"}
{"case": {"B": 4, "SEQ_LEN": 128, "H": 1, "HQ": 16, "D": 64, "S": 1, "block_size": 32, "is_causal": true}, "candidate": "candidate", "phase": "compile_correctness"}
2026-09-07 10:52:17  [TileLang:tilelang.cache.kernel_cache:WARNING] (kernel_cache.py:342): Found kernel 'kernel' in memory cache. For better performance, consider using `@tilelang.jit` instead of direct kernel caching.
{"case": {"B": 4, "SEQ_LEN": 128, "H": 1, "HQ": 16, "D": 64, "S": 1, "block_size": 32, "is_causal": true}, "seed": 378, "status": "PASS", "call_event_ms": {"baseline": [0.011238399893045425, 0.010931199789047242, 0.01090560033917427, 0.01085439994931221], "candidate": [0.010828799754381179, 0.01080320030450821, 0.01090560033917427, 0.010751999914646149]}, "median_ms": {"baseline": 0.010918400064110757, "candidate": 0.010816000029444694}, "baseline_over_candidate": 1.0094674588006005}
{"case": {"B": 4, "SEQ_LEN": 128, "H": 1, "HQ": 16, "D": 64, "S": 1, "block_size": 64, "is_causal": true}, "candidate": "baseline", "phase": "compile_correctness"}
{"case": {"B": 4, "SEQ_LEN": 128, "H": 1, "HQ": 16, "D": 64, "S": 1, "block_size": 64, "is_causal": true}, "candidate": "candidate", "phase": "compile_correctness"}
2026-09-07 10:52:17  [TileLang:tilelang.cache.kernel_cache:WARNING] (kernel_cache.py:342): Found kernel 'kernel' in memory cache. For better performance, consider using `@tilelang.jit` instead of direct kernel caching.
{"case": {"B": 4, "SEQ_LEN": 128, "H": 1, "HQ": 16, "D": 64, "S": 1, "block_size": 64, "is_causal": true}, "seed": 378, "status": "PASS", "call_event_ms": {"baseline": [0.01640959978103638, 0.016383999586105348, 0.0165120005607605, 0.016383999586105348], "candidate": [0.01679359972476959, 0.0165120005607605, 0.016383999586105348, 0.016358399391174318]}, "median_ms": {"baseline": 0.016396799683570863, "candidate": 0.016448000073432924}, "baseline_over_candidate": 0.9968871358442684}
{"case": {"B": 2, "SEQ_LEN": 512, "H": 1, "HQ": 16, "D": 128, "S": 1, "block_size": 32, "is_causal": true}, "candidate": "baseline", "phase": "compile_correctness"}
{"case": {"B": 2, "SEQ_LEN": 512, "H": 1, "HQ": 16, "D": 128, "S": 1, "block_size": 32, "is_causal": true}, "candidate": "candidate", "phase": "compile_correctness"}
{"case": {"B": 2, "SEQ_LEN": 512, "H": 1, "HQ": 16, "D": 128, "S": 1, "block_size": 32, "is_causal": true}, "seed": 378, "status": "PASS", "call_event_ms": {"baseline": [0.024780799448490144, 0.024166400730609893, 0.024243199825286867, 0.024243199825286867], "candidate": [0.021631999313831328, 0.021529600024223328, 0.021427200734615327, 0.021222400665283202]}, "median_ms": {"baseline": 0.024243199825286867, "candidate": 0.021478400379419327}, "baseline_over_candidate": 1.1287246441553804}
{"case": {"B": 4, "SEQ_LEN": 1024, "H": 1, "HQ": 16, "D": 128, "S": 1, "block_size": 32, "is_causal": true}, "candidate": "baseline", "phase": "compile_correctness"}
{"case": {"B": 4, "SEQ_LEN": 1024, "H": 1, "HQ": 16, "D": 128, "S": 1, "block_size": 32, "is_causal": true}, "candidate": "candidate", "phase": "compile_correctness"}
{"case": {"B": 4, "SEQ_LEN": 1024, "H": 1, "HQ": 16, "D": 128, "S": 1, "block_size": 32, "is_causal": true}, "seed": 378, "status": "PASS", "call_event_ms": {"baseline": [0.08012800216674805, 0.07989760041236878, 0.07971839904785157, 0.07956479787826538], "candidate": [0.059699201583862306, 0.05921279788017273, 0.05931519865989685, 0.05913599729537964]}, "median_ms": {"baseline": 0.07980799973011017, "candidate": 0.05926399827003479}, "baseline_over_candidate": 1.3466523025744432}
{"case": {"B": 8, "SEQ_LEN": 512, "H": 1, "HQ": 16, "D": 128, "S": 1, "block_size": 32, "is_causal": true}, "candidate": "baseline", "phase": "compile_correctness"}
{"case": {"B": 8, "SEQ_LEN": 512, "H": 1, "HQ": 16, "D": 128, "S": 1, "block_size": 32, "is_causal": true}, "candidate": "candidate", "phase": "compile_correctness"}
{"case": {"B": 8, "SEQ_LEN": 512, "H": 1, "HQ": 16, "D": 128, "S": 1, "block_size": 32, "is_causal": true}, "seed": 378, "status": "PASS", "call_event_ms": {"baseline": [0.08115199804306031, 0.08051199913024902, 0.08081920146942138, 0.08056319952011108], "candidate": [0.05931519865989685, 0.0591871976852417, 0.05939199924468994, 0.0591871976852417]}, "median_ms": {"baseline": 0.08069120049476623, "candidate": 0.059251198172569276}, "baseline_over_candidate": 1.3618492618453535}
{"case": {"B": 1, "SEQ_LEN": 256, "H": 2, "HQ": 32, "D": 64, "S": 1, "block_size": 16, "is_causal": true}, "candidate": "baseline", "phase": "compile_correctness"}
{"case": {"B": 1, "SEQ_LEN": 256, "H": 2, "HQ": 32, "D": 64, "S": 1, "block_size": 16, "is_causal": true}, "candidate": "candidate", "phase": "compile_correctness"}
2026-09-07 10:52:18  [TileLang:tilelang.cache.kernel_cache:WARNING] (kernel_cache.py:342): Found kernel 'kernel' in memory cache. For better performance, consider using `@tilelang.jit` instead of direct kernel caching.
{"case": {"B": 1, "SEQ_LEN": 256, "H": 2, "HQ": 32, "D": 64, "S": 1, "block_size": 16, "is_causal": true}, "seed": 378, "status": "PASS", "call_event_ms": {"baseline": [0.011724799871444702, 0.010751999914646149, 0.010521599650382995, 0.012006399780511856], "candidate": [0.010956799983978272, 0.010521599650382995, 0.010623999685049058, 0.010496000200510025]}, "median_ms": {"baseline": 0.011238399893045425, "candidate": 0.010572799667716026}, "baseline_over_candidate": 1.0629540184480943}
{"case": {"B": 2, "SEQ_LEN": 512, "H": 2, "HQ": 32, "D": 64, "S": 1, "block_size": 16, "is_causal": true}, "candidate": "baseline", "phase": "compile_correctness"}
{"case": {"B": 2, "SEQ_LEN": 512, "H": 2, "HQ": 32, "D": 64, "S": 1, "block_size": 16, "is_causal": true}, "candidate": "candidate", "phase": "compile_correctness"}
2026-09-07 10:52:18  [TileLang:tilelang.cache.kernel_cache:WARNING] (kernel_cache.py:342): Found kernel 'kernel' in memory cache. For better performance, consider using `@tilelang.jit` instead of direct kernel caching.
{"case": {"B": 2, "SEQ_LEN": 512, "H": 2, "HQ": 32, "D": 64, "S": 1, "block_size": 16, "is_causal": true}, "seed": 378, "status": "PASS", "call_event_ms": {"baseline": [0.018764799833297728, 0.018278400599956512, 0.018278400599956512, 0.019148799777030944], "candidate": [0.017817600071430205, 0.017894400656223296, 0.017817600071430205, 0.017817600071430205]}, "median_ms": {"baseline": 0.018521600216627118, "candidate": 0.017817600071430205}, "baseline_over_candidate": 1.0395115022435457}
{"case": {"B": 1, "SEQ_LEN": 512, "H": 2, "HQ": 32, "D": 128, "S": 1, "block_size": 16, "is_causal": true}, "candidate": "baseline", "phase": "compile_correctness"}
{"case": {"B": 1, "SEQ_LEN": 512, "H": 2, "HQ": 32, "D": 128, "S": 1, "block_size": 16, "is_causal": true}, "candidate": "candidate", "phase": "compile_correctness"}
{"case": {"B": 1, "SEQ_LEN": 512, "H": 2, "HQ": 32, "D": 128, "S": 1, "block_size": 16, "is_causal": true}, "seed": 378, "status": "PASS", "call_event_ms": {"baseline": [0.0193792000412941, 0.01886720061302185, 0.01886720061302185, 0.018662400543689728], "candidate": [0.01679359972476959, 0.01676799952983856, 0.01674239933490753, 0.01681919991970062]}, "median_ms": {"baseline": 0.01886720061302185, "candidate": 0.016780799627304076}, "baseline_over_candidate": 1.1243326320590221}
{"case": {"B": 1, "SEQ_LEN": 256, "H": 1, "HQ": 16, "D": 64, "S": 2, "block_size": 16, "is_causal": true}, "candidate": "baseline", "phase": "compile_correctness"}
{"case": {"B": 1, "SEQ_LEN": 256, "H": 1, "HQ": 16, "D": 64, "S": 2, "block_size": 16, "is_causal": true}, "candidate": "candidate", "phase": "compile_correctness"}
2026-09-07 10:52:19  [TileLang:tilelang.cache.kernel_cache:WARNING] (kernel_cache.py:342): Found kernel 'kernel' in memory cache. For better performance, consider using `@tilelang.jit` instead of direct kernel caching.
{"case": {"B": 1, "SEQ_LEN": 256, "H": 1, "HQ": 16, "D": 64, "S": 2, "block_size": 16, "is_causal": true}, "seed": 378, "status": "PASS", "call_event_ms": {"baseline": [0.011366400122642516, 0.010521599650382995, 0.010623999685049058, 0.01157120019197464], "candidate": [0.01088000014424324, 0.010521599650382995, 0.010623999685049058, 0.010623999685049058]}, "median_ms": {"baseline": 0.010995199903845787, "candidate": 0.010623999685049058}, "baseline_over_candidate": 1.0349397806665142}
{"case": {"B": 2, "SEQ_LEN": 512, "H": 1, "HQ": 16, "D": 64, "S": 2, "block_size": 16, "is_causal": true}, "candidate": "baseline", "phase": "compile_correctness"}
{"case": {"B": 2, "SEQ_LEN": 512, "H": 1, "HQ": 16, "D": 64, "S": 2, "block_size": 16, "is_causal": true}, "candidate": "candidate", "phase": "compile_correctness"}
{"case": {"B": 2, "SEQ_LEN": 512, "H": 1, "HQ": 16, "D": 64, "S": 2, "block_size": 16, "is_causal": true}, "seed": 378, "status": "PASS", "call_event_ms": {"baseline": [0.01971199959516525, 0.01950719952583313, 0.01945600062608719, 0.019123199582099914], "candidate": [0.01297920048236847, 0.012825599312782288, 0.012518399953842163, 0.012544000148773193]}, "median_ms": {"baseline": 0.01948160007596016, "candidate": 0.01268479973077774}, "baseline_over_candidate": 1.535822440199116}
{"case": {"B": 4, "SEQ_LEN": 1024, "H": 1, "HQ": 16, "D": 64, "S": 2, "block_size": 16, "is_causal": true}, "candidate": "baseline", "phase": "compile_correctness"}
{"case": {"B": 4, "SEQ_LEN": 1024, "H": 1, "HQ": 16, "D": 64, "S": 2, "block_size": 16, "is_causal": true}, "candidate": "candidate", "phase": "compile_correctness"}
{"case": {"B": 4, "SEQ_LEN": 1024, "H": 1, "HQ": 16, "D": 64, "S": 2, "block_size": 16, "is_causal": true}, "seed": 378, "status": "PASS", "call_event_ms": {"baseline": [0.05081599950790405, 0.050329601764678954, 0.050432002544403075, 0.05022720098495483], "candidate": [0.03591679930686951, 0.03589119911193848, 0.03560959994792938, 0.03568640053272247]}, "median_ms": {"baseline": 0.050380802154541014, "candidate": 0.03578879982233048}, "baseline_over_candidate": 1.4077253890784522}
{"case": {"B": 1, "SEQ_LEN": 256, "H": 1, "HQ": 16, "D": 64, "S": 4, "block_size": 16, "is_causal": true}, "candidate": "baseline", "phase": "compile_correctness"}
{"case": {"B": 1, "SEQ_LEN": 256, "H": 1, "HQ": 16, "D": 64, "S": 4, "block_size": 16, "is_causal": true}, "candidate": "candidate", "phase": "compile_correctness"}
2026-09-07 10:52:19  [TileLang:tilelang.cache.kernel_cache:WARNING] (kernel_cache.py:342): Found kernel 'kernel' in memory cache. For better performance, consider using `@tilelang.jit` instead of direct kernel caching.
{"case": {"B": 1, "SEQ_LEN": 256, "H": 1, "HQ": 16, "D": 64, "S": 4, "block_size": 16, "is_causal": true}, "seed": 378, "status": "PASS", "call_event_ms": {"baseline": [0.01594880074262619, 0.015795199573040007, 0.015820799767971037, 0.015692800283432007], "candidate": [0.015974399447441102, 0.015692800283432007, 0.015820799767971037, 0.015744000673294067]}, "median_ms": {"baseline": 0.015807999670505522, "candidate": 0.015782400220632552}, "baseline_over_candidate": 1.0016220251365506}
{"case": {"B": 2, "SEQ_LEN": 512, "H": 1, "HQ": 16, "D": 64, "S": 4, "block_size": 16, "is_causal": true}, "candidate": "baseline", "phase": "compile_correctness"}
{"case": {"B": 2, "SEQ_LEN": 512, "H": 1, "HQ": 16, "D": 64, "S": 4, "block_size": 16, "is_causal": true}, "candidate": "candidate", "phase": "compile_correctness"}
{"case": {"B": 2, "SEQ_LEN": 512, "H": 1, "HQ": 16, "D": 64, "S": 4, "block_size": 16, "is_causal": true}, "seed": 378, "status": "PASS", "call_event_ms": {"baseline": [0.02959359884262085, 0.02905600070953369, 0.02895359992980957, 0.02890239953994751], "candidate": [0.020377600193023683, 0.020172800123691558, 0.020147199928760528, 0.020095999538898467]}, "median_ms": {"baseline": 0.02900480031967163, "candidate": 0.020160000026226043}, "baseline_over_candidate": 1.4387301727152495}
{"case": {"B": 4, "SEQ_LEN": 1024, "H": 1, "HQ": 16, "D": 64, "S": 4, "block_size": 16, "is_causal": true}, "candidate": "baseline", "phase": "compile_correctness"}
{"case": {"B": 4, "SEQ_LEN": 1024, "H": 1, "HQ": 16, "D": 64, "S": 4, "block_size": 16, "is_causal": true}, "candidate": "candidate", "phase": "compile_correctness"}
{"case": {"B": 4, "SEQ_LEN": 1024, "H": 1, "HQ": 16, "D": 64, "S": 4, "block_size": 16, "is_causal": true}, "seed": 378, "status": "PASS", "call_event_ms": {"baseline": [0.07864320278167725, 0.07800319790840149, 0.07815679907798767, 0.07782400250434876], "candidate": [0.06254079937934875, 0.06259199976921082, 0.06236159801483154, 0.06228479743003845]}, "median_ms": {"baseline": 0.07807999849319458, "candidate": 0.06245119869709015}, "baseline_over_candidate": 1.2502562019971706}
{"case": {"B": 1, "SEQ_LEN": 256, "H": 1, "HQ": 16, "D": 64, "S": 8, "block_size": 16, "is_causal": true}, "candidate": "baseline", "phase": "compile_correctness"}
{"case": {"B": 1, "SEQ_LEN": 256, "H": 1, "HQ": 16, "D": 64, "S": 8, "block_size": 16, "is_causal": true}, "candidate": "candidate", "phase": "compile_correctness"}
2026-09-07 10:52:20  [TileLang:tilelang.cache.kernel_cache:WARNING] (kernel_cache.py:342): Found kernel 'kernel' in memory cache. For better performance, consider using `@tilelang.jit` instead of direct kernel caching.
{"case": {"B": 1, "SEQ_LEN": 256, "H": 1, "HQ": 16, "D": 64, "S": 8, "block_size": 16, "is_causal": true}, "seed": 378, "status": "PASS", "call_event_ms": {"baseline": [0.02465279996395111, 0.02447360008955002, 0.02460159957408905, 0.02467840015888214], "candidate": [0.02462719976902008, 0.02457599937915802, 0.02462719976902008, 0.02460159957408905]}, "median_ms": {"baseline": 0.02462719976902008, "candidate": 0.024614399671554564}, "baseline_over_candidate": 1.000520024767466}
{"case": {"B": 2, "SEQ_LEN": 512, "H": 1, "HQ": 16, "D": 64, "S": 8, "block_size": 16, "is_causal": true}, "candidate": "baseline", "phase": "compile_correctness"}
{"case": {"B": 2, "SEQ_LEN": 512, "H": 1, "HQ": 16, "D": 64, "S": 8, "block_size": 16, "is_causal": true}, "candidate": "candidate", "phase": "compile_correctness"}
2026-09-07 10:52:20  [TileLang:tilelang.cache.kernel_cache:WARNING] (kernel_cache.py:342): Found kernel 'kernel' in memory cache. For better performance, consider using `@tilelang.jit` instead of direct kernel caching.
{"case": {"B": 2, "SEQ_LEN": 512, "H": 1, "HQ": 16, "D": 64, "S": 8, "block_size": 16, "is_causal": true}, "seed": 378, "status": "PASS", "call_event_ms": {"baseline": [0.04106239974498749, 0.040729600191116336, 0.04085760116577149, 0.0409855991601944], "candidate": [0.040908798575401306, 0.040780800580978396, 0.04085760116577149, 0.04126720130443573]}, "median_ms": {"baseline": 0.04092160016298294, "candidate": 0.0408831998705864}, "baseline_over_candidate": 1.0009392682695606}
{"case": {"B": 4, "SEQ_LEN": 1024, "H": 1, "HQ": 16, "D": 64, "S": 8, "block_size": 16, "is_causal": true}, "candidate": "baseline", "phase": "compile_correctness"}
{"case": {"B": 4, "SEQ_LEN": 1024, "H": 1, "HQ": 16, "D": 64, "S": 8, "block_size": 16, "is_causal": true}, "candidate": "candidate", "phase": "compile_correctness"}
2026-09-07 10:52:21  [TileLang:tilelang.cache.kernel_cache:WARNING] (kernel_cache.py:342): Found kernel 'kernel' in memory cache. For better performance, consider using `@tilelang.jit` instead of direct kernel caching.
{"case": {"B": 4, "SEQ_LEN": 1024, "H": 1, "HQ": 16, "D": 64, "S": 8, "block_size": 16, "is_causal": true}, "seed": 378, "status": "PASS", "call_event_ms": {"baseline": [0.12344319820404052, 0.12303359508514404, 0.1232640027999878, 0.12313599586486816], "candidate": [0.12305920124053955, 0.12272640466690063, 0.12295680046081543, 0.1232640027999878]}, "median_ms": {"baseline": 0.12319999933242798, "candidate": 0.12300800085067749}, "baseline_over_candidate": 1.0015608617360066}
{"case": {"B": 1, "SEQ_LEN": 1024, "H": 1, "HQ": 16, "D": 128, "S": 1, "block_size": 32, "is_causal": true}, "candidate": "baseline", "phase": "compile_correctness"}
{"case": {"B": 1, "SEQ_LEN": 1024, "H": 1, "HQ": 16, "D": 128, "S": 1, "block_size": 32, "is_causal": true}, "candidate": "candidate", "phase": "compile_correctness"}
{"case": {"B": 1, "SEQ_LEN": 1024, "H": 1, "HQ": 16, "D": 128, "S": 1, "block_size": 32, "is_causal": true}, "seed": 378, "status": "PASS", "call_event_ms": {"baseline": [0.02452480047941208, 0.024063999950885772, 0.02385919988155365, 0.02385919988155365], "candidate": [0.021452799439430237, 0.021299199759960176, 0.021503999829292297, 0.021222400665283202]}, "median_ms": {"baseline": 0.02396159991621971, "candidate": 0.021375999599695206}, "baseline_over_candidate": 1.1209581009049687}
{"case": {"B": 2, "SEQ_LEN": 1024, "H": 1, "HQ": 16, "D": 128, "S": 1, "block_size": 32, "is_causal": true}, "candidate": "baseline", "phase": "compile_correctness"}
{"case": {"B": 2, "SEQ_LEN": 1024, "H": 1, "HQ": 16, "D": 128, "S": 1, "block_size": 32, "is_causal": true}, "candidate": "candidate", "phase": "compile_correctness"}
{"case": {"B": 2, "SEQ_LEN": 1024, "H": 1, "HQ": 16, "D": 128, "S": 1, "block_size": 32, "is_causal": true}, "seed": 378, "status": "PASS", "call_event_ms": {"baseline": [0.04462080001831055, 0.04439040124416351, 0.0440064013004303, 0.04392960071563721], "candidate": [0.03409920036792755, 0.0336896002292633, 0.03345920145511627, 0.033843201398849485]}, "median_ms": {"baseline": 0.044198401272296906, "candidate": 0.033766400814056394}, "baseline_over_candidate": 1.308946177464607}
{"case": {"B": 4, "SEQ_LEN": 512, "H": 1, "HQ": 16, "D": 128, "S": 1, "block_size": 32, "is_causal": true}, "candidate": "baseline", "phase": "compile_correctness"}
{"case": {"B": 4, "SEQ_LEN": 512, "H": 1, "HQ": 16, "D": 128, "S": 1, "block_size": 32, "is_causal": true}, "candidate": "candidate", "phase": "compile_correctness"}
{"case": {"B": 4, "SEQ_LEN": 512, "H": 1, "HQ": 16, "D": 128, "S": 1, "block_size": 32, "is_causal": true}, "seed": 378, "status": "PASS", "call_event_ms": {"baseline": [0.046412798762321475, 0.045772799849510194, 0.04613119959831238, 0.045900800824165346], "candidate": [0.034790399670600894, 0.03461120128631592, 0.03473919928073883, 0.034457600116729735]}, "median_ms": {"baseline": 0.04601600021123886, "candidate": 0.03467520028352737}, "baseline_over_candidate": 1.3270579502059572}
{"case": {"B": 8, "SEQ_LEN": 256, "H": 1, "HQ": 16, "D": 128, "S": 1, "block_size": 32, "is_causal": true}, "candidate": "baseline", "phase": "compile_correctness"}
{"case": {"B": 8, "SEQ_LEN": 256, "H": 1, "HQ": 16, "D": 128, "S": 1, "block_size": 32, "is_causal": true}, "candidate": "candidate", "phase": "compile_correctness"}
{"case": {"B": 8, "SEQ_LEN": 256, "H": 1, "HQ": 16, "D": 128, "S": 1, "block_size": 32, "is_causal": true}, "seed": 378, "status": "PASS", "call_event_ms": {"baseline": [0.045286399126052854, 0.04467200040817261, 0.04454399943351746, 0.04433920085430145], "candidate": [0.03409920036792755, 0.03412480056285858, 0.03402239978313446, 0.0347135990858078]}, "median_ms": {"baseline": 0.044607999920845035, "candidate": 0.03411200046539307}, "baseline_over_candidate": 1.3076922875309014}
{"case": {"B": 1, "SEQ_LEN": 2048, "H": 1, "HQ": 16, "D": 32, "S": 1, "block_size": 16, "is_causal": true}, "candidate": "baseline", "phase": "compile_correctness"}
{"case": {"B": 1, "SEQ_LEN": 2048, "H": 1, "HQ": 16, "D": 32, "S": 1, "block_size": 16, "is_causal": true}, "candidate": "candidate", "phase": "compile_correctness"}
2026-09-07 10:52:22  [TileLang:tilelang.cache.kernel_cache:WARNING] (kernel_cache.py:342): Found kernel 'kernel' in memory cache. For better performance, consider using `@tilelang.jit` instead of direct kernel caching.
{"case": {"B": 1, "SEQ_LEN": 2048, "H": 1, "HQ": 16, "D": 32, "S": 1, "block_size": 16, "is_causal": true}, "seed": 378, "status": "PASS", "call_event_ms": {"baseline": [0.011468800157308579, 0.010572800040245056, 0.010598400235176086, 0.010316800326108932], "candidate": [0.010700800269842149, 0.010726399719715118, 0.010598400235176086, 0.010470400005578995]}, "median_ms": {"baseline": 0.010585600137710571, "candidate": 0.010649600252509116}, "baseline_over_candidate": 0.9939903739782658}
{"case": {"B": 4, "SEQ_LEN": 2048, "H": 1, "HQ": 16, "D": 32, "S": 1, "block_size": 16, "is_causal": true}, "candidate": "baseline", "phase": "compile_correctness"}
{"case": {"B": 4, "SEQ_LEN": 2048, "H": 1, "HQ": 16, "D": 32, "S": 1, "block_size": 16, "is_causal": true}, "candidate": "candidate", "phase": "compile_correctness"}
{"case": {"B": 4, "SEQ_LEN": 2048, "H": 1, "HQ": 16, "D": 32, "S": 1, "block_size": 16, "is_causal": true}, "seed": 378, "status": "PASS", "call_event_ms": {"baseline": [0.024985599517822265, 0.024345600605010988, 0.024191999435424806, 0.02447360008955002], "candidate": [0.02396160066127777, 0.02380799949169159, 0.02378239929676056, 0.023756800591945647]}, "median_ms": {"baseline": 0.024409600347280503, "candidate": 0.023795199394226075}, "baseline_over_candidate": 1.025820374222353}
{"case": {"B": 8, "SEQ_LEN": 2048, "H": 1, "HQ": 16, "D": 32, "S": 1, "block_size": 16, "is_causal": true}, "candidate": "baseline", "phase": "compile_correctness"}
{"case": {"B": 8, "SEQ_LEN": 2048, "H": 1, "HQ": 16, "D": 32, "S": 1, "block_size": 16, "is_causal": true}, "candidate": "candidate", "phase": "compile_correctness"}
{"case": {"B": 8, "SEQ_LEN": 2048, "H": 1, "HQ": 16, "D": 32, "S": 1, "block_size": 16, "is_causal": true}, "seed": 378, "status": "PASS", "call_event_ms": {"baseline": [0.04162560105323791, 0.0409855991601944, 0.04106239974498749, 0.04129279851913452], "candidate": [0.03929600119590759, 0.03909119963645935, 0.03934719860553741, 0.03980799913406372]}, "median_ms": {"baseline": 0.041177599132061, "candidate": 0.0393215999007225}, "baseline_over_candidate": 1.0472005014044303}
{"case": {"B": 1, "SEQ_LEN": 48, "H": 1, "HQ": 16, "D": 32, "S": 1, "block_size": 16, "is_causal": true}, "candidate": "baseline", "phase": "compile_correctness"}
{"case": {"B": 1, "SEQ_LEN": 48, "H": 1, "HQ": 16, "D": 32, "S": 1, "block_size": 16, "is_causal": true}, "candidate": "candidate", "phase": "compile_correctness"}
2026-09-07 10:52:23  [TileLang:tilelang.cache.kernel_cache:WARNING] (kernel_cache.py:342): Found kernel 'kernel' in memory cache. For better performance, consider using `@tilelang.jit` instead of direct kernel caching.
{"case": {"B": 1, "SEQ_LEN": 48, "H": 1, "HQ": 16, "D": 32, "S": 1, "block_size": 16, "is_causal": true}, "seed": 378, "status": "PASS", "call_event_ms": {"baseline": [0.011494400352239609, 0.010496000200510025, 0.010623999685049058, 0.010496000200510025], "candidate": [0.01080320030450821, 0.010649599879980088, 0.010572800040245056, 0.010547199845314026]}, "median_ms": {"baseline": 0.010559999942779542, "candidate": 0.010611199960112571}, "baseline_over_candidate": 0.9951749078779507}
{"case": {"B": 2, "SEQ_LEN": 48, "H": 1, "HQ": 16, "D": 32, "S": 1, "block_size": 16, "is_causal": true}, "candidate": "baseline", "phase": "compile_correctness"}
{"case": {"B": 2, "SEQ_LEN": 48, "H": 1, "HQ": 16, "D": 32, "S": 1, "block_size": 16, "is_causal": true}, "candidate": "candidate", "phase": "compile_correctness"}
2026-09-07 10:52:23  [TileLang:tilelang.cache.kernel_cache:WARNING] (kernel_cache.py:342): Found kernel 'kernel' in memory cache. For better performance, consider using `@tilelang.jit` instead of direct kernel caching.
{"case": {"B": 2, "SEQ_LEN": 48, "H": 1, "HQ": 16, "D": 32, "S": 1, "block_size": 16, "is_causal": true}, "seed": 378, "status": "PASS", "call_event_ms": {"baseline": [0.011366400122642516, 0.010470400005578995, 0.010444799810647965, 0.010419200360774993], "candidate": [0.010675200074911118, 0.010496000200510025, 0.010547199845314026, 0.011238399893045425]}, "median_ms": {"baseline": 0.01045759990811348, "candidate": 0.010611199960112571}, "baseline_over_candidate": 0.9855247236338517}
{"case": {"B": 4, "SEQ_LEN": 48, "H": 1, "HQ": 16, "D": 32, "S": 1, "block_size": 16, "is_causal": true}, "candidate": "baseline", "phase": "compile_correctness"}
{"case": {"B": 4, "SEQ_LEN": 48, "H": 1, "HQ": 16, "D": 32, "S": 1, "block_size": 16, "is_causal": true}, "candidate": "candidate", "phase": "compile_correctness"}
2026-09-07 10:52:23  [TileLang:tilelang.cache.kernel_cache:WARNING] (kernel_cache.py:342): Found kernel 'kernel' in memory cache. For better performance, consider using `@tilelang.jit` instead of direct kernel caching.
{"case": {"B": 4, "SEQ_LEN": 48, "H": 1, "HQ": 16, "D": 32, "S": 1, "block_size": 16, "is_causal": true}, "seed": 378, "status": "PASS", "call_event_ms": {"baseline": [0.011289600282907486, 0.010470400005578995, 0.010393600165843963, 0.010163199901580811], "candidate": [0.010521599650382995, 0.010316800326108932, 0.010265599936246872, 0.010367999970912933]}, "median_ms": {"baseline": 0.01043200008571148, "candidate": 0.010342400148510933}, "baseline_over_candidate": 1.0086633601401942}
{"case": {"B": 8, "SEQ_LEN": 48, "H": 1, "HQ": 16, "D": 32, "S": 1, "block_size": 16, "is_causal": true}, "candidate": "baseline", "phase": "compile_correctness"}
{"case": {"B": 8, "SEQ_LEN": 48, "H": 1, "HQ": 16, "D": 32, "S": 1, "block_size": 16, "is_causal": true}, "candidate": "candidate", "phase": "compile_correctness"}
2026-09-07 10:52:23  [TileLang:tilelang.cache.kernel_cache:WARNING] (kernel_cache.py:342): Found kernel 'kernel' in memory cache. For better performance, consider using `@tilelang.jit` instead of direct kernel caching.
{"case": {"B": 8, "SEQ_LEN": 48, "H": 1, "HQ": 16, "D": 32, "S": 1, "block_size": 16, "is_causal": true}, "seed": 378, "status": "PASS", "call_event_ms": {"baseline": [0.011187200248241425, 0.010547199845314026, 0.010547199845314026, 0.010393600165843963], "candidate": [0.01088000014424324, 0.010572800040245056, 0.010444799810647965, 0.010470400005578995]}, "median_ms": {"baseline": 0.010547199845314026, "candidate": 0.010521600022912025}, "baseline_over_candidate": 1.0024330731396607}
{"case": {"B": 1, "SEQ_LEN": 96, "H": 1, "HQ": 16, "D": 32, "S": 1, "block_size": 16, "is_causal": true}, "candidate": "baseline", "phase": "compile_correctness"}
{"case": {"B": 1, "SEQ_LEN": 96, "H": 1, "HQ": 16, "D": 32, "S": 1, "block_size": 16, "is_causal": true}, "candidate": "candidate", "phase": "compile_correctness"}
2026-09-07 10:52:23  [TileLang:tilelang.cache.kernel_cache:WARNING] (kernel_cache.py:342): Found kernel 'kernel' in memory cache. For better performance, consider using `@tilelang.jit` instead of direct kernel caching.
{"case": {"B": 1, "SEQ_LEN": 96, "H": 1, "HQ": 16, "D": 32, "S": 1, "block_size": 16, "is_causal": true}, "seed": 378, "status": "PASS", "call_event_ms": {"baseline": [0.01154559999704361, 0.010367999970912933, 0.010367999970912933, 0.010137599706649781], "candidate": [0.010623999685049058, 0.010265599936246872, 0.010342399775981902, 0.010393600165843963]}, "median_ms": {"baseline": 0.010367999970912933, "candidate": 0.010367999970912933}, "baseline_over_candidate": 1.0}
{"case": {"B": 2, "SEQ_LEN": 96, "H": 1, "HQ": 16, "D": 32, "S": 1, "block_size": 16, "is_causal": true}, "candidate": "baseline", "phase": "compile_correctness"}
{"case": {"B": 2, "SEQ_LEN": 96, "H": 1, "HQ": 16, "D": 32, "S": 1, "block_size": 16, "is_causal": true}, "candidate": "candidate", "phase": "compile_correctness"}
2026-09-07 10:52:24  [TileLang:tilelang.cache.kernel_cache:WARNING] (kernel_cache.py:342): Found kernel 'kernel' in memory cache. For better performance, consider using `@tilelang.jit` instead of direct kernel caching.
{"case": {"B": 2, "SEQ_LEN": 96, "H": 1, "HQ": 16, "D": 32, "S": 1, "block_size": 16, "is_causal": true}, "seed": 378, "status": "PASS", "call_event_ms": {"baseline": [0.011110399663448334, 0.010214400291442872, 0.010419200360774993, 0.010291200131177902], "candidate": [0.010777600109577179, 0.010342399775981902, 0.010342399775981902, 0.01085439994931221]}, "median_ms": {"baseline": 0.010355200245976448, "candidate": 0.01055999994277954}, "baseline_over_candidate": 0.980606089212801}
{"case": {"B": 4, "SEQ_LEN": 96, "H": 1, "HQ": 16, "D": 32, "S": 1, "block_size": 16, "is_causal": true}, "candidate": "baseline", "phase": "compile_correctness"}
{"case": {"B": 4, "SEQ_LEN": 96, "H": 1, "HQ": 16, "D": 32, "S": 1, "block_size": 16, "is_causal": true}, "candidate": "candidate", "phase": "compile_correctness"}
2026-09-07 10:52:24  [TileLang:tilelang.cache.kernel_cache:WARNING] (kernel_cache.py:342): Found kernel 'kernel' in memory cache. For better performance, consider using `@tilelang.jit` instead of direct kernel caching.
{"case": {"B": 4, "SEQ_LEN": 96, "H": 1, "HQ": 16, "D": 32, "S": 1, "block_size": 16, "is_causal": true}, "seed": 378, "status": "PASS", "call_event_ms": {"baseline": [0.011238399893045425, 0.010265599936246872, 0.010444799810647965, 0.010316800326108932], "candidate": [0.010675200074911118, 0.010496000200510025, 0.010470400005578995, 0.010496000200510025]}, "median_ms": {"baseline": 0.010380800068378448, "candidate": 0.010496000200510025}, "baseline_over_candidate": 0.9890243778648194}
{"case": {"B": 8, "SEQ_LEN": 96, "H": 1, "HQ": 16, "D": 32, "S": 1, "block_size": 16, "is_causal": true}, "candidate": "baseline", "phase": "compile_correctness"}
{"case": {"B": 8, "SEQ_LEN": 96, "H": 1, "HQ": 16, "D": 32, "S": 1, "block_size": 16, "is_causal": true}, "candidate": "candidate", "phase": "compile_correctness"}
2026-09-07 10:52:24  [TileLang:tilelang.cache.kernel_cache:WARNING] (kernel_cache.py:342): Found kernel 'kernel' in memory cache. For better performance, consider using `@tilelang.jit` instead of direct kernel caching.
{"case": {"B": 8, "SEQ_LEN": 96, "H": 1, "HQ": 16, "D": 32, "S": 1, "block_size": 16, "is_causal": true}, "seed": 378, "status": "PASS", "call_event_ms": {"baseline": [0.011366400122642516, 0.010367999970912933, 0.010521599650382995, 0.010444799810647965], "candidate": [0.010700800269842149, 0.010547199845314026, 0.010521599650382995, 0.010496000200510025]}, "median_ms": {"baseline": 0.01048319973051548, "candidate": 0.01053439974784851}, "baseline_over_candidate": 0.995139730923588}
{"case": {"B": 1, "SEQ_LEN": 4096, "H": 1, "HQ": 16, "D": 64, "S": 1, "block_size": 16, "is_causal": true}, "candidate": "baseline", "phase": "compile_correctness"}
{"case": {"B": 1, "SEQ_LEN": 4096, "H": 1, "HQ": 16, "D": 64, "S": 1, "block_size": 16, "is_causal": true}, "candidate": "candidate", "phase": "compile_correctness"}
2026-09-07 10:52:24  [TileLang:tilelang.cache.kernel_cache:WARNING] (kernel_cache.py:342): Found kernel 'kernel' in memory cache. For better performance, consider using `@tilelang.jit` instead of direct kernel caching.
{"case": {"B": 1, "SEQ_LEN": 4096, "H": 1, "HQ": 16, "D": 64, "S": 1, "block_size": 16, "is_causal": true}, "seed": 378, "status": "PASS", "call_event_ms": {"baseline": [0.029414400458335876, 0.029183998703956604, 0.029414400458335876, 0.02956799864768982], "candidate": [0.02956799864768982, 0.029388800263404846, 0.02956799864768982, 0.029491201043128967]}, "median_ms": {"baseline": 0.029414400458335876, "candidate": 0.029529599845409392}, "baseline_over_candidate": 0.996098850384814}
{"case": {"B": 1, "SEQ_LEN": 4096, "H": 1, "HQ": 16, "D": 128, "S": 1, "block_size": 16, "is_causal": true}, "candidate": "baseline", "phase": "compile_correctness"}
{"case": {"B": 1, "SEQ_LEN": 4096, "H": 1, "HQ": 16, "D": 128, "S": 1, "block_size": 16, "is_causal": true}, "candidate": "candidate", "phase": "compile_correctness"}
{"case": {"B": 1, "SEQ_LEN": 4096, "H": 1, "HQ": 16, "D": 128, "S": 1, "block_size": 16, "is_causal": true}, "seed": 378, "status": "PASS", "call_event_ms": {"baseline": [0.05816320180892944, 0.05675519704818725, 0.05716480016708374, 0.05711359977722168], "candidate": [0.04915199875831604, 0.04897280037403107, 0.04915199875831604, 0.048819199204444885]}, "median_ms": {"baseline": 0.05713919997215271, "candidate": 0.04906239956617355}, "baseline_over_candidate": 1.1646230204269863}
{"case": {"B": 2, "SEQ_LEN": 4096, "H": 1, "HQ": 16, "D": 64, "S": 1, "block_size": 16, "is_causal": true}, "candidate": "baseline", "phase": "compile_correctness"}
{"case": {"B": 2, "SEQ_LEN": 4096, "H": 1, "HQ": 16, "D": 64, "S": 1, "block_size": 16, "is_causal": true}, "candidate": "candidate", "phase": "compile_correctness"}
2026-09-07 10:52:25  [TileLang:tilelang.cache.kernel_cache:WARNING] (kernel_cache.py:342): Found kernel 'kernel' in memory cache. For better performance, consider using `@tilelang.jit` instead of direct kernel caching.
{"case": {"B": 2, "SEQ_LEN": 4096, "H": 1, "HQ": 16, "D": 64, "S": 1, "block_size": 16, "is_causal": true}, "seed": 378, "status": "PASS", "call_event_ms": {"baseline": [0.05009920001029968, 0.04997119903564453, 0.04991999864578247, 0.04953599870204926], "candidate": [0.04953599870204926, 0.04943360090255737, 0.04951040148735046, 0.04935680031776428]}, "median_ms": {"baseline": 0.0499455988407135, "candidate": 0.049472001194953916}, "baseline_over_candidate": 1.0095730440313762}
{"case": {"B": 4, "SEQ_LEN": 4096, "H": 1, "HQ": 16, "D": 64, "S": 1, "block_size": 16, "is_causal": true}, "candidate": "baseline", "phase": "compile_correctness"}
{"case": {"B": 4, "SEQ_LEN": 4096, "H": 1, "HQ": 16, "D": 64, "S": 1, "block_size": 16, "is_causal": true}, "candidate": "candidate", "phase": "compile_correctness"}
2026-09-07 10:52:25  [TileLang:tilelang.cache.kernel_cache:WARNING] (kernel_cache.py:342): Found kernel 'kernel' in memory cache. For better performance, consider using `@tilelang.jit` instead of direct kernel caching.
{"case": {"B": 4, "SEQ_LEN": 4096, "H": 1, "HQ": 16, "D": 64, "S": 1, "block_size": 16, "is_causal": true}, "seed": 378, "status": "PASS", "call_event_ms": {"baseline": [0.08970239758491516, 0.09034240245819092, 0.08983039855957031, 0.08962560296058655], "candidate": [0.08944640159606934, 0.08921599984169007, 0.08796160221099854, 0.08906239867210389]}, "median_ms": {"baseline": 0.08976639807224274, "candidate": 0.08913919925689698}, "baseline_over_candidate": 1.0070361728686634}
{"case": {"B": 8, "SEQ_LEN": 4096, "H": 1, "HQ": 16, "D": 64, "S": 1, "block_size": 16, "is_causal": true}, "candidate": "baseline", "phase": "compile_correctness"}
{"case": {"B": 8, "SEQ_LEN": 4096, "H": 1, "HQ": 16, "D": 64, "S": 1, "block_size": 16, "is_causal": true}, "candidate": "candidate", "phase": "compile_correctness"}
2026-09-07 10:52:26  [TileLang:tilelang.cache.kernel_cache:WARNING] (kernel_cache.py:342): Found kernel 'kernel' in memory cache. For better performance, consider using `@tilelang.jit` instead of direct kernel caching.
{"case": {"B": 8, "SEQ_LEN": 4096, "H": 1, "HQ": 16, "D": 64, "S": 1, "block_size": 16, "is_causal": true}, "seed": 378, "status": "PASS", "call_event_ms": {"baseline": [0.17100800275802613, 0.16883200407028198, 0.1689087986946106, 0.1681920051574707], "candidate": [0.1702656030654907, 0.16906239986419677, 0.16888320446014404, 0.17003519535064698]}, "median_ms": {"baseline": 0.1688704013824463, "candidate": 0.16954879760742186}, "baseline_over_candidate": 0.9959988142968355}
{"case": {"B": 1, "SEQ_LEN": 8192, "H": 1, "HQ": 16, "D": 64, "S": 1, "block_size": 16, "is_causal": true}, "candidate": "baseline", "phase": "compile_correctness"}
{"case": {"B": 1, "SEQ_LEN": 8192, "H": 1, "HQ": 16, "D": 64, "S": 1, "block_size": 16, "is_causal": true}, "candidate": "candidate", "phase": "compile_correctness"}
2026-09-07 10:52:26  [TileLang:tilelang.cache.kernel_cache:WARNING] (kernel_cache.py:342): Found kernel 'kernel' in memory cache. For better performance, consider using `@tilelang.jit` instead of direct kernel caching.
{"case": {"B": 1, "SEQ_LEN": 8192, "H": 1, "HQ": 16, "D": 64, "S": 1, "block_size": 16, "is_causal": true}, "seed": 378, "status": "PASS", "call_event_ms": {"baseline": [0.04927999973297119, 0.04907520115375519, 0.04951040148735046, 0.04943360090255737], "candidate": [0.05002239942550659, 0.05025280117988586, 0.05022720098495483, 0.05015040040016174]}, "median_ms": {"baseline": 0.04935680031776428, "candidate": 0.05018880069255829}, "baseline_over_candidate": 0.9834225890375305}
{"case": {"B": 1, "SEQ_LEN": 8192, "H": 1, "HQ": 16, "D": 128, "S": 1, "block_size": 16, "is_causal": true}, "candidate": "baseline", "phase": "compile_correctness"}
{"case": {"B": 1, "SEQ_LEN": 8192, "H": 1, "HQ": 16, "D": 128, "S": 1, "block_size": 16, "is_causal": true}, "candidate": "candidate", "phase": "compile_correctness"}
{"case": {"B": 1, "SEQ_LEN": 8192, "H": 1, "HQ": 16, "D": 128, "S": 1, "block_size": 16, "is_causal": true}, "seed": 378, "status": "PASS", "call_event_ms": {"baseline": [0.1035264015197754, 0.10316799879074097, 0.10199040174484253, 0.10206719636917114], "candidate": [0.09413120150566101, 0.09402880072593689, 0.09323520064353943, 0.0932096004486084]}, "median_ms": {"baseline": 0.10261759757995606, "candidate": 0.09363200068473816}, "baseline_over_candidate": 1.095967156842805}
{"case": {"B": 2, "SEQ_LEN": 8192, "H": 1, "HQ": 16, "D": 64, "S": 1, "block_size": 16, "is_causal": true}, "candidate": "baseline", "phase": "compile_correctness"}
{"case": {"B": 2, "SEQ_LEN": 8192, "H": 1, "HQ": 16, "D": 64, "S": 1, "block_size": 16, "is_causal": true}, "candidate": "candidate", "phase": "compile_correctness"}
2026-09-07 10:52:27  [TileLang:tilelang.cache.kernel_cache:WARNING] (kernel_cache.py:342): Found kernel 'kernel' in memory cache. For better performance, consider using `@tilelang.jit` instead of direct kernel caching.
{"case": {"B": 2, "SEQ_LEN": 8192, "H": 1, "HQ": 16, "D": 64, "S": 1, "block_size": 16, "is_causal": true}, "seed": 378, "status": "PASS", "call_event_ms": {"baseline": [0.08895999789237977, 0.08975359797477722, 0.08852480053901672, 0.08908799886703492], "candidate": [0.0901632010936737, 0.0899071991443634, 0.09039360284805298, 0.0899071991443634]}, "median_ms": {"baseline": 0.08902399837970734, "candidate": 0.09003520011901855}, "baseline_over_candidate": 0.9887688177737763}
{"case": {"B": 4, "SEQ_LEN": 8192, "H": 1, "HQ": 16, "D": 32, "S": 1, "block_size": 16, "is_causal": true}, "candidate": "baseline", "phase": "compile_correctness"}
{"case": {"B": 4, "SEQ_LEN": 8192, "H": 1, "HQ": 16, "D": 32, "S": 1, "block_size": 16, "is_causal": true}, "candidate": "candidate", "phase": "compile_correctness"}
{"case": {"B": 4, "SEQ_LEN": 8192, "H": 1, "HQ": 16, "D": 32, "S": 1, "block_size": 16, "is_causal": true}, "seed": 378, "status": "PASS", "call_event_ms": {"baseline": [0.07523840069770812, 0.07485439777374267, 0.07449600100517273, 0.07439360022544861], "candidate": [0.07127040028572082, 0.0711679995059967, 0.07283200025558471, 0.07086079716682434]}, "median_ms": {"baseline": 0.0746751993894577, "candidate": 0.07121919989585876}, "baseline_over_candidate": 1.0485262330755263}
{"case": {"B": 1, "SEQ_LEN": 16384, "H": 1, "HQ": 16, "D": 32, "S": 1, "block_size": 16, "is_causal": true}, "candidate": "baseline", "phase": "compile_correctness"}
{"case": {"B": 1, "SEQ_LEN": 16384, "H": 1, "HQ": 16, "D": 32, "S": 1, "block_size": 16, "is_causal": true}, "candidate": "candidate", "phase": "compile_correctness"}
{"case": {"B": 1, "SEQ_LEN": 16384, "H": 1, "HQ": 16, "D": 32, "S": 1, "block_size": 16, "is_causal": true}, "seed": 378, "status": "PASS", "call_event_ms": {"baseline": [0.04216319918632507, 0.04149760007858276, 0.04157440066337585, 0.04142079949378967], "candidate": [0.040064001083374025, 0.03980799913406372, 0.039961600303649904, 0.039961600303649904]}, "median_ms": {"baseline": 0.041536000370979306, "candidate": 0.039961600303649904}, "baseline_over_candidate": 1.0393978232945191}
{"case": {"B": 1, "SEQ_LEN": 16384, "H": 1, "HQ": 16, "D": 64, "S": 1, "block_size": 16, "is_causal": true}, "candidate": "baseline", "phase": "compile_correctness"}
{"case": {"B": 1, "SEQ_LEN": 16384, "H": 1, "HQ": 16, "D": 64, "S": 1, "block_size": 16, "is_causal": true}, "candidate": "candidate", "phase": "compile_correctness"}
2026-09-07 10:52:29  [TileLang:tilelang.cache.kernel_cache:WARNING] (kernel_cache.py:342): Found kernel 'kernel' in memory cache. For better performance, consider using `@tilelang.jit` instead of direct kernel caching.
{"case": {"B": 1, "SEQ_LEN": 16384, "H": 1, "HQ": 16, "D": 64, "S": 1, "block_size": 16, "is_causal": true}, "seed": 378, "status": "PASS", "call_event_ms": {"baseline": [0.09205759763717651, 0.0923904001712799, 0.09093120098114013, 0.09192960262298584], "candidate": [0.09231359958648681, 0.09200639724731445, 0.09190400242805481, 0.09093120098114013]}, "median_ms": {"baseline": 0.09199360013008118, "candidate": 0.09195519983768463}, "baseline_over_candidate": 1.0004175978352974}
{"case": {"B": 2, "SEQ_LEN": 16384, "H": 1, "HQ": 16, "D": 32, "S": 1, "block_size": 16, "is_causal": true}, "candidate": "baseline", "phase": "compile_correctness"}
{"case": {"B": 2, "SEQ_LEN": 16384, "H": 1, "HQ": 16, "D": 32, "S": 1, "block_size": 16, "is_causal": true}, "candidate": "candidate", "phase": "compile_correctness"}
{"case": {"B": 2, "SEQ_LEN": 16384, "H": 1, "HQ": 16, "D": 32, "S": 1, "block_size": 16, "is_causal": true}, "seed": 378, "status": "PASS", "call_event_ms": {"baseline": [0.0754688024520874, 0.07552000284194946, 0.07477759718894958, 0.07490559816360473], "candidate": [0.07211520075798035, 0.07193599939346314, 0.07362560033798218, 0.07167999744415283]}, "median_ms": {"baseline": 0.07518720030784606, "candidate": 0.07202560007572174}, "baseline_over_candidate": 1.0438955069975187}
