Loading tilelang libs from dev root: /opt/tilelang-metax-v0.1.10/build
{"case": {"B": 1, "SEQ_LEN": 64, "H": 1, "HQ": 16, "D": 32, "S": 1, "block_size": 16, "is_causal": true}, "candidate": "baseline", "phase": "compile_correctness"}
{"case": {"B": 1, "SEQ_LEN": 64, "H": 1, "HQ": 16, "D": 32, "S": 1, "block_size": 16, "is_causal": true}, "candidate": "candidate", "phase": "compile_correctness"}
2026-09-07 11:02:14  [TileLang:tilelang.cache.kernel_cache:WARNING] (kernel_cache.py:342): Found kernel 'kernel' in memory cache. For better performance, consider using `@tilelang.jit` instead of direct kernel caching.
{"case": {"B": 1, "SEQ_LEN": 64, "H": 1, "HQ": 16, "D": 32, "S": 1, "block_size": 16, "is_causal": true}, "seed": 384, "status": "PASS", "call_event_ms": {"baseline": [0.01226240023970604, 0.010470400005578995, 0.010496000200510025, 0.010649599879980088], "candidate": [0.011903999745845795, 0.010444799810647965, 0.010956799983978272, 0.010649599879980088]}, "median_ms": {"baseline": 0.010572800040245058, "candidate": 0.01080319993197918}, "baseline_over_candidate": 0.978672995669357}
{"case": {"B": 1, "SEQ_LEN": 64, "H": 1, "HQ": 16, "D": 64, "S": 1, "block_size": 16, "is_causal": true}, "candidate": "baseline", "phase": "compile_correctness"}
{"case": {"B": 1, "SEQ_LEN": 64, "H": 1, "HQ": 16, "D": 64, "S": 1, "block_size": 16, "is_causal": true}, "candidate": "candidate", "phase": "compile_correctness"}
2026-09-07 11:02:14  [TileLang:tilelang.cache.kernel_cache:WARNING] (kernel_cache.py:342): Found kernel 'kernel' in memory cache. For better performance, consider using `@tilelang.jit` instead of direct kernel caching.
{"case": {"B": 1, "SEQ_LEN": 64, "H": 1, "HQ": 16, "D": 64, "S": 1, "block_size": 16, "is_causal": true}, "seed": 384, "status": "PASS", "call_event_ms": {"baseline": [0.01154559999704361, 0.010393600165843963, 0.010572800040245056, 0.01223680004477501], "candidate": [0.010982400178909302, 0.010828799754381179, 0.010419200360774993, 0.010496000200510025]}, "median_ms": {"baseline": 0.011059200018644333, "candidate": 0.010662399977445603}, "baseline_over_candidate": 1.0372148898970297}
{"case": {"B": 1, "SEQ_LEN": 64, "H": 1, "HQ": 16, "D": 128, "S": 1, "block_size": 16, "is_causal": true}, "candidate": "baseline", "phase": "compile_correctness"}
{"case": {"B": 1, "SEQ_LEN": 64, "H": 1, "HQ": 16, "D": 128, "S": 1, "block_size": 16, "is_causal": true}, "candidate": "candidate", "phase": "compile_correctness"}
{"case": {"B": 1, "SEQ_LEN": 64, "H": 1, "HQ": 16, "D": 128, "S": 1, "block_size": 16, "is_causal": true}, "seed": 384, "status": "PASS", "call_event_ms": {"baseline": [0.011852800101041793, 0.011289600282907486, 0.011135999858379365, 0.011135999858379365], "candidate": [0.010726399719715118, 0.010547199845314026, 0.010393600165843963, 0.010572800040245056]}, "median_ms": {"baseline": 0.011212800070643425, "candidate": 0.01055999994277954}, "baseline_over_candidate": 1.0618181942614726}
{"case": {"B": 1, "SEQ_LEN": 128, "H": 1, "HQ": 16, "D": 32, "S": 1, "block_size": 16, "is_causal": true}, "candidate": "baseline", "phase": "compile_correctness"}
{"case": {"B": 1, "SEQ_LEN": 128, "H": 1, "HQ": 16, "D": 32, "S": 1, "block_size": 16, "is_causal": true}, "candidate": "candidate", "phase": "compile_correctness"}
2026-09-07 11:02:14  [TileLang:tilelang.cache.kernel_cache:WARNING] (kernel_cache.py:342): Found kernel 'kernel' in memory cache. For better performance, consider using `@tilelang.jit` instead of direct kernel caching.
{"case": {"B": 1, "SEQ_LEN": 128, "H": 1, "HQ": 16, "D": 32, "S": 1, "block_size": 16, "is_causal": true}, "seed": 384, "status": "PASS", "call_event_ms": {"baseline": [0.011468800157308579, 0.010342399775981902, 0.010265599936246872, 0.010291200131177902], "candidate": [0.010726399719715118, 0.010649599879980088, 0.010444799810647965, 0.010470400005578995]}, "median_ms": {"baseline": 0.010316799953579902, "candidate": 0.010559999942779542}, "baseline_over_candidate": 0.9769696978676662}
{"case": {"B": 1, "SEQ_LEN": 128, "H": 1, "HQ": 16, "D": 64, "S": 1, "block_size": 16, "is_causal": true}, "candidate": "baseline", "phase": "compile_correctness"}
{"case": {"B": 1, "SEQ_LEN": 128, "H": 1, "HQ": 16, "D": 64, "S": 1, "block_size": 16, "is_causal": true}, "candidate": "candidate", "phase": "compile_correctness"}
2026-09-07 11:02:14  [TileLang:tilelang.cache.kernel_cache:WARNING] (kernel_cache.py:342): Found kernel 'kernel' in memory cache. For better performance, consider using `@tilelang.jit` instead of direct kernel caching.
{"case": {"B": 1, "SEQ_LEN": 128, "H": 1, "HQ": 16, "D": 64, "S": 1, "block_size": 16, "is_causal": true}, "seed": 384, "status": "PASS", "call_event_ms": {"baseline": [0.011648000031709672, 0.010265599936246872, 0.010163199901580811, 0.010393600165843963], "candidate": [0.010700800269842149, 0.010675200074911118, 0.010419200360774993, 0.010547199845314026]}, "median_ms": {"baseline": 0.010329600051045417, "candidate": 0.010611199960112571}, "baseline_over_candidate": 0.973462010882305}
{"case": {"B": 1, "SEQ_LEN": 128, "H": 1, "HQ": 16, "D": 128, "S": 1, "block_size": 16, "is_causal": true}, "candidate": "baseline", "phase": "compile_correctness"}
{"case": {"B": 1, "SEQ_LEN": 128, "H": 1, "HQ": 16, "D": 128, "S": 1, "block_size": 16, "is_causal": true}, "candidate": "candidate", "phase": "compile_correctness"}
{"case": {"B": 1, "SEQ_LEN": 128, "H": 1, "HQ": 16, "D": 128, "S": 1, "block_size": 16, "is_causal": true}, "seed": 384, "status": "PASS", "call_event_ms": {"baseline": [0.011980800330638886, 0.011366400122642516, 0.011366400122642516, 0.011366400122642516], "candidate": [0.010700800269842149, 0.010367999970912933, 0.010623999685049058, 0.010444799810647965]}, "median_ms": {"baseline": 0.011366400122642516, "candidate": 0.010534399747848512}, "baseline_over_candidate": 1.0789793813324702}
{"case": {"B": 1, "SEQ_LEN": 256, "H": 1, "HQ": 16, "D": 32, "S": 1, "block_size": 16, "is_causal": true}, "candidate": "baseline", "phase": "compile_correctness"}
{"case": {"B": 1, "SEQ_LEN": 256, "H": 1, "HQ": 16, "D": 32, "S": 1, "block_size": 16, "is_causal": true}, "candidate": "candidate", "phase": "compile_correctness"}
2026-09-07 11:02:15  [TileLang:tilelang.cache.kernel_cache:WARNING] (kernel_cache.py:342): Found kernel 'kernel' in memory cache. For better performance, consider using `@tilelang.jit` instead of direct kernel caching.
{"case": {"B": 1, "SEQ_LEN": 256, "H": 1, "HQ": 16, "D": 32, "S": 1, "block_size": 16, "is_causal": true}, "seed": 384, "status": "PASS", "call_event_ms": {"baseline": [0.011264000087976456, 0.010342399775981902, 0.010342399775981902, 0.011238399893045425], "candidate": [0.010982400178909302, 0.010470400005578995, 0.010649599879980088, 0.010342399775981902]}, "median_ms": {"baseline": 0.010790399834513664, "candidate": 0.010559999942779542}, "baseline_over_candidate": 1.0218181716839552}
{"case": {"B": 1, "SEQ_LEN": 256, "H": 1, "HQ": 16, "D": 64, "S": 1, "block_size": 16, "is_causal": true}, "candidate": "baseline", "phase": "compile_correctness"}
{"case": {"B": 1, "SEQ_LEN": 256, "H": 1, "HQ": 16, "D": 64, "S": 1, "block_size": 16, "is_causal": true}, "candidate": "candidate", "phase": "compile_correctness"}
2026-09-07 11:02:15  [TileLang:tilelang.cache.kernel_cache:WARNING] (kernel_cache.py:342): Found kernel 'kernel' in memory cache. For better performance, consider using `@tilelang.jit` instead of direct kernel caching.
{"case": {"B": 1, "SEQ_LEN": 256, "H": 1, "HQ": 16, "D": 64, "S": 1, "block_size": 16, "is_causal": true}, "seed": 384, "status": "PASS", "call_event_ms": {"baseline": [0.011417599767446518, 0.01088000014424324, 0.010598400235176086, 0.011264000087976456], "candidate": [0.010931199789047242, 0.010649599879980088, 0.010572800040245056, 0.010547199845314026]}, "median_ms": {"baseline": 0.011072000116109848, "candidate": 0.010611199960112571}, "baseline_over_candidate": 1.043425829098445}
{"case": {"B": 1, "SEQ_LEN": 256, "H": 1, "HQ": 16, "D": 128, "S": 1, "block_size": 16, "is_causal": true}, "candidate": "baseline", "phase": "compile_correctness"}
{"case": {"B": 1, "SEQ_LEN": 256, "H": 1, "HQ": 16, "D": 128, "S": 1, "block_size": 16, "is_causal": true}, "candidate": "candidate", "phase": "compile_correctness"}
{"case": {"B": 1, "SEQ_LEN": 256, "H": 1, "HQ": 16, "D": 128, "S": 1, "block_size": 16, "is_causal": true}, "seed": 384, "status": "PASS", "call_event_ms": {"baseline": [0.01228799968957901, 0.011673600226640702, 0.011596799641847611, 0.011673600226640702], "candidate": [0.010982400178909302, 0.010623999685049058, 0.010598400235176086, 0.010700800269842149]}, "median_ms": {"baseline": 0.011673600226640702, "candidate": 0.010662399977445603}, "baseline_over_candidate": 1.0948379587460715}
{"case": {"B": 1, "SEQ_LEN": 512, "H": 1, "HQ": 16, "D": 32, "S": 1, "block_size": 16, "is_causal": true}, "candidate": "baseline", "phase": "compile_correctness"}
{"case": {"B": 1, "SEQ_LEN": 512, "H": 1, "HQ": 16, "D": 32, "S": 1, "block_size": 16, "is_causal": true}, "candidate": "candidate", "phase": "compile_correctness"}
2026-09-07 11:02:15  [TileLang:tilelang.cache.kernel_cache:WARNING] (kernel_cache.py:342): Found kernel 'kernel' in memory cache. For better performance, consider using `@tilelang.jit` instead of direct kernel caching.
{"case": {"B": 1, "SEQ_LEN": 512, "H": 1, "HQ": 16, "D": 32, "S": 1, "block_size": 16, "is_causal": true}, "seed": 384, "status": "PASS", "call_event_ms": {"baseline": [0.011340799927711486, 0.010444799810647965, 0.010496000200510025, 0.010572800040245056], "candidate": [0.010777600109577179, 0.010649599879980088, 0.010675200074911118, 0.010470400005578995]}, "median_ms": {"baseline": 0.01053440012037754, "candidate": 0.010662399977445603}, "baseline_over_candidate": 0.987995211459069}
{"case": {"B": 1, "SEQ_LEN": 512, "H": 1, "HQ": 16, "D": 64, "S": 1, "block_size": 16, "is_causal": true}, "candidate": "baseline", "phase": "compile_correctness"}
{"case": {"B": 1, "SEQ_LEN": 512, "H": 1, "HQ": 16, "D": 64, "S": 1, "block_size": 16, "is_causal": true}, "candidate": "candidate", "phase": "compile_correctness"}
2026-09-07 11:02:16  [TileLang:tilelang.cache.kernel_cache:WARNING] (kernel_cache.py:342): Found kernel 'kernel' in memory cache. For better performance, consider using `@tilelang.jit` instead of direct kernel caching.
{"case": {"B": 1, "SEQ_LEN": 512, "H": 1, "HQ": 16, "D": 64, "S": 1, "block_size": 16, "is_causal": true}, "seed": 384, "status": "PASS", "call_event_ms": {"baseline": [0.011596799641847611, 0.010598400235176086, 0.010521599650382995, 0.010675200074911118], "candidate": [0.01088000014424324, 0.010700800269842149, 0.010470400005578995, 0.010572800040245056]}, "median_ms": {"baseline": 0.010636800155043601, "candidate": 0.010636800155043601}, "baseline_over_candidate": 1.0}
{"case": {"B": 1, "SEQ_LEN": 512, "H": 1, "HQ": 16, "D": 128, "S": 1, "block_size": 16, "is_causal": true}, "candidate": "baseline", "phase": "compile_correctness"}
{"case": {"B": 1, "SEQ_LEN": 512, "H": 1, "HQ": 16, "D": 128, "S": 1, "block_size": 16, "is_causal": true}, "candidate": "candidate", "phase": "compile_correctness"}
{"case": {"B": 1, "SEQ_LEN": 512, "H": 1, "HQ": 16, "D": 128, "S": 1, "block_size": 16, "is_causal": true}, "seed": 384, "status": "PASS", "call_event_ms": {"baseline": [0.013823999464511872, 0.013286399841308593, 0.013312000036239623, 0.013260799646377563], "candidate": [0.011340799927711486, 0.011161600053310395, 0.011161600053310395, 0.011315199732780456]}, "median_ms": {"baseline": 0.013299199938774108, "candidate": 0.011238399893045425}, "baseline_over_candidate": 1.1833713042195582}
{"case": {"B": 1, "SEQ_LEN": 1024, "H": 1, "HQ": 16, "D": 32, "S": 1, "block_size": 16, "is_causal": true}, "candidate": "baseline", "phase": "compile_correctness"}
{"case": {"B": 1, "SEQ_LEN": 1024, "H": 1, "HQ": 16, "D": 32, "S": 1, "block_size": 16, "is_causal": true}, "candidate": "candidate", "phase": "compile_correctness"}
2026-09-07 11:02:16  [TileLang:tilelang.cache.kernel_cache:WARNING] (kernel_cache.py:342): Found kernel 'kernel' in memory cache. For better performance, consider using `@tilelang.jit` instead of direct kernel caching.
{"case": {"B": 1, "SEQ_LEN": 1024, "H": 1, "HQ": 16, "D": 32, "S": 1, "block_size": 16, "is_causal": true}, "seed": 384, "status": "PASS", "call_event_ms": {"baseline": [0.011443199962377549, 0.010726399719715118, 0.010547199845314026, 0.010342399775981902], "candidate": [0.011007999628782272, 0.010675200074911118, 0.010623999685049058, 0.010572800040245056]}, "median_ms": {"baseline": 0.010636799782514573, "candidate": 0.010649599879980088}, "baseline_over_candidate": 0.998798067757496}
{"case": {"B": 1, "SEQ_LEN": 1024, "H": 1, "HQ": 16, "D": 64, "S": 1, "block_size": 16, "is_causal": true}, "candidate": "baseline", "phase": "compile_correctness"}
{"case": {"B": 1, "SEQ_LEN": 1024, "H": 1, "HQ": 16, "D": 64, "S": 1, "block_size": 16, "is_causal": true}, "candidate": "candidate", "phase": "compile_correctness"}
2026-09-07 11:02:16  [TileLang:tilelang.cache.kernel_cache:WARNING] (kernel_cache.py:342): Found kernel 'kernel' in memory cache. For better performance, consider using `@tilelang.jit` instead of direct kernel caching.
{"case": {"B": 1, "SEQ_LEN": 1024, "H": 1, "HQ": 16, "D": 64, "S": 1, "block_size": 16, "is_causal": true}, "seed": 384, "status": "PASS", "call_event_ms": {"baseline": [0.011212799698114395, 0.01080320030450821, 0.01085439994931221, 0.011340799927711486], "candidate": [0.01085439994931221, 0.010726399719715118, 0.010751999914646149, 0.010956799983978272]}, "median_ms": {"baseline": 0.011033599823713302, "candidate": 0.010803199931979179}, "baseline_over_candidate": 1.021327004330643}
{"case": {"B": 1, "SEQ_LEN": 1024, "H": 1, "HQ": 16, "D": 128, "S": 1, "block_size": 16, "is_causal": true}, "candidate": "baseline", "phase": "compile_correctness"}
{"case": {"B": 1, "SEQ_LEN": 1024, "H": 1, "HQ": 16, "D": 128, "S": 1, "block_size": 16, "is_causal": true}, "candidate": "candidate", "phase": "compile_correctness"}
{"case": {"B": 1, "SEQ_LEN": 1024, "H": 1, "HQ": 16, "D": 128, "S": 1, "block_size": 16, "is_causal": true}, "seed": 384, "status": "PASS", "call_event_ms": {"baseline": [0.019097599387168884, 0.018508799374103546, 0.018534399569034576, 0.018483200669288637], "candidate": [0.015641599893569946, 0.015590399503707886, 0.015385599434375763, 0.015615999698638916]}, "median_ms": {"baseline": 0.01852159947156906, "candidate": 0.015603199601173401}, "baseline_over_candidate": 1.1870385526681457}
{"case": {"B": 2, "SEQ_LEN": 64, "H": 1, "HQ": 16, "D": 64, "S": 1, "block_size": 16, "is_causal": true}, "candidate": "baseline", "phase": "compile_correctness"}
{"case": {"B": 2, "SEQ_LEN": 64, "H": 1, "HQ": 16, "D": 64, "S": 1, "block_size": 16, "is_causal": true}, "candidate": "candidate", "phase": "compile_correctness"}
2026-09-07 11:02:17  [TileLang:tilelang.cache.kernel_cache:WARNING] (kernel_cache.py:342): Found kernel 'kernel' in memory cache. For better performance, consider using `@tilelang.jit` instead of direct kernel caching.
{"case": {"B": 2, "SEQ_LEN": 64, "H": 1, "HQ": 16, "D": 64, "S": 1, "block_size": 16, "is_causal": true}, "seed": 384, "status": "PASS", "call_event_ms": {"baseline": [0.011161600053310395, 0.010419200360774993, 0.010291200131177902, 0.010239999741315842], "candidate": [0.010777600109577179, 0.010521599650382995, 0.010316800326108932, 0.010316800326108932]}, "median_ms": {"baseline": 0.010355200245976448, "candidate": 0.010419199988245965}, "baseline_over_candidate": 0.993857518586675}
{"case": {"B": 2, "SEQ_LEN": 64, "H": 1, "HQ": 16, "D": 128, "S": 1, "block_size": 16, "is_causal": true}, "candidate": "baseline", "phase": "compile_correctness"}
{"case": {"B": 2, "SEQ_LEN": 64, "H": 1, "HQ": 16, "D": 128, "S": 1, "block_size": 16, "is_causal": true}, "candidate": "candidate", "phase": "compile_correctness"}
{"case": {"B": 2, "SEQ_LEN": 64, "H": 1, "HQ": 16, "D": 128, "S": 1, "block_size": 16, "is_causal": true}, "seed": 384, "status": "PASS", "call_event_ms": {"baseline": [0.012057600170373916, 0.011494400352239609, 0.011417599767446518, 0.011340799927711486], "candidate": [0.010982400178909302, 0.010572800040245056, 0.010700800269842149, 0.010598400235176086]}, "median_ms": {"baseline": 0.011456000059843064, "candidate": 0.010649600252509116}, "baseline_over_candidate": 1.0757211339593666}
{"case": {"B": 2, "SEQ_LEN": 128, "H": 1, "HQ": 16, "D": 32, "S": 1, "block_size": 16, "is_causal": true}, "candidate": "baseline", "phase": "compile_correctness"}
{"case": {"B": 2, "SEQ_LEN": 128, "H": 1, "HQ": 16, "D": 32, "S": 1, "block_size": 16, "is_causal": true}, "candidate": "candidate", "phase": "compile_correctness"}
2026-09-07 11:02:17  [TileLang:tilelang.cache.kernel_cache:WARNING] (kernel_cache.py:342): Found kernel 'kernel' in memory cache. For better performance, consider using `@tilelang.jit` instead of direct kernel caching.
{"case": {"B": 2, "SEQ_LEN": 128, "H": 1, "HQ": 16, "D": 32, "S": 1, "block_size": 16, "is_causal": true}, "seed": 384, "status": "PASS", "call_event_ms": {"baseline": [0.011417599767446518, 0.010521599650382995, 0.010342399775981902, 0.010367999970912933], "candidate": [0.010726399719715118, 0.010572800040245056, 0.010547199845314026, 0.010496000200510025]}, "median_ms": {"baseline": 0.010444799810647963, "candidate": 0.01055999994277954}, "baseline_over_candidate": 0.989090896519337}
{"case": {"B": 2, "SEQ_LEN": 128, "H": 1, "HQ": 16, "D": 64, "S": 1, "block_size": 16, "is_causal": true}, "candidate": "baseline", "phase": "compile_correctness"}
{"case": {"B": 2, "SEQ_LEN": 128, "H": 1, "HQ": 16, "D": 64, "S": 1, "block_size": 16, "is_causal": true}, "candidate": "candidate", "phase": "compile_correctness"}
2026-09-07 11:02:17  [TileLang:tilelang.cache.kernel_cache:WARNING] (kernel_cache.py:342): Found kernel 'kernel' in memory cache. For better performance, consider using `@tilelang.jit` instead of direct kernel caching.
{"case": {"B": 2, "SEQ_LEN": 128, "H": 1, "HQ": 16, "D": 64, "S": 1, "block_size": 16, "is_causal": true}, "seed": 384, "status": "PASS", "call_event_ms": {"baseline": [0.011212799698114395, 0.010316800326108932, 0.010419200360774993, 0.010598400235176086], "candidate": [0.010623999685049058, 0.010342399775981902, 0.010598400235176086, 0.010649599879980088]}, "median_ms": {"baseline": 0.010508800297975539, "candidate": 0.010611199960112571}, "baseline_over_candidate": 0.9903498508630549}
{"case": {"B": 2, "SEQ_LEN": 128, "H": 1, "HQ": 16, "D": 128, "S": 1, "block_size": 16, "is_causal": true}, "candidate": "baseline", "phase": "compile_correctness"}
{"case": {"B": 2, "SEQ_LEN": 128, "H": 1, "HQ": 16, "D": 128, "S": 1, "block_size": 16, "is_causal": true}, "candidate": "candidate", "phase": "compile_correctness"}
{"case": {"B": 2, "SEQ_LEN": 128, "H": 1, "HQ": 16, "D": 128, "S": 1, "block_size": 16, "is_causal": true}, "seed": 384, "status": "PASS", "call_event_ms": {"baseline": [0.012441600114107132, 0.011699199676513672, 0.011673600226640702, 0.01157120019197464], "candidate": [0.011392000317573547, 0.010726399719715118, 0.010751999914646149, 0.010700800269842149]}, "median_ms": {"baseline": 0.011686399951577187, "candidate": 0.010739199817180634}, "baseline_over_candidate": 1.0882002523950822}
{"case": {"B": 2, "SEQ_LEN": 256, "H": 1, "HQ": 16, "D": 32, "S": 1, "block_size": 16, "is_causal": true}, "candidate": "baseline", "phase": "compile_correctness"}
{"case": {"B": 2, "SEQ_LEN": 256, "H": 1, "HQ": 16, "D": 32, "S": 1, "block_size": 16, "is_causal": true}, "candidate": "candidate", "phase": "compile_correctness"}
2026-09-07 11:02:18  [TileLang:tilelang.cache.kernel_cache:WARNING] (kernel_cache.py:342): Found kernel 'kernel' in memory cache. For better performance, consider using `@tilelang.jit` instead of direct kernel caching.
{"case": {"B": 2, "SEQ_LEN": 256, "H": 1, "HQ": 16, "D": 32, "S": 1, "block_size": 16, "is_causal": true}, "seed": 384, "status": "PASS", "call_event_ms": {"baseline": [0.011366400122642516, 0.010547199845314026, 0.010367999970912933, 0.010342399775981902], "candidate": [0.010700800269842149, 0.010188800096511842, 0.010342399775981902, 0.010598400235176086]}, "median_ms": {"baseline": 0.010457599908113478, "candidate": 0.010470400005578993}, "baseline_over_candidate": 0.9987774968044493}
{"case": {"B": 2, "SEQ_LEN": 256, "H": 1, "HQ": 16, "D": 64, "S": 1, "block_size": 16, "is_causal": true}, "candidate": "baseline", "phase": "compile_correctness"}
{"case": {"B": 2, "SEQ_LEN": 256, "H": 1, "HQ": 16, "D": 64, "S": 1, "block_size": 16, "is_causal": true}, "candidate": "candidate", "phase": "compile_correctness"}
2026-09-07 11:02:18  [TileLang:tilelang.cache.kernel_cache:WARNING] (kernel_cache.py:342): Found kernel 'kernel' in memory cache. For better performance, consider using `@tilelang.jit` instead of direct kernel caching.
{"case": {"B": 2, "SEQ_LEN": 256, "H": 1, "HQ": 16, "D": 64, "S": 1, "block_size": 16, "is_causal": true}, "seed": 384, "status": "PASS", "call_event_ms": {"baseline": [0.011417599767446518, 0.010419200360774993, 0.010419200360774993, 0.010547199845314026], "candidate": [0.010931199789047242, 0.010649599879980088, 0.010623999685049058, 0.010470400005578995]}, "median_ms": {"baseline": 0.010483200103044508, "candidate": 0.010636799782514573}, "baseline_over_candidate": 0.9855595966258046}
{"case": {"B": 2, "SEQ_LEN": 256, "H": 1, "HQ": 16, "D": 128, "S": 1, "block_size": 16, "is_causal": true}, "candidate": "baseline", "phase": "compile_correctness"}
{"case": {"B": 2, "SEQ_LEN": 256, "H": 1, "HQ": 16, "D": 128, "S": 1, "block_size": 16, "is_causal": true}, "candidate": "candidate", "phase": "compile_correctness"}
{"case": {"B": 2, "SEQ_LEN": 256, "H": 1, "HQ": 16, "D": 128, "S": 1, "block_size": 16, "is_causal": true}, "seed": 384, "status": "PASS", "call_event_ms": {"baseline": [0.0137472003698349, 0.013235199451446533, 0.013260799646377563, 0.013158400356769562], "candidate": [0.011187200248241425, 0.010982400178909302, 0.010931199789047242, 0.011033599823713302]}, "median_ms": {"baseline": 0.013247999548912048, "candidate": 0.011008000001311302}, "baseline_over_candidate": 1.2034883309714672}
{"case": {"B": 2, "SEQ_LEN": 512, "H": 1, "HQ": 16, "D": 32, "S": 1, "block_size": 16, "is_causal": true}, "candidate": "baseline", "phase": "compile_correctness"}
{"case": {"B": 2, "SEQ_LEN": 512, "H": 1, "HQ": 16, "D": 32, "S": 1, "block_size": 16, "is_causal": true}, "candidate": "candidate", "phase": "compile_correctness"}
2026-09-07 11:02:18  [TileLang:tilelang.cache.kernel_cache:WARNING] (kernel_cache.py:342): Found kernel 'kernel' in memory cache. For better performance, consider using `@tilelang.jit` instead of direct kernel caching.
{"case": {"B": 2, "SEQ_LEN": 512, "H": 1, "HQ": 16, "D": 32, "S": 1, "block_size": 16, "is_causal": true}, "seed": 384, "status": "PASS", "call_event_ms": {"baseline": [0.011007999628782272, 0.010367999970912933, 0.010470400005578995, 0.010367999970912933], "candidate": [0.010700800269842149, 0.010367999970912933, 0.010367999970912933, 0.010547199845314026]}, "median_ms": {"baseline": 0.010419199988245965, "candidate": 0.010457599908113478}, "baseline_over_candidate": 0.9963280370061087}
{"case": {"B": 2, "SEQ_LEN": 512, "H": 1, "HQ": 16, "D": 64, "S": 1, "block_size": 16, "is_causal": true}, "candidate": "baseline", "phase": "compile_correctness"}
{"case": {"B": 2, "SEQ_LEN": 512, "H": 1, "HQ": 16, "D": 64, "S": 1, "block_size": 16, "is_causal": true}, "candidate": "candidate", "phase": "compile_correctness"}
2026-09-07 11:02:18  [TileLang:tilelang.cache.kernel_cache:WARNING] (kernel_cache.py:342): Found kernel 'kernel' in memory cache. For better performance, consider using `@tilelang.jit` instead of direct kernel caching.
{"case": {"B": 2, "SEQ_LEN": 512, "H": 1, "HQ": 16, "D": 64, "S": 1, "block_size": 16, "is_causal": true}, "seed": 384, "status": "PASS", "call_event_ms": {"baseline": [0.011622399836778641, 0.010828799754381179, 0.010700800269842149, 0.010726399719715118], "candidate": [0.011110399663448334, 0.010726399719715118, 0.010649599879980088, 0.010675200074911118]}, "median_ms": {"baseline": 0.010777599737048149, "candidate": 0.010700799897313118}, "baseline_over_candidate": 1.0071770185847801}
{"case": {"B": 2, "SEQ_LEN": 512, "H": 1, "HQ": 16, "D": 128, "S": 1, "block_size": 16, "is_causal": true}, "candidate": "baseline", "phase": "compile_correctness"}
{"case": {"B": 2, "SEQ_LEN": 512, "H": 1, "HQ": 16, "D": 128, "S": 1, "block_size": 16, "is_causal": true}, "candidate": "candidate", "phase": "compile_correctness"}
{"case": {"B": 2, "SEQ_LEN": 512, "H": 1, "HQ": 16, "D": 128, "S": 1, "block_size": 16, "is_causal": true}, "seed": 384, "status": "PASS", "call_event_ms": {"baseline": [0.019072000682353974, 0.018662400543689728, 0.018508799374103546, 0.018508799374103546], "candidate": [0.015667200088500977, 0.015360000729560851, 0.01530880033969879, 0.01518079936504364]}, "median_ms": {"baseline": 0.018585599958896637, "candidate": 0.015334400534629821}, "baseline_over_candidate": 1.212019988451756}
{"case": {"B": 2, "SEQ_LEN": 1024, "H": 1, "HQ": 16, "D": 32, "S": 1, "block_size": 16, "is_causal": true}, "candidate": "baseline", "phase": "compile_correctness"}
{"case": {"B": 2, "SEQ_LEN": 1024, "H": 1, "HQ": 16, "D": 32, "S": 1, "block_size": 16, "is_causal": true}, "candidate": "candidate", "phase": "compile_correctness"}
2026-09-07 11:02:19  [TileLang:tilelang.cache.kernel_cache:WARNING] (kernel_cache.py:342): Found kernel 'kernel' in memory cache. For better performance, consider using `@tilelang.jit` instead of direct kernel caching.
{"case": {"B": 2, "SEQ_LEN": 1024, "H": 1, "HQ": 16, "D": 32, "S": 1, "block_size": 16, "is_causal": true}, "seed": 384, "status": "PASS", "call_event_ms": {"baseline": [0.011468800157308579, 0.010470400005578995, 0.010521599650382995, 0.010547199845314026], "candidate": [0.010751999914646149, 0.010726399719715118, 0.010470400005578995, 0.010444799810647965]}, "median_ms": {"baseline": 0.01053439974784851, "candidate": 0.010598399862647056}, "baseline_over_candidate": 0.9939613417470587}
{"case": {"B": 2, "SEQ_LEN": 1024, "H": 1, "HQ": 16, "D": 64, "S": 1, "block_size": 16, "is_causal": true}, "candidate": "baseline", "phase": "compile_correctness"}
{"case": {"B": 2, "SEQ_LEN": 1024, "H": 1, "HQ": 16, "D": 64, "S": 1, "block_size": 16, "is_causal": true}, "candidate": "candidate", "phase": "compile_correctness"}
2026-09-07 11:02:19  [TileLang:tilelang.cache.kernel_cache:WARNING] (kernel_cache.py:342): Found kernel 'kernel' in memory cache. For better performance, consider using `@tilelang.jit` instead of direct kernel caching.
{"case": {"B": 2, "SEQ_LEN": 1024, "H": 1, "HQ": 16, "D": 64, "S": 1, "block_size": 16, "is_causal": true}, "seed": 384, "status": "PASS", "call_event_ms": {"baseline": [0.01815039962530136, 0.018278400599956512, 0.018329599499702455, 0.01822720021009445], "candidate": [0.018713599443435668, 0.018688000738620758, 0.01809920072555542, 0.0179967999458313]}, "median_ms": {"baseline": 0.01825280040502548, "candidate": 0.018393600732088088}, "baseline_over_candidate": 0.9923451460584889}
{"case": {"B": 2, "SEQ_LEN": 1024, "H": 1, "HQ": 16, "D": 128, "S": 1, "block_size": 16, "is_causal": true}, "candidate": "baseline", "phase": "compile_correctness"}
{"case": {"B": 2, "SEQ_LEN": 1024, "H": 1, "HQ": 16, "D": 128, "S": 1, "block_size": 16, "is_causal": true}, "candidate": "candidate", "phase": "compile_correctness"}
{"case": {"B": 2, "SEQ_LEN": 1024, "H": 1, "HQ": 16, "D": 128, "S": 1, "block_size": 16, "is_causal": true}, "seed": 384, "status": "PASS", "call_event_ms": {"baseline": [0.03535360097885132, 0.034892800450325015, 0.03530240058898926, 0.034995201230049136], "candidate": [0.029158401489257812, 0.028364801406860353, 0.028595200181007384, 0.028569599986076354]}, "median_ms": {"baseline": 0.0351488009095192, "candidate": 0.02858240008354187}, "baseline_over_candidate": 1.2297358096865474}
{"case": {"B": 4, "SEQ_LEN": 64, "H": 1, "HQ": 16, "D": 32, "S": 1, "block_size": 16, "is_causal": true}, "candidate": "baseline", "phase": "compile_correctness"}
{"case": {"B": 4, "SEQ_LEN": 64, "H": 1, "HQ": 16, "D": 32, "S": 1, "block_size": 16, "is_causal": true}, "candidate": "candidate", "phase": "compile_correctness"}
2026-09-07 11:02:20  [TileLang:tilelang.cache.kernel_cache:WARNING] (kernel_cache.py:342): Found kernel 'kernel' in memory cache. For better performance, consider using `@tilelang.jit` instead of direct kernel caching.
{"case": {"B": 4, "SEQ_LEN": 64, "H": 1, "HQ": 16, "D": 32, "S": 1, "block_size": 16, "is_causal": true}, "seed": 384, "status": "PASS", "call_event_ms": {"baseline": [0.011238399893045425, 0.010572800040245056, 0.010726399719715118, 0.010393600165843963], "candidate": [0.010598400235176086, 0.010470400005578995, 0.010521599650382995, 0.010521599650382995]}, "median_ms": {"baseline": 0.010649599879980088, "candidate": 0.010521599650382995}, "baseline_over_candidate": 1.0121654723473947}
{"case": {"B": 4, "SEQ_LEN": 64, "H": 1, "HQ": 16, "D": 64, "S": 1, "block_size": 16, "is_causal": true}, "candidate": "baseline", "phase": "compile_correctness"}
{"case": {"B": 4, "SEQ_LEN": 64, "H": 1, "HQ": 16, "D": 64, "S": 1, "block_size": 16, "is_causal": true}, "candidate": "candidate", "phase": "compile_correctness"}
2026-09-07 11:02:20  [TileLang:tilelang.cache.kernel_cache:WARNING] (kernel_cache.py:342): Found kernel 'kernel' in memory cache. For better performance, consider using `@tilelang.jit` instead of direct kernel caching.
{"case": {"B": 4, "SEQ_LEN": 64, "H": 1, "HQ": 16, "D": 64, "S": 1, "block_size": 16, "is_causal": true}, "seed": 384, "status": "PASS", "call_event_ms": {"baseline": [0.011443199962377549, 0.010598400235176086, 0.010521599650382995, 0.010342399775981902], "candidate": [0.010931199789047242, 0.010547199845314026, 0.010623999685049058, 0.010572800040245056]}, "median_ms": {"baseline": 0.01055999994277954, "candidate": 0.010598399862647056}, "baseline_over_candidate": 0.9963768191080569}
{"case": {"B": 4, "SEQ_LEN": 64, "H": 1, "HQ": 16, "D": 128, "S": 1, "block_size": 16, "is_causal": true}, "candidate": "baseline", "phase": "compile_correctness"}
{"case": {"B": 4, "SEQ_LEN": 64, "H": 1, "HQ": 16, "D": 128, "S": 1, "block_size": 16, "is_causal": true}, "candidate": "candidate", "phase": "compile_correctness"}
{"case": {"B": 4, "SEQ_LEN": 64, "H": 1, "HQ": 16, "D": 128, "S": 1, "block_size": 16, "is_causal": true}, "seed": 384, "status": "PASS", "call_event_ms": {"baseline": [0.012160000205039979, 0.011776000261306763, 0.011519999802112579, 0.011519999802112579], "candidate": [0.01080320030450821, 0.010470400005578995, 0.010675200074911118, 0.010444799810647965]}, "median_ms": {"baseline": 0.011648000031709672, "candidate": 0.010572800040245058}, "baseline_over_candidate": 1.101694914059842}
{"case": {"B": 4, "SEQ_LEN": 128, "H": 1, "HQ": 16, "D": 32, "S": 1, "block_size": 16, "is_causal": true}, "candidate": "baseline", "phase": "compile_correctness"}
{"case": {"B": 4, "SEQ_LEN": 128, "H": 1, "HQ": 16, "D": 32, "S": 1, "block_size": 16, "is_causal": true}, "candidate": "candidate", "phase": "compile_correctness"}
2026-09-07 11:02:20  [TileLang:tilelang.cache.kernel_cache:WARNING] (kernel_cache.py:342): Found kernel 'kernel' in memory cache. For better performance, consider using `@tilelang.jit` instead of direct kernel caching.
{"case": {"B": 4, "SEQ_LEN": 128, "H": 1, "HQ": 16, "D": 32, "S": 1, "block_size": 16, "is_causal": true}, "seed": 384, "status": "PASS", "call_event_ms": {"baseline": [0.013593600690364837, 0.012057600170373916, 0.011878400295972823, 0.012569600343704223], "candidate": [0.012646399438381195, 0.011980800330638886, 0.011929599940776825, 0.011903999745845795]}, "median_ms": {"baseline": 0.01231360025703907, "candidate": 0.011955200135707856}, "baseline_over_candidate": 1.029978596532294}
{"case": {"B": 4, "SEQ_LEN": 128, "H": 1, "HQ": 16, "D": 64, "S": 1, "block_size": 16, "is_causal": true}, "candidate": "baseline", "phase": "compile_correctness"}
{"case": {"B": 4, "SEQ_LEN": 128, "H": 1, "HQ": 16, "D": 64, "S": 1, "block_size": 16, "is_causal": true}, "candidate": "candidate", "phase": "compile_correctness"}
2026-09-07 11:02:20  [TileLang:tilelang.cache.kernel_cache:WARNING] (kernel_cache.py:342): Found kernel 'kernel' in memory cache. For better performance, consider using `@tilelang.jit` instead of direct kernel caching.
{"case": {"B": 4, "SEQ_LEN": 128, "H": 1, "HQ": 16, "D": 64, "S": 1, "block_size": 16, "is_causal": true}, "seed": 384, "status": "PASS", "call_event_ms": {"baseline": [0.013414399325847625, 0.011929599940776825, 0.012518399953842163, 0.011750400066375732], "candidate": [0.012134400010108948, 0.011878400295972823, 0.011801599711179733, 0.011673600226640702]}, "median_ms": {"baseline": 0.012223999947309494, "candidate": 0.011840000003576278}, "baseline_over_candidate": 1.032432427670374}
{"case": {"B": 4, "SEQ_LEN": 128, "H": 1, "HQ": 16, "D": 128, "S": 1, "block_size": 16, "is_causal": true}, "candidate": "baseline", "phase": "compile_correctness"}
{"case": {"B": 4, "SEQ_LEN": 128, "H": 1, "HQ": 16, "D": 128, "S": 1, "block_size": 16, "is_causal": true}, "candidate": "candidate", "phase": "compile_correctness"}
{"case": {"B": 4, "SEQ_LEN": 128, "H": 1, "HQ": 16, "D": 128, "S": 1, "block_size": 16, "is_causal": true}, "seed": 384, "status": "PASS", "call_event_ms": {"baseline": [0.014336000382900237, 0.01295360028743744, 0.012928000092506409, 0.012825599312782288], "candidate": [0.012569600343704223, 0.012031999975442886, 0.011878400295972823, 0.011929599940776825]}, "median_ms": {"baseline": 0.012940800189971924, "candidate": 0.011980799958109856}, "baseline_over_candidate": 1.080128224761172}
{"case": {"B": 4, "SEQ_LEN": 256, "H": 1, "HQ": 16, "D": 32, "S": 1, "block_size": 16, "is_causal": true}, "candidate": "baseline", "phase": "compile_correctness"}
{"case": {"B": 4, "SEQ_LEN": 256, "H": 1, "HQ": 16, "D": 32, "S": 1, "block_size": 16, "is_causal": true}, "candidate": "candidate", "phase": "compile_correctness"}
2026-09-07 11:02:21  [TileLang:tilelang.cache.kernel_cache:WARNING] (kernel_cache.py:342): Found kernel 'kernel' in memory cache. For better performance, consider using `@tilelang.jit` instead of direct kernel caching.
{"case": {"B": 4, "SEQ_LEN": 256, "H": 1, "HQ": 16, "D": 32, "S": 1, "block_size": 16, "is_causal": true}, "seed": 384, "status": "PASS", "call_event_ms": {"baseline": [0.011366400122642516, 0.010598400235176086, 0.010700800269842149, 0.010521599650382995], "candidate": [0.01088000014424324, 0.010931199789047242, 0.010572800040245056, 0.011929599940776825]}, "median_ms": {"baseline": 0.010649600252509116, "candidate": 0.010905599966645241}, "baseline_over_candidate": 0.976525847737025}
{"case": {"B": 4, "SEQ_LEN": 256, "H": 1, "HQ": 16, "D": 64, "S": 1, "block_size": 16, "is_causal": true}, "candidate": "baseline", "phase": "compile_correctness"}
{"case": {"B": 4, "SEQ_LEN": 256, "H": 1, "HQ": 16, "D": 64, "S": 1, "block_size": 16, "is_causal": true}, "candidate": "candidate", "phase": "compile_correctness"}
2026-09-07 11:02:21  [TileLang:tilelang.cache.kernel_cache:WARNING] (kernel_cache.py:342): Found kernel 'kernel' in memory cache. For better performance, consider using `@tilelang.jit` instead of direct kernel caching.
{"case": {"B": 4, "SEQ_LEN": 256, "H": 1, "HQ": 16, "D": 64, "S": 1, "block_size": 16, "is_causal": true}, "seed": 384, "status": "PASS", "call_event_ms": {"baseline": [0.011468800157308579, 0.01090560033917427, 0.01090560033917427, 0.010726399719715118], "candidate": [0.011135999858379365, 0.01090560033917427, 0.010931199789047242, 0.011494400352239609]}, "median_ms": {"baseline": 0.01090560033917427, "candidate": 0.011033599823713304}, "baseline_over_candidate": 0.9883991184577912}
{"case": {"B": 4, "SEQ_LEN": 256, "H": 1, "HQ": 16, "D": 128, "S": 1, "block_size": 16, "is_causal": true}, "candidate": "baseline", "phase": "compile_correctness"}
{"case": {"B": 4, "SEQ_LEN": 256, "H": 1, "HQ": 16, "D": 128, "S": 1, "block_size": 16, "is_causal": true}, "candidate": "candidate", "phase": "compile_correctness"}
{"case": {"B": 4, "SEQ_LEN": 256, "H": 1, "HQ": 16, "D": 128, "S": 1, "block_size": 16, "is_causal": true}, "seed": 384, "status": "PASS", "call_event_ms": {"baseline": [0.019097599387168884, 0.018457600474357606, 0.018303999304771425, 0.018483200669288637], "candidate": [0.015744000673294067, 0.015744000673294067, 0.015590399503707886, 0.015411199629306793]}, "median_ms": {"baseline": 0.01847040057182312, "candidate": 0.015667200088500977}, "baseline_over_candidate": 1.178921598466057}
{"case": {"B": 4, "SEQ_LEN": 512, "H": 1, "HQ": 16, "D": 32, "S": 1, "block_size": 16, "is_causal": true}, "candidate": "baseline", "phase": "compile_correctness"}
{"case": {"B": 4, "SEQ_LEN": 512, "H": 1, "HQ": 16, "D": 32, "S": 1, "block_size": 16, "is_causal": true}, "candidate": "candidate", "phase": "compile_correctness"}
2026-09-07 11:02:21  [TileLang:tilelang.cache.kernel_cache:WARNING] (kernel_cache.py:342): Found kernel 'kernel' in memory cache. For better performance, consider using `@tilelang.jit` instead of direct kernel caching.
{"case": {"B": 4, "SEQ_LEN": 512, "H": 1, "HQ": 16, "D": 32, "S": 1, "block_size": 16, "is_causal": true}, "seed": 384, "status": "PASS", "call_event_ms": {"baseline": [0.011596799641847611, 0.010419200360774993, 0.01080320030450821, 0.010444799810647965], "candidate": [0.01090560033917427, 0.010598400235176086, 0.010521599650382995, 0.011007999628782272]}, "median_ms": {"baseline": 0.010624000057578086, "candidate": 0.010752000287175177}, "baseline_over_candidate": 0.9880952170593068}
{"case": {"B": 4, "SEQ_LEN": 512, "H": 1, "HQ": 16, "D": 64, "S": 1, "block_size": 16, "is_causal": true}, "candidate": "baseline", "phase": "compile_correctness"}
{"case": {"B": 4, "SEQ_LEN": 512, "H": 1, "HQ": 16, "D": 64, "S": 1, "block_size": 16, "is_causal": true}, "candidate": "candidate", "phase": "compile_correctness"}
2026-09-07 11:02:22  [TileLang:tilelang.cache.kernel_cache:WARNING] (kernel_cache.py:342): Found kernel 'kernel' in memory cache. For better performance, consider using `@tilelang.jit` instead of direct kernel caching.
{"case": {"B": 4, "SEQ_LEN": 512, "H": 1, "HQ": 16, "D": 64, "S": 1, "block_size": 16, "is_causal": true}, "seed": 384, "status": "PASS", "call_event_ms": {"baseline": [0.01820160001516342, 0.017587199807167053, 0.01735740005970001, 0.017894400656223296], "candidate": [0.018483200669288637, 0.017740799486637114, 0.017740799486637114, 0.01822720021009445]}, "median_ms": {"baseline": 0.017740800231695174, "candidate": 0.01798399984836578}, "baseline_over_candidate": 0.9864768895284045}
{"case": {"B": 4, "SEQ_LEN": 512, "H": 1, "HQ": 16, "D": 128, "S": 1, "block_size": 16, "is_causal": true}, "candidate": "baseline", "phase": "compile_correctness"}
{"case": {"B": 4, "SEQ_LEN": 512, "H": 1, "HQ": 16, "D": 128, "S": 1, "block_size": 16, "is_causal": true}, "candidate": "candidate", "phase": "compile_correctness"}
{"case": {"B": 4, "SEQ_LEN": 512, "H": 1, "HQ": 16, "D": 128, "S": 1, "block_size": 16, "is_causal": true}, "seed": 384, "status": "PASS", "call_event_ms": {"baseline": [0.03563520014286041, 0.034944000840187076, 0.035174399614334106, 0.034995201230049136], "candidate": [0.028825598955154418, 0.028467199206352232, 0.02890239953994751, 0.028723201155662535]}, "median_ms": {"baseline": 0.03508480042219162, "candidate": 0.028774400055408475}, "baseline_over_candidate": 1.219306062146621}
{"case": {"B": 4, "SEQ_LEN": 1024, "H": 1, "HQ": 16, "D": 32, "S": 1, "block_size": 16, "is_causal": true}, "candidate": "baseline", "phase": "compile_correctness"}
{"case": {"B": 4, "SEQ_LEN": 1024, "H": 1, "HQ": 16, "D": 32, "S": 1, "block_size": 16, "is_causal": true}, "candidate": "candidate", "phase": "compile_correctness"}
{"case": {"B": 4, "SEQ_LEN": 1024, "H": 1, "HQ": 16, "D": 32, "S": 1, "block_size": 16, "is_causal": true}, "seed": 384, "status": "PASS", "call_event_ms": {"baseline": [0.015744000673294067, 0.01520639955997467, 0.0151296004652977, 0.015027199685573579], "candidate": [0.014822399616241455, 0.014796799421310425, 0.01456640064716339, 0.0144896000623703]}, "median_ms": {"baseline": 0.015168000012636185, "candidate": 0.014681600034236908}, "baseline_over_candidate": 1.0331299025491099}
{"case": {"B": 4, "SEQ_LEN": 1024, "H": 1, "HQ": 16, "D": 64, "S": 1, "block_size": 16, "is_causal": true}, "candidate": "baseline", "phase": "compile_correctness"}
{"case": {"B": 4, "SEQ_LEN": 1024, "H": 1, "HQ": 16, "D": 64, "S": 1, "block_size": 16, "is_causal": true}, "candidate": "candidate", "phase": "compile_correctness"}
2026-09-07 11:02:22  [TileLang:tilelang.cache.kernel_cache:WARNING] (kernel_cache.py:342): Found kernel 'kernel' in memory cache. For better performance, consider using `@tilelang.jit` instead of direct kernel caching.
{"case": {"B": 4, "SEQ_LEN": 1024, "H": 1, "HQ": 16, "D": 64, "S": 1, "block_size": 16, "is_causal": true}, "seed": 384, "status": "PASS", "call_event_ms": {"baseline": [0.02956799864768982, 0.029824000597000123, 0.029158401489257812, 0.02969599962234497], "candidate": [0.030668801069259642, 0.0302592009305954, 0.03023360073566437, 0.03110400140285492]}, "median_ms": {"baseline": 0.029631999135017396, "candidate": 0.03046400099992752}, "baseline_over_candidate": 0.9726890153098372}
{"case": {"B": 4, "SEQ_LEN": 1024, "H": 1, "HQ": 16, "D": 128, "S": 1, "block_size": 16, "is_causal": true}, "candidate": "baseline", "phase": "compile_correctness"}
{"case": {"B": 4, "SEQ_LEN": 1024, "H": 1, "HQ": 16, "D": 128, "S": 1, "block_size": 16, "is_causal": true}, "candidate": "candidate", "phase": "compile_correctness"}
{"case": {"B": 4, "SEQ_LEN": 1024, "H": 1, "HQ": 16, "D": 128, "S": 1, "block_size": 16, "is_causal": true}, "seed": 384, "status": "PASS", "call_event_ms": {"baseline": [0.05619199872016907, 0.05534719824790955, 0.05555199980735779, 0.05516800284385681], "candidate": [0.048230400681495665, 0.048127999901771544, 0.04848639965057373, 0.048307201266288756]}, "median_ms": {"baseline": 0.05544959902763367, "candidate": 0.04826880097389221}, "baseline_over_candidate": 1.1487668620073126}
{"case": {"B": 8, "SEQ_LEN": 64, "H": 1, "HQ": 16, "D": 32, "S": 1, "block_size": 16, "is_causal": true}, "candidate": "baseline", "phase": "compile_correctness"}
{"case": {"B": 8, "SEQ_LEN": 64, "H": 1, "HQ": 16, "D": 32, "S": 1, "block_size": 16, "is_causal": true}, "candidate": "candidate", "phase": "compile_correctness"}
2026-09-07 11:02:23  [TileLang:tilelang.cache.kernel_cache:WARNING] (kernel_cache.py:342): Found kernel 'kernel' in memory cache. For better performance, consider using `@tilelang.jit` instead of direct kernel caching.
{"case": {"B": 8, "SEQ_LEN": 64, "H": 1, "HQ": 16, "D": 32, "S": 1, "block_size": 16, "is_causal": true}, "seed": 384, "status": "PASS", "call_event_ms": {"baseline": [0.011366400122642516, 0.010521599650382995, 0.010521599650382995, 0.010444799810647965], "candidate": [0.010444799810647965, 0.010521599650382995, 0.010572800040245056, 0.010342399775981902]}, "median_ms": {"baseline": 0.010521599650382995, "candidate": 0.01048319973051548}, "baseline_over_candidate": 1.0036629961132704}
{"case": {"B": 8, "SEQ_LEN": 64, "H": 1, "HQ": 16, "D": 64, "S": 1, "block_size": 16, "is_causal": true}, "candidate": "baseline", "phase": "compile_correctness"}
{"case": {"B": 8, "SEQ_LEN": 64, "H": 1, "HQ": 16, "D": 64, "S": 1, "block_size": 16, "is_causal": true}, "candidate": "candidate", "phase": "compile_correctness"}
2026-09-07 11:02:23  [TileLang:tilelang.cache.kernel_cache:WARNING] (kernel_cache.py:342): Found kernel 'kernel' in memory cache. For better performance, consider using `@tilelang.jit` instead of direct kernel caching.
{"case": {"B": 8, "SEQ_LEN": 64, "H": 1, "HQ": 16, "D": 64, "S": 1, "block_size": 16, "is_causal": true}, "seed": 384, "status": "PASS", "call_event_ms": {"baseline": [0.011212799698114395, 0.010444799810647965, 0.010496000200510025, 0.011007999628782272], "candidate": [0.010700800269842149, 0.010572800040245056, 0.010547199845314026, 0.010431499779224395]}, "median_ms": {"baseline": 0.010751999914646149, "candidate": 0.01055999994277954}, "baseline_over_candidate": 1.0181818156161913}
{"case": {"B": 8, "SEQ_LEN": 64, "H": 1, "HQ": 16, "D": 128, "S": 1, "block_size": 16, "is_causal": true}, "candidate": "baseline", "phase": "compile_correctness"}
{"case": {"B": 8, "SEQ_LEN": 64, "H": 1, "HQ": 16, "D": 128, "S": 1, "block_size": 16, "is_causal": true}, "candidate": "candidate", "phase": "compile_correctness"}
{"case": {"B": 8, "SEQ_LEN": 64, "H": 1, "HQ": 16, "D": 128, "S": 1, "block_size": 16, "is_causal": true}, "seed": 384, "status": "PASS", "call_event_ms": {"baseline": [0.013568000495433807, 0.013030399382114411, 0.013107199966907502, 0.012928000092506409], "candidate": [0.011135999858379365, 0.01090560033917427, 0.011059200018644333, 0.010982400178909302]}, "median_ms": {"baseline": 0.013068799674510957, "candidate": 0.011020800098776817}, "baseline_over_candidate": 1.1858303895704854}
{"case": {"B": 8, "SEQ_LEN": 128, "H": 1, "HQ": 16, "D": 32, "S": 1, "block_size": 16, "is_causal": true}, "candidate": "baseline", "phase": "compile_correctness"}
{"case": {"B": 8, "SEQ_LEN": 128, "H": 1, "HQ": 16, "D": 32, "S": 1, "block_size": 16, "is_causal": true}, "candidate": "candidate", "phase": "compile_correctness"}
2026-09-07 11:02:23  [TileLang:tilelang.cache.kernel_cache:WARNING] (kernel_cache.py:342): Found kernel 'kernel' in memory cache. For better performance, consider using `@tilelang.jit` instead of direct kernel caching.
{"case": {"B": 8, "SEQ_LEN": 128, "H": 1, "HQ": 16, "D": 32, "S": 1, "block_size": 16, "is_causal": true}, "seed": 384, "status": "PASS", "call_event_ms": {"baseline": [0.011315199732780456, 0.010675200074911118, 0.010547199845314026, 0.010316800326108932], "candidate": [0.010649599879980088, 0.010419200360774993, 0.010367999970912933, 0.010470400005578995]}, "median_ms": {"baseline": 0.010611199960112571, "candidate": 0.010444800183176995}, "baseline_over_candidate": 1.0159313509131165}
{"case": {"B": 8, "SEQ_LEN": 128, "H": 1, "HQ": 16, "D": 64, "S": 1, "block_size": 16, "is_causal": true}, "candidate": "baseline", "phase": "compile_correctness"}
{"case": {"B": 8, "SEQ_LEN": 128, "H": 1, "HQ": 16, "D": 64, "S": 1, "block_size": 16, "is_causal": true}, "candidate": "candidate", "phase": "compile_correctness"}
2026-09-07 11:02:24  [TileLang:tilelang.cache.kernel_cache:WARNING] (kernel_cache.py:342): Found kernel 'kernel' in memory cache. For better performance, consider using `@tilelang.jit` instead of direct kernel caching.
{"case": {"B": 8, "SEQ_LEN": 128, "H": 1, "HQ": 16, "D": 64, "S": 1, "block_size": 16, "is_causal": true}, "seed": 384, "status": "PASS", "call_event_ms": {"baseline": [0.011238399893045425, 0.010598400235176086, 0.010649599879980088, 0.010572800040245056], "candidate": [0.010956799983978272, 0.011084800213575363, 0.010649599879980088, 0.011264000087976456]}, "median_ms": {"baseline": 0.010624000057578086, "candidate": 0.011020800098776817}, "baseline_over_candidate": 0.9639953508236874}
{"case": {"B": 8, "SEQ_LEN": 128, "H": 1, "HQ": 16, "D": 128, "S": 1, "block_size": 16, "is_causal": true}, "candidate": "baseline", "phase": "compile_correctness"}
{"case": {"B": 8, "SEQ_LEN": 128, "H": 1, "HQ": 16, "D": 128, "S": 1, "block_size": 16, "is_causal": true}, "candidate": "candidate", "phase": "compile_correctness"}
{"case": {"B": 8, "SEQ_LEN": 128, "H": 1, "HQ": 16, "D": 128, "S": 1, "block_size": 16, "is_causal": true}, "seed": 384, "status": "PASS", "call_event_ms": {"baseline": [0.01940480023622513, 0.018611200153827667, 0.018688000738620758, 0.018611200153827667], "candidate": [0.016076800227165223, 0.015769599378108977, 0.015744000673294067, 0.015795199573040007]}, "median_ms": {"baseline": 0.018649600446224213, "candidate": 0.015782399475574492}, "baseline_over_candidate": 1.1816707893553906}
{"case": {"B": 8, "SEQ_LEN": 256, "H": 1, "HQ": 16, "D": 32, "S": 1, "block_size": 16, "is_causal": true}, "candidate": "baseline", "phase": "compile_correctness"}
{"case": {"B": 8, "SEQ_LEN": 256, "H": 1, "HQ": 16, "D": 32, "S": 1, "block_size": 16, "is_causal": true}, "candidate": "candidate", "phase": "compile_correctness"}
2026-09-07 11:02:24  [TileLang:tilelang.cache.kernel_cache:WARNING] (kernel_cache.py:342): Found kernel 'kernel' in memory cache. For better performance, consider using `@tilelang.jit` instead of direct kernel caching.
{"case": {"B": 8, "SEQ_LEN": 256, "H": 1, "HQ": 16, "D": 32, "S": 1, "block_size": 16, "is_causal": true}, "seed": 384, "status": "PASS", "call_event_ms": {"baseline": [0.011929599940776825, 0.010547199845314026, 0.010726399719715118, 0.010572800040245056], "candidate": [0.01090560033917427, 0.010700800269842149, 0.011699199676513672, 0.010675200074911118]}, "median_ms": {"baseline": 0.010649599879980088, "candidate": 0.01080320030450821}, "baseline_over_candidate": 0.9857819516255731}
{"case": {"B": 8, "SEQ_LEN": 256, "H": 1, "HQ": 16, "D": 64, "S": 1, "block_size": 16, "is_causal": true}, "candidate": "baseline", "phase": "compile_correctness"}
{"case": {"B": 8, "SEQ_LEN": 256, "H": 1, "HQ": 16, "D": 64, "S": 1, "block_size": 16, "is_causal": true}, "candidate": "candidate", "phase": "compile_correctness"}
2026-09-07 11:02:24  [TileLang:tilelang.cache.kernel_cache:WARNING] (kernel_cache.py:342): Found kernel 'kernel' in memory cache. For better performance, consider using `@tilelang.jit` instead of direct kernel caching.
{"case": {"B": 8, "SEQ_LEN": 256, "H": 1, "HQ": 16, "D": 64, "S": 1, "block_size": 16, "is_causal": true}, "seed": 384, "status": "PASS", "call_event_ms": {"baseline": [0.017868800461292265, 0.017638400197029114, 0.017868800461292265, 0.01802240014076233], "candidate": [0.018483200669288637, 0.018585599958896637, 0.018995200097560883, 0.018406400084495546]}, "median_ms": {"baseline": 0.017868800461292265, "candidate": 0.018534400314092637}, "baseline_over_candidate": 0.9640884063405989}
{"case": {"B": 8, "SEQ_LEN": 256, "H": 1, "HQ": 16, "D": 128, "S": 1, "block_size": 16, "is_causal": true}, "candidate": "baseline", "phase": "compile_correctness"}
{"case": {"B": 8, "SEQ_LEN": 256, "H": 1, "HQ": 16, "D": 128, "S": 1, "block_size": 16, "is_causal": true}, "candidate": "candidate", "phase": "compile_correctness"}
{"case": {"B": 8, "SEQ_LEN": 256, "H": 1, "HQ": 16, "D": 128, "S": 1, "block_size": 16, "is_causal": true}, "seed": 384, "status": "PASS", "call_event_ms": {"baseline": [0.0352512001991272, 0.03461120128631592, 0.03473919928073883, 0.034841600060462954], "candidate": [0.02885119915008545, 0.028748801350593566, 0.028825598955154418, 0.028748801350593566]}, "median_ms": {"baseline": 0.034790399670600894, "candidate": 0.02878720015287399}, "baseline_over_candidate": 1.2085371097517996}
{"case": {"B": 8, "SEQ_LEN": 512, "H": 1, "HQ": 16, "D": 32, "S": 1, "block_size": 16, "is_causal": true}, "candidate": "baseline", "phase": "compile_correctness"}
{"case": {"B": 8, "SEQ_LEN": 512, "H": 1, "HQ": 16, "D": 32, "S": 1, "block_size": 16, "is_causal": true}, "candidate": "candidate", "phase": "compile_correctness"}
{"case": {"B": 8, "SEQ_LEN": 512, "H": 1, "HQ": 16, "D": 32, "S": 1, "block_size": 16, "is_causal": true}, "seed": 384, "status": "PASS", "call_event_ms": {"baseline": [0.015974399447441102, 0.01515520066022873, 0.0151296004652977, 0.0152319997549057], "candidate": [0.014822399616241455, 0.014643199741840363, 0.014668799936771393, 0.014745600521564484]}, "median_ms": {"baseline": 0.015193600207567215, "candidate": 0.014707200229167938}, "baseline_over_candidate": 1.0330722347435393}
{"case": {"B": 8, "SEQ_LEN": 512, "H": 1, "HQ": 16, "D": 64, "S": 1, "block_size": 16, "is_causal": true}, "candidate": "baseline", "phase": "compile_correctness"}
{"case": {"B": 8, "SEQ_LEN": 512, "H": 1, "HQ": 16, "D": 64, "S": 1, "block_size": 16, "is_causal": true}, "candidate": "candidate", "phase": "compile_correctness"}
2026-09-07 11:02:25  [TileLang:tilelang.cache.kernel_cache:WARNING] (kernel_cache.py:342): Found kernel 'kernel' in memory cache. For better performance, consider using `@tilelang.jit` instead of direct kernel caching.
{"case": {"B": 8, "SEQ_LEN": 512, "H": 1, "HQ": 16, "D": 64, "S": 1, "block_size": 16, "is_causal": true}, "seed": 384, "status": "PASS", "call_event_ms": {"baseline": [0.02964479923248291, 0.029260799288749695, 0.029183998703956604, 0.029747200012207032], "candidate": [0.030643200874328612, 0.030847999453544616, 0.0302592009305954, 0.030976000428199767]}, "median_ms": {"baseline": 0.0294527992606163, "candidate": 0.030745600163936612}, "baseline_over_candidate": 0.9579516777546364}
{"case": {"B": 8, "SEQ_LEN": 512, "H": 1, "HQ": 16, "D": 128, "S": 1, "block_size": 16, "is_causal": true}, "candidate": "baseline", "phase": "compile_correctness"}
{"case": {"B": 8, "SEQ_LEN": 512, "H": 1, "HQ": 16, "D": 128, "S": 1, "block_size": 16, "is_causal": true}, "candidate": "candidate", "phase": "compile_correctness"}
{"case": {"B": 8, "SEQ_LEN": 512, "H": 1, "HQ": 16, "D": 128, "S": 1, "block_size": 16, "is_causal": true}, "seed": 384, "status": "PASS", "call_event_ms": {"baseline": [0.056704002618789676, 0.05583360195159912, 0.05565440058708191, 0.05608959794044495], "candidate": [0.04792320132255554, 0.04759039878845215, 0.04756479859352112, 0.04741120040416717]}, "median_ms": {"baseline": 0.05596159994602204, "candidate": 0.047577598690986635}, "baseline_over_candidate": 1.1762174108342234}
{"case": {"B": 8, "SEQ_LEN": 1024, "H": 1, "HQ": 16, "D": 32, "S": 1, "block_size": 16, "is_causal": true}, "candidate": "baseline", "phase": "compile_correctness"}
{"case": {"B": 8, "SEQ_LEN": 1024, "H": 1, "HQ": 16, "D": 32, "S": 1, "block_size": 16, "is_causal": true}, "candidate": "candidate", "phase": "compile_correctness"}
{"case": {"B": 8, "SEQ_LEN": 1024, "H": 1, "HQ": 16, "D": 32, "S": 1, "block_size": 16, "is_causal": true}, "seed": 384, "status": "PASS", "call_event_ms": {"baseline": [0.024908800423145295, 0.024294400215148927, 0.024217599630355836, 0.024243199825286867], "candidate": [0.023526400327682495, 0.023423999547958374, 0.023372800648212434, 0.023475199937820435]}, "median_ms": {"baseline": 0.024268800020217897, "candidate": 0.023449599742889404}, "baseline_over_candidate": 1.0349345100262062}
{"case": {"B": 8, "SEQ_LEN": 1024, "H": 1, "HQ": 16, "D": 64, "S": 1, "block_size": 16, "is_causal": true}, "candidate": "baseline", "phase": "compile_correctness"}
{"case": {"B": 8, "SEQ_LEN": 1024, "H": 1, "HQ": 16, "D": 64, "S": 1, "block_size": 16, "is_causal": true}, "candidate": "candidate", "phase": "compile_correctness"}
2026-09-07 11:02:26  [TileLang:tilelang.cache.kernel_cache:WARNING] (kernel_cache.py:342): Found kernel 'kernel' in memory cache. For better performance, consider using `@tilelang.jit` instead of direct kernel caching.
{"case": {"B": 8, "SEQ_LEN": 1024, "H": 1, "HQ": 16, "D": 64, "S": 1, "block_size": 16, "is_causal": true}, "seed": 384, "status": "PASS", "call_event_ms": {"baseline": [0.048563200235366824, 0.048870399594306946, 0.048614400625228885, 0.048281601071357726], "candidate": [0.050918400287628174, 0.04897280037403107, 0.04915199875831604, 0.048819199204444885]}, "median_ms": {"baseline": 0.048588800430297854, "candidate": 0.04906239956617355}, "baseline_over_candidate": 0.9903470042219006}
{"case": {"B": 8, "SEQ_LEN": 1024, "H": 1, "HQ": 16, "D": 128, "S": 1, "block_size": 16, "is_causal": true}, "candidate": "baseline", "phase": "compile_correctness"}
{"case": {"B": 8, "SEQ_LEN": 1024, "H": 1, "HQ": 16, "D": 128, "S": 1, "block_size": 16, "is_causal": true}, "candidate": "candidate", "phase": "compile_correctness"}
{"case": {"B": 8, "SEQ_LEN": 1024, "H": 1, "HQ": 16, "D": 128, "S": 1, "block_size": 16, "is_causal": true}, "seed": 384, "status": "PASS", "call_event_ms": {"baseline": [0.09853439927101135, 0.09697279930114747, 0.09720320105552674, 0.09651200175285339], "candidate": [0.0861952006816864, 0.08555520176887513, 0.0852735996246338, 0.08517119884490967]}, "median_ms": {"baseline": 0.0970880001783371, "candidate": 0.08541440069675446}, "baseline_over_candidate": 1.1366701561605197}
{"case": {"B": 1, "SEQ_LEN": 256, "H": 1, "HQ": 16, "D": 64, "S": 1, "block_size": 32, "is_causal": true}, "candidate": "baseline", "phase": "compile_correctness"}
{"case": {"B": 1, "SEQ_LEN": 256, "H": 1, "HQ": 16, "D": 64, "S": 1, "block_size": 32, "is_causal": true}, "candidate": "candidate", "phase": "compile_correctness"}
2026-09-07 11:02:26  [TileLang:tilelang.cache.kernel_cache:WARNING] (kernel_cache.py:342): Found kernel 'kernel' in memory cache. For better performance, consider using `@tilelang.jit` instead of direct kernel caching.
{"case": {"B": 1, "SEQ_LEN": 256, "H": 1, "HQ": 16, "D": 64, "S": 1, "block_size": 32, "is_causal": true}, "seed": 384, "status": "PASS", "call_event_ms": {"baseline": [0.011443199962377549, 0.010828799754381179, 0.010419200360774993, 0.010316800326108932], "candidate": [0.010777600109577179, 0.010393600165843963, 0.010444799810647965, 0.011494400352239609]}, "median_ms": {"baseline": 0.010624000057578086, "candidate": 0.010611199960112571}, "baseline_over_candidate": 1.0012062818073009}
{"case": {"B": 1, "SEQ_LEN": 256, "H": 1, "HQ": 16, "D": 64, "S": 1, "block_size": 64, "is_causal": true}, "candidate": "baseline", "phase": "compile_correctness"}
{"case": {"B": 1, "SEQ_LEN": 256, "H": 1, "HQ": 16, "D": 64, "S": 1, "block_size": 64, "is_causal": true}, "candidate": "candidate", "phase": "compile_correctness"}
2026-09-07 11:02:27  [TileLang:tilelang.cache.kernel_cache:WARNING] (kernel_cache.py:342): Found kernel 'kernel' in memory cache. For better performance, consider using `@tilelang.jit` instead of direct kernel caching.
{"case": {"B": 1, "SEQ_LEN": 256, "H": 1, "HQ": 16, "D": 64, "S": 1, "block_size": 64, "is_causal": true}, "seed": 384, "status": "PASS", "call_event_ms": {"baseline": [0.014105600118637086, 0.013977600634098053, 0.014028799533843995, 0.014003199338912965], "candidate": [0.014233599603176116, 0.014105600118637086, 0.014028799533843995, 0.014079999923706055]}, "median_ms": {"baseline": 0.01401599943637848, "candidate": 0.01409280002117157}, "baseline_over_candidate": 0.9945503672316564}
{"case": {"B": 1, "SEQ_LEN": 512, "H": 1, "HQ": 16, "D": 64, "S": 1, "block_size": 32, "is_causal": true}, "candidate": "baseline", "phase": "compile_correctness"}
{"case": {"B": 1, "SEQ_LEN": 512, "H": 1, "HQ": 16, "D": 64, "S": 1, "block_size": 32, "is_causal": true}, "candidate": "candidate", "phase": "compile_correctness"}
2026-09-07 11:02:27  [TileLang:tilelang.cache.kernel_cache:WARNING] (kernel_cache.py:342): Found kernel 'kernel' in memory cache. For better performance, consider using `@tilelang.jit` instead of direct kernel caching.
{"case": {"B": 1, "SEQ_LEN": 512, "H": 1, "HQ": 16, "D": 64, "S": 1, "block_size": 32, "is_causal": true}, "seed": 384, "status": "PASS", "call_event_ms": {"baseline": [0.011366400122642516, 0.010777600109577179, 0.010572800040245056, 0.010572800040245056], "candidate": [0.011059200018644333, 0.01085439994931221, 0.010623999685049058, 0.011852800101041793]}, "median_ms": {"baseline": 0.010675200074911118, "candidate": 0.01095679998397827}, "baseline_over_candidate": 0.974299073682195}
{"case": {"B": 1, "SEQ_LEN": 512, "H": 1, "HQ": 16, "D": 64, "S": 1, "block_size": 64, "is_causal": true}, "candidate": "baseline", "phase": "compile_correctness"}
{"case": {"B": 1, "SEQ_LEN": 512, "H": 1, "HQ": 16, "D": 64, "S": 1, "block_size": 64, "is_causal": true}, "candidate": "candidate", "phase": "compile_correctness"}
2026-09-07 11:02:27  [TileLang:tilelang.cache.kernel_cache:WARNING] (kernel_cache.py:342): Found kernel 'kernel' in memory cache. For better performance, consider using `@tilelang.jit` instead of direct kernel caching.
{"case": {"B": 1, "SEQ_LEN": 512, "H": 1, "HQ": 16, "D": 64, "S": 1, "block_size": 64, "is_causal": true}, "seed": 384, "status": "PASS", "call_event_ms": {"baseline": [0.01653759926557541, 0.01648640036582947, 0.01640959978103638, 0.01646080017089844], "candidate": [0.016358399391174318, 0.01640959978103638, 0.01643519997596741, 0.01640959978103638]}, "median_ms": {"baseline": 0.016473600268363954, "candidate": 0.01640959978103638}, "baseline_over_candidate": 1.003900185755995}
{"case": {"B": 1, "SEQ_LEN": 512, "H": 1, "HQ": 16, "D": 128, "S": 1, "block_size": 32, "is_causal": true}, "candidate": "baseline", "phase": "compile_correctness"}
{"case": {"B": 1, "SEQ_LEN": 512, "H": 1, "HQ": 16, "D": 128, "S": 1, "block_size": 32, "is_causal": true}, "candidate": "candidate", "phase": "compile_correctness"}
{"case": {"B": 1, "SEQ_LEN": 512, "H": 1, "HQ": 16, "D": 128, "S": 1, "block_size": 32, "is_causal": true}, "seed": 384, "status": "PASS", "call_event_ms": {"baseline": [0.018483200669288637, 0.017791999876499175, 0.017587199807167053, 0.017612800002098083], "candidate": [0.0152319997549057, 0.0152319997549057, 0.015001599490642548, 0.015078400075435639]}, "median_ms": {"baseline": 0.01770239993929863, "candidate": 0.01515519991517067}, "baseline_over_candidate": 1.1680743268571574}
{"case": {"B": 2, "SEQ_LEN": 256, "H": 1, "HQ": 16, "D": 64, "S": 1, "block_size": 64, "is_causal": true}, "candidate": "baseline", "phase": "compile_correctness"}
{"case": {"B": 2, "SEQ_LEN": 256, "H": 1, "HQ": 16, "D": 64, "S": 1, "block_size": 64, "is_causal": true}, "candidate": "candidate", "phase": "compile_correctness"}
2026-09-07 11:02:27  [TileLang:tilelang.cache.kernel_cache:WARNING] (kernel_cache.py:342): Found kernel 'kernel' in memory cache. For better performance, consider using `@tilelang.jit` instead of direct kernel caching.
{"case": {"B": 2, "SEQ_LEN": 256, "H": 1, "HQ": 16, "D": 64, "S": 1, "block_size": 64, "is_causal": true}, "seed": 384, "status": "PASS", "call_event_ms": {"baseline": [0.016230399906635284, 0.016204799711704253, 0.016230399906635284, 0.016307200491428375], "candidate": [0.01643519997596741, 0.016383999586105348, 0.016281600296497344, 0.016102400422096253]}, "median_ms": {"baseline": 0.016230399906635284, "candidate": 0.016332799941301344}, "baseline_over_candidate": 0.9937304053784974}
{"case": {"B": 4, "SEQ_LEN": 128, "H": 1, "HQ": 16, "D": 64, "S": 1, "block_size": 32, "is_causal": true}, "candidate": "baseline", "phase": "compile_correctness"}
{"case": {"B": 4, "SEQ_LEN": 128, "H": 1, "HQ": 16, "D": 64, "S": 1, "block_size": 32, "is_causal": true}, "candidate": "candidate", "phase": "compile_correctness"}
2026-09-07 11:02:28  [TileLang:tilelang.cache.kernel_cache:WARNING] (kernel_cache.py:342): Found kernel 'kernel' in memory cache. For better performance, consider using `@tilelang.jit` instead of direct kernel caching.
{"case": {"B": 4, "SEQ_LEN": 128, "H": 1, "HQ": 16, "D": 64, "S": 1, "block_size": 32, "is_causal": true}, "seed": 384, "status": "PASS", "call_event_ms": {"baseline": [0.011289600282907486, 0.010751999914646149, 0.010828799754381179, 0.010700800269842149], "candidate": [0.011110399663448334, 0.010700800269842149, 0.010777600109577179, 0.012160000205039979]}, "median_ms": {"baseline": 0.010790399834513664, "candidate": 0.010943999886512757}, "baseline_over_candidate": 0.9859649073837814}
{"case": {"B": 4, "SEQ_LEN": 128, "H": 1, "HQ": 16, "D": 64, "S": 1, "block_size": 64, "is_causal": true}, "candidate": "baseline", "phase": "compile_correctness"}
{"case": {"B": 4, "SEQ_LEN": 128, "H": 1, "HQ": 16, "D": 64, "S": 1, "block_size": 64, "is_causal": true}, "candidate": "candidate", "phase": "compile_correctness"}
2026-09-07 11:02:28  [TileLang:tilelang.cache.kernel_cache:WARNING] (kernel_cache.py:342): Found kernel 'kernel' in memory cache. For better performance, consider using `@tilelang.jit` instead of direct kernel caching.
{"case": {"B": 4, "SEQ_LEN": 128, "H": 1, "HQ": 16, "D": 64, "S": 1, "block_size": 64, "is_causal": true}, "seed": 384, "status": "PASS", "call_event_ms": {"baseline": [0.016281600296497344, 0.016179199516773223, 0.016256000101566314, 0.016230399906635284], "candidate": [0.01653759926557541, 0.016230399906635284, 0.016204799711704253, 0.016332800686359405]}, "median_ms": {"baseline": 0.0162432000041008, "candidate": 0.016281600296497344}, "baseline_over_candidate": 0.9976414915182013}
{"case": {"B": 2, "SEQ_LEN": 512, "H": 1, "HQ": 16, "D": 128, "S": 1, "block_size": 32, "is_causal": true}, "candidate": "baseline", "phase": "compile_correctness"}
{"case": {"B": 2, "SEQ_LEN": 512, "H": 1, "HQ": 16, "D": 128, "S": 1, "block_size": 32, "is_causal": true}, "candidate": "candidate", "phase": "compile_correctness"}
{"case": {"B": 2, "SEQ_LEN": 512, "H": 1, "HQ": 16, "D": 128, "S": 1, "block_size": 32, "is_causal": true}, "seed": 384, "status": "PASS", "call_event_ms": {"baseline": [0.02457599937915802, 0.02393600046634674, 0.024089600145816802, 0.024140800535678863], "candidate": [0.021580800414085388, 0.021350400149822236, 0.021273599565029146, 0.021247999370098115]}, "median_ms": {"baseline": 0.024115200340747833, "candidate": 0.02131199985742569}, "baseline_over_candidate": 1.131531555089863}
{"case": {"B": 4, "SEQ_LEN": 1024, "H": 1, "HQ": 16, "D": 128, "S": 1, "block_size": 32, "is_causal": true}, "candidate": "baseline", "phase": "compile_correctness"}
{"case": {"B": 4, "SEQ_LEN": 1024, "H": 1, "HQ": 16, "D": 128, "S": 1, "block_size": 32, "is_causal": true}, "candidate": "candidate", "phase": "compile_correctness"}
{"case": {"B": 4, "SEQ_LEN": 1024, "H": 1, "HQ": 16, "D": 128, "S": 1, "block_size": 32, "is_causal": true}, "seed": 384, "status": "PASS", "call_event_ms": {"baseline": [0.08030719757080078, 0.07984640002250672, 0.07994880080223084, 0.0796671986579895], "candidate": [0.059545600414276124, 0.058905601501464844, 0.059033602476119995, 0.05923839807510376]}, "median_ms": {"baseline": 0.07989760041236878, "candidate": 0.059136000275611875}, "baseline_over_candidate": 1.3510822517585643}
{"case": {"B": 8, "SEQ_LEN": 512, "H": 1, "HQ": 16, "D": 128, "S": 1, "block_size": 32, "is_causal": true}, "candidate": "baseline", "phase": "compile_correctness"}
{"case": {"B": 8, "SEQ_LEN": 512, "H": 1, "HQ": 16, "D": 128, "S": 1, "block_size": 32, "is_causal": true}, "candidate": "candidate", "phase": "compile_correctness"}
{"case": {"B": 8, "SEQ_LEN": 512, "H": 1, "HQ": 16, "D": 128, "S": 1, "block_size": 32, "is_causal": true}, "seed": 384, "status": "PASS", "call_event_ms": {"baseline": [0.08117759823799134, 0.08025599718093872, 0.08084480166435241, 0.0809216022491455], "candidate": [0.05916159749031067, 0.05911039710044861, 0.058982402086257935, 0.05921279788017273]}, "median_ms": {"baseline": 0.08088320195674896, "candidate": 0.05913599729537964}, "baseline_over_candidate": 1.3677490133927013}
{"case": {"B": 1, "SEQ_LEN": 256, "H": 2, "HQ": 32, "D": 64, "S": 1, "block_size": 16, "is_causal": true}, "candidate": "baseline", "phase": "compile_correctness"}
{"case": {"B": 1, "SEQ_LEN": 256, "H": 2, "HQ": 32, "D": 64, "S": 1, "block_size": 16, "is_causal": true}, "candidate": "candidate", "phase": "compile_correctness"}
2026-09-07 11:02:29  [TileLang:tilelang.cache.kernel_cache:WARNING] (kernel_cache.py:342): Found kernel 'kernel' in memory cache. For better performance, consider using `@tilelang.jit` instead of direct kernel caching.
{"case": {"B": 1, "SEQ_LEN": 256, "H": 2, "HQ": 32, "D": 64, "S": 1, "block_size": 16, "is_causal": true}, "seed": 384, "status": "PASS", "call_event_ms": {"baseline": [0.011519999802112579, 0.010649599879980088, 0.010444799810647965, 0.010649599879980088], "candidate": [0.010828799754381179, 0.010700800269842149, 0.01088000014424324, 0.010828799754381179]}, "median_ms": {"baseline": 0.010649599879980088, "candidate": 0.010828799754381179}, "baseline_over_candidate": 0.9834515478662731}
{"case": {"B": 2, "SEQ_LEN": 512, "H": 2, "HQ": 32, "D": 64, "S": 1, "block_size": 16, "is_causal": true}, "candidate": "baseline", "phase": "compile_correctness"}
{"case": {"B": 2, "SEQ_LEN": 512, "H": 2, "HQ": 32, "D": 64, "S": 1, "block_size": 16, "is_causal": true}, "candidate": "candidate", "phase": "compile_correctness"}
2026-09-07 11:02:29  [TileLang:tilelang.cache.kernel_cache:WARNING] (kernel_cache.py:342): Found kernel 'kernel' in memory cache. For better performance, consider using `@tilelang.jit` instead of direct kernel caching.
{"case": {"B": 2, "SEQ_LEN": 512, "H": 2, "HQ": 32, "D": 64, "S": 1, "block_size": 16, "is_causal": true}, "seed": 384, "status": "PASS", "call_event_ms": {"baseline": [0.01815039962530136, 0.01809920072555542, 0.01815039962530136, 0.01825280040502548], "candidate": [0.01802240014076233, 0.017612800002098083, 0.017664000391960144, 0.017740799486637114]}, "median_ms": {"baseline": 0.01815039962530136, "candidate": 0.01770239993929863}, "baseline_over_candidate": 1.0253072853137946}
{"case": {"B": 1, "SEQ_LEN": 512, "H": 2, "HQ": 32, "D": 128, "S": 1, "block_size": 16, "is_causal": true}, "candidate": "baseline", "phase": "compile_correctness"}
{"case": {"B": 1, "SEQ_LEN": 512, "H": 2, "HQ": 32, "D": 128, "S": 1, "block_size": 16, "is_causal": true}, "candidate": "candidate", "phase": "compile_correctness"}
{"case": {"B": 1, "SEQ_LEN": 512, "H": 2, "HQ": 32, "D": 128, "S": 1, "block_size": 16, "is_causal": true}, "seed": 384, "status": "PASS", "call_event_ms": {"baseline": [0.019225600361824035, 0.018636800348758698, 0.018713599443435668, 0.018713599443435668], "candidate": [0.0166143998503685, 0.01640959978103638, 0.01648640036582947, 0.0165120005607605]}, "median_ms": {"baseline": 0.018713599443435668, "candidate": 0.016499200463294984}, "baseline_over_candidate": 1.1342125023007603}
{"case": {"B": 1, "SEQ_LEN": 256, "H": 1, "HQ": 16, "D": 64, "S": 2, "block_size": 16, "is_causal": true}, "candidate": "baseline", "phase": "compile_correctness"}
{"case": {"B": 1, "SEQ_LEN": 256, "H": 1, "HQ": 16, "D": 64, "S": 2, "block_size": 16, "is_causal": true}, "candidate": "candidate", "phase": "compile_correctness"}
2026-09-07 11:02:29  [TileLang:tilelang.cache.kernel_cache:WARNING] (kernel_cache.py:342): Found kernel 'kernel' in memory cache. For better performance, consider using `@tilelang.jit` instead of direct kernel caching.
{"case": {"B": 1, "SEQ_LEN": 256, "H": 1, "HQ": 16, "D": 64, "S": 2, "block_size": 16, "is_causal": true}, "seed": 384, "status": "PASS", "call_event_ms": {"baseline": [0.011110399663448334, 0.010649599879980088, 0.010572800040245056, 0.010496000200510025], "candidate": [0.010598400235176086, 0.010419200360774993, 0.010623999685049058, 0.010521599650382995]}, "median_ms": {"baseline": 0.010611199960112571, "candidate": 0.01055999994277954}, "baseline_over_candidate": 1.0048484865161422}
{"case": {"B": 2, "SEQ_LEN": 512, "H": 1, "HQ": 16, "D": 64, "S": 2, "block_size": 16, "is_causal": true}, "candidate": "baseline", "phase": "compile_correctness"}
{"case": {"B": 2, "SEQ_LEN": 512, "H": 1, "HQ": 16, "D": 64, "S": 2, "block_size": 16, "is_causal": true}, "candidate": "candidate", "phase": "compile_correctness"}
{"case": {"B": 2, "SEQ_LEN": 512, "H": 1, "HQ": 16, "D": 64, "S": 2, "block_size": 16, "is_causal": true}, "seed": 384, "status": "PASS", "call_event_ms": {"baseline": [0.019814400374889372, 0.019276799261569978, 0.01930239945650101, 0.019276799261569978], "candidate": [0.012748800218105316, 0.012748800218105316, 0.012492799758911132, 0.012518399953842163]}, "median_ms": {"baseline": 0.019289599359035493, "candidate": 0.01263360008597374}, "baseline_over_candidate": 1.5268489763619693}
{"case": {"B": 4, "SEQ_LEN": 1024, "H": 1, "HQ": 16, "D": 64, "S": 2, "block_size": 16, "is_causal": true}, "candidate": "baseline", "phase": "compile_correctness"}
{"case": {"B": 4, "SEQ_LEN": 1024, "H": 1, "HQ": 16, "D": 64, "S": 2, "block_size": 16, "is_causal": true}, "candidate": "candidate", "phase": "compile_correctness"}
{"case": {"B": 4, "SEQ_LEN": 1024, "H": 1, "HQ": 16, "D": 64, "S": 2, "block_size": 16, "is_causal": true}, "seed": 384, "status": "PASS", "call_event_ms": {"baseline": [0.05076479911804199, 0.050432002544403075, 0.05030400156974792, 0.05007359981536865], "candidate": [0.03589119911193848, 0.0357120007276535, 0.03553279936313629, 0.03555839955806732]}, "median_ms": {"baseline": 0.0503680020570755, "candidate": 0.03563520014286041}, "baseline_over_candidate": 1.4134339601055064}
{"case": {"B": 1, "SEQ_LEN": 256, "H": 1, "HQ": 16, "D": 64, "S": 4, "block_size": 16, "is_causal": true}, "candidate": "baseline", "phase": "compile_correctness"}
{"case": {"B": 1, "SEQ_LEN": 256, "H": 1, "HQ": 16, "D": 64, "S": 4, "block_size": 16, "is_causal": true}, "candidate": "candidate", "phase": "compile_correctness"}
2026-09-07 11:02:30  [TileLang:tilelang.cache.kernel_cache:WARNING] (kernel_cache.py:342): Found kernel 'kernel' in memory cache. For better performance, consider using `@tilelang.jit` instead of direct kernel caching.
{"case": {"B": 1, "SEQ_LEN": 256, "H": 1, "HQ": 16, "D": 64, "S": 4, "block_size": 16, "is_causal": true}, "seed": 384, "status": "PASS", "call_event_ms": {"baseline": [0.015718400478363037, 0.015615999698638916, 0.015564799308776855, 0.015615999698638916], "candidate": [0.015641599893569946, 0.015615999698638916, 0.015539200603961944, 0.015641599893569946]}, "median_ms": {"baseline": 0.015615999698638916, "candidate": 0.01562879979610443}, "baseline_over_candidate": 0.999180992934038}
{"case": {"B": 2, "SEQ_LEN": 512, "H": 1, "HQ": 16, "D": 64, "S": 4, "block_size": 16, "is_causal": true}, "candidate": "baseline", "phase": "compile_correctness"}
{"case": {"B": 2, "SEQ_LEN": 512, "H": 1, "HQ": 16, "D": 64, "S": 4, "block_size": 16, "is_causal": true}, "candidate": "candidate", "phase": "compile_correctness"}
{"case": {"B": 2, "SEQ_LEN": 512, "H": 1, "HQ": 16, "D": 64, "S": 4, "block_size": 16, "is_causal": true}, "seed": 384, "status": "PASS", "call_event_ms": {"baseline": [0.029414400458335876, 0.02908160090446472, 0.0289792001247406, 0.028748801350593566], "candidate": [0.01953279972076416, 0.01973759979009628, 0.01930239945650101, 0.01958400011062622]}, "median_ms": {"baseline": 0.02903040051460266, "candidate": 0.01955839991569519}, "baseline_over_candidate": 1.484293226426278}
{"case": {"B": 4, "SEQ_LEN": 1024, "H": 1, "HQ": 16, "D": 64, "S": 4, "block_size": 16, "is_causal": true}, "candidate": "baseline", "phase": "compile_correctness"}
{"case": {"B": 4, "SEQ_LEN": 1024, "H": 1, "HQ": 16, "D": 64, "S": 4, "block_size": 16, "is_causal": true}, "candidate": "candidate", "phase": "compile_correctness"}
{"case": {"B": 4, "SEQ_LEN": 1024, "H": 1, "HQ": 16, "D": 64, "S": 4, "block_size": 16, "is_causal": true}, "seed": 384, "status": "PASS", "call_event_ms": {"baseline": [0.07810559868812561, 0.07787520289421082, 0.07802879810333252, 0.07772160172462464], "candidate": [0.05775359869003296, 0.057651197910308837, 0.057548797130584715, 0.057599997520446776]}, "median_ms": {"baseline": 0.07795200049877167, "candidate": 0.057625597715377806}, "baseline_over_candidate": 1.352732181343945}
{"case": {"B": 1, "SEQ_LEN": 256, "H": 1, "HQ": 16, "D": 64, "S": 8, "block_size": 16, "is_causal": true}, "candidate": "baseline", "phase": "compile_correctness"}
{"case": {"B": 1, "SEQ_LEN": 256, "H": 1, "HQ": 16, "D": 64, "S": 8, "block_size": 16, "is_causal": true}, "candidate": "candidate", "phase": "compile_correctness"}
2026-09-07 11:02:31  [TileLang:tilelang.cache.kernel_cache:WARNING] (kernel_cache.py:342): Found kernel 'kernel' in memory cache. For better performance, consider using `@tilelang.jit` instead of direct kernel caching.
{"case": {"B": 1, "SEQ_LEN": 256, "H": 1, "HQ": 16, "D": 64, "S": 8, "block_size": 16, "is_causal": true}, "seed": 384, "status": "PASS", "call_event_ms": {"baseline": [0.02460159957408905, 0.02460159957408905, 0.02455040067434311, 0.02452480047941208], "candidate": [0.02475520074367523, 0.02452480047941208, 0.02452480047941208, 0.02455040067434311]}, "median_ms": {"baseline": 0.02457600012421608, "candidate": 0.024537600576877594}, "baseline_over_candidate": 1.0015649267424571}
{"case": {"B": 2, "SEQ_LEN": 512, "H": 1, "HQ": 16, "D": 64, "S": 8, "block_size": 16, "is_causal": true}, "candidate": "baseline", "phase": "compile_correctness"}
{"case": {"B": 2, "SEQ_LEN": 512, "H": 1, "HQ": 16, "D": 64, "S": 8, "block_size": 16, "is_causal": true}, "candidate": "candidate", "phase": "compile_correctness"}
2026-09-07 11:02:31  [TileLang:tilelang.cache.kernel_cache:WARNING] (kernel_cache.py:342): Found kernel 'kernel' in memory cache. For better performance, consider using `@tilelang.jit` instead of direct kernel caching.
{"case": {"B": 2, "SEQ_LEN": 512, "H": 1, "HQ": 16, "D": 64, "S": 8, "block_size": 16, "is_causal": true}, "seed": 384, "status": "PASS", "call_event_ms": {"baseline": [0.04108799993991852, 0.04083200097084046, 0.040755200386047366, 0.04083200097084046], "candidate": [0.04101119935512543, 0.040934398770332336, 0.04080640077590943, 0.040908798575401306]}, "median_ms": {"baseline": 0.04083200097084046, "candidate": 0.04092159867286682}, "baseline_over_candidate": 0.9978105033788484}
{"case": {"B": 4, "SEQ_LEN": 1024, "H": 1, "HQ": 16, "D": 64, "S": 8, "block_size": 16, "is_causal": true}, "candidate": "baseline", "phase": "compile_correctness"}
{"case": {"B": 4, "SEQ_LEN": 1024, "H": 1, "HQ": 16, "D": 64, "S": 8, "block_size": 16, "is_causal": true}, "candidate": "candidate", "phase": "compile_correctness"}
2026-09-07 11:02:31  [TileLang:tilelang.cache.kernel_cache:WARNING] (kernel_cache.py:342): Found kernel 'kernel' in memory cache. For better performance, consider using `@tilelang.jit` instead of direct kernel caching.
{"case": {"B": 4, "SEQ_LEN": 1024, "H": 1, "HQ": 16, "D": 64, "S": 8, "block_size": 16, "is_causal": true}, "seed": 384, "status": "PASS", "call_event_ms": {"baseline": [0.12380160093307495, 0.1230847954750061, 0.12305920124053955, 0.12316160202026367], "candidate": [0.12280319929122925, 0.12285439968109131, 0.12318719625473022, 0.1230847954750061]}, "median_ms": {"baseline": 0.12312319874763489, "candidate": 0.1229695975780487}, "baseline_over_candidate": 1.0012490987415705}
{"case": {"B": 1, "SEQ_LEN": 1024, "H": 1, "HQ": 16, "D": 128, "S": 1, "block_size": 32, "is_causal": true}, "candidate": "baseline", "phase": "compile_correctness"}
{"case": {"B": 1, "SEQ_LEN": 1024, "H": 1, "HQ": 16, "D": 128, "S": 1, "block_size": 32, "is_causal": true}, "candidate": "candidate", "phase": "compile_correctness"}
{"case": {"B": 1, "SEQ_LEN": 1024, "H": 1, "HQ": 16, "D": 128, "S": 1, "block_size": 32, "is_causal": true}, "seed": 384, "status": "PASS", "call_event_ms": {"baseline": [0.024217599630355836, 0.023705600202083586, 0.023756800591945647, 0.02383359968662262], "candidate": [0.021401600539684297, 0.02114560008049011, 0.021196800470352172, 0.021376000344753267]}, "median_ms": {"baseline": 0.023795200139284135, "candidate": 0.021286400407552718}, "baseline_over_candidate": 1.1178592755795977}
{"case": {"B": 2, "SEQ_LEN": 1024, "H": 1, "HQ": 16, "D": 128, "S": 1, "block_size": 32, "is_causal": true}, "candidate": "baseline", "phase": "compile_correctness"}
{"case": {"B": 2, "SEQ_LEN": 1024, "H": 1, "HQ": 16, "D": 128, "S": 1, "block_size": 32, "is_causal": true}, "candidate": "candidate", "phase": "compile_correctness"}
{"case": {"B": 2, "SEQ_LEN": 1024, "H": 1, "HQ": 16, "D": 128, "S": 1, "block_size": 32, "is_causal": true}, "seed": 384, "status": "PASS", "call_event_ms": {"baseline": [0.04503040015697479, 0.04462080001831055, 0.04439040124416351, 0.04444159865379334], "candidate": [0.03402239978313446, 0.034176000952720643, 0.033843201398849485, 0.03407360017299652]}, "median_ms": {"baseline": 0.044531199336051944, "candidate": 0.03404799997806549}, "baseline_over_candidate": 1.3078947181843272}
{"case": {"B": 4, "SEQ_LEN": 512, "H": 1, "HQ": 16, "D": 128, "S": 1, "block_size": 32, "is_causal": true}, "candidate": "baseline", "phase": "compile_correctness"}
{"case": {"B": 4, "SEQ_LEN": 512, "H": 1, "HQ": 16, "D": 128, "S": 1, "block_size": 32, "is_causal": true}, "candidate": "candidate", "phase": "compile_correctness"}
{"case": {"B": 4, "SEQ_LEN": 512, "H": 1, "HQ": 16, "D": 128, "S": 1, "block_size": 32, "is_causal": true}, "seed": 384, "status": "PASS", "call_event_ms": {"baseline": [0.04633600115776062, 0.045440000295639035, 0.04559360146522522, 0.045311999320983884], "candidate": [0.034483200311660765, 0.034201601147651674, 0.034329599142074584, 0.034457600116729735]}, "median_ms": {"baseline": 0.045516800880432126, "candidate": 0.03439359962940216}, "baseline_over_candidate": 1.3234090461854724}
{"case": {"B": 8, "SEQ_LEN": 256, "H": 1, "HQ": 16, "D": 128, "S": 1, "block_size": 32, "is_causal": true}, "candidate": "baseline", "phase": "compile_correctness"}
{"case": {"B": 8, "SEQ_LEN": 256, "H": 1, "HQ": 16, "D": 128, "S": 1, "block_size": 32, "is_causal": true}, "candidate": "candidate", "phase": "compile_correctness"}
{"case": {"B": 8, "SEQ_LEN": 256, "H": 1, "HQ": 16, "D": 128, "S": 1, "block_size": 32, "is_causal": true}, "seed": 384, "status": "PASS", "call_event_ms": {"baseline": [0.04456959962844849, 0.04423680007457733, 0.04377599954605103, 0.0440064013004303], "candidate": [0.03415040075778961, 0.03391999900341034, 0.03389439880847931, 0.034227201342582704]}, "median_ms": {"baseline": 0.044121600687503815, "candidate": 0.03403519988059998}, "baseline_over_candidate": 1.296352036782163}
{"case": {"B": 1, "SEQ_LEN": 2048, "H": 1, "HQ": 16, "D": 32, "S": 1, "block_size": 16, "is_causal": true}, "candidate": "baseline", "phase": "compile_correctness"}
{"case": {"B": 1, "SEQ_LEN": 2048, "H": 1, "HQ": 16, "D": 32, "S": 1, "block_size": 16, "is_causal": true}, "candidate": "candidate", "phase": "compile_correctness"}
2026-09-07 11:02:33  [TileLang:tilelang.cache.kernel_cache:WARNING] (kernel_cache.py:342): Found kernel 'kernel' in memory cache. For better performance, consider using `@tilelang.jit` instead of direct kernel caching.
{"case": {"B": 1, "SEQ_LEN": 2048, "H": 1, "HQ": 16, "D": 32, "S": 1, "block_size": 16, "is_causal": true}, "seed": 384, "status": "PASS", "call_event_ms": {"baseline": [0.011443199962377549, 0.010751999914646149, 0.011929599940776825, 0.010367999970912933], "candidate": [0.01088000014424324, 0.010547199845314026, 0.010444799810647965, 0.010547199845314026]}, "median_ms": {"baseline": 0.011097599938511848, "candidate": 0.010547199845314026}, "baseline_over_candidate": 1.0521844756210206}
{"case": {"B": 4, "SEQ_LEN": 2048, "H": 1, "HQ": 16, "D": 32, "S": 1, "block_size": 16, "is_causal": true}, "candidate": "baseline", "phase": "compile_correctness"}
{"case": {"B": 4, "SEQ_LEN": 2048, "H": 1, "HQ": 16, "D": 32, "S": 1, "block_size": 16, "is_causal": true}, "candidate": "candidate", "phase": "compile_correctness"}
{"case": {"B": 4, "SEQ_LEN": 2048, "H": 1, "HQ": 16, "D": 32, "S": 1, "block_size": 16, "is_causal": true}, "seed": 384, "status": "PASS", "call_event_ms": {"baseline": [0.024908800423145295, 0.02455040067434311, 0.024396799504756927, 0.024166400730609893], "candidate": [0.024063999950885772, 0.02383359968662262, 0.023654399812221526, 0.02401279956102371]}, "median_ms": {"baseline": 0.02447360008955002, "candidate": 0.023923199623823166}, "baseline_over_candidate": 1.0230069754205768}
{"case": {"B": 8, "SEQ_LEN": 2048, "H": 1, "HQ": 16, "D": 32, "S": 1, "block_size": 16, "is_causal": true}, "candidate": "baseline", "phase": "compile_correctness"}
{"case": {"B": 8, "SEQ_LEN": 2048, "H": 1, "HQ": 16, "D": 32, "S": 1, "block_size": 16, "is_causal": true}, "candidate": "candidate", "phase": "compile_correctness"}
{"case": {"B": 8, "SEQ_LEN": 2048, "H": 1, "HQ": 16, "D": 32, "S": 1, "block_size": 16, "is_causal": true}, "seed": 384, "status": "PASS", "call_event_ms": {"baseline": [0.0417279988527298, 0.04106239974498749, 0.04106239974498749, 0.04103679955005646], "candidate": [0.039961600303649904, 0.03934719860553741, 0.03937279880046844, 0.03988479971885681]}, "median_ms": {"baseline": 0.04106239974498749, "candidate": 0.03962879925966263}, "baseline_over_candidate": 1.0361757235169144}
{"case": {"B": 1, "SEQ_LEN": 48, "H": 1, "HQ": 16, "D": 32, "S": 1, "block_size": 16, "is_causal": true}, "candidate": "baseline", "phase": "compile_correctness"}
{"case": {"B": 1, "SEQ_LEN": 48, "H": 1, "HQ": 16, "D": 32, "S": 1, "block_size": 16, "is_causal": true}, "candidate": "candidate", "phase": "compile_correctness"}
2026-09-07 11:02:34  [TileLang:tilelang.cache.kernel_cache:WARNING] (kernel_cache.py:342): Found kernel 'kernel' in memory cache. For better performance, consider using `@tilelang.jit` instead of direct kernel caching.
{"case": {"B": 1, "SEQ_LEN": 48, "H": 1, "HQ": 16, "D": 32, "S": 1, "block_size": 16, "is_causal": true}, "seed": 384, "status": "PASS", "call_event_ms": {"baseline": [0.011340799927711486, 0.010598400235176086, 0.010470400005578995, 0.010496000200510025], "candidate": [0.011033599823713302, 0.010623999685049058, 0.010598400235176086, 0.010496000200510025]}, "median_ms": {"baseline": 0.010547200217843056, "candidate": 0.010611199960112571}, "baseline_over_candidate": 0.9939686611778037}
{"case": {"B": 2, "SEQ_LEN": 48, "H": 1, "HQ": 16, "D": 32, "S": 1, "block_size": 16, "is_causal": true}, "candidate": "baseline", "phase": "compile_correctness"}
{"case": {"B": 2, "SEQ_LEN": 48, "H": 1, "HQ": 16, "D": 32, "S": 1, "block_size": 16, "is_causal": true}, "candidate": "candidate", "phase": "compile_correctness"}
2026-09-07 11:02:34  [TileLang:tilelang.cache.kernel_cache:WARNING] (kernel_cache.py:342): Found kernel 'kernel' in memory cache. For better performance, consider using `@tilelang.jit` instead of direct kernel caching.
{"case": {"B": 2, "SEQ_LEN": 48, "H": 1, "HQ": 16, "D": 32, "S": 1, "block_size": 16, "is_causal": true}, "seed": 384, "status": "PASS", "call_event_ms": {"baseline": [0.011135999858379365, 0.010470400005578995, 0.010367999970912933, 0.010521599650382995], "candidate": [0.010751999914646149, 0.010521599650382995, 0.010291200131177902, 0.010496000200510025]}, "median_ms": {"baseline": 0.010495999827980995, "candidate": 0.01050879992544651}, "baseline_over_candidate": 0.9987819639201123}
{"case": {"B": 4, "SEQ_LEN": 48, "H": 1, "HQ": 16, "D": 32, "S": 1, "block_size": 16, "is_causal": true}, "candidate": "baseline", "phase": "compile_correctness"}
{"case": {"B": 4, "SEQ_LEN": 48, "H": 1, "HQ": 16, "D": 32, "S": 1, "block_size": 16, "is_causal": true}, "candidate": "candidate", "phase": "compile_correctness"}
2026-09-07 11:02:34  [TileLang:tilelang.cache.kernel_cache:WARNING] (kernel_cache.py:342): Found kernel 'kernel' in memory cache. For better performance, consider using `@tilelang.jit` instead of direct kernel caching.
{"case": {"B": 4, "SEQ_LEN": 48, "H": 1, "HQ": 16, "D": 32, "S": 1, "block_size": 16, "is_causal": true}, "seed": 384, "status": "PASS", "call_event_ms": {"baseline": [0.011468800157308579, 0.01080320030450821, 0.010470400005578995, 0.010496000200510025], "candidate": [0.011135999858379365, 0.010623999685049058, 0.010675200074911118, 0.010496000200510025]}, "median_ms": {"baseline": 0.010649600252509116, "candidate": 0.010649599879980088}, "baseline_over_candidate": 1.0000000349805658}
{"case": {"B": 8, "SEQ_LEN": 48, "H": 1, "HQ": 16, "D": 32, "S": 1, "block_size": 16, "is_causal": true}, "candidate": "baseline", "phase": "compile_correctness"}
{"case": {"B": 8, "SEQ_LEN": 48, "H": 1, "HQ": 16, "D": 32, "S": 1, "block_size": 16, "is_causal": true}, "candidate": "candidate", "phase": "compile_correctness"}
2026-09-07 11:02:34  [TileLang:tilelang.cache.kernel_cache:WARNING] (kernel_cache.py:342): Found kernel 'kernel' in memory cache. For better performance, consider using `@tilelang.jit` instead of direct kernel caching.
{"case": {"B": 8, "SEQ_LEN": 48, "H": 1, "HQ": 16, "D": 32, "S": 1, "block_size": 16, "is_causal": true}, "seed": 384, "status": "PASS", "call_event_ms": {"baseline": [0.011315199732780456, 0.010700800269842149, 0.010367999970912933, 0.010367999970912933], "candidate": [0.01088000014424324, 0.010393600165843963, 0.010470400005578995, 0.010547199845314026]}, "median_ms": {"baseline": 0.01053440012037754, "candidate": 0.01050879992544651}, "baseline_over_candidate": 1.0024360721597754}
{"case": {"B": 1, "SEQ_LEN": 96, "H": 1, "HQ": 16, "D": 32, "S": 1, "block_size": 16, "is_causal": true}, "candidate": "baseline", "phase": "compile_correctness"}
{"case": {"B": 1, "SEQ_LEN": 96, "H": 1, "HQ": 16, "D": 32, "S": 1, "block_size": 16, "is_causal": true}, "candidate": "candidate", "phase": "compile_correctness"}
2026-09-07 11:02:34  [TileLang:tilelang.cache.kernel_cache:WARNING] (kernel_cache.py:342): Found kernel 'kernel' in memory cache. For better performance, consider using `@tilelang.jit` instead of direct kernel caching.
{"case": {"B": 1, "SEQ_LEN": 96, "H": 1, "HQ": 16, "D": 32, "S": 1, "block_size": 16, "is_causal": true}, "seed": 384, "status": "PASS", "call_event_ms": {"baseline": [0.011264000087976456, 0.010342399775981902, 0.010496000200510025, 0.010393600165843963], "candidate": [0.010700800269842149, 0.010572800040245056, 0.010572800040245056, 0.010393600165843963]}, "median_ms": {"baseline": 0.010444800183176995, "candidate": 0.010572800040245056}, "baseline_over_candidate": 0.9878934760346518}
{"case": {"B": 2, "SEQ_LEN": 96, "H": 1, "HQ": 16, "D": 32, "S": 1, "block_size": 16, "is_causal": true}, "candidate": "baseline", "phase": "compile_correctness"}
{"case": {"B": 2, "SEQ_LEN": 96, "H": 1, "HQ": 16, "D": 32, "S": 1, "block_size": 16, "is_causal": true}, "candidate": "candidate", "phase": "compile_correctness"}
2026-09-07 11:02:34  [TileLang:tilelang.cache.kernel_cache:WARNING] (kernel_cache.py:342): Found kernel 'kernel' in memory cache. For better performance, consider using `@tilelang.jit` instead of direct kernel caching.
{"case": {"B": 2, "SEQ_LEN": 96, "H": 1, "HQ": 16, "D": 32, "S": 1, "block_size": 16, "is_causal": true}, "seed": 384, "status": "PASS", "call_event_ms": {"baseline": [0.011392000317573547, 0.010188800096511842, 0.010675200074911118, 0.010444799810647965], "candidate": [0.010572800040245056, 0.010470400005578995, 0.010316800326108932, 0.010521599650382995]}, "median_ms": {"baseline": 0.010559999942779542, "candidate": 0.010495999827980995}, "baseline_over_candidate": 1.0060975720129044}
{"case": {"B": 4, "SEQ_LEN": 96, "H": 1, "HQ": 16, "D": 32, "S": 1, "block_size": 16, "is_causal": true}, "candidate": "baseline", "phase": "compile_correctness"}
{"case": {"B": 4, "SEQ_LEN": 96, "H": 1, "HQ": 16, "D": 32, "S": 1, "block_size": 16, "is_causal": true}, "candidate": "candidate", "phase": "compile_correctness"}
2026-09-07 11:02:35  [TileLang:tilelang.cache.kernel_cache:WARNING] (kernel_cache.py:342): Found kernel 'kernel' in memory cache. For better performance, consider using `@tilelang.jit` instead of direct kernel caching.
{"case": {"B": 4, "SEQ_LEN": 96, "H": 1, "HQ": 16, "D": 32, "S": 1, "block_size": 16, "is_causal": true}, "seed": 384, "status": "PASS", "call_event_ms": {"baseline": [0.011622399836778641, 0.010496000200510025, 0.01080320030450821, 0.010367999970912933], "candidate": [0.010982400178909302, 0.010931199789047242, 0.010547199845314026, 0.010496000200510025]}, "median_ms": {"baseline": 0.010649600252509116, "candidate": 0.010739199817180634}, "baseline_over_candidate": 0.9916567746017562}
{"case": {"B": 8, "SEQ_LEN": 96, "H": 1, "HQ": 16, "D": 32, "S": 1, "block_size": 16, "is_causal": true}, "candidate": "baseline", "phase": "compile_correctness"}
{"case": {"B": 8, "SEQ_LEN": 96, "H": 1, "HQ": 16, "D": 32, "S": 1, "block_size": 16, "is_causal": true}, "candidate": "candidate", "phase": "compile_correctness"}
2026-09-07 11:02:35  [TileLang:tilelang.cache.kernel_cache:WARNING] (kernel_cache.py:342): Found kernel 'kernel' in memory cache. For better performance, consider using `@tilelang.jit` instead of direct kernel caching.
{"case": {"B": 8, "SEQ_LEN": 96, "H": 1, "HQ": 16, "D": 32, "S": 1, "block_size": 16, "is_causal": true}, "seed": 384, "status": "PASS", "call_event_ms": {"baseline": [0.011699199676513672, 0.010521599650382995, 0.010393600165843963, 0.010393600165843963], "candidate": [0.01080320030450821, 0.010521599650382995, 0.010623999685049058, 0.010393600165843963]}, "median_ms": {"baseline": 0.010457599908113478, "candidate": 0.010572799667716026}, "baseline_over_candidate": 0.989104138617673}
{"case": {"B": 1, "SEQ_LEN": 4096, "H": 1, "HQ": 16, "D": 64, "S": 1, "block_size": 16, "is_causal": true}, "candidate": "baseline", "phase": "compile_correctness"}
{"case": {"B": 1, "SEQ_LEN": 4096, "H": 1, "HQ": 16, "D": 64, "S": 1, "block_size": 16, "is_causal": true}, "candidate": "candidate", "phase": "compile_correctness"}
2026-09-07 11:02:35  [TileLang:tilelang.cache.kernel_cache:WARNING] (kernel_cache.py:342): Found kernel 'kernel' in memory cache. For better performance, consider using `@tilelang.jit` instead of direct kernel caching.
{"case": {"B": 1, "SEQ_LEN": 4096, "H": 1, "HQ": 16, "D": 64, "S": 1, "block_size": 16, "is_causal": true}, "seed": 384, "status": "PASS", "call_event_ms": {"baseline": [0.029849600791931153, 0.029209598898887634, 0.029337599873542786, 0.029465600848197937], "candidate": [0.029747200012207032, 0.029465600848197937, 0.029542401432991028, 0.029542401432991028]}, "median_ms": {"baseline": 0.02940160036087036, "candidate": 0.029542401432991028}, "baseline_over_candidate": 0.9952339327444305}
{"case": {"B": 1, "SEQ_LEN": 4096, "H": 1, "HQ": 16, "D": 128, "S": 1, "block_size": 16, "is_causal": true}, "candidate": "baseline", "phase": "compile_correctness"}
{"case": {"B": 1, "SEQ_LEN": 4096, "H": 1, "HQ": 16, "D": 128, "S": 1, "block_size": 16, "is_causal": true}, "candidate": "candidate", "phase": "compile_correctness"}
{"case": {"B": 1, "SEQ_LEN": 4096, "H": 1, "HQ": 16, "D": 128, "S": 1, "block_size": 16, "is_causal": true}, "seed": 384, "status": "PASS", "call_event_ms": {"baseline": [0.057548797130584715, 0.056883198022842404, 0.05736960172653198, 0.057011198997497556], "candidate": [0.048844799399375916, 0.04907520115375519, 0.0494592010974884, 0.04935680031776428]}, "median_ms": {"baseline": 0.05719040036201477, "candidate": 0.049216000735759734}, "baseline_over_candidate": 1.1620285985663386}
{"case": {"B": 2, "SEQ_LEN": 4096, "H": 1, "HQ": 16, "D": 64, "S": 1, "block_size": 16, "is_causal": true}, "candidate": "baseline", "phase": "compile_correctness"}
{"case": {"B": 2, "SEQ_LEN": 4096, "H": 1, "HQ": 16, "D": 64, "S": 1, "block_size": 16, "is_causal": true}, "candidate": "candidate", "phase": "compile_correctness"}
2026-09-07 11:02:36  [TileLang:tilelang.cache.kernel_cache:WARNING] (kernel_cache.py:342): Found kernel 'kernel' in memory cache. For better performance, consider using `@tilelang.jit` instead of direct kernel caching.
{"case": {"B": 2, "SEQ_LEN": 4096, "H": 1, "HQ": 16, "D": 64, "S": 1, "block_size": 16, "is_causal": true}, "seed": 384, "status": "PASS", "call_event_ms": {"baseline": [0.04991999864578247, 0.04938240051269531, 0.04991999864578247, 0.04948480129241943], "candidate": [0.048691201210021975, 0.04907520115375519, 0.0494592010974884, 0.04897280037403107]}, "median_ms": {"baseline": 0.04970239996910095, "candidate": 0.04902400076389313}, "baseline_over_candidate": 1.0138381036765052}
{"case": {"B": 4, "SEQ_LEN": 4096, "H": 1, "HQ": 16, "D": 64, "S": 1, "block_size": 16, "is_causal": true}, "candidate": "baseline", "phase": "compile_correctness"}
{"case": {"B": 4, "SEQ_LEN": 4096, "H": 1, "HQ": 16, "D": 64, "S": 1, "block_size": 16, "is_causal": true}, "candidate": "candidate", "phase": "compile_correctness"}
2026-09-07 11:02:36  [TileLang:tilelang.cache.kernel_cache:WARNING] (kernel_cache.py:342): Found kernel 'kernel' in memory cache. For better performance, consider using `@tilelang.jit` instead of direct kernel caching.
{"case": {"B": 4, "SEQ_LEN": 4096, "H": 1, "HQ": 16, "D": 64, "S": 1, "block_size": 16, "is_causal": true}, "seed": 384, "status": "PASS", "call_event_ms": {"baseline": [0.08985599875450134, 0.08944640159606934, 0.08870400190353393, 0.0899071991443634], "candidate": [0.08865280151367187, 0.08895999789237977, 0.08819199800491333, 0.08888319730758668]}, "median_ms": {"baseline": 0.08965120017528534, "candidate": 0.08876799941062927}, "baseline_over_candidate": 1.0099495400428087}
{"case": {"B": 8, "SEQ_LEN": 4096, "H": 1, "HQ": 16, "D": 64, "S": 1, "block_size": 16, "is_causal": true}, "candidate": "baseline", "phase": "compile_correctness"}
{"case": {"B": 8, "SEQ_LEN": 4096, "H": 1, "HQ": 16, "D": 64, "S": 1, "block_size": 16, "is_causal": true}, "candidate": "candidate", "phase": "compile_correctness"}
2026-09-07 11:02:37  [TileLang:tilelang.cache.kernel_cache:WARNING] (kernel_cache.py:342): Found kernel 'kernel' in memory cache. For better performance, consider using `@tilelang.jit` instead of direct kernel caching.
{"case": {"B": 8, "SEQ_LEN": 4096, "H": 1, "HQ": 16, "D": 64, "S": 1, "block_size": 16, "is_causal": true}, "seed": 384, "status": "PASS", "call_event_ms": {"baseline": [0.1689087986946106, 0.16862720251083374, 0.1679360032081604, 0.1684224009513855], "candidate": [0.1694208025932312, 0.16880639791488647, 0.16903680562973022, 0.1689344048500061]}, "median_ms": {"baseline": 0.16852480173110962, "candidate": 0.16898560523986816}, "baseline_over_candidate": 0.9972731197541681}
{"case": {"B": 1, "SEQ_LEN": 8192, "H": 1, "HQ": 16, "D": 64, "S": 1, "block_size": 16, "is_causal": true}, "candidate": "baseline", "phase": "compile_correctness"}
{"case": {"B": 1, "SEQ_LEN": 8192, "H": 1, "HQ": 16, "D": 64, "S": 1, "block_size": 16, "is_causal": true}, "candidate": "candidate", "phase": "compile_correctness"}
2026-09-07 11:02:37  [TileLang:tilelang.cache.kernel_cache:WARNING] (kernel_cache.py:342): Found kernel 'kernel' in memory cache. For better performance, consider using `@tilelang.jit` instead of direct kernel caching.
{"case": {"B": 1, "SEQ_LEN": 8192, "H": 1, "HQ": 16, "D": 64, "S": 1, "block_size": 16, "is_causal": true}, "seed": 384, "status": "PASS", "call_event_ms": {"baseline": [0.05027840137481689, 0.04999679923057556, 0.0497408002614975, 0.04981760084629059], "candidate": [0.0502016007900238, 0.05015040040016174, 0.04997119903564453, 0.05025280117988586]}, "median_ms": {"baseline": 0.049907200038433075, "candidate": 0.05017600059509277}, "baseline_over_candidate": 0.994642846112251}
{"case": {"B": 1, "SEQ_LEN": 8192, "H": 1, "HQ": 16, "D": 128, "S": 1, "block_size": 16, "is_causal": true}, "candidate": "baseline", "phase": "compile_correctness"}
{"case": {"B": 1, "SEQ_LEN": 8192, "H": 1, "HQ": 16, "D": 128, "S": 1, "block_size": 16, "is_causal": true}, "candidate": "candidate", "phase": "compile_correctness"}
{"case": {"B": 1, "SEQ_LEN": 8192, "H": 1, "HQ": 16, "D": 128, "S": 1, "block_size": 16, "is_causal": true}, "seed": 384, "status": "PASS", "call_event_ms": {"baseline": [0.1028864026069641, 0.10150400400161744, 0.10216959714889526, 0.1013759970664978], "candidate": [0.0936959981918335, 0.09454079866409301, 0.09333760142326356, 0.09318400025367737]}, "median_ms": {"baseline": 0.10183680057525635, "candidate": 0.09351679980754853}, "baseline_over_candidate": 1.0889679799226433}
{"case": {"B": 2, "SEQ_LEN": 8192, "H": 1, "HQ": 16, "D": 64, "S": 1, "block_size": 16, "is_causal": true}, "candidate": "baseline", "phase": "compile_correctness"}
{"case": {"B": 2, "SEQ_LEN": 8192, "H": 1, "HQ": 16, "D": 64, "S": 1, "block_size": 16, "is_causal": true}, "candidate": "candidate", "phase": "compile_correctness"}
2026-09-07 11:02:38  [TileLang:tilelang.cache.kernel_cache:WARNING] (kernel_cache.py:342): Found kernel 'kernel' in memory cache. For better performance, consider using `@tilelang.jit` instead of direct kernel caching.
{"case": {"B": 2, "SEQ_LEN": 8192, "H": 1, "HQ": 16, "D": 64, "S": 1, "block_size": 16, "is_causal": true}, "seed": 384, "status": "PASS", "call_event_ms": {"baseline": [0.08954880237579346, 0.08942080140113831, 0.08883200287818908, 0.08829439878463745], "candidate": [0.09108480215072631, 0.09141759872436524, 0.08954880237579346, 0.08975359797477722]}, "median_ms": {"baseline": 0.08912640213966369, "candidate": 0.09041920006275177}, "baseline_over_candidate": 0.9857021747351131}
{"case": {"B": 4, "SEQ_LEN": 8192, "H": 1, "HQ": 16, "D": 32, "S": 1, "block_size": 16, "is_causal": true}, "candidate": "baseline", "phase": "compile_correctness"}
{"case": {"B": 4, "SEQ_LEN": 8192, "H": 1, "HQ": 16, "D": 32, "S": 1, "block_size": 16, "is_causal": true}, "candidate": "candidate", "phase": "compile_correctness"}
{"case": {"B": 4, "SEQ_LEN": 8192, "H": 1, "HQ": 16, "D": 32, "S": 1, "block_size": 16, "is_causal": true}, "seed": 384, "status": "PASS", "call_event_ms": {"baseline": [0.07495679855346679, 0.07444480061531067, 0.07482879757881164, 0.07439360022544861], "candidate": [0.07106559872627258, 0.07096319794654846, 0.07175679802894593, 0.07086079716682434]}, "median_ms": {"baseline": 0.07463679909706115, "candidate": 0.07101439833641052}, "baseline_over_candidate": 1.051009384653103}
{"case": {"B": 1, "SEQ_LEN": 16384, "H": 1, "HQ": 16, "D": 32, "S": 1, "block_size": 16, "is_causal": true}, "candidate": "baseline", "phase": "compile_correctness"}
{"case": {"B": 1, "SEQ_LEN": 16384, "H": 1, "HQ": 16, "D": 32, "S": 1, "block_size": 16, "is_causal": true}, "candidate": "candidate", "phase": "compile_correctness"}
{"case": {"B": 1, "SEQ_LEN": 16384, "H": 1, "HQ": 16, "D": 32, "S": 1, "block_size": 16, "is_causal": true}, "seed": 384, "status": "PASS", "call_event_ms": {"baseline": [0.04190720021724701, 0.0414463996887207, 0.0414463996887207, 0.04175359904766083], "candidate": [0.03993600010871887, 0.040191999077796935, 0.039654400944709775, 0.039654400944709775]}, "median_ms": {"baseline": 0.04159999936819077, "candidate": 0.03979520052671433}, "baseline_over_candidate": 1.0453521735683902}
{"case": {"B": 1, "SEQ_LEN": 16384, "H": 1, "HQ": 16, "D": 64, "S": 1, "block_size": 16, "is_causal": true}, "candidate": "baseline", "phase": "compile_correctness"}
{"case": {"B": 1, "SEQ_LEN": 16384, "H": 1, "HQ": 16, "D": 64, "S": 1, "block_size": 16, "is_causal": true}, "candidate": "candidate", "phase": "compile_correctness"}
2026-09-07 11:02:40  [TileLang:tilelang.cache.kernel_cache:WARNING] (kernel_cache.py:342): Found kernel 'kernel' in memory cache. For better performance, consider using `@tilelang.jit` instead of direct kernel caching.
{"case": {"B": 1, "SEQ_LEN": 16384, "H": 1, "HQ": 16, "D": 64, "S": 1, "block_size": 16, "is_causal": true}, "seed": 384, "status": "PASS", "call_event_ms": {"baseline": [0.09233919978141784, 0.0932096004486084, 0.09141759872436524, 0.09187840223312378], "candidate": [0.091212797164917, 0.09134079813957215, 0.09123839735984803, 0.09082880020141601]}, "median_ms": {"baseline": 0.09210880100727081, "candidate": 0.09122559726238251}, "baseline_over_candidate": 1.0096815342556547}
{"case": {"B": 2, "SEQ_LEN": 16384, "H": 1, "HQ": 16, "D": 32, "S": 1, "block_size": 16, "is_causal": true}, "candidate": "baseline", "phase": "compile_correctness"}
{"case": {"B": 2, "SEQ_LEN": 16384, "H": 1, "HQ": 16, "D": 32, "S": 1, "block_size": 16, "is_causal": true}, "candidate": "candidate", "phase": "compile_correctness"}
{"case": {"B": 2, "SEQ_LEN": 16384, "H": 1, "HQ": 16, "D": 32, "S": 1, "block_size": 16, "is_causal": true}, "seed": 384, "status": "PASS", "call_event_ms": {"baseline": [0.07536640167236328, 0.07493119835853576, 0.07457280158996582, 0.0748799979686737], "candidate": [0.07247359752655029, 0.07362560033798218, 0.07144960165023803, 0.07167999744415283]}, "median_ms": {"baseline": 0.07490559816360473, "candidate": 0.07207679748535156}, "baseline_over_candidate": 1.039247036174548}
