Loading tilelang libs from dev root: /opt/tilelang-metax-v0.1.10/build
{"case": {"B": 1, "SEQ_LEN": 64, "H": 1, "HQ": 16, "D": 32, "S": 1, "block_size": 16, "is_causal": true}, "candidate": "baseline", "phase": "compile_correctness"}
{"case": {"B": 1, "SEQ_LEN": 64, "H": 1, "HQ": 16, "D": 32, "S": 1, "block_size": 16, "is_causal": true}, "candidate": "candidate", "phase": "compile_correctness"}
2026-09-07 10:22:11  [TileLang:tilelang.cache.kernel_cache:WARNING] (kernel_cache.py:342): Found kernel 'kernel' in memory cache. For better performance, consider using `@tilelang.jit` instead of direct kernel caching.
{"case": {"B": 1, "SEQ_LEN": 64, "H": 1, "HQ": 16, "D": 32, "S": 1, "block_size": 16, "is_causal": true}, "seed": 362, "status": "PASS", "call_event_ms": {"baseline": [0.014182400703430176, 0.011852800101041793, 0.011776000261306763, 0.011750400066375732], "candidate": [0.013516800105571746, 0.012108799815177918, 0.012108799815177918, 0.011724799871444702]}, "median_ms": {"baseline": 0.011814400181174278, "candidate": 0.012108799815177918}, "baseline_over_candidate": 0.9756871334486328}
{"case": {"B": 1, "SEQ_LEN": 64, "H": 1, "HQ": 16, "D": 64, "S": 1, "block_size": 16, "is_causal": true}, "candidate": "baseline", "phase": "compile_correctness"}
{"case": {"B": 1, "SEQ_LEN": 64, "H": 1, "HQ": 16, "D": 64, "S": 1, "block_size": 16, "is_causal": true}, "candidate": "candidate", "phase": "compile_correctness"}
2026-09-07 10:22:12  [TileLang:tilelang.cache.kernel_cache:WARNING] (kernel_cache.py:342): Found kernel 'kernel' in memory cache. For better performance, consider using `@tilelang.jit` instead of direct kernel caching.
{"case": {"B": 1, "SEQ_LEN": 64, "H": 1, "HQ": 16, "D": 64, "S": 1, "block_size": 16, "is_causal": true}, "seed": 362, "status": "PASS", "call_event_ms": {"baseline": [0.013542400300502777, 0.011980800330638886, 0.011801599711179733, 0.014387199282646179], "candidate": [0.01231359988451004, 0.012211199849843979, 0.011852800101041793, 0.011724799871444702]}, "median_ms": {"baseline": 0.012761600315570831, "candidate": 0.012031999975442886}, "baseline_over_candidate": 1.0606383262647148}
{"case": {"B": 1, "SEQ_LEN": 64, "H": 1, "HQ": 16, "D": 128, "S": 1, "block_size": 16, "is_causal": true}, "candidate": "baseline", "phase": "compile_correctness"}
{"case": {"B": 1, "SEQ_LEN": 64, "H": 1, "HQ": 16, "D": 128, "S": 1, "block_size": 16, "is_causal": true}, "candidate": "candidate", "phase": "compile_correctness"}
{"case": {"B": 1, "SEQ_LEN": 64, "H": 1, "HQ": 16, "D": 128, "S": 1, "block_size": 16, "is_causal": true}, "seed": 362, "status": "PASS", "call_event_ms": {"baseline": [0.013977600634098053, 0.012006399780511856, 0.011852800101041793, 0.011903999745845795], "candidate": [0.01223680004477501, 0.011827199906110763, 0.011827199906110763, 0.011750400066375732]}, "median_ms": {"baseline": 0.011955199763178825, "candidate": 0.011827199906110763}, "baseline_over_candidate": 1.0108224988234054}
{"case": {"B": 1, "SEQ_LEN": 128, "H": 1, "HQ": 16, "D": 32, "S": 1, "block_size": 16, "is_causal": true}, "candidate": "baseline", "phase": "compile_correctness"}
{"case": {"B": 1, "SEQ_LEN": 128, "H": 1, "HQ": 16, "D": 32, "S": 1, "block_size": 16, "is_causal": true}, "candidate": "candidate", "phase": "compile_correctness"}
2026-09-07 10:22:12  [TileLang:tilelang.cache.kernel_cache:WARNING] (kernel_cache.py:342): Found kernel 'kernel' in memory cache. For better performance, consider using `@tilelang.jit` instead of direct kernel caching.
{"case": {"B": 1, "SEQ_LEN": 128, "H": 1, "HQ": 16, "D": 32, "S": 1, "block_size": 16, "is_causal": true}, "seed": 362, "status": "PASS", "call_event_ms": {"baseline": [0.011212799698114395, 0.010470400005578995, 0.010367999970912933, 0.010470400005578995], "candidate": [0.01085439994931221, 0.010547199845314026, 0.010470400005578995, 0.010342399775981902]}, "median_ms": {"baseline": 0.010470400005578995, "candidate": 0.01050879992544651}, "baseline_over_candidate": 0.9963459272095825}
{"case": {"B": 1, "SEQ_LEN": 128, "H": 1, "HQ": 16, "D": 64, "S": 1, "block_size": 16, "is_causal": true}, "candidate": "baseline", "phase": "compile_correctness"}
{"case": {"B": 1, "SEQ_LEN": 128, "H": 1, "HQ": 16, "D": 64, "S": 1, "block_size": 16, "is_causal": true}, "candidate": "candidate", "phase": "compile_correctness"}
2026-09-07 10:22:12  [TileLang:tilelang.cache.kernel_cache:WARNING] (kernel_cache.py:342): Found kernel 'kernel' in memory cache. For better performance, consider using `@tilelang.jit` instead of direct kernel caching.
{"case": {"B": 1, "SEQ_LEN": 128, "H": 1, "HQ": 16, "D": 64, "S": 1, "block_size": 16, "is_causal": true}, "seed": 362, "status": "PASS", "call_event_ms": {"baseline": [0.011238399893045425, 0.010419200360774993, 0.010419200360774993, 0.010419200360774993], "candidate": [0.010777600109577179, 0.010598400235176086, 0.010496000200510025, 0.010393600165843963]}, "median_ms": {"baseline": 0.010419200360774993, "candidate": 0.010547200217843056}, "baseline_over_candidate": 0.9878640914722069}
{"case": {"B": 1, "SEQ_LEN": 128, "H": 1, "HQ": 16, "D": 128, "S": 1, "block_size": 16, "is_causal": true}, "candidate": "baseline", "phase": "compile_correctness"}
{"case": {"B": 1, "SEQ_LEN": 128, "H": 1, "HQ": 16, "D": 128, "S": 1, "block_size": 16, "is_causal": true}, "candidate": "candidate", "phase": "compile_correctness"}
{"case": {"B": 1, "SEQ_LEN": 128, "H": 1, "HQ": 16, "D": 128, "S": 1, "block_size": 16, "is_causal": true}, "seed": 362, "status": "PASS", "call_event_ms": {"baseline": [0.011955200135707856, 0.011340799927711486, 0.011315199732780456, 0.011443199962377549], "candidate": [0.010675200074911118, 0.010291200131177902, 0.010751999914646149, 0.010521599650382995]}, "median_ms": {"baseline": 0.011391999945044518, "candidate": 0.010598399862647056}, "baseline_over_candidate": 1.0748792357980776}
{"case": {"B": 1, "SEQ_LEN": 256, "H": 1, "HQ": 16, "D": 32, "S": 1, "block_size": 16, "is_causal": true}, "candidate": "baseline", "phase": "compile_correctness"}
{"case": {"B": 1, "SEQ_LEN": 256, "H": 1, "HQ": 16, "D": 32, "S": 1, "block_size": 16, "is_causal": true}, "candidate": "candidate", "phase": "compile_correctness"}
2026-09-07 10:22:13  [TileLang:tilelang.cache.kernel_cache:WARNING] (kernel_cache.py:342): Found kernel 'kernel' in memory cache. For better performance, consider using `@tilelang.jit` instead of direct kernel caching.
{"case": {"B": 1, "SEQ_LEN": 256, "H": 1, "HQ": 16, "D": 32, "S": 1, "block_size": 16, "is_causal": true}, "seed": 362, "status": "PASS", "call_event_ms": {"baseline": [0.013132800161838532, 0.011827199906110763, 0.011801599711179733, 0.014412799477577209], "candidate": [0.012748800218105316, 0.011929599940776825, 0.011929599940776825, 0.011852800101041793]}, "median_ms": {"baseline": 0.012480000033974648, "candidate": 0.011929599940776825}, "baseline_over_candidate": 1.0461373470971551}
{"case": {"B": 1, "SEQ_LEN": 256, "H": 1, "HQ": 16, "D": 64, "S": 1, "block_size": 16, "is_causal": true}, "candidate": "baseline", "phase": "compile_correctness"}
{"case": {"B": 1, "SEQ_LEN": 256, "H": 1, "HQ": 16, "D": 64, "S": 1, "block_size": 16, "is_causal": true}, "candidate": "candidate", "phase": "compile_correctness"}
2026-09-07 10:22:13  [TileLang:tilelang.cache.kernel_cache:WARNING] (kernel_cache.py:342): Found kernel 'kernel' in memory cache. For better performance, consider using `@tilelang.jit` instead of direct kernel caching.
{"case": {"B": 1, "SEQ_LEN": 256, "H": 1, "HQ": 16, "D": 64, "S": 1, "block_size": 16, "is_causal": true}, "seed": 362, "status": "PASS", "call_event_ms": {"baseline": [0.013414399325847625, 0.011776000261306763, 0.011648000031709672, 0.011596799641847611], "candidate": [0.01228799968957901, 0.011750400066375732, 0.011699199676513672, 0.011622399836778641]}, "median_ms": {"baseline": 0.011712000146508217, "candidate": 0.011724799871444702}, "baseline_over_candidate": 0.9989083203912369}
{"case": {"B": 1, "SEQ_LEN": 256, "H": 1, "HQ": 16, "D": 128, "S": 1, "block_size": 16, "is_causal": true}, "candidate": "baseline", "phase": "compile_correctness"}
{"case": {"B": 1, "SEQ_LEN": 256, "H": 1, "HQ": 16, "D": 128, "S": 1, "block_size": 16, "is_causal": true}, "candidate": "candidate", "phase": "compile_correctness"}
{"case": {"B": 1, "SEQ_LEN": 256, "H": 1, "HQ": 16, "D": 128, "S": 1, "block_size": 16, "is_causal": true}, "seed": 362, "status": "PASS", "call_event_ms": {"baseline": [0.012057600170373916, 0.01157120019197464, 0.01154559999704361, 0.011596799641847611], "candidate": [0.010649599879980088, 0.010265599936246872, 0.010598400235176086, 0.010444799810647965]}, "median_ms": {"baseline": 0.011583999916911124, "candidate": 0.010521600022912025}, "baseline_over_candidate": 1.1009732257152522}
{"case": {"B": 1, "SEQ_LEN": 512, "H": 1, "HQ": 16, "D": 32, "S": 1, "block_size": 16, "is_causal": true}, "candidate": "baseline", "phase": "compile_correctness"}
{"case": {"B": 1, "SEQ_LEN": 512, "H": 1, "HQ": 16, "D": 32, "S": 1, "block_size": 16, "is_causal": true}, "candidate": "candidate", "phase": "compile_correctness"}
2026-09-07 10:22:13  [TileLang:tilelang.cache.kernel_cache:WARNING] (kernel_cache.py:342): Found kernel 'kernel' in memory cache. For better performance, consider using `@tilelang.jit` instead of direct kernel caching.
{"case": {"B": 1, "SEQ_LEN": 512, "H": 1, "HQ": 16, "D": 32, "S": 1, "block_size": 16, "is_causal": true}, "seed": 362, "status": "PASS", "call_event_ms": {"baseline": [0.01154559999704361, 0.010572800040245056, 0.010572800040245056, 0.010547199845314026], "candidate": [0.010931199789047242, 0.010572800040245056, 0.010623999685049058, 0.010444799810647965]}, "median_ms": {"baseline": 0.010572800040245056, "candidate": 0.010598399862647056}, "baseline_over_candidate": 0.997584557788556}
{"case": {"B": 1, "SEQ_LEN": 512, "H": 1, "HQ": 16, "D": 64, "S": 1, "block_size": 16, "is_causal": true}, "candidate": "baseline", "phase": "compile_correctness"}
{"case": {"B": 1, "SEQ_LEN": 512, "H": 1, "HQ": 16, "D": 64, "S": 1, "block_size": 16, "is_causal": true}, "candidate": "candidate", "phase": "compile_correctness"}
2026-09-07 10:22:13  [TileLang:tilelang.cache.kernel_cache:WARNING] (kernel_cache.py:342): Found kernel 'kernel' in memory cache. For better performance, consider using `@tilelang.jit` instead of direct kernel caching.
{"case": {"B": 1, "SEQ_LEN": 512, "H": 1, "HQ": 16, "D": 64, "S": 1, "block_size": 16, "is_causal": true}, "seed": 362, "status": "PASS", "call_event_ms": {"baseline": [0.013107199966907502, 0.011929599940776825, 0.011776000261306763, 0.011724799871444702], "candidate": [0.01233920007944107, 0.012006399780511856, 0.011903999745845795, 0.012467200309038163]}, "median_ms": {"baseline": 0.011852800101041793, "candidate": 0.012172799929976462}, "baseline_over_candidate": 0.9737118961310911}
{"case": {"B": 1, "SEQ_LEN": 512, "H": 1, "HQ": 16, "D": 128, "S": 1, "block_size": 16, "is_causal": true}, "candidate": "baseline", "phase": "compile_correctness"}
{"case": {"B": 1, "SEQ_LEN": 512, "H": 1, "HQ": 16, "D": 128, "S": 1, "block_size": 16, "is_causal": true}, "candidate": "candidate", "phase": "compile_correctness"}
{"case": {"B": 1, "SEQ_LEN": 512, "H": 1, "HQ": 16, "D": 128, "S": 1, "block_size": 16, "is_causal": true}, "seed": 362, "status": "PASS", "call_event_ms": {"baseline": [0.014207999408245086, 0.012928000092506409, 0.013081599771976472, 0.01295360028743744], "candidate": [0.012415999919176102, 0.012083200365304947, 0.011903999745845795, 0.011955200135707856]}, "median_ms": {"baseline": 0.013017600029706956, "candidate": 0.012019200250506401}, "baseline_over_candidate": 1.083067072549897}
{"case": {"B": 1, "SEQ_LEN": 1024, "H": 1, "HQ": 16, "D": 32, "S": 1, "block_size": 16, "is_causal": true}, "candidate": "baseline", "phase": "compile_correctness"}
{"case": {"B": 1, "SEQ_LEN": 1024, "H": 1, "HQ": 16, "D": 32, "S": 1, "block_size": 16, "is_causal": true}, "candidate": "candidate", "phase": "compile_correctness"}
2026-09-07 10:22:14  [TileLang:tilelang.cache.kernel_cache:WARNING] (kernel_cache.py:342): Found kernel 'kernel' in memory cache. For better performance, consider using `@tilelang.jit` instead of direct kernel caching.
{"case": {"B": 1, "SEQ_LEN": 1024, "H": 1, "HQ": 16, "D": 32, "S": 1, "block_size": 16, "is_causal": true}, "seed": 362, "status": "PASS", "call_event_ms": {"baseline": [0.013670399785041809, 0.011929599940776825, 0.011724799871444702, 0.011750400066375732], "candidate": [0.01226240023970604, 0.012134400010108948, 0.011878400295972823, 0.011801599711179733]}, "median_ms": {"baseline": 0.011840000003576278, "candidate": 0.012006400153040886}, "baseline_over_candidate": 0.9861407126746093}
{"case": {"B": 1, "SEQ_LEN": 1024, "H": 1, "HQ": 16, "D": 64, "S": 1, "block_size": 16, "is_causal": true}, "candidate": "baseline", "phase": "compile_correctness"}
{"case": {"B": 1, "SEQ_LEN": 1024, "H": 1, "HQ": 16, "D": 64, "S": 1, "block_size": 16, "is_causal": true}, "candidate": "candidate", "phase": "compile_correctness"}
2026-09-07 10:22:14  [TileLang:tilelang.cache.kernel_cache:WARNING] (kernel_cache.py:342): Found kernel 'kernel' in memory cache. For better performance, consider using `@tilelang.jit` instead of direct kernel caching.
{"case": {"B": 1, "SEQ_LEN": 1024, "H": 1, "HQ": 16, "D": 64, "S": 1, "block_size": 16, "is_causal": true}, "seed": 362, "status": "PASS", "call_event_ms": {"baseline": [0.013439999520778656, 0.011929599940776825, 0.011776000261306763, 0.012646399438381195], "candidate": [0.01231359988451004, 0.011929599940776825, 0.011903999745845795, 0.011750400066375732]}, "median_ms": {"baseline": 0.01228799968957901, "candidate": 0.01191679984331131}, "baseline_over_candidate": 1.0311492893350933}
{"case": {"B": 1, "SEQ_LEN": 1024, "H": 1, "HQ": 16, "D": 128, "S": 1, "block_size": 16, "is_causal": true}, "candidate": "baseline", "phase": "compile_correctness"}
{"case": {"B": 1, "SEQ_LEN": 1024, "H": 1, "HQ": 16, "D": 128, "S": 1, "block_size": 16, "is_causal": true}, "candidate": "candidate", "phase": "compile_correctness"}
{"case": {"B": 1, "SEQ_LEN": 1024, "H": 1, "HQ": 16, "D": 128, "S": 1, "block_size": 16, "is_causal": true}, "seed": 362, "status": "PASS", "call_event_ms": {"baseline": [0.01932799965143204, 0.01809920072555542, 0.01809920072555542, 0.01807360053062439], "candidate": [0.015539200603961944, 0.01520639955997467, 0.01515520066022873, 0.01528320014476776]}, "median_ms": {"baseline": 0.01809920072555542, "candidate": 0.015244799852371215}, "baseline_over_candidate": 1.1872376745399005}
{"case": {"B": 2, "SEQ_LEN": 64, "H": 1, "HQ": 16, "D": 64, "S": 1, "block_size": 16, "is_causal": true}, "candidate": "baseline", "phase": "compile_correctness"}
{"case": {"B": 2, "SEQ_LEN": 64, "H": 1, "HQ": 16, "D": 64, "S": 1, "block_size": 16, "is_causal": true}, "candidate": "candidate", "phase": "compile_correctness"}
2026-09-07 10:22:15  [TileLang:tilelang.cache.kernel_cache:WARNING] (kernel_cache.py:342): Found kernel 'kernel' in memory cache. For better performance, consider using `@tilelang.jit` instead of direct kernel caching.
{"case": {"B": 2, "SEQ_LEN": 64, "H": 1, "HQ": 16, "D": 64, "S": 1, "block_size": 16, "is_causal": true}, "seed": 362, "status": "PASS", "call_event_ms": {"baseline": [0.011443199962377549, 0.01080320030450821, 0.010700800269842149, 0.010598400235176086], "candidate": [0.010649599879980088, 0.010521599650382995, 0.010316800326108932, 0.010419200360774993]}, "median_ms": {"baseline": 0.010752000287175179, "candidate": 0.010470400005578993}, "baseline_over_candidate": 1.026894892405843}
{"case": {"B": 2, "SEQ_LEN": 64, "H": 1, "HQ": 16, "D": 128, "S": 1, "block_size": 16, "is_causal": true}, "candidate": "baseline", "phase": "compile_correctness"}
{"case": {"B": 2, "SEQ_LEN": 64, "H": 1, "HQ": 16, "D": 128, "S": 1, "block_size": 16, "is_causal": true}, "candidate": "candidate", "phase": "compile_correctness"}
{"case": {"B": 2, "SEQ_LEN": 64, "H": 1, "HQ": 16, "D": 128, "S": 1, "block_size": 16, "is_causal": true}, "seed": 362, "status": "PASS", "call_event_ms": {"baseline": [0.012057600170373916, 0.011417599767446518, 0.011417599767446518, 0.011417599767446518], "candidate": [0.01090560033917427, 0.010316800326108932, 0.010342399775981902, 0.010316800326108932]}, "median_ms": {"baseline": 0.011417599767446518, "candidate": 0.010329600051045417}, "baseline_over_candidate": 1.10532834872837}
{"case": {"B": 2, "SEQ_LEN": 128, "H": 1, "HQ": 16, "D": 32, "S": 1, "block_size": 16, "is_causal": true}, "candidate": "baseline", "phase": "compile_correctness"}
{"case": {"B": 2, "SEQ_LEN": 128, "H": 1, "HQ": 16, "D": 32, "S": 1, "block_size": 16, "is_causal": true}, "candidate": "candidate", "phase": "compile_correctness"}
2026-09-07 10:22:15  [TileLang:tilelang.cache.kernel_cache:WARNING] (kernel_cache.py:342): Found kernel 'kernel' in memory cache. For better performance, consider using `@tilelang.jit` instead of direct kernel caching.
{"case": {"B": 2, "SEQ_LEN": 128, "H": 1, "HQ": 16, "D": 32, "S": 1, "block_size": 16, "is_causal": true}, "seed": 362, "status": "PASS", "call_event_ms": {"baseline": [0.011392000317573547, 0.010700800269842149, 0.010470400005578995, 0.010547199845314026], "candidate": [0.01080320030450821, 0.010598400235176086, 0.010496000200510025, 0.010598400235176086]}, "median_ms": {"baseline": 0.010624000057578086, "candidate": 0.010598400235176086}, "baseline_over_candidate": 1.0024154421265423}
{"case": {"B": 2, "SEQ_LEN": 128, "H": 1, "HQ": 16, "D": 64, "S": 1, "block_size": 16, "is_causal": true}, "candidate": "baseline", "phase": "compile_correctness"}
{"case": {"B": 2, "SEQ_LEN": 128, "H": 1, "HQ": 16, "D": 64, "S": 1, "block_size": 16, "is_causal": true}, "candidate": "candidate", "phase": "compile_correctness"}
2026-09-07 10:22:15  [TileLang:tilelang.cache.kernel_cache:WARNING] (kernel_cache.py:342): Found kernel 'kernel' in memory cache. For better performance, consider using `@tilelang.jit` instead of direct kernel caching.
{"case": {"B": 2, "SEQ_LEN": 128, "H": 1, "HQ": 16, "D": 64, "S": 1, "block_size": 16, "is_causal": true}, "seed": 362, "status": "PASS", "call_event_ms": {"baseline": [0.011187200248241425, 0.010342399775981902, 0.010265599936246872, 0.010188800096511842], "candidate": [0.01088000014424324, 0.010547199845314026, 0.010419200360774993, 0.010367999970912933]}, "median_ms": {"baseline": 0.010303999856114387, "candidate": 0.010483200103044508}, "baseline_over_candidate": 0.9829059595191665}
{"case": {"B": 2, "SEQ_LEN": 128, "H": 1, "HQ": 16, "D": 128, "S": 1, "block_size": 16, "is_causal": true}, "candidate": "baseline", "phase": "compile_correctness"}
{"case": {"B": 2, "SEQ_LEN": 128, "H": 1, "HQ": 16, "D": 128, "S": 1, "block_size": 16, "is_causal": true}, "candidate": "candidate", "phase": "compile_correctness"}
{"case": {"B": 2, "SEQ_LEN": 128, "H": 1, "HQ": 16, "D": 128, "S": 1, "block_size": 16, "is_causal": true}, "seed": 362, "status": "PASS", "call_event_ms": {"baseline": [0.012211199849843979, 0.011673600226640702, 0.011622399836778641, 0.011622399836778641], "candidate": [0.011212799698114395, 0.010521599650382995, 0.010572800040245056, 0.010470400005578995]}, "median_ms": {"baseline": 0.011648000031709672, "candidate": 0.010547199845314026}, "baseline_over_candidate": 1.1043689512420414}
{"case": {"B": 2, "SEQ_LEN": 256, "H": 1, "HQ": 16, "D": 32, "S": 1, "block_size": 16, "is_causal": true}, "candidate": "baseline", "phase": "compile_correctness"}
{"case": {"B": 2, "SEQ_LEN": 256, "H": 1, "HQ": 16, "D": 32, "S": 1, "block_size": 16, "is_causal": true}, "candidate": "candidate", "phase": "compile_correctness"}
2026-09-07 10:22:16  [TileLang:tilelang.cache.kernel_cache:WARNING] (kernel_cache.py:342): Found kernel 'kernel' in memory cache. For better performance, consider using `@tilelang.jit` instead of direct kernel caching.
{"case": {"B": 2, "SEQ_LEN": 256, "H": 1, "HQ": 16, "D": 32, "S": 1, "block_size": 16, "is_causal": true}, "seed": 362, "status": "PASS", "call_event_ms": {"baseline": [0.011135999858379365, 0.010419200360774993, 0.010393600165843963, 0.010316800326108932], "candidate": [0.010444799810647965, 0.010316800326108932, 0.010444799810647965, 0.010393600165843963]}, "median_ms": {"baseline": 0.010406400263309478, "candidate": 0.010419199988245965}, "baseline_over_candidate": 0.9987715251697898}
{"case": {"B": 2, "SEQ_LEN": 256, "H": 1, "HQ": 16, "D": 64, "S": 1, "block_size": 16, "is_causal": true}, "candidate": "baseline", "phase": "compile_correctness"}
{"case": {"B": 2, "SEQ_LEN": 256, "H": 1, "HQ": 16, "D": 64, "S": 1, "block_size": 16, "is_causal": true}, "candidate": "candidate", "phase": "compile_correctness"}
2026-09-07 10:22:16  [TileLang:tilelang.cache.kernel_cache:WARNING] (kernel_cache.py:342): Found kernel 'kernel' in memory cache. For better performance, consider using `@tilelang.jit` instead of direct kernel caching.
{"case": {"B": 2, "SEQ_LEN": 256, "H": 1, "HQ": 16, "D": 64, "S": 1, "block_size": 16, "is_causal": true}, "seed": 362, "status": "PASS", "call_event_ms": {"baseline": [0.011392000317573547, 0.010367999970912933, 0.010316800326108932, 0.010342399775981902], "candidate": [0.01090560033917427, 0.010623999685049058, 0.010623999685049058, 0.010598400235176086]}, "median_ms": {"baseline": 0.010355199873447418, "candidate": 0.010623999685049058}, "baseline_over_candidate": 0.9746988121639427}
{"case": {"B": 2, "SEQ_LEN": 256, "H": 1, "HQ": 16, "D": 128, "S": 1, "block_size": 16, "is_causal": true}, "candidate": "baseline", "phase": "compile_correctness"}
{"case": {"B": 2, "SEQ_LEN": 256, "H": 1, "HQ": 16, "D": 128, "S": 1, "block_size": 16, "is_causal": true}, "candidate": "candidate", "phase": "compile_correctness"}
{"case": {"B": 2, "SEQ_LEN": 256, "H": 1, "HQ": 16, "D": 128, "S": 1, "block_size": 16, "is_causal": true}, "seed": 362, "status": "PASS", "call_event_ms": {"baseline": [0.013798399269580841, 0.013260799646377563, 0.013158400356769562, 0.013209599256515502], "candidate": [0.011212799698114395, 0.01090560033917427, 0.01085439994931221, 0.010828799754381179]}, "median_ms": {"baseline": 0.013235199451446533, "candidate": 0.01088000014424324}, "baseline_over_candidate": 1.2164705216892355}
{"case": {"B": 2, "SEQ_LEN": 512, "H": 1, "HQ": 16, "D": 32, "S": 1, "block_size": 16, "is_causal": true}, "candidate": "baseline", "phase": "compile_correctness"}
{"case": {"B": 2, "SEQ_LEN": 512, "H": 1, "HQ": 16, "D": 32, "S": 1, "block_size": 16, "is_causal": true}, "candidate": "candidate", "phase": "compile_correctness"}
2026-09-07 10:22:16  [TileLang:tilelang.cache.kernel_cache:WARNING] (kernel_cache.py:342): Found kernel 'kernel' in memory cache. For better performance, consider using `@tilelang.jit` instead of direct kernel caching.
{"case": {"B": 2, "SEQ_LEN": 512, "H": 1, "HQ": 16, "D": 32, "S": 1, "block_size": 16, "is_causal": true}, "seed": 362, "status": "PASS", "call_event_ms": {"baseline": [0.011673600226640702, 0.010496000200510025, 0.010547199845314026, 0.013132800161838532], "candidate": [0.010828799754381179, 0.010496000200510025, 0.010700800269842149, 0.010496000200510025]}, "median_ms": {"baseline": 0.011110400035977363, "candidate": 0.010598400235176088}, "baseline_over_candidate": 1.0483091588768225}
{"case": {"B": 2, "SEQ_LEN": 512, "H": 1, "HQ": 16, "D": 64, "S": 1, "block_size": 16, "is_causal": true}, "candidate": "baseline", "phase": "compile_correctness"}
{"case": {"B": 2, "SEQ_LEN": 512, "H": 1, "HQ": 16, "D": 64, "S": 1, "block_size": 16, "is_causal": true}, "candidate": "candidate", "phase": "compile_correctness"}
2026-09-07 10:22:16  [TileLang:tilelang.cache.kernel_cache:WARNING] (kernel_cache.py:342): Found kernel 'kernel' in memory cache. For better performance, consider using `@tilelang.jit` instead of direct kernel caching.
{"case": {"B": 2, "SEQ_LEN": 512, "H": 1, "HQ": 16, "D": 64, "S": 1, "block_size": 16, "is_causal": true}, "seed": 362, "status": "PASS", "call_event_ms": {"baseline": [0.011776000261306763, 0.01085439994931221, 0.010649599879980088, 0.010649599879980088], "candidate": [0.011161600053310395, 0.010751999914646149, 0.010777600109577179, 0.010700800269842149]}, "median_ms": {"baseline": 0.010751999914646149, "candidate": 0.010764800012111664}, "baseline_over_candidate": 0.9988109303051507}
{"case": {"B": 2, "SEQ_LEN": 512, "H": 1, "HQ": 16, "D": 128, "S": 1, "block_size": 16, "is_causal": true}, "candidate": "baseline", "phase": "compile_correctness"}
{"case": {"B": 2, "SEQ_LEN": 512, "H": 1, "HQ": 16, "D": 128, "S": 1, "block_size": 16, "is_causal": true}, "candidate": "candidate", "phase": "compile_correctness"}
{"case": {"B": 2, "SEQ_LEN": 512, "H": 1, "HQ": 16, "D": 128, "S": 1, "block_size": 16, "is_causal": true}, "seed": 362, "status": "PASS", "call_event_ms": {"baseline": [0.019174399971961974, 0.018508799374103546, 0.018713599443435668, 0.018611200153827667], "candidate": [0.015564799308776855, 0.0152319997549057, 0.015334400534629821, 0.015360000729560851]}, "median_ms": {"baseline": 0.018662399798631667, "candidate": 0.015347200632095336}, "baseline_over_candidate": 1.2160132812496967}
{"case": {"B": 2, "SEQ_LEN": 1024, "H": 1, "HQ": 16, "D": 32, "S": 1, "block_size": 16, "is_causal": true}, "candidate": "baseline", "phase": "compile_correctness"}
{"case": {"B": 2, "SEQ_LEN": 1024, "H": 1, "HQ": 16, "D": 32, "S": 1, "block_size": 16, "is_causal": true}, "candidate": "candidate", "phase": "compile_correctness"}
2026-09-07 10:22:17  [TileLang:tilelang.cache.kernel_cache:WARNING] (kernel_cache.py:342): Found kernel 'kernel' in memory cache. For better performance, consider using `@tilelang.jit` instead of direct kernel caching.
{"case": {"B": 2, "SEQ_LEN": 1024, "H": 1, "HQ": 16, "D": 32, "S": 1, "block_size": 16, "is_causal": true}, "seed": 362, "status": "PASS", "call_event_ms": {"baseline": [0.011673600226640702, 0.010547199845314026, 0.010496000200510025, 0.010547199845314026], "candidate": [0.010751999914646149, 0.010828799754381179, 0.010623999685049058, 0.010470400005578995]}, "median_ms": {"baseline": 0.010547199845314026, "candidate": 0.010687999799847603}, "baseline_over_candidate": 0.9868263513126576}
{"case": {"B": 2, "SEQ_LEN": 1024, "H": 1, "HQ": 16, "D": 64, "S": 1, "block_size": 16, "is_causal": true}, "candidate": "baseline", "phase": "compile_correctness"}
{"case": {"B": 2, "SEQ_LEN": 1024, "H": 1, "HQ": 16, "D": 64, "S": 1, "block_size": 16, "is_causal": true}, "candidate": "candidate", "phase": "compile_correctness"}
2026-09-07 10:22:17  [TileLang:tilelang.cache.kernel_cache:WARNING] (kernel_cache.py:342): Found kernel 'kernel' in memory cache. For better performance, consider using `@tilelang.jit` instead of direct kernel caching.
{"case": {"B": 2, "SEQ_LEN": 1024, "H": 1, "HQ": 16, "D": 64, "S": 1, "block_size": 16, "is_causal": true}, "seed": 362, "status": "PASS", "call_event_ms": {"baseline": [0.018508799374103546, 0.01791999936103821, 0.018406400084495546, 0.01809920072555542], "candidate": [0.018406400084495546, 0.01815039962530136, 0.018432000279426576, 0.018457600474357606]}, "median_ms": {"baseline": 0.018252800405025485, "candidate": 0.01841920018196106}, "baseline_over_candidate": 0.9909659607750754}
{"case": {"B": 2, "SEQ_LEN": 1024, "H": 1, "HQ": 16, "D": 128, "S": 1, "block_size": 16, "is_causal": true}, "candidate": "baseline", "phase": "compile_correctness"}
{"case": {"B": 2, "SEQ_LEN": 1024, "H": 1, "HQ": 16, "D": 128, "S": 1, "block_size": 16, "is_causal": true}, "candidate": "candidate", "phase": "compile_correctness"}
{"case": {"B": 2, "SEQ_LEN": 1024, "H": 1, "HQ": 16, "D": 128, "S": 1, "block_size": 16, "is_causal": true}, "seed": 362, "status": "PASS", "call_event_ms": {"baseline": [0.035071998834609985, 0.034790399670600894, 0.034995201230049136, 0.03468799889087677], "candidate": [0.02905600070953369, 0.028518399596214293, 0.028672000765800475, 0.028441599011421202]}, "median_ms": {"baseline": 0.034892800450325015, "candidate": 0.028595200181007384}, "baseline_over_candidate": 1.2202327743626158}
{"case": {"B": 4, "SEQ_LEN": 64, "H": 1, "HQ": 16, "D": 32, "S": 1, "block_size": 16, "is_causal": true}, "candidate": "baseline", "phase": "compile_correctness"}
{"case": {"B": 4, "SEQ_LEN": 64, "H": 1, "HQ": 16, "D": 32, "S": 1, "block_size": 16, "is_causal": true}, "candidate": "candidate", "phase": "compile_correctness"}
2026-09-07 10:22:17  [TileLang:tilelang.cache.kernel_cache:WARNING] (kernel_cache.py:342): Found kernel 'kernel' in memory cache. For better performance, consider using `@tilelang.jit` instead of direct kernel caching.
{"case": {"B": 4, "SEQ_LEN": 64, "H": 1, "HQ": 16, "D": 32, "S": 1, "block_size": 16, "is_causal": true}, "seed": 362, "status": "PASS", "call_event_ms": {"baseline": [0.011648000031709672, 0.010675200074911118, 0.010598400235176086, 0.010393600165843963], "candidate": [0.010931199789047242, 0.010649599879980088, 0.010367999970912933, 0.010547199845314026]}, "median_ms": {"baseline": 0.010636800155043601, "candidate": 0.010598399862647056}, "baseline_over_candidate": 1.0036232160414973}
{"case": {"B": 4, "SEQ_LEN": 64, "H": 1, "HQ": 16, "D": 64, "S": 1, "block_size": 16, "is_causal": true}, "candidate": "baseline", "phase": "compile_correctness"}
{"case": {"B": 4, "SEQ_LEN": 64, "H": 1, "HQ": 16, "D": 64, "S": 1, "block_size": 16, "is_causal": true}, "candidate": "candidate", "phase": "compile_correctness"}
2026-09-07 10:22:18  [TileLang:tilelang.cache.kernel_cache:WARNING] (kernel_cache.py:342): Found kernel 'kernel' in memory cache. For better performance, consider using `@tilelang.jit` instead of direct kernel caching.
{"case": {"B": 4, "SEQ_LEN": 64, "H": 1, "HQ": 16, "D": 64, "S": 1, "block_size": 16, "is_causal": true}, "seed": 362, "status": "PASS", "call_event_ms": {"baseline": [0.011468800157308579, 0.010291200131177902, 0.010214400291442872, 0.010444799810647965], "candidate": [0.010726399719715118, 0.010547199845314026, 0.010623999685049058, 0.010291200131177902]}, "median_ms": {"baseline": 0.010367999970912933, "candidate": 0.01058559976518154}, "baseline_over_candidate": 0.9794437916513391}
{"case": {"B": 4, "SEQ_LEN": 64, "H": 1, "HQ": 16, "D": 128, "S": 1, "block_size": 16, "is_causal": true}, "candidate": "baseline", "phase": "compile_correctness"}
{"case": {"B": 4, "SEQ_LEN": 64, "H": 1, "HQ": 16, "D": 128, "S": 1, "block_size": 16, "is_causal": true}, "candidate": "candidate", "phase": "compile_correctness"}
{"case": {"B": 4, "SEQ_LEN": 64, "H": 1, "HQ": 16, "D": 128, "S": 1, "block_size": 16, "is_causal": true}, "seed": 362, "status": "PASS", "call_event_ms": {"baseline": [0.012160000205039979, 0.011673600226640702, 0.011596799641847611, 0.011494400352239609], "candidate": [0.011135999858379365, 0.010444799810647965, 0.010649599879980088, 0.010470400005578995]}, "median_ms": {"baseline": 0.011635199934244157, "candidate": 0.010559999942779542}, "baseline_over_candidate": 1.101818181561619}
{"case": {"B": 4, "SEQ_LEN": 128, "H": 1, "HQ": 16, "D": 32, "S": 1, "block_size": 16, "is_causal": true}, "candidate": "baseline", "phase": "compile_correctness"}
{"case": {"B": 4, "SEQ_LEN": 128, "H": 1, "HQ": 16, "D": 32, "S": 1, "block_size": 16, "is_causal": true}, "candidate": "candidate", "phase": "compile_correctness"}
2026-09-07 10:22:18  [TileLang:tilelang.cache.kernel_cache:WARNING] (kernel_cache.py:342): Found kernel 'kernel' in memory cache. For better performance, consider using `@tilelang.jit` instead of direct kernel caching.
{"case": {"B": 4, "SEQ_LEN": 128, "H": 1, "HQ": 16, "D": 32, "S": 1, "block_size": 16, "is_causal": true}, "seed": 362, "status": "PASS", "call_event_ms": {"baseline": [0.011673600226640702, 0.010393600165843963, 0.010623999685049058, 0.010393600165843963], "candidate": [0.01088000014424324, 0.010470400005578995, 0.010547199845314026, 0.010470400005578995]}, "median_ms": {"baseline": 0.01050879992544651, "candidate": 0.01050879992544651}, "baseline_over_candidate": 1.0}
{"case": {"B": 4, "SEQ_LEN": 128, "H": 1, "HQ": 16, "D": 64, "S": 1, "block_size": 16, "is_causal": true}, "candidate": "baseline", "phase": "compile_correctness"}
{"case": {"B": 4, "SEQ_LEN": 128, "H": 1, "HQ": 16, "D": 64, "S": 1, "block_size": 16, "is_causal": true}, "candidate": "candidate", "phase": "compile_correctness"}
2026-09-07 10:22:18  [TileLang:tilelang.cache.kernel_cache:WARNING] (kernel_cache.py:342): Found kernel 'kernel' in memory cache. For better performance, consider using `@tilelang.jit` instead of direct kernel caching.
{"case": {"B": 4, "SEQ_LEN": 128, "H": 1, "HQ": 16, "D": 64, "S": 1, "block_size": 16, "is_causal": true}, "seed": 362, "status": "PASS", "call_event_ms": {"baseline": [0.011699199676513672, 0.010547199845314026, 0.010496000200510025, 0.010598400235176086], "candidate": [0.010956799983978272, 0.010649599879980088, 0.010521599650382995, 0.010444799810647965]}, "median_ms": {"baseline": 0.010572800040245056, "candidate": 0.01058559976518154}, "baseline_over_candidate": 0.9987908361150601}
{"case": {"B": 4, "SEQ_LEN": 128, "H": 1, "HQ": 16, "D": 128, "S": 1, "block_size": 16, "is_causal": true}, "candidate": "baseline", "phase": "compile_correctness"}
{"case": {"B": 4, "SEQ_LEN": 128, "H": 1, "HQ": 16, "D": 128, "S": 1, "block_size": 16, "is_causal": true}, "candidate": "candidate", "phase": "compile_correctness"}
{"case": {"B": 4, "SEQ_LEN": 128, "H": 1, "HQ": 16, "D": 128, "S": 1, "block_size": 16, "is_causal": true}, "seed": 362, "status": "PASS", "call_event_ms": {"baseline": [0.013670399785041809, 0.013209599256515502, 0.013235199451446533, 0.013132800161838532], "candidate": [0.011264000087976456, 0.011007999628782272, 0.011110399663448334, 0.011007999628782272]}, "median_ms": {"baseline": 0.013222399353981017, "candidate": 0.011059199646115302}, "baseline_over_candidate": 1.19560183169544}
{"case": {"B": 4, "SEQ_LEN": 256, "H": 1, "HQ": 16, "D": 32, "S": 1, "block_size": 16, "is_causal": true}, "candidate": "baseline", "phase": "compile_correctness"}
{"case": {"B": 4, "SEQ_LEN": 256, "H": 1, "HQ": 16, "D": 32, "S": 1, "block_size": 16, "is_causal": true}, "candidate": "candidate", "phase": "compile_correctness"}
2026-09-07 10:22:19  [TileLang:tilelang.cache.kernel_cache:WARNING] (kernel_cache.py:342): Found kernel 'kernel' in memory cache. For better performance, consider using `@tilelang.jit` instead of direct kernel caching.
{"case": {"B": 4, "SEQ_LEN": 256, "H": 1, "HQ": 16, "D": 32, "S": 1, "block_size": 16, "is_causal": true}, "seed": 362, "status": "PASS", "call_event_ms": {"baseline": [0.011468800157308579, 0.010444799810647965, 0.010342399775981902, 0.010470400005578995], "candidate": [0.010700800269842149, 0.010572800040245056, 0.010367999970912933, 0.010598400235176086]}, "median_ms": {"baseline": 0.01045759990811348, "candidate": 0.010585600137710571}, "baseline_over_candidate": 0.9879080800396854}
{"case": {"B": 4, "SEQ_LEN": 256, "H": 1, "HQ": 16, "D": 64, "S": 1, "block_size": 16, "is_causal": true}, "candidate": "baseline", "phase": "compile_correctness"}
{"case": {"B": 4, "SEQ_LEN": 256, "H": 1, "HQ": 16, "D": 64, "S": 1, "block_size": 16, "is_causal": true}, "candidate": "candidate", "phase": "compile_correctness"}
2026-09-07 10:22:19  [TileLang:tilelang.cache.kernel_cache:WARNING] (kernel_cache.py:342): Found kernel 'kernel' in memory cache. For better performance, consider using `@tilelang.jit` instead of direct kernel caching.
{"case": {"B": 4, "SEQ_LEN": 256, "H": 1, "HQ": 16, "D": 64, "S": 1, "block_size": 16, "is_causal": true}, "seed": 362, "status": "PASS", "call_event_ms": {"baseline": [0.01154559999704361, 0.010956799983978272, 0.010649599879980088, 0.010751999914646149], "candidate": [0.011187200248241425, 0.01090560033917427, 0.01085439994931221, 0.010675200074911118]}, "median_ms": {"baseline": 0.01085439994931221, "candidate": 0.01088000014424324}, "baseline_over_candidate": 0.9976470409382692}
{"case": {"B": 4, "SEQ_LEN": 256, "H": 1, "HQ": 16, "D": 128, "S": 1, "block_size": 16, "is_causal": true}, "candidate": "baseline", "phase": "compile_correctness"}
{"case": {"B": 4, "SEQ_LEN": 256, "H": 1, "HQ": 16, "D": 128, "S": 1, "block_size": 16, "is_causal": true}, "candidate": "candidate", "phase": "compile_correctness"}
{"case": {"B": 4, "SEQ_LEN": 256, "H": 1, "HQ": 16, "D": 128, "S": 1, "block_size": 16, "is_causal": true}, "seed": 362, "status": "PASS", "call_event_ms": {"baseline": [0.019123199582099914, 0.018713599443435668, 0.018508799374103546, 0.018534399569034576], "candidate": [0.015667200088500977, 0.015539200603961944, 0.015590399503707886, 0.015564799308776855]}, "median_ms": {"baseline": 0.018623999506235122, "candidate": 0.01557759940624237}, "baseline_over_candidate": 1.1955628733636567}
{"case": {"B": 4, "SEQ_LEN": 512, "H": 1, "HQ": 16, "D": 32, "S": 1, "block_size": 16, "is_causal": true}, "candidate": "baseline", "phase": "compile_correctness"}
{"case": {"B": 4, "SEQ_LEN": 512, "H": 1, "HQ": 16, "D": 32, "S": 1, "block_size": 16, "is_causal": true}, "candidate": "candidate", "phase": "compile_correctness"}
2026-09-07 10:22:19  [TileLang:tilelang.cache.kernel_cache:WARNING] (kernel_cache.py:342): Found kernel 'kernel' in memory cache. For better performance, consider using `@tilelang.jit` instead of direct kernel caching.
{"case": {"B": 4, "SEQ_LEN": 512, "H": 1, "HQ": 16, "D": 32, "S": 1, "block_size": 16, "is_causal": true}, "seed": 362, "status": "PASS", "call_event_ms": {"baseline": [0.011596799641847611, 0.010675200074911118, 0.010572800040245056, 0.010675200074911118], "candidate": [0.011033599823713302, 0.01080320030450821, 0.010726399719715118, 0.011699199676513672]}, "median_ms": {"baseline": 0.010675200074911118, "candidate": 0.010918400064110757}, "baseline_over_candidate": 0.9777256752114216}
{"case": {"B": 4, "SEQ_LEN": 512, "H": 1, "HQ": 16, "D": 64, "S": 1, "block_size": 16, "is_causal": true}, "candidate": "baseline", "phase": "compile_correctness"}
{"case": {"B": 4, "SEQ_LEN": 512, "H": 1, "HQ": 16, "D": 64, "S": 1, "block_size": 16, "is_causal": true}, "candidate": "candidate", "phase": "compile_correctness"}
2026-09-07 10:22:20  [TileLang:tilelang.cache.kernel_cache:WARNING] (kernel_cache.py:342): Found kernel 'kernel' in memory cache. For better performance, consider using `@tilelang.jit` instead of direct kernel caching.
{"case": {"B": 4, "SEQ_LEN": 512, "H": 1, "HQ": 16, "D": 64, "S": 1, "block_size": 16, "is_causal": true}, "seed": 362, "status": "PASS", "call_event_ms": {"baseline": [0.017843200266361235, 0.017817600071430205, 0.017740799486637114, 0.017484800517559053], "candidate": [0.01825280040502548, 0.017766399681568144, 0.017894400656223296, 0.01825280040502548]}, "median_ms": {"baseline": 0.01777919977903366, "candidate": 0.018073600530624387}, "baseline_over_candidate": 0.9837110070518662}
{"case": {"B": 4, "SEQ_LEN": 512, "H": 1, "HQ": 16, "D": 128, "S": 1, "block_size": 16, "is_causal": true}, "candidate": "baseline", "phase": "compile_correctness"}
{"case": {"B": 4, "SEQ_LEN": 512, "H": 1, "HQ": 16, "D": 128, "S": 1, "block_size": 16, "is_causal": true}, "candidate": "candidate", "phase": "compile_correctness"}
{"case": {"B": 4, "SEQ_LEN": 512, "H": 1, "HQ": 16, "D": 128, "S": 1, "block_size": 16, "is_causal": true}, "seed": 362, "status": "PASS", "call_event_ms": {"baseline": [0.0357120007276535, 0.03519999980926514, 0.03558399975299835, 0.035020801424980166], "candidate": [0.02887679934501648, 0.028825598955154418, 0.02903040051460266, 0.02905600070953369]}, "median_ms": {"baseline": 0.03539199978113174, "candidate": 0.02895359992980957}, "baseline_over_candidate": 1.222369579842589}
{"case": {"B": 4, "SEQ_LEN": 1024, "H": 1, "HQ": 16, "D": 32, "S": 1, "block_size": 16, "is_causal": true}, "candidate": "baseline", "phase": "compile_correctness"}
{"case": {"B": 4, "SEQ_LEN": 1024, "H": 1, "HQ": 16, "D": 32, "S": 1, "block_size": 16, "is_causal": true}, "candidate": "candidate", "phase": "compile_correctness"}
{"case": {"B": 4, "SEQ_LEN": 1024, "H": 1, "HQ": 16, "D": 32, "S": 1, "block_size": 16, "is_causal": true}, "seed": 362, "status": "PASS", "call_event_ms": {"baseline": [0.015769599378108977, 0.0151296004652977, 0.0151296004652977, 0.015052799880504609], "candidate": [0.014720000326633453, 0.01451520025730133, 0.01443839967250824, 0.0144896000623703]}, "median_ms": {"baseline": 0.0151296004652977, "candidate": 0.014502400159835815}, "baseline_over_candidate": 1.043248034708}
{"case": {"B": 4, "SEQ_LEN": 1024, "H": 1, "HQ": 16, "D": 64, "S": 1, "block_size": 16, "is_causal": true}, "candidate": "baseline", "phase": "compile_correctness"}
{"case": {"B": 4, "SEQ_LEN": 1024, "H": 1, "HQ": 16, "D": 64, "S": 1, "block_size": 16, "is_causal": true}, "candidate": "candidate", "phase": "compile_correctness"}
2026-09-07 10:22:20  [TileLang:tilelang.cache.kernel_cache:WARNING] (kernel_cache.py:342): Found kernel 'kernel' in memory cache. For better performance, consider using `@tilelang.jit` instead of direct kernel caching.
{"case": {"B": 4, "SEQ_LEN": 1024, "H": 1, "HQ": 16, "D": 64, "S": 1, "block_size": 16, "is_causal": true}, "seed": 362, "status": "PASS", "call_event_ms": {"baseline": [0.029235199093818665, 0.029414400458335876, 0.029388800263404846, 0.02900480031967163], "candidate": [0.030745598673820495, 0.030720001459121703, 0.031052801012992858, 0.031052801012992858]}, "median_ms": {"baseline": 0.029311999678611755, "candidate": 0.030899199843406677}, "baseline_over_candidate": 0.9486329687228583}
{"case": {"B": 4, "SEQ_LEN": 1024, "H": 1, "HQ": 16, "D": 128, "S": 1, "block_size": 16, "is_causal": true}, "candidate": "baseline", "phase": "compile_correctness"}
{"case": {"B": 4, "SEQ_LEN": 1024, "H": 1, "HQ": 16, "D": 128, "S": 1, "block_size": 16, "is_causal": true}, "candidate": "candidate", "phase": "compile_correctness"}
{"case": {"B": 4, "SEQ_LEN": 1024, "H": 1, "HQ": 16, "D": 128, "S": 1, "block_size": 16, "is_causal": true}, "seed": 362, "status": "PASS", "call_event_ms": {"baseline": [0.05555199980735779, 0.055270397663116456, 0.05539839863777161, 0.05562880039215088], "candidate": [0.04789760112762451, 0.04774399995803833, 0.048127999901771544, 0.048332801461219786]}, "median_ms": {"baseline": 0.0554751992225647, "candidate": 0.04801280051469803}, "baseline_over_candidate": 1.1554251913629205}
{"case": {"B": 8, "SEQ_LEN": 64, "H": 1, "HQ": 16, "D": 32, "S": 1, "block_size": 16, "is_causal": true}, "candidate": "baseline", "phase": "compile_correctness"}
{"case": {"B": 8, "SEQ_LEN": 64, "H": 1, "HQ": 16, "D": 32, "S": 1, "block_size": 16, "is_causal": true}, "candidate": "candidate", "phase": "compile_correctness"}
2026-09-07 10:22:21  [TileLang:tilelang.cache.kernel_cache:WARNING] (kernel_cache.py:342): Found kernel 'kernel' in memory cache. For better performance, consider using `@tilelang.jit` instead of direct kernel caching.
{"case": {"B": 8, "SEQ_LEN": 64, "H": 1, "HQ": 16, "D": 32, "S": 1, "block_size": 16, "is_causal": true}, "seed": 362, "status": "PASS", "call_event_ms": {"baseline": [0.011212799698114395, 0.010547199845314026, 0.010291200131177902, 0.010419200360774993], "candidate": [0.010623999685049058, 0.010496000200510025, 0.010444799810647965, 0.010342399775981902]}, "median_ms": {"baseline": 0.010483200103044508, "candidate": 0.010470400005578995}, "baseline_over_candidate": 1.0012225031955506}
{"case": {"B": 8, "SEQ_LEN": 64, "H": 1, "HQ": 16, "D": 64, "S": 1, "block_size": 16, "is_causal": true}, "candidate": "baseline", "phase": "compile_correctness"}
{"case": {"B": 8, "SEQ_LEN": 64, "H": 1, "HQ": 16, "D": 64, "S": 1, "block_size": 16, "is_causal": true}, "candidate": "candidate", "phase": "compile_correctness"}
2026-09-07 10:22:21  [TileLang:tilelang.cache.kernel_cache:WARNING] (kernel_cache.py:342): Found kernel 'kernel' in memory cache. For better performance, consider using `@tilelang.jit` instead of direct kernel caching.
{"case": {"B": 8, "SEQ_LEN": 64, "H": 1, "HQ": 16, "D": 64, "S": 1, "block_size": 16, "is_causal": true}, "seed": 362, "status": "PASS", "call_event_ms": {"baseline": [0.011340799927711486, 0.010444799810647965, 0.01080320030450821, 0.010623999685049058], "candidate": [0.010931199789047242, 0.010751999914646149, 0.010931199789047242, 0.010598400235176086]}, "median_ms": {"baseline": 0.010713599994778633, "candidate": 0.010841599851846694}, "baseline_over_candidate": 0.9881936375795812}
{"case": {"B": 8, "SEQ_LEN": 64, "H": 1, "HQ": 16, "D": 128, "S": 1, "block_size": 16, "is_causal": true}, "candidate": "baseline", "phase": "compile_correctness"}
{"case": {"B": 8, "SEQ_LEN": 64, "H": 1, "HQ": 16, "D": 128, "S": 1, "block_size": 16, "is_causal": true}, "candidate": "candidate", "phase": "compile_correctness"}
{"case": {"B": 8, "SEQ_LEN": 64, "H": 1, "HQ": 16, "D": 128, "S": 1, "block_size": 16, "is_causal": true}, "seed": 362, "status": "PASS", "call_event_ms": {"baseline": [0.013644799590110779, 0.013158400356769562, 0.013030399382114411, 0.013107199966907502], "candidate": [0.011161600053310395, 0.011007999628782272, 0.01085439994931221, 0.011059200018644333]}, "median_ms": {"baseline": 0.013132800161838532, "candidate": 0.011033599823713302}, "baseline_over_candidate": 1.1902552541024416}
{"case": {"B": 8, "SEQ_LEN": 128, "H": 1, "HQ": 16, "D": 32, "S": 1, "block_size": 16, "is_causal": true}, "candidate": "baseline", "phase": "compile_correctness"}
{"case": {"B": 8, "SEQ_LEN": 128, "H": 1, "HQ": 16, "D": 32, "S": 1, "block_size": 16, "is_causal": true}, "candidate": "candidate", "phase": "compile_correctness"}
2026-09-07 10:22:21  [TileLang:tilelang.cache.kernel_cache:WARNING] (kernel_cache.py:342): Found kernel 'kernel' in memory cache. For better performance, consider using `@tilelang.jit` instead of direct kernel caching.
{"case": {"B": 8, "SEQ_LEN": 128, "H": 1, "HQ": 16, "D": 32, "S": 1, "block_size": 16, "is_causal": true}, "seed": 362, "status": "PASS", "call_event_ms": {"baseline": [0.011673600226640702, 0.010623999685049058, 0.010444799810647965, 0.010367999970912933], "candidate": [0.010777600109577179, 0.010470400005578995, 0.010470400005578995, 0.010496000200510025]}, "median_ms": {"baseline": 0.010534399747848512, "candidate": 0.01048320010304451}, "baseline_over_candidate": 1.0048839709535957}
{"case": {"B": 8, "SEQ_LEN": 128, "H": 1, "HQ": 16, "D": 64, "S": 1, "block_size": 16, "is_causal": true}, "candidate": "baseline", "phase": "compile_correctness"}
{"case": {"B": 8, "SEQ_LEN": 128, "H": 1, "HQ": 16, "D": 64, "S": 1, "block_size": 16, "is_causal": true}, "candidate": "candidate", "phase": "compile_correctness"}
2026-09-07 10:22:22  [TileLang:tilelang.cache.kernel_cache:WARNING] (kernel_cache.py:342): Found kernel 'kernel' in memory cache. For better performance, consider using `@tilelang.jit` instead of direct kernel caching.
{"case": {"B": 8, "SEQ_LEN": 128, "H": 1, "HQ": 16, "D": 64, "S": 1, "block_size": 16, "is_causal": true}, "seed": 362, "status": "PASS", "call_event_ms": {"baseline": [0.011392000317573547, 0.010649599879980088, 0.010496000200510025, 0.010623999685049058], "candidate": [0.01090560033917427, 0.010751999914646149, 0.010598400235176086, 0.01080320030450821]}, "median_ms": {"baseline": 0.010636799782514573, "candidate": 0.010777600109577179}, "baseline_over_candidate": 0.9869358367696823}
{"case": {"B": 8, "SEQ_LEN": 128, "H": 1, "HQ": 16, "D": 128, "S": 1, "block_size": 16, "is_causal": true}, "candidate": "baseline", "phase": "compile_correctness"}
{"case": {"B": 8, "SEQ_LEN": 128, "H": 1, "HQ": 16, "D": 128, "S": 1, "block_size": 16, "is_causal": true}, "candidate": "candidate", "phase": "compile_correctness"}
{"case": {"B": 8, "SEQ_LEN": 128, "H": 1, "HQ": 16, "D": 128, "S": 1, "block_size": 16, "is_causal": true}, "seed": 362, "status": "PASS", "call_event_ms": {"baseline": [0.019123199582099914, 0.01881600022315979, 0.018508799374103546, 0.018585599958896637], "candidate": [0.016102400422096253, 0.015744000673294067, 0.015769599378108977, 0.015718400478363037]}, "median_ms": {"baseline": 0.018700800091028213, "candidate": 0.015756800025701522}, "baseline_over_candidate": 1.186839971347267}
{"case": {"B": 8, "SEQ_LEN": 256, "H": 1, "HQ": 16, "D": 32, "S": 1, "block_size": 16, "is_causal": true}, "candidate": "baseline", "phase": "compile_correctness"}
{"case": {"B": 8, "SEQ_LEN": 256, "H": 1, "HQ": 16, "D": 32, "S": 1, "block_size": 16, "is_causal": true}, "candidate": "candidate", "phase": "compile_correctness"}
2026-09-07 10:22:22  [TileLang:tilelang.cache.kernel_cache:WARNING] (kernel_cache.py:342): Found kernel 'kernel' in memory cache. For better performance, consider using `@tilelang.jit` instead of direct kernel caching.
{"case": {"B": 8, "SEQ_LEN": 256, "H": 1, "HQ": 16, "D": 32, "S": 1, "block_size": 16, "is_causal": true}, "seed": 362, "status": "PASS", "call_event_ms": {"baseline": [0.011622399836778641, 0.010572800040245056, 0.010496000200510025, 0.010521599650382995], "candidate": [0.010828799754381179, 0.010751999914646149, 0.010598400235176086, 0.010547199845314026]}, "median_ms": {"baseline": 0.010547199845314026, "candidate": 0.010675200074911118}, "baseline_over_candidate": 0.9880095709027581}
{"case": {"B": 8, "SEQ_LEN": 256, "H": 1, "HQ": 16, "D": 64, "S": 1, "block_size": 16, "is_causal": true}, "candidate": "baseline", "phase": "compile_correctness"}
{"case": {"B": 8, "SEQ_LEN": 256, "H": 1, "HQ": 16, "D": 64, "S": 1, "block_size": 16, "is_causal": true}, "candidate": "candidate", "phase": "compile_correctness"}
2026-09-07 10:22:22  [TileLang:tilelang.cache.kernel_cache:WARNING] (kernel_cache.py:342): Found kernel 'kernel' in memory cache. For better performance, consider using `@tilelang.jit` instead of direct kernel caching.
{"case": {"B": 8, "SEQ_LEN": 256, "H": 1, "HQ": 16, "D": 64, "S": 1, "block_size": 16, "is_causal": true}, "seed": 362, "status": "PASS", "call_event_ms": {"baseline": [0.018457600474357606, 0.01807360053062439, 0.01802240014076233, 0.01791999936103821], "candidate": [0.018278400599956512, 0.018432000279426576, 0.018636800348758698, 0.018406400084495546]}, "median_ms": {"baseline": 0.01804800033569336, "candidate": 0.01841920018196106}, "baseline_over_candidate": 0.9798471245982093}
{"case": {"B": 8, "SEQ_LEN": 256, "H": 1, "HQ": 16, "D": 128, "S": 1, "block_size": 16, "is_causal": true}, "candidate": "baseline", "phase": "compile_correctness"}
{"case": {"B": 8, "SEQ_LEN": 256, "H": 1, "HQ": 16, "D": 128, "S": 1, "block_size": 16, "is_causal": true}, "candidate": "candidate", "phase": "compile_correctness"}
{"case": {"B": 8, "SEQ_LEN": 256, "H": 1, "HQ": 16, "D": 128, "S": 1, "block_size": 16, "is_causal": true}, "seed": 362, "status": "PASS", "call_event_ms": {"baseline": [0.035097599029541016, 0.035046398639678955, 0.035046398639678955, 0.035123199224472046], "candidate": [0.02887679934501648, 0.028672000765800475, 0.028492799401283263, 0.02887679934501648]}, "median_ms": {"baseline": 0.035071998834609985, "candidate": 0.028774400055408475}, "baseline_over_candidate": 1.2188611671164211}
{"case": {"B": 8, "SEQ_LEN": 512, "H": 1, "HQ": 16, "D": 32, "S": 1, "block_size": 16, "is_causal": true}, "candidate": "baseline", "phase": "compile_correctness"}
{"case": {"B": 8, "SEQ_LEN": 512, "H": 1, "HQ": 16, "D": 32, "S": 1, "block_size": 16, "is_causal": true}, "candidate": "candidate", "phase": "compile_correctness"}
{"case": {"B": 8, "SEQ_LEN": 512, "H": 1, "HQ": 16, "D": 32, "S": 1, "block_size": 16, "is_causal": true}, "seed": 362, "status": "PASS", "call_event_ms": {"baseline": [0.015692800283432007, 0.0152319997549057, 0.01515520066022873, 0.015001599490642548], "candidate": [0.014950400590896607, 0.014668799936771393, 0.014617599546909332, 0.01454080045223236]}, "median_ms": {"baseline": 0.015193600207567215, "candidate": 0.014643199741840363}, "baseline_over_candidate": 1.0375874450550708}
{"case": {"B": 8, "SEQ_LEN": 512, "H": 1, "HQ": 16, "D": 64, "S": 1, "block_size": 16, "is_causal": true}, "candidate": "baseline", "phase": "compile_correctness"}
{"case": {"B": 8, "SEQ_LEN": 512, "H": 1, "HQ": 16, "D": 64, "S": 1, "block_size": 16, "is_causal": true}, "candidate": "candidate", "phase": "compile_correctness"}
2026-09-07 10:22:23  [TileLang:tilelang.cache.kernel_cache:WARNING] (kernel_cache.py:342): Found kernel 'kernel' in memory cache. For better performance, consider using `@tilelang.jit` instead of direct kernel caching.
{"case": {"B": 8, "SEQ_LEN": 512, "H": 1, "HQ": 16, "D": 64, "S": 1, "block_size": 16, "is_causal": true}, "seed": 362, "status": "PASS", "call_event_ms": {"baseline": [0.02964479923248291, 0.029260799288749695, 0.02956799864768982, 0.029209598898887634], "candidate": [0.03061760067939758, 0.030105599761009218, 0.03110400140285492, 0.031206399202346802]}, "median_ms": {"baseline": 0.029414398968219756, "candidate": 0.03086080104112625}, "baseline_over_candidate": 0.9531314151250007}
{"case": {"B": 8, "SEQ_LEN": 512, "H": 1, "HQ": 16, "D": 128, "S": 1, "block_size": 16, "is_causal": true}, "candidate": "baseline", "phase": "compile_correctness"}
{"case": {"B": 8, "SEQ_LEN": 512, "H": 1, "HQ": 16, "D": 128, "S": 1, "block_size": 16, "is_causal": true}, "candidate": "candidate", "phase": "compile_correctness"}
{"case": {"B": 8, "SEQ_LEN": 512, "H": 1, "HQ": 16, "D": 128, "S": 1, "block_size": 16, "is_causal": true}, "seed": 362, "status": "PASS", "call_event_ms": {"baseline": [0.0564736008644104, 0.05565440058708191, 0.05565440058708191, 0.05550079941749573], "candidate": [0.04776960015296936, 0.04733439981937408, 0.04733439981937408, 0.04736000001430511]}, "median_ms": {"baseline": 0.05565440058708191, "candidate": 0.0473471999168396}, "baseline_over_candidate": 1.175452839551928}
{"case": {"B": 8, "SEQ_LEN": 1024, "H": 1, "HQ": 16, "D": 32, "S": 1, "block_size": 16, "is_causal": true}, "candidate": "baseline", "phase": "compile_correctness"}
{"case": {"B": 8, "SEQ_LEN": 1024, "H": 1, "HQ": 16, "D": 32, "S": 1, "block_size": 16, "is_causal": true}, "candidate": "candidate", "phase": "compile_correctness"}
{"case": {"B": 8, "SEQ_LEN": 1024, "H": 1, "HQ": 16, "D": 32, "S": 1, "block_size": 16, "is_causal": true}, "seed": 362, "status": "PASS", "call_event_ms": {"baseline": [0.024934400618076325, 0.024268800020217897, 0.024166400730609893, 0.024166400730609893], "candidate": [0.023628799617290495, 0.023500800132751465, 0.023423999547958374, 0.023347200453281404]}, "median_ms": {"baseline": 0.024217600375413893, "candidate": 0.02346239984035492}, "baseline_over_candidate": 1.0321876935095122}
{"case": {"B": 8, "SEQ_LEN": 1024, "H": 1, "HQ": 16, "D": 64, "S": 1, "block_size": 16, "is_causal": true}, "candidate": "baseline", "phase": "compile_correctness"}
{"case": {"B": 8, "SEQ_LEN": 1024, "H": 1, "HQ": 16, "D": 64, "S": 1, "block_size": 16, "is_causal": true}, "candidate": "candidate", "phase": "compile_correctness"}
2026-09-07 10:22:24  [TileLang:tilelang.cache.kernel_cache:WARNING] (kernel_cache.py:342): Found kernel 'kernel' in memory cache. For better performance, consider using `@tilelang.jit` instead of direct kernel caching.
{"case": {"B": 8, "SEQ_LEN": 1024, "H": 1, "HQ": 16, "D": 64, "S": 1, "block_size": 16, "is_causal": true}, "seed": 362, "status": "PASS", "call_event_ms": {"baseline": [0.04904960095882416, 0.04848639965057373, 0.048511999845504764, 0.04838399887084961], "candidate": [0.0494592010974884, 0.04912639856338501, 0.048870399594306946, 0.048511999845504764]}, "median_ms": {"baseline": 0.04849919974803925, "candidate": 0.048998399078845976}, "baseline_over_candidate": 0.9898119256916244}
{"case": {"B": 8, "SEQ_LEN": 1024, "H": 1, "HQ": 16, "D": 128, "S": 1, "block_size": 16, "is_causal": true}, "candidate": "baseline", "phase": "compile_correctness"}
{"case": {"B": 8, "SEQ_LEN": 1024, "H": 1, "HQ": 16, "D": 128, "S": 1, "block_size": 16, "is_causal": true}, "candidate": "candidate", "phase": "compile_correctness"}
{"case": {"B": 8, "SEQ_LEN": 1024, "H": 1, "HQ": 16, "D": 128, "S": 1, "block_size": 16, "is_causal": true}, "seed": 362, "status": "PASS", "call_event_ms": {"baseline": [0.0969983994960785, 0.09712640047073365, 0.09712640047073365, 0.09761279821395874], "candidate": [0.08565760254859925, 0.08655359745025634, 0.08473600149154663, 0.08537600040435792]}, "median_ms": {"baseline": 0.09712640047073365, "candidate": 0.08551680147647858}, "baseline_over_candidate": 1.1357581059372093}
{"case": {"B": 1, "SEQ_LEN": 256, "H": 1, "HQ": 16, "D": 64, "S": 1, "block_size": 32, "is_causal": true}, "candidate": "baseline", "phase": "compile_correctness"}
{"case": {"B": 1, "SEQ_LEN": 256, "H": 1, "HQ": 16, "D": 64, "S": 1, "block_size": 32, "is_causal": true}, "candidate": "candidate", "phase": "compile_correctness"}
2026-09-07 10:22:24  [TileLang:tilelang.cache.kernel_cache:WARNING] (kernel_cache.py:342): Found kernel 'kernel' in memory cache. For better performance, consider using `@tilelang.jit` instead of direct kernel caching.
{"case": {"B": 1, "SEQ_LEN": 256, "H": 1, "HQ": 16, "D": 64, "S": 1, "block_size": 32, "is_causal": true}, "seed": 362, "status": "PASS", "call_event_ms": {"baseline": [0.011519999802112579, 0.010623999685049058, 0.010547199845314026, 0.010496000200510025], "candidate": [0.01090560033917427, 0.010419200360774993, 0.010726399719715118, 0.010521599650382995]}, "median_ms": {"baseline": 0.01058559976518154, "candidate": 0.010623999685049058}, "baseline_over_candidate": 0.9963855496041141}
{"case": {"B": 1, "SEQ_LEN": 256, "H": 1, "HQ": 16, "D": 64, "S": 1, "block_size": 64, "is_causal": true}, "candidate": "baseline", "phase": "compile_correctness"}
{"case": {"B": 1, "SEQ_LEN": 256, "H": 1, "HQ": 16, "D": 64, "S": 1, "block_size": 64, "is_causal": true}, "candidate": "candidate", "phase": "compile_correctness"}
2026-09-07 10:22:24  [TileLang:tilelang.cache.kernel_cache:WARNING] (kernel_cache.py:342): Found kernel 'kernel' in memory cache. For better performance, consider using `@tilelang.jit` instead of direct kernel caching.
{"case": {"B": 1, "SEQ_LEN": 256, "H": 1, "HQ": 16, "D": 64, "S": 1, "block_size": 64, "is_causal": true}, "seed": 362, "status": "PASS", "call_event_ms": {"baseline": [0.014156800508499146, 0.013952000439167023, 0.014003199338912965, 0.013875199854373932], "candidate": [0.014131200313568116, 0.014054399728775025, 0.013952000439167023, 0.014028799533843995]}, "median_ms": {"baseline": 0.013977599889039995, "candidate": 0.01404159963130951}, "baseline_over_candidate": 0.99544213309381}
{"case": {"B": 1, "SEQ_LEN": 512, "H": 1, "HQ": 16, "D": 64, "S": 1, "block_size": 32, "is_causal": true}, "candidate": "baseline", "phase": "compile_correctness"}
{"case": {"B": 1, "SEQ_LEN": 512, "H": 1, "HQ": 16, "D": 64, "S": 1, "block_size": 32, "is_causal": true}, "candidate": "candidate", "phase": "compile_correctness"}
2026-09-07 10:22:25  [TileLang:tilelang.cache.kernel_cache:WARNING] (kernel_cache.py:342): Found kernel 'kernel' in memory cache. For better performance, consider using `@tilelang.jit` instead of direct kernel caching.
{"case": {"B": 1, "SEQ_LEN": 512, "H": 1, "HQ": 16, "D": 64, "S": 1, "block_size": 32, "is_causal": true}, "seed": 362, "status": "PASS", "call_event_ms": {"baseline": [0.011417599767446518, 0.010649599879980088, 0.010649599879980088, 0.010675200074911118], "candidate": [0.011007999628782272, 0.010675200074911118, 0.010726399719715118, 0.010649599879980088]}, "median_ms": {"baseline": 0.010662399977445603, "candidate": 0.010700799897313118}, "baseline_over_candidate": 0.9964114907076099}
{"case": {"B": 1, "SEQ_LEN": 512, "H": 1, "HQ": 16, "D": 64, "S": 1, "block_size": 64, "is_causal": true}, "candidate": "baseline", "phase": "compile_correctness"}
{"case": {"B": 1, "SEQ_LEN": 512, "H": 1, "HQ": 16, "D": 64, "S": 1, "block_size": 64, "is_causal": true}, "candidate": "candidate", "phase": "compile_correctness"}
2026-09-07 10:22:25  [TileLang:tilelang.cache.kernel_cache:WARNING] (kernel_cache.py:342): Found kernel 'kernel' in memory cache. For better performance, consider using `@tilelang.jit` instead of direct kernel caching.
{"case": {"B": 1, "SEQ_LEN": 512, "H": 1, "HQ": 16, "D": 64, "S": 1, "block_size": 64, "is_causal": true}, "seed": 362, "status": "PASS", "call_event_ms": {"baseline": [0.01666560024023056, 0.01640959978103638, 0.016332800686359405, 0.016383999586105348], "candidate": [0.0166143998503685, 0.0165120005607605, 0.016332800686359405, 0.016383999586105348]}, "median_ms": {"baseline": 0.016396799683570863, "candidate": 0.016448000073432924}, "baseline_over_candidate": 0.9968871358442684}
{"case": {"B": 1, "SEQ_LEN": 512, "H": 1, "HQ": 16, "D": 128, "S": 1, "block_size": 32, "is_causal": true}, "candidate": "baseline", "phase": "compile_correctness"}
{"case": {"B": 1, "SEQ_LEN": 512, "H": 1, "HQ": 16, "D": 128, "S": 1, "block_size": 32, "is_causal": true}, "candidate": "candidate", "phase": "compile_correctness"}
{"case": {"B": 1, "SEQ_LEN": 512, "H": 1, "HQ": 16, "D": 128, "S": 1, "block_size": 32, "is_causal": true}, "seed": 362, "status": "PASS", "call_event_ms": {"baseline": [0.018329599499702455, 0.017689600586891174, 0.017638400197029114, 0.017791999876499175], "candidate": [0.015334400534629821, 0.0151296004652977, 0.0151296004652977, 0.015052799880504609]}, "median_ms": {"baseline": 0.017740800231695174, "candidate": 0.0151296004652977}, "baseline_over_candidate": 1.1725888117393914}
{"case": {"B": 2, "SEQ_LEN": 256, "H": 1, "HQ": 16, "D": 64, "S": 1, "block_size": 64, "is_causal": true}, "candidate": "baseline", "phase": "compile_correctness"}
{"case": {"B": 2, "SEQ_LEN": 256, "H": 1, "HQ": 16, "D": 64, "S": 1, "block_size": 64, "is_causal": true}, "candidate": "candidate", "phase": "compile_correctness"}
2026-09-07 10:22:25  [TileLang:tilelang.cache.kernel_cache:WARNING] (kernel_cache.py:342): Found kernel 'kernel' in memory cache. For better performance, consider using `@tilelang.jit` instead of direct kernel caching.
{"case": {"B": 2, "SEQ_LEN": 256, "H": 1, "HQ": 16, "D": 64, "S": 1, "block_size": 64, "is_causal": true}, "seed": 362, "status": "PASS", "call_event_ms": {"baseline": [0.01664000004529953, 0.016307200491428375, 0.01646080017089844, 0.016307200491428375], "candidate": [0.016383999586105348, 0.016358399391174318, 0.016230399906635284, 0.016256000101566314]}, "median_ms": {"baseline": 0.016384000331163405, "candidate": 0.016307199746370314}, "baseline_over_candidate": 1.0047096120724335}
{"case": {"B": 4, "SEQ_LEN": 128, "H": 1, "HQ": 16, "D": 64, "S": 1, "block_size": 32, "is_causal": true}, "candidate": "baseline", "phase": "compile_correctness"}
{"case": {"B": 4, "SEQ_LEN": 128, "H": 1, "HQ": 16, "D": 64, "S": 1, "block_size": 32, "is_causal": true}, "candidate": "candidate", "phase": "compile_correctness"}
2026-09-07 10:22:25  [TileLang:tilelang.cache.kernel_cache:WARNING] (kernel_cache.py:342): Found kernel 'kernel' in memory cache. For better performance, consider using `@tilelang.jit` instead of direct kernel caching.
{"case": {"B": 4, "SEQ_LEN": 128, "H": 1, "HQ": 16, "D": 64, "S": 1, "block_size": 32, "is_causal": true}, "seed": 362, "status": "PASS", "call_event_ms": {"baseline": [0.01372160017490387, 0.013977600634098053, 0.013952000439167023, 0.01372160017490387], "candidate": [0.01369599997997284, 0.01369599997997284, 0.015001599490642548, 0.01372160017490387]}, "median_ms": {"baseline": 0.013836800307035445, "candidate": 0.013708800077438354}, "baseline_over_candidate": 1.009337084856008}
{"case": {"B": 4, "SEQ_LEN": 128, "H": 1, "HQ": 16, "D": 64, "S": 1, "block_size": 64, "is_causal": true}, "candidate": "baseline", "phase": "compile_correctness"}
{"case": {"B": 4, "SEQ_LEN": 128, "H": 1, "HQ": 16, "D": 64, "S": 1, "block_size": 64, "is_causal": true}, "candidate": "candidate", "phase": "compile_correctness"}
2026-09-07 10:22:26  [TileLang:tilelang.cache.kernel_cache:WARNING] (kernel_cache.py:342): Found kernel 'kernel' in memory cache. For better performance, consider using `@tilelang.jit` instead of direct kernel caching.
{"case": {"B": 4, "SEQ_LEN": 128, "H": 1, "HQ": 16, "D": 64, "S": 1, "block_size": 64, "is_causal": true}, "seed": 362, "status": "PASS", "call_event_ms": {"baseline": [0.01671680063009262, 0.017100800573825837, 0.017023999989032746, 0.017023999989032746], "candidate": [0.017023999989032746, 0.017100800573825837, 0.017433600127696992, 0.016972799599170686]}, "median_ms": {"baseline": 0.017023999989032746, "candidate": 0.01706240028142929}, "baseline_over_candidate": 0.9977494202595668}
{"case": {"B": 2, "SEQ_LEN": 512, "H": 1, "HQ": 16, "D": 128, "S": 1, "block_size": 32, "is_causal": true}, "candidate": "baseline", "phase": "compile_correctness"}
{"case": {"B": 2, "SEQ_LEN": 512, "H": 1, "HQ": 16, "D": 128, "S": 1, "block_size": 32, "is_causal": true}, "candidate": "candidate", "phase": "compile_correctness"}
{"case": {"B": 2, "SEQ_LEN": 512, "H": 1, "HQ": 16, "D": 128, "S": 1, "block_size": 32, "is_causal": true}, "seed": 362, "status": "PASS", "call_event_ms": {"baseline": [0.024934400618076325, 0.024831999838352204, 0.024959999322891235, 0.024908800423145295], "candidate": [0.02240000069141388, 0.022118400037288665, 0.02234880030155182, 0.02229759991168976]}, "median_ms": {"baseline": 0.02492160052061081, "candidate": 0.02232320010662079}, "baseline_over_candidate": 1.1163991005581393}
{"case": {"B": 4, "SEQ_LEN": 1024, "H": 1, "HQ": 16, "D": 128, "S": 1, "block_size": 32, "is_causal": true}, "candidate": "baseline", "phase": "compile_correctness"}
{"case": {"B": 4, "SEQ_LEN": 1024, "H": 1, "HQ": 16, "D": 128, "S": 1, "block_size": 32, "is_causal": true}, "candidate": "candidate", "phase": "compile_correctness"}
{"case": {"B": 4, "SEQ_LEN": 1024, "H": 1, "HQ": 16, "D": 128, "S": 1, "block_size": 32, "is_causal": true}, "seed": 362, "status": "PASS", "call_event_ms": {"baseline": [0.08033279776573181, 0.08061439990997314, 0.07994880080223084, 0.08035839796066284], "candidate": [0.061900800466537474, 0.06161919832229614, 0.061875200271606444, 0.06164479851722717]}, "median_ms": {"baseline": 0.08034559786319732, "candidate": 0.06175999939441681}, "baseline_over_candidate": 1.300932620644758}
{"case": {"B": 8, "SEQ_LEN": 512, "H": 1, "HQ": 16, "D": 128, "S": 1, "block_size": 32, "is_causal": true}, "candidate": "baseline", "phase": "compile_correctness"}
{"case": {"B": 8, "SEQ_LEN": 512, "H": 1, "HQ": 16, "D": 128, "S": 1, "block_size": 32, "is_causal": true}, "candidate": "candidate", "phase": "compile_correctness"}
{"case": {"B": 8, "SEQ_LEN": 512, "H": 1, "HQ": 16, "D": 128, "S": 1, "block_size": 32, "is_causal": true}, "seed": 362, "status": "PASS", "call_event_ms": {"baseline": [0.08161280155181885, 0.08117759823799134, 0.08127999901771546, 0.08166400194168091], "candidate": [0.06223359704017639, 0.06213120222091675, 0.062028801441192626, 0.061849600076675414]}, "median_ms": {"baseline": 0.08144640028476716, "candidate": 0.062080001831054686}, "baseline_over_candidate": 1.3119587287773675}
{"case": {"B": 1, "SEQ_LEN": 256, "H": 2, "HQ": 32, "D": 64, "S": 1, "block_size": 16, "is_causal": true}, "candidate": "baseline", "phase": "compile_correctness"}
{"case": {"B": 1, "SEQ_LEN": 256, "H": 2, "HQ": 32, "D": 64, "S": 1, "block_size": 16, "is_causal": true}, "candidate": "candidate", "phase": "compile_correctness"}
2026-09-07 10:22:27  [TileLang:tilelang.cache.kernel_cache:WARNING] (kernel_cache.py:342): Found kernel 'kernel' in memory cache. For better performance, consider using `@tilelang.jit` instead of direct kernel caching.
{"case": {"B": 1, "SEQ_LEN": 256, "H": 2, "HQ": 32, "D": 64, "S": 1, "block_size": 16, "is_causal": true}, "seed": 362, "status": "PASS", "call_event_ms": {"baseline": [0.014079999923706055, 0.013670399785041809, 0.013952000439167023, 0.013568000495433807], "candidate": [0.013926400244235993, 0.013670399785041809, 0.013414399325847625, 0.013593600690364837]}, "median_ms": {"baseline": 0.013811200112104415, "candidate": 0.013632000237703324}, "baseline_over_candidate": 1.0131455304633477}
{"case": {"B": 2, "SEQ_LEN": 512, "H": 2, "HQ": 32, "D": 64, "S": 1, "block_size": 16, "is_causal": true}, "candidate": "baseline", "phase": "compile_correctness"}
{"case": {"B": 2, "SEQ_LEN": 512, "H": 2, "HQ": 32, "D": 64, "S": 1, "block_size": 16, "is_causal": true}, "candidate": "candidate", "phase": "compile_correctness"}
2026-09-07 10:22:27  [TileLang:tilelang.cache.kernel_cache:WARNING] (kernel_cache.py:342): Found kernel 'kernel' in memory cache. For better performance, consider using `@tilelang.jit` instead of direct kernel caching.
{"case": {"B": 2, "SEQ_LEN": 512, "H": 2, "HQ": 32, "D": 64, "S": 1, "block_size": 16, "is_causal": true}, "seed": 362, "status": "PASS", "call_event_ms": {"baseline": [0.01950719952583313, 0.019072000682353974, 0.0193792000412941, 0.019225600361824035], "candidate": [0.018713599443435668, 0.018611200153827667, 0.018457600474357606, 0.01879040002822876]}, "median_ms": {"baseline": 0.019302400201559065, "candidate": 0.018662399798631667}, "baseline_over_candidate": 1.0342935747724322}
{"case": {"B": 1, "SEQ_LEN": 512, "H": 2, "HQ": 32, "D": 128, "S": 1, "block_size": 16, "is_causal": true}, "candidate": "baseline", "phase": "compile_correctness"}
{"case": {"B": 1, "SEQ_LEN": 512, "H": 2, "HQ": 32, "D": 128, "S": 1, "block_size": 16, "is_causal": true}, "candidate": "candidate", "phase": "compile_correctness"}
{"case": {"B": 1, "SEQ_LEN": 512, "H": 2, "HQ": 32, "D": 128, "S": 1, "block_size": 16, "is_causal": true}, "seed": 362, "status": "PASS", "call_event_ms": {"baseline": [0.01950719952583313, 0.01955839991569519, 0.01940480023622513, 0.01960960030555725], "candidate": [0.017638400197029114, 0.017023999989032746, 0.017382399737834932, 0.017459200322628023]}, "median_ms": {"baseline": 0.01953279972076416, "candidate": 0.017420800030231477}, "baseline_over_candidate": 1.1212343685059003}
{"case": {"B": 1, "SEQ_LEN": 256, "H": 1, "HQ": 16, "D": 64, "S": 2, "block_size": 16, "is_causal": true}, "candidate": "baseline", "phase": "compile_correctness"}
{"case": {"B": 1, "SEQ_LEN": 256, "H": 1, "HQ": 16, "D": 64, "S": 2, "block_size": 16, "is_causal": true}, "candidate": "candidate", "phase": "compile_correctness"}
2026-09-07 10:22:27  [TileLang:tilelang.cache.kernel_cache:WARNING] (kernel_cache.py:342): Found kernel 'kernel' in memory cache. For better performance, consider using `@tilelang.jit` instead of direct kernel caching.
{"case": {"B": 1, "SEQ_LEN": 256, "H": 1, "HQ": 16, "D": 64, "S": 2, "block_size": 16, "is_causal": true}, "seed": 362, "status": "PASS", "call_event_ms": {"baseline": [0.013542400300502777, 0.013875199854373932, 0.014950400590896607, 0.013900800049304963], "candidate": [0.013593600690364837, 0.014028799533843995, 0.013849599659442902, 0.013107199966907502]}, "median_ms": {"baseline": 0.013887999951839447, "candidate": 0.01372160017490387}, "baseline_over_candidate": 1.0121268492606215}
{"case": {"B": 2, "SEQ_LEN": 512, "H": 1, "HQ": 16, "D": 64, "S": 2, "block_size": 16, "is_causal": true}, "candidate": "baseline", "phase": "compile_correctness"}
{"case": {"B": 2, "SEQ_LEN": 512, "H": 1, "HQ": 16, "D": 64, "S": 2, "block_size": 16, "is_causal": true}, "candidate": "candidate", "phase": "compile_correctness"}
{"case": {"B": 2, "SEQ_LEN": 512, "H": 1, "HQ": 16, "D": 64, "S": 2, "block_size": 16, "is_causal": true}, "seed": 362, "status": "PASS", "call_event_ms": {"baseline": [0.019968000054359437, 0.020428800582885744, 0.020300799608230592, 0.019968000054359437], "candidate": [0.01454080045223236, 0.01451520025730133, 0.014182400703430176, 0.01456640064716339]}, "median_ms": {"baseline": 0.020134399831295016, "candidate": 0.014528000354766845}, "baseline_over_candidate": 1.3859030382449455}
{"case": {"B": 4, "SEQ_LEN": 1024, "H": 1, "HQ": 16, "D": 64, "S": 2, "block_size": 16, "is_causal": true}, "candidate": "baseline", "phase": "compile_correctness"}
{"case": {"B": 4, "SEQ_LEN": 1024, "H": 1, "HQ": 16, "D": 64, "S": 2, "block_size": 16, "is_causal": true}, "candidate": "candidate", "phase": "compile_correctness"}
{"case": {"B": 4, "SEQ_LEN": 1024, "H": 1, "HQ": 16, "D": 64, "S": 2, "block_size": 16, "is_causal": true}, "seed": 362, "status": "PASS", "call_event_ms": {"baseline": [0.05125120282173157, 0.05125120282173157, 0.0517632007598877, 0.05125120282173157], "candidate": [0.042828801274299624, 0.04262399971485138, 0.042752000689506534, 0.042393600940704344]}, "median_ms": {"baseline": 0.05125120282173157, "candidate": 0.04268800020217896}, "baseline_over_candidate": 1.200599760564926}
{"case": {"B": 1, "SEQ_LEN": 256, "H": 1, "HQ": 16, "D": 64, "S": 4, "block_size": 16, "is_causal": true}, "candidate": "baseline", "phase": "compile_correctness"}
{"case": {"B": 1, "SEQ_LEN": 256, "H": 1, "HQ": 16, "D": 64, "S": 4, "block_size": 16, "is_causal": true}, "candidate": "candidate", "phase": "compile_correctness"}
2026-09-07 10:22:28  [TileLang:tilelang.cache.kernel_cache:WARNING] (kernel_cache.py:342): Found kernel 'kernel' in memory cache. For better performance, consider using `@tilelang.jit` instead of direct kernel caching.
{"case": {"B": 1, "SEQ_LEN": 256, "H": 1, "HQ": 16, "D": 64, "S": 4, "block_size": 16, "is_causal": true}, "seed": 362, "status": "PASS", "call_event_ms": {"baseline": [0.016204799711704253, 0.01676799952983856, 0.01646080017089844, 0.01646080017089844], "candidate": [0.01669120043516159, 0.01681919991970062, 0.01653759926557541, 0.016358399391174318]}, "median_ms": {"baseline": 0.01646080017089844, "candidate": 0.0166143998503685}, "baseline_over_candidate": 0.9907550269131957}
{"case": {"B": 2, "SEQ_LEN": 512, "H": 1, "HQ": 16, "D": 64, "S": 4, "block_size": 16, "is_causal": true}, "candidate": "baseline", "phase": "compile_correctness"}
{"case": {"B": 2, "SEQ_LEN": 512, "H": 1, "HQ": 16, "D": 64, "S": 4, "block_size": 16, "is_causal": true}, "candidate": "candidate", "phase": "compile_correctness"}
2026-09-07 10:22:28  [TileLang:tilelang.cache.kernel_cache:WARNING] (kernel_cache.py:342): Found kernel 'kernel' in memory cache. For better performance, consider using `@tilelang.jit` instead of direct kernel caching.
{"case": {"B": 2, "SEQ_LEN": 512, "H": 1, "HQ": 16, "D": 64, "S": 4, "block_size": 16, "is_causal": true}, "seed": 362, "status": "PASS", "call_event_ms": {"baseline": [0.029260799288749695, 0.029721599817276, 0.029747200012207032, 0.029900801181793214], "candidate": [0.02969599962234497, 0.029491201043128967, 0.02964479923248291, 0.029798400402069092]}, "median_ms": {"baseline": 0.029734399914741517, "candidate": 0.02967039942741394}, "baseline_over_candidate": 1.002157048390405}
{"case": {"B": 4, "SEQ_LEN": 1024, "H": 1, "HQ": 16, "D": 64, "S": 4, "block_size": 16, "is_causal": true}, "candidate": "baseline", "phase": "compile_correctness"}
{"case": {"B": 4, "SEQ_LEN": 1024, "H": 1, "HQ": 16, "D": 64, "S": 4, "block_size": 16, "is_causal": true}, "candidate": "candidate", "phase": "compile_correctness"}
2026-09-07 10:22:29  [TileLang:tilelang.cache.kernel_cache:WARNING] (kernel_cache.py:342): Found kernel 'kernel' in memory cache. For better performance, consider using `@tilelang.jit` instead of direct kernel caching.
{"case": {"B": 4, "SEQ_LEN": 1024, "H": 1, "HQ": 16, "D": 64, "S": 4, "block_size": 16, "is_causal": true}, "seed": 362, "status": "PASS", "call_event_ms": {"baseline": [0.07841280102729797, 0.07907840013504028, 0.0800000011920929, 0.07930880188941955], "candidate": [0.07948799729347229, 0.0791808009147644, 0.07933440208435058, 0.07941120266914367]}, "median_ms": {"baseline": 0.07919360101222991, "candidate": 0.07937280237674713}, "baseline_over_candidate": 0.9977422825054529}
{"case": {"B": 1, "SEQ_LEN": 256, "H": 1, "HQ": 16, "D": 64, "S": 8, "block_size": 16, "is_causal": true}, "candidate": "baseline", "phase": "compile_correctness"}
{"case": {"B": 1, "SEQ_LEN": 256, "H": 1, "HQ": 16, "D": 64, "S": 8, "block_size": 16, "is_causal": true}, "candidate": "candidate", "phase": "compile_correctness"}
2026-09-07 10:22:29  [TileLang:tilelang.cache.kernel_cache:WARNING] (kernel_cache.py:342): Found kernel 'kernel' in memory cache. For better performance, consider using `@tilelang.jit` instead of direct kernel caching.
{"case": {"B": 1, "SEQ_LEN": 256, "H": 1, "HQ": 16, "D": 64, "S": 8, "block_size": 16, "is_causal": true}, "seed": 362, "status": "PASS", "call_event_ms": {"baseline": [0.024831999838352204, 0.02526719868183136, 0.025164800882339477, 0.02534399926662445], "candidate": [0.025139200687408447, 0.025216001272201537, 0.025241601467132568, 0.02539519965648651]}, "median_ms": {"baseline": 0.02521599978208542, "candidate": 0.025228801369667053}, "baseline_over_candidate": 0.9994925804284533}
{"case": {"B": 2, "SEQ_LEN": 512, "H": 1, "HQ": 16, "D": 64, "S": 8, "block_size": 16, "is_causal": true}, "candidate": "baseline", "phase": "compile_correctness"}
{"case": {"B": 2, "SEQ_LEN": 512, "H": 1, "HQ": 16, "D": 64, "S": 8, "block_size": 16, "is_causal": true}, "candidate": "candidate", "phase": "compile_correctness"}
2026-09-07 10:22:29  [TileLang:tilelang.cache.kernel_cache:WARNING] (kernel_cache.py:342): Found kernel 'kernel' in memory cache. For better performance, consider using `@tilelang.jit` instead of direct kernel caching.
{"case": {"B": 2, "SEQ_LEN": 512, "H": 1, "HQ": 16, "D": 64, "S": 8, "block_size": 16, "is_causal": true}, "seed": 362, "status": "PASS", "call_event_ms": {"baseline": [0.04170239865779877, 0.04195840060710907, 0.04180479943752289, 0.04206080138683319], "candidate": [0.04188160002231598, 0.04208639860153198, 0.0419840008020401, 0.04193280041217804]}, "median_ms": {"baseline": 0.04188160002231598, "candidate": 0.04195840060710907}, "baseline_over_candidate": 0.9981696017083149}
{"case": {"B": 4, "SEQ_LEN": 1024, "H": 1, "HQ": 16, "D": 64, "S": 8, "block_size": 16, "is_causal": true}, "candidate": "baseline", "phase": "compile_correctness"}
{"case": {"B": 4, "SEQ_LEN": 1024, "H": 1, "HQ": 16, "D": 64, "S": 8, "block_size": 16, "is_causal": true}, "candidate": "candidate", "phase": "compile_correctness"}
2026-09-07 10:22:29  [TileLang:tilelang.cache.kernel_cache:WARNING] (kernel_cache.py:342): Found kernel 'kernel' in memory cache. For better performance, consider using `@tilelang.jit` instead of direct kernel caching.
{"case": {"B": 4, "SEQ_LEN": 1024, "H": 1, "HQ": 16, "D": 64, "S": 8, "block_size": 16, "is_causal": true}, "seed": 362, "status": "PASS", "call_event_ms": {"baseline": [0.12413439750671387, 0.12372479438781739, 0.12387839555740357, 0.12377599477767945], "candidate": [0.12385280132293701, 0.12364799976348877, 0.12367360591888428, 0.12392959594726563]}, "median_ms": {"baseline": 0.12382719516754151, "candidate": 0.12376320362091064}, "baseline_over_candidate": 1.000517048240177}
{"case": {"B": 1, "SEQ_LEN": 1024, "H": 1, "HQ": 16, "D": 128, "S": 1, "block_size": 32, "is_causal": true}, "candidate": "baseline", "phase": "compile_correctness"}
{"case": {"B": 1, "SEQ_LEN": 1024, "H": 1, "HQ": 16, "D": 128, "S": 1, "block_size": 32, "is_causal": true}, "candidate": "candidate", "phase": "compile_correctness"}
{"case": {"B": 1, "SEQ_LEN": 1024, "H": 1, "HQ": 16, "D": 128, "S": 1, "block_size": 32, "is_causal": true}, "seed": 362, "status": "PASS", "call_event_ms": {"baseline": [0.02447360008955002, 0.024985599517822265, 0.024883200228214265, 0.024806399643421174], "candidate": [0.022144000232219695, 0.02242559939622879, 0.022169600427150726, 0.02232320010662079]}, "median_ms": {"baseline": 0.02484479993581772, "candidate": 0.022246400266885756}, "baseline_over_candidate": 1.116800904315281}
{"case": {"B": 2, "SEQ_LEN": 1024, "H": 1, "HQ": 16, "D": 128, "S": 1, "block_size": 32, "is_causal": true}, "candidate": "baseline", "phase": "compile_correctness"}
{"case": {"B": 2, "SEQ_LEN": 1024, "H": 1, "HQ": 16, "D": 128, "S": 1, "block_size": 32, "is_causal": true}, "candidate": "candidate", "phase": "compile_correctness"}
{"case": {"B": 2, "SEQ_LEN": 1024, "H": 1, "HQ": 16, "D": 128, "S": 1, "block_size": 32, "is_causal": true}, "seed": 362, "status": "PASS", "call_event_ms": {"baseline": [0.04510720074176788, 0.04510720074176788, 0.04497919976711273, 0.04503040015697479], "candidate": [0.03535360097885132, 0.03553279936313629, 0.03558399975299835, 0.03540480136871338]}, "median_ms": {"baseline": 0.04506880044937134, "candidate": 0.035468800365924834}, "baseline_over_candidate": 1.270660410964147}
{"case": {"B": 4, "SEQ_LEN": 512, "H": 1, "HQ": 16, "D": 128, "S": 1, "block_size": 32, "is_causal": true}, "candidate": "baseline", "phase": "compile_correctness"}
{"case": {"B": 4, "SEQ_LEN": 512, "H": 1, "HQ": 16, "D": 128, "S": 1, "block_size": 32, "is_causal": true}, "candidate": "candidate", "phase": "compile_correctness"}
{"case": {"B": 4, "SEQ_LEN": 512, "H": 1, "HQ": 16, "D": 128, "S": 1, "block_size": 32, "is_causal": true}, "seed": 362, "status": "PASS", "call_event_ms": {"baseline": [0.04487679898738861, 0.045132800936698914, 0.045184001326560974, 0.04508160054683685], "candidate": [0.03583999872207642, 0.03558399975299835, 0.03589119911193848, 0.03578880131244659]}, "median_ms": {"baseline": 0.04510720074176788, "candidate": 0.03581440001726151}, "baseline_over_candidate": 1.2594710708549497}
{"case": {"B": 8, "SEQ_LEN": 256, "H": 1, "HQ": 16, "D": 128, "S": 1, "block_size": 32, "is_causal": true}, "candidate": "baseline", "phase": "compile_correctness"}
{"case": {"B": 8, "SEQ_LEN": 256, "H": 1, "HQ": 16, "D": 128, "S": 1, "block_size": 32, "is_causal": true}, "candidate": "candidate", "phase": "compile_correctness"}
{"case": {"B": 8, "SEQ_LEN": 256, "H": 1, "HQ": 16, "D": 128, "S": 1, "block_size": 32, "is_causal": true}, "seed": 362, "status": "PASS", "call_event_ms": {"baseline": [0.046105599403381346, 0.045900800824165346, 0.046003198623657225, 0.045977601408958436], "candidate": [0.03614720106124878, 0.03614720106124878, 0.03612160086631775, 0.03601920008659363]}, "median_ms": {"baseline": 0.04599040001630783, "candidate": 0.036134400963783266}, "baseline_over_candidate": 1.2727594422390736}
{"case": {"B": 1, "SEQ_LEN": 2048, "H": 1, "HQ": 16, "D": 32, "S": 1, "block_size": 16, "is_causal": true}, "candidate": "baseline", "phase": "compile_correctness"}
{"case": {"B": 1, "SEQ_LEN": 2048, "H": 1, "HQ": 16, "D": 32, "S": 1, "block_size": 16, "is_causal": true}, "candidate": "candidate", "phase": "compile_correctness"}
2026-09-07 10:22:30  [TileLang:tilelang.cache.kernel_cache:WARNING] (kernel_cache.py:342): Found kernel 'kernel' in memory cache. For better performance, consider using `@tilelang.jit` instead of direct kernel caching.
{"case": {"B": 1, "SEQ_LEN": 2048, "H": 1, "HQ": 16, "D": 32, "S": 1, "block_size": 16, "is_causal": true}, "seed": 362, "status": "PASS", "call_event_ms": {"baseline": [0.014412799477577209, 0.013542400300502777, 0.014054399728775025, 0.014131200313568116], "candidate": [0.014105600118637086, 0.01377280056476593, 0.013926400244235993, 0.013312000036239623]}, "median_ms": {"baseline": 0.01409280002117157, "candidate": 0.01384960040450096}, "baseline_over_candidate": 1.017560045746271}
{"case": {"B": 4, "SEQ_LEN": 2048, "H": 1, "HQ": 16, "D": 32, "S": 1, "block_size": 16, "is_causal": true}, "candidate": "baseline", "phase": "compile_correctness"}
{"case": {"B": 4, "SEQ_LEN": 2048, "H": 1, "HQ": 16, "D": 32, "S": 1, "block_size": 16, "is_causal": true}, "candidate": "candidate", "phase": "compile_correctness"}
{"case": {"B": 4, "SEQ_LEN": 2048, "H": 1, "HQ": 16, "D": 32, "S": 1, "block_size": 16, "is_causal": true}, "seed": 362, "status": "PASS", "call_event_ms": {"baseline": [0.02590720057487488, 0.025241601467132568, 0.025241601467132568, 0.02531839907169342], "candidate": [0.0247296005487442, 0.024268800020217897, 0.024396799504756927, 0.024217599630355836]}, "median_ms": {"baseline": 0.025280000269412996, "candidate": 0.024332799762487412}, "baseline_over_candidate": 1.038926901802144}
{"case": {"B": 8, "SEQ_LEN": 2048, "H": 1, "HQ": 16, "D": 32, "S": 1, "block_size": 16, "is_causal": true}, "candidate": "baseline", "phase": "compile_correctness"}
{"case": {"B": 8, "SEQ_LEN": 2048, "H": 1, "HQ": 16, "D": 32, "S": 1, "block_size": 16, "is_causal": true}, "candidate": "candidate", "phase": "compile_correctness"}
{"case": {"B": 8, "SEQ_LEN": 2048, "H": 1, "HQ": 16, "D": 32, "S": 1, "block_size": 16, "is_causal": true}, "seed": 362, "status": "PASS", "call_event_ms": {"baseline": [0.04185599982738495, 0.04190720021724701, 0.042444801330566405, 0.0417279988527298], "candidate": [0.040601599216461184, 0.040217599272727965, 0.040652799606323245, 0.040627199411392215]}, "median_ms": {"baseline": 0.04188160002231598, "candidate": 0.0406143993139267}, "baseline_over_candidate": 1.0312007743508533}
{"case": {"B": 1, "SEQ_LEN": 48, "H": 1, "HQ": 16, "D": 32, "S": 1, "block_size": 16, "is_causal": true}, "candidate": "baseline", "phase": "compile_correctness"}
{"case": {"B": 1, "SEQ_LEN": 48, "H": 1, "HQ": 16, "D": 32, "S": 1, "block_size": 16, "is_causal": true}, "candidate": "candidate", "phase": "compile_correctness"}
2026-09-07 10:22:31  [TileLang:tilelang.cache.kernel_cache:WARNING] (kernel_cache.py:342): Found kernel 'kernel' in memory cache. For better performance, consider using `@tilelang.jit` instead of direct kernel caching.
{"case": {"B": 1, "SEQ_LEN": 48, "H": 1, "HQ": 16, "D": 32, "S": 1, "block_size": 16, "is_causal": true}, "seed": 362, "status": "PASS", "call_event_ms": {"baseline": [0.01377280056476593, 0.014003199338912965, 0.013823999464511872, 0.01454080045223236], "candidate": [0.014131200313568116, 0.013823999464511872, 0.013542400300502777, 0.014131200313568116]}, "median_ms": {"baseline": 0.013913599401712419, "candidate": 0.013977599889039995}, "baseline_over_candidate": 0.9954212105200007}
{"case": {"B": 2, "SEQ_LEN": 48, "H": 1, "HQ": 16, "D": 32, "S": 1, "block_size": 16, "is_causal": true}, "candidate": "baseline", "phase": "compile_correctness"}
{"case": {"B": 2, "SEQ_LEN": 48, "H": 1, "HQ": 16, "D": 32, "S": 1, "block_size": 16, "is_causal": true}, "candidate": "candidate", "phase": "compile_correctness"}
2026-09-07 10:22:31  [TileLang:tilelang.cache.kernel_cache:WARNING] (kernel_cache.py:342): Found kernel 'kernel' in memory cache. For better performance, consider using `@tilelang.jit` instead of direct kernel caching.
{"case": {"B": 2, "SEQ_LEN": 48, "H": 1, "HQ": 16, "D": 32, "S": 1, "block_size": 16, "is_causal": true}, "seed": 362, "status": "PASS", "call_event_ms": {"baseline": [0.013849599659442902, 0.014028799533843995, 0.013312000036239623, 0.0166143998503685], "candidate": [0.014079999923706055, 0.013337600231170654, 0.014079999923706055, 0.014336000382900237]}, "median_ms": {"baseline": 0.01393919959664345, "candidate": 0.014079999923706055}, "baseline_over_candidate": 0.9899999767169355}
{"case": {"B": 4, "SEQ_LEN": 48, "H": 1, "HQ": 16, "D": 32, "S": 1, "block_size": 16, "is_causal": true}, "candidate": "baseline", "phase": "compile_correctness"}
{"case": {"B": 4, "SEQ_LEN": 48, "H": 1, "HQ": 16, "D": 32, "S": 1, "block_size": 16, "is_causal": true}, "candidate": "candidate", "phase": "compile_correctness"}
2026-09-07 10:22:32  [TileLang:tilelang.cache.kernel_cache:WARNING] (kernel_cache.py:342): Found kernel 'kernel' in memory cache. For better performance, consider using `@tilelang.jit` instead of direct kernel caching.
{"case": {"B": 4, "SEQ_LEN": 48, "H": 1, "HQ": 16, "D": 32, "S": 1, "block_size": 16, "is_causal": true}, "seed": 362, "status": "PASS", "call_event_ms": {"baseline": [0.013465599715709686, 0.013337600231170654, 0.014003199338912965, 0.014745600521564484], "candidate": [0.013977600634098053, 0.013568000495433807, 0.013337600231170654, 0.014105600118637086]}, "median_ms": {"baseline": 0.013734399527311324, "candidate": 0.01377280056476593}, "baseline_over_candidate": 0.9972118206987731}
{"case": {"B": 8, "SEQ_LEN": 48, "H": 1, "HQ": 16, "D": 32, "S": 1, "block_size": 16, "is_causal": true}, "candidate": "baseline", "phase": "compile_correctness"}
{"case": {"B": 8, "SEQ_LEN": 48, "H": 1, "HQ": 16, "D": 32, "S": 1, "block_size": 16, "is_causal": true}, "candidate": "candidate", "phase": "compile_correctness"}
2026-09-07 10:22:32  [TileLang:tilelang.cache.kernel_cache:WARNING] (kernel_cache.py:342): Found kernel 'kernel' in memory cache. For better performance, consider using `@tilelang.jit` instead of direct kernel caching.
{"case": {"B": 8, "SEQ_LEN": 48, "H": 1, "HQ": 16, "D": 32, "S": 1, "block_size": 16, "is_causal": true}, "seed": 362, "status": "PASS", "call_event_ms": {"baseline": [0.014259199798107147, 0.013184000551700593, 0.013516800105571746, 0.01515520066022873], "candidate": [0.013875199854373932, 0.013491199910640716, 0.013798399269580841, 0.014284799993038177]}, "median_ms": {"baseline": 0.013887999951839446, "candidate": 0.013836799561977387}, "baseline_over_candidate": 1.0037003058136909}
{"case": {"B": 1, "SEQ_LEN": 96, "H": 1, "HQ": 16, "D": 32, "S": 1, "block_size": 16, "is_causal": true}, "candidate": "baseline", "phase": "compile_correctness"}
{"case": {"B": 1, "SEQ_LEN": 96, "H": 1, "HQ": 16, "D": 32, "S": 1, "block_size": 16, "is_causal": true}, "candidate": "candidate", "phase": "compile_correctness"}
2026-09-07 10:22:32  [TileLang:tilelang.cache.kernel_cache:WARNING] (kernel_cache.py:342): Found kernel 'kernel' in memory cache. For better performance, consider using `@tilelang.jit` instead of direct kernel caching.
{"case": {"B": 1, "SEQ_LEN": 96, "H": 1, "HQ": 16, "D": 32, "S": 1, "block_size": 16, "is_causal": true}, "seed": 362, "status": "PASS", "call_event_ms": {"baseline": [0.014720000326633453, 0.014079999923706055, 0.013439999520778656, 0.013875199854373932], "candidate": [0.014336000382900237, 0.013388800621032714, 0.01451520025730133, 0.01377280056476593]}, "median_ms": {"baseline": 0.013977599889039995, "candidate": 0.014054400473833084}, "baseline_over_candidate": 0.9945354777006619}
{"case": {"B": 2, "SEQ_LEN": 96, "H": 1, "HQ": 16, "D": 32, "S": 1, "block_size": 16, "is_causal": true}, "candidate": "baseline", "phase": "compile_correctness"}
{"case": {"B": 2, "SEQ_LEN": 96, "H": 1, "HQ": 16, "D": 32, "S": 1, "block_size": 16, "is_causal": true}, "candidate": "candidate", "phase": "compile_correctness"}
2026-09-07 10:22:32  [TileLang:tilelang.cache.kernel_cache:WARNING] (kernel_cache.py:342): Found kernel 'kernel' in memory cache. For better performance, consider using `@tilelang.jit` instead of direct kernel caching.
{"case": {"B": 2, "SEQ_LEN": 96, "H": 1, "HQ": 16, "D": 32, "S": 1, "block_size": 16, "is_causal": true}, "seed": 362, "status": "PASS", "call_event_ms": {"baseline": [0.013926400244235993, 0.013849599659442902, 0.014924800395965577, 0.014105600118637086], "candidate": [0.0137472003698349, 0.013337600231170654, 0.013516800105571746, 0.012518399953842163]}, "median_ms": {"baseline": 0.01401600018143654, "candidate": 0.0134272001683712}, "baseline_over_candidate": 1.0438512873631172}
{"case": {"B": 4, "SEQ_LEN": 96, "H": 1, "HQ": 16, "D": 32, "S": 1, "block_size": 16, "is_causal": true}, "candidate": "baseline", "phase": "compile_correctness"}
{"case": {"B": 4, "SEQ_LEN": 96, "H": 1, "HQ": 16, "D": 32, "S": 1, "block_size": 16, "is_causal": true}, "candidate": "candidate", "phase": "compile_correctness"}
2026-09-07 10:22:32  [TileLang:tilelang.cache.kernel_cache:WARNING] (kernel_cache.py:342): Found kernel 'kernel' in memory cache. For better performance, consider using `@tilelang.jit` instead of direct kernel caching.
{"case": {"B": 4, "SEQ_LEN": 96, "H": 1, "HQ": 16, "D": 32, "S": 1, "block_size": 16, "is_causal": true}, "seed": 362, "status": "PASS", "call_event_ms": {"baseline": [0.01372160017490387, 0.013491199910640716, 0.013363200426101684, 0.016383999586105348], "candidate": [0.013875199854373932, 0.013900800049304963, 0.013619199395179749, 0.013184000551700593]}, "median_ms": {"baseline": 0.013606400042772294, "candidate": 0.01374719962477684}, "baseline_over_candidate": 0.9897579444652291}
{"case": {"B": 8, "SEQ_LEN": 96, "H": 1, "HQ": 16, "D": 32, "S": 1, "block_size": 16, "is_causal": true}, "candidate": "baseline", "phase": "compile_correctness"}
{"case": {"B": 8, "SEQ_LEN": 96, "H": 1, "HQ": 16, "D": 32, "S": 1, "block_size": 16, "is_causal": true}, "candidate": "candidate", "phase": "compile_correctness"}
2026-09-07 10:22:33  [TileLang:tilelang.cache.kernel_cache:WARNING] (kernel_cache.py:342): Found kernel 'kernel' in memory cache. For better performance, consider using `@tilelang.jit` instead of direct kernel caching.
{"case": {"B": 8, "SEQ_LEN": 96, "H": 1, "HQ": 16, "D": 32, "S": 1, "block_size": 16, "is_causal": true}, "seed": 362, "status": "PASS", "call_event_ms": {"baseline": [0.013593600690364837, 0.0144896000623703, 0.014694400131702423, 0.013593600690364837], "candidate": [0.01369599997997284, 0.013286399841308593, 0.013363200426101684, 0.014259199798107147]}, "median_ms": {"baseline": 0.014041600376367569, "candidate": 0.013529600203037262}, "baseline_over_candidate": 1.0378429639935234}
{"case": {"B": 1, "SEQ_LEN": 4096, "H": 1, "HQ": 16, "D": 64, "S": 1, "block_size": 16, "is_causal": true}, "candidate": "baseline", "phase": "compile_correctness"}
{"case": {"B": 1, "SEQ_LEN": 4096, "H": 1, "HQ": 16, "D": 64, "S": 1, "block_size": 16, "is_causal": true}, "candidate": "candidate", "phase": "compile_correctness"}
2026-09-07 10:22:33  [TileLang:tilelang.cache.kernel_cache:WARNING] (kernel_cache.py:342): Found kernel 'kernel' in memory cache. For better performance, consider using `@tilelang.jit` instead of direct kernel caching.
{"case": {"B": 1, "SEQ_LEN": 4096, "H": 1, "HQ": 16, "D": 64, "S": 1, "block_size": 16, "is_causal": true}, "seed": 362, "status": "PASS", "call_event_ms": {"baseline": [0.030028799176216127, 0.03054080009460449, 0.030131199955940248, 0.029849600791931153], "candidate": [0.030156800150871278, 0.029747200012207032, 0.029926401376724244, 0.029440000653266907]}, "median_ms": {"baseline": 0.030079999566078187, "candidate": 0.029836800694465638}, "baseline_over_candidate": 1.008150970142642}
{"case": {"B": 1, "SEQ_LEN": 4096, "H": 1, "HQ": 16, "D": 128, "S": 1, "block_size": 16, "is_causal": true}, "candidate": "baseline", "phase": "compile_correctness"}
{"case": {"B": 1, "SEQ_LEN": 4096, "H": 1, "HQ": 16, "D": 128, "S": 1, "block_size": 16, "is_causal": true}, "candidate": "candidate", "phase": "compile_correctness"}
{"case": {"B": 1, "SEQ_LEN": 4096, "H": 1, "HQ": 16, "D": 128, "S": 1, "block_size": 16, "is_causal": true}, "seed": 362, "status": "PASS", "call_event_ms": {"baseline": [0.05772799849510193, 0.0574720025062561, 0.05806080102920532, 0.05811200141906738], "candidate": [0.05058559775352478, 0.04991999864578247, 0.05058559775352478, 0.05053439736366272]}, "median_ms": {"baseline": 0.057894399762153624, "candidate": 0.05055999755859375}, "baseline_over_candidate": 1.1450633417270257}
{"case": {"B": 2, "SEQ_LEN": 4096, "H": 1, "HQ": 16, "D": 64, "S": 1, "block_size": 16, "is_causal": true}, "candidate": "baseline", "phase": "compile_correctness"}
{"case": {"B": 2, "SEQ_LEN": 4096, "H": 1, "HQ": 16, "D": 64, "S": 1, "block_size": 16, "is_causal": true}, "candidate": "candidate", "phase": "compile_correctness"}
2026-09-07 10:22:34  [TileLang:tilelang.cache.kernel_cache:WARNING] (kernel_cache.py:342): Found kernel 'kernel' in memory cache. For better performance, consider using `@tilelang.jit` instead of direct kernel caching.
{"case": {"B": 2, "SEQ_LEN": 4096, "H": 1, "HQ": 16, "D": 64, "S": 1, "block_size": 16, "is_causal": true}, "seed": 362, "status": "PASS", "call_event_ms": {"baseline": [0.050406402349472045, 0.050995200872421265, 0.050944000482559204, 0.050483202934265135], "candidate": [0.05132799744606018, 0.05015040040016174, 0.0502016007900238, 0.05135359764099121]}, "median_ms": {"baseline": 0.05071360170841217, "candidate": 0.05076479911804199}, "baseline_over_candidate": 0.9989914781399849}
{"case": {"B": 4, "SEQ_LEN": 4096, "H": 1, "HQ": 16, "D": 64, "S": 1, "block_size": 16, "is_causal": true}, "candidate": "baseline", "phase": "compile_correctness"}
{"case": {"B": 4, "SEQ_LEN": 4096, "H": 1, "HQ": 16, "D": 64, "S": 1, "block_size": 16, "is_causal": true}, "candidate": "candidate", "phase": "compile_correctness"}
2026-09-07 10:22:34  [TileLang:tilelang.cache.kernel_cache:WARNING] (kernel_cache.py:342): Found kernel 'kernel' in memory cache. For better performance, consider using `@tilelang.jit` instead of direct kernel caching.
{"case": {"B": 4, "SEQ_LEN": 4096, "H": 1, "HQ": 16, "D": 64, "S": 1, "block_size": 16, "is_causal": true}, "seed": 362, "status": "PASS", "call_event_ms": {"baseline": [0.09031680226325989, 0.09093120098114013, 0.08985599875450134, 0.0902400016784668], "candidate": [0.09013760089874268, 0.09049599766731262, 0.08962560296058655, 0.08942080140113831]}, "median_ms": {"baseline": 0.09027840197086334, "candidate": 0.08988160192966461}, "baseline_over_candidate": 1.0044146970312038}
{"case": {"B": 8, "SEQ_LEN": 4096, "H": 1, "HQ": 16, "D": 64, "S": 1, "block_size": 16, "is_causal": true}, "candidate": "baseline", "phase": "compile_correctness"}
{"case": {"B": 8, "SEQ_LEN": 4096, "H": 1, "HQ": 16, "D": 64, "S": 1, "block_size": 16, "is_causal": true}, "candidate": "candidate", "phase": "compile_correctness"}
2026-09-07 10:22:35  [TileLang:tilelang.cache.kernel_cache:WARNING] (kernel_cache.py:342): Found kernel 'kernel' in memory cache. For better performance, consider using `@tilelang.jit` instead of direct kernel caching.
{"case": {"B": 8, "SEQ_LEN": 4096, "H": 1, "HQ": 16, "D": 64, "S": 1, "block_size": 16, "is_causal": true}, "seed": 362, "status": "PASS", "call_event_ms": {"baseline": [0.16870399713516235, 0.16888320446014404, 0.17082879543304444, 0.16847360134124756], "candidate": [0.1708799958229065, 0.16931840181350707, 0.16852480173110962, 0.16903680562973022]}, "median_ms": {"baseline": 0.1687936007976532, "candidate": 0.16917760372161866}, "baseline_over_candidate": 0.9977301787262732}
{"case": {"B": 1, "SEQ_LEN": 8192, "H": 1, "HQ": 16, "D": 64, "S": 1, "block_size": 16, "is_causal": true}, "candidate": "baseline", "phase": "compile_correctness"}
{"case": {"B": 1, "SEQ_LEN": 8192, "H": 1, "HQ": 16, "D": 64, "S": 1, "block_size": 16, "is_causal": true}, "candidate": "candidate", "phase": "compile_correctness"}
2026-09-07 10:22:35  [TileLang:tilelang.cache.kernel_cache:WARNING] (kernel_cache.py:342): Found kernel 'kernel' in memory cache. For better performance, consider using `@tilelang.jit` instead of direct kernel caching.
{"case": {"B": 1, "SEQ_LEN": 8192, "H": 1, "HQ": 16, "D": 64, "S": 1, "block_size": 16, "is_causal": true}, "seed": 362, "status": "PASS", "call_event_ms": {"baseline": [0.050892800092697144, 0.04999679923057556, 0.05030400156974792, 0.0502016007900238], "candidate": [0.050892800092697144, 0.05145599842071533, 0.05071359872817993, 0.05135359764099121]}, "median_ms": {"baseline": 0.05025280117988586, "candidate": 0.051123198866844174}, "baseline_over_candidate": 0.9829745065596276}
{"case": {"B": 1, "SEQ_LEN": 8192, "H": 1, "HQ": 16, "D": 128, "S": 1, "block_size": 16, "is_causal": true}, "candidate": "baseline", "phase": "compile_correctness"}
{"case": {"B": 1, "SEQ_LEN": 8192, "H": 1, "HQ": 16, "D": 128, "S": 1, "block_size": 16, "is_causal": true}, "candidate": "candidate", "phase": "compile_correctness"}
{"case": {"B": 1, "SEQ_LEN": 8192, "H": 1, "HQ": 16, "D": 128, "S": 1, "block_size": 16, "is_causal": true}, "seed": 362, "status": "PASS", "call_event_ms": {"baseline": [0.10421760082244873, 0.10603519678115844, 0.10321919918060303, 0.1028607964515686], "candidate": [0.09441279768943786, 0.09500160217285156, 0.09408000111579895, 0.09402880072593689]}, "median_ms": {"baseline": 0.10371840000152588, "candidate": 0.0942463994026184}, "baseline_over_candidate": 1.1005025195545488}
{"case": {"B": 2, "SEQ_LEN": 8192, "H": 1, "HQ": 16, "D": 64, "S": 1, "block_size": 16, "is_causal": true}, "candidate": "baseline", "phase": "compile_correctness"}
{"case": {"B": 2, "SEQ_LEN": 8192, "H": 1, "HQ": 16, "D": 64, "S": 1, "block_size": 16, "is_causal": true}, "candidate": "candidate", "phase": "compile_correctness"}
2026-09-07 10:22:36  [TileLang:tilelang.cache.kernel_cache:WARNING] (kernel_cache.py:342): Found kernel 'kernel' in memory cache. For better performance, consider using `@tilelang.jit` instead of direct kernel caching.
{"case": {"B": 2, "SEQ_LEN": 8192, "H": 1, "HQ": 16, "D": 64, "S": 1, "block_size": 16, "is_causal": true}, "seed": 362, "status": "PASS", "call_event_ms": {"baseline": [0.0894976019859314, 0.09054719805717468, 0.09448959827423095, 0.09031680226325989], "candidate": [0.09103360176086425, 0.091212797164917, 0.09006080031394958, 0.0901632010936737]}, "median_ms": {"baseline": 0.09043200016021728, "candidate": 0.09059840142726898}, "baseline_over_candidate": 0.9981633090161609}
{"case": {"B": 4, "SEQ_LEN": 8192, "H": 1, "HQ": 16, "D": 32, "S": 1, "block_size": 16, "is_causal": true}, "candidate": "baseline", "phase": "compile_correctness"}
{"case": {"B": 4, "SEQ_LEN": 8192, "H": 1, "HQ": 16, "D": 32, "S": 1, "block_size": 16, "is_causal": true}, "candidate": "candidate", "phase": "compile_correctness"}
{"case": {"B": 4, "SEQ_LEN": 8192, "H": 1, "HQ": 16, "D": 32, "S": 1, "block_size": 16, "is_causal": true}, "seed": 362, "status": "PASS", "call_event_ms": {"baseline": [0.07564799785614014, 0.07577599883079529, 0.0753920018672943, 0.0754688024520874], "candidate": [0.07203840017318726, 0.07306240200996399, 0.07201279997825623, 0.07193599939346314]}, "median_ms": {"baseline": 0.07555840015411378, "candidate": 0.07202560007572174}, "baseline_over_candidate": 1.0490492279783568}
{"case": {"B": 1, "SEQ_LEN": 16384, "H": 1, "HQ": 16, "D": 32, "S": 1, "block_size": 16, "is_causal": true}, "candidate": "baseline", "phase": "compile_correctness"}
{"case": {"B": 1, "SEQ_LEN": 16384, "H": 1, "HQ": 16, "D": 32, "S": 1, "block_size": 16, "is_causal": true}, "candidate": "candidate", "phase": "compile_correctness"}
{"case": {"B": 1, "SEQ_LEN": 16384, "H": 1, "HQ": 16, "D": 32, "S": 1, "block_size": 16, "is_causal": true}, "seed": 362, "status": "PASS", "call_event_ms": {"baseline": [0.042342400550842284, 0.04213759899139404, 0.042342400550842284, 0.042419201135635375], "candidate": [0.0404992014169693, 0.040627199411392215, 0.040191999077796935, 0.040320000052452086]}, "median_ms": {"baseline": 0.042342400550842284, "candidate": 0.04040960073471069}, "baseline_over_candidate": 1.0478302131421797}
{"case": {"B": 1, "SEQ_LEN": 16384, "H": 1, "HQ": 16, "D": 64, "S": 1, "block_size": 16, "is_causal": true}, "candidate": "baseline", "phase": "compile_correctness"}
{"case": {"B": 1, "SEQ_LEN": 16384, "H": 1, "HQ": 16, "D": 64, "S": 1, "block_size": 16, "is_causal": true}, "candidate": "candidate", "phase": "compile_correctness"}
2026-09-07 10:22:38  [TileLang:tilelang.cache.kernel_cache:WARNING] (kernel_cache.py:342): Found kernel 'kernel' in memory cache. For better performance, consider using `@tilelang.jit` instead of direct kernel caching.
{"case": {"B": 1, "SEQ_LEN": 16384, "H": 1, "HQ": 16, "D": 64, "S": 1, "block_size": 16, "is_causal": true}, "seed": 362, "status": "PASS", "call_event_ms": {"baseline": [0.09290239810943604, 0.09259520173072815, 0.09310719966888428, 0.0936191976070404], "candidate": [0.0921343982219696, 0.09236479997634887, 0.09180160164833069, 0.09187840223312378]}, "median_ms": {"baseline": 0.09300479888916016, "candidate": 0.09200640022754669}, "baseline_over_candidate": 1.0108514044582144}
{"case": {"B": 2, "SEQ_LEN": 16384, "H": 1, "HQ": 16, "D": 32, "S": 1, "block_size": 16, "is_causal": true}, "candidate": "baseline", "phase": "compile_correctness"}
{"case": {"B": 2, "SEQ_LEN": 16384, "H": 1, "HQ": 16, "D": 32, "S": 1, "block_size": 16, "is_causal": true}, "candidate": "candidate", "phase": "compile_correctness"}
{"case": {"B": 2, "SEQ_LEN": 16384, "H": 1, "HQ": 16, "D": 32, "S": 1, "block_size": 16, "is_causal": true}, "seed": 362, "status": "PASS", "call_event_ms": {"baseline": [0.07677440047264099, 0.07605760097503662, 0.07616000175476074, 0.0756991982460022], "candidate": [0.0729088008403778, 0.07272959947586059, 0.07395840287208558, 0.07203840017318726]}, "median_ms": {"baseline": 0.07610880136489868, "candidate": 0.0728192001581192}, "baseline_over_candidate": 1.0451749154019334}
