Loading tilelang libs from dev root: /opt/tilelang-metax-v0.1.10/build
{"case": {"B": 1, "SEQ_LEN": 64, "H": 1, "HQ": 16, "D": 32, "S": 1, "block_size": 16, "is_causal": true}, "candidate": "baseline", "phase": "compile_correctness"}
{"case": {"B": 1, "SEQ_LEN": 64, "H": 1, "HQ": 16, "D": 32, "S": 1, "block_size": 16, "is_causal": true}, "candidate": "candidate", "phase": "compile_correctness"}
2026-09-07 11:14:30  [TileLang:tilelang.cache.kernel_cache:WARNING] (kernel_cache.py:342): Found kernel 'kernel' in memory cache. For better performance, consider using `@tilelang.jit` instead of direct kernel caching.
{"case": {"B": 1, "SEQ_LEN": 64, "H": 1, "HQ": 16, "D": 32, "S": 1, "block_size": 16, "is_causal": true}, "seed": 390, "status": "PASS", "call_event_ms": {"baseline": [0.011929599940776825, 0.010316800326108932, 0.010521599650382995, 0.010367999970912933], "candidate": [0.011622399836778641, 0.010470400005578995, 0.010598400235176086, 0.010265599936246872]}, "median_ms": {"baseline": 0.010444799810647963, "candidate": 0.01053440012037754}, "baseline_over_candidate": 0.9914945028947347}
{"case": {"B": 1, "SEQ_LEN": 64, "H": 1, "HQ": 16, "D": 64, "S": 1, "block_size": 16, "is_causal": true}, "candidate": "baseline", "phase": "compile_correctness"}
{"case": {"B": 1, "SEQ_LEN": 64, "H": 1, "HQ": 16, "D": 64, "S": 1, "block_size": 16, "is_causal": true}, "candidate": "candidate", "phase": "compile_correctness"}
2026-09-07 11:14:31  [TileLang:tilelang.cache.kernel_cache:WARNING] (kernel_cache.py:342): Found kernel 'kernel' in memory cache. For better performance, consider using `@tilelang.jit` instead of direct kernel caching.
{"case": {"B": 1, "SEQ_LEN": 64, "H": 1, "HQ": 16, "D": 64, "S": 1, "block_size": 16, "is_causal": true}, "seed": 390, "status": "PASS", "call_event_ms": {"baseline": [0.011468800157308579, 0.010623999685049058, 0.010393600165843963, 0.011852800101041793], "candidate": [0.010649599879980088, 0.01080320030450821, 0.010572800040245056, 0.010265599936246872]}, "median_ms": {"baseline": 0.01104639992117882, "candidate": 0.010611199960112571}, "baseline_over_candidate": 1.0410132654838438}
{"case": {"B": 1, "SEQ_LEN": 64, "H": 1, "HQ": 16, "D": 128, "S": 1, "block_size": 16, "is_causal": true}, "candidate": "baseline", "phase": "compile_correctness"}
{"case": {"B": 1, "SEQ_LEN": 64, "H": 1, "HQ": 16, "D": 128, "S": 1, "block_size": 16, "is_causal": true}, "candidate": "candidate", "phase": "compile_correctness"}
{"case": {"B": 1, "SEQ_LEN": 64, "H": 1, "HQ": 16, "D": 128, "S": 1, "block_size": 16, "is_causal": true}, "seed": 390, "status": "PASS", "call_event_ms": {"baseline": [0.011827199906110763, 0.011392000317573547, 0.011315199732780456, 0.011264000087976456], "candidate": [0.010572800040245056, 0.010291200131177902, 0.010521599650382995, 0.010547199845314026]}, "median_ms": {"baseline": 0.011353600025177001, "candidate": 0.01053439974784851}, "baseline_over_candidate": 1.0777643052225923}
{"case": {"B": 1, "SEQ_LEN": 128, "H": 1, "HQ": 16, "D": 32, "S": 1, "block_size": 16, "is_causal": true}, "candidate": "baseline", "phase": "compile_correctness"}
{"case": {"B": 1, "SEQ_LEN": 128, "H": 1, "HQ": 16, "D": 32, "S": 1, "block_size": 16, "is_causal": true}, "candidate": "candidate", "phase": "compile_correctness"}
2026-09-07 11:14:31  [TileLang:tilelang.cache.kernel_cache:WARNING] (kernel_cache.py:342): Found kernel 'kernel' in memory cache. For better performance, consider using `@tilelang.jit` instead of direct kernel caching.
{"case": {"B": 1, "SEQ_LEN": 128, "H": 1, "HQ": 16, "D": 32, "S": 1, "block_size": 16, "is_causal": true}, "seed": 390, "status": "PASS", "call_event_ms": {"baseline": [0.011340799927711486, 0.010444799810647965, 0.010342399775981902, 0.010419200360774993], "candidate": [0.010675200074911118, 0.010751999914646149, 0.010649599879980088, 0.010316800326108932]}, "median_ms": {"baseline": 0.01043200008571148, "candidate": 0.010662399977445603}, "baseline_over_candidate": 0.9783913666508954}
{"case": {"B": 1, "SEQ_LEN": 128, "H": 1, "HQ": 16, "D": 64, "S": 1, "block_size": 16, "is_causal": true}, "candidate": "baseline", "phase": "compile_correctness"}
{"case": {"B": 1, "SEQ_LEN": 128, "H": 1, "HQ": 16, "D": 64, "S": 1, "block_size": 16, "is_causal": true}, "candidate": "candidate", "phase": "compile_correctness"}
2026-09-07 11:14:31  [TileLang:tilelang.cache.kernel_cache:WARNING] (kernel_cache.py:342): Found kernel 'kernel' in memory cache. For better performance, consider using `@tilelang.jit` instead of direct kernel caching.
{"case": {"B": 1, "SEQ_LEN": 128, "H": 1, "HQ": 16, "D": 64, "S": 1, "block_size": 16, "is_causal": true}, "seed": 390, "status": "PASS", "call_event_ms": {"baseline": [0.011187200248241425, 0.010547199845314026, 0.010623999685049058, 0.010419200360774993], "candidate": [0.010777600109577179, 0.010265599936246872, 0.010598400235176086, 0.010444799810647965]}, "median_ms": {"baseline": 0.01058559976518154, "candidate": 0.010521600022912025}, "baseline_over_candidate": 1.0060827005522115}
{"case": {"B": 1, "SEQ_LEN": 128, "H": 1, "HQ": 16, "D": 128, "S": 1, "block_size": 16, "is_causal": true}, "candidate": "baseline", "phase": "compile_correctness"}
{"case": {"B": 1, "SEQ_LEN": 128, "H": 1, "HQ": 16, "D": 128, "S": 1, "block_size": 16, "is_causal": true}, "candidate": "candidate", "phase": "compile_correctness"}
{"case": {"B": 1, "SEQ_LEN": 128, "H": 1, "HQ": 16, "D": 128, "S": 1, "block_size": 16, "is_causal": true}, "seed": 390, "status": "PASS", "call_event_ms": {"baseline": [0.011929599940776825, 0.011392000317573547, 0.011468800157308579, 0.011340799927711486], "candidate": [0.01090560033917427, 0.010316800326108932, 0.010598400235176086, 0.010547199845314026]}, "median_ms": {"baseline": 0.011430400237441064, "candidate": 0.010572800040245056}, "baseline_over_candidate": 1.0811138197952839}
{"case": {"B": 1, "SEQ_LEN": 256, "H": 1, "HQ": 16, "D": 32, "S": 1, "block_size": 16, "is_causal": true}, "candidate": "baseline", "phase": "compile_correctness"}
{"case": {"B": 1, "SEQ_LEN": 256, "H": 1, "HQ": 16, "D": 32, "S": 1, "block_size": 16, "is_causal": true}, "candidate": "candidate", "phase": "compile_correctness"}
2026-09-07 11:14:32  [TileLang:tilelang.cache.kernel_cache:WARNING] (kernel_cache.py:342): Found kernel 'kernel' in memory cache. For better performance, consider using `@tilelang.jit` instead of direct kernel caching.
{"case": {"B": 1, "SEQ_LEN": 256, "H": 1, "HQ": 16, "D": 32, "S": 1, "block_size": 16, "is_causal": true}, "seed": 390, "status": "PASS", "call_event_ms": {"baseline": [0.012723200023174286, 0.011699199676513672, 0.01154559999704361, 0.011417599767446518], "candidate": [0.012185599654912949, 0.011750400066375732, 0.011596799641847611, 0.01154559999704361]}, "median_ms": {"baseline": 0.011622399836778641, "candidate": 0.011673599854111672}, "baseline_over_candidate": 0.9956140335481007}
{"case": {"B": 1, "SEQ_LEN": 256, "H": 1, "HQ": 16, "D": 64, "S": 1, "block_size": 16, "is_causal": true}, "candidate": "baseline", "phase": "compile_correctness"}
{"case": {"B": 1, "SEQ_LEN": 256, "H": 1, "HQ": 16, "D": 64, "S": 1, "block_size": 16, "is_causal": true}, "candidate": "candidate", "phase": "compile_correctness"}
2026-09-07 11:14:32  [TileLang:tilelang.cache.kernel_cache:WARNING] (kernel_cache.py:342): Found kernel 'kernel' in memory cache. For better performance, consider using `@tilelang.jit` instead of direct kernel caching.
{"case": {"B": 1, "SEQ_LEN": 256, "H": 1, "HQ": 16, "D": 64, "S": 1, "block_size": 16, "is_causal": true}, "seed": 390, "status": "PASS", "call_event_ms": {"baseline": [0.013312000036239623, 0.011724799871444702, 0.011648000031709672, 0.011622399836778641], "candidate": [0.01226240023970604, 0.011699199676513672, 0.011648000031709672, 0.011673600226640702]}, "median_ms": {"baseline": 0.011686399951577187, "candidate": 0.011686399951577187}, "baseline_over_candidate": 1.0}
{"case": {"B": 1, "SEQ_LEN": 256, "H": 1, "HQ": 16, "D": 128, "S": 1, "block_size": 16, "is_causal": true}, "candidate": "baseline", "phase": "compile_correctness"}
{"case": {"B": 1, "SEQ_LEN": 256, "H": 1, "HQ": 16, "D": 128, "S": 1, "block_size": 16, "is_causal": true}, "candidate": "candidate", "phase": "compile_correctness"}
{"case": {"B": 1, "SEQ_LEN": 256, "H": 1, "HQ": 16, "D": 128, "S": 1, "block_size": 16, "is_causal": true}, "seed": 390, "status": "PASS", "call_event_ms": {"baseline": [0.013644799590110779, 0.011776000261306763, 0.011750400066375732, 0.011622399836778641], "candidate": [0.01223680004477501, 0.011827199906110763, 0.011699199676513672, 0.011724799871444702]}, "median_ms": {"baseline": 0.011763200163841248, "candidate": 0.011775999888777733}, "baseline_over_candidate": 0.9989130668259701}
{"case": {"B": 1, "SEQ_LEN": 512, "H": 1, "HQ": 16, "D": 32, "S": 1, "block_size": 16, "is_causal": true}, "candidate": "baseline", "phase": "compile_correctness"}
{"case": {"B": 1, "SEQ_LEN": 512, "H": 1, "HQ": 16, "D": 32, "S": 1, "block_size": 16, "is_causal": true}, "candidate": "candidate", "phase": "compile_correctness"}
2026-09-07 11:14:32  [TileLang:tilelang.cache.kernel_cache:WARNING] (kernel_cache.py:342): Found kernel 'kernel' in memory cache. For better performance, consider using `@tilelang.jit` instead of direct kernel caching.
{"case": {"B": 1, "SEQ_LEN": 512, "H": 1, "HQ": 16, "D": 32, "S": 1, "block_size": 16, "is_causal": true}, "seed": 390, "status": "PASS", "call_event_ms": {"baseline": [0.013209599256515502, 0.011622399836778641, 0.011596799641847611, 0.01154559999704361], "candidate": [0.012083200365304947, 0.011622399836778641, 0.011648000031709672, 0.014284799993038177]}, "median_ms": {"baseline": 0.011609599739313126, "candidate": 0.011865600198507308}, "baseline_over_candidate": 0.9784249886300411}
{"case": {"B": 1, "SEQ_LEN": 512, "H": 1, "HQ": 16, "D": 64, "S": 1, "block_size": 16, "is_causal": true}, "candidate": "baseline", "phase": "compile_correctness"}
{"case": {"B": 1, "SEQ_LEN": 512, "H": 1, "HQ": 16, "D": 64, "S": 1, "block_size": 16, "is_causal": true}, "candidate": "candidate", "phase": "compile_correctness"}
2026-09-07 11:14:32  [TileLang:tilelang.cache.kernel_cache:WARNING] (kernel_cache.py:342): Found kernel 'kernel' in memory cache. For better performance, consider using `@tilelang.jit` instead of direct kernel caching.
{"case": {"B": 1, "SEQ_LEN": 512, "H": 1, "HQ": 16, "D": 64, "S": 1, "block_size": 16, "is_causal": true}, "seed": 390, "status": "PASS", "call_event_ms": {"baseline": [0.013286399841308593, 0.011776000261306763, 0.011801599711179733, 0.011648000031709672], "candidate": [0.0123648002743721, 0.011929599940776825, 0.011801599711179733, 0.012441600114107132]}, "median_ms": {"baseline": 0.011788799986243248, "candidate": 0.012147200107574464}, "baseline_over_candidate": 0.9704952484393722}
{"case": {"B": 1, "SEQ_LEN": 512, "H": 1, "HQ": 16, "D": 128, "S": 1, "block_size": 16, "is_causal": true}, "candidate": "baseline", "phase": "compile_correctness"}
{"case": {"B": 1, "SEQ_LEN": 512, "H": 1, "HQ": 16, "D": 128, "S": 1, "block_size": 16, "is_causal": true}, "candidate": "candidate", "phase": "compile_correctness"}
{"case": {"B": 1, "SEQ_LEN": 512, "H": 1, "HQ": 16, "D": 128, "S": 1, "block_size": 16, "is_causal": true}, "seed": 390, "status": "PASS", "call_event_ms": {"baseline": [0.014182400703430176, 0.013158400356769562, 0.013260799646377563, 0.013107199966907502], "candidate": [0.01231359988451004, 0.011980800330638886, 0.011903999745845795, 0.011878400295972823]}, "median_ms": {"baseline": 0.013209600001573563, "candidate": 0.01194240003824234}, "baseline_over_candidate": 1.106109321348586}
{"case": {"B": 1, "SEQ_LEN": 1024, "H": 1, "HQ": 16, "D": 32, "S": 1, "block_size": 16, "is_causal": true}, "candidate": "baseline", "phase": "compile_correctness"}
{"case": {"B": 1, "SEQ_LEN": 1024, "H": 1, "HQ": 16, "D": 32, "S": 1, "block_size": 16, "is_causal": true}, "candidate": "candidate", "phase": "compile_correctness"}
2026-09-07 11:14:33  [TileLang:tilelang.cache.kernel_cache:WARNING] (kernel_cache.py:342): Found kernel 'kernel' in memory cache. For better performance, consider using `@tilelang.jit` instead of direct kernel caching.
{"case": {"B": 1, "SEQ_LEN": 1024, "H": 1, "HQ": 16, "D": 32, "S": 1, "block_size": 16, "is_causal": true}, "seed": 390, "status": "PASS", "call_event_ms": {"baseline": [0.013312000036239623, 0.011622399836778641, 0.01154559999704361, 0.011392000317573547], "candidate": [0.012211199849843979, 0.011852800101041793, 0.011699199676513672, 0.01157120019197464]}, "median_ms": {"baseline": 0.011583999916911124, "candidate": 0.011775999888777733}, "baseline_over_candidate": 0.9836956544089662}
{"case": {"B": 1, "SEQ_LEN": 1024, "H": 1, "HQ": 16, "D": 64, "S": 1, "block_size": 16, "is_causal": true}, "candidate": "baseline", "phase": "compile_correctness"}
{"case": {"B": 1, "SEQ_LEN": 1024, "H": 1, "HQ": 16, "D": 64, "S": 1, "block_size": 16, "is_causal": true}, "candidate": "candidate", "phase": "compile_correctness"}
2026-09-07 11:14:33  [TileLang:tilelang.cache.kernel_cache:WARNING] (kernel_cache.py:342): Found kernel 'kernel' in memory cache. For better performance, consider using `@tilelang.jit` instead of direct kernel caching.
{"case": {"B": 1, "SEQ_LEN": 1024, "H": 1, "HQ": 16, "D": 64, "S": 1, "block_size": 16, "is_causal": true}, "seed": 390, "status": "PASS", "call_event_ms": {"baseline": [0.011187200248241425, 0.010982400178909302, 0.010675200074911118, 0.010751999914646149], "candidate": [0.011059200018644333, 0.010777600109577179, 0.010777600109577179, 0.01085439994931221]}, "median_ms": {"baseline": 0.010867200046777725, "candidate": 0.010816000029444694}, "baseline_over_candidate": 1.0047337294003003}
{"case": {"B": 1, "SEQ_LEN": 1024, "H": 1, "HQ": 16, "D": 128, "S": 1, "block_size": 16, "is_causal": true}, "candidate": "baseline", "phase": "compile_correctness"}
{"case": {"B": 1, "SEQ_LEN": 1024, "H": 1, "HQ": 16, "D": 128, "S": 1, "block_size": 16, "is_causal": true}, "candidate": "candidate", "phase": "compile_correctness"}
{"case": {"B": 1, "SEQ_LEN": 1024, "H": 1, "HQ": 16, "D": 128, "S": 1, "block_size": 16, "is_causal": true}, "seed": 390, "status": "PASS", "call_event_ms": {"baseline": [0.019072000682353974, 0.018483200669288637, 0.018585599958896637, 0.018559999763965607], "candidate": [0.015846399962902068, 0.01592320054769516, 0.015590399503707886, 0.01530880033969879]}, "median_ms": {"baseline": 0.018572799861431122, "candidate": 0.015718399733304977}, "baseline_over_candidate": 1.1815961024377113}
{"case": {"B": 2, "SEQ_LEN": 64, "H": 1, "HQ": 16, "D": 64, "S": 1, "block_size": 16, "is_causal": true}, "candidate": "baseline", "phase": "compile_correctness"}
{"case": {"B": 2, "SEQ_LEN": 64, "H": 1, "HQ": 16, "D": 64, "S": 1, "block_size": 16, "is_causal": true}, "candidate": "candidate", "phase": "compile_correctness"}
2026-09-07 11:14:34  [TileLang:tilelang.cache.kernel_cache:WARNING] (kernel_cache.py:342): Found kernel 'kernel' in memory cache. For better performance, consider using `@tilelang.jit` instead of direct kernel caching.
{"case": {"B": 2, "SEQ_LEN": 64, "H": 1, "HQ": 16, "D": 64, "S": 1, "block_size": 16, "is_causal": true}, "seed": 390, "status": "PASS", "call_event_ms": {"baseline": [0.011212799698114395, 0.010367999970912933, 0.010214400291442872, 0.010342399775981902], "candidate": [0.010444799810647965, 0.010367999970912933, 0.010444799810647965, 0.010419200360774993]}, "median_ms": {"baseline": 0.010355199873447418, "candidate": 0.01043200008571148}, "baseline_over_candidate": 0.992638016522905}
{"case": {"B": 2, "SEQ_LEN": 64, "H": 1, "HQ": 16, "D": 128, "S": 1, "block_size": 16, "is_causal": true}, "candidate": "baseline", "phase": "compile_correctness"}
{"case": {"B": 2, "SEQ_LEN": 64, "H": 1, "HQ": 16, "D": 128, "S": 1, "block_size": 16, "is_causal": true}, "candidate": "candidate", "phase": "compile_correctness"}
{"case": {"B": 2, "SEQ_LEN": 64, "H": 1, "HQ": 16, "D": 128, "S": 1, "block_size": 16, "is_causal": true}, "seed": 390, "status": "PASS", "call_event_ms": {"baseline": [0.011955200135707856, 0.011519999802112579, 0.011494400352239609, 0.011443199962377549], "candidate": [0.010649599879980088, 0.010239999741315842, 0.010316800326108932, 0.010393600165843963]}, "median_ms": {"baseline": 0.011507200077176094, "candidate": 0.010355200245976448}, "baseline_over_candidate": 1.1112484359389632}
{"case": {"B": 2, "SEQ_LEN": 128, "H": 1, "HQ": 16, "D": 32, "S": 1, "block_size": 16, "is_causal": true}, "candidate": "baseline", "phase": "compile_correctness"}
{"case": {"B": 2, "SEQ_LEN": 128, "H": 1, "HQ": 16, "D": 32, "S": 1, "block_size": 16, "is_causal": true}, "candidate": "candidate", "phase": "compile_correctness"}
2026-09-07 11:14:34  [TileLang:tilelang.cache.kernel_cache:WARNING] (kernel_cache.py:342): Found kernel 'kernel' in memory cache. For better performance, consider using `@tilelang.jit` instead of direct kernel caching.
{"case": {"B": 2, "SEQ_LEN": 128, "H": 1, "HQ": 16, "D": 32, "S": 1, "block_size": 16, "is_causal": true}, "seed": 390, "status": "PASS", "call_event_ms": {"baseline": [0.011238399893045425, 0.010137599706649781, 0.010291200131177902, 0.010188800096511842], "candidate": [0.010649599879980088, 0.010291200131177902, 0.010239999741315842, 0.010265599936246872]}, "median_ms": {"baseline": 0.010240000113844872, "candidate": 0.010278400033712387}, "baseline_over_candidate": 0.9962640177710961}
{"case": {"B": 2, "SEQ_LEN": 128, "H": 1, "HQ": 16, "D": 64, "S": 1, "block_size": 16, "is_causal": true}, "candidate": "baseline", "phase": "compile_correctness"}
{"case": {"B": 2, "SEQ_LEN": 128, "H": 1, "HQ": 16, "D": 64, "S": 1, "block_size": 16, "is_causal": true}, "candidate": "candidate", "phase": "compile_correctness"}
2026-09-07 11:14:34  [TileLang:tilelang.cache.kernel_cache:WARNING] (kernel_cache.py:342): Found kernel 'kernel' in memory cache. For better performance, consider using `@tilelang.jit` instead of direct kernel caching.
{"case": {"B": 2, "SEQ_LEN": 128, "H": 1, "HQ": 16, "D": 64, "S": 1, "block_size": 16, "is_causal": true}, "seed": 390, "status": "PASS", "call_event_ms": {"baseline": [0.011289600282907486, 0.010496000200510025, 0.010188800096511842, 0.010444799810647965], "candidate": [0.010649599879980088, 0.010444799810647965, 0.010419200360774993, 0.010419200360774993]}, "median_ms": {"baseline": 0.010470400005578995, "candidate": 0.01043200008571148}, "baseline_over_candidate": 1.003680973883437}
{"case": {"B": 2, "SEQ_LEN": 128, "H": 1, "HQ": 16, "D": 128, "S": 1, "block_size": 16, "is_causal": true}, "candidate": "baseline", "phase": "compile_correctness"}
{"case": {"B": 2, "SEQ_LEN": 128, "H": 1, "HQ": 16, "D": 128, "S": 1, "block_size": 16, "is_causal": true}, "candidate": "candidate", "phase": "compile_correctness"}
{"case": {"B": 2, "SEQ_LEN": 128, "H": 1, "HQ": 16, "D": 128, "S": 1, "block_size": 16, "is_causal": true}, "seed": 390, "status": "PASS", "call_event_ms": {"baseline": [0.01223680004477501, 0.011724799871444702, 0.011673600226640702, 0.011673600226640702], "candidate": [0.01088000014424324, 0.010444799810647965, 0.010521599650382995, 0.010470400005578995]}, "median_ms": {"baseline": 0.011699200049042702, "candidate": 0.010495999827980995}, "baseline_over_candidate": 1.1146341692817228}
{"case": {"B": 2, "SEQ_LEN": 256, "H": 1, "HQ": 16, "D": 32, "S": 1, "block_size": 16, "is_causal": true}, "candidate": "baseline", "phase": "compile_correctness"}
{"case": {"B": 2, "SEQ_LEN": 256, "H": 1, "HQ": 16, "D": 32, "S": 1, "block_size": 16, "is_causal": true}, "candidate": "candidate", "phase": "compile_correctness"}
2026-09-07 11:14:35  [TileLang:tilelang.cache.kernel_cache:WARNING] (kernel_cache.py:342): Found kernel 'kernel' in memory cache. For better performance, consider using `@tilelang.jit` instead of direct kernel caching.
{"case": {"B": 2, "SEQ_LEN": 256, "H": 1, "HQ": 16, "D": 32, "S": 1, "block_size": 16, "is_causal": true}, "seed": 390, "status": "PASS", "call_event_ms": {"baseline": [0.011161600053310395, 0.010291200131177902, 0.010009600222110749, 0.010444799810647965], "candidate": [0.010521599650382995, 0.010137599706649781, 0.010163199901580811, 0.011187200248241425]}, "median_ms": {"baseline": 0.010367999970912933, "candidate": 0.010342399775981902}, "baseline_over_candidate": 1.002475266426123}
{"case": {"B": 2, "SEQ_LEN": 256, "H": 1, "HQ": 16, "D": 64, "S": 1, "block_size": 16, "is_causal": true}, "candidate": "baseline", "phase": "compile_correctness"}
{"case": {"B": 2, "SEQ_LEN": 256, "H": 1, "HQ": 16, "D": 64, "S": 1, "block_size": 16, "is_causal": true}, "candidate": "candidate", "phase": "compile_correctness"}
2026-09-07 11:14:35  [TileLang:tilelang.cache.kernel_cache:WARNING] (kernel_cache.py:342): Found kernel 'kernel' in memory cache. For better performance, consider using `@tilelang.jit` instead of direct kernel caching.
{"case": {"B": 2, "SEQ_LEN": 256, "H": 1, "HQ": 16, "D": 64, "S": 1, "block_size": 16, "is_causal": true}, "seed": 390, "status": "PASS", "call_event_ms": {"baseline": [0.011059200018644333, 0.010572800040245056, 0.010367999970912933, 0.010265599936246872], "candidate": [0.010623999685049058, 0.010547199845314026, 0.010444799810647965, 0.010470400005578995]}, "median_ms": {"baseline": 0.010470400005578993, "candidate": 0.01050879992544651}, "baseline_over_candidate": 0.9963459272095824}
{"case": {"B": 2, "SEQ_LEN": 256, "H": 1, "HQ": 16, "D": 128, "S": 1, "block_size": 16, "is_causal": true}, "candidate": "baseline", "phase": "compile_correctness"}
{"case": {"B": 2, "SEQ_LEN": 256, "H": 1, "HQ": 16, "D": 128, "S": 1, "block_size": 16, "is_causal": true}, "candidate": "candidate", "phase": "compile_correctness"}
{"case": {"B": 2, "SEQ_LEN": 256, "H": 1, "HQ": 16, "D": 128, "S": 1, "block_size": 16, "is_causal": true}, "seed": 390, "status": "PASS", "call_event_ms": {"baseline": [0.01377280056476593, 0.013158400356769562, 0.013209599256515502, 0.013286399841308593], "candidate": [0.011212799698114395, 0.010931199789047242, 0.011007999628782272, 0.010982400178909302]}, "median_ms": {"baseline": 0.013247999548912048, "candidate": 0.010995199903845787}, "baseline_over_candidate": 1.2048893757973695}
{"case": {"B": 2, "SEQ_LEN": 512, "H": 1, "HQ": 16, "D": 32, "S": 1, "block_size": 16, "is_causal": true}, "candidate": "baseline", "phase": "compile_correctness"}
{"case": {"B": 2, "SEQ_LEN": 512, "H": 1, "HQ": 16, "D": 32, "S": 1, "block_size": 16, "is_causal": true}, "candidate": "candidate", "phase": "compile_correctness"}
2026-09-07 11:14:35  [TileLang:tilelang.cache.kernel_cache:WARNING] (kernel_cache.py:342): Found kernel 'kernel' in memory cache. For better performance, consider using `@tilelang.jit` instead of direct kernel caching.
{"case": {"B": 2, "SEQ_LEN": 512, "H": 1, "HQ": 16, "D": 32, "S": 1, "block_size": 16, "is_causal": true}, "seed": 390, "status": "PASS", "call_event_ms": {"baseline": [0.011264000087976456, 0.010675200074911118, 0.010419200360774993, 0.010572800040245056], "candidate": [0.010623999685049058, 0.010598400235176086, 0.010367999970912933, 0.010419200360774993]}, "median_ms": {"baseline": 0.010624000057578086, "candidate": 0.010508800297975539}, "baseline_over_candidate": 1.0109622179826503}
{"case": {"B": 2, "SEQ_LEN": 512, "H": 1, "HQ": 16, "D": 64, "S": 1, "block_size": 16, "is_causal": true}, "candidate": "baseline", "phase": "compile_correctness"}
{"case": {"B": 2, "SEQ_LEN": 512, "H": 1, "HQ": 16, "D": 64, "S": 1, "block_size": 16, "is_causal": true}, "candidate": "candidate", "phase": "compile_correctness"}
2026-09-07 11:14:35  [TileLang:tilelang.cache.kernel_cache:WARNING] (kernel_cache.py:342): Found kernel 'kernel' in memory cache. For better performance, consider using `@tilelang.jit` instead of direct kernel caching.
{"case": {"B": 2, "SEQ_LEN": 512, "H": 1, "HQ": 16, "D": 64, "S": 1, "block_size": 16, "is_causal": true}, "seed": 390, "status": "PASS", "call_event_ms": {"baseline": [0.011648000031709672, 0.010726399719715118, 0.010700800269842149, 0.010726399719715118], "candidate": [0.010982400178909302, 0.010623999685049058, 0.010598400235176086, 0.010572800040245056]}, "median_ms": {"baseline": 0.010726399719715118, "candidate": 0.010611199960112571}, "baseline_over_candidate": 1.010856430944246}
{"case": {"B": 2, "SEQ_LEN": 512, "H": 1, "HQ": 16, "D": 128, "S": 1, "block_size": 16, "is_causal": true}, "candidate": "baseline", "phase": "compile_correctness"}
{"case": {"B": 2, "SEQ_LEN": 512, "H": 1, "HQ": 16, "D": 128, "S": 1, "block_size": 16, "is_causal": true}, "candidate": "candidate", "phase": "compile_correctness"}
{"case": {"B": 2, "SEQ_LEN": 512, "H": 1, "HQ": 16, "D": 128, "S": 1, "block_size": 16, "is_causal": true}, "seed": 390, "status": "PASS", "call_event_ms": {"baseline": [0.019174399971961974, 0.01886720061302185, 0.018611200153827667, 0.018585599958896637], "candidate": [0.015718400478363037, 0.01525759994983673, 0.015513600409030914, 0.01530880033969879]}, "median_ms": {"baseline": 0.018739200383424758, "candidate": 0.015411200374364852}, "baseline_over_candidate": 1.2159468391959745}
{"case": {"B": 2, "SEQ_LEN": 1024, "H": 1, "HQ": 16, "D": 32, "S": 1, "block_size": 16, "is_causal": true}, "candidate": "baseline", "phase": "compile_correctness"}
{"case": {"B": 2, "SEQ_LEN": 1024, "H": 1, "HQ": 16, "D": 32, "S": 1, "block_size": 16, "is_causal": true}, "candidate": "candidate", "phase": "compile_correctness"}
2026-09-07 11:14:36  [TileLang:tilelang.cache.kernel_cache:WARNING] (kernel_cache.py:342): Found kernel 'kernel' in memory cache. For better performance, consider using `@tilelang.jit` instead of direct kernel caching.
{"case": {"B": 2, "SEQ_LEN": 1024, "H": 1, "HQ": 16, "D": 32, "S": 1, "block_size": 16, "is_causal": true}, "seed": 390, "status": "PASS", "call_event_ms": {"baseline": [0.011366400122642516, 0.010444799810647965, 0.010623999685049058, 0.010393600165843963], "candidate": [0.01080320030450821, 0.010828799754381179, 0.010623999685049058, 0.011238399893045425]}, "median_ms": {"baseline": 0.010534399747848512, "candidate": 0.010816000029444694}, "baseline_over_candidate": 0.9739644710771473}
{"case": {"B": 2, "SEQ_LEN": 1024, "H": 1, "HQ": 16, "D": 64, "S": 1, "block_size": 16, "is_causal": true}, "candidate": "baseline", "phase": "compile_correctness"}
{"case": {"B": 2, "SEQ_LEN": 1024, "H": 1, "HQ": 16, "D": 64, "S": 1, "block_size": 16, "is_causal": true}, "candidate": "candidate", "phase": "compile_correctness"}
2026-09-07 11:14:36  [TileLang:tilelang.cache.kernel_cache:WARNING] (kernel_cache.py:342): Found kernel 'kernel' in memory cache. For better performance, consider using `@tilelang.jit` instead of direct kernel caching.
{"case": {"B": 2, "SEQ_LEN": 1024, "H": 1, "HQ": 16, "D": 64, "S": 1, "block_size": 16, "is_causal": true}, "seed": 390, "status": "PASS", "call_event_ms": {"baseline": [0.018303999304771425, 0.01802240014076233, 0.018329599499702455, 0.018457600474357606], "candidate": [0.018585599958896637, 0.018303999304771425, 0.018739199638366698, 0.018636800348758698]}, "median_ms": {"baseline": 0.01831679940223694, "candidate": 0.018611200153827667}, "baseline_over_candidate": 0.9841815278349914}
{"case": {"B": 2, "SEQ_LEN": 1024, "H": 1, "HQ": 16, "D": 128, "S": 1, "block_size": 16, "is_causal": true}, "candidate": "baseline", "phase": "compile_correctness"}
{"case": {"B": 2, "SEQ_LEN": 1024, "H": 1, "HQ": 16, "D": 128, "S": 1, "block_size": 16, "is_causal": true}, "candidate": "candidate", "phase": "compile_correctness"}
{"case": {"B": 2, "SEQ_LEN": 1024, "H": 1, "HQ": 16, "D": 128, "S": 1, "block_size": 16, "is_causal": true}, "seed": 390, "status": "PASS", "call_event_ms": {"baseline": [0.03548159897327423, 0.035148799419403076, 0.035148799419403076, 0.034815999865531924], "candidate": [0.028825598955154418, 0.028646400570869444, 0.02892799973487854, 0.028441599011421202]}, "median_ms": {"baseline": 0.035148799419403076, "candidate": 0.02873599976301193}, "baseline_over_candidate": 1.2231625734019353}
{"case": {"B": 4, "SEQ_LEN": 64, "H": 1, "HQ": 16, "D": 32, "S": 1, "block_size": 16, "is_causal": true}, "candidate": "baseline", "phase": "compile_correctness"}
{"case": {"B": 4, "SEQ_LEN": 64, "H": 1, "HQ": 16, "D": 32, "S": 1, "block_size": 16, "is_causal": true}, "candidate": "candidate", "phase": "compile_correctness"}
2026-09-07 11:14:36  [TileLang:tilelang.cache.kernel_cache:WARNING] (kernel_cache.py:342): Found kernel 'kernel' in memory cache. For better performance, consider using `@tilelang.jit` instead of direct kernel caching.
{"case": {"B": 4, "SEQ_LEN": 64, "H": 1, "HQ": 16, "D": 32, "S": 1, "block_size": 16, "is_causal": true}, "seed": 390, "status": "PASS", "call_event_ms": {"baseline": [0.011340799927711486, 0.010367999970912933, 0.010265599936246872, 0.010188800096511842], "candidate": [0.010572800040245056, 0.010393600165843963, 0.010239999741315842, 0.010163199901580811]}, "median_ms": {"baseline": 0.010316799953579902, "candidate": 0.010316799953579902}, "baseline_over_candidate": 1.0}
{"case": {"B": 4, "SEQ_LEN": 64, "H": 1, "HQ": 16, "D": 64, "S": 1, "block_size": 16, "is_causal": true}, "candidate": "baseline", "phase": "compile_correctness"}
{"case": {"B": 4, "SEQ_LEN": 64, "H": 1, "HQ": 16, "D": 64, "S": 1, "block_size": 16, "is_causal": true}, "candidate": "candidate", "phase": "compile_correctness"}
2026-09-07 11:14:37  [TileLang:tilelang.cache.kernel_cache:WARNING] (kernel_cache.py:342): Found kernel 'kernel' in memory cache. For better performance, consider using `@tilelang.jit` instead of direct kernel caching.
{"case": {"B": 4, "SEQ_LEN": 64, "H": 1, "HQ": 16, "D": 64, "S": 1, "block_size": 16, "is_causal": true}, "seed": 390, "status": "PASS", "call_event_ms": {"baseline": [0.011289600282907486, 0.010291200131177902, 0.010419200360774993, 0.010188800096511842], "candidate": [0.010598400235176086, 0.010521599650382995, 0.010496000200510025, 0.010521599650382995]}, "median_ms": {"baseline": 0.010355200245976448, "candidate": 0.010521599650382995}, "baseline_over_candidate": 0.9841849709230772}
{"case": {"B": 4, "SEQ_LEN": 64, "H": 1, "HQ": 16, "D": 128, "S": 1, "block_size": 16, "is_causal": true}, "candidate": "baseline", "phase": "compile_correctness"}
{"case": {"B": 4, "SEQ_LEN": 64, "H": 1, "HQ": 16, "D": 128, "S": 1, "block_size": 16, "is_causal": true}, "candidate": "candidate", "phase": "compile_correctness"}
{"case": {"B": 4, "SEQ_LEN": 64, "H": 1, "HQ": 16, "D": 128, "S": 1, "block_size": 16, "is_causal": true}, "seed": 390, "status": "PASS", "call_event_ms": {"baseline": [0.01223680004477501, 0.011827199906110763, 0.011776000261306763, 0.011724799871444702], "candidate": [0.011007999628782272, 0.010572800040245056, 0.010572800040245056, 0.010444799810647965]}, "median_ms": {"baseline": 0.011801600083708763, "candidate": 0.010572800040245056}, "baseline_over_candidate": 1.1162227639590567}
{"case": {"B": 4, "SEQ_LEN": 128, "H": 1, "HQ": 16, "D": 32, "S": 1, "block_size": 16, "is_causal": true}, "candidate": "baseline", "phase": "compile_correctness"}
{"case": {"B": 4, "SEQ_LEN": 128, "H": 1, "HQ": 16, "D": 32, "S": 1, "block_size": 16, "is_causal": true}, "candidate": "candidate", "phase": "compile_correctness"}
2026-09-07 11:14:37  [TileLang:tilelang.cache.kernel_cache:WARNING] (kernel_cache.py:342): Found kernel 'kernel' in memory cache. For better performance, consider using `@tilelang.jit` instead of direct kernel caching.
{"case": {"B": 4, "SEQ_LEN": 128, "H": 1, "HQ": 16, "D": 32, "S": 1, "block_size": 16, "is_causal": true}, "seed": 390, "status": "PASS", "call_event_ms": {"baseline": [0.011059200018644333, 0.010649599879980088, 0.010316800326108932, 0.010239999741315842], "candidate": [0.010751999914646149, 0.010316800326108932, 0.010342399775981902, 0.010316800326108932]}, "median_ms": {"baseline": 0.01048320010304451, "candidate": 0.010329600051045417}, "baseline_over_candidate": 1.0148698934363434}
{"case": {"B": 4, "SEQ_LEN": 128, "H": 1, "HQ": 16, "D": 64, "S": 1, "block_size": 16, "is_causal": true}, "candidate": "baseline", "phase": "compile_correctness"}
{"case": {"B": 4, "SEQ_LEN": 128, "H": 1, "HQ": 16, "D": 64, "S": 1, "block_size": 16, "is_causal": true}, "candidate": "candidate", "phase": "compile_correctness"}
2026-09-07 11:14:37  [TileLang:tilelang.cache.kernel_cache:WARNING] (kernel_cache.py:342): Found kernel 'kernel' in memory cache. For better performance, consider using `@tilelang.jit` instead of direct kernel caching.
{"case": {"B": 4, "SEQ_LEN": 128, "H": 1, "HQ": 16, "D": 64, "S": 1, "block_size": 16, "is_causal": true}, "seed": 390, "status": "PASS", "call_event_ms": {"baseline": [0.011289600282907486, 0.010547199845314026, 0.010444799810647965, 0.010214400291442872], "candidate": [0.010649599879980088, 0.010342399775981902, 0.010419200360774993, 0.011187200248241425]}, "median_ms": {"baseline": 0.010495999827980995, "candidate": 0.01053440012037754}, "baseline_over_candidate": 0.9963547717992727}
{"case": {"B": 4, "SEQ_LEN": 128, "H": 1, "HQ": 16, "D": 128, "S": 1, "block_size": 16, "is_causal": true}, "candidate": "baseline", "phase": "compile_correctness"}
{"case": {"B": 4, "SEQ_LEN": 128, "H": 1, "HQ": 16, "D": 128, "S": 1, "block_size": 16, "is_causal": true}, "candidate": "candidate", "phase": "compile_correctness"}
{"case": {"B": 4, "SEQ_LEN": 128, "H": 1, "HQ": 16, "D": 128, "S": 1, "block_size": 16, "is_causal": true}, "seed": 390, "status": "PASS", "call_event_ms": {"baseline": [0.013875199854373932, 0.013363200426101684, 0.013260799646377563, 0.013363200426101684], "candidate": [0.011315199732780456, 0.011110399663448334, 0.011110399663448334, 0.011007999628782272]}, "median_ms": {"baseline": 0.013363200426101684, "candidate": 0.011110399663448334}, "baseline_over_candidate": 1.2027650517437956}
{"case": {"B": 4, "SEQ_LEN": 256, "H": 1, "HQ": 16, "D": 32, "S": 1, "block_size": 16, "is_causal": true}, "candidate": "baseline", "phase": "compile_correctness"}
{"case": {"B": 4, "SEQ_LEN": 256, "H": 1, "HQ": 16, "D": 32, "S": 1, "block_size": 16, "is_causal": true}, "candidate": "candidate", "phase": "compile_correctness"}
2026-09-07 11:14:38  [TileLang:tilelang.cache.kernel_cache:WARNING] (kernel_cache.py:342): Found kernel 'kernel' in memory cache. For better performance, consider using `@tilelang.jit` instead of direct kernel caching.
{"case": {"B": 4, "SEQ_LEN": 256, "H": 1, "HQ": 16, "D": 32, "S": 1, "block_size": 16, "is_causal": true}, "seed": 390, "status": "PASS", "call_event_ms": {"baseline": [0.011366400122642516, 0.010163199901580811, 0.010444799810647965, 0.010342399775981902], "candidate": [0.010777600109577179, 0.010726399719715118, 0.010496000200510025, 0.010367999970912933]}, "median_ms": {"baseline": 0.010393599793314934, "candidate": 0.010611199960112571}, "baseline_over_candidate": 0.9794933497045014}
{"case": {"B": 4, "SEQ_LEN": 256, "H": 1, "HQ": 16, "D": 64, "S": 1, "block_size": 16, "is_causal": true}, "candidate": "baseline", "phase": "compile_correctness"}
{"case": {"B": 4, "SEQ_LEN": 256, "H": 1, "HQ": 16, "D": 64, "S": 1, "block_size": 16, "is_causal": true}, "candidate": "candidate", "phase": "compile_correctness"}
2026-09-07 11:14:38  [TileLang:tilelang.cache.kernel_cache:WARNING] (kernel_cache.py:342): Found kernel 'kernel' in memory cache. For better performance, consider using `@tilelang.jit` instead of direct kernel caching.
{"case": {"B": 4, "SEQ_LEN": 256, "H": 1, "HQ": 16, "D": 64, "S": 1, "block_size": 16, "is_causal": true}, "seed": 390, "status": "PASS", "call_event_ms": {"baseline": [0.011187200248241425, 0.01090560033917427, 0.01088000014424324, 0.010572800040245056], "candidate": [0.011059200018644333, 0.010931199789047242, 0.01090560033917427, 0.010726399719715118]}, "median_ms": {"baseline": 0.010892800241708755, "candidate": 0.010918400064110757}, "baseline_over_candidate": 0.9976553503945922}
{"case": {"B": 4, "SEQ_LEN": 256, "H": 1, "HQ": 16, "D": 128, "S": 1, "block_size": 16, "is_causal": true}, "candidate": "baseline", "phase": "compile_correctness"}
{"case": {"B": 4, "SEQ_LEN": 256, "H": 1, "HQ": 16, "D": 128, "S": 1, "block_size": 16, "is_causal": true}, "candidate": "candidate", "phase": "compile_correctness"}
{"case": {"B": 4, "SEQ_LEN": 256, "H": 1, "HQ": 16, "D": 128, "S": 1, "block_size": 16, "is_causal": true}, "seed": 390, "status": "PASS", "call_event_ms": {"baseline": [0.018995200097560883, 0.018559999763965607, 0.018764799833297728, 0.018483200669288637], "candidate": [0.015846399962902068, 0.015590399503707886, 0.015539200603961944, 0.015462400019168853]}, "median_ms": {"baseline": 0.018662399798631667, "candidate": 0.015564800053834916}, "baseline_over_candidate": 1.199013140810219}
{"case": {"B": 4, "SEQ_LEN": 512, "H": 1, "HQ": 16, "D": 32, "S": 1, "block_size": 16, "is_causal": true}, "candidate": "baseline", "phase": "compile_correctness"}
{"case": {"B": 4, "SEQ_LEN": 512, "H": 1, "HQ": 16, "D": 32, "S": 1, "block_size": 16, "is_causal": true}, "candidate": "candidate", "phase": "compile_correctness"}
2026-09-07 11:14:38  [TileLang:tilelang.cache.kernel_cache:WARNING] (kernel_cache.py:342): Found kernel 'kernel' in memory cache. For better performance, consider using `@tilelang.jit` instead of direct kernel caching.
{"case": {"B": 4, "SEQ_LEN": 512, "H": 1, "HQ": 16, "D": 32, "S": 1, "block_size": 16, "is_causal": true}, "seed": 390, "status": "PASS", "call_event_ms": {"baseline": [0.011315199732780456, 0.010572800040245056, 0.010444799810647965, 0.010393600165843963], "candidate": [0.010675200074911118, 0.010572800040245056, 0.010700800269842149, 0.010342399775981902]}, "median_ms": {"baseline": 0.01050879992544651, "candidate": 0.010624000057578086}, "baseline_over_candidate": 0.9891566141277076}
{"case": {"B": 4, "SEQ_LEN": 512, "H": 1, "HQ": 16, "D": 64, "S": 1, "block_size": 16, "is_causal": true}, "candidate": "baseline", "phase": "compile_correctness"}
{"case": {"B": 4, "SEQ_LEN": 512, "H": 1, "HQ": 16, "D": 64, "S": 1, "block_size": 16, "is_causal": true}, "candidate": "candidate", "phase": "compile_correctness"}
2026-09-07 11:14:39  [TileLang:tilelang.cache.kernel_cache:WARNING] (kernel_cache.py:342): Found kernel 'kernel' in memory cache. For better performance, consider using `@tilelang.jit` instead of direct kernel caching.
{"case": {"B": 4, "SEQ_LEN": 512, "H": 1, "HQ": 16, "D": 64, "S": 1, "block_size": 16, "is_causal": true}, "seed": 390, "status": "PASS", "call_event_ms": {"baseline": [0.017817600071430205, 0.017612800002098083, 0.017587199807167053, 0.017664000391960144], "candidate": [0.018380799889564516, 0.01794559955596924, 0.01820160001516342, 0.01794559955596924]}, "median_ms": {"baseline": 0.017638400197029114, "candidate": 0.01807359978556633}, "baseline_over_candidate": 0.9759207023669535}
{"case": {"B": 4, "SEQ_LEN": 512, "H": 1, "HQ": 16, "D": 128, "S": 1, "block_size": 16, "is_causal": true}, "candidate": "baseline", "phase": "compile_correctness"}
{"case": {"B": 4, "SEQ_LEN": 512, "H": 1, "HQ": 16, "D": 128, "S": 1, "block_size": 16, "is_causal": true}, "candidate": "candidate", "phase": "compile_correctness"}
{"case": {"B": 4, "SEQ_LEN": 512, "H": 1, "HQ": 16, "D": 128, "S": 1, "block_size": 16, "is_causal": true}, "seed": 390, "status": "PASS", "call_event_ms": {"baseline": [0.03601920008659363, 0.03519999980926514, 0.03530240058898926, 0.03537920117378235], "candidate": [0.028748801350593566, 0.02887679934501648, 0.028799998760223388, 0.02892799973487854]}, "median_ms": {"baseline": 0.0353408008813858, "candidate": 0.028838399052619933}, "baseline_over_candidate": 1.2254772124104836}
{"case": {"B": 4, "SEQ_LEN": 1024, "H": 1, "HQ": 16, "D": 32, "S": 1, "block_size": 16, "is_causal": true}, "candidate": "baseline", "phase": "compile_correctness"}
{"case": {"B": 4, "SEQ_LEN": 1024, "H": 1, "HQ": 16, "D": 32, "S": 1, "block_size": 16, "is_causal": true}, "candidate": "candidate", "phase": "compile_correctness"}
{"case": {"B": 4, "SEQ_LEN": 1024, "H": 1, "HQ": 16, "D": 32, "S": 1, "block_size": 16, "is_causal": true}, "seed": 390, "status": "PASS", "call_event_ms": {"baseline": [0.015667200088500977, 0.0151296004652977, 0.0151296004652977, 0.0152319997549057], "candidate": [0.014899200201034546, 0.01451520025730133, 0.01456640064716339, 0.014668799936771393]}, "median_ms": {"baseline": 0.0151808001101017, "candidate": 0.014617600291967393}, "baseline_over_candidate": 1.0385288834613842}
{"case": {"B": 4, "SEQ_LEN": 1024, "H": 1, "HQ": 16, "D": 64, "S": 1, "block_size": 16, "is_causal": true}, "candidate": "baseline", "phase": "compile_correctness"}
{"case": {"B": 4, "SEQ_LEN": 1024, "H": 1, "HQ": 16, "D": 64, "S": 1, "block_size": 16, "is_causal": true}, "candidate": "candidate", "phase": "compile_correctness"}
2026-09-07 11:14:39  [TileLang:tilelang.cache.kernel_cache:WARNING] (kernel_cache.py:342): Found kernel 'kernel' in memory cache. For better performance, consider using `@tilelang.jit` instead of direct kernel caching.
{"case": {"B": 4, "SEQ_LEN": 1024, "H": 1, "HQ": 16, "D": 64, "S": 1, "block_size": 16, "is_causal": true}, "seed": 390, "status": "PASS", "call_event_ms": {"baseline": [0.029388800263404846, 0.029286399483680725, 0.029286399483680725, 0.02956799864768982], "candidate": [0.030720001459121703, 0.03056640028953552, 0.03041279911994934, 0.030950400233268737]}, "median_ms": {"baseline": 0.029337599873542786, "candidate": 0.030643200874328612}, "baseline_over_candidate": 0.9573934522656347}
{"case": {"B": 4, "SEQ_LEN": 1024, "H": 1, "HQ": 16, "D": 128, "S": 1, "block_size": 16, "is_causal": true}, "candidate": "baseline", "phase": "compile_correctness"}
{"case": {"B": 4, "SEQ_LEN": 1024, "H": 1, "HQ": 16, "D": 128, "S": 1, "block_size": 16, "is_causal": true}, "candidate": "candidate", "phase": "compile_correctness"}
{"case": {"B": 4, "SEQ_LEN": 1024, "H": 1, "HQ": 16, "D": 128, "S": 1, "block_size": 16, "is_causal": true}, "seed": 390, "status": "PASS", "call_event_ms": {"baseline": [0.055731201171875, 0.05516800284385681, 0.05493760108947754, 0.05516800284385681], "candidate": [0.048256000876426695, 0.04843519926071167, 0.048256000876426695, 0.048588800430297854]}, "median_ms": {"baseline": 0.05516800284385681, "candidate": 0.04834560006856918}, "baseline_over_candidate": 1.141117346058614}
{"case": {"B": 8, "SEQ_LEN": 64, "H": 1, "HQ": 16, "D": 32, "S": 1, "block_size": 16, "is_causal": true}, "candidate": "baseline", "phase": "compile_correctness"}
{"case": {"B": 8, "SEQ_LEN": 64, "H": 1, "HQ": 16, "D": 32, "S": 1, "block_size": 16, "is_causal": true}, "candidate": "candidate", "phase": "compile_correctness"}
2026-09-07 11:14:40  [TileLang:tilelang.cache.kernel_cache:WARNING] (kernel_cache.py:342): Found kernel 'kernel' in memory cache. For better performance, consider using `@tilelang.jit` instead of direct kernel caching.
{"case": {"B": 8, "SEQ_LEN": 64, "H": 1, "HQ": 16, "D": 32, "S": 1, "block_size": 16, "is_causal": true}, "seed": 390, "status": "PASS", "call_event_ms": {"baseline": [0.011187200248241425, 0.010572800040245056, 0.010342399775981902, 0.010444799810647965], "candidate": [0.010623999685049058, 0.010316800326108932, 0.010496000200510025, 0.010444799810647965]}, "median_ms": {"baseline": 0.01050879992544651, "candidate": 0.010470400005578995}, "baseline_over_candidate": 1.0036674740073974}
{"case": {"B": 8, "SEQ_LEN": 64, "H": 1, "HQ": 16, "D": 64, "S": 1, "block_size": 16, "is_causal": true}, "candidate": "baseline", "phase": "compile_correctness"}
{"case": {"B": 8, "SEQ_LEN": 64, "H": 1, "HQ": 16, "D": 64, "S": 1, "block_size": 16, "is_causal": true}, "candidate": "candidate", "phase": "compile_correctness"}
2026-09-07 11:14:40  [TileLang:tilelang.cache.kernel_cache:WARNING] (kernel_cache.py:342): Found kernel 'kernel' in memory cache. For better performance, consider using `@tilelang.jit` instead of direct kernel caching.
{"case": {"B": 8, "SEQ_LEN": 64, "H": 1, "HQ": 16, "D": 64, "S": 1, "block_size": 16, "is_causal": true}, "seed": 390, "status": "PASS", "call_event_ms": {"baseline": [0.011443199962377549, 0.010444799810647965, 0.010649599879980088, 0.010547199845314026], "candidate": [0.010828799754381179, 0.010700800269842149, 0.010496000200510025, 0.010419200360774993]}, "median_ms": {"baseline": 0.010598399862647056, "candidate": 0.010598400235176088}, "baseline_over_candidate": 0.9999999648504468}
{"case": {"B": 8, "SEQ_LEN": 64, "H": 1, "HQ": 16, "D": 128, "S": 1, "block_size": 16, "is_causal": true}, "candidate": "baseline", "phase": "compile_correctness"}
{"case": {"B": 8, "SEQ_LEN": 64, "H": 1, "HQ": 16, "D": 128, "S": 1, "block_size": 16, "is_causal": true}, "candidate": "candidate", "phase": "compile_correctness"}
{"case": {"B": 8, "SEQ_LEN": 64, "H": 1, "HQ": 16, "D": 128, "S": 1, "block_size": 16, "is_causal": true}, "seed": 390, "status": "PASS", "call_event_ms": {"baseline": [0.01377280056476593, 0.013209599256515502, 0.013312000036239623, 0.013107199966907502], "candidate": [0.011340799927711486, 0.010982400178909302, 0.011110399663448334, 0.011110399663448334]}, "median_ms": {"baseline": 0.013260799646377563, "candidate": 0.011110399663448334}, "baseline_over_candidate": 1.1935483914231946}
{"case": {"B": 8, "SEQ_LEN": 128, "H": 1, "HQ": 16, "D": 32, "S": 1, "block_size": 16, "is_causal": true}, "candidate": "baseline", "phase": "compile_correctness"}
{"case": {"B": 8, "SEQ_LEN": 128, "H": 1, "HQ": 16, "D": 32, "S": 1, "block_size": 16, "is_causal": true}, "candidate": "candidate", "phase": "compile_correctness"}
2026-09-07 11:14:40  [TileLang:tilelang.cache.kernel_cache:WARNING] (kernel_cache.py:342): Found kernel 'kernel' in memory cache. For better performance, consider using `@tilelang.jit` instead of direct kernel caching.
{"case": {"B": 8, "SEQ_LEN": 128, "H": 1, "HQ": 16, "D": 32, "S": 1, "block_size": 16, "is_causal": true}, "seed": 390, "status": "PASS", "call_event_ms": {"baseline": [0.011596799641847611, 0.010700800269842149, 0.010598400235176086, 0.010367999970912933], "candidate": [0.010623999685049058, 0.010496000200510025, 0.010547199845314026, 0.010521599650382995]}, "median_ms": {"baseline": 0.010649600252509116, "candidate": 0.01053439974784851}, "baseline_over_candidate": 1.0109356496258017}
{"case": {"B": 8, "SEQ_LEN": 128, "H": 1, "HQ": 16, "D": 64, "S": 1, "block_size": 16, "is_causal": true}, "candidate": "baseline", "phase": "compile_correctness"}
{"case": {"B": 8, "SEQ_LEN": 128, "H": 1, "HQ": 16, "D": 64, "S": 1, "block_size": 16, "is_causal": true}, "candidate": "candidate", "phase": "compile_correctness"}
2026-09-07 11:14:40  [TileLang:tilelang.cache.kernel_cache:WARNING] (kernel_cache.py:342): Found kernel 'kernel' in memory cache. For better performance, consider using `@tilelang.jit` instead of direct kernel caching.
{"case": {"B": 8, "SEQ_LEN": 128, "H": 1, "HQ": 16, "D": 64, "S": 1, "block_size": 16, "is_causal": true}, "seed": 390, "status": "PASS", "call_event_ms": {"baseline": [0.011212799698114395, 0.010777600109577179, 0.010726399719715118, 0.010675200074911118], "candidate": [0.010751999914646149, 0.010726399719715118, 0.010598400235176086, 0.010649599879980088]}, "median_ms": {"baseline": 0.010751999914646149, "candidate": 0.010687999799847603}, "baseline_over_candidate": 1.0059880348051147}
{"case": {"B": 8, "SEQ_LEN": 128, "H": 1, "HQ": 16, "D": 128, "S": 1, "block_size": 16, "is_causal": true}, "candidate": "baseline", "phase": "compile_correctness"}
{"case": {"B": 8, "SEQ_LEN": 128, "H": 1, "HQ": 16, "D": 128, "S": 1, "block_size": 16, "is_causal": true}, "candidate": "candidate", "phase": "compile_correctness"}
{"case": {"B": 8, "SEQ_LEN": 128, "H": 1, "HQ": 16, "D": 128, "S": 1, "block_size": 16, "is_causal": true}, "seed": 390, "status": "PASS", "call_event_ms": {"baseline": [0.019020800292491914, 0.018969599902629853, 0.018713599443435668, 0.018739199638366698], "candidate": [0.016230399906635284, 0.015974399447441102, 0.015820799767971037, 0.01594880074262619]}, "median_ms": {"baseline": 0.018854399770498277, "candidate": 0.015961600095033647}, "baseline_over_candidate": 1.1812349425020807}
{"case": {"B": 8, "SEQ_LEN": 256, "H": 1, "HQ": 16, "D": 32, "S": 1, "block_size": 16, "is_causal": true}, "candidate": "baseline", "phase": "compile_correctness"}
{"case": {"B": 8, "SEQ_LEN": 256, "H": 1, "HQ": 16, "D": 32, "S": 1, "block_size": 16, "is_causal": true}, "candidate": "candidate", "phase": "compile_correctness"}
2026-09-07 11:14:41  [TileLang:tilelang.cache.kernel_cache:WARNING] (kernel_cache.py:342): Found kernel 'kernel' in memory cache. For better performance, consider using `@tilelang.jit` instead of direct kernel caching.
{"case": {"B": 8, "SEQ_LEN": 256, "H": 1, "HQ": 16, "D": 32, "S": 1, "block_size": 16, "is_causal": true}, "seed": 390, "status": "PASS", "call_event_ms": {"baseline": [0.011366400122642516, 0.010419200360774993, 0.010342399775981902, 0.010444799810647965], "candidate": [0.010726399719715118, 0.010496000200510025, 0.010265599936246872, 0.010367999970912933]}, "median_ms": {"baseline": 0.01043200008571148, "candidate": 0.01043200008571148}, "baseline_over_candidate": 1.0}
{"case": {"B": 8, "SEQ_LEN": 256, "H": 1, "HQ": 16, "D": 64, "S": 1, "block_size": 16, "is_causal": true}, "candidate": "baseline", "phase": "compile_correctness"}
{"case": {"B": 8, "SEQ_LEN": 256, "H": 1, "HQ": 16, "D": 64, "S": 1, "block_size": 16, "is_causal": true}, "candidate": "candidate", "phase": "compile_correctness"}
2026-09-07 11:14:41  [TileLang:tilelang.cache.kernel_cache:WARNING] (kernel_cache.py:342): Found kernel 'kernel' in memory cache. For better performance, consider using `@tilelang.jit` instead of direct kernel caching.
{"case": {"B": 8, "SEQ_LEN": 256, "H": 1, "HQ": 16, "D": 64, "S": 1, "block_size": 16, "is_causal": true}, "seed": 390, "status": "PASS", "call_event_ms": {"baseline": [0.01807360053062439, 0.01815039962530136, 0.01794559955596924, 0.01932799965143204], "candidate": [0.018943999707698823, 0.01822720021009445, 0.018303999304771425, 0.0179967999458313]}, "median_ms": {"baseline": 0.018112000077962875, "candidate": 0.018265599757432936}, "baseline_over_candidate": 0.9915907672614169}
{"case": {"B": 8, "SEQ_LEN": 256, "H": 1, "HQ": 16, "D": 128, "S": 1, "block_size": 16, "is_causal": true}, "candidate": "baseline", "phase": "compile_correctness"}
{"case": {"B": 8, "SEQ_LEN": 256, "H": 1, "HQ": 16, "D": 128, "S": 1, "block_size": 16, "is_causal": true}, "candidate": "candidate", "phase": "compile_correctness"}
{"case": {"B": 8, "SEQ_LEN": 256, "H": 1, "HQ": 16, "D": 128, "S": 1, "block_size": 16, "is_causal": true}, "seed": 390, "status": "PASS", "call_event_ms": {"baseline": [0.03555839955806732, 0.034790399670600894, 0.03473919928073883, 0.034764799475669864], "candidate": [0.029286399483680725, 0.02892799973487854, 0.029337599873542786, 0.02900480031967163]}, "median_ms": {"baseline": 0.03477759957313538, "candidate": 0.02914559990167618}, "baseline_over_candidate": 1.1932367043553391}
{"case": {"B": 8, "SEQ_LEN": 512, "H": 1, "HQ": 16, "D": 32, "S": 1, "block_size": 16, "is_causal": true}, "candidate": "baseline", "phase": "compile_correctness"}
{"case": {"B": 8, "SEQ_LEN": 512, "H": 1, "HQ": 16, "D": 32, "S": 1, "block_size": 16, "is_causal": true}, "candidate": "candidate", "phase": "compile_correctness"}
{"case": {"B": 8, "SEQ_LEN": 512, "H": 1, "HQ": 16, "D": 32, "S": 1, "block_size": 16, "is_causal": true}, "seed": 390, "status": "PASS", "call_event_ms": {"baseline": [0.015718400478363037, 0.015411199629306793, 0.01510400027036667, 0.01518079936504364], "candidate": [0.014873600006103516, 0.014822399616241455, 0.014720000326633453, 0.014617599546909332]}, "median_ms": {"baseline": 0.015295999497175215, "candidate": 0.014771199971437454}, "baseline_over_candidate": 1.0355285641486507}
{"case": {"B": 8, "SEQ_LEN": 512, "H": 1, "HQ": 16, "D": 64, "S": 1, "block_size": 16, "is_causal": true}, "candidate": "baseline", "phase": "compile_correctness"}
{"case": {"B": 8, "SEQ_LEN": 512, "H": 1, "HQ": 16, "D": 64, "S": 1, "block_size": 16, "is_causal": true}, "candidate": "candidate", "phase": "compile_correctness"}
2026-09-07 11:14:42  [TileLang:tilelang.cache.kernel_cache:WARNING] (kernel_cache.py:342): Found kernel 'kernel' in memory cache. For better performance, consider using `@tilelang.jit` instead of direct kernel caching.
{"case": {"B": 8, "SEQ_LEN": 512, "H": 1, "HQ": 16, "D": 64, "S": 1, "block_size": 16, "is_causal": true}, "seed": 390, "status": "PASS", "call_event_ms": {"baseline": [0.029516801238059998, 0.029286399483680725, 0.029388800263404846, 0.029363200068473816], "candidate": [0.030899199843406677, 0.03038719892501831, 0.03043839931488037, 0.030694401264190672]}, "median_ms": {"baseline": 0.02937600016593933, "candidate": 0.03056640028953552}, "baseline_over_candidate": 0.9610552727072763}
{"case": {"B": 8, "SEQ_LEN": 512, "H": 1, "HQ": 16, "D": 128, "S": 1, "block_size": 16, "is_causal": true}, "candidate": "baseline", "phase": "compile_correctness"}
{"case": {"B": 8, "SEQ_LEN": 512, "H": 1, "HQ": 16, "D": 128, "S": 1, "block_size": 16, "is_causal": true}, "candidate": "candidate", "phase": "compile_correctness"}
{"case": {"B": 8, "SEQ_LEN": 512, "H": 1, "HQ": 16, "D": 128, "S": 1, "block_size": 16, "is_causal": true}, "seed": 390, "status": "PASS", "call_event_ms": {"baseline": [0.055961602926254274, 0.05608959794044495, 0.05557760000228882, 0.05552639961242676], "candidate": [0.04730879962444305, 0.04712960124015808, 0.05050879716873169, 0.047539201378822324]}, "median_ms": {"baseline": 0.05576960146427155, "candidate": 0.04742400050163269}, "baseline_over_candidate": 1.1759784259944823}
{"case": {"B": 8, "SEQ_LEN": 1024, "H": 1, "HQ": 16, "D": 32, "S": 1, "block_size": 16, "is_causal": true}, "candidate": "baseline", "phase": "compile_correctness"}
{"case": {"B": 8, "SEQ_LEN": 1024, "H": 1, "HQ": 16, "D": 32, "S": 1, "block_size": 16, "is_causal": true}, "candidate": "candidate", "phase": "compile_correctness"}
{"case": {"B": 8, "SEQ_LEN": 1024, "H": 1, "HQ": 16, "D": 32, "S": 1, "block_size": 16, "is_causal": true}, "seed": 390, "status": "PASS", "call_event_ms": {"baseline": [0.024831999838352204, 0.02449920028448105, 0.024422399699687958, 0.024371199309825897], "candidate": [0.023680000007152556, 0.023577600717544556, 0.023526400327682495, 0.023577600717544556]}, "median_ms": {"baseline": 0.024460799992084503, "candidate": 0.023577600717544556}, "baseline_over_candidate": 1.0374592514785757}
{"case": {"B": 8, "SEQ_LEN": 1024, "H": 1, "HQ": 16, "D": 64, "S": 1, "block_size": 16, "is_causal": true}, "candidate": "baseline", "phase": "compile_correctness"}
{"case": {"B": 8, "SEQ_LEN": 1024, "H": 1, "HQ": 16, "D": 64, "S": 1, "block_size": 16, "is_causal": true}, "candidate": "candidate", "phase": "compile_correctness"}
2026-09-07 11:14:43  [TileLang:tilelang.cache.kernel_cache:WARNING] (kernel_cache.py:342): Found kernel 'kernel' in memory cache. For better performance, consider using `@tilelang.jit` instead of direct kernel caching.
{"case": {"B": 8, "SEQ_LEN": 1024, "H": 1, "HQ": 16, "D": 64, "S": 1, "block_size": 16, "is_causal": true}, "seed": 390, "status": "PASS", "call_event_ms": {"baseline": [0.048742398619651794, 0.04912639856338501, 0.04904960095882416, 0.04897280037403107], "candidate": [0.048742398619651794, 0.048665601015090945, 0.04927999973297119, 0.04925439953804016]}, "median_ms": {"baseline": 0.04901120066642761, "candidate": 0.048998399078845976}, "baseline_over_candidate": 1.0002612654254486}
{"case": {"B": 8, "SEQ_LEN": 1024, "H": 1, "HQ": 16, "D": 128, "S": 1, "block_size": 16, "is_causal": true}, "candidate": "baseline", "phase": "compile_correctness"}
{"case": {"B": 8, "SEQ_LEN": 1024, "H": 1, "HQ": 16, "D": 128, "S": 1, "block_size": 16, "is_causal": true}, "candidate": "candidate", "phase": "compile_correctness"}
{"case": {"B": 8, "SEQ_LEN": 1024, "H": 1, "HQ": 16, "D": 128, "S": 1, "block_size": 16, "is_causal": true}, "seed": 390, "status": "PASS", "call_event_ms": {"baseline": [0.09825279712677001, 0.09664000272750854, 0.09712640047073365, 0.09676799774169922], "candidate": [0.08583679795265198, 0.08711680173873901, 0.08558080196380616, 0.08573439717292786]}, "median_ms": {"baseline": 0.09694719910621644, "candidate": 0.08578559756278992}, "baseline_over_candidate": 1.1301104364897254}
{"case": {"B": 1, "SEQ_LEN": 256, "H": 1, "HQ": 16, "D": 64, "S": 1, "block_size": 32, "is_causal": true}, "candidate": "baseline", "phase": "compile_correctness"}
{"case": {"B": 1, "SEQ_LEN": 256, "H": 1, "HQ": 16, "D": 64, "S": 1, "block_size": 32, "is_causal": true}, "candidate": "candidate", "phase": "compile_correctness"}
2026-09-07 11:14:43  [TileLang:tilelang.cache.kernel_cache:WARNING] (kernel_cache.py:342): Found kernel 'kernel' in memory cache. For better performance, consider using `@tilelang.jit` instead of direct kernel caching.
{"case": {"B": 1, "SEQ_LEN": 256, "H": 1, "HQ": 16, "D": 64, "S": 1, "block_size": 32, "is_causal": true}, "seed": 390, "status": "PASS", "call_event_ms": {"baseline": [0.011417599767446518, 0.010675200074911118, 0.010623999685049058, 0.010623999685049058], "candidate": [0.011059200018644333, 0.010726399719715118, 0.010675200074911118, 0.010649599879980088]}, "median_ms": {"baseline": 0.010649599879980088, "candidate": 0.010700799897313118}, "baseline_over_candidate": 0.9952153093390816}
{"case": {"B": 1, "SEQ_LEN": 256, "H": 1, "HQ": 16, "D": 64, "S": 1, "block_size": 64, "is_causal": true}, "candidate": "baseline", "phase": "compile_correctness"}
{"case": {"B": 1, "SEQ_LEN": 256, "H": 1, "HQ": 16, "D": 64, "S": 1, "block_size": 64, "is_causal": true}, "candidate": "candidate", "phase": "compile_correctness"}
2026-09-07 11:14:43  [TileLang:tilelang.cache.kernel_cache:WARNING] (kernel_cache.py:342): Found kernel 'kernel' in memory cache. For better performance, consider using `@tilelang.jit` instead of direct kernel caching.
{"case": {"B": 1, "SEQ_LEN": 256, "H": 1, "HQ": 16, "D": 64, "S": 1, "block_size": 64, "is_causal": true}, "seed": 390, "status": "PASS", "call_event_ms": {"baseline": [0.014028799533843995, 0.014233599603176116, 0.014131200313568116, 0.014003199338912965], "candidate": [0.014336000382900237, 0.014156800508499146, 0.014079999923706055, 0.014131200313568116]}, "median_ms": {"baseline": 0.014079999923706055, "candidate": 0.014144000411033631}, "baseline_over_candidate": 0.9954750787989479}
{"case": {"B": 1, "SEQ_LEN": 512, "H": 1, "HQ": 16, "D": 64, "S": 1, "block_size": 32, "is_causal": true}, "candidate": "baseline", "phase": "compile_correctness"}
{"case": {"B": 1, "SEQ_LEN": 512, "H": 1, "HQ": 16, "D": 64, "S": 1, "block_size": 32, "is_causal": true}, "candidate": "candidate", "phase": "compile_correctness"}
2026-09-07 11:14:44  [TileLang:tilelang.cache.kernel_cache:WARNING] (kernel_cache.py:342): Found kernel 'kernel' in memory cache. For better performance, consider using `@tilelang.jit` instead of direct kernel caching.
{"case": {"B": 1, "SEQ_LEN": 512, "H": 1, "HQ": 16, "D": 64, "S": 1, "block_size": 32, "is_causal": true}, "seed": 390, "status": "PASS", "call_event_ms": {"baseline": [0.011699199676513672, 0.010726399719715118, 0.010726399719715118, 0.010751999914646149], "candidate": [0.011212799698114395, 0.010956799983978272, 0.01088000014424324, 0.01088000014424324]}, "median_ms": {"baseline": 0.010739199817180634, "candidate": 0.010918400064110757}, "baseline_over_candidate": 0.9835873162846303}
{"case": {"B": 1, "SEQ_LEN": 512, "H": 1, "HQ": 16, "D": 64, "S": 1, "block_size": 64, "is_causal": true}, "candidate": "baseline", "phase": "compile_correctness"}
{"case": {"B": 1, "SEQ_LEN": 512, "H": 1, "HQ": 16, "D": 64, "S": 1, "block_size": 64, "is_causal": true}, "candidate": "candidate", "phase": "compile_correctness"}
2026-09-07 11:14:44  [TileLang:tilelang.cache.kernel_cache:WARNING] (kernel_cache.py:342): Found kernel 'kernel' in memory cache. For better performance, consider using `@tilelang.jit` instead of direct kernel caching.
{"case": {"B": 1, "SEQ_LEN": 512, "H": 1, "HQ": 16, "D": 64, "S": 1, "block_size": 64, "is_causal": true}, "seed": 390, "status": "PASS", "call_event_ms": {"baseline": [0.01658879965543747, 0.01676799952983856, 0.01648640036582947, 0.01656319946050644], "candidate": [0.0166143998503685, 0.0166143998503685, 0.0165120005607605, 0.0165120005607605]}, "median_ms": {"baseline": 0.016575999557971954, "candidate": 0.0165632002055645}, "baseline_over_candidate": 1.0007727584191826}
{"case": {"B": 1, "SEQ_LEN": 512, "H": 1, "HQ": 16, "D": 128, "S": 1, "block_size": 32, "is_causal": true}, "candidate": "baseline", "phase": "compile_correctness"}
{"case": {"B": 1, "SEQ_LEN": 512, "H": 1, "HQ": 16, "D": 128, "S": 1, "block_size": 32, "is_causal": true}, "candidate": "candidate", "phase": "compile_correctness"}
{"case": {"B": 1, "SEQ_LEN": 512, "H": 1, "HQ": 16, "D": 128, "S": 1, "block_size": 32, "is_causal": true}, "seed": 390, "status": "PASS", "call_event_ms": {"baseline": [0.01822720021009445, 0.017664000391960144, 0.017715199291706084, 0.017664000391960144], "candidate": [0.015385599434375763, 0.01515520066022873, 0.01528320014476776, 0.01518079936504364]}, "median_ms": {"baseline": 0.017689599841833114, "candidate": 0.0152319997549057}, "baseline_over_candidate": 1.161344546118175}
{"case": {"B": 2, "SEQ_LEN": 256, "H": 1, "HQ": 16, "D": 64, "S": 1, "block_size": 64, "is_causal": true}, "candidate": "baseline", "phase": "compile_correctness"}
{"case": {"B": 2, "SEQ_LEN": 256, "H": 1, "HQ": 16, "D": 64, "S": 1, "block_size": 64, "is_causal": true}, "candidate": "candidate", "phase": "compile_correctness"}
2026-09-07 11:14:44  [TileLang:tilelang.cache.kernel_cache:WARNING] (kernel_cache.py:342): Found kernel 'kernel' in memory cache. For better performance, consider using `@tilelang.jit` instead of direct kernel caching.
{"case": {"B": 2, "SEQ_LEN": 256, "H": 1, "HQ": 16, "D": 64, "S": 1, "block_size": 64, "is_causal": true}, "seed": 390, "status": "PASS", "call_event_ms": {"baseline": [0.01640959978103638, 0.016383999586105348, 0.016332800686359405, 0.01646080017089844], "candidate": [0.016358399391174318, 0.01648640036582947, 0.01640959978103638, 0.016383999586105348]}, "median_ms": {"baseline": 0.016396799683570863, "candidate": 0.016396799683570863}, "baseline_over_candidate": 1.0}
{"case": {"B": 4, "SEQ_LEN": 128, "H": 1, "HQ": 16, "D": 64, "S": 1, "block_size": 32, "is_causal": true}, "candidate": "baseline", "phase": "compile_correctness"}
{"case": {"B": 4, "SEQ_LEN": 128, "H": 1, "HQ": 16, "D": 64, "S": 1, "block_size": 32, "is_causal": true}, "candidate": "candidate", "phase": "compile_correctness"}
2026-09-07 11:14:44  [TileLang:tilelang.cache.kernel_cache:WARNING] (kernel_cache.py:342): Found kernel 'kernel' in memory cache. For better performance, consider using `@tilelang.jit` instead of direct kernel caching.
{"case": {"B": 4, "SEQ_LEN": 128, "H": 1, "HQ": 16, "D": 64, "S": 1, "block_size": 32, "is_causal": true}, "seed": 390, "status": "PASS", "call_event_ms": {"baseline": [0.011519999802112579, 0.010982400178909302, 0.010931199789047242, 0.01088000014424324], "candidate": [0.011110399663448334, 0.011033599823713302, 0.01090560033917427, 0.012108799815177918]}, "median_ms": {"baseline": 0.010956799983978272, "candidate": 0.011071999743580817}, "baseline_over_candidate": 0.9895953971937784}
{"case": {"B": 4, "SEQ_LEN": 128, "H": 1, "HQ": 16, "D": 64, "S": 1, "block_size": 64, "is_causal": true}, "candidate": "baseline", "phase": "compile_correctness"}
{"case": {"B": 4, "SEQ_LEN": 128, "H": 1, "HQ": 16, "D": 64, "S": 1, "block_size": 64, "is_causal": true}, "candidate": "candidate", "phase": "compile_correctness"}
2026-09-07 11:14:45  [TileLang:tilelang.cache.kernel_cache:WARNING] (kernel_cache.py:342): Found kernel 'kernel' in memory cache. For better performance, consider using `@tilelang.jit` instead of direct kernel caching.
{"case": {"B": 4, "SEQ_LEN": 128, "H": 1, "HQ": 16, "D": 64, "S": 1, "block_size": 64, "is_causal": true}, "seed": 390, "status": "PASS", "call_event_ms": {"baseline": [0.016358399391174318, 0.016281600296497344, 0.016307200491428375, 0.016256000101566314], "candidate": [0.01640959978103638, 0.016383999586105348, 0.016332800686359405, 0.016332800686359405]}, "median_ms": {"baseline": 0.01629440039396286, "candidate": 0.016358400136232375}, "baseline_over_candidate": 0.9960876527205272}
{"case": {"B": 2, "SEQ_LEN": 512, "H": 1, "HQ": 16, "D": 128, "S": 1, "block_size": 32, "is_causal": true}, "candidate": "baseline", "phase": "compile_correctness"}
{"case": {"B": 2, "SEQ_LEN": 512, "H": 1, "HQ": 16, "D": 128, "S": 1, "block_size": 32, "is_causal": true}, "candidate": "candidate", "phase": "compile_correctness"}
{"case": {"B": 2, "SEQ_LEN": 512, "H": 1, "HQ": 16, "D": 128, "S": 1, "block_size": 32, "is_causal": true}, "seed": 390, "status": "PASS", "call_event_ms": {"baseline": [0.02452480047941208, 0.024268800020217897, 0.024217599630355836, 0.02391040027141571], "candidate": [0.021631999313831328, 0.02160640060901642, 0.021350400149822236, 0.021350400149822236]}, "median_ms": {"baseline": 0.024243199825286867, "candidate": 0.021478400379419327}, "baseline_over_candidate": 1.1287246441553804}
{"case": {"B": 4, "SEQ_LEN": 1024, "H": 1, "HQ": 16, "D": 128, "S": 1, "block_size": 32, "is_causal": true}, "candidate": "baseline", "phase": "compile_correctness"}
{"case": {"B": 4, "SEQ_LEN": 1024, "H": 1, "HQ": 16, "D": 128, "S": 1, "block_size": 32, "is_causal": true}, "candidate": "candidate", "phase": "compile_correctness"}
{"case": {"B": 4, "SEQ_LEN": 1024, "H": 1, "HQ": 16, "D": 128, "S": 1, "block_size": 32, "is_causal": true}, "seed": 390, "status": "PASS", "call_event_ms": {"baseline": [0.0794368028640747, 0.078847998380661, 0.07923200130462646, 0.07956479787826538], "candidate": [0.05916159749031067, 0.05877760052680969, 0.05939199924468994, 0.05916159749031067]}, "median_ms": {"baseline": 0.07933440208435058, "candidate": 0.05916159749031067}, "baseline_over_candidate": 1.3409780237483235}
{"case": {"B": 8, "SEQ_LEN": 512, "H": 1, "HQ": 16, "D": 128, "S": 1, "block_size": 32, "is_causal": true}, "candidate": "baseline", "phase": "compile_correctness"}
{"case": {"B": 8, "SEQ_LEN": 512, "H": 1, "HQ": 16, "D": 128, "S": 1, "block_size": 32, "is_causal": true}, "candidate": "candidate", "phase": "compile_correctness"}
{"case": {"B": 8, "SEQ_LEN": 512, "H": 1, "HQ": 16, "D": 128, "S": 1, "block_size": 32, "is_causal": true}, "seed": 390, "status": "PASS", "call_event_ms": {"baseline": [0.08143360018730164, 0.08140799999237061, 0.08110079765319825, 0.08125439882278443], "candidate": [0.059724801778793336, 0.059084802865982056, 0.05916159749031067, 0.059443199634552]}, "median_ms": {"baseline": 0.08133119940757752, "candidate": 0.05930239856243134}, "baseline_over_candidate": 1.3714655963190947}
{"case": {"B": 1, "SEQ_LEN": 256, "H": 2, "HQ": 32, "D": 64, "S": 1, "block_size": 16, "is_causal": true}, "candidate": "baseline", "phase": "compile_correctness"}
{"case": {"B": 1, "SEQ_LEN": 256, "H": 2, "HQ": 32, "D": 64, "S": 1, "block_size": 16, "is_causal": true}, "candidate": "candidate", "phase": "compile_correctness"}
2026-09-07 11:14:46  [TileLang:tilelang.cache.kernel_cache:WARNING] (kernel_cache.py:342): Found kernel 'kernel' in memory cache. For better performance, consider using `@tilelang.jit` instead of direct kernel caching.
{"case": {"B": 1, "SEQ_LEN": 256, "H": 2, "HQ": 32, "D": 64, "S": 1, "block_size": 16, "is_causal": true}, "seed": 390, "status": "PASS", "call_event_ms": {"baseline": [0.011264000087976456, 0.010675200074911118, 0.010623999685049058, 0.010444799810647965], "candidate": [0.010675200074911118, 0.010547199845314026, 0.010367999970912933, 0.010393600165843963]}, "median_ms": {"baseline": 0.010649599879980088, "candidate": 0.010470400005578993}, "baseline_over_candidate": 1.0171149024206918}
{"case": {"B": 2, "SEQ_LEN": 512, "H": 2, "HQ": 32, "D": 64, "S": 1, "block_size": 16, "is_causal": true}, "candidate": "baseline", "phase": "compile_correctness"}
{"case": {"B": 2, "SEQ_LEN": 512, "H": 2, "HQ": 32, "D": 64, "S": 1, "block_size": 16, "is_causal": true}, "candidate": "candidate", "phase": "compile_correctness"}
2026-09-07 11:14:46  [TileLang:tilelang.cache.kernel_cache:WARNING] (kernel_cache.py:342): Found kernel 'kernel' in memory cache. For better performance, consider using `@tilelang.jit` instead of direct kernel caching.
{"case": {"B": 2, "SEQ_LEN": 512, "H": 2, "HQ": 32, "D": 64, "S": 1, "block_size": 16, "is_causal": true}, "seed": 390, "status": "PASS", "call_event_ms": {"baseline": [0.01804800033569336, 0.018355199694633485, 0.018918399512767792, 0.017868800461292265], "candidate": [0.017766399681568144, 0.017817600071430205, 0.017587199807167053, 0.017689600586891174]}, "median_ms": {"baseline": 0.018201600015163424, "candidate": 0.01772800013422966}, "baseline_over_candidate": 1.0267147945254878}
{"case": {"B": 1, "SEQ_LEN": 512, "H": 2, "HQ": 32, "D": 128, "S": 1, "block_size": 16, "is_causal": true}, "candidate": "baseline", "phase": "compile_correctness"}
{"case": {"B": 1, "SEQ_LEN": 512, "H": 2, "HQ": 32, "D": 128, "S": 1, "block_size": 16, "is_causal": true}, "candidate": "candidate", "phase": "compile_correctness"}
{"case": {"B": 1, "SEQ_LEN": 512, "H": 2, "HQ": 32, "D": 128, "S": 1, "block_size": 16, "is_causal": true}, "seed": 390, "status": "PASS", "call_event_ms": {"baseline": [0.01945600062608719, 0.01879040002822876, 0.018713599443435668, 0.018636800348758698], "candidate": [0.01676799952983856, 0.01653759926557541, 0.01646080017089844, 0.01643519997596741]}, "median_ms": {"baseline": 0.018751999735832213, "candidate": 0.016499199718236924}, "baseline_over_candidate": 1.136539956850466}
{"case": {"B": 1, "SEQ_LEN": 256, "H": 1, "HQ": 16, "D": 64, "S": 2, "block_size": 16, "is_causal": true}, "candidate": "baseline", "phase": "compile_correctness"}
{"case": {"B": 1, "SEQ_LEN": 256, "H": 1, "HQ": 16, "D": 64, "S": 2, "block_size": 16, "is_causal": true}, "candidate": "candidate", "phase": "compile_correctness"}
{"case": {"B": 1, "SEQ_LEN": 256, "H": 1, "HQ": 16, "D": 64, "S": 2, "block_size": 16, "is_causal": true}, "seed": 390, "status": "PASS", "call_event_ms": {"baseline": [0.011596799641847611, 0.010675200074911118, 0.010726399719715118, 0.010572800040245056], "candidate": [0.011135999858379365, 0.010931199789047242, 0.010675200074911118, 0.010828799754381179]}, "median_ms": {"baseline": 0.010700799897313118, "candidate": 0.010879999771714211}, "baseline_over_candidate": 0.983529422963135}
{"case": {"B": 2, "SEQ_LEN": 512, "H": 1, "HQ": 16, "D": 64, "S": 2, "block_size": 16, "is_causal": true}, "candidate": "baseline", "phase": "compile_correctness"}
{"case": {"B": 2, "SEQ_LEN": 512, "H": 1, "HQ": 16, "D": 64, "S": 2, "block_size": 16, "is_causal": true}, "candidate": "candidate", "phase": "compile_correctness"}
{"case": {"B": 2, "SEQ_LEN": 512, "H": 1, "HQ": 16, "D": 64, "S": 2, "block_size": 16, "is_causal": true}, "seed": 390, "status": "PASS", "call_event_ms": {"baseline": [0.019891199469566346, 0.01950719952583313, 0.01945600062608719, 0.019251200556755065], "candidate": [0.012876799702644348, 0.012697599828243256, 0.012492799758911132, 0.012671999633312225]}, "median_ms": {"baseline": 0.01948160007596016, "candidate": 0.01268479973077774}, "baseline_over_candidate": 1.535822440199116}
{"case": {"B": 4, "SEQ_LEN": 1024, "H": 1, "HQ": 16, "D": 64, "S": 2, "block_size": 16, "is_causal": true}, "candidate": "baseline", "phase": "compile_correctness"}
{"case": {"B": 4, "SEQ_LEN": 1024, "H": 1, "HQ": 16, "D": 64, "S": 2, "block_size": 16, "is_causal": true}, "candidate": "candidate", "phase": "compile_correctness"}
{"case": {"B": 4, "SEQ_LEN": 1024, "H": 1, "HQ": 16, "D": 64, "S": 2, "block_size": 16, "is_causal": true}, "seed": 390, "status": "PASS", "call_event_ms": {"baseline": [0.0506879985332489, 0.0502016007900238, 0.05053439736366272, 0.33162240982055663], "candidate": [0.03568640053272247, 0.03566080033779144, 0.0357120007276535, 0.03601920008659363]}, "median_ms": {"baseline": 0.05061119794845581, "candidate": 0.035699200630187986}, "baseline_over_candidate": 1.417712359241398}
{"case": {"B": 1, "SEQ_LEN": 256, "H": 1, "HQ": 16, "D": 64, "S": 4, "block_size": 16, "is_causal": true}, "candidate": "baseline", "phase": "compile_correctness"}
{"case": {"B": 1, "SEQ_LEN": 256, "H": 1, "HQ": 16, "D": 64, "S": 4, "block_size": 16, "is_causal": true}, "candidate": "candidate", "phase": "compile_correctness"}
{"case": {"B": 1, "SEQ_LEN": 256, "H": 1, "HQ": 16, "D": 64, "S": 4, "block_size": 16, "is_causal": true}, "seed": 390, "status": "PASS", "call_event_ms": {"baseline": [0.016332800686359405, 0.01592320054769516, 0.01594880074262619, 0.01594880074262619], "candidate": [0.01226240023970604, 0.012134400010108948, 0.011852800101041793, 0.011955200135707856]}, "median_ms": {"baseline": 0.01594880074262619, "candidate": 0.012044800072908403}, "baseline_over_candidate": 1.3241233267539911}
{"case": {"B": 2, "SEQ_LEN": 512, "H": 1, "HQ": 16, "D": 64, "S": 4, "block_size": 16, "is_causal": true}, "candidate": "baseline", "phase": "compile_correctness"}
{"case": {"B": 2, "SEQ_LEN": 512, "H": 1, "HQ": 16, "D": 64, "S": 4, "block_size": 16, "is_causal": true}, "candidate": "candidate", "phase": "compile_correctness"}
{"case": {"B": 2, "SEQ_LEN": 512, "H": 1, "HQ": 16, "D": 64, "S": 4, "block_size": 16, "is_causal": true}, "seed": 390, "status": "PASS", "call_event_ms": {"baseline": [0.02913280129432678, 0.029286399483680725, 0.02895359992980957, 0.028825598955154418], "candidate": [0.019174399971961974, 0.019174399971961974, 0.018918399512767792, 0.018918399512767792]}, "median_ms": {"baseline": 0.029043200612068176, "candidate": 0.019046399742364883}, "baseline_over_candidate": 1.5248656441598998}
{"case": {"B": 4, "SEQ_LEN": 1024, "H": 1, "HQ": 16, "D": 64, "S": 4, "block_size": 16, "is_causal": true}, "candidate": "baseline", "phase": "compile_correctness"}
{"case": {"B": 4, "SEQ_LEN": 1024, "H": 1, "HQ": 16, "D": 64, "S": 4, "block_size": 16, "is_causal": true}, "candidate": "candidate", "phase": "compile_correctness"}
{"case": {"B": 4, "SEQ_LEN": 1024, "H": 1, "HQ": 16, "D": 64, "S": 4, "block_size": 16, "is_causal": true}, "seed": 390, "status": "PASS", "call_event_ms": {"baseline": [0.07859200239181519, 0.0779263973236084, 0.07825919985771179, 0.07772160172462464], "candidate": [0.057574397325515746, 0.057599997520446776, 0.057548797130584715, 0.05752320289611816]}, "median_ms": {"baseline": 0.0780927985906601, "candidate": 0.05756159722805023}, "baseline_over_candidate": 1.3566822734481878}
{"case": {"B": 1, "SEQ_LEN": 256, "H": 1, "HQ": 16, "D": 64, "S": 8, "block_size": 16, "is_causal": true}, "candidate": "baseline", "phase": "compile_correctness"}
{"case": {"B": 1, "SEQ_LEN": 256, "H": 1, "HQ": 16, "D": 64, "S": 8, "block_size": 16, "is_causal": true}, "candidate": "candidate", "phase": "compile_correctness"}
2026-09-07 11:14:48  [TileLang:tilelang.cache.kernel_cache:WARNING] (kernel_cache.py:342): Found kernel 'kernel' in memory cache. For better performance, consider using `@tilelang.jit` instead of direct kernel caching.
{"case": {"B": 1, "SEQ_LEN": 256, "H": 1, "HQ": 16, "D": 64, "S": 8, "block_size": 16, "is_causal": true}, "seed": 390, "status": "PASS", "call_event_ms": {"baseline": [0.02455040067434311, 0.025088000297546386, 0.02457599937915802, 0.02470400035381317], "candidate": [0.024883200228214265, 0.02465279996395111, 0.02467840015888214, 0.02455040067434311]}, "median_ms": {"baseline": 0.024639999866485594, "candidate": 0.024665600061416625}, "baseline_over_candidate": 0.9989621093803805}
{"case": {"B": 2, "SEQ_LEN": 512, "H": 1, "HQ": 16, "D": 64, "S": 8, "block_size": 16, "is_causal": true}, "candidate": "baseline", "phase": "compile_correctness"}
{"case": {"B": 2, "SEQ_LEN": 512, "H": 1, "HQ": 16, "D": 64, "S": 8, "block_size": 16, "is_causal": true}, "candidate": "candidate", "phase": "compile_correctness"}
2026-09-07 11:14:48  [TileLang:tilelang.cache.kernel_cache:WARNING] (kernel_cache.py:342): Found kernel 'kernel' in memory cache. For better performance, consider using `@tilelang.jit` instead of direct kernel caching.
{"case": {"B": 2, "SEQ_LEN": 512, "H": 1, "HQ": 16, "D": 64, "S": 8, "block_size": 16, "is_causal": true}, "seed": 390, "status": "PASS", "call_event_ms": {"baseline": [0.0412416011095047, 0.04126720130443573, 0.04116480052471161, 0.04119040071964264], "candidate": [0.04108799993991852, 0.04088320136070252, 0.04088320136070252, 0.04111360013484955]}, "median_ms": {"baseline": 0.04121600091457367, "candidate": 0.04098560065031052}, "baseline_over_candidate": 1.0056214929294054}
{"case": {"B": 4, "SEQ_LEN": 1024, "H": 1, "HQ": 16, "D": 64, "S": 8, "block_size": 16, "is_causal": true}, "candidate": "baseline", "phase": "compile_correctness"}
{"case": {"B": 4, "SEQ_LEN": 1024, "H": 1, "HQ": 16, "D": 64, "S": 8, "block_size": 16, "is_causal": true}, "candidate": "candidate", "phase": "compile_correctness"}
2026-09-07 11:14:48  [TileLang:tilelang.cache.kernel_cache:WARNING] (kernel_cache.py:342): Found kernel 'kernel' in memory cache. For better performance, consider using `@tilelang.jit` instead of direct kernel caching.
{"case": {"B": 4, "SEQ_LEN": 1024, "H": 1, "HQ": 16, "D": 64, "S": 8, "block_size": 16, "is_causal": true}, "seed": 390, "status": "PASS", "call_event_ms": {"baseline": [0.12367360591888428, 0.1233407974243164, 0.12290560007095337, 0.1232640027999878], "candidate": [0.12316160202026367, 0.12331520318984986, 0.12321280241012574, 0.12316160202026367]}, "median_ms": {"baseline": 0.1233024001121521, "candidate": 0.1231872022151947}, "baseline_over_candidate": 1.0009351450060222}
{"case": {"B": 1, "SEQ_LEN": 1024, "H": 1, "HQ": 16, "D": 128, "S": 1, "block_size": 32, "is_causal": true}, "candidate": "baseline", "phase": "compile_correctness"}
{"case": {"B": 1, "SEQ_LEN": 1024, "H": 1, "HQ": 16, "D": 128, "S": 1, "block_size": 32, "is_causal": true}, "candidate": "candidate", "phase": "compile_correctness"}
{"case": {"B": 1, "SEQ_LEN": 1024, "H": 1, "HQ": 16, "D": 128, "S": 1, "block_size": 32, "is_causal": true}, "seed": 390, "status": "PASS", "call_event_ms": {"baseline": [0.02396160066127777, 0.023449599742889404, 0.023705600202083586, 0.023475199937820435], "candidate": [0.021427200734615327, 0.02114560008049011, 0.021376000344753267, 0.021401600539684297]}, "median_ms": {"baseline": 0.02359040006995201, "candidate": 0.021388800442218782}, "baseline_over_candidate": 1.1029323562899558}
{"case": {"B": 2, "SEQ_LEN": 1024, "H": 1, "HQ": 16, "D": 128, "S": 1, "block_size": 32, "is_causal": true}, "candidate": "baseline", "phase": "compile_correctness"}
{"case": {"B": 2, "SEQ_LEN": 1024, "H": 1, "HQ": 16, "D": 128, "S": 1, "block_size": 32, "is_causal": true}, "candidate": "candidate", "phase": "compile_correctness"}
{"case": {"B": 2, "SEQ_LEN": 1024, "H": 1, "HQ": 16, "D": 128, "S": 1, "block_size": 32, "is_causal": true}, "seed": 390, "status": "PASS", "call_event_ms": {"baseline": [0.04615679979324341, 0.045337599515914914, 0.045158401131629944, 0.045465600490570066], "candidate": [0.03430399894714355, 0.034227201342582704, 0.03399679958820343, 0.03430399894714355]}, "median_ms": {"baseline": 0.04540160000324249, "candidate": 0.03426560014486313}, "baseline_over_candidate": 1.324990655680922}
{"case": {"B": 4, "SEQ_LEN": 512, "H": 1, "HQ": 16, "D": 128, "S": 1, "block_size": 32, "is_causal": true}, "candidate": "baseline", "phase": "compile_correctness"}
{"case": {"B": 4, "SEQ_LEN": 512, "H": 1, "HQ": 16, "D": 128, "S": 1, "block_size": 32, "is_causal": true}, "candidate": "candidate", "phase": "compile_correctness"}
{"case": {"B": 4, "SEQ_LEN": 512, "H": 1, "HQ": 16, "D": 128, "S": 1, "block_size": 32, "is_causal": true}, "seed": 390, "status": "PASS", "call_event_ms": {"baseline": [0.04456959962844849, 0.04426240026950836, 0.04431360065937042, 0.04390400052070618], "candidate": [0.03409920036792755, 0.03394559919834137, 0.03386879861354828, 0.03404799997806549]}, "median_ms": {"baseline": 0.04428800046443939, "candidate": 0.03399679958820343}, "baseline_over_candidate": 1.3027108728142431}
{"case": {"B": 8, "SEQ_LEN": 256, "H": 1, "HQ": 16, "D": 128, "S": 1, "block_size": 32, "is_causal": true}, "candidate": "baseline", "phase": "compile_correctness"}
{"case": {"B": 8, "SEQ_LEN": 256, "H": 1, "HQ": 16, "D": 128, "S": 1, "block_size": 32, "is_causal": true}, "candidate": "candidate", "phase": "compile_correctness"}
{"case": {"B": 8, "SEQ_LEN": 256, "H": 1, "HQ": 16, "D": 128, "S": 1, "block_size": 32, "is_causal": true}, "seed": 390, "status": "PASS", "call_event_ms": {"baseline": [0.04469760060310364, 0.04441600143909454, 0.04451839923858643, 0.04444159865379334], "candidate": [0.03386879861354828, 0.033766400814056394, 0.03371520042419433, 0.033843201398849485]}, "median_ms": {"baseline": 0.04447999894618988, "candidate": 0.03380480110645294}, "baseline_over_candidate": 1.3157893994441865}
{"case": {"B": 1, "SEQ_LEN": 2048, "H": 1, "HQ": 16, "D": 32, "S": 1, "block_size": 16, "is_causal": true}, "candidate": "baseline", "phase": "compile_correctness"}
{"case": {"B": 1, "SEQ_LEN": 2048, "H": 1, "HQ": 16, "D": 32, "S": 1, "block_size": 16, "is_causal": true}, "candidate": "candidate", "phase": "compile_correctness"}
2026-09-07 11:14:49  [TileLang:tilelang.cache.kernel_cache:WARNING] (kernel_cache.py:342): Found kernel 'kernel' in memory cache. For better performance, consider using `@tilelang.jit` instead of direct kernel caching.
{"case": {"B": 1, "SEQ_LEN": 2048, "H": 1, "HQ": 16, "D": 32, "S": 1, "block_size": 16, "is_causal": true}, "seed": 390, "status": "PASS", "call_event_ms": {"baseline": [0.011392000317573547, 0.010675200074911118, 0.010419200360774993, 0.010496000200510025], "candidate": [0.01080320030450821, 0.010521599650382995, 0.010751999914646149, 0.010419200360774993]}, "median_ms": {"baseline": 0.010585600137710573, "candidate": 0.010636799782514573}, "baseline_over_candidate": 0.9951865555570422}
{"case": {"B": 4, "SEQ_LEN": 2048, "H": 1, "HQ": 16, "D": 32, "S": 1, "block_size": 16, "is_causal": true}, "candidate": "baseline", "phase": "compile_correctness"}
{"case": {"B": 4, "SEQ_LEN": 2048, "H": 1, "HQ": 16, "D": 32, "S": 1, "block_size": 16, "is_causal": true}, "candidate": "candidate", "phase": "compile_correctness"}
{"case": {"B": 4, "SEQ_LEN": 2048, "H": 1, "HQ": 16, "D": 32, "S": 1, "block_size": 16, "is_causal": true}, "seed": 390, "status": "PASS", "call_event_ms": {"baseline": [0.02470400035381317, 0.024345600605010988, 0.024371199309825897, 0.024345600605010988], "candidate": [0.023731200397014617, 0.023372800648212434, 0.023500800132751465, 0.023423999547958374]}, "median_ms": {"baseline": 0.024358399957418442, "candidate": 0.02346239984035492}, "baseline_over_candidate": 1.038188766842274}
{"case": {"B": 8, "SEQ_LEN": 2048, "H": 1, "HQ": 16, "D": 32, "S": 1, "block_size": 16, "is_causal": true}, "candidate": "baseline", "phase": "compile_correctness"}
{"case": {"B": 8, "SEQ_LEN": 2048, "H": 1, "HQ": 16, "D": 32, "S": 1, "block_size": 16, "is_causal": true}, "candidate": "candidate", "phase": "compile_correctness"}
{"case": {"B": 8, "SEQ_LEN": 2048, "H": 1, "HQ": 16, "D": 32, "S": 1, "block_size": 16, "is_causal": true}, "seed": 390, "status": "PASS", "call_event_ms": {"baseline": [0.04183039963245392, 0.04142079949378967, 0.04157440066337585, 0.0417279988527298], "candidate": [0.03950079977512359, 0.03911679983139038, 0.03929600119590759, 0.04121600091457367]}, "median_ms": {"baseline": 0.04165119975805283, "candidate": 0.03939840048551559}, "baseline_over_candidate": 1.0571799678356346}
{"case": {"B": 1, "SEQ_LEN": 48, "H": 1, "HQ": 16, "D": 32, "S": 1, "block_size": 16, "is_causal": true}, "candidate": "baseline", "phase": "compile_correctness"}
{"case": {"B": 1, "SEQ_LEN": 48, "H": 1, "HQ": 16, "D": 32, "S": 1, "block_size": 16, "is_causal": true}, "candidate": "candidate", "phase": "compile_correctness"}
2026-09-07 11:14:50  [TileLang:tilelang.cache.kernel_cache:WARNING] (kernel_cache.py:342): Found kernel 'kernel' in memory cache. For better performance, consider using `@tilelang.jit` instead of direct kernel caching.
{"case": {"B": 1, "SEQ_LEN": 48, "H": 1, "HQ": 16, "D": 32, "S": 1, "block_size": 16, "is_causal": true}, "seed": 390, "status": "PASS", "call_event_ms": {"baseline": [0.011238399893045425, 0.010265599936246872, 0.010291200131177902, 0.010086400061845779], "candidate": [0.010623999685049058, 0.010342399775981902, 0.010291200131177902, 0.010419200360774993]}, "median_ms": {"baseline": 0.010278400033712387, "candidate": 0.010380800068378448}, "baseline_over_candidate": 0.9901356317440322}
{"case": {"B": 2, "SEQ_LEN": 48, "H": 1, "HQ": 16, "D": 32, "S": 1, "block_size": 16, "is_causal": true}, "candidate": "baseline", "phase": "compile_correctness"}
{"case": {"B": 2, "SEQ_LEN": 48, "H": 1, "HQ": 16, "D": 32, "S": 1, "block_size": 16, "is_causal": true}, "candidate": "candidate", "phase": "compile_correctness"}
2026-09-07 11:14:50  [TileLang:tilelang.cache.kernel_cache:WARNING] (kernel_cache.py:342): Found kernel 'kernel' in memory cache. For better performance, consider using `@tilelang.jit` instead of direct kernel caching.
{"case": {"B": 2, "SEQ_LEN": 48, "H": 1, "HQ": 16, "D": 32, "S": 1, "block_size": 16, "is_causal": true}, "seed": 390, "status": "PASS", "call_event_ms": {"baseline": [0.011161600053310395, 0.010316800326108932, 0.010393600165843963, 0.01011200025677681], "candidate": [0.010547199845314026, 0.010265599936246872, 0.010367999970912933, 0.010393600165843963]}, "median_ms": {"baseline": 0.010355200245976448, "candidate": 0.010380800068378448}, "baseline_over_candidate": 0.9975339258791833}
{"case": {"B": 4, "SEQ_LEN": 48, "H": 1, "HQ": 16, "D": 32, "S": 1, "block_size": 16, "is_causal": true}, "candidate": "baseline", "phase": "compile_correctness"}
{"case": {"B": 4, "SEQ_LEN": 48, "H": 1, "HQ": 16, "D": 32, "S": 1, "block_size": 16, "is_causal": true}, "candidate": "candidate", "phase": "compile_correctness"}
2026-09-07 11:14:51  [TileLang:tilelang.cache.kernel_cache:WARNING] (kernel_cache.py:342): Found kernel 'kernel' in memory cache. For better performance, consider using `@tilelang.jit` instead of direct kernel caching.
{"case": {"B": 4, "SEQ_LEN": 48, "H": 1, "HQ": 16, "D": 32, "S": 1, "block_size": 16, "is_causal": true}, "seed": 390, "status": "PASS", "call_event_ms": {"baseline": [0.011443199962377549, 0.010419200360774993, 0.010265599936246872, 0.010393600165843963], "candidate": [0.01090560033917427, 0.010393600165843963, 0.010572800040245056, 0.010265599936246872]}, "median_ms": {"baseline": 0.010406400263309478, "candidate": 0.010483200103044508}, "baseline_over_candidate": 0.9926740080337944}
{"case": {"B": 8, "SEQ_LEN": 48, "H": 1, "HQ": 16, "D": 32, "S": 1, "block_size": 16, "is_causal": true}, "candidate": "baseline", "phase": "compile_correctness"}
{"case": {"B": 8, "SEQ_LEN": 48, "H": 1, "HQ": 16, "D": 32, "S": 1, "block_size": 16, "is_causal": true}, "candidate": "candidate", "phase": "compile_correctness"}
2026-09-07 11:14:51  [TileLang:tilelang.cache.kernel_cache:WARNING] (kernel_cache.py:342): Found kernel 'kernel' in memory cache. For better performance, consider using `@tilelang.jit` instead of direct kernel caching.
{"case": {"B": 8, "SEQ_LEN": 48, "H": 1, "HQ": 16, "D": 32, "S": 1, "block_size": 16, "is_causal": true}, "seed": 390, "status": "PASS", "call_event_ms": {"baseline": [0.011340799927711486, 0.010419200360774993, 0.010342399775981902, 0.010393600165843963], "candidate": [0.010598400235176086, 0.010367999970912933, 0.010496000200510025, 0.010419200360774993]}, "median_ms": {"baseline": 0.010406400263309478, "candidate": 0.01045760028064251}, "baseline_over_candidate": 0.9951040376416179}
{"case": {"B": 1, "SEQ_LEN": 96, "H": 1, "HQ": 16, "D": 32, "S": 1, "block_size": 16, "is_causal": true}, "candidate": "baseline", "phase": "compile_correctness"}
{"case": {"B": 1, "SEQ_LEN": 96, "H": 1, "HQ": 16, "D": 32, "S": 1, "block_size": 16, "is_causal": true}, "candidate": "candidate", "phase": "compile_correctness"}
2026-09-07 11:14:51  [TileLang:tilelang.cache.kernel_cache:WARNING] (kernel_cache.py:342): Found kernel 'kernel' in memory cache. For better performance, consider using `@tilelang.jit` instead of direct kernel caching.
{"case": {"B": 1, "SEQ_LEN": 96, "H": 1, "HQ": 16, "D": 32, "S": 1, "block_size": 16, "is_causal": true}, "seed": 390, "status": "PASS", "call_event_ms": {"baseline": [0.011033599823713302, 0.010239999741315842, 0.010521599650382995, 0.010316800326108932], "candidate": [0.010675200074911118, 0.010649599879980088, 0.010470400005578995, 0.010419200360774993]}, "median_ms": {"baseline": 0.010419199988245965, "candidate": 0.010559999942779542}, "baseline_over_candidate": 0.9866666708999511}
{"case": {"B": 2, "SEQ_LEN": 96, "H": 1, "HQ": 16, "D": 32, "S": 1, "block_size": 16, "is_causal": true}, "candidate": "baseline", "phase": "compile_correctness"}
{"case": {"B": 2, "SEQ_LEN": 96, "H": 1, "HQ": 16, "D": 32, "S": 1, "block_size": 16, "is_causal": true}, "candidate": "candidate", "phase": "compile_correctness"}
2026-09-07 11:14:51  [TileLang:tilelang.cache.kernel_cache:WARNING] (kernel_cache.py:342): Found kernel 'kernel' in memory cache. For better performance, consider using `@tilelang.jit` instead of direct kernel caching.
{"case": {"B": 2, "SEQ_LEN": 96, "H": 1, "HQ": 16, "D": 32, "S": 1, "block_size": 16, "is_causal": true}, "seed": 390, "status": "PASS", "call_event_ms": {"baseline": [0.011315199732780456, 0.010419200360774993, 0.010419200360774993, 0.010393600165843963], "candidate": [0.010700800269842149, 0.010393600165843963, 0.010163199901580811, 0.010214400291442872]}, "median_ms": {"baseline": 0.010419200360774993, "candidate": 0.010304000228643417}, "baseline_over_candidate": 1.0111801367988462}
{"case": {"B": 4, "SEQ_LEN": 96, "H": 1, "HQ": 16, "D": 32, "S": 1, "block_size": 16, "is_causal": true}, "candidate": "baseline", "phase": "compile_correctness"}
{"case": {"B": 4, "SEQ_LEN": 96, "H": 1, "HQ": 16, "D": 32, "S": 1, "block_size": 16, "is_causal": true}, "candidate": "candidate", "phase": "compile_correctness"}
2026-09-07 11:14:51  [TileLang:tilelang.cache.kernel_cache:WARNING] (kernel_cache.py:342): Found kernel 'kernel' in memory cache. For better performance, consider using `@tilelang.jit` instead of direct kernel caching.
{"case": {"B": 4, "SEQ_LEN": 96, "H": 1, "HQ": 16, "D": 32, "S": 1, "block_size": 16, "is_causal": true}, "seed": 390, "status": "PASS", "call_event_ms": {"baseline": [0.011238399893045425, 0.010291200131177902, 0.010316800326108932, 0.010470400005578995], "candidate": [0.010623999685049058, 0.010393600165843963, 0.010444799810647965, 0.010291200131177902]}, "median_ms": {"baseline": 0.010393600165843963, "candidate": 0.010419199988245965}, "baseline_over_candidate": 0.9975430145854882}
{"case": {"B": 8, "SEQ_LEN": 96, "H": 1, "HQ": 16, "D": 32, "S": 1, "block_size": 16, "is_causal": true}, "candidate": "baseline", "phase": "compile_correctness"}
{"case": {"B": 8, "SEQ_LEN": 96, "H": 1, "HQ": 16, "D": 32, "S": 1, "block_size": 16, "is_causal": true}, "candidate": "candidate", "phase": "compile_correctness"}
2026-09-07 11:14:52  [TileLang:tilelang.cache.kernel_cache:WARNING] (kernel_cache.py:342): Found kernel 'kernel' in memory cache. For better performance, consider using `@tilelang.jit` instead of direct kernel caching.
{"case": {"B": 8, "SEQ_LEN": 96, "H": 1, "HQ": 16, "D": 32, "S": 1, "block_size": 16, "is_causal": true}, "seed": 390, "status": "PASS", "call_event_ms": {"baseline": [0.011315199732780456, 0.010214400291442872, 0.010239999741315842, 0.010419200360774993], "candidate": [0.01080320030450821, 0.010316800326108932, 0.010547199845314026, 0.010316800326108932]}, "median_ms": {"baseline": 0.010329600051045417, "candidate": 0.01043200008571148}, "baseline_over_candidate": 0.9901840458373541}
{"case": {"B": 1, "SEQ_LEN": 4096, "H": 1, "HQ": 16, "D": 64, "S": 1, "block_size": 16, "is_causal": true}, "candidate": "baseline", "phase": "compile_correctness"}
{"case": {"B": 1, "SEQ_LEN": 4096, "H": 1, "HQ": 16, "D": 64, "S": 1, "block_size": 16, "is_causal": true}, "candidate": "candidate", "phase": "compile_correctness"}
2026-09-07 11:14:52  [TileLang:tilelang.cache.kernel_cache:WARNING] (kernel_cache.py:342): Found kernel 'kernel' in memory cache. For better performance, consider using `@tilelang.jit` instead of direct kernel caching.
{"case": {"B": 1, "SEQ_LEN": 4096, "H": 1, "HQ": 16, "D": 64, "S": 1, "block_size": 16, "is_causal": true}, "seed": 390, "status": "PASS", "call_event_ms": {"baseline": [0.029542401432991028, 0.029286399483680725, 0.029516801238059998, 0.02910720109939575], "candidate": [0.02961919903755188, 0.02956799864768982, 0.029337599873542786, 0.029951998591423036]}, "median_ms": {"baseline": 0.02940160036087036, "candidate": 0.02959359884262085}, "baseline_over_candidate": 0.9935121617762159}
{"case": {"B": 1, "SEQ_LEN": 4096, "H": 1, "HQ": 16, "D": 128, "S": 1, "block_size": 16, "is_causal": true}, "candidate": "baseline", "phase": "compile_correctness"}
{"case": {"B": 1, "SEQ_LEN": 4096, "H": 1, "HQ": 16, "D": 128, "S": 1, "block_size": 16, "is_causal": true}, "candidate": "candidate", "phase": "compile_correctness"}
{"case": {"B": 1, "SEQ_LEN": 4096, "H": 1, "HQ": 16, "D": 128, "S": 1, "block_size": 16, "is_causal": true}, "seed": 390, "status": "PASS", "call_event_ms": {"baseline": [0.057651197910308837, 0.05736960172653198, 0.05639680027961731, 0.056985598802566526], "candidate": [0.04979200065135956, 0.04897280037403107, 0.048819199204444885, 0.0489984005689621]}, "median_ms": {"baseline": 0.05717760026454925, "candidate": 0.04898560047149658}, "baseline_over_candidate": 1.1672328136065082}
{"case": {"B": 2, "SEQ_LEN": 4096, "H": 1, "HQ": 16, "D": 64, "S": 1, "block_size": 16, "is_causal": true}, "candidate": "baseline", "phase": "compile_correctness"}
{"case": {"B": 2, "SEQ_LEN": 4096, "H": 1, "HQ": 16, "D": 64, "S": 1, "block_size": 16, "is_causal": true}, "candidate": "candidate", "phase": "compile_correctness"}
2026-09-07 11:14:52  [TileLang:tilelang.cache.kernel_cache:WARNING] (kernel_cache.py:342): Found kernel 'kernel' in memory cache. For better performance, consider using `@tilelang.jit` instead of direct kernel caching.
{"case": {"B": 2, "SEQ_LEN": 4096, "H": 1, "HQ": 16, "D": 64, "S": 1, "block_size": 16, "is_causal": true}, "seed": 390, "status": "PASS", "call_event_ms": {"baseline": [0.05017600059509277, 0.05017600059509277, 0.05012480020523071, 0.05009920001029968], "candidate": [0.04981760084629059, 0.04953599870204926, 0.04943360090255737, 0.048895999789237976]}, "median_ms": {"baseline": 0.05015040040016174, "candidate": 0.04948479980230332}, "baseline_over_candidate": 1.0134506070655547}
{"case": {"B": 4, "SEQ_LEN": 4096, "H": 1, "HQ": 16, "D": 64, "S": 1, "block_size": 16, "is_causal": true}, "candidate": "baseline", "phase": "compile_correctness"}
{"case": {"B": 4, "SEQ_LEN": 4096, "H": 1, "HQ": 16, "D": 64, "S": 1, "block_size": 16, "is_causal": true}, "candidate": "candidate", "phase": "compile_correctness"}
2026-09-07 11:14:53  [TileLang:tilelang.cache.kernel_cache:WARNING] (kernel_cache.py:342): Found kernel 'kernel' in memory cache. For better performance, consider using `@tilelang.jit` instead of direct kernel caching.
{"case": {"B": 4, "SEQ_LEN": 4096, "H": 1, "HQ": 16, "D": 64, "S": 1, "block_size": 16, "is_causal": true}, "seed": 390, "status": "PASS", "call_event_ms": {"baseline": [0.08957440257072449, 0.08947200179100037, 0.08944640159606934, 0.08829439878463745], "candidate": [0.08885759711265565, 0.08926720023155213, 0.08926720023155213, 0.08847360014915466]}, "median_ms": {"baseline": 0.08945920169353486, "candidate": 0.08906239867210389}, "baseline_over_candidate": 1.0044553372393648}
{"case": {"B": 8, "SEQ_LEN": 4096, "H": 1, "HQ": 16, "D": 64, "S": 1, "block_size": 16, "is_causal": true}, "candidate": "baseline", "phase": "compile_correctness"}
{"case": {"B": 8, "SEQ_LEN": 4096, "H": 1, "HQ": 16, "D": 64, "S": 1, "block_size": 16, "is_causal": true}, "candidate": "candidate", "phase": "compile_correctness"}
2026-09-07 11:14:53  [TileLang:tilelang.cache.kernel_cache:WARNING] (kernel_cache.py:342): Found kernel 'kernel' in memory cache. For better performance, consider using `@tilelang.jit` instead of direct kernel caching.
{"case": {"B": 8, "SEQ_LEN": 4096, "H": 1, "HQ": 16, "D": 64, "S": 1, "block_size": 16, "is_causal": true}, "seed": 390, "status": "PASS", "call_event_ms": {"baseline": [0.1696768045425415, 0.16783360242843628, 0.16806399822235107, 0.16806399822235107], "candidate": [0.16919039487838744, 0.16826879978179932, 0.16895999908447265, 0.16783360242843628]}, "median_ms": {"baseline": 0.16806399822235107, "candidate": 0.168614399433136}, "baseline_over_candidate": 0.9967357401702623}
{"case": {"B": 1, "SEQ_LEN": 8192, "H": 1, "HQ": 16, "D": 64, "S": 1, "block_size": 16, "is_causal": true}, "candidate": "baseline", "phase": "compile_correctness"}
{"case": {"B": 1, "SEQ_LEN": 8192, "H": 1, "HQ": 16, "D": 64, "S": 1, "block_size": 16, "is_causal": true}, "candidate": "candidate", "phase": "compile_correctness"}
2026-09-07 11:14:54  [TileLang:tilelang.cache.kernel_cache:WARNING] (kernel_cache.py:342): Found kernel 'kernel' in memory cache. For better performance, consider using `@tilelang.jit` instead of direct kernel caching.
{"case": {"B": 1, "SEQ_LEN": 8192, "H": 1, "HQ": 16, "D": 64, "S": 1, "block_size": 16, "is_causal": true}, "seed": 390, "status": "PASS", "call_event_ms": {"baseline": [0.04966399967670441, 0.04984320104122162, 0.0492031991481781, 0.04930559992790222], "candidate": [0.050355201959609984, 0.0494592010974884, 0.050329601764678954, 0.05073919892311096]}, "median_ms": {"baseline": 0.04948479980230332, "candidate": 0.05034240186214447}, "baseline_over_candidate": 0.982964617735372}
{"case": {"B": 1, "SEQ_LEN": 8192, "H": 1, "HQ": 16, "D": 128, "S": 1, "block_size": 16, "is_causal": true}, "candidate": "baseline", "phase": "compile_correctness"}
{"case": {"B": 1, "SEQ_LEN": 8192, "H": 1, "HQ": 16, "D": 128, "S": 1, "block_size": 16, "is_causal": true}, "candidate": "candidate", "phase": "compile_correctness"}
{"case": {"B": 1, "SEQ_LEN": 8192, "H": 1, "HQ": 16, "D": 128, "S": 1, "block_size": 16, "is_causal": true}, "seed": 390, "status": "PASS", "call_event_ms": {"baseline": [0.10370559692382812, 0.10242559909820556, 0.10278400182723998, 0.10275839567184449], "candidate": [0.09287679791450501, 0.0936959981918335, 0.09236479997634887, 0.09292799830436707]}, "median_ms": {"baseline": 0.10277119874954224, "candidate": 0.09290239810943604}, "baseline_over_candidate": 1.1062276199639225}
{"case": {"B": 2, "SEQ_LEN": 8192, "H": 1, "HQ": 16, "D": 64, "S": 1, "block_size": 16, "is_causal": true}, "candidate": "baseline", "phase": "compile_correctness"}
{"case": {"B": 2, "SEQ_LEN": 8192, "H": 1, "HQ": 16, "D": 64, "S": 1, "block_size": 16, "is_causal": true}, "candidate": "candidate", "phase": "compile_correctness"}
2026-09-07 11:14:55  [TileLang:tilelang.cache.kernel_cache:WARNING] (kernel_cache.py:342): Found kernel 'kernel' in memory cache. For better performance, consider using `@tilelang.jit` instead of direct kernel caching.
{"case": {"B": 2, "SEQ_LEN": 8192, "H": 1, "HQ": 16, "D": 64, "S": 1, "block_size": 16, "is_causal": true}, "seed": 390, "status": "PASS", "call_event_ms": {"baseline": [0.08849920034408569, 0.09003520011901855, 0.08885759711265565, 0.0889087975025177], "candidate": [0.09047039747238159, 0.08901119828224183, 0.08893439769744874, 0.08888319730758668]}, "median_ms": {"baseline": 0.08888319730758668, "candidate": 0.08897279798984528}, "baseline_over_candidate": 0.9989929429636591}
{"case": {"B": 4, "SEQ_LEN": 8192, "H": 1, "HQ": 16, "D": 32, "S": 1, "block_size": 16, "is_causal": true}, "candidate": "baseline", "phase": "compile_correctness"}
{"case": {"B": 4, "SEQ_LEN": 8192, "H": 1, "HQ": 16, "D": 32, "S": 1, "block_size": 16, "is_causal": true}, "candidate": "candidate", "phase": "compile_correctness"}
{"case": {"B": 4, "SEQ_LEN": 8192, "H": 1, "HQ": 16, "D": 32, "S": 1, "block_size": 16, "is_causal": true}, "seed": 390, "status": "PASS", "call_event_ms": {"baseline": [0.07523840069770812, 0.07480319738388061, 0.07454720139503479, 0.07439360022544861], "candidate": [0.07167999744415283, 0.0716543972492218, 0.07144960165023803, 0.07152640223503112]}, "median_ms": {"baseline": 0.0746751993894577, "candidate": 0.07159039974212647}, "baseline_over_candidate": 1.0430895714850439}
{"case": {"B": 1, "SEQ_LEN": 16384, "H": 1, "HQ": 16, "D": 32, "S": 1, "block_size": 16, "is_causal": true}, "candidate": "baseline", "phase": "compile_correctness"}
{"case": {"B": 1, "SEQ_LEN": 16384, "H": 1, "HQ": 16, "D": 32, "S": 1, "block_size": 16, "is_causal": true}, "candidate": "candidate", "phase": "compile_correctness"}
{"case": {"B": 1, "SEQ_LEN": 16384, "H": 1, "HQ": 16, "D": 32, "S": 1, "block_size": 16, "is_causal": true}, "seed": 390, "status": "PASS", "call_event_ms": {"baseline": [0.04190720021724701, 0.04111360013484955, 0.04134399890899658, 0.04162560105323791], "candidate": [0.039552000164985654, 0.03993600010871887, 0.03944959938526153, 0.04080640077590943]}, "median_ms": {"baseline": 0.041484799981117246, "candidate": 0.03974400013685227}, "baseline_over_candidate": 1.0438003179919184}
{"case": {"B": 1, "SEQ_LEN": 16384, "H": 1, "HQ": 16, "D": 64, "S": 1, "block_size": 16, "is_causal": true}, "candidate": "baseline", "phase": "compile_correctness"}
{"case": {"B": 1, "SEQ_LEN": 16384, "H": 1, "HQ": 16, "D": 64, "S": 1, "block_size": 16, "is_causal": true}, "candidate": "candidate", "phase": "compile_correctness"}
2026-09-07 11:14:56  [TileLang:tilelang.cache.kernel_cache:WARNING] (kernel_cache.py:342): Found kernel 'kernel' in memory cache. For better performance, consider using `@tilelang.jit` instead of direct kernel caching.
{"case": {"B": 1, "SEQ_LEN": 16384, "H": 1, "HQ": 16, "D": 64, "S": 1, "block_size": 16, "is_causal": true}, "seed": 390, "status": "PASS", "call_event_ms": {"baseline": [0.09233919978141784, 0.09195520281791687, 0.09105920195579528, 0.09080320000648498], "candidate": [0.09049599766731262, 0.09159680008888245, 0.09034240245819092, 0.09113600254058837]}, "median_ms": {"baseline": 0.09150720238685608, "candidate": 0.0908160001039505}, "baseline_over_candidate": 1.007611018786496}
{"case": {"B": 2, "SEQ_LEN": 16384, "H": 1, "HQ": 16, "D": 32, "S": 1, "block_size": 16, "is_causal": true}, "candidate": "baseline", "phase": "compile_correctness"}
{"case": {"B": 2, "SEQ_LEN": 16384, "H": 1, "HQ": 16, "D": 32, "S": 1, "block_size": 16, "is_causal": true}, "candidate": "candidate", "phase": "compile_correctness"}
{"case": {"B": 2, "SEQ_LEN": 16384, "H": 1, "HQ": 16, "D": 32, "S": 1, "block_size": 16, "is_causal": true}, "seed": 390, "status": "PASS", "call_event_ms": {"baseline": [0.07523840069770812, 0.0753920018672943, 0.07467520236968994, 0.07449600100517273], "candidate": [0.07170559763908387, 0.07152640223503112, 0.07150080204010009, 0.0717311978340149]}, "median_ms": {"baseline": 0.07495680153369903, "candidate": 0.0716159999370575}, "baseline_over_candidate": 1.0466488159011635}
