Loading tilelang libs from dev root: /opt/tilelang-metax-v0.1.10/build
{"case": {"B": 1, "SEQ_LEN": 64, "H": 1, "HQ": 16, "D": 32, "S": 1, "block_size": 16, "is_causal": true}, "candidate": "baseline", "phase": "compile_correctness"}
{"case": {"B": 1, "SEQ_LEN": 64, "H": 1, "HQ": 16, "D": 32, "S": 1, "block_size": 16, "is_causal": true}, "candidate": "candidate", "phase": "compile_correctness"}
2026-09-07 08:07:43  [TileLang:tilelang.cache.kernel_cache:WARNING] (kernel_cache.py:342): Found kernel 'kernel' in memory cache. For better performance, consider using `@tilelang.jit` instead of direct kernel caching.
{"case": {"B": 1, "SEQ_LEN": 64, "H": 1, "HQ": 16, "D": 32, "S": 1, "block_size": 16, "is_causal": true}, "seed": 316, "status": "PASS", "call_event_ms": {"baseline": [0.011878400295972823, 0.010342399775981902, 0.010316800326108932, 0.010163199901580811], "candidate": [0.013542400300502777, 0.010521599650382995, 0.010444799810647965, 0.010470400005578995]}, "median_ms": {"baseline": 0.010329600051045417, "candidate": 0.010495999827980995}, "baseline_over_candidate": 0.9841463624559161}
{"case": {"B": 1, "SEQ_LEN": 64, "H": 1, "HQ": 16, "D": 64, "S": 1, "block_size": 16, "is_causal": true}, "candidate": "baseline", "phase": "compile_correctness"}
2026-09-07 08:07:43  [TileLang:tilelang.jit.kernel:INFO] (kernel.py:129): TileLang begins to compile kernel `kernel` with `out_idx=None`
2026-09-07 08:07:46  [TileLang:tilelang.jit.kernel:INFO] (kernel.py:137): TileLang completes to compile kernel `kernel`
{"case": {"B": 1, "SEQ_LEN": 64, "H": 1, "HQ": 16, "D": 64, "S": 1, "block_size": 16, "is_causal": true}, "candidate": "candidate", "phase": "compile_correctness"}
2026-09-07 08:07:47  [TileLang:tilelang.cache.kernel_cache:WARNING] (kernel_cache.py:342): Found kernel 'kernel' in memory cache. For better performance, consider using `@tilelang.jit` instead of direct kernel caching.
{"case": {"B": 1, "SEQ_LEN": 64, "H": 1, "HQ": 16, "D": 64, "S": 1, "block_size": 16, "is_causal": true}, "seed": 316, "status": "PASS", "call_event_ms": {"baseline": [0.0137472003698349, 0.015027199685573579, 0.011955200135707856, 0.0137472003698349], "candidate": [0.01233920007944107, 0.012518399953842163, 0.012467200309038163, 0.011903999745845795]}, "median_ms": {"baseline": 0.0137472003698349, "candidate": 0.012403200194239617}, "baseline_over_candidate": 1.108359145587239}
{"case": {"B": 1, "SEQ_LEN": 64, "H": 1, "HQ": 16, "D": 128, "S": 1, "block_size": 16, "is_causal": true}, "candidate": "baseline", "phase": "compile_correctness"}
2026-09-07 08:07:47  [TileLang:tilelang.jit.kernel:INFO] (kernel.py:129): TileLang begins to compile kernel `kernel` with `out_idx=None`
2026-09-07 08:07:50  [TileLang:tilelang.jit.kernel:INFO] (kernel.py:137): TileLang completes to compile kernel `kernel`
{"case": {"B": 1, "SEQ_LEN": 64, "H": 1, "HQ": 16, "D": 128, "S": 1, "block_size": 16, "is_causal": true}, "candidate": "candidate", "phase": "compile_correctness"}
2026-09-07 08:07:51  [TileLang:tilelang.cache.kernel_cache:WARNING] (kernel_cache.py:342): Found kernel 'kernel' in memory cache. For better performance, consider using `@tilelang.jit` instead of direct kernel caching.
{"case": {"B": 1, "SEQ_LEN": 64, "H": 1, "HQ": 16, "D": 128, "S": 1, "block_size": 16, "is_causal": true}, "seed": 316, "status": "PASS", "call_event_ms": {"baseline": [0.013823999464511872, 0.012211199849843979, 0.01226240023970604, 0.012031999975442886], "candidate": [0.012492799758911132, 0.012083200365304947, 0.014771200716495514, 0.011955200135707856]}, "median_ms": {"baseline": 0.01223680004477501, "candidate": 0.01228800006210804}, "baseline_over_candidate": 0.9958333319438276}
{"case": {"B": 1, "SEQ_LEN": 128, "H": 1, "HQ": 16, "D": 32, "S": 1, "block_size": 16, "is_causal": true}, "candidate": "baseline", "phase": "compile_correctness"}
2026-09-07 08:07:51  [TileLang:tilelang.jit.kernel:INFO] (kernel.py:129): TileLang begins to compile kernel `kernel` with `out_idx=None`
2026-09-07 08:07:54  [TileLang:tilelang.jit.kernel:INFO] (kernel.py:137): TileLang completes to compile kernel `kernel`
{"case": {"B": 1, "SEQ_LEN": 128, "H": 1, "HQ": 16, "D": 32, "S": 1, "block_size": 16, "is_causal": true}, "candidate": "candidate", "phase": "compile_correctness"}
2026-09-07 08:07:55  [TileLang:tilelang.cache.kernel_cache:WARNING] (kernel_cache.py:342): Found kernel 'kernel' in memory cache. For better performance, consider using `@tilelang.jit` instead of direct kernel caching.
{"case": {"B": 1, "SEQ_LEN": 128, "H": 1, "HQ": 16, "D": 32, "S": 1, "block_size": 16, "is_causal": true}, "seed": 316, "status": "PASS", "call_event_ms": {"baseline": [0.011622399836778641, 0.010700800269842149, 0.010675200074911118, 0.010393600165843963], "candidate": [0.01157120019197464, 0.010666000097990036, 0.010623999685049058, 0.010777600109577179]}, "median_ms": {"baseline": 0.010688000172376633, "candidate": 0.010721800103783607}, "baseline_over_candidate": 0.9968475506836725}
{"case": {"B": 1, "SEQ_LEN": 128, "H": 1, "HQ": 16, "D": 64, "S": 1, "block_size": 16, "is_causal": true}, "candidate": "baseline", "phase": "compile_correctness"}
2026-09-07 08:07:55  [TileLang:tilelang.jit.kernel:INFO] (kernel.py:129): TileLang begins to compile kernel `kernel` with `out_idx=None`
2026-09-07 08:07:58  [TileLang:tilelang.jit.kernel:INFO] (kernel.py:137): TileLang completes to compile kernel `kernel`
{"case": {"B": 1, "SEQ_LEN": 128, "H": 1, "HQ": 16, "D": 64, "S": 1, "block_size": 16, "is_causal": true}, "candidate": "candidate", "phase": "compile_correctness"}
2026-09-07 08:07:59  [TileLang:tilelang.cache.kernel_cache:WARNING] (kernel_cache.py:342): Found kernel 'kernel' in memory cache. For better performance, consider using `@tilelang.jit` instead of direct kernel caching.
{"case": {"B": 1, "SEQ_LEN": 128, "H": 1, "HQ": 16, "D": 64, "S": 1, "block_size": 16, "is_causal": true}, "seed": 316, "status": "PASS", "call_event_ms": {"baseline": [0.011596799641847611, 0.010598400235176086, 0.010598400235176086, 0.010700800269842149], "candidate": [0.010931199789047242, 0.010675200074911118, 0.010598400235176086, 0.010547199845314026]}, "median_ms": {"baseline": 0.010649600252509116, "candidate": 0.010636800155043601}, "baseline_over_candidate": 1.0012033785799244}
{"case": {"B": 1, "SEQ_LEN": 128, "H": 1, "HQ": 16, "D": 128, "S": 1, "block_size": 16, "is_causal": true}, "candidate": "baseline", "phase": "compile_correctness"}
2026-09-07 08:07:59  [TileLang:tilelang.jit.kernel:INFO] (kernel.py:129): TileLang begins to compile kernel `kernel` with `out_idx=None`
2026-09-07 08:08:02  [TileLang:tilelang.jit.kernel:INFO] (kernel.py:137): TileLang completes to compile kernel `kernel`
{"case": {"B": 1, "SEQ_LEN": 128, "H": 1, "HQ": 16, "D": 128, "S": 1, "block_size": 16, "is_causal": true}, "candidate": "candidate", "phase": "compile_correctness"}
2026-09-07 08:08:03  [TileLang:tilelang.cache.kernel_cache:WARNING] (kernel_cache.py:342): Found kernel 'kernel' in memory cache. For better performance, consider using `@tilelang.jit` instead of direct kernel caching.
{"case": {"B": 1, "SEQ_LEN": 128, "H": 1, "HQ": 16, "D": 128, "S": 1, "block_size": 16, "is_causal": true}, "seed": 316, "status": "PASS", "call_event_ms": {"baseline": [0.011596799641847611, 0.011366400122642516, 0.011417599767446518, 0.011289600282907486], "candidate": [0.011596799641847611, 0.011392000317573547, 0.013388800621032714, 0.011417599767446518]}, "median_ms": {"baseline": 0.011391999945044518, "candidate": 0.011507199704647066}, "baseline_over_candidate": 0.989988897163571}
{"case": {"B": 1, "SEQ_LEN": 256, "H": 1, "HQ": 16, "D": 32, "S": 1, "block_size": 16, "is_causal": true}, "candidate": "baseline", "phase": "compile_correctness"}
2026-09-07 08:08:03  [TileLang:tilelang.jit.kernel:INFO] (kernel.py:129): TileLang begins to compile kernel `kernel` with `out_idx=None`
2026-09-07 08:08:05  [TileLang:tilelang.jit.kernel:INFO] (kernel.py:137): TileLang completes to compile kernel `kernel`
{"case": {"B": 1, "SEQ_LEN": 256, "H": 1, "HQ": 16, "D": 32, "S": 1, "block_size": 16, "is_causal": true}, "candidate": "candidate", "phase": "compile_correctness"}
2026-09-07 08:08:06  [TileLang:tilelang.cache.kernel_cache:WARNING] (kernel_cache.py:342): Found kernel 'kernel' in memory cache. For better performance, consider using `@tilelang.jit` instead of direct kernel caching.
{"case": {"B": 1, "SEQ_LEN": 256, "H": 1, "HQ": 16, "D": 32, "S": 1, "block_size": 16, "is_causal": true}, "seed": 316, "status": "PASS", "call_event_ms": {"baseline": [0.011110399663448334, 0.010675200074911118, 0.010470400005578995, 0.010419200360774993], "candidate": [0.010828799754381179, 0.010572800040245056, 0.010598400235176086, 0.010521599650382995]}, "median_ms": {"baseline": 0.010572800040245058, "candidate": 0.010585600137710571}, "baseline_over_candidate": 0.9987908009655576}
{"case": {"B": 1, "SEQ_LEN": 256, "H": 1, "HQ": 16, "D": 64, "S": 1, "block_size": 16, "is_causal": true}, "candidate": "baseline", "phase": "compile_correctness"}
2026-09-07 08:08:06  [TileLang:tilelang.jit.kernel:INFO] (kernel.py:129): TileLang begins to compile kernel `kernel` with `out_idx=None`
2026-09-07 08:08:09  [TileLang:tilelang.jit.kernel:INFO] (kernel.py:137): TileLang completes to compile kernel `kernel`
{"case": {"B": 1, "SEQ_LEN": 256, "H": 1, "HQ": 16, "D": 64, "S": 1, "block_size": 16, "is_causal": true}, "candidate": "candidate", "phase": "compile_correctness"}
2026-09-07 08:08:10  [TileLang:tilelang.cache.kernel_cache:WARNING] (kernel_cache.py:342): Found kernel 'kernel' in memory cache. For better performance, consider using `@tilelang.jit` instead of direct kernel caching.
{"case": {"B": 1, "SEQ_LEN": 256, "H": 1, "HQ": 16, "D": 64, "S": 1, "block_size": 16, "is_causal": true}, "seed": 316, "status": "PASS", "call_event_ms": {"baseline": [0.011212799698114395, 0.010444799810647965, 0.010521599650382995, 0.011289600282907486], "candidate": [0.010828799754381179, 0.010572800040245056, 0.010444799810647965, 0.010598400235176086]}, "median_ms": {"baseline": 0.010867199674248696, "candidate": 0.010585600137710571}, "baseline_over_candidate": 1.0266021324133474}
{"case": {"B": 1, "SEQ_LEN": 256, "H": 1, "HQ": 16, "D": 128, "S": 1, "block_size": 16, "is_causal": true}, "candidate": "baseline", "phase": "compile_correctness"}
2026-09-07 08:08:10  [TileLang:tilelang.jit.kernel:INFO] (kernel.py:129): TileLang begins to compile kernel `kernel` with `out_idx=None`
2026-09-07 08:08:13  [TileLang:tilelang.jit.kernel:INFO] (kernel.py:137): TileLang completes to compile kernel `kernel`
{"case": {"B": 1, "SEQ_LEN": 256, "H": 1, "HQ": 16, "D": 128, "S": 1, "block_size": 16, "is_causal": true}, "candidate": "candidate", "phase": "compile_correctness"}
2026-09-07 08:08:14  [TileLang:tilelang.cache.kernel_cache:WARNING] (kernel_cache.py:342): Found kernel 'kernel' in memory cache. For better performance, consider using `@tilelang.jit` instead of direct kernel caching.
{"case": {"B": 1, "SEQ_LEN": 256, "H": 1, "HQ": 16, "D": 128, "S": 1, "block_size": 16, "is_causal": true}, "seed": 316, "status": "PASS", "call_event_ms": {"baseline": [0.012134400010108948, 0.011648000031709672, 0.01157120019197464, 0.011596799641847611], "candidate": [0.011776000261306763, 0.011801599711179733, 0.01157120019197464, 0.011622399836778641]}, "median_ms": {"baseline": 0.011622399836778641, "candidate": 0.011699200049042702}, "baseline_over_candidate": 0.993435430461731}
{"case": {"B": 1, "SEQ_LEN": 512, "H": 1, "HQ": 16, "D": 32, "S": 1, "block_size": 16, "is_causal": true}, "candidate": "baseline", "phase": "compile_correctness"}
2026-09-07 08:08:14  [TileLang:tilelang.jit.kernel:INFO] (kernel.py:129): TileLang begins to compile kernel `kernel` with `out_idx=None`
2026-09-07 08:08:17  [TileLang:tilelang.jit.kernel:INFO] (kernel.py:137): TileLang completes to compile kernel `kernel`
{"case": {"B": 1, "SEQ_LEN": 512, "H": 1, "HQ": 16, "D": 32, "S": 1, "block_size": 16, "is_causal": true}, "candidate": "candidate", "phase": "compile_correctness"}
2026-09-07 08:08:17  [TileLang:tilelang.cache.kernel_cache:WARNING] (kernel_cache.py:342): Found kernel 'kernel' in memory cache. For better performance, consider using `@tilelang.jit` instead of direct kernel caching.
{"case": {"B": 1, "SEQ_LEN": 512, "H": 1, "HQ": 16, "D": 32, "S": 1, "block_size": 16, "is_causal": true}, "seed": 316, "status": "PASS", "call_event_ms": {"baseline": [0.01157120019197464, 0.010828799754381179, 0.010623999685049058, 0.011392000317573547], "candidate": [0.010982400178909302, 0.010751999914646149, 0.010675200074911118, 0.010547199845314026]}, "median_ms": {"baseline": 0.011110400035977363, "candidate": 0.010713599994778633}, "baseline_over_candidate": 1.0370370409005483}
{"case": {"B": 1, "SEQ_LEN": 512, "H": 1, "HQ": 16, "D": 64, "S": 1, "block_size": 16, "is_causal": true}, "candidate": "baseline", "phase": "compile_correctness"}
2026-09-07 08:08:17  [TileLang:tilelang.jit.kernel:INFO] (kernel.py:129): TileLang begins to compile kernel `kernel` with `out_idx=None`
2026-09-07 08:08:20  [TileLang:tilelang.jit.kernel:INFO] (kernel.py:137): TileLang completes to compile kernel `kernel`
{"case": {"B": 1, "SEQ_LEN": 512, "H": 1, "HQ": 16, "D": 64, "S": 1, "block_size": 16, "is_causal": true}, "candidate": "candidate", "phase": "compile_correctness"}
2026-09-07 08:08:21  [TileLang:tilelang.cache.kernel_cache:WARNING] (kernel_cache.py:342): Found kernel 'kernel' in memory cache. For better performance, consider using `@tilelang.jit` instead of direct kernel caching.
{"case": {"B": 1, "SEQ_LEN": 512, "H": 1, "HQ": 16, "D": 64, "S": 1, "block_size": 16, "is_causal": true}, "seed": 316, "status": "PASS", "call_event_ms": {"baseline": [0.011468800157308579, 0.010700800269842149, 0.013363200426101684, 0.010547199845314026], "candidate": [0.011007999628782272, 0.010751999914646149, 0.010521599650382995, 0.010572800040245056]}, "median_ms": {"baseline": 0.011084800213575365, "candidate": 0.010662399977445603}, "baseline_over_candidate": 1.0396158685683592}
{"case": {"B": 1, "SEQ_LEN": 512, "H": 1, "HQ": 16, "D": 128, "S": 1, "block_size": 16, "is_causal": true}, "candidate": "baseline", "phase": "compile_correctness"}
2026-09-07 08:08:21  [TileLang:tilelang.jit.kernel:INFO] (kernel.py:129): TileLang begins to compile kernel `kernel` with `out_idx=None`
2026-09-07 08:08:24  [TileLang:tilelang.jit.kernel:INFO] (kernel.py:137): TileLang completes to compile kernel `kernel`
{"case": {"B": 1, "SEQ_LEN": 512, "H": 1, "HQ": 16, "D": 128, "S": 1, "block_size": 16, "is_causal": true}, "candidate": "candidate", "phase": "compile_correctness"}
2026-09-07 08:08:25  [TileLang:tilelang.cache.kernel_cache:WARNING] (kernel_cache.py:342): Found kernel 'kernel' in memory cache. For better performance, consider using `@tilelang.jit` instead of direct kernel caching.
{"case": {"B": 1, "SEQ_LEN": 512, "H": 1, "HQ": 16, "D": 128, "S": 1, "block_size": 16, "is_causal": true}, "seed": 316, "status": "PASS", "call_event_ms": {"baseline": [0.013491199910640716, 0.013363200426101684, 0.013260799646377563, 0.013337600231170654], "candidate": [0.013312000036239623, 0.013670399785041809, 0.013260799646377563, 0.013363200426101684]}, "median_ms": {"baseline": 0.013350400328636169, "candidate": 0.013337600231170654}, "baseline_over_candidate": 1.000959700189214}
{"case": {"B": 1, "SEQ_LEN": 1024, "H": 1, "HQ": 16, "D": 32, "S": 1, "block_size": 16, "is_causal": true}, "candidate": "baseline", "phase": "compile_correctness"}
2026-09-07 08:08:25  [TileLang:tilelang.jit.kernel:INFO] (kernel.py:129): TileLang begins to compile kernel `kernel` with `out_idx=None`
2026-09-07 08:08:28  [TileLang:tilelang.jit.kernel:INFO] (kernel.py:137): TileLang completes to compile kernel `kernel`
{"case": {"B": 1, "SEQ_LEN": 1024, "H": 1, "HQ": 16, "D": 32, "S": 1, "block_size": 16, "is_causal": true}, "candidate": "candidate", "phase": "compile_correctness"}
2026-09-07 08:08:29  [TileLang:tilelang.cache.kernel_cache:WARNING] (kernel_cache.py:342): Found kernel 'kernel' in memory cache. For better performance, consider using `@tilelang.jit` instead of direct kernel caching.
{"case": {"B": 1, "SEQ_LEN": 1024, "H": 1, "HQ": 16, "D": 32, "S": 1, "block_size": 16, "is_causal": true}, "seed": 316, "status": "PASS", "call_event_ms": {"baseline": [0.011468800157308579, 0.010623999685049058, 0.010572800040245056, 0.010675200074911118], "candidate": [0.01090560033917427, 0.011468800157308579, 0.010700800269842149, 0.010623999685049058]}, "median_ms": {"baseline": 0.010649599879980088, "candidate": 0.01080320030450821}, "baseline_over_candidate": 0.9857819516255731}
{"case": {"B": 1, "SEQ_LEN": 1024, "H": 1, "HQ": 16, "D": 64, "S": 1, "block_size": 16, "is_causal": true}, "candidate": "baseline", "phase": "compile_correctness"}
2026-09-07 08:08:29  [TileLang:tilelang.jit.kernel:INFO] (kernel.py:129): TileLang begins to compile kernel `kernel` with `out_idx=None`
2026-09-07 08:08:32  [TileLang:tilelang.jit.kernel:INFO] (kernel.py:137): TileLang completes to compile kernel `kernel`
{"case": {"B": 1, "SEQ_LEN": 1024, "H": 1, "HQ": 16, "D": 64, "S": 1, "block_size": 16, "is_causal": true}, "candidate": "candidate", "phase": "compile_correctness"}
2026-09-07 08:08:32  [TileLang:tilelang.cache.kernel_cache:WARNING] (kernel_cache.py:342): Found kernel 'kernel' in memory cache. For better performance, consider using `@tilelang.jit` instead of direct kernel caching.
{"case": {"B": 1, "SEQ_LEN": 1024, "H": 1, "HQ": 16, "D": 64, "S": 1, "block_size": 16, "is_causal": true}, "seed": 316, "status": "PASS", "call_event_ms": {"baseline": [0.011519999802112579, 0.010675200074911118, 0.01085439994931221, 0.010675200074911118], "candidate": [0.010982400178909302, 0.013158400356769562, 0.01080320030450821, 0.010726399719715118]}, "median_ms": {"baseline": 0.010764800012111664, "candidate": 0.010892800241708755}, "baseline_over_candidate": 0.9882490978667748}
{"case": {"B": 1, "SEQ_LEN": 1024, "H": 1, "HQ": 16, "D": 128, "S": 1, "block_size": 16, "is_causal": true}, "candidate": "baseline", "phase": "compile_correctness"}
2026-09-07 08:08:33  [TileLang:tilelang.jit.kernel:INFO] (kernel.py:129): TileLang begins to compile kernel `kernel` with `out_idx=None`
2026-09-07 08:08:36  [TileLang:tilelang.jit.kernel:INFO] (kernel.py:137): TileLang completes to compile kernel `kernel`
{"case": {"B": 1, "SEQ_LEN": 1024, "H": 1, "HQ": 16, "D": 128, "S": 1, "block_size": 16, "is_causal": true}, "candidate": "candidate", "phase": "compile_correctness"}
2026-09-07 08:08:36  [TileLang:tilelang.cache.kernel_cache:WARNING] (kernel_cache.py:342): Found kernel 'kernel' in memory cache. For better performance, consider using `@tilelang.jit` instead of direct kernel caching.
{"case": {"B": 1, "SEQ_LEN": 1024, "H": 1, "HQ": 16, "D": 128, "S": 1, "block_size": 16, "is_causal": true}, "seed": 316, "status": "PASS", "call_event_ms": {"baseline": [0.018303999304771425, 0.01809920072555542, 0.01804800033569336, 0.01809920072555542], "candidate": [0.018457600474357606, 0.018457600474357606, 0.018457600474357606, 0.018508799374103546]}, "median_ms": {"baseline": 0.01809920072555542, "candidate": 0.018457600474357606}, "baseline_over_candidate": 0.9805825383803222}
{"case": {"B": 2, "SEQ_LEN": 64, "H": 1, "HQ": 16, "D": 64, "S": 1, "block_size": 16, "is_causal": true}, "candidate": "baseline", "phase": "compile_correctness"}
2026-09-07 08:08:36  [TileLang:tilelang.jit.kernel:INFO] (kernel.py:129): TileLang begins to compile kernel `kernel` with `out_idx=None`
2026-09-07 08:08:39  [TileLang:tilelang.jit.kernel:INFO] (kernel.py:137): TileLang completes to compile kernel `kernel`
{"case": {"B": 2, "SEQ_LEN": 64, "H": 1, "HQ": 16, "D": 64, "S": 1, "block_size": 16, "is_causal": true}, "candidate": "candidate", "phase": "compile_correctness"}
2026-09-07 08:08:40  [TileLang:tilelang.cache.kernel_cache:WARNING] (kernel_cache.py:342): Found kernel 'kernel' in memory cache. For better performance, consider using `@tilelang.jit` instead of direct kernel caching.
{"case": {"B": 2, "SEQ_LEN": 64, "H": 1, "HQ": 16, "D": 64, "S": 1, "block_size": 16, "is_causal": true}, "seed": 316, "status": "PASS", "call_event_ms": {"baseline": [0.011519999802112579, 0.011468800157308579, 0.010419200360774993, 0.010547199845314026], "candidate": [0.010828799754381179, 0.010726399719715118, 0.010547199845314026, 0.010444799810647965]}, "median_ms": {"baseline": 0.011008000001311302, "candidate": 0.010636799782514573}, "baseline_over_candidate": 1.0348977348814004}
{"case": {"B": 2, "SEQ_LEN": 64, "H": 1, "HQ": 16, "D": 128, "S": 1, "block_size": 16, "is_causal": true}, "candidate": "baseline", "phase": "compile_correctness"}
2026-09-07 08:08:40  [TileLang:tilelang.jit.kernel:INFO] (kernel.py:129): TileLang begins to compile kernel `kernel` with `out_idx=None`
2026-09-07 08:08:43  [TileLang:tilelang.jit.kernel:INFO] (kernel.py:137): TileLang completes to compile kernel `kernel`
{"case": {"B": 2, "SEQ_LEN": 64, "H": 1, "HQ": 16, "D": 128, "S": 1, "block_size": 16, "is_causal": true}, "candidate": "candidate", "phase": "compile_correctness"}
2026-09-07 08:08:44  [TileLang:tilelang.cache.kernel_cache:WARNING] (kernel_cache.py:342): Found kernel 'kernel' in memory cache. For better performance, consider using `@tilelang.jit` instead of direct kernel caching.
{"case": {"B": 2, "SEQ_LEN": 64, "H": 1, "HQ": 16, "D": 128, "S": 1, "block_size": 16, "is_causal": true}, "seed": 316, "status": "PASS", "call_event_ms": {"baseline": [0.01154559999704361, 0.011392000317573547, 0.011417599767446518, 0.011417599767446518], "candidate": [0.011724799871444702, 0.011366400122642516, 0.011315199732780456, 0.011392000317573547]}, "median_ms": {"baseline": 0.011417599767446518, "candidate": 0.011379200220108032}, "baseline_over_candidate": 1.0033745383327233}
{"case": {"B": 2, "SEQ_LEN": 128, "H": 1, "HQ": 16, "D": 32, "S": 1, "block_size": 16, "is_causal": true}, "candidate": "baseline", "phase": "compile_correctness"}
2026-09-07 08:08:44  [TileLang:tilelang.jit.kernel:INFO] (kernel.py:129): TileLang begins to compile kernel `kernel` with `out_idx=None`
2026-09-07 08:08:47  [TileLang:tilelang.jit.kernel:INFO] (kernel.py:137): TileLang completes to compile kernel `kernel`
{"case": {"B": 2, "SEQ_LEN": 128, "H": 1, "HQ": 16, "D": 32, "S": 1, "block_size": 16, "is_causal": true}, "candidate": "candidate", "phase": "compile_correctness"}
2026-09-07 08:08:48  [TileLang:tilelang.cache.kernel_cache:WARNING] (kernel_cache.py:342): Found kernel 'kernel' in memory cache. For better performance, consider using `@tilelang.jit` instead of direct kernel caching.
{"case": {"B": 2, "SEQ_LEN": 128, "H": 1, "HQ": 16, "D": 32, "S": 1, "block_size": 16, "is_causal": true}, "seed": 316, "status": "PASS", "call_event_ms": {"baseline": [0.011776000261306763, 0.011315199732780456, 0.010726399719715118, 0.010547199845314026], "candidate": [0.011110399663448334, 0.010547199845314026, 0.010496000200510025, 0.010572800040245056]}, "median_ms": {"baseline": 0.011020799726247787, "candidate": 0.01055999994277954}, "baseline_over_candidate": 1.0436363433679108}
{"case": {"B": 2, "SEQ_LEN": 128, "H": 1, "HQ": 16, "D": 64, "S": 1, "block_size": 16, "is_causal": true}, "candidate": "baseline", "phase": "compile_correctness"}
2026-09-07 08:08:48  [TileLang:tilelang.jit.kernel:INFO] (kernel.py:129): TileLang begins to compile kernel `kernel` with `out_idx=None`
2026-09-07 08:08:51  [TileLang:tilelang.jit.kernel:INFO] (kernel.py:137): TileLang completes to compile kernel `kernel`
{"case": {"B": 2, "SEQ_LEN": 128, "H": 1, "HQ": 16, "D": 64, "S": 1, "block_size": 16, "is_causal": true}, "candidate": "candidate", "phase": "compile_correctness"}
2026-09-07 08:08:52  [TileLang:tilelang.cache.kernel_cache:WARNING] (kernel_cache.py:342): Found kernel 'kernel' in memory cache. For better performance, consider using `@tilelang.jit` instead of direct kernel caching.
{"case": {"B": 2, "SEQ_LEN": 128, "H": 1, "HQ": 16, "D": 64, "S": 1, "block_size": 16, "is_causal": true}, "seed": 316, "status": "PASS", "call_event_ms": {"baseline": [0.011878400295972823, 0.011468800157308579, 0.010547199845314026, 0.010623999685049058], "candidate": [0.010931199789047242, 0.010777600109577179, 0.010623999685049058, 0.010598400235176086]}, "median_ms": {"baseline": 0.01104639992117882, "candidate": 0.010700799897313118}, "baseline_over_candidate": 1.0322966532579008}
{"case": {"B": 2, "SEQ_LEN": 128, "H": 1, "HQ": 16, "D": 128, "S": 1, "block_size": 16, "is_causal": true}, "candidate": "baseline", "phase": "compile_correctness"}
2026-09-07 08:08:52  [TileLang:tilelang.jit.kernel:INFO] (kernel.py:129): TileLang begins to compile kernel `kernel` with `out_idx=None`
2026-09-07 08:08:55  [TileLang:tilelang.jit.kernel:INFO] (kernel.py:137): TileLang completes to compile kernel `kernel`
{"case": {"B": 2, "SEQ_LEN": 128, "H": 1, "HQ": 16, "D": 128, "S": 1, "block_size": 16, "is_causal": true}, "candidate": "candidate", "phase": "compile_correctness"}
2026-09-07 08:08:56  [TileLang:tilelang.cache.kernel_cache:WARNING] (kernel_cache.py:342): Found kernel 'kernel' in memory cache. For better performance, consider using `@tilelang.jit` instead of direct kernel caching.
{"case": {"B": 2, "SEQ_LEN": 128, "H": 1, "HQ": 16, "D": 128, "S": 1, "block_size": 16, "is_causal": true}, "seed": 316, "status": "PASS", "call_event_ms": {"baseline": [0.011827199906110763, 0.011776000261306763, 0.011801599711179733, 0.011699199676513672], "candidate": [0.011903999745845795, 0.011801599711179733, 0.011699199676513672, 0.011750400066375732]}, "median_ms": {"baseline": 0.011788799986243248, "candidate": 0.011775999888777733}, "baseline_over_candidate": 1.0010869648086285}
{"case": {"B": 2, "SEQ_LEN": 256, "H": 1, "HQ": 16, "D": 32, "S": 1, "block_size": 16, "is_causal": true}, "candidate": "baseline", "phase": "compile_correctness"}
2026-09-07 08:08:56  [TileLang:tilelang.jit.kernel:INFO] (kernel.py:129): TileLang begins to compile kernel `kernel` with `out_idx=None`
2026-09-07 08:08:59  [TileLang:tilelang.jit.kernel:INFO] (kernel.py:137): TileLang completes to compile kernel `kernel`
{"case": {"B": 2, "SEQ_LEN": 256, "H": 1, "HQ": 16, "D": 32, "S": 1, "block_size": 16, "is_causal": true}, "candidate": "candidate", "phase": "compile_correctness"}
2026-09-07 08:08:59  [TileLang:tilelang.cache.kernel_cache:WARNING] (kernel_cache.py:342): Found kernel 'kernel' in memory cache. For better performance, consider using `@tilelang.jit` instead of direct kernel caching.
{"case": {"B": 2, "SEQ_LEN": 256, "H": 1, "HQ": 16, "D": 32, "S": 1, "block_size": 16, "is_causal": true}, "seed": 316, "status": "PASS", "call_event_ms": {"baseline": [0.011494400352239609, 0.010419200360774993, 0.010547199845314026, 0.010291200131177902], "candidate": [0.010828799754381179, 0.010649599879980088, 0.010496000200510025, 0.010470400005578995]}, "median_ms": {"baseline": 0.010483200103044508, "candidate": 0.010572800040245058}, "baseline_over_candidate": 0.9915254297007898}
{"case": {"B": 2, "SEQ_LEN": 256, "H": 1, "HQ": 16, "D": 64, "S": 1, "block_size": 16, "is_causal": true}, "candidate": "baseline", "phase": "compile_correctness"}
2026-09-07 08:08:59  [TileLang:tilelang.jit.kernel:INFO] (kernel.py:129): TileLang begins to compile kernel `kernel` with `out_idx=None`
2026-09-07 08:09:02  [TileLang:tilelang.jit.kernel:INFO] (kernel.py:137): TileLang completes to compile kernel `kernel`
{"case": {"B": 2, "SEQ_LEN": 256, "H": 1, "HQ": 16, "D": 64, "S": 1, "block_size": 16, "is_causal": true}, "candidate": "candidate", "phase": "compile_correctness"}
2026-09-07 08:09:03  [TileLang:tilelang.cache.kernel_cache:WARNING] (kernel_cache.py:342): Found kernel 'kernel' in memory cache. For better performance, consider using `@tilelang.jit` instead of direct kernel caching.
{"case": {"B": 2, "SEQ_LEN": 256, "H": 1, "HQ": 16, "D": 64, "S": 1, "block_size": 16, "is_causal": true}, "seed": 316, "status": "PASS", "call_event_ms": {"baseline": [0.01157120019197464, 0.010751999914646149, 0.010547199845314026, 0.010521599650382995], "candidate": [0.010982400178909302, 0.010598400235176086, 0.010547199845314026, 0.010547199845314026]}, "median_ms": {"baseline": 0.010649599879980088, "candidate": 0.010572800040245056}, "baseline_over_candidate": 1.0072639073322767}
{"case": {"B": 2, "SEQ_LEN": 256, "H": 1, "HQ": 16, "D": 128, "S": 1, "block_size": 16, "is_causal": true}, "candidate": "baseline", "phase": "compile_correctness"}
2026-09-07 08:09:03  [TileLang:tilelang.jit.kernel:INFO] (kernel.py:129): TileLang begins to compile kernel `kernel` with `out_idx=None`
2026-09-07 08:09:06  [TileLang:tilelang.jit.kernel:INFO] (kernel.py:137): TileLang completes to compile kernel `kernel`
{"case": {"B": 2, "SEQ_LEN": 256, "H": 1, "HQ": 16, "D": 128, "S": 1, "block_size": 16, "is_causal": true}, "candidate": "candidate", "phase": "compile_correctness"}
2026-09-07 08:09:07  [TileLang:tilelang.cache.kernel_cache:WARNING] (kernel_cache.py:342): Found kernel 'kernel' in memory cache. For better performance, consider using `@tilelang.jit` instead of direct kernel caching.
{"case": {"B": 2, "SEQ_LEN": 256, "H": 1, "HQ": 16, "D": 128, "S": 1, "block_size": 16, "is_causal": true}, "seed": 316, "status": "PASS", "call_event_ms": {"baseline": [0.013312000036239623, 0.013030399382114411, 0.013209599256515502, 0.013209599256515502], "candidate": [0.013235199451446533, 0.013055999577045441, 0.013030399382114411, 0.013081599771976472]}, "median_ms": {"baseline": 0.013209599256515502, "candidate": 0.013068799674510957}, "baseline_over_candidate": 1.010773719508392}
{"case": {"B": 2, "SEQ_LEN": 512, "H": 1, "HQ": 16, "D": 32, "S": 1, "block_size": 16, "is_causal": true}, "candidate": "baseline", "phase": "compile_correctness"}
2026-09-07 08:09:07  [TileLang:tilelang.jit.kernel:INFO] (kernel.py:129): TileLang begins to compile kernel `kernel` with `out_idx=None`
2026-09-07 08:09:10  [TileLang:tilelang.jit.kernel:INFO] (kernel.py:137): TileLang completes to compile kernel `kernel`
{"case": {"B": 2, "SEQ_LEN": 512, "H": 1, "HQ": 16, "D": 32, "S": 1, "block_size": 16, "is_causal": true}, "candidate": "candidate", "phase": "compile_correctness"}
2026-09-07 08:09:11  [TileLang:tilelang.cache.kernel_cache:WARNING] (kernel_cache.py:342): Found kernel 'kernel' in memory cache. For better performance, consider using `@tilelang.jit` instead of direct kernel caching.
{"case": {"B": 2, "SEQ_LEN": 512, "H": 1, "HQ": 16, "D": 32, "S": 1, "block_size": 16, "is_causal": true}, "seed": 316, "status": "PASS", "call_event_ms": {"baseline": [0.011750400066375732, 0.010828799754381179, 0.010572800040245056, 0.010726399719715118], "candidate": [0.011084800213575363, 0.010956799983978272, 0.011929599940776825, 0.010470400005578995]}, "median_ms": {"baseline": 0.010777599737048149, "candidate": 0.011020800098776817}, "baseline_over_candidate": 0.9779326038446463}
{"case": {"B": 2, "SEQ_LEN": 512, "H": 1, "HQ": 16, "D": 64, "S": 1, "block_size": 16, "is_causal": true}, "candidate": "baseline", "phase": "compile_correctness"}
2026-09-07 08:09:11  [TileLang:tilelang.jit.kernel:INFO] (kernel.py:129): TileLang begins to compile kernel `kernel` with `out_idx=None`
2026-09-07 08:09:14  [TileLang:tilelang.jit.kernel:INFO] (kernel.py:137): TileLang completes to compile kernel `kernel`
{"case": {"B": 2, "SEQ_LEN": 512, "H": 1, "HQ": 16, "D": 64, "S": 1, "block_size": 16, "is_causal": true}, "candidate": "candidate", "phase": "compile_correctness"}
2026-09-07 08:09:15  [TileLang:tilelang.cache.kernel_cache:WARNING] (kernel_cache.py:342): Found kernel 'kernel' in memory cache. For better performance, consider using `@tilelang.jit` instead of direct kernel caching.
{"case": {"B": 2, "SEQ_LEN": 512, "H": 1, "HQ": 16, "D": 64, "S": 1, "block_size": 16, "is_causal": true}, "seed": 316, "status": "PASS", "call_event_ms": {"baseline": [0.011827199906110763, 0.011110399663448334, 0.011084800213575363, 0.010777600109577179], "candidate": [0.011264000087976456, 0.011289600282907486, 0.01088000014424324, 0.010982400178909302]}, "median_ms": {"baseline": 0.011097599938511848, "candidate": 0.011123200133442878}, "baseline_over_candidate": 0.997698486530503}
{"case": {"B": 2, "SEQ_LEN": 512, "H": 1, "HQ": 16, "D": 128, "S": 1, "block_size": 16, "is_causal": true}, "candidate": "baseline", "phase": "compile_correctness"}
2026-09-07 08:09:15  [TileLang:tilelang.jit.kernel:INFO] (kernel.py:129): TileLang begins to compile kernel `kernel` with `out_idx=None`
2026-09-07 08:09:18  [TileLang:tilelang.jit.kernel:INFO] (kernel.py:137): TileLang completes to compile kernel `kernel`
{"case": {"B": 2, "SEQ_LEN": 512, "H": 1, "HQ": 16, "D": 128, "S": 1, "block_size": 16, "is_causal": true}, "candidate": "candidate", "phase": "compile_correctness"}
2026-09-07 08:09:19  [TileLang:tilelang.cache.kernel_cache:WARNING] (kernel_cache.py:342): Found kernel 'kernel' in memory cache. For better performance, consider using `@tilelang.jit` instead of direct kernel caching.
{"case": {"B": 2, "SEQ_LEN": 512, "H": 1, "HQ": 16, "D": 128, "S": 1, "block_size": 16, "is_causal": true}, "seed": 316, "status": "PASS", "call_event_ms": {"baseline": [0.01884160041809082, 0.018662400543689728, 0.018559999763965607, 0.018585599958896637], "candidate": [0.018764799833297728, 0.018892799317836762, 0.018508799374103546, 0.018585599958896637]}, "median_ms": {"baseline": 0.018624000251293182, "candidate": 0.018675199896097183}, "baseline_over_candidate": 0.9972584151661638}
{"case": {"B": 2, "SEQ_LEN": 1024, "H": 1, "HQ": 16, "D": 32, "S": 1, "block_size": 16, "is_causal": true}, "candidate": "baseline", "phase": "compile_correctness"}
2026-09-07 08:09:19  [TileLang:tilelang.jit.kernel:INFO] (kernel.py:129): TileLang begins to compile kernel `kernel` with `out_idx=None`
2026-09-07 08:09:21  [TileLang:tilelang.jit.kernel:INFO] (kernel.py:137): TileLang completes to compile kernel `kernel`
{"case": {"B": 2, "SEQ_LEN": 1024, "H": 1, "HQ": 16, "D": 32, "S": 1, "block_size": 16, "is_causal": true}, "candidate": "candidate", "phase": "compile_correctness"}
2026-09-07 08:09:22  [TileLang:tilelang.cache.kernel_cache:WARNING] (kernel_cache.py:342): Found kernel 'kernel' in memory cache. For better performance, consider using `@tilelang.jit` instead of direct kernel caching.
{"case": {"B": 2, "SEQ_LEN": 1024, "H": 1, "HQ": 16, "D": 32, "S": 1, "block_size": 16, "is_causal": true}, "seed": 316, "status": "PASS", "call_event_ms": {"baseline": [0.01223680004477501, 0.010572800040245056, 0.011289600282907486, 0.010649599879980088], "candidate": [0.01085439994931221, 0.01085439994931221, 0.010623999685049058, 0.010649599879980088]}, "median_ms": {"baseline": 0.010969600081443787, "candidate": 0.010751999914646149}, "baseline_over_candidate": 1.020238110911927}
{"case": {"B": 2, "SEQ_LEN": 1024, "H": 1, "HQ": 16, "D": 64, "S": 1, "block_size": 16, "is_causal": true}, "candidate": "baseline", "phase": "compile_correctness"}
2026-09-07 08:09:22  [TileLang:tilelang.jit.kernel:INFO] (kernel.py:129): TileLang begins to compile kernel `kernel` with `out_idx=None`
2026-09-07 08:09:25  [TileLang:tilelang.jit.kernel:INFO] (kernel.py:137): TileLang completes to compile kernel `kernel`
{"case": {"B": 2, "SEQ_LEN": 1024, "H": 1, "HQ": 16, "D": 64, "S": 1, "block_size": 16, "is_causal": true}, "candidate": "candidate", "phase": "compile_correctness"}
2026-09-07 08:09:26  [TileLang:tilelang.cache.kernel_cache:WARNING] (kernel_cache.py:342): Found kernel 'kernel' in memory cache. For better performance, consider using `@tilelang.jit` instead of direct kernel caching.
{"case": {"B": 2, "SEQ_LEN": 1024, "H": 1, "HQ": 16, "D": 64, "S": 1, "block_size": 16, "is_causal": true}, "seed": 316, "status": "PASS", "call_event_ms": {"baseline": [0.01807360053062439, 0.01807360053062439, 0.01809920072555542, 0.017817600071430205], "candidate": [0.01807360053062439, 0.017715199291706084, 0.017100800573825837, 0.017510400712490083]}, "median_ms": {"baseline": 0.01807360053062439, "candidate": 0.017612800002098083}, "baseline_over_candidate": 1.0261628207026376}
{"case": {"B": 2, "SEQ_LEN": 1024, "H": 1, "HQ": 16, "D": 128, "S": 1, "block_size": 16, "is_causal": true}, "candidate": "baseline", "phase": "compile_correctness"}
2026-09-07 08:09:26  [TileLang:tilelang.jit.kernel:INFO] (kernel.py:129): TileLang begins to compile kernel `kernel` with `out_idx=None`
2026-09-07 08:09:29  [TileLang:tilelang.jit.kernel:INFO] (kernel.py:137): TileLang completes to compile kernel `kernel`
{"case": {"B": 2, "SEQ_LEN": 1024, "H": 1, "HQ": 16, "D": 128, "S": 1, "block_size": 16, "is_causal": true}, "candidate": "candidate", "phase": "compile_correctness"}
2026-09-07 08:09:30  [TileLang:tilelang.cache.kernel_cache:WARNING] (kernel_cache.py:342): Found kernel 'kernel' in memory cache. For better performance, consider using `@tilelang.jit` instead of direct kernel caching.
{"case": {"B": 2, "SEQ_LEN": 1024, "H": 1, "HQ": 16, "D": 128, "S": 1, "block_size": 16, "is_causal": true}, "seed": 316, "status": "PASS", "call_event_ms": {"baseline": [0.034918400645256045, 0.035148799419403076, 0.034764799475669864, 0.034867200255393985], "candidate": [0.11535359621047973, 0.03622399866580963, 0.034892800450325015, 0.035148799419403076]}, "median_ms": {"baseline": 0.034892800450325015, "candidate": 0.03568639904260636}, "baseline_over_candidate": 0.9777618752922127}
{"case": {"B": 4, "SEQ_LEN": 64, "H": 1, "HQ": 16, "D": 32, "S": 1, "block_size": 16, "is_causal": true}, "candidate": "baseline", "phase": "compile_correctness"}
2026-09-07 08:09:30  [TileLang:tilelang.jit.kernel:INFO] (kernel.py:129): TileLang begins to compile kernel `kernel` with `out_idx=None`
2026-09-07 08:09:33  [TileLang:tilelang.jit.kernel:INFO] (kernel.py:137): TileLang completes to compile kernel `kernel`
{"case": {"B": 4, "SEQ_LEN": 64, "H": 1, "HQ": 16, "D": 32, "S": 1, "block_size": 16, "is_causal": true}, "candidate": "candidate", "phase": "compile_correctness"}
2026-09-07 08:09:34  [TileLang:tilelang.cache.kernel_cache:WARNING] (kernel_cache.py:342): Found kernel 'kernel' in memory cache. For better performance, consider using `@tilelang.jit` instead of direct kernel caching.
{"case": {"B": 4, "SEQ_LEN": 64, "H": 1, "HQ": 16, "D": 32, "S": 1, "block_size": 16, "is_causal": true}, "seed": 316, "status": "PASS", "call_event_ms": {"baseline": [0.012774400413036346, 0.010444799810647965, 0.010342399775981902, 0.010419200360774993], "candidate": [0.011007999628782272, 0.010444799810647965, 0.012902399897575379, 0.010496000200510025]}, "median_ms": {"baseline": 0.01043200008571148, "candidate": 0.010751999914646149}, "baseline_over_candidate": 0.970238110911927}
{"case": {"B": 4, "SEQ_LEN": 64, "H": 1, "HQ": 16, "D": 64, "S": 1, "block_size": 16, "is_causal": true}, "candidate": "baseline", "phase": "compile_correctness"}
2026-09-07 08:09:34  [TileLang:tilelang.jit.kernel:INFO] (kernel.py:129): TileLang begins to compile kernel `kernel` with `out_idx=None`
2026-09-07 08:09:37  [TileLang:tilelang.jit.kernel:INFO] (kernel.py:137): TileLang completes to compile kernel `kernel`
{"case": {"B": 4, "SEQ_LEN": 64, "H": 1, "HQ": 16, "D": 64, "S": 1, "block_size": 16, "is_causal": true}, "candidate": "candidate", "phase": "compile_correctness"}
2026-09-07 08:09:38  [TileLang:tilelang.cache.kernel_cache:WARNING] (kernel_cache.py:342): Found kernel 'kernel' in memory cache. For better performance, consider using `@tilelang.jit` instead of direct kernel caching.
{"case": {"B": 4, "SEQ_LEN": 64, "H": 1, "HQ": 16, "D": 64, "S": 1, "block_size": 16, "is_causal": true}, "seed": 316, "status": "PASS", "call_event_ms": {"baseline": [0.011699199676513672, 0.010623999685049058, 0.010521599650382995, 0.010521599650382995], "candidate": [0.01090560033917427, 0.010700800269842149, 0.010700800269842149, 0.010623999685049058]}, "median_ms": {"baseline": 0.010572799667716026, "candidate": 0.010700800269842149}, "baseline_over_candidate": 0.9880382215443396}
{"case": {"B": 4, "SEQ_LEN": 64, "H": 1, "HQ": 16, "D": 128, "S": 1, "block_size": 16, "is_causal": true}, "candidate": "baseline", "phase": "compile_correctness"}
2026-09-07 08:09:38  [TileLang:tilelang.jit.kernel:INFO] (kernel.py:129): TileLang begins to compile kernel `kernel` with `out_idx=None`
2026-09-07 08:09:41  [TileLang:tilelang.jit.kernel:INFO] (kernel.py:137): TileLang completes to compile kernel `kernel`
{"case": {"B": 4, "SEQ_LEN": 64, "H": 1, "HQ": 16, "D": 128, "S": 1, "block_size": 16, "is_causal": true}, "candidate": "candidate", "phase": "compile_correctness"}
2026-09-07 08:09:42  [TileLang:tilelang.cache.kernel_cache:WARNING] (kernel_cache.py:342): Found kernel 'kernel' in memory cache. For better performance, consider using `@tilelang.jit` instead of direct kernel caching.
{"case": {"B": 4, "SEQ_LEN": 64, "H": 1, "HQ": 16, "D": 128, "S": 1, "block_size": 16, "is_causal": true}, "seed": 316, "status": "PASS", "call_event_ms": {"baseline": [0.012211199849843979, 0.011776000261306763, 0.011776000261306763, 0.011776000261306763], "candidate": [0.012646399438381195, 0.011673600226640702, 0.011750400066375732, 0.011852800101041793]}, "median_ms": {"baseline": 0.011776000261306763, "candidate": 0.011801600083708763}, "baseline_over_candidate": 0.9978308176670604}
{"case": {"B": 4, "SEQ_LEN": 128, "H": 1, "HQ": 16, "D": 32, "S": 1, "block_size": 16, "is_causal": true}, "candidate": "baseline", "phase": "compile_correctness"}
2026-09-07 08:09:42  [TileLang:tilelang.jit.kernel:INFO] (kernel.py:129): TileLang begins to compile kernel `kernel` with `out_idx=None`
2026-09-07 08:09:44  [TileLang:tilelang.jit.kernel:INFO] (kernel.py:137): TileLang completes to compile kernel `kernel`
{"case": {"B": 4, "SEQ_LEN": 128, "H": 1, "HQ": 16, "D": 32, "S": 1, "block_size": 16, "is_causal": true}, "candidate": "candidate", "phase": "compile_correctness"}
2026-09-07 08:09:45  [TileLang:tilelang.cache.kernel_cache:WARNING] (kernel_cache.py:342): Found kernel 'kernel' in memory cache. For better performance, consider using `@tilelang.jit` instead of direct kernel caching.
{"case": {"B": 4, "SEQ_LEN": 128, "H": 1, "HQ": 16, "D": 32, "S": 1, "block_size": 16, "is_causal": true}, "seed": 316, "status": "PASS", "call_event_ms": {"baseline": [0.011340799927711486, 0.010572800040245056, 0.010496000200510025, 0.010496000200510025], "candidate": [0.01088000014424324, 0.010521599650382995, 0.011289600282907486, 0.010239999741315842]}, "median_ms": {"baseline": 0.01053440012037754, "candidate": 0.010700799897313117}, "baseline_over_candidate": 0.9844497814619113}
{"case": {"B": 4, "SEQ_LEN": 128, "H": 1, "HQ": 16, "D": 64, "S": 1, "block_size": 16, "is_causal": true}, "candidate": "baseline", "phase": "compile_correctness"}
2026-09-07 08:09:45  [TileLang:tilelang.jit.kernel:INFO] (kernel.py:129): TileLang begins to compile kernel `kernel` with `out_idx=None`
2026-09-07 08:09:48  [TileLang:tilelang.jit.kernel:INFO] (kernel.py:137): TileLang completes to compile kernel `kernel`
{"case": {"B": 4, "SEQ_LEN": 128, "H": 1, "HQ": 16, "D": 64, "S": 1, "block_size": 16, "is_causal": true}, "candidate": "candidate", "phase": "compile_correctness"}
2026-09-07 08:09:49  [TileLang:tilelang.cache.kernel_cache:WARNING] (kernel_cache.py:342): Found kernel 'kernel' in memory cache. For better performance, consider using `@tilelang.jit` instead of direct kernel caching.
{"case": {"B": 4, "SEQ_LEN": 128, "H": 1, "HQ": 16, "D": 64, "S": 1, "block_size": 16, "is_causal": true}, "seed": 316, "status": "PASS", "call_event_ms": {"baseline": [0.011801599711179733, 0.011622399836778641, 0.01080320030450821, 0.01080320030450821], "candidate": [0.010931199789047242, 0.010598400235176086, 0.010675200074911118, 0.010649599879980088]}, "median_ms": {"baseline": 0.011212800070643425, "candidate": 0.010662399977445603}, "baseline_over_candidate": 1.05162065710929}
{"case": {"B": 4, "SEQ_LEN": 128, "H": 1, "HQ": 16, "D": 128, "S": 1, "block_size": 16, "is_causal": true}, "candidate": "baseline", "phase": "compile_correctness"}
2026-09-07 08:09:49  [TileLang:tilelang.jit.kernel:INFO] (kernel.py:129): TileLang begins to compile kernel `kernel` with `out_idx=None`
2026-09-07 08:09:52  [TileLang:tilelang.jit.kernel:INFO] (kernel.py:137): TileLang completes to compile kernel `kernel`
{"case": {"B": 4, "SEQ_LEN": 128, "H": 1, "HQ": 16, "D": 128, "S": 1, "block_size": 16, "is_causal": true}, "candidate": "candidate", "phase": "compile_correctness"}
2026-09-07 08:09:53  [TileLang:tilelang.cache.kernel_cache:WARNING] (kernel_cache.py:342): Found kernel 'kernel' in memory cache. For better performance, consider using `@tilelang.jit` instead of direct kernel caching.
{"case": {"B": 4, "SEQ_LEN": 128, "H": 1, "HQ": 16, "D": 128, "S": 1, "block_size": 16, "is_causal": true}, "seed": 316, "status": "PASS", "call_event_ms": {"baseline": [0.013260799646377563, 0.013952000439167023, 0.013158400356769562, 0.013081599771976472], "candidate": [0.013209599256515502, 0.013158400356769562, 0.013132800161838532, 0.013158400356769562]}, "median_ms": {"baseline": 0.013209600001573563, "candidate": 0.013158400356769562}, "baseline_over_candidate": 1.003891023484299}
{"case": {"B": 4, "SEQ_LEN": 256, "H": 1, "HQ": 16, "D": 32, "S": 1, "block_size": 16, "is_causal": true}, "candidate": "baseline", "phase": "compile_correctness"}
2026-09-07 08:09:53  [TileLang:tilelang.jit.kernel:INFO] (kernel.py:129): TileLang begins to compile kernel `kernel` with `out_idx=None`
2026-09-07 08:09:56  [TileLang:tilelang.jit.kernel:INFO] (kernel.py:137): TileLang completes to compile kernel `kernel`
{"case": {"B": 4, "SEQ_LEN": 256, "H": 1, "HQ": 16, "D": 32, "S": 1, "block_size": 16, "is_causal": true}, "candidate": "candidate", "phase": "compile_correctness"}
2026-09-07 08:09:57  [TileLang:tilelang.cache.kernel_cache:WARNING] (kernel_cache.py:342): Found kernel 'kernel' in memory cache. For better performance, consider using `@tilelang.jit` instead of direct kernel caching.
{"case": {"B": 4, "SEQ_LEN": 256, "H": 1, "HQ": 16, "D": 32, "S": 1, "block_size": 16, "is_causal": true}, "seed": 316, "status": "PASS", "call_event_ms": {"baseline": [0.011955200135707856, 0.010649599879980088, 0.010521599650382995, 0.010598400235176086], "candidate": [0.01085439994931221, 0.010726399719715118, 0.011648000031709672, 0.010470400005578995]}, "median_ms": {"baseline": 0.010624000057578086, "candidate": 0.010790399834513664}, "baseline_over_candidate": 0.9845789053707408}
{"case": {"B": 4, "SEQ_LEN": 256, "H": 1, "HQ": 16, "D": 64, "S": 1, "block_size": 16, "is_causal": true}, "candidate": "baseline", "phase": "compile_correctness"}
2026-09-07 08:09:57  [TileLang:tilelang.jit.kernel:INFO] (kernel.py:129): TileLang begins to compile kernel `kernel` with `out_idx=None`
2026-09-07 08:10:00  [TileLang:tilelang.jit.kernel:INFO] (kernel.py:137): TileLang completes to compile kernel `kernel`
{"case": {"B": 4, "SEQ_LEN": 256, "H": 1, "HQ": 16, "D": 64, "S": 1, "block_size": 16, "is_causal": true}, "candidate": "candidate", "phase": "compile_correctness"}
2026-09-07 08:10:01  [TileLang:tilelang.cache.kernel_cache:WARNING] (kernel_cache.py:342): Found kernel 'kernel' in memory cache. For better performance, consider using `@tilelang.jit` instead of direct kernel caching.
{"case": {"B": 4, "SEQ_LEN": 256, "H": 1, "HQ": 16, "D": 64, "S": 1, "block_size": 16, "is_causal": true}, "seed": 316, "status": "PASS", "call_event_ms": {"baseline": [0.011468800157308579, 0.010623999685049058, 0.010700800269842149, 0.010700800269842149], "candidate": [0.010931199789047242, 0.01085439994931221, 0.010700800269842149, 0.01085439994931221]}, "median_ms": {"baseline": 0.010700800269842149, "candidate": 0.01085439994931221}, "baseline_over_candidate": 0.9858490860676463}
{"case": {"B": 4, "SEQ_LEN": 256, "H": 1, "HQ": 16, "D": 128, "S": 1, "block_size": 16, "is_causal": true}, "candidate": "baseline", "phase": "compile_correctness"}
2026-09-07 08:10:01  [TileLang:tilelang.jit.kernel:INFO] (kernel.py:129): TileLang begins to compile kernel `kernel` with `out_idx=None`
2026-09-07 08:10:04  [TileLang:tilelang.jit.kernel:INFO] (kernel.py:137): TileLang completes to compile kernel `kernel`
{"case": {"B": 4, "SEQ_LEN": 256, "H": 1, "HQ": 16, "D": 128, "S": 1, "block_size": 16, "is_causal": true}, "candidate": "candidate", "phase": "compile_correctness"}
2026-09-07 08:10:04  [TileLang:tilelang.cache.kernel_cache:WARNING] (kernel_cache.py:342): Found kernel 'kernel' in memory cache. For better performance, consider using `@tilelang.jit` instead of direct kernel caching.
{"case": {"B": 4, "SEQ_LEN": 256, "H": 1, "HQ": 16, "D": 128, "S": 1, "block_size": 16, "is_causal": true}, "seed": 316, "status": "PASS", "call_event_ms": {"baseline": [0.019123199582099914, 0.01879040002822876, 0.01879040002822876, 0.01884160041809082], "candidate": [0.018943999707698823, 0.018943999707698823, 0.018969599902629853, 0.01884160041809082]}, "median_ms": {"baseline": 0.01881600022315979, "candidate": 0.018943999707698823}, "baseline_over_candidate": 0.9932432703487102}
{"case": {"B": 4, "SEQ_LEN": 512, "H": 1, "HQ": 16, "D": 32, "S": 1, "block_size": 16, "is_causal": true}, "candidate": "baseline", "phase": "compile_correctness"}
2026-09-07 08:10:05  [TileLang:tilelang.jit.kernel:INFO] (kernel.py:129): TileLang begins to compile kernel `kernel` with `out_idx=None`
2026-09-07 08:10:07  [TileLang:tilelang.jit.kernel:INFO] (kernel.py:137): TileLang completes to compile kernel `kernel`
{"case": {"B": 4, "SEQ_LEN": 512, "H": 1, "HQ": 16, "D": 32, "S": 1, "block_size": 16, "is_causal": true}, "candidate": "candidate", "phase": "compile_correctness"}
2026-09-07 08:10:08  [TileLang:tilelang.cache.kernel_cache:WARNING] (kernel_cache.py:342): Found kernel 'kernel' in memory cache. For better performance, consider using `@tilelang.jit` instead of direct kernel caching.
{"case": {"B": 4, "SEQ_LEN": 512, "H": 1, "HQ": 16, "D": 32, "S": 1, "block_size": 16, "is_causal": true}, "seed": 316, "status": "PASS", "call_event_ms": {"baseline": [0.011776000261306763, 0.010496000200510025, 0.010751999914646149, 0.010547199845314026], "candidate": [0.010956799983978272, 0.010675200074911118, 0.01157120019197464, 0.010649599879980088]}, "median_ms": {"baseline": 0.010649599879980088, "candidate": 0.010816000029444696}, "baseline_over_candidate": 0.9846153708384234}
{"case": {"B": 4, "SEQ_LEN": 512, "H": 1, "HQ": 16, "D": 64, "S": 1, "block_size": 16, "is_causal": true}, "candidate": "baseline", "phase": "compile_correctness"}
2026-09-07 08:10:08  [TileLang:tilelang.jit.kernel:INFO] (kernel.py:129): TileLang begins to compile kernel `kernel` with `out_idx=None`
2026-09-07 08:10:11  [TileLang:tilelang.jit.kernel:INFO] (kernel.py:137): TileLang completes to compile kernel `kernel`
{"case": {"B": 4, "SEQ_LEN": 512, "H": 1, "HQ": 16, "D": 64, "S": 1, "block_size": 16, "is_causal": true}, "candidate": "candidate", "phase": "compile_correctness"}
2026-09-07 08:10:12  [TileLang:tilelang.cache.kernel_cache:WARNING] (kernel_cache.py:342): Found kernel 'kernel' in memory cache. For better performance, consider using `@tilelang.jit` instead of direct kernel caching.
{"case": {"B": 4, "SEQ_LEN": 512, "H": 1, "HQ": 16, "D": 64, "S": 1, "block_size": 16, "is_causal": true}, "seed": 316, "status": "PASS", "call_event_ms": {"baseline": [0.017766399681568144, 0.017689600586891174, 0.017868800461292265, 0.017612800002098083], "candidate": [0.01802240014076233, 0.018278400599956512, 0.017843200266361235, 0.01797119975090027]}, "median_ms": {"baseline": 0.01772800013422966, "candidate": 0.0179967999458313}, "baseline_over_candidate": 0.9850640218032816}
{"case": {"B": 4, "SEQ_LEN": 512, "H": 1, "HQ": 16, "D": 128, "S": 1, "block_size": 16, "is_causal": true}, "candidate": "baseline", "phase": "compile_correctness"}
2026-09-07 08:10:12  [TileLang:tilelang.jit.kernel:INFO] (kernel.py:129): TileLang begins to compile kernel `kernel` with `out_idx=None`
2026-09-07 08:10:15  [TileLang:tilelang.jit.kernel:INFO] (kernel.py:137): TileLang completes to compile kernel `kernel`
{"case": {"B": 4, "SEQ_LEN": 512, "H": 1, "HQ": 16, "D": 128, "S": 1, "block_size": 16, "is_causal": true}, "candidate": "candidate", "phase": "compile_correctness"}
2026-09-07 08:10:16  [TileLang:tilelang.cache.kernel_cache:WARNING] (kernel_cache.py:342): Found kernel 'kernel' in memory cache. For better performance, consider using `@tilelang.jit` instead of direct kernel caching.
{"case": {"B": 4, "SEQ_LEN": 512, "H": 1, "HQ": 16, "D": 128, "S": 1, "block_size": 16, "is_causal": true}, "seed": 316, "status": "PASS", "call_event_ms": {"baseline": [0.03553279936313629, 0.03563520014286041, 0.03522560000419617, 0.03543039858341217], "candidate": [0.03560959994792938, 0.03532800078392029, 0.035071998834609985, 0.03532800078392029]}, "median_ms": {"baseline": 0.03548159897327423, "candidate": 0.03532800078392029}, "baseline_over_candidate": 1.0043477747380443}
{"case": {"B": 4, "SEQ_LEN": 1024, "H": 1, "HQ": 16, "D": 32, "S": 1, "block_size": 16, "is_causal": true}, "candidate": "baseline", "phase": "compile_correctness"}
{"case": {"B": 4, "SEQ_LEN": 1024, "H": 1, "HQ": 16, "D": 32, "S": 1, "block_size": 16, "is_causal": true}, "candidate": "candidate", "phase": "compile_correctness"}
2026-09-07 08:10:16  [TileLang:tilelang.cache.kernel_cache:WARNING] (kernel_cache.py:342): Found kernel 'kernel' in memory cache. For better performance, consider using `@tilelang.jit` instead of direct kernel caching.
{"case": {"B": 4, "SEQ_LEN": 1024, "H": 1, "HQ": 16, "D": 32, "S": 1, "block_size": 16, "is_causal": true}, "seed": 316, "status": "PASS", "call_event_ms": {"baseline": [0.01528320014476776, 0.01510400027036667, 0.01515520066022873, 0.015718400478363037], "candidate": [0.014899200201034546, 0.014924800395965577, 0.014847999811172486, 0.015027199685573579]}, "median_ms": {"baseline": 0.015219200402498245, "candidate": 0.014912000298500061}, "baseline_over_candidate": 1.0206008649308493}
{"case": {"B": 4, "SEQ_LEN": 1024, "H": 1, "HQ": 16, "D": 64, "S": 1, "block_size": 16, "is_causal": true}, "candidate": "baseline", "phase": "compile_correctness"}
{"case": {"B": 4, "SEQ_LEN": 1024, "H": 1, "HQ": 16, "D": 64, "S": 1, "block_size": 16, "is_causal": true}, "candidate": "candidate", "phase": "compile_correctness"}
2026-09-07 08:10:16  [TileLang:tilelang.cache.kernel_cache:WARNING] (kernel_cache.py:342): Found kernel 'kernel' in memory cache. For better performance, consider using `@tilelang.jit` instead of direct kernel caching.
{"case": {"B": 4, "SEQ_LEN": 1024, "H": 1, "HQ": 16, "D": 64, "S": 1, "block_size": 16, "is_causal": true}, "seed": 316, "status": "PASS", "call_event_ms": {"baseline": [0.029516801238059998, 0.029337599873542786, 0.02908160090446472, 0.02964479923248291], "candidate": [0.03061760067939758, 0.030847999453544616, 0.03054080009460449, 0.03054080009460449]}, "median_ms": {"baseline": 0.02942720055580139, "candidate": 0.030579200387001036}, "baseline_over_candidate": 0.9623273396092675}
{"case": {"B": 4, "SEQ_LEN": 1024, "H": 1, "HQ": 16, "D": 128, "S": 1, "block_size": 16, "is_causal": true}, "candidate": "baseline", "phase": "compile_correctness"}
{"case": {"B": 4, "SEQ_LEN": 1024, "H": 1, "HQ": 16, "D": 128, "S": 1, "block_size": 16, "is_causal": true}, "candidate": "candidate", "phase": "compile_correctness"}
2026-09-07 08:10:17  [TileLang:tilelang.cache.kernel_cache:WARNING] (kernel_cache.py:342): Found kernel 'kernel' in memory cache. For better performance, consider using `@tilelang.jit` instead of direct kernel caching.
{"case": {"B": 4, "SEQ_LEN": 1024, "H": 1, "HQ": 16, "D": 128, "S": 1, "block_size": 16, "is_causal": true}, "seed": 316, "status": "PASS", "call_event_ms": {"baseline": [0.05631999969482422, 0.055731201171875, 0.05603839755058289, 0.055936002731323244], "candidate": [0.056550401449203494, 0.05601279735565186, 0.05611519813537598, 0.055936002731323244]}, "median_ms": {"baseline": 0.05598720014095307, "candidate": 0.05606399774551392}, "baseline_over_candidate": 0.9986301796580855}
{"case": {"B": 8, "SEQ_LEN": 64, "H": 1, "HQ": 16, "D": 32, "S": 1, "block_size": 16, "is_causal": true}, "candidate": "baseline", "phase": "compile_correctness"}
2026-09-07 08:10:17  [TileLang:tilelang.jit.kernel:INFO] (kernel.py:129): TileLang begins to compile kernel `kernel` with `out_idx=None`
2026-09-07 08:10:19  [TileLang:tilelang.jit.kernel:INFO] (kernel.py:137): TileLang completes to compile kernel `kernel`
{"case": {"B": 8, "SEQ_LEN": 64, "H": 1, "HQ": 16, "D": 32, "S": 1, "block_size": 16, "is_causal": true}, "candidate": "candidate", "phase": "compile_correctness"}
2026-09-07 08:10:20  [TileLang:tilelang.cache.kernel_cache:WARNING] (kernel_cache.py:342): Found kernel 'kernel' in memory cache. For better performance, consider using `@tilelang.jit` instead of direct kernel caching.
{"case": {"B": 8, "SEQ_LEN": 64, "H": 1, "HQ": 16, "D": 32, "S": 1, "block_size": 16, "is_causal": true}, "seed": 316, "status": "PASS", "call_event_ms": {"baseline": [0.011801599711179733, 0.011033599823713302, 0.010982400178909302, 0.010700800269842149], "candidate": [0.011187200248241425, 0.010649599879980088, 0.011622399836778641, 0.010751999914646149]}, "median_ms": {"baseline": 0.011008000001311302, "candidate": 0.010969600081443787}, "baseline_over_candidate": 1.003500576099622}
{"case": {"B": 8, "SEQ_LEN": 64, "H": 1, "HQ": 16, "D": 64, "S": 1, "block_size": 16, "is_causal": true}, "candidate": "baseline", "phase": "compile_correctness"}
2026-09-07 08:10:20  [TileLang:tilelang.jit.kernel:INFO] (kernel.py:129): TileLang begins to compile kernel `kernel` with `out_idx=None`
2026-09-07 08:10:23  [TileLang:tilelang.jit.kernel:INFO] (kernel.py:137): TileLang completes to compile kernel `kernel`
{"case": {"B": 8, "SEQ_LEN": 64, "H": 1, "HQ": 16, "D": 64, "S": 1, "block_size": 16, "is_causal": true}, "candidate": "candidate", "phase": "compile_correctness"}
2026-09-07 08:10:24  [TileLang:tilelang.cache.kernel_cache:WARNING] (kernel_cache.py:342): Found kernel 'kernel' in memory cache. For better performance, consider using `@tilelang.jit` instead of direct kernel caching.
{"case": {"B": 8, "SEQ_LEN": 64, "H": 1, "HQ": 16, "D": 64, "S": 1, "block_size": 16, "is_causal": true}, "seed": 316, "status": "PASS", "call_event_ms": {"baseline": [0.011443199962377549, 0.013414399325847625, 0.010572800040245056, 0.010496000200510025], "candidate": [0.01080320030450821, 0.010623999685049058, 0.010521599650382995, 0.010521599650382995]}, "median_ms": {"baseline": 0.011008000001311302, "candidate": 0.010572799667716026}, "baseline_over_candidate": 1.0411622604487776}
{"case": {"B": 8, "SEQ_LEN": 64, "H": 1, "HQ": 16, "D": 128, "S": 1, "block_size": 16, "is_causal": true}, "candidate": "baseline", "phase": "compile_correctness"}
2026-09-07 08:10:24  [TileLang:tilelang.jit.kernel:INFO] (kernel.py:129): TileLang begins to compile kernel `kernel` with `out_idx=None`
2026-09-07 08:10:27  [TileLang:tilelang.jit.kernel:INFO] (kernel.py:137): TileLang completes to compile kernel `kernel`
{"case": {"B": 8, "SEQ_LEN": 64, "H": 1, "HQ": 16, "D": 128, "S": 1, "block_size": 16, "is_causal": true}, "candidate": "candidate", "phase": "compile_correctness"}
2026-09-07 08:10:28  [TileLang:tilelang.cache.kernel_cache:WARNING] (kernel_cache.py:342): Found kernel 'kernel' in memory cache. For better performance, consider using `@tilelang.jit` instead of direct kernel caching.
{"case": {"B": 8, "SEQ_LEN": 64, "H": 1, "HQ": 16, "D": 128, "S": 1, "block_size": 16, "is_causal": true}, "seed": 316, "status": "PASS", "call_event_ms": {"baseline": [0.013439999520778656, 0.013849599659442902, 0.013107199966907502, 0.0130048006772995], "candidate": [0.013363200426101684, 0.0130048006772995, 0.013055999577045441, 0.013030399382114411]}, "median_ms": {"baseline": 0.013273599743843078, "candidate": 0.013043199479579926}, "baseline_over_candidate": 1.017664397805451}
{"case": {"B": 8, "SEQ_LEN": 128, "H": 1, "HQ": 16, "D": 32, "S": 1, "block_size": 16, "is_causal": true}, "candidate": "baseline", "phase": "compile_correctness"}
2026-09-07 08:10:28  [TileLang:tilelang.jit.kernel:INFO] (kernel.py:129): TileLang begins to compile kernel `kernel` with `out_idx=None`
2026-09-07 08:10:31  [TileLang:tilelang.jit.kernel:INFO] (kernel.py:137): TileLang completes to compile kernel `kernel`
{"case": {"B": 8, "SEQ_LEN": 128, "H": 1, "HQ": 16, "D": 32, "S": 1, "block_size": 16, "is_causal": true}, "candidate": "candidate", "phase": "compile_correctness"}
2026-09-07 08:10:32  [TileLang:tilelang.cache.kernel_cache:WARNING] (kernel_cache.py:342): Found kernel 'kernel' in memory cache. For better performance, consider using `@tilelang.jit` instead of direct kernel caching.
{"case": {"B": 8, "SEQ_LEN": 128, "H": 1, "HQ": 16, "D": 32, "S": 1, "block_size": 16, "is_causal": true}, "seed": 316, "status": "PASS", "call_event_ms": {"baseline": [0.011776000261306763, 0.010828799754381179, 0.010623999685049058, 0.010700800269842149], "candidate": [0.010982400178909302, 0.01090560033917427, 0.01090560033917427, 0.010649599879980088]}, "median_ms": {"baseline": 0.010764800012111664, "candidate": 0.01090560033917427}, "baseline_over_candidate": 0.9870891722891372}
{"case": {"B": 8, "SEQ_LEN": 128, "H": 1, "HQ": 16, "D": 64, "S": 1, "block_size": 16, "is_causal": true}, "candidate": "baseline", "phase": "compile_correctness"}
2026-09-07 08:10:32  [TileLang:tilelang.jit.kernel:INFO] (kernel.py:129): TileLang begins to compile kernel `kernel` with `out_idx=None`
2026-09-07 08:10:35  [TileLang:tilelang.jit.kernel:INFO] (kernel.py:137): TileLang completes to compile kernel `kernel`
{"case": {"B": 8, "SEQ_LEN": 128, "H": 1, "HQ": 16, "D": 64, "S": 1, "block_size": 16, "is_causal": true}, "candidate": "candidate", "phase": "compile_correctness"}
2026-09-07 08:10:36  [TileLang:tilelang.cache.kernel_cache:WARNING] (kernel_cache.py:342): Found kernel 'kernel' in memory cache. For better performance, consider using `@tilelang.jit` instead of direct kernel caching.
{"case": {"B": 8, "SEQ_LEN": 128, "H": 1, "HQ": 16, "D": 64, "S": 1, "block_size": 16, "is_causal": true}, "seed": 316, "status": "PASS", "call_event_ms": {"baseline": [0.011494400352239609, 0.011622399836778641, 0.01088000014424324, 0.01080320030450821], "candidate": [0.01080320030450821, 0.010931199789047242, 0.01085439994931221, 0.010828799754381179]}, "median_ms": {"baseline": 0.011187200248241425, "candidate": 0.010841599851846694}, "baseline_over_candidate": 1.0318772506933895}
{"case": {"B": 8, "SEQ_LEN": 128, "H": 1, "HQ": 16, "D": 128, "S": 1, "block_size": 16, "is_causal": true}, "candidate": "baseline", "phase": "compile_correctness"}
2026-09-07 08:10:36  [TileLang:tilelang.jit.kernel:INFO] (kernel.py:129): TileLang begins to compile kernel `kernel` with `out_idx=None`
2026-09-07 08:10:39  [TileLang:tilelang.jit.kernel:INFO] (kernel.py:137): TileLang completes to compile kernel `kernel`
{"case": {"B": 8, "SEQ_LEN": 128, "H": 1, "HQ": 16, "D": 128, "S": 1, "block_size": 16, "is_causal": true}, "candidate": "candidate", "phase": "compile_correctness"}
2026-09-07 08:10:40  [TileLang:tilelang.cache.kernel_cache:WARNING] (kernel_cache.py:342): Found kernel 'kernel' in memory cache. For better performance, consider using `@tilelang.jit` instead of direct kernel caching.
{"case": {"B": 8, "SEQ_LEN": 128, "H": 1, "HQ": 16, "D": 128, "S": 1, "block_size": 16, "is_causal": true}, "seed": 316, "status": "PASS", "call_event_ms": {"baseline": [0.01879040002822876, 0.018688000738620758, 0.018611200153827667, 0.018534399569034576], "candidate": [0.018688000738620758, 0.10892800092697144, 0.018662400543689728, 0.018764799833297728]}, "median_ms": {"baseline": 0.018649600446224213, "candidate": 0.018726400285959243}, "baseline_over_candidate": 0.9958988466249643}
{"case": {"B": 8, "SEQ_LEN": 256, "H": 1, "HQ": 16, "D": 32, "S": 1, "block_size": 16, "is_causal": true}, "candidate": "baseline", "phase": "compile_correctness"}
2026-09-07 08:10:40  [TileLang:tilelang.jit.kernel:INFO] (kernel.py:129): TileLang begins to compile kernel `kernel` with `out_idx=None`
2026-09-07 08:10:42  [TileLang:tilelang.jit.kernel:INFO] (kernel.py:137): TileLang completes to compile kernel `kernel`
{"case": {"B": 8, "SEQ_LEN": 256, "H": 1, "HQ": 16, "D": 32, "S": 1, "block_size": 16, "is_causal": true}, "candidate": "candidate", "phase": "compile_correctness"}
2026-09-07 08:10:43  [TileLang:tilelang.cache.kernel_cache:WARNING] (kernel_cache.py:342): Found kernel 'kernel' in memory cache. For better performance, consider using `@tilelang.jit` instead of direct kernel caching.
{"case": {"B": 8, "SEQ_LEN": 256, "H": 1, "HQ": 16, "D": 32, "S": 1, "block_size": 16, "is_causal": true}, "seed": 316, "status": "PASS", "call_event_ms": {"baseline": [0.01157120019197464, 0.013414399325847625, 0.010675200074911118, 0.010649599879980088], "candidate": [0.011110399663448334, 0.010623999685049058, 0.010777600109577179, 0.010726399719715118]}, "median_ms": {"baseline": 0.011123200133442878, "candidate": 0.010751999914646149}, "baseline_over_candidate": 1.0345238301472723}
{"case": {"B": 8, "SEQ_LEN": 256, "H": 1, "HQ": 16, "D": 64, "S": 1, "block_size": 16, "is_causal": true}, "candidate": "baseline", "phase": "compile_correctness"}
2026-09-07 08:10:43  [TileLang:tilelang.jit.kernel:INFO] (kernel.py:129): TileLang begins to compile kernel `kernel` with `out_idx=None`
2026-09-07 08:10:46  [TileLang:tilelang.jit.kernel:INFO] (kernel.py:137): TileLang completes to compile kernel `kernel`
{"case": {"B": 8, "SEQ_LEN": 256, "H": 1, "HQ": 16, "D": 64, "S": 1, "block_size": 16, "is_causal": true}, "candidate": "candidate", "phase": "compile_correctness"}
2026-09-07 08:10:47  [TileLang:tilelang.cache.kernel_cache:WARNING] (kernel_cache.py:342): Found kernel 'kernel' in memory cache. For better performance, consider using `@tilelang.jit` instead of direct kernel caching.
{"case": {"B": 8, "SEQ_LEN": 256, "H": 1, "HQ": 16, "D": 64, "S": 1, "block_size": 16, "is_causal": true}, "seed": 316, "status": "PASS", "call_event_ms": {"baseline": [0.017484800517559053, 0.01730560064315796, 0.01733119934797287, 0.017382399737834932], "candidate": [0.017228800058364867, 0.017126399278640746, 0.017535999417304993, 0.017228800058364867]}, "median_ms": {"baseline": 0.0173567995429039, "candidate": 0.017228800058364867}, "baseline_over_candidate": 1.007429390561468}
{"case": {"B": 8, "SEQ_LEN": 256, "H": 1, "HQ": 16, "D": 128, "S": 1, "block_size": 16, "is_causal": true}, "candidate": "baseline", "phase": "compile_correctness"}
2026-09-07 08:10:47  [TileLang:tilelang.jit.kernel:INFO] (kernel.py:129): TileLang begins to compile kernel `kernel` with `out_idx=None`
2026-09-07 08:10:50  [TileLang:tilelang.jit.kernel:INFO] (kernel.py:137): TileLang completes to compile kernel `kernel`
{"case": {"B": 8, "SEQ_LEN": 256, "H": 1, "HQ": 16, "D": 128, "S": 1, "block_size": 16, "is_causal": true}, "candidate": "candidate", "phase": "compile_correctness"}
2026-09-07 08:10:51  [TileLang:tilelang.cache.kernel_cache:WARNING] (kernel_cache.py:342): Found kernel 'kernel' in memory cache. For better performance, consider using `@tilelang.jit` instead of direct kernel caching.
{"case": {"B": 8, "SEQ_LEN": 256, "H": 1, "HQ": 16, "D": 128, "S": 1, "block_size": 16, "is_causal": true}, "seed": 316, "status": "PASS", "call_event_ms": {"baseline": [0.03527680039405823, 0.034841600060462954, 0.03466239869594574, 0.034867200255393985], "candidate": [0.034867200255393985, 0.035046398639678955, 0.034764799475669864, 0.034764799475669864]}, "median_ms": {"baseline": 0.03485440015792847, "candidate": 0.034815999865531924}, "baseline_over_candidate": 1.0011029495790686}
{"case": {"B": 8, "SEQ_LEN": 512, "H": 1, "HQ": 16, "D": 32, "S": 1, "block_size": 16, "is_causal": true}, "candidate": "baseline", "phase": "compile_correctness"}
2026-09-07 08:10:51  [TileLang:tilelang.jit.kernel:INFO] (kernel.py:129): TileLang begins to compile kernel `kernel` with `out_idx=None`
2026-09-07 08:10:54  [TileLang:tilelang.jit.kernel:INFO] (kernel.py:137): TileLang completes to compile kernel `kernel`
{"case": {"B": 8, "SEQ_LEN": 512, "H": 1, "HQ": 16, "D": 32, "S": 1, "block_size": 16, "is_causal": true}, "candidate": "candidate", "phase": "compile_correctness"}
2026-09-07 08:10:55  [TileLang:tilelang.cache.kernel_cache:WARNING] (kernel_cache.py:342): Found kernel 'kernel' in memory cache. For better performance, consider using `@tilelang.jit` instead of direct kernel caching.
{"case": {"B": 8, "SEQ_LEN": 512, "H": 1, "HQ": 16, "D": 32, "S": 1, "block_size": 16, "is_causal": true}, "seed": 316, "status": "PASS", "call_event_ms": {"baseline": [0.01518079936504364, 0.014899200201034546, 0.014975999295711518, 0.015027199685573579], "candidate": [0.01518079936504364, 0.015411199629306793, 0.0151296004652977, 0.01518079936504364]}, "median_ms": {"baseline": 0.015001599490642548, "candidate": 0.01518079936504364}, "baseline_over_candidate": 0.9881956232941377}
{"case": {"B": 8, "SEQ_LEN": 512, "H": 1, "HQ": 16, "D": 64, "S": 1, "block_size": 16, "is_causal": true}, "candidate": "baseline", "phase": "compile_correctness"}
2026-09-07 08:10:55  [TileLang:tilelang.jit.kernel:INFO] (kernel.py:129): TileLang begins to compile kernel `kernel` with `out_idx=None`
2026-09-07 08:10:58  [TileLang:tilelang.jit.kernel:INFO] (kernel.py:137): TileLang completes to compile kernel `kernel`
{"case": {"B": 8, "SEQ_LEN": 512, "H": 1, "HQ": 16, "D": 64, "S": 1, "block_size": 16, "is_causal": true}, "candidate": "candidate", "phase": "compile_correctness"}
2026-09-07 08:10:59  [TileLang:tilelang.cache.kernel_cache:WARNING] (kernel_cache.py:342): Found kernel 'kernel' in memory cache. For better performance, consider using `@tilelang.jit` instead of direct kernel caching.
{"case": {"B": 8, "SEQ_LEN": 512, "H": 1, "HQ": 16, "D": 64, "S": 1, "block_size": 16, "is_causal": true}, "seed": 316, "status": "PASS", "call_event_ms": {"baseline": [0.029337599873542786, 0.02905600070953369, 0.029491201043128967, 0.02892799973487854], "candidate": [0.030131199955940248, 0.029977598786354066, 0.03023360073566437, 0.0302592009305954]}, "median_ms": {"baseline": 0.02919680029153824, "candidate": 0.03018240034580231}, "baseline_over_candidate": 0.9673452063794806}
{"case": {"B": 8, "SEQ_LEN": 512, "H": 1, "HQ": 16, "D": 128, "S": 1, "block_size": 16, "is_causal": true}, "candidate": "baseline", "phase": "compile_correctness"}
2026-09-07 08:10:59  [TileLang:tilelang.jit.kernel:INFO] (kernel.py:129): TileLang begins to compile kernel `kernel` with `out_idx=None`
2026-09-07 08:11:02  [TileLang:tilelang.jit.kernel:INFO] (kernel.py:137): TileLang completes to compile kernel `kernel`
{"case": {"B": 8, "SEQ_LEN": 512, "H": 1, "HQ": 16, "D": 128, "S": 1, "block_size": 16, "is_causal": true}, "candidate": "candidate", "phase": "compile_correctness"}
2026-09-07 08:11:03  [TileLang:tilelang.cache.kernel_cache:WARNING] (kernel_cache.py:342): Found kernel 'kernel' in memory cache. For better performance, consider using `@tilelang.jit` instead of direct kernel caching.
{"case": {"B": 8, "SEQ_LEN": 512, "H": 1, "HQ": 16, "D": 128, "S": 1, "block_size": 16, "is_causal": true}, "seed": 316, "status": "PASS", "call_event_ms": {"baseline": [0.05552639961242676, 0.05598719716072083, 0.05509120225906372, 0.05570560097694397], "candidate": [0.05555199980735779, 0.05504000186920166, 0.055961602926254274, 0.05506560206413269]}, "median_ms": {"baseline": 0.055616000294685365, "candidate": 0.055308800935745236}, "baseline_over_candidate": 1.0055542581604149}
{"case": {"B": 8, "SEQ_LEN": 1024, "H": 1, "HQ": 16, "D": 32, "S": 1, "block_size": 16, "is_causal": true}, "candidate": "baseline", "phase": "compile_correctness"}
2026-09-07 08:11:03  [TileLang:tilelang.jit.kernel:INFO] (kernel.py:129): TileLang begins to compile kernel `kernel` with `out_idx=None`
2026-09-07 08:11:06  [TileLang:tilelang.jit.kernel:INFO] (kernel.py:137): TileLang completes to compile kernel `kernel`
{"case": {"B": 8, "SEQ_LEN": 1024, "H": 1, "HQ": 16, "D": 32, "S": 1, "block_size": 16, "is_causal": true}, "candidate": "candidate", "phase": "compile_correctness"}
2026-09-07 08:11:06  [TileLang:tilelang.cache.kernel_cache:WARNING] (kernel_cache.py:342): Found kernel 'kernel' in memory cache. For better performance, consider using `@tilelang.jit` instead of direct kernel caching.
{"case": {"B": 8, "SEQ_LEN": 1024, "H": 1, "HQ": 16, "D": 32, "S": 1, "block_size": 16, "is_causal": true}, "seed": 316, "status": "PASS", "call_event_ms": {"baseline": [0.02470400035381317, 0.024447999894618988, 0.02447360008955002, 0.024371199309825897], "candidate": [0.024780799448490144, 0.02449920028448105, 0.02452480047941208, 0.02462719976902008]}, "median_ms": {"baseline": 0.024460799992084503, "candidate": 0.02457600012421608}, "baseline_over_candidate": 0.9953124946472448}
{"case": {"B": 8, "SEQ_LEN": 1024, "H": 1, "HQ": 16, "D": 64, "S": 1, "block_size": 16, "is_causal": true}, "candidate": "baseline", "phase": "compile_correctness"}
2026-09-07 08:11:06  [TileLang:tilelang.jit.kernel:INFO] (kernel.py:129): TileLang begins to compile kernel `kernel` with `out_idx=None`
2026-09-07 08:11:09  [TileLang:tilelang.jit.kernel:INFO] (kernel.py:137): TileLang completes to compile kernel `kernel`
{"case": {"B": 8, "SEQ_LEN": 1024, "H": 1, "HQ": 16, "D": 64, "S": 1, "block_size": 16, "is_causal": true}, "candidate": "candidate", "phase": "compile_correctness"}
2026-09-07 08:11:10  [TileLang:tilelang.cache.kernel_cache:WARNING] (kernel_cache.py:342): Found kernel 'kernel' in memory cache. For better performance, consider using `@tilelang.jit` instead of direct kernel caching.
{"case": {"B": 8, "SEQ_LEN": 1024, "H": 1, "HQ": 16, "D": 64, "S": 1, "block_size": 16, "is_causal": true}, "seed": 316, "status": "PASS", "call_event_ms": {"baseline": [0.0484607994556427, 0.048742398619651794, 0.0489984005689621, 0.04838399887084961], "candidate": [0.048844799399375916, 0.04835839867591858, 0.048563200235366824, 0.048511999845504764]}, "median_ms": {"baseline": 0.04860159903764725, "candidate": 0.048537600040435794}, "baseline_over_candidate": 1.0013185447397097}
{"case": {"B": 8, "SEQ_LEN": 1024, "H": 1, "HQ": 16, "D": 128, "S": 1, "block_size": 16, "is_causal": true}, "candidate": "baseline", "phase": "compile_correctness"}
2026-09-07 08:11:10  [TileLang:tilelang.jit.kernel:INFO] (kernel.py:129): TileLang begins to compile kernel `kernel` with `out_idx=None`
2026-09-07 08:11:14  [TileLang:tilelang.jit.kernel:INFO] (kernel.py:137): TileLang completes to compile kernel `kernel`
{"case": {"B": 8, "SEQ_LEN": 1024, "H": 1, "HQ": 16, "D": 128, "S": 1, "block_size": 16, "is_causal": true}, "candidate": "candidate", "phase": "compile_correctness"}
2026-09-07 08:11:14  [TileLang:tilelang.cache.kernel_cache:WARNING] (kernel_cache.py:342): Found kernel 'kernel' in memory cache. For better performance, consider using `@tilelang.jit` instead of direct kernel caching.
{"case": {"B": 8, "SEQ_LEN": 1024, "H": 1, "HQ": 16, "D": 128, "S": 1, "block_size": 16, "is_causal": true}, "seed": 316, "status": "PASS", "call_event_ms": {"baseline": [0.09658880233764648, 0.09710080027580262, 0.09735680222511292, 0.09625599980354309], "candidate": [0.09776639938354492, 0.09623039960861206, 0.09720320105552674, 0.09633280038833618]}, "median_ms": {"baseline": 0.09684480130672454, "candidate": 0.09676800072193145}, "baseline_over_candidate": 1.0007936568309785}
{"case": {"B": 1, "SEQ_LEN": 256, "H": 1, "HQ": 16, "D": 64, "S": 1, "block_size": 32, "is_causal": true}, "candidate": "baseline", "phase": "compile_correctness"}
2026-09-07 08:11:14  [TileLang:tilelang.jit.kernel:INFO] (kernel.py:129): TileLang begins to compile kernel `kernel` with `out_idx=None`
2026-09-07 08:11:18  [TileLang:tilelang.jit.kernel:INFO] (kernel.py:137): TileLang completes to compile kernel `kernel`
{"case": {"B": 1, "SEQ_LEN": 256, "H": 1, "HQ": 16, "D": 64, "S": 1, "block_size": 32, "is_causal": true}, "candidate": "candidate", "phase": "compile_correctness"}
2026-09-07 08:11:18  [TileLang:tilelang.cache.kernel_cache:WARNING] (kernel_cache.py:342): Found kernel 'kernel' in memory cache. For better performance, consider using `@tilelang.jit` instead of direct kernel caching.
{"case": {"B": 1, "SEQ_LEN": 256, "H": 1, "HQ": 16, "D": 64, "S": 1, "block_size": 32, "is_causal": true}, "seed": 316, "status": "PASS", "call_event_ms": {"baseline": [0.013977600634098053, 0.010675200074911118, 0.01080320030450821, 0.010649599879980088], "candidate": [0.011084800213575363, 0.010649599879980088, 0.010649599879980088, 0.010777600109577179]}, "median_ms": {"baseline": 0.010739200189709664, "candidate": 0.010713599994778633}, "baseline_over_candidate": 1.0023895044563458}
{"case": {"B": 1, "SEQ_LEN": 256, "H": 1, "HQ": 16, "D": 64, "S": 1, "block_size": 64, "is_causal": true}, "candidate": "baseline", "phase": "compile_correctness"}
2026-09-07 08:11:18  [TileLang:tilelang.jit.kernel:INFO] (kernel.py:129): TileLang begins to compile kernel `kernel` with `out_idx=None`
2026-09-07 08:11:22  [TileLang:tilelang.jit.kernel:INFO] (kernel.py:137): TileLang completes to compile kernel `kernel`
{"case": {"B": 1, "SEQ_LEN": 256, "H": 1, "HQ": 16, "D": 64, "S": 1, "block_size": 64, "is_causal": true}, "candidate": "candidate", "phase": "compile_correctness"}
2026-09-07 08:11:22  [TileLang:tilelang.cache.kernel_cache:WARNING] (kernel_cache.py:342): Found kernel 'kernel' in memory cache. For better performance, consider using `@tilelang.jit` instead of direct kernel caching.
{"case": {"B": 1, "SEQ_LEN": 256, "H": 1, "HQ": 16, "D": 64, "S": 1, "block_size": 64, "is_causal": true}, "seed": 316, "status": "PASS", "call_event_ms": {"baseline": [0.014003199338912965, 0.013798399269580841, 0.013798399269580841, 0.01377280056476593], "candidate": [0.013798399269580841, 0.01377280056476593, 0.013798399269580841, 0.013849599659442902]}, "median_ms": {"baseline": 0.013798399269580841, "candidate": 0.013798399269580841}, "baseline_over_candidate": 1.0}
{"case": {"B": 1, "SEQ_LEN": 512, "H": 1, "HQ": 16, "D": 64, "S": 1, "block_size": 32, "is_causal": true}, "candidate": "baseline", "phase": "compile_correctness"}
{"case": {"B": 1, "SEQ_LEN": 512, "H": 1, "HQ": 16, "D": 64, "S": 1, "block_size": 32, "is_causal": true}, "candidate": "candidate", "phase": "compile_correctness"}
2026-09-07 08:11:23  [TileLang:tilelang.cache.kernel_cache:WARNING] (kernel_cache.py:342): Found kernel 'kernel' in memory cache. For better performance, consider using `@tilelang.jit` instead of direct kernel caching.
{"case": {"B": 1, "SEQ_LEN": 512, "H": 1, "HQ": 16, "D": 64, "S": 1, "block_size": 32, "is_causal": true}, "seed": 316, "status": "PASS", "call_event_ms": {"baseline": [0.011392000317573547, 0.01080320030450821, 0.010751999914646149, 0.010751999914646149], "candidate": [0.011033599823713302, 0.010828799754381179, 0.010623999685049058, 0.010675200074911118]}, "median_ms": {"baseline": 0.010777600109577179, "candidate": 0.010751999914646149}, "baseline_over_candidate": 1.0023809705295996}
{"case": {"B": 1, "SEQ_LEN": 512, "H": 1, "HQ": 16, "D": 64, "S": 1, "block_size": 64, "is_causal": true}, "candidate": "baseline", "phase": "compile_correctness"}
2026-09-07 08:11:23  [TileLang:tilelang.jit.kernel:INFO] (kernel.py:129): TileLang begins to compile kernel `kernel` with `out_idx=None`
2026-09-07 08:11:26  [TileLang:tilelang.jit.kernel:INFO] (kernel.py:137): TileLang completes to compile kernel `kernel`
{"case": {"B": 1, "SEQ_LEN": 512, "H": 1, "HQ": 16, "D": 64, "S": 1, "block_size": 64, "is_causal": true}, "candidate": "candidate", "phase": "compile_correctness"}
2026-09-07 08:11:27  [TileLang:tilelang.cache.kernel_cache:WARNING] (kernel_cache.py:342): Found kernel 'kernel' in memory cache. For better performance, consider using `@tilelang.jit` instead of direct kernel caching.
{"case": {"B": 1, "SEQ_LEN": 512, "H": 1, "HQ": 16, "D": 64, "S": 1, "block_size": 64, "is_causal": true}, "seed": 316, "status": "PASS", "call_event_ms": {"baseline": [0.01656319946050644, 0.016358399391174318, 0.016281600296497344, 0.0165120005607605], "candidate": [0.01640959978103638, 0.016256000101566314, 0.016383999586105348, 0.016307200491428375]}, "median_ms": {"baseline": 0.01643519997596741, "candidate": 0.01634560003876686}, "baseline_over_candidate": 1.0054815936391472}
{"case": {"B": 1, "SEQ_LEN": 512, "H": 1, "HQ": 16, "D": 128, "S": 1, "block_size": 32, "is_causal": true}, "candidate": "baseline", "phase": "compile_correctness"}
{"case": {"B": 1, "SEQ_LEN": 512, "H": 1, "HQ": 16, "D": 128, "S": 1, "block_size": 32, "is_causal": true}, "candidate": "candidate", "phase": "compile_correctness"}
2026-09-07 08:11:27  [TileLang:tilelang.cache.kernel_cache:WARNING] (kernel_cache.py:342): Found kernel 'kernel' in memory cache. For better performance, consider using `@tilelang.jit` instead of direct kernel caching.
{"case": {"B": 1, "SEQ_LEN": 512, "H": 1, "HQ": 16, "D": 128, "S": 1, "block_size": 32, "is_causal": true}, "seed": 316, "status": "PASS", "call_event_ms": {"baseline": [0.01791999936103821, 0.017664000391960144, 0.017715199291706084, 0.017664000391960144], "candidate": [0.01797119975090027, 0.017766399681568144, 0.017791999876499175, 0.017766399681568144]}, "median_ms": {"baseline": 0.017689599841833114, "candidate": 0.01777919977903366}, "baseline_over_candidate": 0.9949604066372995}
{"case": {"B": 2, "SEQ_LEN": 256, "H": 1, "HQ": 16, "D": 64, "S": 1, "block_size": 64, "is_causal": true}, "candidate": "baseline", "phase": "compile_correctness"}
2026-09-07 08:11:27  [TileLang:tilelang.jit.kernel:INFO] (kernel.py:129): TileLang begins to compile kernel `kernel` with `out_idx=None`
2026-09-07 08:11:30  [TileLang:tilelang.jit.kernel:INFO] (kernel.py:137): TileLang completes to compile kernel `kernel`
{"case": {"B": 2, "SEQ_LEN": 256, "H": 1, "HQ": 16, "D": 64, "S": 1, "block_size": 64, "is_causal": true}, "candidate": "candidate", "phase": "compile_correctness"}
2026-09-07 08:11:31  [TileLang:tilelang.cache.kernel_cache:WARNING] (kernel_cache.py:342): Found kernel 'kernel' in memory cache. For better performance, consider using `@tilelang.jit` instead of direct kernel caching.
{"case": {"B": 2, "SEQ_LEN": 256, "H": 1, "HQ": 16, "D": 64, "S": 1, "block_size": 64, "is_causal": true}, "seed": 316, "status": "PASS", "call_event_ms": {"baseline": [0.016256000101566314, 0.016281600296497344, 0.01643519997596741, 0.016281600296497344], "candidate": [0.01669120043516159, 0.01646080017089844, 0.016230399906635284, 0.016358399391174318]}, "median_ms": {"baseline": 0.016281600296497344, "candidate": 0.01640959978103638}, "baseline_over_candidate": 0.9921997192955946}
{"case": {"B": 4, "SEQ_LEN": 128, "H": 1, "HQ": 16, "D": 64, "S": 1, "block_size": 32, "is_causal": true}, "candidate": "baseline", "phase": "compile_correctness"}
2026-09-07 08:11:31  [TileLang:tilelang.jit.kernel:INFO] (kernel.py:129): TileLang begins to compile kernel `kernel` with `out_idx=None`
2026-09-07 08:11:34  [TileLang:tilelang.jit.kernel:INFO] (kernel.py:137): TileLang completes to compile kernel `kernel`
{"case": {"B": 4, "SEQ_LEN": 128, "H": 1, "HQ": 16, "D": 64, "S": 1, "block_size": 32, "is_causal": true}, "candidate": "candidate", "phase": "compile_correctness"}
2026-09-07 08:11:35  [TileLang:tilelang.cache.kernel_cache:WARNING] (kernel_cache.py:342): Found kernel 'kernel' in memory cache. For better performance, consider using `@tilelang.jit` instead of direct kernel caching.
{"case": {"B": 4, "SEQ_LEN": 128, "H": 1, "HQ": 16, "D": 64, "S": 1, "block_size": 32, "is_causal": true}, "seed": 316, "status": "PASS", "call_event_ms": {"baseline": [0.011878400295972823, 0.010982400178909302, 0.011033599823713302, 0.01090560033917427], "candidate": [0.011033599823713302, 0.011033599823713302, 0.011980800330638886, 0.01088000014424324]}, "median_ms": {"baseline": 0.011008000001311302, "candidate": 0.011033599823713302}, "baseline_over_candidate": 0.9976798304441873}
{"case": {"B": 4, "SEQ_LEN": 128, "H": 1, "HQ": 16, "D": 64, "S": 1, "block_size": 64, "is_causal": true}, "candidate": "baseline", "phase": "compile_correctness"}
2026-09-07 08:11:35  [TileLang:tilelang.jit.kernel:INFO] (kernel.py:129): TileLang begins to compile kernel `kernel` with `out_idx=None`
2026-09-07 08:11:38  [TileLang:tilelang.jit.kernel:INFO] (kernel.py:137): TileLang completes to compile kernel `kernel`
{"case": {"B": 4, "SEQ_LEN": 128, "H": 1, "HQ": 16, "D": 64, "S": 1, "block_size": 64, "is_causal": true}, "candidate": "candidate", "phase": "compile_correctness"}
2026-09-07 08:11:39  [TileLang:tilelang.cache.kernel_cache:WARNING] (kernel_cache.py:342): Found kernel 'kernel' in memory cache. For better performance, consider using `@tilelang.jit` instead of direct kernel caching.
{"case": {"B": 4, "SEQ_LEN": 128, "H": 1, "HQ": 16, "D": 64, "S": 1, "block_size": 64, "is_causal": true}, "seed": 316, "status": "PASS", "call_event_ms": {"baseline": [0.01671680063009262, 0.016332800686359405, 0.01643519997596741, 0.016204799711704253], "candidate": [0.01643519997596741, 0.016383999586105348, 0.016358399391174318, 0.016332800686359405]}, "median_ms": {"baseline": 0.016384000331163405, "candidate": 0.016371199488639833}, "baseline_over_candidate": 1.0007819123169597}
{"case": {"B": 2, "SEQ_LEN": 512, "H": 1, "HQ": 16, "D": 128, "S": 1, "block_size": 32, "is_causal": true}, "candidate": "baseline", "phase": "compile_correctness"}
{"case": {"B": 2, "SEQ_LEN": 512, "H": 1, "HQ": 16, "D": 128, "S": 1, "block_size": 32, "is_causal": true}, "candidate": "candidate", "phase": "compile_correctness"}
2026-09-07 08:11:39  [TileLang:tilelang.cache.kernel_cache:WARNING] (kernel_cache.py:342): Found kernel 'kernel' in memory cache. For better performance, consider using `@tilelang.jit` instead of direct kernel caching.
{"case": {"B": 2, "SEQ_LEN": 512, "H": 1, "HQ": 16, "D": 128, "S": 1, "block_size": 32, "is_causal": true}, "seed": 316, "status": "PASS", "call_event_ms": {"baseline": [0.02457599937915802, 0.02449920028448105, 0.024191999435424806, 0.024371199309825897], "candidate": [0.024447999894618988, 0.024294400215148927, 0.024191999435424806, 0.024320000410079957]}, "median_ms": {"baseline": 0.024435199797153473, "candidate": 0.024307200312614442}, "baseline_over_candidate": 1.0052659081627184}
{"case": {"B": 4, "SEQ_LEN": 1024, "H": 1, "HQ": 16, "D": 128, "S": 1, "block_size": 32, "is_causal": true}, "candidate": "baseline", "phase": "compile_correctness"}
{"case": {"B": 4, "SEQ_LEN": 1024, "H": 1, "HQ": 16, "D": 128, "S": 1, "block_size": 32, "is_causal": true}, "candidate": "candidate", "phase": "compile_correctness"}
{"case": {"B": 4, "SEQ_LEN": 1024, "H": 1, "HQ": 16, "D": 128, "S": 1, "block_size": 32, "is_causal": true}, "seed": 316, "status": "PASS", "call_event_ms": {"baseline": [0.0796671986579895, 0.07877119779586791, 0.07879679799079894, 0.07879679799079894], "candidate": [0.06963199973106385, 0.06937599778175355, 0.06947839856147767, 0.06973440051078797]}, "median_ms": {"baseline": 0.07879679799079894, "candidate": 0.06955519914627076}, "baseline_over_candidate": 1.132867117885661}
{"case": {"B": 8, "SEQ_LEN": 512, "H": 1, "HQ": 16, "D": 128, "S": 1, "block_size": 32, "is_causal": true}, "candidate": "baseline", "phase": "compile_correctness"}
{"case": {"B": 8, "SEQ_LEN": 512, "H": 1, "HQ": 16, "D": 128, "S": 1, "block_size": 32, "is_causal": true}, "candidate": "candidate", "phase": "compile_correctness"}
{"case": {"B": 8, "SEQ_LEN": 512, "H": 1, "HQ": 16, "D": 128, "S": 1, "block_size": 32, "is_causal": true}, "seed": 316, "status": "PASS", "call_event_ms": {"baseline": [0.0807424008846283, 0.07992320060729981, 0.07987200021743775, 0.08030719757080078], "candidate": [0.06973440051078797, 0.069760000705719, 0.06958079934120179, 0.07039999961853027]}, "median_ms": {"baseline": 0.08011519908905029, "candidate": 0.06974720060825348}, "baseline_over_candidate": 1.1486511055695319}
{"case": {"B": 1, "SEQ_LEN": 256, "H": 2, "HQ": 32, "D": 64, "S": 1, "block_size": 16, "is_causal": true}, "candidate": "baseline", "phase": "compile_correctness"}
2026-09-07 08:11:40  [TileLang:tilelang.jit.kernel:INFO] (kernel.py:129): TileLang begins to compile kernel `kernel` with `out_idx=None`
2026-09-07 08:11:43  [TileLang:tilelang.jit.kernel:INFO] (kernel.py:137): TileLang completes to compile kernel `kernel`
{"case": {"B": 1, "SEQ_LEN": 256, "H": 2, "HQ": 32, "D": 64, "S": 1, "block_size": 16, "is_causal": true}, "candidate": "candidate", "phase": "compile_correctness"}
2026-09-07 08:11:44  [TileLang:tilelang.cache.kernel_cache:WARNING] (kernel_cache.py:342): Found kernel 'kernel' in memory cache. For better performance, consider using `@tilelang.jit` instead of direct kernel caching.
{"case": {"B": 1, "SEQ_LEN": 256, "H": 2, "HQ": 32, "D": 64, "S": 1, "block_size": 16, "is_causal": true}, "seed": 316, "status": "PASS", "call_event_ms": {"baseline": [0.011699199676513672, 0.010572800040245056, 0.011852800101041793, 0.010751999914646149], "candidate": [0.011033599823713302, 0.01080320030450821, 0.010751999914646149, 0.010726399719715118]}, "median_ms": {"baseline": 0.01122559979557991, "candidate": 0.010777600109577179}, "baseline_over_candidate": 1.0415676664051239}
{"case": {"B": 2, "SEQ_LEN": 512, "H": 2, "HQ": 32, "D": 64, "S": 1, "block_size": 16, "is_causal": true}, "candidate": "baseline", "phase": "compile_correctness"}
2026-09-07 08:11:44  [TileLang:tilelang.jit.kernel:INFO] (kernel.py:129): TileLang begins to compile kernel `kernel` with `out_idx=None`
2026-09-07 08:11:47  [TileLang:tilelang.jit.kernel:INFO] (kernel.py:137): TileLang completes to compile kernel `kernel`
{"case": {"B": 2, "SEQ_LEN": 512, "H": 2, "HQ": 32, "D": 64, "S": 1, "block_size": 16, "is_causal": true}, "candidate": "candidate", "phase": "compile_correctness"}
2026-09-07 08:11:48  [TileLang:tilelang.cache.kernel_cache:WARNING] (kernel_cache.py:342): Found kernel 'kernel' in memory cache. For better performance, consider using `@tilelang.jit` instead of direct kernel caching.
{"case": {"B": 2, "SEQ_LEN": 512, "H": 2, "HQ": 32, "D": 64, "S": 1, "block_size": 16, "is_causal": true}, "seed": 316, "status": "PASS", "call_event_ms": {"baseline": [0.018611200153827667, 0.018278400599956512, 0.01791999936103821, 0.01815039962530136], "candidate": [0.018611200153827667, 0.018688000738620758, 0.01815039962530136, 0.01886720061302185]}, "median_ms": {"baseline": 0.018214400112628936, "candidate": 0.018649600446224213}, "baseline_over_candidate": 0.9766643615314886}
{"case": {"B": 1, "SEQ_LEN": 512, "H": 2, "HQ": 32, "D": 128, "S": 1, "block_size": 16, "is_causal": true}, "candidate": "baseline", "phase": "compile_correctness"}
2026-09-07 08:11:48  [TileLang:tilelang.jit.kernel:INFO] (kernel.py:129): TileLang begins to compile kernel `kernel` with `out_idx=None`
2026-09-07 08:11:51  [TileLang:tilelang.jit.kernel:INFO] (kernel.py:137): TileLang completes to compile kernel `kernel`
{"case": {"B": 1, "SEQ_LEN": 512, "H": 2, "HQ": 32, "D": 128, "S": 1, "block_size": 16, "is_causal": true}, "candidate": "candidate", "phase": "compile_correctness"}
2026-09-07 08:11:52  [TileLang:tilelang.cache.kernel_cache:WARNING] (kernel_cache.py:342): Found kernel 'kernel' in memory cache. For better performance, consider using `@tilelang.jit` instead of direct kernel caching.
{"case": {"B": 1, "SEQ_LEN": 512, "H": 2, "HQ": 32, "D": 128, "S": 1, "block_size": 16, "is_causal": true}, "seed": 316, "status": "PASS", "call_event_ms": {"baseline": [0.018688000738620758, 0.018892799317836762, 0.018636800348758698, 0.018662400543689728], "candidate": [0.018688000738620758, 0.018534399569034576, 0.018688000738620758, 0.018508799374103546]}, "median_ms": {"baseline": 0.018675200641155243, "candidate": 0.018611200153827667}, "baseline_over_candidate": 1.003438815702297}
{"case": {"B": 1, "SEQ_LEN": 256, "H": 1, "HQ": 16, "D": 64, "S": 2, "block_size": 16, "is_causal": true}, "candidate": "baseline", "phase": "compile_correctness"}
{"case": {"B": 1, "SEQ_LEN": 256, "H": 1, "HQ": 16, "D": 64, "S": 2, "block_size": 16, "is_causal": true}, "candidate": "candidate", "phase": "compile_correctness"}
2026-09-07 08:11:52  [TileLang:tilelang.cache.kernel_cache:WARNING] (kernel_cache.py:342): Found kernel 'kernel' in memory cache. For better performance, consider using `@tilelang.jit` instead of direct kernel caching.
{"case": {"B": 1, "SEQ_LEN": 256, "H": 1, "HQ": 16, "D": 64, "S": 2, "block_size": 16, "is_causal": true}, "seed": 316, "status": "PASS", "call_event_ms": {"baseline": [0.011315199732780456, 0.010547199845314026, 0.010649599879980088, 0.010470400005578995], "candidate": [0.010828799754381179, 0.010572800040245056, 0.010496000200510025, 0.010496000200510025]}, "median_ms": {"baseline": 0.010598399862647056, "candidate": 0.01053440012037754}, "baseline_over_candidate": 1.0060753096083483}
{"case": {"B": 2, "SEQ_LEN": 512, "H": 1, "HQ": 16, "D": 64, "S": 2, "block_size": 16, "is_causal": true}, "candidate": "baseline", "phase": "compile_correctness"}
{"case": {"B": 2, "SEQ_LEN": 512, "H": 1, "HQ": 16, "D": 64, "S": 2, "block_size": 16, "is_causal": true}, "candidate": "candidate", "phase": "compile_correctness"}
2026-09-07 08:11:52  [TileLang:tilelang.cache.kernel_cache:WARNING] (kernel_cache.py:342): Found kernel 'kernel' in memory cache. For better performance, consider using `@tilelang.jit` instead of direct kernel caching.
{"case": {"B": 2, "SEQ_LEN": 512, "H": 1, "HQ": 16, "D": 64, "S": 2, "block_size": 16, "is_causal": true}, "seed": 316, "status": "PASS", "call_event_ms": {"baseline": [0.019276799261569978, 0.019276799261569978, 0.019251200556755065, 0.019251200556755065], "candidate": [0.01930239945650101, 0.019251200556755065, 0.019123199582099914, 0.01930239945650101]}, "median_ms": {"baseline": 0.01926399990916252, "candidate": 0.019276800006628035}, "baseline_over_candidate": 0.9993359843199539}
{"case": {"B": 4, "SEQ_LEN": 1024, "H": 1, "HQ": 16, "D": 64, "S": 2, "block_size": 16, "is_causal": true}, "candidate": "baseline", "phase": "compile_correctness"}
{"case": {"B": 4, "SEQ_LEN": 1024, "H": 1, "HQ": 16, "D": 64, "S": 2, "block_size": 16, "is_causal": true}, "candidate": "candidate", "phase": "compile_correctness"}
2026-09-07 08:11:52  [TileLang:tilelang.cache.kernel_cache:WARNING] (kernel_cache.py:342): Found kernel 'kernel' in memory cache. For better performance, consider using `@tilelang.jit` instead of direct kernel caching.
{"case": {"B": 4, "SEQ_LEN": 1024, "H": 1, "HQ": 16, "D": 64, "S": 2, "block_size": 16, "is_causal": true}, "seed": 316, "status": "PASS", "call_event_ms": {"baseline": [0.050457602739334105, 0.05012480020523071, 0.05004799962043762, 0.05027840137481689], "candidate": [0.05017600059509277, 0.04997119903564453, 0.05012480020523071, 0.05022720098495483]}, "median_ms": {"baseline": 0.0502016007900238, "candidate": 0.05015040040016174}, "baseline_over_candidate": 1.0010209368111425}
{"case": {"B": 1, "SEQ_LEN": 256, "H": 1, "HQ": 16, "D": 64, "S": 4, "block_size": 16, "is_causal": true}, "candidate": "baseline", "phase": "compile_correctness"}
{"case": {"B": 1, "SEQ_LEN": 256, "H": 1, "HQ": 16, "D": 64, "S": 4, "block_size": 16, "is_causal": true}, "candidate": "candidate", "phase": "compile_correctness"}
2026-09-07 08:11:53  [TileLang:tilelang.cache.kernel_cache:WARNING] (kernel_cache.py:342): Found kernel 'kernel' in memory cache. For better performance, consider using `@tilelang.jit` instead of direct kernel caching.
{"case": {"B": 1, "SEQ_LEN": 256, "H": 1, "HQ": 16, "D": 64, "S": 4, "block_size": 16, "is_causal": true}, "seed": 316, "status": "PASS", "call_event_ms": {"baseline": [0.015590399503707886, 0.015513600409030914, 0.015564799308776855, 0.015411199629306793], "candidate": [0.015615999698638916, 0.015513600409030914, 0.015513600409030914, 0.015539200603961944]}, "median_ms": {"baseline": 0.015539199858903886, "candidate": 0.015526400506496429}, "baseline_over_candidate": 1.0008243605723104}
{"case": {"B": 2, "SEQ_LEN": 512, "H": 1, "HQ": 16, "D": 64, "S": 4, "block_size": 16, "is_causal": true}, "candidate": "baseline", "phase": "compile_correctness"}
{"case": {"B": 2, "SEQ_LEN": 512, "H": 1, "HQ": 16, "D": 64, "S": 4, "block_size": 16, "is_causal": true}, "candidate": "candidate", "phase": "compile_correctness"}
2026-09-07 08:11:53  [TileLang:tilelang.cache.kernel_cache:WARNING] (kernel_cache.py:342): Found kernel 'kernel' in memory cache. For better performance, consider using `@tilelang.jit` instead of direct kernel caching.
{"case": {"B": 2, "SEQ_LEN": 512, "H": 1, "HQ": 16, "D": 64, "S": 4, "block_size": 16, "is_causal": true}, "seed": 316, "status": "PASS", "call_event_ms": {"baseline": [0.02892799973487854, 0.028774398565292358, 0.028748801350593566, 0.028620800375938414], "candidate": [0.02892799973487854, 0.02887679934501648, 0.028799998760223388, 0.028774398565292358]}, "median_ms": {"baseline": 0.02876159995794296, "candidate": 0.028838399052619933}, "baseline_over_candidate": 0.9973369154599449}
{"case": {"B": 4, "SEQ_LEN": 1024, "H": 1, "HQ": 16, "D": 64, "S": 4, "block_size": 16, "is_causal": true}, "candidate": "baseline", "phase": "compile_correctness"}
{"case": {"B": 4, "SEQ_LEN": 1024, "H": 1, "HQ": 16, "D": 64, "S": 4, "block_size": 16, "is_causal": true}, "candidate": "candidate", "phase": "compile_correctness"}
2026-09-07 08:11:53  [TileLang:tilelang.cache.kernel_cache:WARNING] (kernel_cache.py:342): Found kernel 'kernel' in memory cache. For better performance, consider using `@tilelang.jit` instead of direct kernel caching.
{"case": {"B": 4, "SEQ_LEN": 1024, "H": 1, "HQ": 16, "D": 64, "S": 4, "block_size": 16, "is_causal": true}, "seed": 316, "status": "PASS", "call_event_ms": {"baseline": [0.07831040024757385, 0.07795199751853943, 0.07805439829826355, 0.07807999849319458], "candidate": [0.07825919985771179, 0.07802879810333252, 0.07797759771347046, 0.07797759771347046]}, "median_ms": {"baseline": 0.07806719839572906, "candidate": 0.07800319790840149}, "baseline_over_candidate": 1.0008204854293632}
{"case": {"B": 1, "SEQ_LEN": 256, "H": 1, "HQ": 16, "D": 64, "S": 8, "block_size": 16, "is_causal": true}, "candidate": "baseline", "phase": "compile_correctness"}
{"case": {"B": 1, "SEQ_LEN": 256, "H": 1, "HQ": 16, "D": 64, "S": 8, "block_size": 16, "is_causal": true}, "candidate": "candidate", "phase": "compile_correctness"}
2026-09-07 08:11:53  [TileLang:tilelang.cache.kernel_cache:WARNING] (kernel_cache.py:342): Found kernel 'kernel' in memory cache. For better performance, consider using `@tilelang.jit` instead of direct kernel caching.
{"case": {"B": 1, "SEQ_LEN": 256, "H": 1, "HQ": 16, "D": 64, "S": 8, "block_size": 16, "is_causal": true}, "seed": 316, "status": "PASS", "call_event_ms": {"baseline": [0.02460159957408905, 0.024447999894618988, 0.024371199309825897, 0.024422399699687958], "candidate": [0.02449920028448105, 0.024320000410079957, 0.024447999894618988, 0.024422399699687958]}, "median_ms": {"baseline": 0.024435199797153473, "candidate": 0.024435199797153473}, "baseline_over_candidate": 1.0}
{"case": {"B": 2, "SEQ_LEN": 512, "H": 1, "HQ": 16, "D": 64, "S": 8, "block_size": 16, "is_causal": true}, "candidate": "baseline", "phase": "compile_correctness"}
{"case": {"B": 2, "SEQ_LEN": 512, "H": 1, "HQ": 16, "D": 64, "S": 8, "block_size": 16, "is_causal": true}, "candidate": "candidate", "phase": "compile_correctness"}
2026-09-07 08:11:53  [TileLang:tilelang.cache.kernel_cache:WARNING] (kernel_cache.py:342): Found kernel 'kernel' in memory cache. For better performance, consider using `@tilelang.jit` instead of direct kernel caching.
{"case": {"B": 2, "SEQ_LEN": 512, "H": 1, "HQ": 16, "D": 64, "S": 8, "block_size": 16, "is_causal": true}, "seed": 316, "status": "PASS", "call_event_ms": {"baseline": [0.040908798575401306, 0.04085760116577149, 0.040780800580978396, 0.040729600191116336], "candidate": [0.04108799993991852, 0.04106239974498749, 0.04085760116577149, 0.040934398770332336]}, "median_ms": {"baseline": 0.04081920087337494, "candidate": 0.04099839925765991}, "baseline_over_candidate": 0.9956291370509669}
{"case": {"B": 4, "SEQ_LEN": 1024, "H": 1, "HQ": 16, "D": 64, "S": 8, "block_size": 16, "is_causal": true}, "candidate": "baseline", "phase": "compile_correctness"}
{"case": {"B": 4, "SEQ_LEN": 1024, "H": 1, "HQ": 16, "D": 64, "S": 8, "block_size": 16, "is_causal": true}, "candidate": "candidate", "phase": "compile_correctness"}
2026-09-07 08:11:54  [TileLang:tilelang.cache.kernel_cache:WARNING] (kernel_cache.py:342): Found kernel 'kernel' in memory cache. For better performance, consider using `@tilelang.jit` instead of direct kernel caching.
{"case": {"B": 4, "SEQ_LEN": 1024, "H": 1, "HQ": 16, "D": 64, "S": 8, "block_size": 16, "is_causal": true}, "seed": 316, "status": "PASS", "call_event_ms": {"baseline": [0.12367360591888428, 0.12272640466690063, 0.12288000583648681, 0.12290560007095337], "candidate": [0.12282880544662475, 0.12267520427703857, 0.12275199890136719, 0.12272640466690063]}, "median_ms": {"baseline": 0.1228928029537201, "candidate": 0.12273920178413392}, "baseline_over_candidate": 1.0012514434455613}
{"case": {"B": 1, "SEQ_LEN": 1024, "H": 1, "HQ": 16, "D": 128, "S": 1, "block_size": 32, "is_causal": true}, "candidate": "baseline", "phase": "compile_correctness"}
{"case": {"B": 1, "SEQ_LEN": 1024, "H": 1, "HQ": 16, "D": 128, "S": 1, "block_size": 32, "is_causal": true}, "candidate": "candidate", "phase": "compile_correctness"}
2026-09-07 08:11:54  [TileLang:tilelang.cache.kernel_cache:WARNING] (kernel_cache.py:342): Found kernel 'kernel' in memory cache. For better performance, consider using `@tilelang.jit` instead of direct kernel caching.
{"case": {"B": 1, "SEQ_LEN": 1024, "H": 1, "HQ": 16, "D": 128, "S": 1, "block_size": 32, "is_causal": true}, "seed": 316, "status": "PASS", "call_event_ms": {"baseline": [0.02391040027141571, 0.02385919988155365, 0.023628799617290495, 0.023552000522613525], "candidate": [0.024089600145816802, 0.023705600202083586, 0.023756800591945647, 0.023731200397014617]}, "median_ms": {"baseline": 0.023743999749422075, "candidate": 0.02374400049448013}, "baseline_over_candidate": 0.9999999686212079}
{"case": {"B": 2, "SEQ_LEN": 1024, "H": 1, "HQ": 16, "D": 128, "S": 1, "block_size": 32, "is_causal": true}, "candidate": "baseline", "phase": "compile_correctness"}
{"case": {"B": 2, "SEQ_LEN": 1024, "H": 1, "HQ": 16, "D": 128, "S": 1, "block_size": 32, "is_causal": true}, "candidate": "candidate", "phase": "compile_correctness"}
{"case": {"B": 2, "SEQ_LEN": 1024, "H": 1, "HQ": 16, "D": 128, "S": 1, "block_size": 32, "is_causal": true}, "seed": 316, "status": "PASS", "call_event_ms": {"baseline": [0.046079999208450316, 0.04564479887485504, 0.045440000295639035, 0.045465600490570066], "candidate": [0.040166398882865904, 0.04044800102710724, 0.03991039991378784, 0.05258240103721619]}, "median_ms": {"baseline": 0.04555519968271256, "candidate": 0.04030719995498657}, "baseline_over_candidate": 1.130200056902656}
{"case": {"B": 4, "SEQ_LEN": 512, "H": 1, "HQ": 16, "D": 128, "S": 1, "block_size": 32, "is_causal": true}, "candidate": "baseline", "phase": "compile_correctness"}
{"case": {"B": 4, "SEQ_LEN": 512, "H": 1, "HQ": 16, "D": 128, "S": 1, "block_size": 32, "is_causal": true}, "candidate": "candidate", "phase": "compile_correctness"}
{"case": {"B": 4, "SEQ_LEN": 512, "H": 1, "HQ": 16, "D": 128, "S": 1, "block_size": 32, "is_causal": true}, "seed": 316, "status": "PASS", "call_event_ms": {"baseline": [0.04508160054683685, 0.04423680007457733, 0.04426240026950836, 0.04431360065937042], "candidate": [0.04088320136070252, 0.040550398826599124, 0.040755200386047366, 0.040729600191116336]}, "median_ms": {"baseline": 0.04428800046443939, "candidate": 0.04074240028858185}, "baseline_over_candidate": 1.087024823052735}
{"case": {"B": 8, "SEQ_LEN": 256, "H": 1, "HQ": 16, "D": 128, "S": 1, "block_size": 32, "is_causal": true}, "candidate": "baseline", "phase": "compile_correctness"}
{"case": {"B": 8, "SEQ_LEN": 256, "H": 1, "HQ": 16, "D": 128, "S": 1, "block_size": 32, "is_causal": true}, "candidate": "candidate", "phase": "compile_correctness"}
{"case": {"B": 8, "SEQ_LEN": 256, "H": 1, "HQ": 16, "D": 128, "S": 1, "block_size": 32, "is_causal": true}, "seed": 316, "status": "PASS", "call_event_ms": {"baseline": [0.04480000138282776, 0.0444927990436554, 0.04451839923858643, 0.04446719884872437], "candidate": [0.040140798687934874, 0.03978239893913269, 0.039987200498580934, 0.039628800749778745]}, "median_ms": {"baseline": 0.04450559914112091, "candidate": 0.03988479971885681}, "baseline_over_candidate": 1.1158536448681093}
{"case": {"B": 1, "SEQ_LEN": 2048, "H": 1, "HQ": 16, "D": 32, "S": 1, "block_size": 16, "is_causal": true}, "candidate": "baseline", "phase": "compile_correctness"}
2026-09-07 08:11:55  [TileLang:tilelang.jit.kernel:INFO] (kernel.py:129): TileLang begins to compile kernel `kernel` with `out_idx=None`
2026-09-07 08:11:58  [TileLang:tilelang.jit.kernel:INFO] (kernel.py:137): TileLang completes to compile kernel `kernel`
{"case": {"B": 1, "SEQ_LEN": 2048, "H": 1, "HQ": 16, "D": 32, "S": 1, "block_size": 16, "is_causal": true}, "candidate": "candidate", "phase": "compile_correctness"}
2026-09-07 08:11:58  [TileLang:tilelang.cache.kernel_cache:WARNING] (kernel_cache.py:342): Found kernel 'kernel' in memory cache. For better performance, consider using `@tilelang.jit` instead of direct kernel caching.
{"case": {"B": 1, "SEQ_LEN": 2048, "H": 1, "HQ": 16, "D": 32, "S": 1, "block_size": 16, "is_causal": true}, "seed": 316, "status": "PASS", "call_event_ms": {"baseline": [0.011903999745845795, 0.010777600109577179, 0.011007999628782272, 0.010675200074911118], "candidate": [0.011007999628782272, 0.01088000014424324, 0.010726399719715118, 0.010828799754381179]}, "median_ms": {"baseline": 0.010892799869179726, "candidate": 0.01085439994931221}, "baseline_over_candidate": 1.0035377284830886}
{"case": {"B": 4, "SEQ_LEN": 2048, "H": 1, "HQ": 16, "D": 32, "S": 1, "block_size": 16, "is_causal": true}, "candidate": "baseline", "phase": "compile_correctness"}
2026-09-07 08:11:58  [TileLang:tilelang.jit.kernel:INFO] (kernel.py:129): TileLang begins to compile kernel `kernel` with `out_idx=None`
2026-09-07 08:12:01  [TileLang:tilelang.jit.kernel:INFO] (kernel.py:137): TileLang completes to compile kernel `kernel`
{"case": {"B": 4, "SEQ_LEN": 2048, "H": 1, "HQ": 16, "D": 32, "S": 1, "block_size": 16, "is_causal": true}, "candidate": "candidate", "phase": "compile_correctness"}
2026-09-07 08:12:02  [TileLang:tilelang.cache.kernel_cache:WARNING] (kernel_cache.py:342): Found kernel 'kernel' in memory cache. For better performance, consider using `@tilelang.jit` instead of direct kernel caching.
{"case": {"B": 4, "SEQ_LEN": 2048, "H": 1, "HQ": 16, "D": 32, "S": 1, "block_size": 16, "is_causal": true}, "seed": 316, "status": "PASS", "call_event_ms": {"baseline": [0.024447999894618988, 0.024268800020217897, 0.024166400730609893, 0.024345600605010988], "candidate": [0.02452480047941208, 0.024115200340747833, 0.024422399699687958, 0.024294400215148927]}, "median_ms": {"baseline": 0.024307200312614442, "candidate": 0.024358399957418442}, "baseline_over_candidate": 0.9978980702799238}
{"case": {"B": 8, "SEQ_LEN": 2048, "H": 1, "HQ": 16, "D": 32, "S": 1, "block_size": 16, "is_causal": true}, "candidate": "baseline", "phase": "compile_correctness"}
2026-09-07 08:12:02  [TileLang:tilelang.jit.kernel:INFO] (kernel.py:129): TileLang begins to compile kernel `kernel` with `out_idx=None`
2026-09-07 08:12:05  [TileLang:tilelang.jit.kernel:INFO] (kernel.py:137): TileLang completes to compile kernel `kernel`
{"case": {"B": 8, "SEQ_LEN": 2048, "H": 1, "HQ": 16, "D": 32, "S": 1, "block_size": 16, "is_causal": true}, "candidate": "candidate", "phase": "compile_correctness"}
2026-09-07 08:12:06  [TileLang:tilelang.cache.kernel_cache:WARNING] (kernel_cache.py:342): Found kernel 'kernel' in memory cache. For better performance, consider using `@tilelang.jit` instead of direct kernel caching.
{"case": {"B": 8, "SEQ_LEN": 2048, "H": 1, "HQ": 16, "D": 32, "S": 1, "block_size": 16, "is_causal": true}, "seed": 316, "status": "PASS", "call_event_ms": {"baseline": [0.04103679955005646, 0.04116480052471161, 0.04101119935512543, 0.04083200097084046], "candidate": [0.04113920032978058, 0.04106239974498749, 0.04083200097084046, 0.04116480052471161]}, "median_ms": {"baseline": 0.04102399945259094, "candidate": 0.04110080003738403}, "baseline_over_candidate": 0.998131409006072}
{"case": {"B": 1, "SEQ_LEN": 48, "H": 1, "HQ": 16, "D": 32, "S": 1, "block_size": 16, "is_causal": true}, "candidate": "baseline", "phase": "compile_correctness"}
2026-09-07 08:12:06  [TileLang:tilelang.jit.kernel:INFO] (kernel.py:129): TileLang begins to compile kernel `kernel` with `out_idx=None`
2026-09-07 08:12:09  [TileLang:tilelang.jit.kernel:INFO] (kernel.py:137): TileLang completes to compile kernel `kernel`
{"case": {"B": 1, "SEQ_LEN": 48, "H": 1, "HQ": 16, "D": 32, "S": 1, "block_size": 16, "is_causal": true}, "candidate": "candidate", "phase": "compile_correctness"}
2026-09-07 08:12:09  [TileLang:tilelang.cache.kernel_cache:WARNING] (kernel_cache.py:342): Found kernel 'kernel' in memory cache. For better performance, consider using `@tilelang.jit` instead of direct kernel caching.
{"case": {"B": 1, "SEQ_LEN": 48, "H": 1, "HQ": 16, "D": 32, "S": 1, "block_size": 16, "is_causal": true}, "seed": 316, "status": "PASS", "call_event_ms": {"baseline": [0.011443199962377549, 0.010598400235176086, 0.011622399836778641, 0.010470400005578995], "candidate": [0.01088000014424324, 0.010700800269842149, 0.010521599650382995, 0.010496000200510025]}, "median_ms": {"baseline": 0.011020800098776817, "candidate": 0.010611199960112571}, "baseline_over_candidate": 1.0386007369763957}
{"case": {"B": 2, "SEQ_LEN": 48, "H": 1, "HQ": 16, "D": 32, "S": 1, "block_size": 16, "is_causal": true}, "candidate": "baseline", "phase": "compile_correctness"}
2026-09-07 08:12:09  [TileLang:tilelang.jit.kernel:INFO] (kernel.py:129): TileLang begins to compile kernel `kernel` with `out_idx=None`
2026-09-07 08:12:12  [TileLang:tilelang.jit.kernel:INFO] (kernel.py:137): TileLang completes to compile kernel `kernel`
{"case": {"B": 2, "SEQ_LEN": 48, "H": 1, "HQ": 16, "D": 32, "S": 1, "block_size": 16, "is_causal": true}, "candidate": "candidate", "phase": "compile_correctness"}
2026-09-07 08:12:13  [TileLang:tilelang.cache.kernel_cache:WARNING] (kernel_cache.py:342): Found kernel 'kernel' in memory cache. For better performance, consider using `@tilelang.jit` instead of direct kernel caching.
{"case": {"B": 2, "SEQ_LEN": 48, "H": 1, "HQ": 16, "D": 32, "S": 1, "block_size": 16, "is_causal": true}, "seed": 316, "status": "PASS", "call_event_ms": {"baseline": [0.012492799758911132, 0.010598400235176086, 0.010598400235176086, 0.010675200074911118], "candidate": [0.010931199789047242, 0.010675200074911118, 0.010777600109577179, 0.010547199845314026]}, "median_ms": {"baseline": 0.010636800155043601, "candidate": 0.010726400092244149}, "baseline_over_candidate": 0.9916467839694574}
{"case": {"B": 4, "SEQ_LEN": 48, "H": 1, "HQ": 16, "D": 32, "S": 1, "block_size": 16, "is_causal": true}, "candidate": "baseline", "phase": "compile_correctness"}
2026-09-07 08:12:13  [TileLang:tilelang.jit.kernel:INFO] (kernel.py:129): TileLang begins to compile kernel `kernel` with `out_idx=None`
2026-09-07 08:12:16  [TileLang:tilelang.jit.kernel:INFO] (kernel.py:137): TileLang completes to compile kernel `kernel`
{"case": {"B": 4, "SEQ_LEN": 48, "H": 1, "HQ": 16, "D": 32, "S": 1, "block_size": 16, "is_causal": true}, "candidate": "candidate", "phase": "compile_correctness"}
2026-09-07 08:12:16  [TileLang:tilelang.cache.kernel_cache:WARNING] (kernel_cache.py:342): Found kernel 'kernel' in memory cache. For better performance, consider using `@tilelang.jit` instead of direct kernel caching.
{"case": {"B": 4, "SEQ_LEN": 48, "H": 1, "HQ": 16, "D": 32, "S": 1, "block_size": 16, "is_causal": true}, "seed": 316, "status": "PASS", "call_event_ms": {"baseline": [0.011673600226640702, 0.010623999685049058, 0.010598400235176086, 0.010649599879980088], "candidate": [0.01157120019197464, 0.013158400356769562, 0.010547199845314026, 0.010623999685049058]}, "median_ms": {"baseline": 0.010636799782514573, "candidate": 0.011097599938511848}, "baseline_over_candidate": 0.9584774943636086}
{"case": {"B": 8, "SEQ_LEN": 48, "H": 1, "HQ": 16, "D": 32, "S": 1, "block_size": 16, "is_causal": true}, "candidate": "baseline", "phase": "compile_correctness"}
2026-09-07 08:12:17  [TileLang:tilelang.jit.kernel:INFO] (kernel.py:129): TileLang begins to compile kernel `kernel` with `out_idx=None`
2026-09-07 08:12:19  [TileLang:tilelang.jit.kernel:INFO] (kernel.py:137): TileLang completes to compile kernel `kernel`
{"case": {"B": 8, "SEQ_LEN": 48, "H": 1, "HQ": 16, "D": 32, "S": 1, "block_size": 16, "is_causal": true}, "candidate": "candidate", "phase": "compile_correctness"}
2026-09-07 08:12:20  [TileLang:tilelang.cache.kernel_cache:WARNING] (kernel_cache.py:342): Found kernel 'kernel' in memory cache. For better performance, consider using `@tilelang.jit` instead of direct kernel caching.
{"case": {"B": 8, "SEQ_LEN": 48, "H": 1, "HQ": 16, "D": 32, "S": 1, "block_size": 16, "is_causal": true}, "seed": 316, "status": "PASS", "call_event_ms": {"baseline": [0.011903999745845795, 0.010547199845314026, 0.010547199845314026, 0.010470400005578995], "candidate": [0.012083200365304947, 0.010572800040245056, 0.010598400235176086, 0.010598400235176086]}, "median_ms": {"baseline": 0.010547199845314026, "candidate": 0.010598400235176086}, "baseline_over_candidate": 0.9951690454478095}
{"case": {"B": 1, "SEQ_LEN": 96, "H": 1, "HQ": 16, "D": 32, "S": 1, "block_size": 16, "is_causal": true}, "candidate": "baseline", "phase": "compile_correctness"}
2026-09-07 08:12:20  [TileLang:tilelang.jit.kernel:INFO] (kernel.py:129): TileLang begins to compile kernel `kernel` with `out_idx=None`
2026-09-07 08:12:23  [TileLang:tilelang.jit.kernel:INFO] (kernel.py:137): TileLang completes to compile kernel `kernel`
{"case": {"B": 1, "SEQ_LEN": 96, "H": 1, "HQ": 16, "D": 32, "S": 1, "block_size": 16, "is_causal": true}, "candidate": "candidate", "phase": "compile_correctness"}
2026-09-07 08:12:24  [TileLang:tilelang.cache.kernel_cache:WARNING] (kernel_cache.py:342): Found kernel 'kernel' in memory cache. For better performance, consider using `@tilelang.jit` instead of direct kernel caching.
{"case": {"B": 1, "SEQ_LEN": 96, "H": 1, "HQ": 16, "D": 32, "S": 1, "block_size": 16, "is_causal": true}, "seed": 316, "status": "PASS", "call_event_ms": {"baseline": [0.011468800157308579, 0.010675200074911118, 0.010726399719715118, 0.010751999914646149], "candidate": [0.011161600053310395, 0.010777600109577179, 0.010777600109577179, 0.010572800040245056]}, "median_ms": {"baseline": 0.010739199817180634, "candidate": 0.010777600109577179}, "baseline_over_candidate": 0.9964370275380303}
{"case": {"B": 2, "SEQ_LEN": 96, "H": 1, "HQ": 16, "D": 32, "S": 1, "block_size": 16, "is_causal": true}, "candidate": "baseline", "phase": "compile_correctness"}
2026-09-07 08:12:24  [TileLang:tilelang.jit.kernel:INFO] (kernel.py:129): TileLang begins to compile kernel `kernel` with `out_idx=None`
2026-09-07 08:12:26  [TileLang:tilelang.jit.kernel:INFO] (kernel.py:137): TileLang completes to compile kernel `kernel`
{"case": {"B": 2, "SEQ_LEN": 96, "H": 1, "HQ": 16, "D": 32, "S": 1, "block_size": 16, "is_causal": true}, "candidate": "candidate", "phase": "compile_correctness"}
2026-09-07 08:12:27  [TileLang:tilelang.cache.kernel_cache:WARNING] (kernel_cache.py:342): Found kernel 'kernel' in memory cache. For better performance, consider using `@tilelang.jit` instead of direct kernel caching.
{"case": {"B": 2, "SEQ_LEN": 96, "H": 1, "HQ": 16, "D": 32, "S": 1, "block_size": 16, "is_causal": true}, "seed": 316, "status": "PASS", "call_event_ms": {"baseline": [0.011366400122642516, 0.010675200074911118, 0.010623999685049058, 0.010675200074911118], "candidate": [0.011955200135707856, 0.010956799983978272, 0.010726399719715118, 0.010496000200510025]}, "median_ms": {"baseline": 0.010675200074911118, "candidate": 0.010841599851846694}, "baseline_over_candidate": 0.9846517322895632}
{"case": {"B": 4, "SEQ_LEN": 96, "H": 1, "HQ": 16, "D": 32, "S": 1, "block_size": 16, "is_causal": true}, "candidate": "baseline", "phase": "compile_correctness"}
2026-09-07 08:12:27  [TileLang:tilelang.jit.kernel:INFO] (kernel.py:129): TileLang begins to compile kernel `kernel` with `out_idx=None`
2026-09-07 08:12:30  [TileLang:tilelang.jit.kernel:INFO] (kernel.py:137): TileLang completes to compile kernel `kernel`
{"case": {"B": 4, "SEQ_LEN": 96, "H": 1, "HQ": 16, "D": 32, "S": 1, "block_size": 16, "is_causal": true}, "candidate": "candidate", "phase": "compile_correctness"}
2026-09-07 08:12:31  [TileLang:tilelang.cache.kernel_cache:WARNING] (kernel_cache.py:342): Found kernel 'kernel' in memory cache. For better performance, consider using `@tilelang.jit` instead of direct kernel caching.
{"case": {"B": 4, "SEQ_LEN": 96, "H": 1, "HQ": 16, "D": 32, "S": 1, "block_size": 16, "is_causal": true}, "seed": 316, "status": "PASS", "call_event_ms": {"baseline": [0.013107199966907502, 0.010777600109577179, 0.01080320030450821, 0.010675200074911118], "candidate": [0.013823999464511872, 0.010931199789047242, 0.010700800269842149, 0.010700800269842149]}, "median_ms": {"baseline": 0.010790400207042694, "candidate": 0.010816000029444696}, "baseline_over_candidate": 0.9976331525210511}
{"case": {"B": 8, "SEQ_LEN": 96, "H": 1, "HQ": 16, "D": 32, "S": 1, "block_size": 16, "is_causal": true}, "candidate": "baseline", "phase": "compile_correctness"}
2026-09-07 08:12:31  [TileLang:tilelang.jit.kernel:INFO] (kernel.py:129): TileLang begins to compile kernel `kernel` with `out_idx=None`
2026-09-07 08:12:34  [TileLang:tilelang.jit.kernel:INFO] (kernel.py:137): TileLang completes to compile kernel `kernel`
{"case": {"B": 8, "SEQ_LEN": 96, "H": 1, "HQ": 16, "D": 32, "S": 1, "block_size": 16, "is_causal": true}, "candidate": "candidate", "phase": "compile_correctness"}
2026-09-07 08:12:34  [TileLang:tilelang.cache.kernel_cache:WARNING] (kernel_cache.py:342): Found kernel 'kernel' in memory cache. For better performance, consider using `@tilelang.jit` instead of direct kernel caching.
{"case": {"B": 8, "SEQ_LEN": 96, "H": 1, "HQ": 16, "D": 32, "S": 1, "block_size": 16, "is_causal": true}, "seed": 316, "status": "PASS", "call_event_ms": {"baseline": [0.011622399836778641, 0.010547199845314026, 0.010496000200510025, 0.010598400235176086], "candidate": [0.01090560033917427, 0.011955200135707856, 0.010649599879980088, 0.010547199845314026]}, "median_ms": {"baseline": 0.010572800040245056, "candidate": 0.010777600109577179}, "baseline_over_candidate": 0.9809976184633039}
{"case": {"B": 1, "SEQ_LEN": 4096, "H": 1, "HQ": 16, "D": 64, "S": 1, "block_size": 16, "is_causal": true}, "candidate": "baseline", "phase": "compile_correctness"}
2026-09-07 08:12:35  [TileLang:tilelang.jit.kernel:INFO] (kernel.py:129): TileLang begins to compile kernel `kernel` with `out_idx=None`
2026-09-07 08:12:38  [TileLang:tilelang.jit.kernel:INFO] (kernel.py:137): TileLang completes to compile kernel `kernel`
{"case": {"B": 1, "SEQ_LEN": 4096, "H": 1, "HQ": 16, "D": 64, "S": 1, "block_size": 16, "is_causal": true}, "candidate": "candidate", "phase": "compile_correctness"}
2026-09-07 08:12:38  [TileLang:tilelang.cache.kernel_cache:WARNING] (kernel_cache.py:342): Found kernel 'kernel' in memory cache. For better performance, consider using `@tilelang.jit` instead of direct kernel caching.
{"case": {"B": 1, "SEQ_LEN": 4096, "H": 1, "HQ": 16, "D": 64, "S": 1, "block_size": 16, "is_causal": true}, "seed": 316, "status": "PASS", "call_event_ms": {"baseline": [0.02895359992980957, 0.028748801350593566, 0.02905600070953369, 0.02903040051460266], "candidate": [0.029388800263404846, 0.02959359884262085, 0.029286399483680725, 0.029286399483680725]}, "median_ms": {"baseline": 0.028992000222206115, "candidate": 0.029337599873542786}, "baseline_over_candidate": 0.9882199071217023}
{"case": {"B": 1, "SEQ_LEN": 4096, "H": 1, "HQ": 16, "D": 128, "S": 1, "block_size": 16, "is_causal": true}, "candidate": "baseline", "phase": "compile_correctness"}
2026-09-07 08:12:39  [TileLang:tilelang.jit.kernel:INFO] (kernel.py:129): TileLang begins to compile kernel `kernel` with `out_idx=None`
2026-09-07 08:12:42  [TileLang:tilelang.jit.kernel:INFO] (kernel.py:137): TileLang completes to compile kernel `kernel`
{"case": {"B": 1, "SEQ_LEN": 4096, "H": 1, "HQ": 16, "D": 128, "S": 1, "block_size": 16, "is_causal": true}, "candidate": "candidate", "phase": "compile_correctness"}
2026-09-07 08:12:42  [TileLang:tilelang.cache.kernel_cache:WARNING] (kernel_cache.py:342): Found kernel 'kernel' in memory cache. For better performance, consider using `@tilelang.jit` instead of direct kernel caching.
{"case": {"B": 1, "SEQ_LEN": 4096, "H": 1, "HQ": 16, "D": 128, "S": 1, "block_size": 16, "is_causal": true}, "seed": 316, "status": "PASS", "call_event_ms": {"baseline": [0.05749760270118713, 0.05752320289611816, 0.05726720094680786, 0.05749760270118713], "candidate": [0.057574397325515746, 0.05711359977722168, 0.05783039927482605, 0.057036799192428586]}, "median_ms": {"baseline": 0.05749760270118713, "candidate": 0.05734399855136871}, "baseline_over_candidate": 1.00267864386333}
{"case": {"B": 2, "SEQ_LEN": 4096, "H": 1, "HQ": 16, "D": 64, "S": 1, "block_size": 16, "is_causal": true}, "candidate": "baseline", "phase": "compile_correctness"}
2026-09-07 08:12:43  [TileLang:tilelang.jit.kernel:INFO] (kernel.py:129): TileLang begins to compile kernel `kernel` with `out_idx=None`
2026-09-07 08:12:46  [TileLang:tilelang.jit.kernel:INFO] (kernel.py:137): TileLang completes to compile kernel `kernel`
{"case": {"B": 2, "SEQ_LEN": 4096, "H": 1, "HQ": 16, "D": 64, "S": 1, "block_size": 16, "is_causal": true}, "candidate": "candidate", "phase": "compile_correctness"}
2026-09-07 08:12:47  [TileLang:tilelang.cache.kernel_cache:WARNING] (kernel_cache.py:342): Found kernel 'kernel' in memory cache. For better performance, consider using `@tilelang.jit` instead of direct kernel caching.
{"case": {"B": 2, "SEQ_LEN": 4096, "H": 1, "HQ": 16, "D": 64, "S": 1, "block_size": 16, "is_causal": true}, "seed": 316, "status": "PASS", "call_event_ms": {"baseline": [0.0499455988407135, 0.05017600059509277, 0.04958719909191132, 0.04989440143108368], "candidate": [0.0492031991481781, 0.04989440143108368, 0.04910080134868622, 0.04951040148735046]}, "median_ms": {"baseline": 0.04992000013589859, "candidate": 0.04935680031776428}, "baseline_over_candidate": 1.011410784623565}
{"case": {"B": 4, "SEQ_LEN": 4096, "H": 1, "HQ": 16, "D": 64, "S": 1, "block_size": 16, "is_causal": true}, "candidate": "baseline", "phase": "compile_correctness"}
2026-09-07 08:12:47  [TileLang:tilelang.jit.kernel:INFO] (kernel.py:129): TileLang begins to compile kernel `kernel` with `out_idx=None`
2026-09-07 08:12:50  [TileLang:tilelang.jit.kernel:INFO] (kernel.py:137): TileLang completes to compile kernel `kernel`
{"case": {"B": 4, "SEQ_LEN": 4096, "H": 1, "HQ": 16, "D": 64, "S": 1, "block_size": 16, "is_causal": true}, "candidate": "candidate", "phase": "compile_correctness"}
2026-09-07 08:12:51  [TileLang:tilelang.cache.kernel_cache:WARNING] (kernel_cache.py:342): Found kernel 'kernel' in memory cache. For better performance, consider using `@tilelang.jit` instead of direct kernel caching.
{"case": {"B": 4, "SEQ_LEN": 4096, "H": 1, "HQ": 16, "D": 64, "S": 1, "block_size": 16, "is_causal": true}, "seed": 316, "status": "PASS", "call_event_ms": {"baseline": [0.08988159894943237, 0.0892416000366211, 0.08995839953422546, 0.08870400190353393], "candidate": [0.08857600092887878, 0.08885759711265565, 0.08839679956436157, 0.08829439878463745]}, "median_ms": {"baseline": 0.08956159949302674, "candidate": 0.08848640024662018}, "baseline_over_candidate": 1.0121510112673797}
{"case": {"B": 8, "SEQ_LEN": 4096, "H": 1, "HQ": 16, "D": 64, "S": 1, "block_size": 16, "is_causal": true}, "candidate": "baseline", "phase": "compile_correctness"}
2026-09-07 08:12:51  [TileLang:tilelang.jit.kernel:INFO] (kernel.py:129): TileLang begins to compile kernel `kernel` with `out_idx=None`
2026-09-07 08:12:54  [TileLang:tilelang.jit.kernel:INFO] (kernel.py:137): TileLang completes to compile kernel `kernel`
{"case": {"B": 8, "SEQ_LEN": 4096, "H": 1, "HQ": 16, "D": 64, "S": 1, "block_size": 16, "is_causal": true}, "candidate": "candidate", "phase": "compile_correctness"}
2026-09-07 08:12:55  [TileLang:tilelang.cache.kernel_cache:WARNING] (kernel_cache.py:342): Found kernel 'kernel' in memory cache. For better performance, consider using `@tilelang.jit` instead of direct kernel caching.
{"case": {"B": 8, "SEQ_LEN": 4096, "H": 1, "HQ": 16, "D": 64, "S": 1, "block_size": 16, "is_causal": true}, "seed": 316, "status": "PASS", "call_event_ms": {"baseline": [0.16870399713516235, 0.16783360242843628, 0.16832000017166138, 0.1691648006439209], "candidate": [0.1689344048500061, 0.16885759830474853, 0.16929279565811156, 0.16903680562973022]}, "median_ms": {"baseline": 0.16851199865341188, "candidate": 0.16898560523986816}, "baseline_over_candidate": 0.9971973554446604}
{"case": {"B": 1, "SEQ_LEN": 8192, "H": 1, "HQ": 16, "D": 64, "S": 1, "block_size": 16, "is_causal": true}, "candidate": "baseline", "phase": "compile_correctness"}
2026-09-07 08:12:55  [TileLang:tilelang.jit.kernel:INFO] (kernel.py:129): TileLang begins to compile kernel `kernel` with `out_idx=None`
2026-09-07 08:12:58  [TileLang:tilelang.jit.kernel:INFO] (kernel.py:137): TileLang completes to compile kernel `kernel`
{"case": {"B": 1, "SEQ_LEN": 8192, "H": 1, "HQ": 16, "D": 64, "S": 1, "block_size": 16, "is_causal": true}, "candidate": "candidate", "phase": "compile_correctness"}
2026-09-07 08:12:59  [TileLang:tilelang.cache.kernel_cache:WARNING] (kernel_cache.py:342): Found kernel 'kernel' in memory cache. For better performance, consider using `@tilelang.jit` instead of direct kernel caching.
{"case": {"B": 1, "SEQ_LEN": 8192, "H": 1, "HQ": 16, "D": 64, "S": 1, "block_size": 16, "is_causal": true}, "seed": 316, "status": "PASS", "call_event_ms": {"baseline": [0.04971520006656647, 0.04915199875831604, 0.04935680031776428, 0.0492031991481781], "candidate": [0.050457602739334105, 0.050380802154541014, 0.05025280117988586, 0.050329601764678954]}, "median_ms": {"baseline": 0.04927999973297119, "candidate": 0.050355201959609984}, "baseline_over_candidate": 0.9786476434450364}
{"case": {"B": 1, "SEQ_LEN": 8192, "H": 1, "HQ": 16, "D": 128, "S": 1, "block_size": 16, "is_causal": true}, "candidate": "baseline", "phase": "compile_correctness"}
2026-09-07 08:12:59  [TileLang:tilelang.jit.kernel:INFO] (kernel.py:129): TileLang begins to compile kernel `kernel` with `out_idx=None`
2026-09-07 08:13:02  [TileLang:tilelang.jit.kernel:INFO] (kernel.py:137): TileLang completes to compile kernel `kernel`
{"case": {"B": 1, "SEQ_LEN": 8192, "H": 1, "HQ": 16, "D": 128, "S": 1, "block_size": 16, "is_causal": true}, "candidate": "candidate", "phase": "compile_correctness"}
2026-09-07 08:13:03  [TileLang:tilelang.cache.kernel_cache:WARNING] (kernel_cache.py:342): Found kernel 'kernel' in memory cache. For better performance, consider using `@tilelang.jit` instead of direct kernel caching.
{"case": {"B": 1, "SEQ_LEN": 8192, "H": 1, "HQ": 16, "D": 128, "S": 1, "block_size": 16, "is_causal": true}, "seed": 316, "status": "PASS", "call_event_ms": {"baseline": [0.10234880447387695, 0.10265599489212036, 0.10201599597930908, 0.10247679948806762], "candidate": [0.10234880447387695, 0.10309120416641235, 0.10296319723129273, 0.10375679731369018]}, "median_ms": {"baseline": 0.10241280198097229, "candidate": 0.10302720069885254}, "baseline_over_candidate": 0.9940365387614856}
{"case": {"B": 2, "SEQ_LEN": 8192, "H": 1, "HQ": 16, "D": 64, "S": 1, "block_size": 16, "is_causal": true}, "candidate": "baseline", "phase": "compile_correctness"}
2026-09-07 08:13:03  [TileLang:tilelang.jit.kernel:INFO] (kernel.py:129): TileLang begins to compile kernel `kernel` with `out_idx=None`
2026-09-07 08:13:06  [TileLang:tilelang.jit.kernel:INFO] (kernel.py:137): TileLang completes to compile kernel `kernel`
{"case": {"B": 2, "SEQ_LEN": 8192, "H": 1, "HQ": 16, "D": 64, "S": 1, "block_size": 16, "is_causal": true}, "candidate": "candidate", "phase": "compile_correctness"}
2026-09-07 08:13:07  [TileLang:tilelang.cache.kernel_cache:WARNING] (kernel_cache.py:342): Found kernel 'kernel' in memory cache. For better performance, consider using `@tilelang.jit` instead of direct kernel caching.
{"case": {"B": 2, "SEQ_LEN": 8192, "H": 1, "HQ": 16, "D": 64, "S": 1, "block_size": 16, "is_causal": true}, "seed": 316, "status": "PASS", "call_event_ms": {"baseline": [0.08944640159606934, 0.09006080031394958, 0.0889855980873108, 0.08995839953422546], "candidate": [0.0899839997291565, 0.08972799777984619, 0.0894976019859314, 0.09026560187339783]}, "median_ms": {"baseline": 0.0897024005651474, "candidate": 0.08985599875450134}, "baseline_over_candidate": 0.9982906184174348}
{"case": {"B": 4, "SEQ_LEN": 8192, "H": 1, "HQ": 16, "D": 32, "S": 1, "block_size": 16, "is_causal": true}, "candidate": "baseline", "phase": "compile_correctness"}
2026-09-07 08:13:08  [TileLang:tilelang.jit.kernel:INFO] (kernel.py:129): TileLang begins to compile kernel `kernel` with `out_idx=None`
2026-09-07 08:13:11  [TileLang:tilelang.jit.kernel:INFO] (kernel.py:137): TileLang completes to compile kernel `kernel`
{"case": {"B": 4, "SEQ_LEN": 8192, "H": 1, "HQ": 16, "D": 32, "S": 1, "block_size": 16, "is_causal": true}, "candidate": "candidate", "phase": "compile_correctness"}
2026-09-07 08:13:11  [TileLang:tilelang.cache.kernel_cache:WARNING] (kernel_cache.py:342): Found kernel 'kernel' in memory cache. For better performance, consider using `@tilelang.jit` instead of direct kernel caching.
{"case": {"B": 4, "SEQ_LEN": 8192, "H": 1, "HQ": 16, "D": 32, "S": 1, "block_size": 16, "is_causal": true}, "seed": 316, "status": "PASS", "call_event_ms": {"baseline": [0.07464960217475891, 0.07429119944572449, 0.07436800003051758, 0.07439360022544861], "candidate": [0.07633919715881347, 0.07426559925079346, 0.07495679855346679, 0.07423999905586243]}, "median_ms": {"baseline": 0.0743808001279831, "candidate": 0.07461119890213012}, "baseline_over_candidate": 0.9969120081497517}
{"case": {"B": 1, "SEQ_LEN": 16384, "H": 1, "HQ": 16, "D": 32, "S": 1, "block_size": 16, "is_causal": true}, "candidate": "baseline", "phase": "compile_correctness"}
2026-09-07 08:13:12  [TileLang:tilelang.jit.kernel:INFO] (kernel.py:129): TileLang begins to compile kernel `kernel` with `out_idx=None`
2026-09-07 08:13:15  [TileLang:tilelang.jit.kernel:INFO] (kernel.py:137): TileLang completes to compile kernel `kernel`
{"case": {"B": 1, "SEQ_LEN": 16384, "H": 1, "HQ": 16, "D": 32, "S": 1, "block_size": 16, "is_causal": true}, "candidate": "candidate", "phase": "compile_correctness"}
2026-09-07 08:13:15  [TileLang:tilelang.cache.kernel_cache:WARNING] (kernel_cache.py:342): Found kernel 'kernel' in memory cache. For better performance, consider using `@tilelang.jit` instead of direct kernel caching.
{"case": {"B": 1, "SEQ_LEN": 16384, "H": 1, "HQ": 16, "D": 32, "S": 1, "block_size": 16, "is_causal": true}, "seed": 316, "status": "PASS", "call_event_ms": {"baseline": [0.04213759899139404, 0.04190720021724701, 0.04175359904766083, 0.04183039963245392], "candidate": [0.0421887993812561, 0.04200960099697113, 0.04185599982738495, 0.04183039963245392]}, "median_ms": {"baseline": 0.041868799924850465, "candidate": 0.04193280041217804}, "baseline_over_candidate": 0.9984737368671187}
{"case": {"B": 1, "SEQ_LEN": 16384, "H": 1, "HQ": 16, "D": 64, "S": 1, "block_size": 16, "is_causal": true}, "candidate": "baseline", "phase": "compile_correctness"}
2026-09-07 08:13:16  [TileLang:tilelang.jit.kernel:INFO] (kernel.py:129): TileLang begins to compile kernel `kernel` with `out_idx=None`
2026-09-07 08:13:19  [TileLang:tilelang.jit.kernel:INFO] (kernel.py:137): TileLang completes to compile kernel `kernel`
{"case": {"B": 1, "SEQ_LEN": 16384, "H": 1, "HQ": 16, "D": 64, "S": 1, "block_size": 16, "is_causal": true}, "candidate": "candidate", "phase": "compile_correctness"}
2026-09-07 08:13:20  [TileLang:tilelang.cache.kernel_cache:WARNING] (kernel_cache.py:342): Found kernel 'kernel' in memory cache. For better performance, consider using `@tilelang.jit` instead of direct kernel caching.
{"case": {"B": 1, "SEQ_LEN": 16384, "H": 1, "HQ": 16, "D": 64, "S": 1, "block_size": 16, "is_causal": true}, "seed": 316, "status": "PASS", "call_event_ms": {"baseline": [0.09326080083847046, 0.09113600254058837, 0.09241600036621093, 0.09198079705238342], "candidate": [0.09080320000648498, 0.0913919985294342, 0.09157119989395142, 0.09057279825210571]}, "median_ms": {"baseline": 0.09219839870929718, "candidate": 0.0910975992679596}, "baseline_over_candidate": 1.0120837371147358}
{"case": {"B": 2, "SEQ_LEN": 16384, "H": 1, "HQ": 16, "D": 32, "S": 1, "block_size": 16, "is_causal": true}, "candidate": "baseline", "phase": "compile_correctness"}
2026-09-07 08:13:21  [TileLang:tilelang.jit.kernel:INFO] (kernel.py:129): TileLang begins to compile kernel `kernel` with `out_idx=None`
2026-09-07 08:13:23  [TileLang:tilelang.jit.kernel:INFO] (kernel.py:137): TileLang completes to compile kernel `kernel`
{"case": {"B": 2, "SEQ_LEN": 16384, "H": 1, "HQ": 16, "D": 32, "S": 1, "block_size": 16, "is_causal": true}, "candidate": "candidate", "phase": "compile_correctness"}
2026-09-07 08:13:24  [TileLang:tilelang.cache.kernel_cache:WARNING] (kernel_cache.py:342): Found kernel 'kernel' in memory cache. For better performance, consider using `@tilelang.jit` instead of direct kernel caching.
{"case": {"B": 2, "SEQ_LEN": 16384, "H": 1, "HQ": 16, "D": 32, "S": 1, "block_size": 16, "is_causal": true}, "seed": 316, "status": "PASS", "call_event_ms": {"baseline": [0.07493119835853576, 0.07495679855346679, 0.07493119835853576, 0.07470080256462097], "candidate": [0.07498239874839782, 0.07459840178489685, 0.07528960108757018, 0.07477759718894958]}, "median_ms": {"baseline": 0.07493119835853576, "candidate": 0.0748799979686737}, "baseline_over_candidate": 1.0006837659088008}
