Loading tilelang libs from dev root: /opt/tilelang-metax-v0.1.10/build
{"case": {"B": 1, "SEQ_LEN": 64, "H": 1, "HQ": 16, "D": 32, "S": 1, "block_size": 16, "is_causal": true}, "candidate": "baseline", "phase": "compile_correctness"}
{"case": {"B": 1, "SEQ_LEN": 64, "H": 1, "HQ": 16, "D": 32, "S": 1, "block_size": 16, "is_causal": true}, "candidate": "candidate", "phase": "compile_correctness"}
2026-09-07 11:04:32  [TileLang:tilelang.cache.kernel_cache:WARNING] (kernel_cache.py:342): Found kernel 'kernel' in memory cache. For better performance, consider using `@tilelang.jit` instead of direct kernel caching.
{"case": {"B": 1, "SEQ_LEN": 64, "H": 1, "HQ": 16, "D": 32, "S": 1, "block_size": 16, "is_causal": true}, "seed": 385, "status": "PASS", "call_event_ms": {"baseline": [0.011750400066375732, 0.010060799866914749, 0.010086400061845779, 0.010342399775981902], "candidate": [0.012390399724245072, 0.010470400005578995, 0.010316800326108932, 0.010163199901580811]}, "median_ms": {"baseline": 0.01021439991891384, "candidate": 0.010393600165843963}, "baseline_over_candidate": 0.9827585972068638}
{"case": {"B": 1, "SEQ_LEN": 64, "H": 1, "HQ": 16, "D": 64, "S": 1, "block_size": 16, "is_causal": true}, "candidate": "baseline", "phase": "compile_correctness"}
{"case": {"B": 1, "SEQ_LEN": 64, "H": 1, "HQ": 16, "D": 64, "S": 1, "block_size": 16, "is_causal": true}, "candidate": "candidate", "phase": "compile_correctness"}
2026-09-07 11:04:33  [TileLang:tilelang.cache.kernel_cache:WARNING] (kernel_cache.py:342): Found kernel 'kernel' in memory cache. For better performance, consider using `@tilelang.jit` instead of direct kernel caching.
{"case": {"B": 1, "SEQ_LEN": 64, "H": 1, "HQ": 16, "D": 64, "S": 1, "block_size": 16, "is_causal": true}, "seed": 385, "status": "PASS", "call_event_ms": {"baseline": [0.011161600053310395, 0.010137599706649781, 0.010265599936246872, 0.011852800101041793], "candidate": [0.010496000200510025, 0.010496000200510025, 0.010367999970912933, 0.011417599767446518]}, "median_ms": {"baseline": 0.010713599994778633, "candidate": 0.010496000200510025}, "baseline_over_candidate": 1.0207316873200931}
{"case": {"B": 1, "SEQ_LEN": 64, "H": 1, "HQ": 16, "D": 128, "S": 1, "block_size": 16, "is_causal": true}, "candidate": "baseline", "phase": "compile_correctness"}
{"case": {"B": 1, "SEQ_LEN": 64, "H": 1, "HQ": 16, "D": 128, "S": 1, "block_size": 16, "is_causal": true}, "candidate": "candidate", "phase": "compile_correctness"}
{"case": {"B": 1, "SEQ_LEN": 64, "H": 1, "HQ": 16, "D": 128, "S": 1, "block_size": 16, "is_causal": true}, "seed": 385, "status": "PASS", "call_event_ms": {"baseline": [0.011878400295972823, 0.011238399893045425, 0.011238399893045425, 0.011212799698114395], "candidate": [0.010547199845314026, 0.010342399775981902, 0.010342399775981902, 0.010496000200510025]}, "median_ms": {"baseline": 0.011238399893045425, "candidate": 0.010419199988245965}, "baseline_over_candidate": 1.0786240695757459}
{"case": {"B": 1, "SEQ_LEN": 128, "H": 1, "HQ": 16, "D": 32, "S": 1, "block_size": 16, "is_causal": true}, "candidate": "baseline", "phase": "compile_correctness"}
{"case": {"B": 1, "SEQ_LEN": 128, "H": 1, "HQ": 16, "D": 32, "S": 1, "block_size": 16, "is_causal": true}, "candidate": "candidate", "phase": "compile_correctness"}
2026-09-07 11:04:33  [TileLang:tilelang.cache.kernel_cache:WARNING] (kernel_cache.py:342): Found kernel 'kernel' in memory cache. For better performance, consider using `@tilelang.jit` instead of direct kernel caching.
{"case": {"B": 1, "SEQ_LEN": 128, "H": 1, "HQ": 16, "D": 32, "S": 1, "block_size": 16, "is_causal": true}, "seed": 385, "status": "PASS", "call_event_ms": {"baseline": [0.011161600053310395, 0.010239999741315842, 0.010291200131177902, 0.010265599936246872], "candidate": [0.010649599879980088, 0.010214400291442872, 0.010316800326108932, 0.010265599936246872]}, "median_ms": {"baseline": 0.010278400033712387, "candidate": 0.010291200131177902}, "baseline_over_candidate": 0.9987562094505639}
{"case": {"B": 1, "SEQ_LEN": 128, "H": 1, "HQ": 16, "D": 64, "S": 1, "block_size": 16, "is_causal": true}, "candidate": "baseline", "phase": "compile_correctness"}
{"case": {"B": 1, "SEQ_LEN": 128, "H": 1, "HQ": 16, "D": 64, "S": 1, "block_size": 16, "is_causal": true}, "candidate": "candidate", "phase": "compile_correctness"}
2026-09-07 11:04:33  [TileLang:tilelang.cache.kernel_cache:WARNING] (kernel_cache.py:342): Found kernel 'kernel' in memory cache. For better performance, consider using `@tilelang.jit` instead of direct kernel caching.
{"case": {"B": 1, "SEQ_LEN": 128, "H": 1, "HQ": 16, "D": 64, "S": 1, "block_size": 16, "is_causal": true}, "seed": 385, "status": "PASS", "call_event_ms": {"baseline": [0.011212799698114395, 0.010163199901580811, 0.010367999970912933, 0.010316800326108932], "candidate": [0.010623999685049058, 0.010316800326108932, 0.010316800326108932, 0.010214400291442872]}, "median_ms": {"baseline": 0.010342400148510933, "candidate": 0.010316800326108932}, "baseline_over_candidate": 1.0024813722852826}
{"case": {"B": 1, "SEQ_LEN": 128, "H": 1, "HQ": 16, "D": 128, "S": 1, "block_size": 16, "is_causal": true}, "candidate": "baseline", "phase": "compile_correctness"}
{"case": {"B": 1, "SEQ_LEN": 128, "H": 1, "HQ": 16, "D": 128, "S": 1, "block_size": 16, "is_causal": true}, "candidate": "candidate", "phase": "compile_correctness"}
{"case": {"B": 1, "SEQ_LEN": 128, "H": 1, "HQ": 16, "D": 128, "S": 1, "block_size": 16, "is_causal": true}, "seed": 385, "status": "PASS", "call_event_ms": {"baseline": [0.011929599940776825, 0.011443199962377549, 0.011366400122642516, 0.011366400122642516], "candidate": [0.010393600165843963, 0.01011200025677681, 0.010265599936246872, 0.010419200360774993]}, "median_ms": {"baseline": 0.011404800042510033, "candidate": 0.010329600051045417}, "baseline_over_candidate": 1.1040892179901776}
{"case": {"B": 1, "SEQ_LEN": 256, "H": 1, "HQ": 16, "D": 32, "S": 1, "block_size": 16, "is_causal": true}, "candidate": "baseline", "phase": "compile_correctness"}
{"case": {"B": 1, "SEQ_LEN": 256, "H": 1, "HQ": 16, "D": 32, "S": 1, "block_size": 16, "is_causal": true}, "candidate": "candidate", "phase": "compile_correctness"}
2026-09-07 11:04:34  [TileLang:tilelang.cache.kernel_cache:WARNING] (kernel_cache.py:342): Found kernel 'kernel' in memory cache. For better performance, consider using `@tilelang.jit` instead of direct kernel caching.
{"case": {"B": 1, "SEQ_LEN": 256, "H": 1, "HQ": 16, "D": 32, "S": 1, "block_size": 16, "is_causal": true}, "seed": 385, "status": "PASS", "call_event_ms": {"baseline": [0.013158400356769562, 0.011596799641847611, 0.011648000031709672, 0.0123648002743721], "candidate": [0.012185599654912949, 0.011699199676513672, 0.011596799641847611, 0.011622399836778641]}, "median_ms": {"baseline": 0.012006400153040886, "candidate": 0.011660799756646157}, "baseline_over_candidate": 1.0296377953148326}
{"case": {"B": 1, "SEQ_LEN": 256, "H": 1, "HQ": 16, "D": 64, "S": 1, "block_size": 16, "is_causal": true}, "candidate": "baseline", "phase": "compile_correctness"}
{"case": {"B": 1, "SEQ_LEN": 256, "H": 1, "HQ": 16, "D": 64, "S": 1, "block_size": 16, "is_causal": true}, "candidate": "candidate", "phase": "compile_correctness"}
2026-09-07 11:04:34  [TileLang:tilelang.cache.kernel_cache:WARNING] (kernel_cache.py:342): Found kernel 'kernel' in memory cache. For better performance, consider using `@tilelang.jit` instead of direct kernel caching.
{"case": {"B": 1, "SEQ_LEN": 256, "H": 1, "HQ": 16, "D": 64, "S": 1, "block_size": 16, "is_causal": true}, "seed": 385, "status": "PASS", "call_event_ms": {"baseline": [0.013465599715709686, 0.011955200135707856, 0.01154559999704361, 0.011519999802112579], "candidate": [0.012211199849843979, 0.011750400066375732, 0.011648000031709672, 0.01233920007944107]}, "median_ms": {"baseline": 0.011750400066375732, "candidate": 0.011980799958109856}, "baseline_over_candidate": 0.9807692397386065}
{"case": {"B": 1, "SEQ_LEN": 256, "H": 1, "HQ": 16, "D": 128, "S": 1, "block_size": 16, "is_causal": true}, "candidate": "baseline", "phase": "compile_correctness"}
{"case": {"B": 1, "SEQ_LEN": 256, "H": 1, "HQ": 16, "D": 128, "S": 1, "block_size": 16, "is_causal": true}, "candidate": "candidate", "phase": "compile_correctness"}
{"case": {"B": 1, "SEQ_LEN": 256, "H": 1, "HQ": 16, "D": 128, "S": 1, "block_size": 16, "is_causal": true}, "seed": 385, "status": "PASS", "call_event_ms": {"baseline": [0.0137472003698349, 0.011776000261306763, 0.011673600226640702, 0.011519999802112579], "candidate": [0.012134400010108948, 0.011622399836778641, 0.011622399836778641, 0.01154559999704361]}, "median_ms": {"baseline": 0.011724800243973732, "candidate": 0.011622399836778641}, "baseline_over_candidate": 1.0088106078463286}
{"case": {"B": 1, "SEQ_LEN": 512, "H": 1, "HQ": 16, "D": 32, "S": 1, "block_size": 16, "is_causal": true}, "candidate": "baseline", "phase": "compile_correctness"}
{"case": {"B": 1, "SEQ_LEN": 512, "H": 1, "HQ": 16, "D": 32, "S": 1, "block_size": 16, "is_causal": true}, "candidate": "candidate", "phase": "compile_correctness"}
2026-09-07 11:04:34  [TileLang:tilelang.cache.kernel_cache:WARNING] (kernel_cache.py:342): Found kernel 'kernel' in memory cache. For better performance, consider using `@tilelang.jit` instead of direct kernel caching.
{"case": {"B": 1, "SEQ_LEN": 512, "H": 1, "HQ": 16, "D": 32, "S": 1, "block_size": 16, "is_causal": true}, "seed": 385, "status": "PASS", "call_event_ms": {"baseline": [0.013388800621032714, 0.011699199676513672, 0.011673600226640702, 0.011750400066375732], "candidate": [0.012211199849843979, 0.011955200135707856, 0.011878400295972823, 0.011852800101041793]}, "median_ms": {"baseline": 0.011724799871444702, "candidate": 0.01191680021584034}, "baseline_over_candidate": 0.9838882635507791}
{"case": {"B": 1, "SEQ_LEN": 512, "H": 1, "HQ": 16, "D": 64, "S": 1, "block_size": 16, "is_causal": true}, "candidate": "baseline", "phase": "compile_correctness"}
{"case": {"B": 1, "SEQ_LEN": 512, "H": 1, "HQ": 16, "D": 64, "S": 1, "block_size": 16, "is_causal": true}, "candidate": "candidate", "phase": "compile_correctness"}
2026-09-07 11:04:34  [TileLang:tilelang.cache.kernel_cache:WARNING] (kernel_cache.py:342): Found kernel 'kernel' in memory cache. For better performance, consider using `@tilelang.jit` instead of direct kernel caching.
{"case": {"B": 1, "SEQ_LEN": 512, "H": 1, "HQ": 16, "D": 64, "S": 1, "block_size": 16, "is_causal": true}, "seed": 385, "status": "PASS", "call_event_ms": {"baseline": [0.013363200426101684, 0.011622399836778641, 0.011699199676513672, 0.01233920007944107], "candidate": [0.012108799815177918, 0.011801599711179733, 0.011750400066375732, 0.011596799641847611]}, "median_ms": {"baseline": 0.012019199877977371, "candidate": 0.011775999888777733}, "baseline_over_candidate": 1.0206521731909495}
{"case": {"B": 1, "SEQ_LEN": 512, "H": 1, "HQ": 16, "D": 128, "S": 1, "block_size": 16, "is_causal": true}, "candidate": "baseline", "phase": "compile_correctness"}
{"case": {"B": 1, "SEQ_LEN": 512, "H": 1, "HQ": 16, "D": 128, "S": 1, "block_size": 16, "is_causal": true}, "candidate": "candidate", "phase": "compile_correctness"}
{"case": {"B": 1, "SEQ_LEN": 512, "H": 1, "HQ": 16, "D": 128, "S": 1, "block_size": 16, "is_causal": true}, "seed": 385, "status": "PASS", "call_event_ms": {"baseline": [0.013977600634098053, 0.013055999577045441, 0.013030399382114411, 0.012876799702644348], "candidate": [0.012185599654912949, 0.011852800101041793, 0.011776000261306763, 0.011980800330638886]}, "median_ms": {"baseline": 0.013043199479579926, "candidate": 0.01191680021584034}, "baseline_over_candidate": 1.0945219558386425}
{"case": {"B": 1, "SEQ_LEN": 1024, "H": 1, "HQ": 16, "D": 32, "S": 1, "block_size": 16, "is_causal": true}, "candidate": "baseline", "phase": "compile_correctness"}
{"case": {"B": 1, "SEQ_LEN": 1024, "H": 1, "HQ": 16, "D": 32, "S": 1, "block_size": 16, "is_causal": true}, "candidate": "candidate", "phase": "compile_correctness"}
2026-09-07 11:04:35  [TileLang:tilelang.cache.kernel_cache:WARNING] (kernel_cache.py:342): Found kernel 'kernel' in memory cache. For better performance, consider using `@tilelang.jit` instead of direct kernel caching.
{"case": {"B": 1, "SEQ_LEN": 1024, "H": 1, "HQ": 16, "D": 32, "S": 1, "block_size": 16, "is_causal": true}, "seed": 385, "status": "PASS", "call_event_ms": {"baseline": [0.013158400356769562, 0.011699199676513672, 0.011622399836778641, 0.014336000382900237], "candidate": [0.012031999975442886, 0.011852800101041793, 0.011648000031709672, 0.011699199676513672]}, "median_ms": {"baseline": 0.012428800016641617, "candidate": 0.011775999888777733}, "baseline_over_candidate": 1.0554347939902742}
{"case": {"B": 1, "SEQ_LEN": 1024, "H": 1, "HQ": 16, "D": 64, "S": 1, "block_size": 16, "is_causal": true}, "candidate": "baseline", "phase": "compile_correctness"}
{"case": {"B": 1, "SEQ_LEN": 1024, "H": 1, "HQ": 16, "D": 64, "S": 1, "block_size": 16, "is_causal": true}, "candidate": "candidate", "phase": "compile_correctness"}
2026-09-07 11:04:35  [TileLang:tilelang.cache.kernel_cache:WARNING] (kernel_cache.py:342): Found kernel 'kernel' in memory cache. For better performance, consider using `@tilelang.jit` instead of direct kernel caching.
{"case": {"B": 1, "SEQ_LEN": 1024, "H": 1, "HQ": 16, "D": 64, "S": 1, "block_size": 16, "is_causal": true}, "seed": 385, "status": "PASS", "call_event_ms": {"baseline": [0.011289600282907486, 0.010700800269842149, 0.010700800269842149, 0.010572800040245056], "candidate": [0.011033599823713302, 0.010777600109577179, 0.010726399719715118, 0.010623999685049058]}, "median_ms": {"baseline": 0.010700800269842149, "candidate": 0.010751999914646149}, "baseline_over_candidate": 0.9952381282356357}
{"case": {"B": 1, "SEQ_LEN": 1024, "H": 1, "HQ": 16, "D": 128, "S": 1, "block_size": 16, "is_causal": true}, "candidate": "baseline", "phase": "compile_correctness"}
{"case": {"B": 1, "SEQ_LEN": 1024, "H": 1, "HQ": 16, "D": 128, "S": 1, "block_size": 16, "is_causal": true}, "candidate": "candidate", "phase": "compile_correctness"}
{"case": {"B": 1, "SEQ_LEN": 1024, "H": 1, "HQ": 16, "D": 128, "S": 1, "block_size": 16, "is_causal": true}, "seed": 385, "status": "PASS", "call_event_ms": {"baseline": [0.019020800292491914, 0.018380799889564516, 0.018406400084495546, 0.018329599499702455], "candidate": [0.015667200088500977, 0.0152319997549057, 0.015795199573040007, 0.015436799824237823]}, "median_ms": {"baseline": 0.01839359998703003, "candidate": 0.0155519999563694}, "baseline_over_candidate": 1.1827160518668107}
{"case": {"B": 2, "SEQ_LEN": 64, "H": 1, "HQ": 16, "D": 64, "S": 1, "block_size": 16, "is_causal": true}, "candidate": "baseline", "phase": "compile_correctness"}
{"case": {"B": 2, "SEQ_LEN": 64, "H": 1, "HQ": 16, "D": 64, "S": 1, "block_size": 16, "is_causal": true}, "candidate": "candidate", "phase": "compile_correctness"}
2026-09-07 11:04:35  [TileLang:tilelang.cache.kernel_cache:WARNING] (kernel_cache.py:342): Found kernel 'kernel' in memory cache. For better performance, consider using `@tilelang.jit` instead of direct kernel caching.
{"case": {"B": 2, "SEQ_LEN": 64, "H": 1, "HQ": 16, "D": 64, "S": 1, "block_size": 16, "is_causal": true}, "seed": 385, "status": "PASS", "call_event_ms": {"baseline": [0.011443199962377549, 0.010444799810647965, 0.010163199901580811, 0.010316800326108932], "candidate": [0.010649599879980088, 0.010496000200510025, 0.010316800326108932, 0.010572800040245056]}, "median_ms": {"baseline": 0.010380800068378448, "candidate": 0.01053440012037754}, "baseline_over_candidate": 0.9854191932863864}
{"case": {"B": 2, "SEQ_LEN": 64, "H": 1, "HQ": 16, "D": 128, "S": 1, "block_size": 16, "is_causal": true}, "candidate": "baseline", "phase": "compile_correctness"}
{"case": {"B": 2, "SEQ_LEN": 64, "H": 1, "HQ": 16, "D": 128, "S": 1, "block_size": 16, "is_causal": true}, "candidate": "candidate", "phase": "compile_correctness"}
{"case": {"B": 2, "SEQ_LEN": 64, "H": 1, "HQ": 16, "D": 128, "S": 1, "block_size": 16, "is_causal": true}, "seed": 385, "status": "PASS", "call_event_ms": {"baseline": [0.011955200135707856, 0.011340799927711486, 0.011315199732780456, 0.011392000317573547], "candidate": [0.010649599879980088, 0.01011200025677681, 0.010393600165843963, 0.010291200131177902]}, "median_ms": {"baseline": 0.011366400122642516, "candidate": 0.010342400148510933}, "baseline_over_candidate": 1.0990098970671731}
{"case": {"B": 2, "SEQ_LEN": 128, "H": 1, "HQ": 16, "D": 32, "S": 1, "block_size": 16, "is_causal": true}, "candidate": "baseline", "phase": "compile_correctness"}
{"case": {"B": 2, "SEQ_LEN": 128, "H": 1, "HQ": 16, "D": 32, "S": 1, "block_size": 16, "is_causal": true}, "candidate": "candidate", "phase": "compile_correctness"}
2026-09-07 11:04:36  [TileLang:tilelang.cache.kernel_cache:WARNING] (kernel_cache.py:342): Found kernel 'kernel' in memory cache. For better performance, consider using `@tilelang.jit` instead of direct kernel caching.
{"case": {"B": 2, "SEQ_LEN": 128, "H": 1, "HQ": 16, "D": 32, "S": 1, "block_size": 16, "is_causal": true}, "seed": 385, "status": "PASS", "call_event_ms": {"baseline": [0.011392000317573547, 0.010291200131177902, 0.010239999741315842, 0.010367999970912933], "candidate": [0.010623999685049058, 0.010496000200510025, 0.010265599936246872, 0.010316800326108932]}, "median_ms": {"baseline": 0.010329600051045417, "candidate": 0.010406400263309478}, "baseline_over_candidate": 0.9926199059885443}
{"case": {"B": 2, "SEQ_LEN": 128, "H": 1, "HQ": 16, "D": 64, "S": 1, "block_size": 16, "is_causal": true}, "candidate": "baseline", "phase": "compile_correctness"}
{"case": {"B": 2, "SEQ_LEN": 128, "H": 1, "HQ": 16, "D": 64, "S": 1, "block_size": 16, "is_causal": true}, "candidate": "candidate", "phase": "compile_correctness"}
2026-09-07 11:04:36  [TileLang:tilelang.cache.kernel_cache:WARNING] (kernel_cache.py:342): Found kernel 'kernel' in memory cache. For better performance, consider using `@tilelang.jit` instead of direct kernel caching.
{"case": {"B": 2, "SEQ_LEN": 128, "H": 1, "HQ": 16, "D": 64, "S": 1, "block_size": 16, "is_causal": true}, "seed": 385, "status": "PASS", "call_event_ms": {"baseline": [0.011289600282907486, 0.010419200360774993, 0.010214400291442872, 0.010291200131177902], "candidate": [0.010649599879980088, 0.010547199845314026, 0.010470400005578995, 0.010342399775981902]}, "median_ms": {"baseline": 0.010355200245976448, "candidate": 0.01050879992544651}, "baseline_over_candidate": 0.9853837088383299}
{"case": {"B": 2, "SEQ_LEN": 128, "H": 1, "HQ": 16, "D": 128, "S": 1, "block_size": 16, "is_causal": true}, "candidate": "baseline", "phase": "compile_correctness"}
{"case": {"B": 2, "SEQ_LEN": 128, "H": 1, "HQ": 16, "D": 128, "S": 1, "block_size": 16, "is_causal": true}, "candidate": "candidate", "phase": "compile_correctness"}
{"case": {"B": 2, "SEQ_LEN": 128, "H": 1, "HQ": 16, "D": 128, "S": 1, "block_size": 16, "is_causal": true}, "seed": 385, "status": "PASS", "call_event_ms": {"baseline": [0.01233920007944107, 0.011622399836778641, 0.011622399836778641, 0.011699199676513672], "candidate": [0.01080320030450821, 0.010086400061845779, 0.010316800326108932, 0.010291200131177902]}, "median_ms": {"baseline": 0.011660799756646157, "candidate": 0.010304000228643417}, "baseline_over_candidate": 1.1316769699044709}
{"case": {"B": 2, "SEQ_LEN": 256, "H": 1, "HQ": 16, "D": 32, "S": 1, "block_size": 16, "is_causal": true}, "candidate": "baseline", "phase": "compile_correctness"}
{"case": {"B": 2, "SEQ_LEN": 256, "H": 1, "HQ": 16, "D": 32, "S": 1, "block_size": 16, "is_causal": true}, "candidate": "candidate", "phase": "compile_correctness"}
2026-09-07 11:04:36  [TileLang:tilelang.cache.kernel_cache:WARNING] (kernel_cache.py:342): Found kernel 'kernel' in memory cache. For better performance, consider using `@tilelang.jit` instead of direct kernel caching.
{"case": {"B": 2, "SEQ_LEN": 256, "H": 1, "HQ": 16, "D": 32, "S": 1, "block_size": 16, "is_causal": true}, "seed": 385, "status": "PASS", "call_event_ms": {"baseline": [0.011596799641847611, 0.010700800269842149, 0.010342399775981902, 0.010393600165843963], "candidate": [0.010623999685049058, 0.010598400235176086, 0.010291200131177902, 0.010496000200510025]}, "median_ms": {"baseline": 0.010547200217843056, "candidate": 0.010547200217843056}, "baseline_over_candidate": 1.0}
{"case": {"B": 2, "SEQ_LEN": 256, "H": 1, "HQ": 16, "D": 64, "S": 1, "block_size": 16, "is_causal": true}, "candidate": "baseline", "phase": "compile_correctness"}
{"case": {"B": 2, "SEQ_LEN": 256, "H": 1, "HQ": 16, "D": 64, "S": 1, "block_size": 16, "is_causal": true}, "candidate": "candidate", "phase": "compile_correctness"}
2026-09-07 11:04:37  [TileLang:tilelang.cache.kernel_cache:WARNING] (kernel_cache.py:342): Found kernel 'kernel' in memory cache. For better performance, consider using `@tilelang.jit` instead of direct kernel caching.
{"case": {"B": 2, "SEQ_LEN": 256, "H": 1, "HQ": 16, "D": 64, "S": 1, "block_size": 16, "is_causal": true}, "seed": 385, "status": "PASS", "call_event_ms": {"baseline": [0.011264000087976456, 0.010598400235176086, 0.010547199845314026, 0.010419200360774993], "candidate": [0.010598400235176086, 0.010393600165843963, 0.010367999970912933, 0.010393600165843963]}, "median_ms": {"baseline": 0.010572800040245056, "candidate": 0.010393600165843963}, "baseline_over_candidate": 1.017241366950981}
{"case": {"B": 2, "SEQ_LEN": 256, "H": 1, "HQ": 16, "D": 128, "S": 1, "block_size": 16, "is_causal": true}, "candidate": "baseline", "phase": "compile_correctness"}
{"case": {"B": 2, "SEQ_LEN": 256, "H": 1, "HQ": 16, "D": 128, "S": 1, "block_size": 16, "is_causal": true}, "candidate": "candidate", "phase": "compile_correctness"}
{"case": {"B": 2, "SEQ_LEN": 256, "H": 1, "HQ": 16, "D": 128, "S": 1, "block_size": 16, "is_causal": true}, "seed": 385, "status": "PASS", "call_event_ms": {"baseline": [0.01377280056476593, 0.013209599256515502, 0.013235199451446533, 0.01297920048236847], "candidate": [0.011187200248241425, 0.010956799983978272, 0.010828799754381179, 0.010828799754381179]}, "median_ms": {"baseline": 0.013222399353981017, "candidate": 0.010892799869179726}, "baseline_over_candidate": 1.213865995224304}
{"case": {"B": 2, "SEQ_LEN": 512, "H": 1, "HQ": 16, "D": 32, "S": 1, "block_size": 16, "is_causal": true}, "candidate": "baseline", "phase": "compile_correctness"}
{"case": {"B": 2, "SEQ_LEN": 512, "H": 1, "HQ": 16, "D": 32, "S": 1, "block_size": 16, "is_causal": true}, "candidate": "candidate", "phase": "compile_correctness"}
2026-09-07 11:04:37  [TileLang:tilelang.cache.kernel_cache:WARNING] (kernel_cache.py:342): Found kernel 'kernel' in memory cache. For better performance, consider using `@tilelang.jit` instead of direct kernel caching.
{"case": {"B": 2, "SEQ_LEN": 512, "H": 1, "HQ": 16, "D": 32, "S": 1, "block_size": 16, "is_causal": true}, "seed": 385, "status": "PASS", "call_event_ms": {"baseline": [0.011392000317573547, 0.010316800326108932, 0.010239999741315842, 0.010444799810647965], "candidate": [0.010470400005578995, 0.010342399775981902, 0.010393600165843963, 0.010265599936246872]}, "median_ms": {"baseline": 0.010380800068378448, "candidate": 0.010367999970912933}, "baseline_over_candidate": 1.0012345773053073}
{"case": {"B": 2, "SEQ_LEN": 512, "H": 1, "HQ": 16, "D": 64, "S": 1, "block_size": 16, "is_causal": true}, "candidate": "baseline", "phase": "compile_correctness"}
{"case": {"B": 2, "SEQ_LEN": 512, "H": 1, "HQ": 16, "D": 64, "S": 1, "block_size": 16, "is_causal": true}, "candidate": "candidate", "phase": "compile_correctness"}
2026-09-07 11:04:37  [TileLang:tilelang.cache.kernel_cache:WARNING] (kernel_cache.py:342): Found kernel 'kernel' in memory cache. For better performance, consider using `@tilelang.jit` instead of direct kernel caching.
{"case": {"B": 2, "SEQ_LEN": 512, "H": 1, "HQ": 16, "D": 64, "S": 1, "block_size": 16, "is_causal": true}, "seed": 385, "status": "PASS", "call_event_ms": {"baseline": [0.011648000031709672, 0.010598400235176086, 0.010572800040245056, 0.010700800269842149], "candidate": [0.01085439994931221, 0.010649599879980088, 0.010598400235176086, 0.010777600109577179]}, "median_ms": {"baseline": 0.010649600252509116, "candidate": 0.010713599994778633}, "baseline_over_candidate": 0.9940263084023383}
{"case": {"B": 2, "SEQ_LEN": 512, "H": 1, "HQ": 16, "D": 128, "S": 1, "block_size": 16, "is_causal": true}, "candidate": "baseline", "phase": "compile_correctness"}
{"case": {"B": 2, "SEQ_LEN": 512, "H": 1, "HQ": 16, "D": 128, "S": 1, "block_size": 16, "is_causal": true}, "candidate": "candidate", "phase": "compile_correctness"}
{"case": {"B": 2, "SEQ_LEN": 512, "H": 1, "HQ": 16, "D": 128, "S": 1, "block_size": 16, "is_causal": true}, "seed": 385, "status": "PASS", "call_event_ms": {"baseline": [0.019276799261569978, 0.018688000738620758, 0.018739199638366698, 0.018662400543689728], "candidate": [0.015667200088500977, 0.015539200603961944, 0.01528320014476776, 0.015334400534629821]}, "median_ms": {"baseline": 0.018713600188493728, "candidate": 0.015436800569295882}, "baseline_over_candidate": 1.2122719409691325}
{"case": {"B": 2, "SEQ_LEN": 1024, "H": 1, "HQ": 16, "D": 32, "S": 1, "block_size": 16, "is_causal": true}, "candidate": "baseline", "phase": "compile_correctness"}
{"case": {"B": 2, "SEQ_LEN": 1024, "H": 1, "HQ": 16, "D": 32, "S": 1, "block_size": 16, "is_causal": true}, "candidate": "candidate", "phase": "compile_correctness"}
2026-09-07 11:04:38  [TileLang:tilelang.cache.kernel_cache:WARNING] (kernel_cache.py:342): Found kernel 'kernel' in memory cache. For better performance, consider using `@tilelang.jit` instead of direct kernel caching.
{"case": {"B": 2, "SEQ_LEN": 1024, "H": 1, "HQ": 16, "D": 32, "S": 1, "block_size": 16, "is_causal": true}, "seed": 385, "status": "PASS", "call_event_ms": {"baseline": [0.011417599767446518, 0.010751999914646149, 0.010521599650382995, 0.010291200131177902], "candidate": [0.010700800269842149, 0.010700800269842149, 0.010623999685049058, 0.010649599879980088]}, "median_ms": {"baseline": 0.010636799782514573, "candidate": 0.010675200074911118}, "baseline_over_candidate": 0.9964028503328201}
{"case": {"B": 2, "SEQ_LEN": 1024, "H": 1, "HQ": 16, "D": 64, "S": 1, "block_size": 16, "is_causal": true}, "candidate": "baseline", "phase": "compile_correctness"}
{"case": {"B": 2, "SEQ_LEN": 1024, "H": 1, "HQ": 16, "D": 64, "S": 1, "block_size": 16, "is_causal": true}, "candidate": "candidate", "phase": "compile_correctness"}
2026-09-07 11:04:38  [TileLang:tilelang.cache.kernel_cache:WARNING] (kernel_cache.py:342): Found kernel 'kernel' in memory cache. For better performance, consider using `@tilelang.jit` instead of direct kernel caching.
{"case": {"B": 2, "SEQ_LEN": 1024, "H": 1, "HQ": 16, "D": 64, "S": 1, "block_size": 16, "is_causal": true}, "seed": 385, "status": "PASS", "call_event_ms": {"baseline": [0.01802240014076233, 0.01807360053062439, 0.01807360053062439, 0.0179967999458313], "candidate": [0.018457600474357606, 0.0179967999458313, 0.01822720021009445, 0.0179967999458313]}, "median_ms": {"baseline": 0.01804800033569336, "candidate": 0.018112000077962875}, "baseline_over_candidate": 0.9964664453404357}
{"case": {"B": 2, "SEQ_LEN": 1024, "H": 1, "HQ": 16, "D": 128, "S": 1, "block_size": 16, "is_causal": true}, "candidate": "baseline", "phase": "compile_correctness"}
{"case": {"B": 2, "SEQ_LEN": 1024, "H": 1, "HQ": 16, "D": 128, "S": 1, "block_size": 16, "is_causal": true}, "candidate": "candidate", "phase": "compile_correctness"}
{"case": {"B": 2, "SEQ_LEN": 1024, "H": 1, "HQ": 16, "D": 128, "S": 1, "block_size": 16, "is_causal": true}, "seed": 385, "status": "PASS", "call_event_ms": {"baseline": [0.03553279936313629, 0.034508800506591795, 0.034815999865531924, 0.034918400645256045], "candidate": [0.02885119915008545, 0.028774398565292358, 0.028518399596214293, 0.028646400570869444]}, "median_ms": {"baseline": 0.034867200255393985, "candidate": 0.0287103995680809}, "baseline_over_candidate": 1.214444966978376}
{"case": {"B": 4, "SEQ_LEN": 64, "H": 1, "HQ": 16, "D": 32, "S": 1, "block_size": 16, "is_causal": true}, "candidate": "baseline", "phase": "compile_correctness"}
{"case": {"B": 4, "SEQ_LEN": 64, "H": 1, "HQ": 16, "D": 32, "S": 1, "block_size": 16, "is_causal": true}, "candidate": "candidate", "phase": "compile_correctness"}
2026-09-07 11:04:38  [TileLang:tilelang.cache.kernel_cache:WARNING] (kernel_cache.py:342): Found kernel 'kernel' in memory cache. For better performance, consider using `@tilelang.jit` instead of direct kernel caching.
{"case": {"B": 4, "SEQ_LEN": 64, "H": 1, "HQ": 16, "D": 32, "S": 1, "block_size": 16, "is_causal": true}, "seed": 385, "status": "PASS", "call_event_ms": {"baseline": [0.011264000087976456, 0.010265599936246872, 0.010214400291442872, 0.010137599706649781], "candidate": [0.010470400005578995, 0.010265599936246872, 0.010342399775981902, 0.010342399775981902]}, "median_ms": {"baseline": 0.010240000113844872, "candidate": 0.010342399775981902}, "baseline_over_candidate": 0.9900990423542868}
{"case": {"B": 4, "SEQ_LEN": 64, "H": 1, "HQ": 16, "D": 64, "S": 1, "block_size": 16, "is_causal": true}, "candidate": "baseline", "phase": "compile_correctness"}
{"case": {"B": 4, "SEQ_LEN": 64, "H": 1, "HQ": 16, "D": 64, "S": 1, "block_size": 16, "is_causal": true}, "candidate": "candidate", "phase": "compile_correctness"}
2026-09-07 11:04:39  [TileLang:tilelang.cache.kernel_cache:WARNING] (kernel_cache.py:342): Found kernel 'kernel' in memory cache. For better performance, consider using `@tilelang.jit` instead of direct kernel caching.
{"case": {"B": 4, "SEQ_LEN": 64, "H": 1, "HQ": 16, "D": 64, "S": 1, "block_size": 16, "is_causal": true}, "seed": 385, "status": "PASS", "call_event_ms": {"baseline": [0.011084800213575363, 0.010265599936246872, 0.010214400291442872, 0.010137599706649781], "candidate": [0.010470400005578995, 0.010547199845314026, 0.010291200131177902, 0.010265599936246872]}, "median_ms": {"baseline": 0.010240000113844872, "candidate": 0.010380800068378448}, "baseline_over_candidate": 0.9864365026196319}
{"case": {"B": 4, "SEQ_LEN": 64, "H": 1, "HQ": 16, "D": 128, "S": 1, "block_size": 16, "is_causal": true}, "candidate": "baseline", "phase": "compile_correctness"}
{"case": {"B": 4, "SEQ_LEN": 64, "H": 1, "HQ": 16, "D": 128, "S": 1, "block_size": 16, "is_causal": true}, "candidate": "candidate", "phase": "compile_correctness"}
{"case": {"B": 4, "SEQ_LEN": 64, "H": 1, "HQ": 16, "D": 128, "S": 1, "block_size": 16, "is_causal": true}, "seed": 385, "status": "PASS", "call_event_ms": {"baseline": [0.012057600170373916, 0.011519999802112579, 0.011494400352239609, 0.011519999802112579], "candidate": [0.010777600109577179, 0.010291200131177902, 0.010547199845314026, 0.010521599650382995]}, "median_ms": {"baseline": 0.011519999802112579, "candidate": 0.01053439974784851}, "baseline_over_candidate": 1.0935601531986066}
{"case": {"B": 4, "SEQ_LEN": 128, "H": 1, "HQ": 16, "D": 32, "S": 1, "block_size": 16, "is_causal": true}, "candidate": "baseline", "phase": "compile_correctness"}
{"case": {"B": 4, "SEQ_LEN": 128, "H": 1, "HQ": 16, "D": 32, "S": 1, "block_size": 16, "is_causal": true}, "candidate": "candidate", "phase": "compile_correctness"}
2026-09-07 11:04:39  [TileLang:tilelang.cache.kernel_cache:WARNING] (kernel_cache.py:342): Found kernel 'kernel' in memory cache. For better performance, consider using `@tilelang.jit` instead of direct kernel caching.
{"case": {"B": 4, "SEQ_LEN": 128, "H": 1, "HQ": 16, "D": 32, "S": 1, "block_size": 16, "is_causal": true}, "seed": 385, "status": "PASS", "call_event_ms": {"baseline": [0.011161600053310395, 0.010367999970912933, 0.010316800326108932, 0.010086400061845779], "candidate": [0.01080320030450821, 0.010367999970912933, 0.010137599706649781, 0.010291200131177902]}, "median_ms": {"baseline": 0.010342400148510933, "candidate": 0.010329600051045417}, "baseline_over_candidate": 1.0012391668024185}
{"case": {"B": 4, "SEQ_LEN": 128, "H": 1, "HQ": 16, "D": 64, "S": 1, "block_size": 16, "is_causal": true}, "candidate": "baseline", "phase": "compile_correctness"}
{"case": {"B": 4, "SEQ_LEN": 128, "H": 1, "HQ": 16, "D": 64, "S": 1, "block_size": 16, "is_causal": true}, "candidate": "candidate", "phase": "compile_correctness"}
2026-09-07 11:04:39  [TileLang:tilelang.cache.kernel_cache:WARNING] (kernel_cache.py:342): Found kernel 'kernel' in memory cache. For better performance, consider using `@tilelang.jit` instead of direct kernel caching.
{"case": {"B": 4, "SEQ_LEN": 128, "H": 1, "HQ": 16, "D": 64, "S": 1, "block_size": 16, "is_causal": true}, "seed": 385, "status": "PASS", "call_event_ms": {"baseline": [0.011519999802112579, 0.010470400005578995, 0.010470400005578995, 0.010521599650382995], "candidate": [0.010751999914646149, 0.010444799810647965, 0.010470400005578995, 0.010496000200510025]}, "median_ms": {"baseline": 0.010495999827980995, "candidate": 0.01048320010304451}, "baseline_over_candidate": 1.0012209749704928}
{"case": {"B": 4, "SEQ_LEN": 128, "H": 1, "HQ": 16, "D": 128, "S": 1, "block_size": 16, "is_causal": true}, "candidate": "baseline", "phase": "compile_correctness"}
{"case": {"B": 4, "SEQ_LEN": 128, "H": 1, "HQ": 16, "D": 128, "S": 1, "block_size": 16, "is_causal": true}, "candidate": "candidate", "phase": "compile_correctness"}
{"case": {"B": 4, "SEQ_LEN": 128, "H": 1, "HQ": 16, "D": 128, "S": 1, "block_size": 16, "is_causal": true}, "seed": 385, "status": "PASS", "call_event_ms": {"baseline": [0.013823999464511872, 0.013235199451446533, 0.013209599256515502, 0.013184000551700593], "candidate": [0.011366400122642516, 0.010982400178909302, 0.010931199789047242, 0.010956799983978272]}, "median_ms": {"baseline": 0.013222399353981017, "candidate": 0.010969600081443787}, "baseline_over_candidate": 1.2053674934192062}
{"case": {"B": 4, "SEQ_LEN": 256, "H": 1, "HQ": 16, "D": 32, "S": 1, "block_size": 16, "is_causal": true}, "candidate": "baseline", "phase": "compile_correctness"}
{"case": {"B": 4, "SEQ_LEN": 256, "H": 1, "HQ": 16, "D": 32, "S": 1, "block_size": 16, "is_causal": true}, "candidate": "candidate", "phase": "compile_correctness"}
2026-09-07 11:04:40  [TileLang:tilelang.cache.kernel_cache:WARNING] (kernel_cache.py:342): Found kernel 'kernel' in memory cache. For better performance, consider using `@tilelang.jit` instead of direct kernel caching.
{"case": {"B": 4, "SEQ_LEN": 256, "H": 1, "HQ": 16, "D": 32, "S": 1, "block_size": 16, "is_causal": true}, "seed": 385, "status": "PASS", "call_event_ms": {"baseline": [0.011212799698114395, 0.010265599936246872, 0.010239999741315842, 0.010060799866914749], "candidate": [0.010572800040245056, 0.010419200360774993, 0.010393600165843963, 0.010572800040245056]}, "median_ms": {"baseline": 0.010252799838781357, "candidate": 0.010496000200510024}, "baseline_over_candidate": 0.9768292342718468}
{"case": {"B": 4, "SEQ_LEN": 256, "H": 1, "HQ": 16, "D": 64, "S": 1, "block_size": 16, "is_causal": true}, "candidate": "baseline", "phase": "compile_correctness"}
{"case": {"B": 4, "SEQ_LEN": 256, "H": 1, "HQ": 16, "D": 64, "S": 1, "block_size": 16, "is_causal": true}, "candidate": "candidate", "phase": "compile_correctness"}
2026-09-07 11:04:40  [TileLang:tilelang.cache.kernel_cache:WARNING] (kernel_cache.py:342): Found kernel 'kernel' in memory cache. For better performance, consider using `@tilelang.jit` instead of direct kernel caching.
{"case": {"B": 4, "SEQ_LEN": 256, "H": 1, "HQ": 16, "D": 64, "S": 1, "block_size": 16, "is_causal": true}, "seed": 385, "status": "PASS", "call_event_ms": {"baseline": [0.011392000317573547, 0.010700800269842149, 0.010623999685049058, 0.010700800269842149], "candidate": [0.01085439994931221, 0.010726399719715118, 0.01085439994931221, 0.010700800269842149]}, "median_ms": {"baseline": 0.010700800269842149, "candidate": 0.010790399834513664}, "baseline_over_candidate": 0.991696362873883}
{"case": {"B": 4, "SEQ_LEN": 256, "H": 1, "HQ": 16, "D": 128, "S": 1, "block_size": 16, "is_causal": true}, "candidate": "baseline", "phase": "compile_correctness"}
{"case": {"B": 4, "SEQ_LEN": 256, "H": 1, "HQ": 16, "D": 128, "S": 1, "block_size": 16, "is_causal": true}, "candidate": "candidate", "phase": "compile_correctness"}
{"case": {"B": 4, "SEQ_LEN": 256, "H": 1, "HQ": 16, "D": 128, "S": 1, "block_size": 16, "is_causal": true}, "seed": 385, "status": "PASS", "call_event_ms": {"baseline": [0.018943999707698823, 0.018380799889564516, 0.018406400084495546, 0.018457600474357606], "candidate": [0.015897600352764128, 0.015360000729560851, 0.015488000214099884, 0.015539200603961944]}, "median_ms": {"baseline": 0.018432000279426576, "candidate": 0.015513600409030914}, "baseline_over_candidate": 1.1881187985670159}
{"case": {"B": 4, "SEQ_LEN": 512, "H": 1, "HQ": 16, "D": 32, "S": 1, "block_size": 16, "is_causal": true}, "candidate": "baseline", "phase": "compile_correctness"}
{"case": {"B": 4, "SEQ_LEN": 512, "H": 1, "HQ": 16, "D": 32, "S": 1, "block_size": 16, "is_causal": true}, "candidate": "candidate", "phase": "compile_correctness"}
2026-09-07 11:04:40  [TileLang:tilelang.cache.kernel_cache:WARNING] (kernel_cache.py:342): Found kernel 'kernel' in memory cache. For better performance, consider using `@tilelang.jit` instead of direct kernel caching.
{"case": {"B": 4, "SEQ_LEN": 512, "H": 1, "HQ": 16, "D": 32, "S": 1, "block_size": 16, "is_causal": true}, "seed": 385, "status": "PASS", "call_event_ms": {"baseline": [0.01154559999704361, 0.010675200074911118, 0.010367999970912933, 0.010239999741315842], "candidate": [0.01080320030450821, 0.010496000200510025, 0.010316800326108932, 0.010367999970912933]}, "median_ms": {"baseline": 0.010521600022912025, "candidate": 0.01043200008571148}, "baseline_over_candidate": 1.0085889509647599}
{"case": {"B": 4, "SEQ_LEN": 512, "H": 1, "HQ": 16, "D": 64, "S": 1, "block_size": 16, "is_causal": true}, "candidate": "baseline", "phase": "compile_correctness"}
{"case": {"B": 4, "SEQ_LEN": 512, "H": 1, "HQ": 16, "D": 64, "S": 1, "block_size": 16, "is_causal": true}, "candidate": "candidate", "phase": "compile_correctness"}
2026-09-07 11:04:40  [TileLang:tilelang.cache.kernel_cache:WARNING] (kernel_cache.py:342): Found kernel 'kernel' in memory cache. For better performance, consider using `@tilelang.jit` instead of direct kernel caching.
{"case": {"B": 4, "SEQ_LEN": 512, "H": 1, "HQ": 16, "D": 64, "S": 1, "block_size": 16, "is_causal": true}, "seed": 385, "status": "PASS", "call_event_ms": {"baseline": [0.017382399737834932, 0.01733119934797287, 0.017459200322628023, 0.017407999932765962], "candidate": [0.017894400656223296, 0.017894400656223296, 0.017561599612236023, 0.017868800461292265]}, "median_ms": {"baseline": 0.017395199835300447, "candidate": 0.01788160055875778}, "baseline_over_candidate": 0.9727988150803921}
{"case": {"B": 4, "SEQ_LEN": 512, "H": 1, "HQ": 16, "D": 128, "S": 1, "block_size": 16, "is_causal": true}, "candidate": "baseline", "phase": "compile_correctness"}
{"case": {"B": 4, "SEQ_LEN": 512, "H": 1, "HQ": 16, "D": 128, "S": 1, "block_size": 16, "is_causal": true}, "candidate": "candidate", "phase": "compile_correctness"}
{"case": {"B": 4, "SEQ_LEN": 512, "H": 1, "HQ": 16, "D": 128, "S": 1, "block_size": 16, "is_causal": true}, "seed": 385, "status": "PASS", "call_event_ms": {"baseline": [0.0354559987783432, 0.03532800078392029, 0.03519999980926514, 0.035020801424980166], "candidate": [0.028492799401283263, 0.028646400570869444, 0.028415998816490172, 0.028313601016998292]}, "median_ms": {"baseline": 0.03526400029659271, "candidate": 0.028454399108886717}, "baseline_over_candidate": 1.2393162885516447}
{"case": {"B": 4, "SEQ_LEN": 1024, "H": 1, "HQ": 16, "D": 32, "S": 1, "block_size": 16, "is_causal": true}, "candidate": "baseline", "phase": "compile_correctness"}
{"case": {"B": 4, "SEQ_LEN": 1024, "H": 1, "HQ": 16, "D": 32, "S": 1, "block_size": 16, "is_causal": true}, "candidate": "candidate", "phase": "compile_correctness"}
{"case": {"B": 4, "SEQ_LEN": 1024, "H": 1, "HQ": 16, "D": 32, "S": 1, "block_size": 16, "is_causal": true}, "seed": 385, "status": "PASS", "call_event_ms": {"baseline": [0.015795199573040007, 0.015078400075435639, 0.015078400075435639, 0.015001599490642548], "candidate": [0.014643199741840363, 0.014412799477577209, 0.01456640064716339, 0.0144896000623703]}, "median_ms": {"baseline": 0.015078400075435639, "candidate": 0.014528000354766845}, "baseline_over_candidate": 1.0378854424028288}
{"case": {"B": 4, "SEQ_LEN": 1024, "H": 1, "HQ": 16, "D": 64, "S": 1, "block_size": 16, "is_causal": true}, "candidate": "baseline", "phase": "compile_correctness"}
{"case": {"B": 4, "SEQ_LEN": 1024, "H": 1, "HQ": 16, "D": 64, "S": 1, "block_size": 16, "is_causal": true}, "candidate": "candidate", "phase": "compile_correctness"}
2026-09-07 11:04:41  [TileLang:tilelang.cache.kernel_cache:WARNING] (kernel_cache.py:342): Found kernel 'kernel' in memory cache. For better performance, consider using `@tilelang.jit` instead of direct kernel caching.
{"case": {"B": 4, "SEQ_LEN": 1024, "H": 1, "HQ": 16, "D": 64, "S": 1, "block_size": 16, "is_causal": true}, "seed": 385, "status": "PASS", "call_event_ms": {"baseline": [0.029388800263404846, 0.029209598898887634, 0.02905600070953369, 0.029183998703956604], "candidate": [0.03038719892501831, 0.030156800150871278, 0.030668801069259642, 0.030105599761009218]}, "median_ms": {"baseline": 0.02919679880142212, "candidate": 0.030271999537944794}, "baseline_over_candidate": 0.9644820047260191}
{"case": {"B": 4, "SEQ_LEN": 1024, "H": 1, "HQ": 16, "D": 128, "S": 1, "block_size": 16, "is_causal": true}, "candidate": "baseline", "phase": "compile_correctness"}
{"case": {"B": 4, "SEQ_LEN": 1024, "H": 1, "HQ": 16, "D": 128, "S": 1, "block_size": 16, "is_causal": true}, "candidate": "candidate", "phase": "compile_correctness"}
{"case": {"B": 4, "SEQ_LEN": 1024, "H": 1, "HQ": 16, "D": 128, "S": 1, "block_size": 16, "is_causal": true}, "seed": 385, "status": "PASS", "call_event_ms": {"baseline": [0.05568000078201294, 0.05555199980735779, 0.05578240156173706, 0.05493760108947754], "candidate": [0.048179200291633605, 0.04782080054283142, 0.04787200093269348, 0.04792320132255554]}, "median_ms": {"baseline": 0.055616000294685365, "candidate": 0.04789760112762451}, "baseline_over_candidate": 1.1611437521995092}
{"case": {"B": 8, "SEQ_LEN": 64, "H": 1, "HQ": 16, "D": 32, "S": 1, "block_size": 16, "is_causal": true}, "candidate": "baseline", "phase": "compile_correctness"}
{"case": {"B": 8, "SEQ_LEN": 64, "H": 1, "HQ": 16, "D": 32, "S": 1, "block_size": 16, "is_causal": true}, "candidate": "candidate", "phase": "compile_correctness"}
2026-09-07 11:04:42  [TileLang:tilelang.cache.kernel_cache:WARNING] (kernel_cache.py:342): Found kernel 'kernel' in memory cache. For better performance, consider using `@tilelang.jit` instead of direct kernel caching.
{"case": {"B": 8, "SEQ_LEN": 64, "H": 1, "HQ": 16, "D": 32, "S": 1, "block_size": 16, "is_causal": true}, "seed": 385, "status": "PASS", "call_event_ms": {"baseline": [0.010931199789047242, 0.010470400005578995, 0.010623999685049058, 0.010623999685049058], "candidate": [0.010496000200510025, 0.010291200131177902, 0.010470400005578995, 0.010675200074911118]}, "median_ms": {"baseline": 0.010623999685049058, "candidate": 0.01048320010304451}, "baseline_over_candidate": 1.0134309734261064}
{"case": {"B": 8, "SEQ_LEN": 64, "H": 1, "HQ": 16, "D": 64, "S": 1, "block_size": 16, "is_causal": true}, "candidate": "baseline", "phase": "compile_correctness"}
{"case": {"B": 8, "SEQ_LEN": 64, "H": 1, "HQ": 16, "D": 64, "S": 1, "block_size": 16, "is_causal": true}, "candidate": "candidate", "phase": "compile_correctness"}
2026-09-07 11:04:42  [TileLang:tilelang.cache.kernel_cache:WARNING] (kernel_cache.py:342): Found kernel 'kernel' in memory cache. For better performance, consider using `@tilelang.jit` instead of direct kernel caching.
{"case": {"B": 8, "SEQ_LEN": 64, "H": 1, "HQ": 16, "D": 64, "S": 1, "block_size": 16, "is_causal": true}, "seed": 385, "status": "PASS", "call_event_ms": {"baseline": [0.011468800157308579, 0.010598400235176086, 0.010444799810647965, 0.010675200074911118], "candidate": [0.010931199789047242, 0.010444799810647965, 0.010598400235176086, 0.013491199910640716]}, "median_ms": {"baseline": 0.010636800155043601, "candidate": 0.010764800012111664}, "baseline_over_candidate": 0.988109406870165}
{"case": {"B": 8, "SEQ_LEN": 64, "H": 1, "HQ": 16, "D": 128, "S": 1, "block_size": 16, "is_causal": true}, "candidate": "baseline", "phase": "compile_correctness"}
{"case": {"B": 8, "SEQ_LEN": 64, "H": 1, "HQ": 16, "D": 128, "S": 1, "block_size": 16, "is_causal": true}, "candidate": "candidate", "phase": "compile_correctness"}
{"case": {"B": 8, "SEQ_LEN": 64, "H": 1, "HQ": 16, "D": 128, "S": 1, "block_size": 16, "is_causal": true}, "seed": 385, "status": "PASS", "call_event_ms": {"baseline": [0.014105600118637086, 0.012774400413036346, 0.012697599828243256, 0.012748800218105316], "candidate": [0.012544000148773193, 0.011955200135707856, 0.011724799871444702, 0.011878400295972823]}, "median_ms": {"baseline": 0.012761600315570831, "candidate": 0.01191680021584034}, "baseline_over_candidate": 1.070891521585429}
{"case": {"B": 8, "SEQ_LEN": 128, "H": 1, "HQ": 16, "D": 32, "S": 1, "block_size": 16, "is_causal": true}, "candidate": "baseline", "phase": "compile_correctness"}
{"case": {"B": 8, "SEQ_LEN": 128, "H": 1, "HQ": 16, "D": 32, "S": 1, "block_size": 16, "is_causal": true}, "candidate": "candidate", "phase": "compile_correctness"}
2026-09-07 11:04:42  [TileLang:tilelang.cache.kernel_cache:WARNING] (kernel_cache.py:342): Found kernel 'kernel' in memory cache. For better performance, consider using `@tilelang.jit` instead of direct kernel caching.
{"case": {"B": 8, "SEQ_LEN": 128, "H": 1, "HQ": 16, "D": 32, "S": 1, "block_size": 16, "is_causal": true}, "seed": 385, "status": "PASS", "call_event_ms": {"baseline": [0.011289600282907486, 0.010367999970912933, 0.010291200131177902, 0.010419200360774993], "candidate": [0.010572800040245056, 0.010188800096511842, 0.010316800326108932, 0.010470400005578995]}, "median_ms": {"baseline": 0.010393600165843963, "candidate": 0.010393600165843963}, "baseline_over_candidate": 1.0}
{"case": {"B": 8, "SEQ_LEN": 128, "H": 1, "HQ": 16, "D": 64, "S": 1, "block_size": 16, "is_causal": true}, "candidate": "baseline", "phase": "compile_correctness"}
{"case": {"B": 8, "SEQ_LEN": 128, "H": 1, "HQ": 16, "D": 64, "S": 1, "block_size": 16, "is_causal": true}, "candidate": "candidate", "phase": "compile_correctness"}
2026-09-07 11:04:42  [TileLang:tilelang.cache.kernel_cache:WARNING] (kernel_cache.py:342): Found kernel 'kernel' in memory cache. For better performance, consider using `@tilelang.jit` instead of direct kernel caching.
{"case": {"B": 8, "SEQ_LEN": 128, "H": 1, "HQ": 16, "D": 64, "S": 1, "block_size": 16, "is_causal": true}, "seed": 385, "status": "PASS", "call_event_ms": {"baseline": [0.011084800213575363, 0.010521599650382995, 0.010623999685049058, 0.010623999685049058], "candidate": [0.010649599879980088, 0.01080320030450821, 0.010623999685049058, 0.010572800040245056]}, "median_ms": {"baseline": 0.010623999685049058, "candidate": 0.010636799782514573}, "baseline_over_candidate": 0.9987966213779301}
{"case": {"B": 8, "SEQ_LEN": 128, "H": 1, "HQ": 16, "D": 128, "S": 1, "block_size": 16, "is_causal": true}, "candidate": "baseline", "phase": "compile_correctness"}
{"case": {"B": 8, "SEQ_LEN": 128, "H": 1, "HQ": 16, "D": 128, "S": 1, "block_size": 16, "is_causal": true}, "candidate": "candidate", "phase": "compile_correctness"}
{"case": {"B": 8, "SEQ_LEN": 128, "H": 1, "HQ": 16, "D": 128, "S": 1, "block_size": 16, "is_causal": true}, "seed": 385, "status": "PASS", "call_event_ms": {"baseline": [0.019225600361824035, 0.018662400543689728, 0.018508799374103546, 0.018585599958896637], "candidate": [0.015999999642372132, 0.015590399503707886, 0.015872000157833098, 0.015744000673294067]}, "median_ms": {"baseline": 0.018624000251293182, "candidate": 0.015808000415563583}, "baseline_over_candidate": 1.1781376367473484}
{"case": {"B": 8, "SEQ_LEN": 256, "H": 1, "HQ": 16, "D": 32, "S": 1, "block_size": 16, "is_causal": true}, "candidate": "baseline", "phase": "compile_correctness"}
{"case": {"B": 8, "SEQ_LEN": 256, "H": 1, "HQ": 16, "D": 32, "S": 1, "block_size": 16, "is_causal": true}, "candidate": "candidate", "phase": "compile_correctness"}
2026-09-07 11:04:43  [TileLang:tilelang.cache.kernel_cache:WARNING] (kernel_cache.py:342): Found kernel 'kernel' in memory cache. For better performance, consider using `@tilelang.jit` instead of direct kernel caching.
{"case": {"B": 8, "SEQ_LEN": 256, "H": 1, "HQ": 16, "D": 32, "S": 1, "block_size": 16, "is_causal": true}, "seed": 385, "status": "PASS", "call_event_ms": {"baseline": [0.011212799698114395, 0.010214400291442872, 0.010188800096511842, 0.010496000200510025], "candidate": [0.010521599650382995, 0.010572800040245056, 0.010342399775981902, 0.010342399775981902]}, "median_ms": {"baseline": 0.01035520024597645, "candidate": 0.010431999713182448}, "baseline_over_candidate": 0.992638087680452}
{"case": {"B": 8, "SEQ_LEN": 256, "H": 1, "HQ": 16, "D": 64, "S": 1, "block_size": 16, "is_causal": true}, "candidate": "baseline", "phase": "compile_correctness"}
{"case": {"B": 8, "SEQ_LEN": 256, "H": 1, "HQ": 16, "D": 64, "S": 1, "block_size": 16, "is_causal": true}, "candidate": "candidate", "phase": "compile_correctness"}
2026-09-07 11:04:43  [TileLang:tilelang.cache.kernel_cache:WARNING] (kernel_cache.py:342): Found kernel 'kernel' in memory cache. For better performance, consider using `@tilelang.jit` instead of direct kernel caching.
{"case": {"B": 8, "SEQ_LEN": 256, "H": 1, "HQ": 16, "D": 64, "S": 1, "block_size": 16, "is_causal": true}, "seed": 385, "status": "PASS", "call_event_ms": {"baseline": [0.01809920072555542, 0.017817600071430205, 0.017843200266361235, 0.01791999936103821], "candidate": [0.01815039962530136, 0.018457600474357606, 0.018355199694633485, 0.018508799374103546]}, "median_ms": {"baseline": 0.017881599813699724, "candidate": 0.018406400084495546}, "baseline_over_candidate": 0.9714881634438728}
{"case": {"B": 8, "SEQ_LEN": 256, "H": 1, "HQ": 16, "D": 128, "S": 1, "block_size": 16, "is_causal": true}, "candidate": "baseline", "phase": "compile_correctness"}
{"case": {"B": 8, "SEQ_LEN": 256, "H": 1, "HQ": 16, "D": 128, "S": 1, "block_size": 16, "is_causal": true}, "candidate": "candidate", "phase": "compile_correctness"}
{"case": {"B": 8, "SEQ_LEN": 256, "H": 1, "HQ": 16, "D": 128, "S": 1, "block_size": 16, "is_causal": true}, "seed": 385, "status": "PASS", "call_event_ms": {"baseline": [0.035123199224472046, 0.034457600116729735, 0.034508800506591795, 0.034457600116729735], "candidate": [0.02905600070953369, 0.028825598955154418, 0.028723201155662535, 0.02892799973487854]}, "median_ms": {"baseline": 0.034483200311660765, "candidate": 0.02887679934501648}, "baseline_over_candidate": 1.194148974048671}
{"case": {"B": 8, "SEQ_LEN": 512, "H": 1, "HQ": 16, "D": 32, "S": 1, "block_size": 16, "is_causal": true}, "candidate": "baseline", "phase": "compile_correctness"}
{"case": {"B": 8, "SEQ_LEN": 512, "H": 1, "HQ": 16, "D": 32, "S": 1, "block_size": 16, "is_causal": true}, "candidate": "candidate", "phase": "compile_correctness"}
{"case": {"B": 8, "SEQ_LEN": 512, "H": 1, "HQ": 16, "D": 32, "S": 1, "block_size": 16, "is_causal": true}, "seed": 385, "status": "PASS", "call_event_ms": {"baseline": [0.015692800283432007, 0.01510400027036667, 0.015411199629306793, 0.015027199685573579], "candidate": [0.014720000326633453, 0.01451520025730133, 0.014591999351978302, 0.014694400131702423]}, "median_ms": {"baseline": 0.01525759994983673, "candidate": 0.014643199741840363}, "baseline_over_candidate": 1.04195805690206}
{"case": {"B": 8, "SEQ_LEN": 512, "H": 1, "HQ": 16, "D": 64, "S": 1, "block_size": 16, "is_causal": true}, "candidate": "baseline", "phase": "compile_correctness"}
{"case": {"B": 8, "SEQ_LEN": 512, "H": 1, "HQ": 16, "D": 64, "S": 1, "block_size": 16, "is_causal": true}, "candidate": "candidate", "phase": "compile_correctness"}
2026-09-07 11:04:44  [TileLang:tilelang.cache.kernel_cache:WARNING] (kernel_cache.py:342): Found kernel 'kernel' in memory cache. For better performance, consider using `@tilelang.jit` instead of direct kernel caching.
{"case": {"B": 8, "SEQ_LEN": 512, "H": 1, "HQ": 16, "D": 64, "S": 1, "block_size": 16, "is_causal": true}, "seed": 385, "status": "PASS", "call_event_ms": {"baseline": [0.02964479923248291, 0.029158401489257812, 0.028799998760223388, 0.029542401432991028], "candidate": [0.030668801069259642, 0.030079999566078187, 0.030054399371147157, 0.03110400140285492]}, "median_ms": {"baseline": 0.02935040146112442, "candidate": 0.030374400317668915}, "baseline_over_candidate": 0.9662874379136688}
{"case": {"B": 8, "SEQ_LEN": 512, "H": 1, "HQ": 16, "D": 128, "S": 1, "block_size": 16, "is_causal": true}, "candidate": "baseline", "phase": "compile_correctness"}
{"case": {"B": 8, "SEQ_LEN": 512, "H": 1, "HQ": 16, "D": 128, "S": 1, "block_size": 16, "is_causal": true}, "candidate": "candidate", "phase": "compile_correctness"}
{"case": {"B": 8, "SEQ_LEN": 512, "H": 1, "HQ": 16, "D": 128, "S": 1, "block_size": 16, "is_causal": true}, "seed": 385, "status": "PASS", "call_event_ms": {"baseline": [0.0562175989151001, 0.05619199872016907, 0.05583360195159912, 0.055961602926254274], "candidate": [0.04787200093269348, 0.04759039878845215, 0.04733439981937408, 0.04774399995803833]}, "median_ms": {"baseline": 0.056076800823211675, "candidate": 0.04766719937324524}, "baseline_over_candidate": 1.1764232335975375}
{"case": {"B": 8, "SEQ_LEN": 1024, "H": 1, "HQ": 16, "D": 32, "S": 1, "block_size": 16, "is_causal": true}, "candidate": "baseline", "phase": "compile_correctness"}
{"case": {"B": 8, "SEQ_LEN": 1024, "H": 1, "HQ": 16, "D": 32, "S": 1, "block_size": 16, "is_causal": true}, "candidate": "candidate", "phase": "compile_correctness"}
{"case": {"B": 8, "SEQ_LEN": 1024, "H": 1, "HQ": 16, "D": 32, "S": 1, "block_size": 16, "is_causal": true}, "seed": 385, "status": "PASS", "call_event_ms": {"baseline": [0.024857600033283234, 0.024371199309825897, 0.024345600605010988, 0.024345600605010988], "candidate": [0.023731200397014617, 0.023193599283695222, 0.023423999547958374, 0.023270399868488313]}, "median_ms": {"baseline": 0.024358399957418442, "candidate": 0.023347199708223344}, "baseline_over_candidate": 1.043311414723494}
{"case": {"B": 8, "SEQ_LEN": 1024, "H": 1, "HQ": 16, "D": 64, "S": 1, "block_size": 16, "is_causal": true}, "candidate": "baseline", "phase": "compile_correctness"}
{"case": {"B": 8, "SEQ_LEN": 1024, "H": 1, "HQ": 16, "D": 64, "S": 1, "block_size": 16, "is_causal": true}, "candidate": "candidate", "phase": "compile_correctness"}
2026-09-07 11:04:45  [TileLang:tilelang.cache.kernel_cache:WARNING] (kernel_cache.py:342): Found kernel 'kernel' in memory cache. For better performance, consider using `@tilelang.jit` instead of direct kernel caching.
{"case": {"B": 8, "SEQ_LEN": 1024, "H": 1, "HQ": 16, "D": 64, "S": 1, "block_size": 16, "is_causal": true}, "seed": 385, "status": "PASS", "call_event_ms": {"baseline": [0.04848639965057373, 0.048204800486564635, 0.048537600040435794, 0.04897280037403107], "candidate": [0.048716801404953006, 0.048767998814582825, 0.0489984005689621, 0.048793599009513855]}, "median_ms": {"baseline": 0.048511999845504764, "candidate": 0.04878079891204834}, "baseline_over_candidate": 0.994489654279172}
{"case": {"B": 8, "SEQ_LEN": 1024, "H": 1, "HQ": 16, "D": 128, "S": 1, "block_size": 16, "is_causal": true}, "candidate": "baseline", "phase": "compile_correctness"}
{"case": {"B": 8, "SEQ_LEN": 1024, "H": 1, "HQ": 16, "D": 128, "S": 1, "block_size": 16, "is_causal": true}, "candidate": "candidate", "phase": "compile_correctness"}
{"case": {"B": 8, "SEQ_LEN": 1024, "H": 1, "HQ": 16, "D": 128, "S": 1, "block_size": 16, "is_causal": true}, "seed": 385, "status": "PASS", "call_event_ms": {"baseline": [0.09720320105552674, 0.09768959879875183, 0.09717760086059571, 0.09697279930114747], "candidate": [0.08522239923477173, 0.08565760254859925, 0.08476160168647766, 0.08491520285606384]}, "median_ms": {"baseline": 0.09719040095806122, "candidate": 0.08506880104541778}, "baseline_over_candidate": 1.142491721567485}
{"case": {"B": 1, "SEQ_LEN": 256, "H": 1, "HQ": 16, "D": 64, "S": 1, "block_size": 32, "is_causal": true}, "candidate": "baseline", "phase": "compile_correctness"}
{"case": {"B": 1, "SEQ_LEN": 256, "H": 1, "HQ": 16, "D": 64, "S": 1, "block_size": 32, "is_causal": true}, "candidate": "candidate", "phase": "compile_correctness"}
2026-09-07 11:04:45  [TileLang:tilelang.cache.kernel_cache:WARNING] (kernel_cache.py:342): Found kernel 'kernel' in memory cache. For better performance, consider using `@tilelang.jit` instead of direct kernel caching.
{"case": {"B": 1, "SEQ_LEN": 256, "H": 1, "HQ": 16, "D": 64, "S": 1, "block_size": 32, "is_causal": true}, "seed": 385, "status": "PASS", "call_event_ms": {"baseline": [0.011059200018644333, 0.010521599650382995, 0.010291200131177902, 0.010214400291442872], "candidate": [0.010547199845314026, 0.010393600165843963, 0.010265599936246872, 0.010470400005578995]}, "median_ms": {"baseline": 0.01040639989078045, "candidate": 0.01043200008571148}, "baseline_over_candidate": 0.997545993604228}
{"case": {"B": 1, "SEQ_LEN": 256, "H": 1, "HQ": 16, "D": 64, "S": 1, "block_size": 64, "is_causal": true}, "candidate": "baseline", "phase": "compile_correctness"}
{"case": {"B": 1, "SEQ_LEN": 256, "H": 1, "HQ": 16, "D": 64, "S": 1, "block_size": 64, "is_causal": true}, "candidate": "candidate", "phase": "compile_correctness"}
2026-09-07 11:04:45  [TileLang:tilelang.cache.kernel_cache:WARNING] (kernel_cache.py:342): Found kernel 'kernel' in memory cache. For better performance, consider using `@tilelang.jit` instead of direct kernel caching.
{"case": {"B": 1, "SEQ_LEN": 256, "H": 1, "HQ": 16, "D": 64, "S": 1, "block_size": 64, "is_causal": true}, "seed": 385, "status": "PASS", "call_event_ms": {"baseline": [0.014156800508499146, 0.013875199854373932, 0.014003199338912965, 0.013926400244235993], "candidate": [0.014105600118637086, 0.014079999923706055, 0.013977600634098053, 0.013900800049304963]}, "median_ms": {"baseline": 0.01396479979157448, "candidate": 0.014028800278902055}, "baseline_over_candidate": 0.9954379215574245}
{"case": {"B": 1, "SEQ_LEN": 512, "H": 1, "HQ": 16, "D": 64, "S": 1, "block_size": 32, "is_causal": true}, "candidate": "baseline", "phase": "compile_correctness"}
{"case": {"B": 1, "SEQ_LEN": 512, "H": 1, "HQ": 16, "D": 64, "S": 1, "block_size": 32, "is_causal": true}, "candidate": "candidate", "phase": "compile_correctness"}
2026-09-07 11:04:45  [TileLang:tilelang.cache.kernel_cache:WARNING] (kernel_cache.py:342): Found kernel 'kernel' in memory cache. For better performance, consider using `@tilelang.jit` instead of direct kernel caching.
{"case": {"B": 1, "SEQ_LEN": 512, "H": 1, "HQ": 16, "D": 64, "S": 1, "block_size": 32, "is_causal": true}, "seed": 385, "status": "PASS", "call_event_ms": {"baseline": [0.011238399893045425, 0.010700800269842149, 0.01090560033917427, 0.010777600109577179], "candidate": [0.010982400178909302, 0.01085439994931221, 0.010777600109577179, 0.011315199732780456]}, "median_ms": {"baseline": 0.010841600224375724, "candidate": 0.010918400064110757}, "baseline_over_candidate": 0.9929660170643979}
{"case": {"B": 1, "SEQ_LEN": 512, "H": 1, "HQ": 16, "D": 64, "S": 1, "block_size": 64, "is_causal": true}, "candidate": "baseline", "phase": "compile_correctness"}
{"case": {"B": 1, "SEQ_LEN": 512, "H": 1, "HQ": 16, "D": 64, "S": 1, "block_size": 64, "is_causal": true}, "candidate": "candidate", "phase": "compile_correctness"}
2026-09-07 11:04:46  [TileLang:tilelang.cache.kernel_cache:WARNING] (kernel_cache.py:342): Found kernel 'kernel' in memory cache. For better performance, consider using `@tilelang.jit` instead of direct kernel caching.
{"case": {"B": 1, "SEQ_LEN": 512, "H": 1, "HQ": 16, "D": 64, "S": 1, "block_size": 64, "is_causal": true}, "seed": 385, "status": "PASS", "call_event_ms": {"baseline": [0.01664000004529953, 0.0165120005607605, 0.016383999586105348, 0.01653759926557541], "candidate": [0.01656319946050644, 0.01643519997596741, 0.01656319946050644, 0.01658879965543747]}, "median_ms": {"baseline": 0.016524799913167954, "candidate": 0.01656319946050644}, "baseline_over_candidate": 0.9976816346726944}
{"case": {"B": 1, "SEQ_LEN": 512, "H": 1, "HQ": 16, "D": 128, "S": 1, "block_size": 32, "is_causal": true}, "candidate": "baseline", "phase": "compile_correctness"}
{"case": {"B": 1, "SEQ_LEN": 512, "H": 1, "HQ": 16, "D": 128, "S": 1, "block_size": 32, "is_causal": true}, "candidate": "candidate", "phase": "compile_correctness"}
{"case": {"B": 1, "SEQ_LEN": 512, "H": 1, "HQ": 16, "D": 128, "S": 1, "block_size": 32, "is_causal": true}, "seed": 385, "status": "PASS", "call_event_ms": {"baseline": [0.01822720021009445, 0.017843200266361235, 0.017638400197029114, 0.017587199807167053], "candidate": [0.01528320014476776, 0.01520639955997467, 0.015027199685573579, 0.01510400027036667]}, "median_ms": {"baseline": 0.017740800231695174, "candidate": 0.01515519991517067}, "baseline_over_candidate": 1.1706081299486037}
{"case": {"B": 2, "SEQ_LEN": 256, "H": 1, "HQ": 16, "D": 64, "S": 1, "block_size": 64, "is_causal": true}, "candidate": "baseline", "phase": "compile_correctness"}
{"case": {"B": 2, "SEQ_LEN": 256, "H": 1, "HQ": 16, "D": 64, "S": 1, "block_size": 64, "is_causal": true}, "candidate": "candidate", "phase": "compile_correctness"}
2026-09-07 11:04:46  [TileLang:tilelang.cache.kernel_cache:WARNING] (kernel_cache.py:342): Found kernel 'kernel' in memory cache. For better performance, consider using `@tilelang.jit` instead of direct kernel caching.
{"case": {"B": 2, "SEQ_LEN": 256, "H": 1, "HQ": 16, "D": 64, "S": 1, "block_size": 64, "is_causal": true}, "seed": 385, "status": "PASS", "call_event_ms": {"baseline": [0.016383999586105348, 0.016204799711704253, 0.016358399391174318, 0.016281600296497344], "candidate": [0.016383999586105348, 0.016179199516773223, 0.016230399906635284, 0.016256000101566314]}, "median_ms": {"baseline": 0.01631999984383583, "candidate": 0.0162432000041008}, "baseline_over_candidate": 1.0047281225199247}
{"case": {"B": 4, "SEQ_LEN": 128, "H": 1, "HQ": 16, "D": 64, "S": 1, "block_size": 32, "is_causal": true}, "candidate": "baseline", "phase": "compile_correctness"}
{"case": {"B": 4, "SEQ_LEN": 128, "H": 1, "HQ": 16, "D": 64, "S": 1, "block_size": 32, "is_causal": true}, "candidate": "candidate", "phase": "compile_correctness"}
2026-09-07 11:04:46  [TileLang:tilelang.cache.kernel_cache:WARNING] (kernel_cache.py:342): Found kernel 'kernel' in memory cache. For better performance, consider using `@tilelang.jit` instead of direct kernel caching.
{"case": {"B": 4, "SEQ_LEN": 128, "H": 1, "HQ": 16, "D": 64, "S": 1, "block_size": 32, "is_causal": true}, "seed": 385, "status": "PASS", "call_event_ms": {"baseline": [0.011468800157308579, 0.01085439994931221, 0.01085439994931221, 0.010828799754381179], "candidate": [0.010982400178909302, 0.01085439994931221, 0.010726399719715118, 0.01080320030450821]}, "median_ms": {"baseline": 0.01085439994931221, "candidate": 0.01082880012691021}, "baseline_over_candidate": 1.002364049765623}
{"case": {"B": 4, "SEQ_LEN": 128, "H": 1, "HQ": 16, "D": 64, "S": 1, "block_size": 64, "is_causal": true}, "candidate": "baseline", "phase": "compile_correctness"}
{"case": {"B": 4, "SEQ_LEN": 128, "H": 1, "HQ": 16, "D": 64, "S": 1, "block_size": 64, "is_causal": true}, "candidate": "candidate", "phase": "compile_correctness"}
2026-09-07 11:04:47  [TileLang:tilelang.cache.kernel_cache:WARNING] (kernel_cache.py:342): Found kernel 'kernel' in memory cache. For better performance, consider using `@tilelang.jit` instead of direct kernel caching.
{"case": {"B": 4, "SEQ_LEN": 128, "H": 1, "HQ": 16, "D": 64, "S": 1, "block_size": 64, "is_causal": true}, "seed": 385, "status": "PASS", "call_event_ms": {"baseline": [0.016307200491428375, 0.016204799711704253, 0.016153599321842193, 0.016204799711704253], "candidate": [0.016383999586105348, 0.016256000101566314, 0.016128000617027283, 0.016204799711704253]}, "median_ms": {"baseline": 0.016204799711704253, "candidate": 0.016230399906635284}, "baseline_over_candidate": 0.9984227009144386}
{"case": {"B": 2, "SEQ_LEN": 512, "H": 1, "HQ": 16, "D": 128, "S": 1, "block_size": 32, "is_causal": true}, "candidate": "baseline", "phase": "compile_correctness"}
{"case": {"B": 2, "SEQ_LEN": 512, "H": 1, "HQ": 16, "D": 128, "S": 1, "block_size": 32, "is_causal": true}, "candidate": "candidate", "phase": "compile_correctness"}
{"case": {"B": 2, "SEQ_LEN": 512, "H": 1, "HQ": 16, "D": 128, "S": 1, "block_size": 32, "is_causal": true}, "seed": 385, "status": "PASS", "call_event_ms": {"baseline": [0.024780799448490144, 0.024320000410079957, 0.024217599630355836, 0.02393600046634674], "candidate": [0.02181120067834854, 0.021299199759960176, 0.021452799439430237, 0.021324799954891206]}, "median_ms": {"baseline": 0.024268800020217897, "candidate": 0.02138879969716072}, "baseline_over_candidate": 1.1346499272439063}
{"case": {"B": 4, "SEQ_LEN": 1024, "H": 1, "HQ": 16, "D": 128, "S": 1, "block_size": 32, "is_causal": true}, "candidate": "baseline", "phase": "compile_correctness"}
{"case": {"B": 4, "SEQ_LEN": 1024, "H": 1, "HQ": 16, "D": 128, "S": 1, "block_size": 32, "is_causal": true}, "candidate": "candidate", "phase": "compile_correctness"}
{"case": {"B": 4, "SEQ_LEN": 1024, "H": 1, "HQ": 16, "D": 128, "S": 1, "block_size": 32, "is_causal": true}, "seed": 385, "status": "PASS", "call_event_ms": {"baseline": [0.08020480275154114, 0.07969279885292054, 0.07959039807319641, 0.07953919768333435], "candidate": [0.059468799829483034, 0.0591871976852417, 0.05913599729537964, 0.059699201583862306]}, "median_ms": {"baseline": 0.07964159846305847, "candidate": 0.05932799875736237}, "baseline_over_candidate": 1.3423948242173813}
{"case": {"B": 8, "SEQ_LEN": 512, "H": 1, "HQ": 16, "D": 128, "S": 1, "block_size": 32, "is_causal": true}, "candidate": "baseline", "phase": "compile_correctness"}
{"case": {"B": 8, "SEQ_LEN": 512, "H": 1, "HQ": 16, "D": 128, "S": 1, "block_size": 32, "is_causal": true}, "candidate": "candidate", "phase": "compile_correctness"}
{"case": {"B": 8, "SEQ_LEN": 512, "H": 1, "HQ": 16, "D": 128, "S": 1, "block_size": 32, "is_causal": true}, "seed": 385, "status": "PASS", "call_event_ms": {"baseline": [0.08120319843292237, 0.08102399706840516, 0.08138239979743958, 0.08133119940757752], "candidate": [0.059571200609207155, 0.05923839807510376, 0.05921279788017273, 0.05934079885482788]}, "median_ms": {"baseline": 0.08126719892024994, "candidate": 0.05928959846496582}, "baseline_over_candidate": 1.3706822279842334}
{"case": {"B": 1, "SEQ_LEN": 256, "H": 2, "HQ": 32, "D": 64, "S": 1, "block_size": 16, "is_causal": true}, "candidate": "baseline", "phase": "compile_correctness"}
{"case": {"B": 1, "SEQ_LEN": 256, "H": 2, "HQ": 32, "D": 64, "S": 1, "block_size": 16, "is_causal": true}, "candidate": "candidate", "phase": "compile_correctness"}
2026-09-07 11:04:47  [TileLang:tilelang.cache.kernel_cache:WARNING] (kernel_cache.py:342): Found kernel 'kernel' in memory cache. For better performance, consider using `@tilelang.jit` instead of direct kernel caching.
{"case": {"B": 1, "SEQ_LEN": 256, "H": 2, "HQ": 32, "D": 64, "S": 1, "block_size": 16, "is_causal": true}, "seed": 385, "status": "PASS", "call_event_ms": {"baseline": [0.011059200018644333, 0.010291200131177902, 0.010444799810647965, 0.010316800326108932], "candidate": [0.010828799754381179, 0.010419200360774993, 0.010598400235176086, 0.010419200360774993]}, "median_ms": {"baseline": 0.010380800068378448, "candidate": 0.010508800297975539}, "baseline_over_candidate": 0.9878197105313963}
{"case": {"B": 2, "SEQ_LEN": 512, "H": 2, "HQ": 32, "D": 64, "S": 1, "block_size": 16, "is_causal": true}, "candidate": "baseline", "phase": "compile_correctness"}
{"case": {"B": 2, "SEQ_LEN": 512, "H": 2, "HQ": 32, "D": 64, "S": 1, "block_size": 16, "is_causal": true}, "candidate": "candidate", "phase": "compile_correctness"}
2026-09-07 11:04:48  [TileLang:tilelang.cache.kernel_cache:WARNING] (kernel_cache.py:342): Found kernel 'kernel' in memory cache. For better performance, consider using `@tilelang.jit` instead of direct kernel caching.
{"case": {"B": 2, "SEQ_LEN": 512, "H": 2, "HQ": 32, "D": 64, "S": 1, "block_size": 16, "is_causal": true}, "seed": 385, "status": "PASS", "call_event_ms": {"baseline": [0.01807360053062439, 0.017843200266361235, 0.017766399681568144, 0.01822720021009445], "candidate": [0.017407999932765962, 0.017459200322628023, 0.017433600127696992, 0.017587199807167053]}, "median_ms": {"baseline": 0.017958400398492814, "candidate": 0.017446400225162507}, "baseline_over_candidate": 1.0293470381696197}
{"case": {"B": 1, "SEQ_LEN": 512, "H": 2, "HQ": 32, "D": 128, "S": 1, "block_size": 16, "is_causal": true}, "candidate": "baseline", "phase": "compile_correctness"}
{"case": {"B": 1, "SEQ_LEN": 512, "H": 2, "HQ": 32, "D": 128, "S": 1, "block_size": 16, "is_causal": true}, "candidate": "candidate", "phase": "compile_correctness"}
{"case": {"B": 1, "SEQ_LEN": 512, "H": 2, "HQ": 32, "D": 128, "S": 1, "block_size": 16, "is_causal": true}, "seed": 385, "status": "PASS", "call_event_ms": {"baseline": [0.019123199582099914, 0.018636800348758698, 0.018611200153827667, 0.018611200153827667], "candidate": [0.0166143998503685, 0.01640959978103638, 0.01646080017089844, 0.01664000004529953]}, "median_ms": {"baseline": 0.018624000251293182, "candidate": 0.01653760001063347}, "baseline_over_candidate": 1.12616100518323}
{"case": {"B": 1, "SEQ_LEN": 256, "H": 1, "HQ": 16, "D": 64, "S": 2, "block_size": 16, "is_causal": true}, "candidate": "baseline", "phase": "compile_correctness"}
{"case": {"B": 1, "SEQ_LEN": 256, "H": 1, "HQ": 16, "D": 64, "S": 2, "block_size": 16, "is_causal": true}, "candidate": "candidate", "phase": "compile_correctness"}
2026-09-07 11:04:48  [TileLang:tilelang.cache.kernel_cache:WARNING] (kernel_cache.py:342): Found kernel 'kernel' in memory cache. For better performance, consider using `@tilelang.jit` instead of direct kernel caching.
{"case": {"B": 1, "SEQ_LEN": 256, "H": 1, "HQ": 16, "D": 64, "S": 2, "block_size": 16, "is_causal": true}, "seed": 385, "status": "PASS", "call_event_ms": {"baseline": [0.01085439994931221, 0.010393600165843963, 0.010419200360774993, 0.010265599936246872], "candidate": [0.010521599650382995, 0.010419200360774993, 0.010265599936246872, 0.010982400178909302]}, "median_ms": {"baseline": 0.010406400263309478, "candidate": 0.010470400005578993}, "baseline_over_candidate": 0.9938875551807559}
{"case": {"B": 2, "SEQ_LEN": 512, "H": 1, "HQ": 16, "D": 64, "S": 2, "block_size": 16, "is_causal": true}, "candidate": "baseline", "phase": "compile_correctness"}
{"case": {"B": 2, "SEQ_LEN": 512, "H": 1, "HQ": 16, "D": 64, "S": 2, "block_size": 16, "is_causal": true}, "candidate": "candidate", "phase": "compile_correctness"}
{"case": {"B": 2, "SEQ_LEN": 512, "H": 1, "HQ": 16, "D": 64, "S": 2, "block_size": 16, "is_causal": true}, "seed": 385, "status": "PASS", "call_event_ms": {"baseline": [0.019763199985027312, 0.01943040043115616, 0.019174399971961974, 0.019046400487422944], "candidate": [0.012569600343704223, 0.012544000148773193, 0.012518399953842163, 0.012646399438381195]}, "median_ms": {"baseline": 0.019302400201559065, "candidate": 0.012556800246238708}, "baseline_over_candidate": 1.53720691760952}
{"case": {"B": 4, "SEQ_LEN": 1024, "H": 1, "HQ": 16, "D": 64, "S": 2, "block_size": 16, "is_causal": true}, "candidate": "baseline", "phase": "compile_correctness"}
{"case": {"B": 4, "SEQ_LEN": 1024, "H": 1, "HQ": 16, "D": 64, "S": 2, "block_size": 16, "is_causal": true}, "candidate": "candidate", "phase": "compile_correctness"}
{"case": {"B": 4, "SEQ_LEN": 1024, "H": 1, "HQ": 16, "D": 64, "S": 2, "block_size": 16, "is_causal": true}, "seed": 385, "status": "PASS", "call_event_ms": {"baseline": [0.05084159970283508, 0.05071359872817993, 0.050432002544403075, 0.05027840137481689], "candidate": [0.0357120007276535, 0.03583999872207642, 0.03576320111751556, 0.03578880131244659]}, "median_ms": {"baseline": 0.05057280063629151, "candidate": 0.035776001214981076}, "baseline_over_candidate": 1.4135956763975712}
{"case": {"B": 1, "SEQ_LEN": 256, "H": 1, "HQ": 16, "D": 64, "S": 4, "block_size": 16, "is_causal": true}, "candidate": "baseline", "phase": "compile_correctness"}
{"case": {"B": 1, "SEQ_LEN": 256, "H": 1, "HQ": 16, "D": 64, "S": 4, "block_size": 16, "is_causal": true}, "candidate": "candidate", "phase": "compile_correctness"}
2026-09-07 11:04:49  [TileLang:tilelang.cache.kernel_cache:WARNING] (kernel_cache.py:342): Found kernel 'kernel' in memory cache. For better performance, consider using `@tilelang.jit` instead of direct kernel caching.
{"case": {"B": 1, "SEQ_LEN": 256, "H": 1, "HQ": 16, "D": 64, "S": 4, "block_size": 16, "is_causal": true}, "seed": 385, "status": "PASS", "call_event_ms": {"baseline": [0.015667200088500977, 0.015462400019168853, 0.015462400019168853, 0.015488000214099884], "candidate": [0.015564799308776855, 0.015513600409030914, 0.015462400019168853, 0.015411199629306793]}, "median_ms": {"baseline": 0.015475200116634369, "candidate": 0.015488000214099884}, "baseline_over_candidate": 0.9991735474374631}
{"case": {"B": 2, "SEQ_LEN": 512, "H": 1, "HQ": 16, "D": 64, "S": 4, "block_size": 16, "is_causal": true}, "candidate": "baseline", "phase": "compile_correctness"}
{"case": {"B": 2, "SEQ_LEN": 512, "H": 1, "HQ": 16, "D": 64, "S": 4, "block_size": 16, "is_causal": true}, "candidate": "candidate", "phase": "compile_correctness"}
{"case": {"B": 2, "SEQ_LEN": 512, "H": 1, "HQ": 16, "D": 64, "S": 4, "block_size": 16, "is_causal": true}, "seed": 385, "status": "PASS", "call_event_ms": {"baseline": [0.029440000653266907, 0.02895359992980957, 0.02900480031967163, 0.028697600960731505], "candidate": [0.01960960030555725, 0.0194815993309021, 0.01945600062608719, 0.01943040043115616]}, "median_ms": {"baseline": 0.0289792001247406, "candidate": 0.019468799978494645}, "baseline_over_candidate": 1.48849441962274}
{"case": {"B": 4, "SEQ_LEN": 1024, "H": 1, "HQ": 16, "D": 64, "S": 4, "block_size": 16, "is_causal": true}, "candidate": "baseline", "phase": "compile_correctness"}
{"case": {"B": 4, "SEQ_LEN": 1024, "H": 1, "HQ": 16, "D": 64, "S": 4, "block_size": 16, "is_causal": true}, "candidate": "candidate", "phase": "compile_correctness"}
{"case": {"B": 4, "SEQ_LEN": 1024, "H": 1, "HQ": 16, "D": 64, "S": 4, "block_size": 16, "is_causal": true}, "seed": 385, "status": "PASS", "call_event_ms": {"baseline": [0.07866880297660828, 0.07807999849319458, 0.07805439829826355, 0.07772160172462464], "candidate": [0.05775359869003296, 0.05775359869003296, 0.057651197910308837, 0.0577023983001709]}, "median_ms": {"baseline": 0.07806719839572906, "candidate": 0.05772799849510193}, "baseline_over_candidate": 1.3523281671085976}
{"case": {"B": 1, "SEQ_LEN": 256, "H": 1, "HQ": 16, "D": 64, "S": 8, "block_size": 16, "is_causal": true}, "candidate": "baseline", "phase": "compile_correctness"}
{"case": {"B": 1, "SEQ_LEN": 256, "H": 1, "HQ": 16, "D": 64, "S": 8, "block_size": 16, "is_causal": true}, "candidate": "candidate", "phase": "compile_correctness"}
2026-09-07 11:04:50  [TileLang:tilelang.cache.kernel_cache:WARNING] (kernel_cache.py:342): Found kernel 'kernel' in memory cache. For better performance, consider using `@tilelang.jit` instead of direct kernel caching.
{"case": {"B": 1, "SEQ_LEN": 256, "H": 1, "HQ": 16, "D": 64, "S": 8, "block_size": 16, "is_causal": true}, "seed": 385, "status": "PASS", "call_event_ms": {"baseline": [0.0247296005487442, 0.02452480047941208, 0.024422399699687958, 0.024422399699687958], "candidate": [0.02465279996395111, 0.02455040067434311, 0.02447360008955002, 0.024422399699687958]}, "median_ms": {"baseline": 0.02447360008955002, "candidate": 0.024512000381946564}, "baseline_over_candidate": 0.9984334084612356}
{"case": {"B": 2, "SEQ_LEN": 512, "H": 1, "HQ": 16, "D": 64, "S": 8, "block_size": 16, "is_causal": true}, "candidate": "baseline", "phase": "compile_correctness"}
{"case": {"B": 2, "SEQ_LEN": 512, "H": 1, "HQ": 16, "D": 64, "S": 8, "block_size": 16, "is_causal": true}, "candidate": "candidate", "phase": "compile_correctness"}
2026-09-07 11:04:50  [TileLang:tilelang.cache.kernel_cache:WARNING] (kernel_cache.py:342): Found kernel 'kernel' in memory cache. For better performance, consider using `@tilelang.jit` instead of direct kernel caching.
{"case": {"B": 2, "SEQ_LEN": 512, "H": 1, "HQ": 16, "D": 64, "S": 8, "block_size": 16, "is_causal": true}, "seed": 385, "status": "PASS", "call_event_ms": {"baseline": [0.04103679955005646, 0.04083200097084046, 0.040780800580978396, 0.04101119935512543], "candidate": [0.040934398770332336, 0.040780800580978396, 0.040780800580978396, 0.040755200386047366]}, "median_ms": {"baseline": 0.04092160016298294, "candidate": 0.040780800580978396}, "baseline_over_candidate": 1.0034525948485233}
{"case": {"B": 4, "SEQ_LEN": 1024, "H": 1, "HQ": 16, "D": 64, "S": 8, "block_size": 16, "is_causal": true}, "candidate": "baseline", "phase": "compile_correctness"}
{"case": {"B": 4, "SEQ_LEN": 1024, "H": 1, "HQ": 16, "D": 64, "S": 8, "block_size": 16, "is_causal": true}, "candidate": "candidate", "phase": "compile_correctness"}
2026-09-07 11:04:50  [TileLang:tilelang.cache.kernel_cache:WARNING] (kernel_cache.py:342): Found kernel 'kernel' in memory cache. For better performance, consider using `@tilelang.jit` instead of direct kernel caching.
{"case": {"B": 4, "SEQ_LEN": 1024, "H": 1, "HQ": 16, "D": 64, "S": 8, "block_size": 16, "is_causal": true}, "seed": 385, "status": "PASS", "call_event_ms": {"baseline": [0.12436480522155761, 0.12357120513916016, 0.12364799976348877, 0.12385280132293701], "candidate": [0.12344319820404052, 0.1235200047492981, 0.12369920015335083, 0.12377599477767945]}, "median_ms": {"baseline": 0.12375040054321289, "candidate": 0.12360960245132446}, "baseline_over_candidate": 1.0011390546454015}
{"case": {"B": 1, "SEQ_LEN": 1024, "H": 1, "HQ": 16, "D": 128, "S": 1, "block_size": 32, "is_causal": true}, "candidate": "baseline", "phase": "compile_correctness"}
{"case": {"B": 1, "SEQ_LEN": 1024, "H": 1, "HQ": 16, "D": 128, "S": 1, "block_size": 32, "is_causal": true}, "candidate": "candidate", "phase": "compile_correctness"}
{"case": {"B": 1, "SEQ_LEN": 1024, "H": 1, "HQ": 16, "D": 128, "S": 1, "block_size": 32, "is_causal": true}, "seed": 385, "status": "PASS", "call_event_ms": {"baseline": [0.024371199309825897, 0.02380799949169159, 0.02388480007648468, 0.02385919988155365], "candidate": [0.021580800414085388, 0.021247999370098115, 0.021401600539684297, 0.021273599565029146]}, "median_ms": {"baseline": 0.023871999979019166, "candidate": 0.02133760005235672}, "baseline_over_candidate": 1.1187762410225943}
{"case": {"B": 2, "SEQ_LEN": 1024, "H": 1, "HQ": 16, "D": 128, "S": 1, "block_size": 32, "is_causal": true}, "candidate": "baseline", "phase": "compile_correctness"}
{"case": {"B": 2, "SEQ_LEN": 1024, "H": 1, "HQ": 16, "D": 128, "S": 1, "block_size": 32, "is_causal": true}, "candidate": "candidate", "phase": "compile_correctness"}
{"case": {"B": 2, "SEQ_LEN": 1024, "H": 1, "HQ": 16, "D": 128, "S": 1, "block_size": 32, "is_causal": true}, "seed": 385, "status": "PASS", "call_event_ms": {"baseline": [0.04444159865379334, 0.04382719993591309, 0.04405759871006012, 0.04433920085430145], "candidate": [0.03361279964447021, 0.03353599905967712, 0.033792001008987424, 0.03371520042419433]}, "median_ms": {"baseline": 0.044198399782180785, "candidate": 0.03366400003433227}, "baseline_over_candidate": 1.3129277488446112}
{"case": {"B": 4, "SEQ_LEN": 512, "H": 1, "HQ": 16, "D": 128, "S": 1, "block_size": 32, "is_causal": true}, "candidate": "baseline", "phase": "compile_correctness"}
{"case": {"B": 4, "SEQ_LEN": 512, "H": 1, "HQ": 16, "D": 128, "S": 1, "block_size": 32, "is_causal": true}, "candidate": "candidate", "phase": "compile_correctness"}
{"case": {"B": 4, "SEQ_LEN": 512, "H": 1, "HQ": 16, "D": 128, "S": 1, "block_size": 32, "is_causal": true}, "seed": 385, "status": "PASS", "call_event_ms": {"baseline": [0.045798400044441225, 0.04500479996204376, 0.045132800936698914, 0.045132800936698914], "candidate": [0.034227201342582704, 0.03407360017299652, 0.03404799997806549, 0.034380799531936644]}, "median_ms": {"baseline": 0.045132800936698914, "candidate": 0.03415040075778961}, "baseline_over_candidate": 1.321589203500174}
{"case": {"B": 8, "SEQ_LEN": 256, "H": 1, "HQ": 16, "D": 128, "S": 1, "block_size": 32, "is_causal": true}, "candidate": "baseline", "phase": "compile_correctness"}
{"case": {"B": 8, "SEQ_LEN": 256, "H": 1, "HQ": 16, "D": 128, "S": 1, "block_size": 32, "is_causal": true}, "candidate": "candidate", "phase": "compile_correctness"}
{"case": {"B": 8, "SEQ_LEN": 256, "H": 1, "HQ": 16, "D": 128, "S": 1, "block_size": 32, "is_causal": true}, "seed": 385, "status": "PASS", "call_event_ms": {"baseline": [0.04459519982337952, 0.04413439929485321, 0.0440064013004303, 0.04390400052070618], "candidate": [0.03412480056285858, 0.03394559919834137, 0.0339711993932724, 0.03404799997806549]}, "median_ms": {"baseline": 0.044070400297641754, "candidate": 0.03400959968566895}, "baseline_over_candidate": 1.295822376768882}
{"case": {"B": 1, "SEQ_LEN": 2048, "H": 1, "HQ": 16, "D": 32, "S": 1, "block_size": 16, "is_causal": true}, "candidate": "baseline", "phase": "compile_correctness"}
{"case": {"B": 1, "SEQ_LEN": 2048, "H": 1, "HQ": 16, "D": 32, "S": 1, "block_size": 16, "is_causal": true}, "candidate": "candidate", "phase": "compile_correctness"}
2026-09-07 11:04:51  [TileLang:tilelang.cache.kernel_cache:WARNING] (kernel_cache.py:342): Found kernel 'kernel' in memory cache. For better performance, consider using `@tilelang.jit` instead of direct kernel caching.
{"case": {"B": 1, "SEQ_LEN": 2048, "H": 1, "HQ": 16, "D": 32, "S": 1, "block_size": 16, "is_causal": true}, "seed": 385, "status": "PASS", "call_event_ms": {"baseline": [0.011264000087976456, 0.010521599650382995, 0.010367999970912933, 0.010265599936246872], "candidate": [0.010777600109577179, 0.010470400005578995, 0.010239999741315842, 0.010521599650382995]}, "median_ms": {"baseline": 0.010444799810647963, "candidate": 0.010495999827980995}, "baseline_over_candidate": 0.9951219494881718}
{"case": {"B": 4, "SEQ_LEN": 2048, "H": 1, "HQ": 16, "D": 32, "S": 1, "block_size": 16, "is_causal": true}, "candidate": "baseline", "phase": "compile_correctness"}
{"case": {"B": 4, "SEQ_LEN": 2048, "H": 1, "HQ": 16, "D": 32, "S": 1, "block_size": 16, "is_causal": true}, "candidate": "candidate", "phase": "compile_correctness"}
{"case": {"B": 4, "SEQ_LEN": 2048, "H": 1, "HQ": 16, "D": 32, "S": 1, "block_size": 16, "is_causal": true}, "seed": 385, "status": "PASS", "call_event_ms": {"baseline": [0.024780799448490144, 0.024320000410079957, 0.024320000410079957, 0.02449920028448105], "candidate": [0.024063999950885772, 0.02388480007648468, 0.023705600202083586, 0.02398719936609268]}, "median_ms": {"baseline": 0.024409600347280503, "candidate": 0.02393599972128868}, "baseline_over_candidate": 1.0197861226398077}
{"case": {"B": 8, "SEQ_LEN": 2048, "H": 1, "HQ": 16, "D": 32, "S": 1, "block_size": 16, "is_causal": true}, "candidate": "baseline", "phase": "compile_correctness"}
{"case": {"B": 8, "SEQ_LEN": 2048, "H": 1, "HQ": 16, "D": 32, "S": 1, "block_size": 16, "is_causal": true}, "candidate": "candidate", "phase": "compile_correctness"}
{"case": {"B": 8, "SEQ_LEN": 2048, "H": 1, "HQ": 16, "D": 32, "S": 1, "block_size": 16, "is_causal": true}, "seed": 385, "status": "PASS", "call_event_ms": {"baseline": [0.04147199988365173, 0.0409855991601944, 0.04190720021724701, 0.04149760007858276], "candidate": [0.03937279880046844, 0.03916800022125244, 0.03916800022125244, 0.03919360041618347]}, "median_ms": {"baseline": 0.041484799981117246, "candidate": 0.03918080031871796}, "baseline_over_candidate": 1.058804303221407}
{"case": {"B": 1, "SEQ_LEN": 48, "H": 1, "HQ": 16, "D": 32, "S": 1, "block_size": 16, "is_causal": true}, "candidate": "baseline", "phase": "compile_correctness"}
{"case": {"B": 1, "SEQ_LEN": 48, "H": 1, "HQ": 16, "D": 32, "S": 1, "block_size": 16, "is_causal": true}, "candidate": "candidate", "phase": "compile_correctness"}
2026-09-07 11:04:52  [TileLang:tilelang.cache.kernel_cache:WARNING] (kernel_cache.py:342): Found kernel 'kernel' in memory cache. For better performance, consider using `@tilelang.jit` instead of direct kernel caching.
{"case": {"B": 1, "SEQ_LEN": 48, "H": 1, "HQ": 16, "D": 32, "S": 1, "block_size": 16, "is_causal": true}, "seed": 385, "status": "PASS", "call_event_ms": {"baseline": [0.011135999858379365, 0.010444799810647965, 0.010291200131177902, 0.010188800096511842], "candidate": [0.010470400005578995, 0.010444799810647965, 0.010239999741315842, 0.010137599706649781]}, "median_ms": {"baseline": 0.010367999970912933, "candidate": 0.010342399775981902}, "baseline_over_candidate": 1.002475266426123}
{"case": {"B": 2, "SEQ_LEN": 48, "H": 1, "HQ": 16, "D": 32, "S": 1, "block_size": 16, "is_causal": true}, "candidate": "baseline", "phase": "compile_correctness"}
{"case": {"B": 2, "SEQ_LEN": 48, "H": 1, "HQ": 16, "D": 32, "S": 1, "block_size": 16, "is_causal": true}, "candidate": "candidate", "phase": "compile_correctness"}
2026-09-07 11:04:52  [TileLang:tilelang.cache.kernel_cache:WARNING] (kernel_cache.py:342): Found kernel 'kernel' in memory cache. For better performance, consider using `@tilelang.jit` instead of direct kernel caching.
{"case": {"B": 2, "SEQ_LEN": 48, "H": 1, "HQ": 16, "D": 32, "S": 1, "block_size": 16, "is_causal": true}, "seed": 385, "status": "PASS", "call_event_ms": {"baseline": [0.011110399663448334, 0.010214400291442872, 0.01011200025677681, 0.010035199671983719], "candidate": [0.010623999685049058, 0.010342399775981902, 0.010265599936246872, 0.010188800096511842]}, "median_ms": {"baseline": 0.01016320027410984, "candidate": 0.010303999856114387}, "baseline_over_candidate": 0.9863354441022243}
{"case": {"B": 4, "SEQ_LEN": 48, "H": 1, "HQ": 16, "D": 32, "S": 1, "block_size": 16, "is_causal": true}, "candidate": "baseline", "phase": "compile_correctness"}
{"case": {"B": 4, "SEQ_LEN": 48, "H": 1, "HQ": 16, "D": 32, "S": 1, "block_size": 16, "is_causal": true}, "candidate": "candidate", "phase": "compile_correctness"}
2026-09-07 11:04:52  [TileLang:tilelang.cache.kernel_cache:WARNING] (kernel_cache.py:342): Found kernel 'kernel' in memory cache. For better performance, consider using `@tilelang.jit` instead of direct kernel caching.
{"case": {"B": 4, "SEQ_LEN": 48, "H": 1, "HQ": 16, "D": 32, "S": 1, "block_size": 16, "is_causal": true}, "seed": 385, "status": "PASS", "call_event_ms": {"baseline": [0.01088000014424324, 0.010035199671983719, 0.010137599706649781, 0.010009600222110749], "candidate": [0.010521599650382995, 0.010265599936246872, 0.010188800096511842, 0.010137599706649781]}, "median_ms": {"baseline": 0.010086399689316749, "candidate": 0.010227200016379357}, "baseline_over_candidate": 0.9862327590311024}
{"case": {"B": 8, "SEQ_LEN": 48, "H": 1, "HQ": 16, "D": 32, "S": 1, "block_size": 16, "is_causal": true}, "candidate": "baseline", "phase": "compile_correctness"}
{"case": {"B": 8, "SEQ_LEN": 48, "H": 1, "HQ": 16, "D": 32, "S": 1, "block_size": 16, "is_causal": true}, "candidate": "candidate", "phase": "compile_correctness"}
2026-09-07 11:04:53  [TileLang:tilelang.cache.kernel_cache:WARNING] (kernel_cache.py:342): Found kernel 'kernel' in memory cache. For better performance, consider using `@tilelang.jit` instead of direct kernel caching.
{"case": {"B": 8, "SEQ_LEN": 48, "H": 1, "HQ": 16, "D": 32, "S": 1, "block_size": 16, "is_causal": true}, "seed": 385, "status": "PASS", "call_event_ms": {"baseline": [0.011187200248241425, 0.010137599706649781, 0.010367999970912933, 0.010086400061845779], "candidate": [0.010547199845314026, 0.010239999741315842, 0.010188800096511842, 0.010188800096511842]}, "median_ms": {"baseline": 0.010252799838781357, "candidate": 0.010214399918913842}, "baseline_over_candidate": 1.0037593906810336}
{"case": {"B": 1, "SEQ_LEN": 96, "H": 1, "HQ": 16, "D": 32, "S": 1, "block_size": 16, "is_causal": true}, "candidate": "baseline", "phase": "compile_correctness"}
{"case": {"B": 1, "SEQ_LEN": 96, "H": 1, "HQ": 16, "D": 32, "S": 1, "block_size": 16, "is_causal": true}, "candidate": "candidate", "phase": "compile_correctness"}
2026-09-07 11:04:53  [TileLang:tilelang.cache.kernel_cache:WARNING] (kernel_cache.py:342): Found kernel 'kernel' in memory cache. For better performance, consider using `@tilelang.jit` instead of direct kernel caching.
{"case": {"B": 1, "SEQ_LEN": 96, "H": 1, "HQ": 16, "D": 32, "S": 1, "block_size": 16, "is_causal": true}, "seed": 385, "status": "PASS", "call_event_ms": {"baseline": [0.010828799754381179, 0.010137599706649781, 0.010086400061845779, 0.009958399832248688], "candidate": [0.010291200131177902, 0.010137599706649781, 0.009932799637317658, 0.010086400061845779]}, "median_ms": {"baseline": 0.01011199988424778, "candidate": 0.01011199988424778}, "baseline_over_candidate": 1.0}
{"case": {"B": 2, "SEQ_LEN": 96, "H": 1, "HQ": 16, "D": 32, "S": 1, "block_size": 16, "is_causal": true}, "candidate": "baseline", "phase": "compile_correctness"}
{"case": {"B": 2, "SEQ_LEN": 96, "H": 1, "HQ": 16, "D": 32, "S": 1, "block_size": 16, "is_causal": true}, "candidate": "candidate", "phase": "compile_correctness"}
2026-09-07 11:04:53  [TileLang:tilelang.cache.kernel_cache:WARNING] (kernel_cache.py:342): Found kernel 'kernel' in memory cache. For better performance, consider using `@tilelang.jit` instead of direct kernel caching.
{"case": {"B": 2, "SEQ_LEN": 96, "H": 1, "HQ": 16, "D": 32, "S": 1, "block_size": 16, "is_causal": true}, "seed": 385, "status": "PASS", "call_event_ms": {"baseline": [0.011135999858379365, 0.010214400291442872, 0.010188800096511842, 0.010086400061845779], "candidate": [0.010572800040245056, 0.010316800326108932, 0.010086400061845779, 0.010060799866914749]}, "median_ms": {"baseline": 0.010201600193977357, "candidate": 0.010201600193977357}, "baseline_over_candidate": 1.0}
{"case": {"B": 4, "SEQ_LEN": 96, "H": 1, "HQ": 16, "D": 32, "S": 1, "block_size": 16, "is_causal": true}, "candidate": "baseline", "phase": "compile_correctness"}
{"case": {"B": 4, "SEQ_LEN": 96, "H": 1, "HQ": 16, "D": 32, "S": 1, "block_size": 16, "is_causal": true}, "candidate": "candidate", "phase": "compile_correctness"}
2026-09-07 11:04:53  [TileLang:tilelang.cache.kernel_cache:WARNING] (kernel_cache.py:342): Found kernel 'kernel' in memory cache. For better performance, consider using `@tilelang.jit` instead of direct kernel caching.
{"case": {"B": 4, "SEQ_LEN": 96, "H": 1, "HQ": 16, "D": 32, "S": 1, "block_size": 16, "is_causal": true}, "seed": 385, "status": "PASS", "call_event_ms": {"baseline": [0.011135999858379365, 0.010393600165843963, 0.010214400291442872, 0.010214400291442872], "candidate": [0.010547199845314026, 0.010316800326108932, 0.010393600165843963, 0.010393600165843963]}, "median_ms": {"baseline": 0.010304000228643417, "candidate": 0.010393600165843963}, "baseline_over_candidate": 0.9913793165245096}
{"case": {"B": 8, "SEQ_LEN": 96, "H": 1, "HQ": 16, "D": 32, "S": 1, "block_size": 16, "is_causal": true}, "candidate": "baseline", "phase": "compile_correctness"}
{"case": {"B": 8, "SEQ_LEN": 96, "H": 1, "HQ": 16, "D": 32, "S": 1, "block_size": 16, "is_causal": true}, "candidate": "candidate", "phase": "compile_correctness"}
2026-09-07 11:04:53  [TileLang:tilelang.cache.kernel_cache:WARNING] (kernel_cache.py:342): Found kernel 'kernel' in memory cache. For better performance, consider using `@tilelang.jit` instead of direct kernel caching.
{"case": {"B": 8, "SEQ_LEN": 96, "H": 1, "HQ": 16, "D": 32, "S": 1, "block_size": 16, "is_causal": true}, "seed": 385, "status": "PASS", "call_event_ms": {"baseline": [0.011264000087976456, 0.010444799810647965, 0.010291200131177902, 0.010188800096511842], "candidate": [0.010521599650382995, 0.010291200131177902, 0.010291200131177902, 0.010214400291442872]}, "median_ms": {"baseline": 0.010367999970912933, "candidate": 0.010291200131177902}, "baseline_over_candidate": 1.0074626708990295}
{"case": {"B": 1, "SEQ_LEN": 4096, "H": 1, "HQ": 16, "D": 64, "S": 1, "block_size": 16, "is_causal": true}, "candidate": "baseline", "phase": "compile_correctness"}
{"case": {"B": 1, "SEQ_LEN": 4096, "H": 1, "HQ": 16, "D": 64, "S": 1, "block_size": 16, "is_causal": true}, "candidate": "candidate", "phase": "compile_correctness"}
2026-09-07 11:04:54  [TileLang:tilelang.cache.kernel_cache:WARNING] (kernel_cache.py:342): Found kernel 'kernel' in memory cache. For better performance, consider using `@tilelang.jit` instead of direct kernel caching.
{"case": {"B": 1, "SEQ_LEN": 4096, "H": 1, "HQ": 16, "D": 64, "S": 1, "block_size": 16, "is_causal": true}, "seed": 385, "status": "PASS", "call_event_ms": {"baseline": [0.029465600848197937, 0.02910720109939575, 0.029542401432991028, 0.029414400458335876], "candidate": [0.029747200012207032, 0.029849600791931153, 0.02959359884262085, 0.029747200012207032]}, "median_ms": {"baseline": 0.029440000653266907, "candidate": 0.029747200012207032}, "baseline_over_candidate": 0.989672999179282}
{"case": {"B": 1, "SEQ_LEN": 4096, "H": 1, "HQ": 16, "D": 128, "S": 1, "block_size": 16, "is_causal": true}, "candidate": "baseline", "phase": "compile_correctness"}
{"case": {"B": 1, "SEQ_LEN": 4096, "H": 1, "HQ": 16, "D": 128, "S": 1, "block_size": 16, "is_causal": true}, "candidate": "candidate", "phase": "compile_correctness"}
{"case": {"B": 1, "SEQ_LEN": 4096, "H": 1, "HQ": 16, "D": 128, "S": 1, "block_size": 16, "is_causal": true}, "seed": 385, "status": "PASS", "call_event_ms": {"baseline": [0.05744640231132507, 0.05644800066947937, 0.056831997632980344, 0.05678079724311828], "candidate": [0.04902400076389313, 0.0492031991481781, 0.04840959906578064, 0.04907520115375519]}, "median_ms": {"baseline": 0.056806397438049314, "candidate": 0.04904960095882416}, "baseline_over_candidate": 1.158141887550457}
{"case": {"B": 2, "SEQ_LEN": 4096, "H": 1, "HQ": 16, "D": 64, "S": 1, "block_size": 16, "is_causal": true}, "candidate": "baseline", "phase": "compile_correctness"}
{"case": {"B": 2, "SEQ_LEN": 4096, "H": 1, "HQ": 16, "D": 64, "S": 1, "block_size": 16, "is_causal": true}, "candidate": "candidate", "phase": "compile_correctness"}
2026-09-07 11:04:54  [TileLang:tilelang.cache.kernel_cache:WARNING] (kernel_cache.py:342): Found kernel 'kernel' in memory cache. For better performance, consider using `@tilelang.jit` instead of direct kernel caching.
{"case": {"B": 2, "SEQ_LEN": 4096, "H": 1, "HQ": 16, "D": 64, "S": 1, "block_size": 16, "is_causal": true}, "seed": 385, "status": "PASS", "call_event_ms": {"baseline": [0.04927999973297119, 0.04961279928684235, 0.04951040148735046, 0.04933120012283325], "candidate": [0.04912639856338501, 0.04915199875831604, 0.04915199875831604, 0.04925439953804016]}, "median_ms": {"baseline": 0.049420800805091855, "candidate": 0.04915199875831604}, "baseline_over_candidate": 1.0054687917799139}
{"case": {"B": 4, "SEQ_LEN": 4096, "H": 1, "HQ": 16, "D": 64, "S": 1, "block_size": 16, "is_causal": true}, "candidate": "baseline", "phase": "compile_correctness"}
{"case": {"B": 4, "SEQ_LEN": 4096, "H": 1, "HQ": 16, "D": 64, "S": 1, "block_size": 16, "is_causal": true}, "candidate": "candidate", "phase": "compile_correctness"}
2026-09-07 11:04:55  [TileLang:tilelang.cache.kernel_cache:WARNING] (kernel_cache.py:342): Found kernel 'kernel' in memory cache. For better performance, consider using `@tilelang.jit` instead of direct kernel caching.
{"case": {"B": 4, "SEQ_LEN": 4096, "H": 1, "HQ": 16, "D": 64, "S": 1, "block_size": 16, "is_causal": true}, "seed": 385, "status": "PASS", "call_event_ms": {"baseline": [0.08929280042648316, 0.08988159894943237, 0.08880640268325805, 0.08888319730758668], "candidate": [0.08893439769744874, 0.08944640159606934, 0.08878080248832702, 0.08791040182113648]}, "median_ms": {"baseline": 0.08908799886703492, "candidate": 0.08885760009288787}, "baseline_over_candidate": 1.00259289890686}
{"case": {"B": 8, "SEQ_LEN": 4096, "H": 1, "HQ": 16, "D": 64, "S": 1, "block_size": 16, "is_causal": true}, "candidate": "baseline", "phase": "compile_correctness"}
{"case": {"B": 8, "SEQ_LEN": 4096, "H": 1, "HQ": 16, "D": 64, "S": 1, "block_size": 16, "is_causal": true}, "candidate": "candidate", "phase": "compile_correctness"}
2026-09-07 11:04:55  [TileLang:tilelang.cache.kernel_cache:WARNING] (kernel_cache.py:342): Found kernel 'kernel' in memory cache. For better performance, consider using `@tilelang.jit` instead of direct kernel caching.
{"case": {"B": 8, "SEQ_LEN": 4096, "H": 1, "HQ": 16, "D": 64, "S": 1, "block_size": 16, "is_causal": true}, "seed": 385, "status": "PASS", "call_event_ms": {"baseline": [0.16878080368041992, 0.16778240203857422, 0.16824320554733277, 0.1691648006439209], "candidate": [0.16972800493240356, 0.16929279565811156, 0.16760319471359253, 0.16829440593719483]}, "median_ms": {"baseline": 0.16851200461387633, "candidate": 0.1687936007976532}, "baseline_over_candidate": 0.9983317129177518}
{"case": {"B": 1, "SEQ_LEN": 8192, "H": 1, "HQ": 16, "D": 64, "S": 1, "block_size": 16, "is_causal": true}, "candidate": "baseline", "phase": "compile_correctness"}
{"case": {"B": 1, "SEQ_LEN": 8192, "H": 1, "HQ": 16, "D": 64, "S": 1, "block_size": 16, "is_causal": true}, "candidate": "candidate", "phase": "compile_correctness"}
2026-09-07 11:04:56  [TileLang:tilelang.cache.kernel_cache:WARNING] (kernel_cache.py:342): Found kernel 'kernel' in memory cache. For better performance, consider using `@tilelang.jit` instead of direct kernel caching.
{"case": {"B": 1, "SEQ_LEN": 8192, "H": 1, "HQ": 16, "D": 64, "S": 1, "block_size": 16, "is_causal": true}, "seed": 385, "status": "PASS", "call_event_ms": {"baseline": [0.04940800070762634, 0.04961279928684235, 0.04991999864578247, 0.0492031991481781], "candidate": [0.04922879934310913, 0.0497408002614975, 0.05009920001029968, 0.05053439736366272]}, "median_ms": {"baseline": 0.04951039999723435, "candidate": 0.04992000013589859}, "baseline_over_candidate": 0.9917948690394797}
{"case": {"B": 1, "SEQ_LEN": 8192, "H": 1, "HQ": 16, "D": 128, "S": 1, "block_size": 16, "is_causal": true}, "candidate": "baseline", "phase": "compile_correctness"}
{"case": {"B": 1, "SEQ_LEN": 8192, "H": 1, "HQ": 16, "D": 128, "S": 1, "block_size": 16, "is_causal": true}, "candidate": "candidate", "phase": "compile_correctness"}
{"case": {"B": 1, "SEQ_LEN": 8192, "H": 1, "HQ": 16, "D": 128, "S": 1, "block_size": 16, "is_causal": true}, "seed": 385, "status": "PASS", "call_event_ms": {"baseline": [0.10324480533599853, 0.10229760408401489, 0.10147839784622192, 0.10204160213470459], "candidate": [0.09374719858169556, 0.09405440092086792, 0.09267200231552124, 0.09297919869422913]}, "median_ms": {"baseline": 0.10216960310935974, "candidate": 0.09336319863796234}, "baseline_over_candidate": 1.0943241512702053}
{"case": {"B": 2, "SEQ_LEN": 8192, "H": 1, "HQ": 16, "D": 64, "S": 1, "block_size": 16, "is_causal": true}, "candidate": "baseline", "phase": "compile_correctness"}
{"case": {"B": 2, "SEQ_LEN": 8192, "H": 1, "HQ": 16, "D": 64, "S": 1, "block_size": 16, "is_causal": true}, "candidate": "candidate", "phase": "compile_correctness"}
2026-09-07 11:04:57  [TileLang:tilelang.cache.kernel_cache:WARNING] (kernel_cache.py:342): Found kernel 'kernel' in memory cache. For better performance, consider using `@tilelang.jit` instead of direct kernel caching.
{"case": {"B": 2, "SEQ_LEN": 8192, "H": 1, "HQ": 16, "D": 64, "S": 1, "block_size": 16, "is_causal": true}, "seed": 385, "status": "PASS", "call_event_ms": {"baseline": [0.09006080031394958, 0.08944640159606934, 0.08880640268325805, 0.08944640159606934], "candidate": [0.09044479727745056, 0.08957440257072449, 0.09034240245819092, 0.08954880237579346]}, "median_ms": {"baseline": 0.08944640159606934, "candidate": 0.0899584025144577}, "baseline_over_candidate": 0.9943084703143091}
{"case": {"B": 4, "SEQ_LEN": 8192, "H": 1, "HQ": 16, "D": 32, "S": 1, "block_size": 16, "is_causal": true}, "candidate": "baseline", "phase": "compile_correctness"}
{"case": {"B": 4, "SEQ_LEN": 8192, "H": 1, "HQ": 16, "D": 32, "S": 1, "block_size": 16, "is_causal": true}, "candidate": "candidate", "phase": "compile_correctness"}
{"case": {"B": 4, "SEQ_LEN": 8192, "H": 1, "HQ": 16, "D": 32, "S": 1, "block_size": 16, "is_causal": true}, "seed": 385, "status": "PASS", "call_event_ms": {"baseline": [0.07500799894332885, 0.07500799894332885, 0.07439360022544861, 0.0744704008102417], "candidate": [0.0711679995059967, 0.07080960273742676, 0.07098879814147949, 0.07103999853134155]}, "median_ms": {"baseline": 0.07473919987678528, "candidate": 0.07101439833641052}, "baseline_over_candidate": 1.0524513567337368}
{"case": {"B": 1, "SEQ_LEN": 16384, "H": 1, "HQ": 16, "D": 32, "S": 1, "block_size": 16, "is_causal": true}, "candidate": "baseline", "phase": "compile_correctness"}
{"case": {"B": 1, "SEQ_LEN": 16384, "H": 1, "HQ": 16, "D": 32, "S": 1, "block_size": 16, "is_causal": true}, "candidate": "candidate", "phase": "compile_correctness"}
{"case": {"B": 1, "SEQ_LEN": 16384, "H": 1, "HQ": 16, "D": 32, "S": 1, "block_size": 16, "is_causal": true}, "seed": 385, "status": "PASS", "call_event_ms": {"baseline": [0.04193280041217804, 0.04139519929885864, 0.04139519929885864, 0.04157440066337585], "candidate": [0.03975679874420166, 0.03973119854927063, 0.039680001139640805, 0.0404992014169693]}, "median_ms": {"baseline": 0.041484799981117246, "candidate": 0.039743998646736146}, "baseline_over_candidate": 1.043800357126976}
{"case": {"B": 1, "SEQ_LEN": 16384, "H": 1, "HQ": 16, "D": 64, "S": 1, "block_size": 16, "is_causal": true}, "candidate": "baseline", "phase": "compile_correctness"}
{"case": {"B": 1, "SEQ_LEN": 16384, "H": 1, "HQ": 16, "D": 64, "S": 1, "block_size": 16, "is_causal": true}, "candidate": "candidate", "phase": "compile_correctness"}
2026-09-07 11:04:58  [TileLang:tilelang.cache.kernel_cache:WARNING] (kernel_cache.py:342): Found kernel 'kernel' in memory cache. For better performance, consider using `@tilelang.jit` instead of direct kernel caching.
{"case": {"B": 1, "SEQ_LEN": 16384, "H": 1, "HQ": 16, "D": 64, "S": 1, "block_size": 16, "is_causal": true}, "seed": 385, "status": "PASS", "call_event_ms": {"baseline": [0.09233919978141784, 0.09210879802703857, 0.09151999950408936, 0.0913919985294342], "candidate": [0.09105920195579528, 0.09072639942169189, 0.09100800156593322, 0.09049599766731262]}, "median_ms": {"baseline": 0.09181439876556396, "candidate": 0.09086720049381256}, "baseline_over_candidate": 1.0104239843046106}
{"case": {"B": 2, "SEQ_LEN": 16384, "H": 1, "HQ": 16, "D": 32, "S": 1, "block_size": 16, "is_causal": true}, "candidate": "baseline", "phase": "compile_correctness"}
{"case": {"B": 2, "SEQ_LEN": 16384, "H": 1, "HQ": 16, "D": 32, "S": 1, "block_size": 16, "is_causal": true}, "candidate": "candidate", "phase": "compile_correctness"}
{"case": {"B": 2, "SEQ_LEN": 16384, "H": 1, "HQ": 16, "D": 32, "S": 1, "block_size": 16, "is_causal": true}, "seed": 385, "status": "PASS", "call_event_ms": {"baseline": [0.07526400089263915, 0.0752128005027771, 0.07475200295448303, 0.07480319738388061], "candidate": [0.07214080095291138, 0.07147520184516906, 0.07193599939346314, 0.07150080204010009]}, "median_ms": {"baseline": 0.07500799894332885, "candidate": 0.07171840071678162}, "baseline_over_candidate": 1.0458682596609754}
