Loading tilelang libs from dev root: /opt/tilelang-metax-v0.1.10/build
{"case": {"B": 1, "SEQ_LEN": 64, "H": 1, "HQ": 16, "D": 32, "S": 1, "block_size": 16, "is_causal": true}, "candidate": "baseline", "phase": "compile_correctness"}
{"case": {"B": 1, "SEQ_LEN": 64, "H": 1, "HQ": 16, "D": 32, "S": 1, "block_size": 16, "is_causal": true}, "candidate": "candidate", "phase": "compile_correctness"}
2026-09-07 11:35:18  [TileLang:tilelang.cache.kernel_cache:WARNING] (kernel_cache.py:342): Found kernel 'kernel' in memory cache. For better performance, consider using `@tilelang.jit` instead of direct kernel caching.
{"case": {"B": 1, "SEQ_LEN": 64, "H": 1, "HQ": 16, "D": 32, "S": 1, "block_size": 16, "is_causal": true}, "seed": 398, "status": "PASS", "call_event_ms": {"baseline": [0.012928000092506409, 0.010496000200510025, 0.010675200074911118, 0.010675200074911118], "candidate": [0.011212799698114395, 0.010598400235176086, 0.010700800269842149, 0.010751999914646149]}, "median_ms": {"baseline": 0.010675200074911118, "candidate": 0.010726400092244149}, "baseline_over_candidate": 0.995226728735389}
{"case": {"B": 1, "SEQ_LEN": 64, "H": 1, "HQ": 16, "D": 64, "S": 1, "block_size": 16, "is_causal": true}, "candidate": "baseline", "phase": "compile_correctness"}
{"case": {"B": 1, "SEQ_LEN": 64, "H": 1, "HQ": 16, "D": 64, "S": 1, "block_size": 16, "is_causal": true}, "candidate": "candidate", "phase": "compile_correctness"}
2026-09-07 11:35:18  [TileLang:tilelang.cache.kernel_cache:WARNING] (kernel_cache.py:342): Found kernel 'kernel' in memory cache. For better performance, consider using `@tilelang.jit` instead of direct kernel caching.
{"case": {"B": 1, "SEQ_LEN": 64, "H": 1, "HQ": 16, "D": 64, "S": 1, "block_size": 16, "is_causal": true}, "seed": 398, "status": "PASS", "call_event_ms": {"baseline": [0.011264000087976456, 0.010751999914646149, 0.010598400235176086, 0.012006399780511856], "candidate": [0.010649599879980088, 0.010777600109577179, 0.010726399719715118, 0.010367999970912933]}, "median_ms": {"baseline": 0.011008000001311302, "candidate": 0.010687999799847603}, "baseline_over_candidate": 1.0299401391706857}
{"case": {"B": 1, "SEQ_LEN": 64, "H": 1, "HQ": 16, "D": 128, "S": 1, "block_size": 16, "is_causal": true}, "candidate": "baseline", "phase": "compile_correctness"}
{"case": {"B": 1, "SEQ_LEN": 64, "H": 1, "HQ": 16, "D": 128, "S": 1, "block_size": 16, "is_causal": true}, "candidate": "candidate", "phase": "compile_correctness"}
{"case": {"B": 1, "SEQ_LEN": 64, "H": 1, "HQ": 16, "D": 128, "S": 1, "block_size": 16, "is_causal": true}, "seed": 398, "status": "PASS", "call_event_ms": {"baseline": [0.011903999745845795, 0.011264000087976456, 0.011366400122642516, 0.011238399893045425], "candidate": [0.010982400178909302, 0.010496000200510025, 0.010751999914646149, 0.01080320030450821]}, "median_ms": {"baseline": 0.011315200105309486, "candidate": 0.010777600109577179}, "baseline_over_candidate": 1.0498812342512676}
{"case": {"B": 1, "SEQ_LEN": 128, "H": 1, "HQ": 16, "D": 32, "S": 1, "block_size": 16, "is_causal": true}, "candidate": "baseline", "phase": "compile_correctness"}
{"case": {"B": 1, "SEQ_LEN": 128, "H": 1, "HQ": 16, "D": 32, "S": 1, "block_size": 16, "is_causal": true}, "candidate": "candidate", "phase": "compile_correctness"}
2026-09-07 11:35:19  [TileLang:tilelang.cache.kernel_cache:WARNING] (kernel_cache.py:342): Found kernel 'kernel' in memory cache. For better performance, consider using `@tilelang.jit` instead of direct kernel caching.
{"case": {"B": 1, "SEQ_LEN": 128, "H": 1, "HQ": 16, "D": 32, "S": 1, "block_size": 16, "is_causal": true}, "seed": 398, "status": "PASS", "call_event_ms": {"baseline": [0.011392000317573547, 0.010623999685049058, 0.010547199845314026, 0.010572800040245056], "candidate": [0.010956799983978272, 0.010726399719715118, 0.01088000014424324, 0.011417599767446518]}, "median_ms": {"baseline": 0.010598399862647056, "candidate": 0.010918400064110757}, "baseline_over_candidate": 0.9706916581564404}
{"case": {"B": 1, "SEQ_LEN": 128, "H": 1, "HQ": 16, "D": 64, "S": 1, "block_size": 16, "is_causal": true}, "candidate": "baseline", "phase": "compile_correctness"}
{"case": {"B": 1, "SEQ_LEN": 128, "H": 1, "HQ": 16, "D": 64, "S": 1, "block_size": 16, "is_causal": true}, "candidate": "candidate", "phase": "compile_correctness"}
2026-09-07 11:35:19  [TileLang:tilelang.cache.kernel_cache:WARNING] (kernel_cache.py:342): Found kernel 'kernel' in memory cache. For better performance, consider using `@tilelang.jit` instead of direct kernel caching.
{"case": {"B": 1, "SEQ_LEN": 128, "H": 1, "HQ": 16, "D": 64, "S": 1, "block_size": 16, "is_causal": true}, "seed": 398, "status": "PASS", "call_event_ms": {"baseline": [0.011161600053310395, 0.010393600165843963, 0.010444799810647965, 0.010623999685049058], "candidate": [0.01080320030450821, 0.010444799810647965, 0.010649599879980088, 0.011468800157308579]}, "median_ms": {"baseline": 0.010534399747848512, "candidate": 0.010726400092244149}, "baseline_over_candidate": 0.9821002067101278}
{"case": {"B": 1, "SEQ_LEN": 128, "H": 1, "HQ": 16, "D": 128, "S": 1, "block_size": 16, "is_causal": true}, "candidate": "baseline", "phase": "compile_correctness"}
{"case": {"B": 1, "SEQ_LEN": 128, "H": 1, "HQ": 16, "D": 128, "S": 1, "block_size": 16, "is_causal": true}, "candidate": "candidate", "phase": "compile_correctness"}
{"case": {"B": 1, "SEQ_LEN": 128, "H": 1, "HQ": 16, "D": 128, "S": 1, "block_size": 16, "is_causal": true}, "seed": 398, "status": "PASS", "call_event_ms": {"baseline": [0.011903999745845795, 0.011238399893045425, 0.011417599767446518, 0.011366400122642516], "candidate": [0.010828799754381179, 0.010342399775981902, 0.010572800040245056, 0.010623999685049058]}, "median_ms": {"baseline": 0.011391999945044518, "candidate": 0.010598399862647056}, "baseline_over_candidate": 1.0748792357980776}
{"case": {"B": 1, "SEQ_LEN": 256, "H": 1, "HQ": 16, "D": 32, "S": 1, "block_size": 16, "is_causal": true}, "candidate": "baseline", "phase": "compile_correctness"}
{"case": {"B": 1, "SEQ_LEN": 256, "H": 1, "HQ": 16, "D": 32, "S": 1, "block_size": 16, "is_causal": true}, "candidate": "candidate", "phase": "compile_correctness"}
2026-09-07 11:35:19  [TileLang:tilelang.cache.kernel_cache:WARNING] (kernel_cache.py:342): Found kernel 'kernel' in memory cache. For better performance, consider using `@tilelang.jit` instead of direct kernel caching.
{"case": {"B": 1, "SEQ_LEN": 256, "H": 1, "HQ": 16, "D": 32, "S": 1, "block_size": 16, "is_causal": true}, "seed": 398, "status": "PASS", "call_event_ms": {"baseline": [0.011084800213575363, 0.010291200131177902, 0.010367999970912933, 0.010444799810647965], "candidate": [0.010598400235176086, 0.010342399775981902, 0.010496000200510025, 0.010239999741315842]}, "median_ms": {"baseline": 0.01040639989078045, "candidate": 0.010419199988245965}, "baseline_over_candidate": 0.9987714894156984}
{"case": {"B": 1, "SEQ_LEN": 256, "H": 1, "HQ": 16, "D": 64, "S": 1, "block_size": 16, "is_causal": true}, "candidate": "baseline", "phase": "compile_correctness"}
{"case": {"B": 1, "SEQ_LEN": 256, "H": 1, "HQ": 16, "D": 64, "S": 1, "block_size": 16, "is_causal": true}, "candidate": "candidate", "phase": "compile_correctness"}
2026-09-07 11:35:19  [TileLang:tilelang.cache.kernel_cache:WARNING] (kernel_cache.py:342): Found kernel 'kernel' in memory cache. For better performance, consider using `@tilelang.jit` instead of direct kernel caching.
{"case": {"B": 1, "SEQ_LEN": 256, "H": 1, "HQ": 16, "D": 64, "S": 1, "block_size": 16, "is_causal": true}, "seed": 398, "status": "PASS", "call_event_ms": {"baseline": [0.011366400122642516, 0.010726399719715118, 0.010342399775981902, 0.010572800040245056], "candidate": [0.01088000014424324, 0.010470400005578995, 0.010598400235176086, 0.010521599650382995]}, "median_ms": {"baseline": 0.010649599879980088, "candidate": 0.01055999994277954}, "baseline_over_candidate": 1.0084848425839066}
{"case": {"B": 1, "SEQ_LEN": 256, "H": 1, "HQ": 16, "D": 128, "S": 1, "block_size": 16, "is_causal": true}, "candidate": "baseline", "phase": "compile_correctness"}
{"case": {"B": 1, "SEQ_LEN": 256, "H": 1, "HQ": 16, "D": 128, "S": 1, "block_size": 16, "is_causal": true}, "candidate": "candidate", "phase": "compile_correctness"}
{"case": {"B": 1, "SEQ_LEN": 256, "H": 1, "HQ": 16, "D": 128, "S": 1, "block_size": 16, "is_causal": true}, "seed": 398, "status": "PASS", "call_event_ms": {"baseline": [0.01228799968957901, 0.011801599711179733, 0.011519999802112579, 0.011648000031709672], "candidate": [0.011059200018644333, 0.010572800040245056, 0.010521599650382995, 0.010675200074911118]}, "median_ms": {"baseline": 0.011724799871444702, "candidate": 0.010624000057578086}, "baseline_over_candidate": 1.103614439749689}
{"case": {"B": 1, "SEQ_LEN": 512, "H": 1, "HQ": 16, "D": 32, "S": 1, "block_size": 16, "is_causal": true}, "candidate": "baseline", "phase": "compile_correctness"}
{"case": {"B": 1, "SEQ_LEN": 512, "H": 1, "HQ": 16, "D": 32, "S": 1, "block_size": 16, "is_causal": true}, "candidate": "candidate", "phase": "compile_correctness"}
2026-09-07 11:35:20  [TileLang:tilelang.cache.kernel_cache:WARNING] (kernel_cache.py:342): Found kernel 'kernel' in memory cache. For better performance, consider using `@tilelang.jit` instead of direct kernel caching.
{"case": {"B": 1, "SEQ_LEN": 512, "H": 1, "HQ": 16, "D": 32, "S": 1, "block_size": 16, "is_causal": true}, "seed": 398, "status": "PASS", "call_event_ms": {"baseline": [0.011417599767446518, 0.010470400005578995, 0.010496000200510025, 0.010496000200510025], "candidate": [0.01090560033917427, 0.011084800213575363, 0.010547199845314026, 0.010572800040245056]}, "median_ms": {"baseline": 0.010496000200510025, "candidate": 0.010739200189709662}, "baseline_over_candidate": 0.97735399425437}
{"case": {"B": 1, "SEQ_LEN": 512, "H": 1, "HQ": 16, "D": 64, "S": 1, "block_size": 16, "is_causal": true}, "candidate": "baseline", "phase": "compile_correctness"}
{"case": {"B": 1, "SEQ_LEN": 512, "H": 1, "HQ": 16, "D": 64, "S": 1, "block_size": 16, "is_causal": true}, "candidate": "candidate", "phase": "compile_correctness"}
2026-09-07 11:35:20  [TileLang:tilelang.cache.kernel_cache:WARNING] (kernel_cache.py:342): Found kernel 'kernel' in memory cache. For better performance, consider using `@tilelang.jit` instead of direct kernel caching.
{"case": {"B": 1, "SEQ_LEN": 512, "H": 1, "HQ": 16, "D": 64, "S": 1, "block_size": 16, "is_causal": true}, "seed": 398, "status": "PASS", "call_event_ms": {"baseline": [0.01154559999704361, 0.010444799810647965, 0.010496000200510025, 0.010470400005578995], "candidate": [0.010726399719715118, 0.010496000200510025, 0.010828799754381179, 0.010419200360774993]}, "median_ms": {"baseline": 0.01048320010304451, "candidate": 0.010611199960112571}, "baseline_over_candidate": 0.9879372872484534}
{"case": {"B": 1, "SEQ_LEN": 512, "H": 1, "HQ": 16, "D": 128, "S": 1, "block_size": 16, "is_causal": true}, "candidate": "baseline", "phase": "compile_correctness"}
{"case": {"B": 1, "SEQ_LEN": 512, "H": 1, "HQ": 16, "D": 128, "S": 1, "block_size": 16, "is_causal": true}, "candidate": "candidate", "phase": "compile_correctness"}
{"case": {"B": 1, "SEQ_LEN": 512, "H": 1, "HQ": 16, "D": 128, "S": 1, "block_size": 16, "is_causal": true}, "seed": 398, "status": "PASS", "call_event_ms": {"baseline": [0.013568000495433807, 0.013235199451446533, 0.013235199451446533, 0.012876799702644348], "candidate": [0.011392000317573547, 0.011187200248241425, 0.011238399893045425, 0.011289600282907486]}, "median_ms": {"baseline": 0.013235199451446533, "candidate": 0.011264000087976456}, "baseline_over_candidate": 1.1749999421230648}
{"case": {"B": 1, "SEQ_LEN": 1024, "H": 1, "HQ": 16, "D": 32, "S": 1, "block_size": 16, "is_causal": true}, "candidate": "baseline", "phase": "compile_correctness"}
{"case": {"B": 1, "SEQ_LEN": 1024, "H": 1, "HQ": 16, "D": 32, "S": 1, "block_size": 16, "is_causal": true}, "candidate": "candidate", "phase": "compile_correctness"}
2026-09-07 11:35:20  [TileLang:tilelang.cache.kernel_cache:WARNING] (kernel_cache.py:342): Found kernel 'kernel' in memory cache. For better performance, consider using `@tilelang.jit` instead of direct kernel caching.
{"case": {"B": 1, "SEQ_LEN": 1024, "H": 1, "HQ": 16, "D": 32, "S": 1, "block_size": 16, "is_causal": true}, "seed": 398, "status": "PASS", "call_event_ms": {"baseline": [0.011340799927711486, 0.010751999914646149, 0.010470400005578995, 0.010598400235176086], "candidate": [0.011059200018644333, 0.010700800269842149, 0.010700800269842149, 0.010649599879980088]}, "median_ms": {"baseline": 0.010675200074911118, "candidate": 0.010700800269842149}, "baseline_over_candidate": 0.9976076373462293}
{"case": {"B": 1, "SEQ_LEN": 1024, "H": 1, "HQ": 16, "D": 64, "S": 1, "block_size": 16, "is_causal": true}, "candidate": "baseline", "phase": "compile_correctness"}
{"case": {"B": 1, "SEQ_LEN": 1024, "H": 1, "HQ": 16, "D": 64, "S": 1, "block_size": 16, "is_causal": true}, "candidate": "candidate", "phase": "compile_correctness"}
2026-09-07 11:35:21  [TileLang:tilelang.cache.kernel_cache:WARNING] (kernel_cache.py:342): Found kernel 'kernel' in memory cache. For better performance, consider using `@tilelang.jit` instead of direct kernel caching.
{"case": {"B": 1, "SEQ_LEN": 1024, "H": 1, "HQ": 16, "D": 64, "S": 1, "block_size": 16, "is_causal": true}, "seed": 398, "status": "PASS", "call_event_ms": {"baseline": [0.011315199732780456, 0.01085439994931221, 0.010623999685049058, 0.010598400235176086], "candidate": [0.011059200018644333, 0.010751999914646149, 0.010675200074911118, 0.010828799754381179]}, "median_ms": {"baseline": 0.010739199817180634, "candidate": 0.010790399834513664}, "baseline_over_candidate": 0.9952550398392779}
{"case": {"B": 1, "SEQ_LEN": 1024, "H": 1, "HQ": 16, "D": 128, "S": 1, "block_size": 16, "is_causal": true}, "candidate": "baseline", "phase": "compile_correctness"}
{"case": {"B": 1, "SEQ_LEN": 1024, "H": 1, "HQ": 16, "D": 128, "S": 1, "block_size": 16, "is_causal": true}, "candidate": "candidate", "phase": "compile_correctness"}
{"case": {"B": 1, "SEQ_LEN": 1024, "H": 1, "HQ": 16, "D": 128, "S": 1, "block_size": 16, "is_causal": true}, "seed": 398, "status": "PASS", "call_event_ms": {"baseline": [0.018483200669288637, 0.01820160001516342, 0.01797119975090027, 0.01809920072555542], "candidate": [0.015795199573040007, 0.015385599434375763, 0.01530880033969879, 0.01518079936504364]}, "median_ms": {"baseline": 0.01815040037035942, "candidate": 0.015347199887037276}, "baseline_over_candidate": 1.182652243012083}
{"case": {"B": 2, "SEQ_LEN": 64, "H": 1, "HQ": 16, "D": 64, "S": 1, "block_size": 16, "is_causal": true}, "candidate": "baseline", "phase": "compile_correctness"}
{"case": {"B": 2, "SEQ_LEN": 64, "H": 1, "HQ": 16, "D": 64, "S": 1, "block_size": 16, "is_causal": true}, "candidate": "candidate", "phase": "compile_correctness"}
2026-09-07 11:35:21  [TileLang:tilelang.cache.kernel_cache:WARNING] (kernel_cache.py:342): Found kernel 'kernel' in memory cache. For better performance, consider using `@tilelang.jit` instead of direct kernel caching.
{"case": {"B": 2, "SEQ_LEN": 64, "H": 1, "HQ": 16, "D": 64, "S": 1, "block_size": 16, "is_causal": true}, "seed": 398, "status": "PASS", "call_event_ms": {"baseline": [0.011852800101041793, 0.010828799754381179, 0.010496000200510025, 0.010572800040245056], "candidate": [0.010828799754381179, 0.010419200360774993, 0.010700800269842149, 0.010572800040245056]}, "median_ms": {"baseline": 0.010700799897313117, "candidate": 0.010636800155043601}, "baseline_over_candidate": 1.0060168228543025}
{"case": {"B": 2, "SEQ_LEN": 64, "H": 1, "HQ": 16, "D": 128, "S": 1, "block_size": 16, "is_causal": true}, "candidate": "baseline", "phase": "compile_correctness"}
{"case": {"B": 2, "SEQ_LEN": 64, "H": 1, "HQ": 16, "D": 128, "S": 1, "block_size": 16, "is_causal": true}, "candidate": "candidate", "phase": "compile_correctness"}
{"case": {"B": 2, "SEQ_LEN": 64, "H": 1, "HQ": 16, "D": 128, "S": 1, "block_size": 16, "is_causal": true}, "seed": 398, "status": "PASS", "call_event_ms": {"baseline": [0.011903999745845795, 0.011417599767446518, 0.011289600282907486, 0.011468800157308579], "candidate": [0.011084800213575363, 0.010316800326108932, 0.010572800040245056, 0.010675200074911118]}, "median_ms": {"baseline": 0.011443199962377549, "candidate": 0.010624000057578086}, "baseline_over_candidate": 1.077108424356147}
{"case": {"B": 2, "SEQ_LEN": 128, "H": 1, "HQ": 16, "D": 32, "S": 1, "block_size": 16, "is_causal": true}, "candidate": "baseline", "phase": "compile_correctness"}
{"case": {"B": 2, "SEQ_LEN": 128, "H": 1, "HQ": 16, "D": 32, "S": 1, "block_size": 16, "is_causal": true}, "candidate": "candidate", "phase": "compile_correctness"}
2026-09-07 11:35:21  [TileLang:tilelang.cache.kernel_cache:WARNING] (kernel_cache.py:342): Found kernel 'kernel' in memory cache. For better performance, consider using `@tilelang.jit` instead of direct kernel caching.
{"case": {"B": 2, "SEQ_LEN": 128, "H": 1, "HQ": 16, "D": 32, "S": 1, "block_size": 16, "is_causal": true}, "seed": 398, "status": "PASS", "call_event_ms": {"baseline": [0.011212799698114395, 0.010496000200510025, 0.010623999685049058, 0.010367999970912933], "candidate": [0.010777600109577179, 0.010572800040245056, 0.010419200360774993, 0.010419200360774993]}, "median_ms": {"baseline": 0.010559999942779542, "candidate": 0.010496000200510024}, "baseline_over_candidate": 1.0060975363040112}
{"case": {"B": 2, "SEQ_LEN": 128, "H": 1, "HQ": 16, "D": 64, "S": 1, "block_size": 16, "is_causal": true}, "candidate": "baseline", "phase": "compile_correctness"}
{"case": {"B": 2, "SEQ_LEN": 128, "H": 1, "HQ": 16, "D": 64, "S": 1, "block_size": 16, "is_causal": true}, "candidate": "candidate", "phase": "compile_correctness"}
2026-09-07 11:35:22  [TileLang:tilelang.cache.kernel_cache:WARNING] (kernel_cache.py:342): Found kernel 'kernel' in memory cache. For better performance, consider using `@tilelang.jit` instead of direct kernel caching.
{"case": {"B": 2, "SEQ_LEN": 128, "H": 1, "HQ": 16, "D": 64, "S": 1, "block_size": 16, "is_causal": true}, "seed": 398, "status": "PASS", "call_event_ms": {"baseline": [0.011264000087976456, 0.010521599650382995, 0.010623999685049058, 0.010675200074911118], "candidate": [0.010828799754381179, 0.010700800269842149, 0.010572800040245056, 0.010547199845314026]}, "median_ms": {"baseline": 0.010649599879980088, "candidate": 0.010636800155043601}, "baseline_over_candidate": 1.001203343557265}
{"case": {"B": 2, "SEQ_LEN": 128, "H": 1, "HQ": 16, "D": 128, "S": 1, "block_size": 16, "is_causal": true}, "candidate": "baseline", "phase": "compile_correctness"}
{"case": {"B": 2, "SEQ_LEN": 128, "H": 1, "HQ": 16, "D": 128, "S": 1, "block_size": 16, "is_causal": true}, "candidate": "candidate", "phase": "compile_correctness"}
{"case": {"B": 2, "SEQ_LEN": 128, "H": 1, "HQ": 16, "D": 128, "S": 1, "block_size": 16, "is_causal": true}, "seed": 398, "status": "PASS", "call_event_ms": {"baseline": [0.01226240023970604, 0.011673600226640702, 0.011622399836778641, 0.011648000031709672], "candidate": [0.011212799698114395, 0.010751999914646149, 0.01080320030450821, 0.010777600109577179]}, "median_ms": {"baseline": 0.011660800129175187, "candidate": 0.010790400207042694}, "baseline_over_candidate": 1.0806642854232968}
{"case": {"B": 2, "SEQ_LEN": 256, "H": 1, "HQ": 16, "D": 32, "S": 1, "block_size": 16, "is_causal": true}, "candidate": "baseline", "phase": "compile_correctness"}
{"case": {"B": 2, "SEQ_LEN": 256, "H": 1, "HQ": 16, "D": 32, "S": 1, "block_size": 16, "is_causal": true}, "candidate": "candidate", "phase": "compile_correctness"}
2026-09-07 11:35:22  [TileLang:tilelang.cache.kernel_cache:WARNING] (kernel_cache.py:342): Found kernel 'kernel' in memory cache. For better performance, consider using `@tilelang.jit` instead of direct kernel caching.
{"case": {"B": 2, "SEQ_LEN": 256, "H": 1, "HQ": 16, "D": 32, "S": 1, "block_size": 16, "is_causal": true}, "seed": 398, "status": "PASS", "call_event_ms": {"baseline": [0.011443199962377549, 0.010726399719715118, 0.010623999685049058, 0.010496000200510025], "candidate": [0.010828799754381179, 0.010496000200510025, 0.010956799983978272, 0.010777600109577179]}, "median_ms": {"baseline": 0.010675199702382088, "candidate": 0.010803199931979179}, "baseline_over_candidate": 0.9881516374404782}
{"case": {"B": 2, "SEQ_LEN": 256, "H": 1, "HQ": 16, "D": 64, "S": 1, "block_size": 16, "is_causal": true}, "candidate": "baseline", "phase": "compile_correctness"}
{"case": {"B": 2, "SEQ_LEN": 256, "H": 1, "HQ": 16, "D": 64, "S": 1, "block_size": 16, "is_causal": true}, "candidate": "candidate", "phase": "compile_correctness"}
2026-09-07 11:35:22  [TileLang:tilelang.cache.kernel_cache:WARNING] (kernel_cache.py:342): Found kernel 'kernel' in memory cache. For better performance, consider using `@tilelang.jit` instead of direct kernel caching.
{"case": {"B": 2, "SEQ_LEN": 256, "H": 1, "HQ": 16, "D": 64, "S": 1, "block_size": 16, "is_causal": true}, "seed": 398, "status": "PASS", "call_event_ms": {"baseline": [0.011519999802112579, 0.010547199845314026, 0.010726399719715118, 0.011366400122642516], "candidate": [0.011059200018644333, 0.010649599879980088, 0.010598400235176086, 0.010547199845314026]}, "median_ms": {"baseline": 0.011046399921178817, "candidate": 0.010624000057578086}, "baseline_over_candidate": 1.0397590230903129}
{"case": {"B": 2, "SEQ_LEN": 256, "H": 1, "HQ": 16, "D": 128, "S": 1, "block_size": 16, "is_causal": true}, "candidate": "baseline", "phase": "compile_correctness"}
{"case": {"B": 2, "SEQ_LEN": 256, "H": 1, "HQ": 16, "D": 128, "S": 1, "block_size": 16, "is_causal": true}, "candidate": "candidate", "phase": "compile_correctness"}
{"case": {"B": 2, "SEQ_LEN": 256, "H": 1, "HQ": 16, "D": 128, "S": 1, "block_size": 16, "is_causal": true}, "seed": 398, "status": "PASS", "call_event_ms": {"baseline": [0.013619199395179749, 0.013260799646377563, 0.013260799646377563, 0.013260799646377563], "candidate": [0.011289600282907486, 0.01088000014424324, 0.011059200018644333, 0.010777600109577179]}, "median_ms": {"baseline": 0.013260799646377563, "candidate": 0.010969600081443785}, "baseline_over_candidate": 1.2088681034789572}
{"case": {"B": 2, "SEQ_LEN": 512, "H": 1, "HQ": 16, "D": 32, "S": 1, "block_size": 16, "is_causal": true}, "candidate": "baseline", "phase": "compile_correctness"}
{"case": {"B": 2, "SEQ_LEN": 512, "H": 1, "HQ": 16, "D": 32, "S": 1, "block_size": 16, "is_causal": true}, "candidate": "candidate", "phase": "compile_correctness"}
2026-09-07 11:35:23  [TileLang:tilelang.cache.kernel_cache:WARNING] (kernel_cache.py:342): Found kernel 'kernel' in memory cache. For better performance, consider using `@tilelang.jit` instead of direct kernel caching.
{"case": {"B": 2, "SEQ_LEN": 512, "H": 1, "HQ": 16, "D": 32, "S": 1, "block_size": 16, "is_causal": true}, "seed": 398, "status": "PASS", "call_event_ms": {"baseline": [0.01157120019197464, 0.010700800269842149, 0.010726399719715118, 0.010137599706649781], "candidate": [0.011033599823713302, 0.010598400235176086, 0.010726399719715118, 0.010931199789047242]}, "median_ms": {"baseline": 0.010713599994778633, "candidate": 0.010828799754381179}, "baseline_over_candidate": 0.9893617240861863}
{"case": {"B": 2, "SEQ_LEN": 512, "H": 1, "HQ": 16, "D": 64, "S": 1, "block_size": 16, "is_causal": true}, "candidate": "baseline", "phase": "compile_correctness"}
{"case": {"B": 2, "SEQ_LEN": 512, "H": 1, "HQ": 16, "D": 64, "S": 1, "block_size": 16, "is_causal": true}, "candidate": "candidate", "phase": "compile_correctness"}
2026-09-07 11:35:23  [TileLang:tilelang.cache.kernel_cache:WARNING] (kernel_cache.py:342): Found kernel 'kernel' in memory cache. For better performance, consider using `@tilelang.jit` instead of direct kernel caching.
{"case": {"B": 2, "SEQ_LEN": 512, "H": 1, "HQ": 16, "D": 64, "S": 1, "block_size": 16, "is_causal": true}, "seed": 398, "status": "PASS", "call_event_ms": {"baseline": [0.011750400066375732, 0.01090560033917427, 0.010649599879980088, 0.010726399719715118], "candidate": [0.011289600282907486, 0.010982400178909302, 0.010982400178909302, 0.011596799641847611]}, "median_ms": {"baseline": 0.010816000029444694, "candidate": 0.011136000230908393}, "baseline_over_candidate": 0.9712643503207259}
{"case": {"B": 2, "SEQ_LEN": 512, "H": 1, "HQ": 16, "D": 128, "S": 1, "block_size": 16, "is_causal": true}, "candidate": "baseline", "phase": "compile_correctness"}
{"case": {"B": 2, "SEQ_LEN": 512, "H": 1, "HQ": 16, "D": 128, "S": 1, "block_size": 16, "is_causal": true}, "candidate": "candidate", "phase": "compile_correctness"}
{"case": {"B": 2, "SEQ_LEN": 512, "H": 1, "HQ": 16, "D": 128, "S": 1, "block_size": 16, "is_causal": true}, "seed": 398, "status": "PASS", "call_event_ms": {"baseline": [0.019046400487422944, 0.018534399569034576, 0.018559999763965607, 0.018688000738620758], "candidate": [0.015539200603961944, 0.015539200603961944, 0.015590399503707886, 0.015360000729560851]}, "median_ms": {"baseline": 0.018624000251293182, "candidate": 0.015539200603961944}, "baseline_over_candidate": 1.1985172677766143}
{"case": {"B": 2, "SEQ_LEN": 1024, "H": 1, "HQ": 16, "D": 32, "S": 1, "block_size": 16, "is_causal": true}, "candidate": "baseline", "phase": "compile_correctness"}
{"case": {"B": 2, "SEQ_LEN": 1024, "H": 1, "HQ": 16, "D": 32, "S": 1, "block_size": 16, "is_causal": true}, "candidate": "candidate", "phase": "compile_correctness"}
2026-09-07 11:35:23  [TileLang:tilelang.cache.kernel_cache:WARNING] (kernel_cache.py:342): Found kernel 'kernel' in memory cache. For better performance, consider using `@tilelang.jit` instead of direct kernel caching.
{"case": {"B": 2, "SEQ_LEN": 1024, "H": 1, "HQ": 16, "D": 32, "S": 1, "block_size": 16, "is_causal": true}, "seed": 398, "status": "PASS", "call_event_ms": {"baseline": [0.011903999745845795, 0.01088000014424324, 0.01090560033917427, 0.010623999685049058], "candidate": [0.011059200018644333, 0.010956799983978272, 0.010956799983978272, 0.011852800101041793]}, "median_ms": {"baseline": 0.010892800241708755, "candidate": 0.011008000001311302}, "baseline_over_candidate": 0.9895349055606082}
{"case": {"B": 2, "SEQ_LEN": 1024, "H": 1, "HQ": 16, "D": 64, "S": 1, "block_size": 16, "is_causal": true}, "candidate": "baseline", "phase": "compile_correctness"}
{"case": {"B": 2, "SEQ_LEN": 1024, "H": 1, "HQ": 16, "D": 64, "S": 1, "block_size": 16, "is_causal": true}, "candidate": "candidate", "phase": "compile_correctness"}
2026-09-07 11:35:24  [TileLang:tilelang.cache.kernel_cache:WARNING] (kernel_cache.py:342): Found kernel 'kernel' in memory cache. For better performance, consider using `@tilelang.jit` instead of direct kernel caching.
{"case": {"B": 2, "SEQ_LEN": 1024, "H": 1, "HQ": 16, "D": 64, "S": 1, "block_size": 16, "is_causal": true}, "seed": 398, "status": "PASS", "call_event_ms": {"baseline": [0.018303999304771425, 0.01802240014076233, 0.01809920072555542, 0.018355199694633485], "candidate": [0.018534399569034576, 0.01812479943037033, 0.018457600474357606, 0.01807360053062439]}, "median_ms": {"baseline": 0.018201600015163424, "candidate": 0.018291199952363967}, "baseline_over_candidate": 0.9951014729796903}
{"case": {"B": 2, "SEQ_LEN": 1024, "H": 1, "HQ": 16, "D": 128, "S": 1, "block_size": 16, "is_causal": true}, "candidate": "baseline", "phase": "compile_correctness"}
{"case": {"B": 2, "SEQ_LEN": 1024, "H": 1, "HQ": 16, "D": 128, "S": 1, "block_size": 16, "is_causal": true}, "candidate": "candidate", "phase": "compile_correctness"}
{"case": {"B": 2, "SEQ_LEN": 1024, "H": 1, "HQ": 16, "D": 128, "S": 1, "block_size": 16, "is_causal": true}, "seed": 398, "status": "PASS", "call_event_ms": {"baseline": [0.03548159897327423, 0.03461120128631592, 0.034918400645256045, 0.034892800450325015], "candidate": [0.02908160090446472, 0.028518399596214293, 0.028339201211929323, 0.028492799401283263]}, "median_ms": {"baseline": 0.03490560054779053, "candidate": 0.028505599498748778}, "baseline_over_candidate": 1.224517328580396}
{"case": {"B": 4, "SEQ_LEN": 64, "H": 1, "HQ": 16, "D": 32, "S": 1, "block_size": 16, "is_causal": true}, "candidate": "baseline", "phase": "compile_correctness"}
{"case": {"B": 4, "SEQ_LEN": 64, "H": 1, "HQ": 16, "D": 32, "S": 1, "block_size": 16, "is_causal": true}, "candidate": "candidate", "phase": "compile_correctness"}
2026-09-07 11:35:24  [TileLang:tilelang.cache.kernel_cache:WARNING] (kernel_cache.py:342): Found kernel 'kernel' in memory cache. For better performance, consider using `@tilelang.jit` instead of direct kernel caching.
{"case": {"B": 4, "SEQ_LEN": 64, "H": 1, "HQ": 16, "D": 32, "S": 1, "block_size": 16, "is_causal": true}, "seed": 398, "status": "PASS", "call_event_ms": {"baseline": [0.011443199962377549, 0.010572800040245056, 0.010598400235176086, 0.010547199845314026], "candidate": [0.010726399719715118, 0.010777600109577179, 0.010547199845314026, 0.010649599879980088]}, "median_ms": {"baseline": 0.010585600137710571, "candidate": 0.010687999799847603}, "baseline_over_candidate": 0.9904191931086589}
{"case": {"B": 4, "SEQ_LEN": 64, "H": 1, "HQ": 16, "D": 64, "S": 1, "block_size": 16, "is_causal": true}, "candidate": "baseline", "phase": "compile_correctness"}
{"case": {"B": 4, "SEQ_LEN": 64, "H": 1, "HQ": 16, "D": 64, "S": 1, "block_size": 16, "is_causal": true}, "candidate": "candidate", "phase": "compile_correctness"}
2026-09-07 11:35:24  [TileLang:tilelang.cache.kernel_cache:WARNING] (kernel_cache.py:342): Found kernel 'kernel' in memory cache. For better performance, consider using `@tilelang.jit` instead of direct kernel caching.
{"case": {"B": 4, "SEQ_LEN": 64, "H": 1, "HQ": 16, "D": 64, "S": 1, "block_size": 16, "is_causal": true}, "seed": 398, "status": "PASS", "call_event_ms": {"baseline": [0.011289600282907486, 0.010470400005578995, 0.010265599936246872, 0.010572800040245056], "candidate": [0.010828799754381179, 0.010623999685049058, 0.010496000200510025, 0.010393600165843963]}, "median_ms": {"baseline": 0.010521600022912025, "candidate": 0.010559999942779542}, "baseline_over_candidate": 0.9963636439322358}
{"case": {"B": 4, "SEQ_LEN": 64, "H": 1, "HQ": 16, "D": 128, "S": 1, "block_size": 16, "is_causal": true}, "candidate": "baseline", "phase": "compile_correctness"}
{"case": {"B": 4, "SEQ_LEN": 64, "H": 1, "HQ": 16, "D": 128, "S": 1, "block_size": 16, "is_causal": true}, "candidate": "candidate", "phase": "compile_correctness"}
{"case": {"B": 4, "SEQ_LEN": 64, "H": 1, "HQ": 16, "D": 128, "S": 1, "block_size": 16, "is_causal": true}, "seed": 398, "status": "PASS", "call_event_ms": {"baseline": [0.012185599654912949, 0.011648000031709672, 0.011443199962377549, 0.011622399836778641], "candidate": [0.011135999858379365, 0.010572800040245056, 0.01088000014424324, 0.010649599879980088]}, "median_ms": {"baseline": 0.011635199934244157, "candidate": 0.010764800012111664}, "baseline_over_candidate": 1.0808561163378039}
{"case": {"B": 4, "SEQ_LEN": 128, "H": 1, "HQ": 16, "D": 32, "S": 1, "block_size": 16, "is_causal": true}, "candidate": "baseline", "phase": "compile_correctness"}
{"case": {"B": 4, "SEQ_LEN": 128, "H": 1, "HQ": 16, "D": 32, "S": 1, "block_size": 16, "is_causal": true}, "candidate": "candidate", "phase": "compile_correctness"}
2026-09-07 11:35:25  [TileLang:tilelang.cache.kernel_cache:WARNING] (kernel_cache.py:342): Found kernel 'kernel' in memory cache. For better performance, consider using `@tilelang.jit` instead of direct kernel caching.
{"case": {"B": 4, "SEQ_LEN": 128, "H": 1, "HQ": 16, "D": 32, "S": 1, "block_size": 16, "is_causal": true}, "seed": 398, "status": "PASS", "call_event_ms": {"baseline": [0.011468800157308579, 0.010496000200510025, 0.010572800040245056, 0.010623999685049058], "candidate": [0.01080320030450821, 0.010547199845314026, 0.010470400005578995, 0.013055999577045441]}, "median_ms": {"baseline": 0.010598399862647056, "candidate": 0.010675200074911118}, "baseline_over_candidate": 0.992805735562319}
{"case": {"B": 4, "SEQ_LEN": 128, "H": 1, "HQ": 16, "D": 64, "S": 1, "block_size": 16, "is_causal": true}, "candidate": "baseline", "phase": "compile_correctness"}
{"case": {"B": 4, "SEQ_LEN": 128, "H": 1, "HQ": 16, "D": 64, "S": 1, "block_size": 16, "is_causal": true}, "candidate": "candidate", "phase": "compile_correctness"}
2026-09-07 11:35:25  [TileLang:tilelang.cache.kernel_cache:WARNING] (kernel_cache.py:342): Found kernel 'kernel' in memory cache. For better performance, consider using `@tilelang.jit` instead of direct kernel caching.
{"case": {"B": 4, "SEQ_LEN": 128, "H": 1, "HQ": 16, "D": 64, "S": 1, "block_size": 16, "is_causal": true}, "seed": 398, "status": "PASS", "call_event_ms": {"baseline": [0.011212799698114395, 0.010726399719715118, 0.010649599879980088, 0.010470400005578995], "candidate": [0.01090560033917427, 0.010700800269842149, 0.010598400235176086, 0.010649599879980088]}, "median_ms": {"baseline": 0.010687999799847603, "candidate": 0.010675200074911118}, "baseline_over_candidate": 1.001199014992381}
{"case": {"B": 4, "SEQ_LEN": 128, "H": 1, "HQ": 16, "D": 128, "S": 1, "block_size": 16, "is_causal": true}, "candidate": "baseline", "phase": "compile_correctness"}
{"case": {"B": 4, "SEQ_LEN": 128, "H": 1, "HQ": 16, "D": 128, "S": 1, "block_size": 16, "is_causal": true}, "candidate": "candidate", "phase": "compile_correctness"}
{"case": {"B": 4, "SEQ_LEN": 128, "H": 1, "HQ": 16, "D": 128, "S": 1, "block_size": 16, "is_causal": true}, "seed": 398, "status": "PASS", "call_event_ms": {"baseline": [0.0137472003698349, 0.013055999577045441, 0.013081599771976472, 0.013158400356769562], "candidate": [0.011289600282907486, 0.01088000014424324, 0.011033599823713302, 0.011007999628782272]}, "median_ms": {"baseline": 0.013120000064373017, "candidate": 0.011020799726247787}, "baseline_over_candidate": 1.1904762258881858}
{"case": {"B": 4, "SEQ_LEN": 256, "H": 1, "HQ": 16, "D": 32, "S": 1, "block_size": 16, "is_causal": true}, "candidate": "baseline", "phase": "compile_correctness"}
{"case": {"B": 4, "SEQ_LEN": 256, "H": 1, "HQ": 16, "D": 32, "S": 1, "block_size": 16, "is_causal": true}, "candidate": "candidate", "phase": "compile_correctness"}
2026-09-07 11:35:25  [TileLang:tilelang.cache.kernel_cache:WARNING] (kernel_cache.py:342): Found kernel 'kernel' in memory cache. For better performance, consider using `@tilelang.jit` instead of direct kernel caching.
{"case": {"B": 4, "SEQ_LEN": 256, "H": 1, "HQ": 16, "D": 32, "S": 1, "block_size": 16, "is_causal": true}, "seed": 398, "status": "PASS", "call_event_ms": {"baseline": [0.011443199962377549, 0.010547199845314026, 0.010496000200510025, 0.010393600165843963], "candidate": [0.010751999914646149, 0.010675200074911118, 0.010444799810647965, 0.010496000200510025]}, "median_ms": {"baseline": 0.010521600022912025, "candidate": 0.010585600137710573}, "baseline_over_candidate": 0.9939540400198426}
{"case": {"B": 4, "SEQ_LEN": 256, "H": 1, "HQ": 16, "D": 64, "S": 1, "block_size": 16, "is_causal": true}, "candidate": "baseline", "phase": "compile_correctness"}
{"case": {"B": 4, "SEQ_LEN": 256, "H": 1, "HQ": 16, "D": 64, "S": 1, "block_size": 16, "is_causal": true}, "candidate": "candidate", "phase": "compile_correctness"}
2026-09-07 11:35:25  [TileLang:tilelang.cache.kernel_cache:WARNING] (kernel_cache.py:342): Found kernel 'kernel' in memory cache. For better performance, consider using `@tilelang.jit` instead of direct kernel caching.
{"case": {"B": 4, "SEQ_LEN": 256, "H": 1, "HQ": 16, "D": 64, "S": 1, "block_size": 16, "is_causal": true}, "seed": 398, "status": "PASS", "call_event_ms": {"baseline": [0.011392000317573547, 0.010700800269842149, 0.010675200074911118, 0.010828799754381179], "candidate": [0.011084800213575363, 0.010828799754381179, 0.010828799754381179, 0.010956799983978272]}, "median_ms": {"baseline": 0.010764800012111664, "candidate": 0.010892799869179726}, "baseline_over_candidate": 0.9882491316644652}
{"case": {"B": 4, "SEQ_LEN": 256, "H": 1, "HQ": 16, "D": 128, "S": 1, "block_size": 16, "is_causal": true}, "candidate": "baseline", "phase": "compile_correctness"}
{"case": {"B": 4, "SEQ_LEN": 256, "H": 1, "HQ": 16, "D": 128, "S": 1, "block_size": 16, "is_causal": true}, "candidate": "candidate", "phase": "compile_correctness"}
{"case": {"B": 4, "SEQ_LEN": 256, "H": 1, "HQ": 16, "D": 128, "S": 1, "block_size": 16, "is_causal": true}, "seed": 398, "status": "PASS", "call_event_ms": {"baseline": [0.019020800292491914, 0.018559999763965607, 0.018457600474357606, 0.018432000279426576], "candidate": [0.015872000157833098, 0.015641599893569946, 0.015488000214099884, 0.015411199629306793]}, "median_ms": {"baseline": 0.018508800119161607, "candidate": 0.015564800053834916}, "baseline_over_candidate": 1.1891447403849775}
{"case": {"B": 4, "SEQ_LEN": 512, "H": 1, "HQ": 16, "D": 32, "S": 1, "block_size": 16, "is_causal": true}, "candidate": "baseline", "phase": "compile_correctness"}
{"case": {"B": 4, "SEQ_LEN": 512, "H": 1, "HQ": 16, "D": 32, "S": 1, "block_size": 16, "is_causal": true}, "candidate": "candidate", "phase": "compile_correctness"}
2026-09-07 11:35:26  [TileLang:tilelang.cache.kernel_cache:WARNING] (kernel_cache.py:342): Found kernel 'kernel' in memory cache. For better performance, consider using `@tilelang.jit` instead of direct kernel caching.
{"case": {"B": 4, "SEQ_LEN": 512, "H": 1, "HQ": 16, "D": 32, "S": 1, "block_size": 16, "is_causal": true}, "seed": 398, "status": "PASS", "call_event_ms": {"baseline": [0.011801599711179733, 0.01088000014424324, 0.01085439994931221, 0.010726399719715118], "candidate": [0.011007999628782272, 0.01080320030450821, 0.010623999685049058, 0.01090560033917427]}, "median_ms": {"baseline": 0.010867200046777725, "candidate": 0.01085440032184124}, "baseline_over_candidate": 1.0011792199068548}
{"case": {"B": 4, "SEQ_LEN": 512, "H": 1, "HQ": 16, "D": 64, "S": 1, "block_size": 16, "is_causal": true}, "candidate": "baseline", "phase": "compile_correctness"}
{"case": {"B": 4, "SEQ_LEN": 512, "H": 1, "HQ": 16, "D": 64, "S": 1, "block_size": 16, "is_causal": true}, "candidate": "candidate", "phase": "compile_correctness"}
2026-09-07 11:35:26  [TileLang:tilelang.cache.kernel_cache:WARNING] (kernel_cache.py:342): Found kernel 'kernel' in memory cache. For better performance, consider using `@tilelang.jit` instead of direct kernel caching.
{"case": {"B": 4, "SEQ_LEN": 512, "H": 1, "HQ": 16, "D": 64, "S": 1, "block_size": 16, "is_causal": true}, "seed": 398, "status": "PASS", "call_event_ms": {"baseline": [0.017766399681568144, 0.017740799486637114, 0.017587199807167053, 0.017612800002098083], "candidate": [0.01817599982023239, 0.017715199291706084, 0.017664000391960144, 0.0179967999458313]}, "median_ms": {"baseline": 0.0176767997443676, "candidate": 0.017855999618768693}, "baseline_over_candidate": 0.9899641645258138}
{"case": {"B": 4, "SEQ_LEN": 512, "H": 1, "HQ": 16, "D": 128, "S": 1, "block_size": 16, "is_causal": true}, "candidate": "baseline", "phase": "compile_correctness"}
{"case": {"B": 4, "SEQ_LEN": 512, "H": 1, "HQ": 16, "D": 128, "S": 1, "block_size": 16, "is_causal": true}, "candidate": "candidate", "phase": "compile_correctness"}
{"case": {"B": 4, "SEQ_LEN": 512, "H": 1, "HQ": 16, "D": 128, "S": 1, "block_size": 16, "is_causal": true}, "seed": 398, "status": "PASS", "call_event_ms": {"baseline": [0.03612160086631775, 0.035148799419403076, 0.0352512001991272, 0.0352512001991272], "candidate": [0.02900480031967163, 0.028723201155662535, 0.028723201155662535, 0.02887679934501648]}, "median_ms": {"baseline": 0.0352512001991272, "candidate": 0.028800000250339505}, "baseline_over_candidate": 1.22399999627471}
{"case": {"B": 4, "SEQ_LEN": 1024, "H": 1, "HQ": 16, "D": 32, "S": 1, "block_size": 16, "is_causal": true}, "candidate": "baseline", "phase": "compile_correctness"}
{"case": {"B": 4, "SEQ_LEN": 1024, "H": 1, "HQ": 16, "D": 32, "S": 1, "block_size": 16, "is_causal": true}, "candidate": "candidate", "phase": "compile_correctness"}
{"case": {"B": 4, "SEQ_LEN": 1024, "H": 1, "HQ": 16, "D": 32, "S": 1, "block_size": 16, "is_causal": true}, "seed": 398, "status": "PASS", "call_event_ms": {"baseline": [0.015692800283432007, 0.01525759994983673, 0.015027199685573579, 0.01520639955997467], "candidate": [0.014771200716495514, 0.0144896000623703, 0.014643199741840363, 0.014617599546909332]}, "median_ms": {"baseline": 0.0152319997549057, "candidate": 0.014630399644374847}, "baseline_over_candidate": 1.0411198685718854}
{"case": {"B": 4, "SEQ_LEN": 1024, "H": 1, "HQ": 16, "D": 64, "S": 1, "block_size": 16, "is_causal": true}, "candidate": "baseline", "phase": "compile_correctness"}
{"case": {"B": 4, "SEQ_LEN": 1024, "H": 1, "HQ": 16, "D": 64, "S": 1, "block_size": 16, "is_causal": true}, "candidate": "candidate", "phase": "compile_correctness"}
2026-09-07 11:35:27  [TileLang:tilelang.cache.kernel_cache:WARNING] (kernel_cache.py:342): Found kernel 'kernel' in memory cache. For better performance, consider using `@tilelang.jit` instead of direct kernel caching.
{"case": {"B": 4, "SEQ_LEN": 1024, "H": 1, "HQ": 16, "D": 64, "S": 1, "block_size": 16, "is_causal": true}, "seed": 398, "status": "PASS", "call_event_ms": {"baseline": [0.029337599873542786, 0.029235199093818665, 0.029235199093818665, 0.02959359884262085], "candidate": [0.030771198868751525, 0.030796799063682555, 0.03023360073566437, 0.030950400233268737]}, "median_ms": {"baseline": 0.029286399483680725, "candidate": 0.03078399896621704}, "baseline_over_candidate": 0.9513513665271426}
{"case": {"B": 4, "SEQ_LEN": 1024, "H": 1, "HQ": 16, "D": 128, "S": 1, "block_size": 16, "is_causal": true}, "candidate": "baseline", "phase": "compile_correctness"}
{"case": {"B": 4, "SEQ_LEN": 1024, "H": 1, "HQ": 16, "D": 128, "S": 1, "block_size": 16, "is_causal": true}, "candidate": "candidate", "phase": "compile_correctness"}
{"case": {"B": 4, "SEQ_LEN": 1024, "H": 1, "HQ": 16, "D": 128, "S": 1, "block_size": 16, "is_causal": true}, "seed": 398, "status": "PASS", "call_event_ms": {"baseline": [0.05565440058708191, 0.05534719824790955, 0.0549888014793396, 0.05488640069961548], "candidate": [0.04840959906578064, 0.04789760112762451, 0.048179200291633605, 0.048230400681495665]}, "median_ms": {"baseline": 0.05516799986362457, "candidate": 0.048204800486564635}, "baseline_over_candidate": 1.144450330813021}
{"case": {"B": 8, "SEQ_LEN": 64, "H": 1, "HQ": 16, "D": 32, "S": 1, "block_size": 16, "is_causal": true}, "candidate": "baseline", "phase": "compile_correctness"}
{"case": {"B": 8, "SEQ_LEN": 64, "H": 1, "HQ": 16, "D": 32, "S": 1, "block_size": 16, "is_causal": true}, "candidate": "candidate", "phase": "compile_correctness"}
2026-09-07 11:35:27  [TileLang:tilelang.cache.kernel_cache:WARNING] (kernel_cache.py:342): Found kernel 'kernel' in memory cache. For better performance, consider using `@tilelang.jit` instead of direct kernel caching.
{"case": {"B": 8, "SEQ_LEN": 64, "H": 1, "HQ": 16, "D": 32, "S": 1, "block_size": 16, "is_causal": true}, "seed": 398, "status": "PASS", "call_event_ms": {"baseline": [0.011264000087976456, 0.01088000014424324, 0.010572800040245056, 0.010393600165843963], "candidate": [0.010828799754381179, 0.010675200074911118, 0.010521599650382995, 0.010675200074911118]}, "median_ms": {"baseline": 0.010726400092244147, "candidate": 0.010675200074911118}, "baseline_over_candidate": 1.0047961646595607}
{"case": {"B": 8, "SEQ_LEN": 64, "H": 1, "HQ": 16, "D": 64, "S": 1, "block_size": 16, "is_causal": true}, "candidate": "baseline", "phase": "compile_correctness"}
{"case": {"B": 8, "SEQ_LEN": 64, "H": 1, "HQ": 16, "D": 64, "S": 1, "block_size": 16, "is_causal": true}, "candidate": "candidate", "phase": "compile_correctness"}
2026-09-07 11:35:27  [TileLang:tilelang.cache.kernel_cache:WARNING] (kernel_cache.py:342): Found kernel 'kernel' in memory cache. For better performance, consider using `@tilelang.jit` instead of direct kernel caching.
{"case": {"B": 8, "SEQ_LEN": 64, "H": 1, "HQ": 16, "D": 64, "S": 1, "block_size": 16, "is_causal": true}, "seed": 398, "status": "PASS", "call_event_ms": {"baseline": [0.011417599767446518, 0.010598400235176086, 0.010521599650382995, 0.01088000014424324], "candidate": [0.011033599823713302, 0.010419200360774993, 0.01080320030450821, 0.010675200074911118]}, "median_ms": {"baseline": 0.010739200189709662, "candidate": 0.010739200189709664}, "baseline_over_candidate": 0.9999999999999999}
{"case": {"B": 8, "SEQ_LEN": 64, "H": 1, "HQ": 16, "D": 128, "S": 1, "block_size": 16, "is_causal": true}, "candidate": "baseline", "phase": "compile_correctness"}
{"case": {"B": 8, "SEQ_LEN": 64, "H": 1, "HQ": 16, "D": 128, "S": 1, "block_size": 16, "is_causal": true}, "candidate": "candidate", "phase": "compile_correctness"}
{"case": {"B": 8, "SEQ_LEN": 64, "H": 1, "HQ": 16, "D": 128, "S": 1, "block_size": 16, "is_causal": true}, "seed": 398, "status": "PASS", "call_event_ms": {"baseline": [0.013823999464511872, 0.013260799646377563, 0.013081599771976472, 0.013030399382114411], "candidate": [0.011212799698114395, 0.01085439994931221, 0.01090560033917427, 0.010931199789047242]}, "median_ms": {"baseline": 0.013171199709177017, "candidate": 0.010918400064110757}, "baseline_over_candidate": 1.2063305641704143}
{"case": {"B": 8, "SEQ_LEN": 128, "H": 1, "HQ": 16, "D": 32, "S": 1, "block_size": 16, "is_causal": true}, "candidate": "baseline", "phase": "compile_correctness"}
{"case": {"B": 8, "SEQ_LEN": 128, "H": 1, "HQ": 16, "D": 32, "S": 1, "block_size": 16, "is_causal": true}, "candidate": "candidate", "phase": "compile_correctness"}
2026-09-07 11:35:28  [TileLang:tilelang.cache.kernel_cache:WARNING] (kernel_cache.py:342): Found kernel 'kernel' in memory cache. For better performance, consider using `@tilelang.jit` instead of direct kernel caching.
{"case": {"B": 8, "SEQ_LEN": 128, "H": 1, "HQ": 16, "D": 32, "S": 1, "block_size": 16, "is_causal": true}, "seed": 398, "status": "PASS", "call_event_ms": {"baseline": [0.011443199962377549, 0.010675200074911118, 0.010496000200510025, 0.010470400005578995], "candidate": [0.010700800269842149, 0.010572800040245056, 0.010751999914646149, 0.010623999685049058]}, "median_ms": {"baseline": 0.010585600137710573, "candidate": 0.010662399977445603}, "baseline_over_candidate": 0.9927971338631559}
{"case": {"B": 8, "SEQ_LEN": 128, "H": 1, "HQ": 16, "D": 64, "S": 1, "block_size": 16, "is_causal": true}, "candidate": "baseline", "phase": "compile_correctness"}
{"case": {"B": 8, "SEQ_LEN": 128, "H": 1, "HQ": 16, "D": 64, "S": 1, "block_size": 16, "is_causal": true}, "candidate": "candidate", "phase": "compile_correctness"}
2026-09-07 11:35:28  [TileLang:tilelang.cache.kernel_cache:WARNING] (kernel_cache.py:342): Found kernel 'kernel' in memory cache. For better performance, consider using `@tilelang.jit` instead of direct kernel caching.
{"case": {"B": 8, "SEQ_LEN": 128, "H": 1, "HQ": 16, "D": 64, "S": 1, "block_size": 16, "is_causal": true}, "seed": 398, "status": "PASS", "call_event_ms": {"baseline": [0.011417599767446518, 0.010598400235176086, 0.010496000200510025, 0.010547199845314026], "candidate": [0.010931199789047242, 0.011033599823713302, 0.010700800269842149, 0.011519999802112579]}, "median_ms": {"baseline": 0.010572800040245056, "candidate": 0.010982399806380272}, "baseline_over_candidate": 0.96270398334094}
{"case": {"B": 8, "SEQ_LEN": 128, "H": 1, "HQ": 16, "D": 128, "S": 1, "block_size": 16, "is_causal": true}, "candidate": "baseline", "phase": "compile_correctness"}
{"case": {"B": 8, "SEQ_LEN": 128, "H": 1, "HQ": 16, "D": 128, "S": 1, "block_size": 16, "is_causal": true}, "candidate": "candidate", "phase": "compile_correctness"}
{"case": {"B": 8, "SEQ_LEN": 128, "H": 1, "HQ": 16, "D": 128, "S": 1, "block_size": 16, "is_causal": true}, "seed": 398, "status": "PASS", "call_event_ms": {"baseline": [0.019072000682353974, 0.01884160041809082, 0.018713599443435668, 0.018713599443435668], "candidate": [0.016051200032234193, 0.015820799767971037, 0.015769599378108977, 0.015667200088500977]}, "median_ms": {"baseline": 0.018777599930763243, "candidate": 0.015795199573040007}, "baseline_over_candidate": 1.1888168835051467}
{"case": {"B": 8, "SEQ_LEN": 256, "H": 1, "HQ": 16, "D": 32, "S": 1, "block_size": 16, "is_causal": true}, "candidate": "baseline", "phase": "compile_correctness"}
{"case": {"B": 8, "SEQ_LEN": 256, "H": 1, "HQ": 16, "D": 32, "S": 1, "block_size": 16, "is_causal": true}, "candidate": "candidate", "phase": "compile_correctness"}
2026-09-07 11:35:29  [TileLang:tilelang.cache.kernel_cache:WARNING] (kernel_cache.py:342): Found kernel 'kernel' in memory cache. For better performance, consider using `@tilelang.jit` instead of direct kernel caching.
{"case": {"B": 8, "SEQ_LEN": 256, "H": 1, "HQ": 16, "D": 32, "S": 1, "block_size": 16, "is_causal": true}, "seed": 398, "status": "PASS", "call_event_ms": {"baseline": [0.011724799871444702, 0.01085439994931221, 0.010751999914646149, 0.010726399719715118], "candidate": [0.01090560033917427, 0.010547199845314026, 0.010726399719715118, 0.010649599879980088]}, "median_ms": {"baseline": 0.010803199931979179, "candidate": 0.010687999799847603}, "baseline_over_candidate": 1.0107784556782289}
{"case": {"B": 8, "SEQ_LEN": 256, "H": 1, "HQ": 16, "D": 64, "S": 1, "block_size": 16, "is_causal": true}, "candidate": "baseline", "phase": "compile_correctness"}
{"case": {"B": 8, "SEQ_LEN": 256, "H": 1, "HQ": 16, "D": 64, "S": 1, "block_size": 16, "is_causal": true}, "candidate": "candidate", "phase": "compile_correctness"}
2026-09-07 11:35:29  [TileLang:tilelang.cache.kernel_cache:WARNING] (kernel_cache.py:342): Found kernel 'kernel' in memory cache. For better performance, consider using `@tilelang.jit` instead of direct kernel caching.
{"case": {"B": 8, "SEQ_LEN": 256, "H": 1, "HQ": 16, "D": 64, "S": 1, "block_size": 16, "is_causal": true}, "seed": 398, "status": "PASS", "call_event_ms": {"baseline": [0.017817600071430205, 0.017894400656223296, 0.020172800123691558, 0.01794559955596924], "candidate": [0.018355199694633485, 0.01825280040502548, 0.01797119975090027, 0.018432000279426576]}, "median_ms": {"baseline": 0.01792000010609627, "candidate": 0.01830400004982948}, "baseline_over_candidate": 0.9790209821521066}
{"case": {"B": 8, "SEQ_LEN": 256, "H": 1, "HQ": 16, "D": 128, "S": 1, "block_size": 16, "is_causal": true}, "candidate": "baseline", "phase": "compile_correctness"}
{"case": {"B": 8, "SEQ_LEN": 256, "H": 1, "HQ": 16, "D": 128, "S": 1, "block_size": 16, "is_causal": true}, "candidate": "candidate", "phase": "compile_correctness"}
{"case": {"B": 8, "SEQ_LEN": 256, "H": 1, "HQ": 16, "D": 128, "S": 1, "block_size": 16, "is_causal": true}, "seed": 398, "status": "PASS", "call_event_ms": {"baseline": [0.03530240058898926, 0.035097599029541016, 0.034892800450325015, 0.034815999865531924], "candidate": [0.02885119915008545, 0.02892799973487854, 0.02885119915008545, 0.0289792001247406]}, "median_ms": {"baseline": 0.034995199739933015, "candidate": 0.028889599442481994}, "baseline_over_candidate": 1.211342504405678}
{"case": {"B": 8, "SEQ_LEN": 512, "H": 1, "HQ": 16, "D": 32, "S": 1, "block_size": 16, "is_causal": true}, "candidate": "baseline", "phase": "compile_correctness"}
{"case": {"B": 8, "SEQ_LEN": 512, "H": 1, "HQ": 16, "D": 32, "S": 1, "block_size": 16, "is_causal": true}, "candidate": "candidate", "phase": "compile_correctness"}
{"case": {"B": 8, "SEQ_LEN": 512, "H": 1, "HQ": 16, "D": 32, "S": 1, "block_size": 16, "is_causal": true}, "seed": 398, "status": "PASS", "call_event_ms": {"baseline": [0.015820799767971037, 0.015052799880504609, 0.01515520066022873, 0.01520639955997467], "candidate": [0.014720000326633453, 0.01454080045223236, 0.014745600521564484, 0.014745600521564484]}, "median_ms": {"baseline": 0.0151808001101017, "candidate": 0.014732800424098969}, "baseline_over_candidate": 1.0304083183852761}
{"case": {"B": 8, "SEQ_LEN": 512, "H": 1, "HQ": 16, "D": 64, "S": 1, "block_size": 16, "is_causal": true}, "candidate": "baseline", "phase": "compile_correctness"}
{"case": {"B": 8, "SEQ_LEN": 512, "H": 1, "HQ": 16, "D": 64, "S": 1, "block_size": 16, "is_causal": true}, "candidate": "candidate", "phase": "compile_correctness"}
2026-09-07 11:35:29  [TileLang:tilelang.cache.kernel_cache:WARNING] (kernel_cache.py:342): Found kernel 'kernel' in memory cache. For better performance, consider using `@tilelang.jit` instead of direct kernel caching.
{"case": {"B": 8, "SEQ_LEN": 512, "H": 1, "HQ": 16, "D": 64, "S": 1, "block_size": 16, "is_causal": true}, "seed": 398, "status": "PASS", "call_event_ms": {"baseline": [0.029209598898887634, 0.030003198981285097, 0.029183998703956604, 0.029542401432991028], "candidate": [0.030745598673820495, 0.03041279911994934, 0.030156800150871278, 0.03020800054073334]}, "median_ms": {"baseline": 0.02937600016593933, "candidate": 0.03031039983034134}, "baseline_over_candidate": 0.9691723081967841}
{"case": {"B": 8, "SEQ_LEN": 512, "H": 1, "HQ": 16, "D": 128, "S": 1, "block_size": 16, "is_causal": true}, "candidate": "baseline", "phase": "compile_correctness"}
{"case": {"B": 8, "SEQ_LEN": 512, "H": 1, "HQ": 16, "D": 128, "S": 1, "block_size": 16, "is_causal": true}, "candidate": "candidate", "phase": "compile_correctness"}
{"case": {"B": 8, "SEQ_LEN": 512, "H": 1, "HQ": 16, "D": 128, "S": 1, "block_size": 16, "is_causal": true}, "seed": 398, "status": "PASS", "call_event_ms": {"baseline": [0.056831997632980344, 0.055936002731323244, 0.05552639961242676, 0.05591040253639221], "candidate": [0.04784640073776245, 0.04712960124015808, 0.04728319942951202, 0.04728319942951202]}, "median_ms": {"baseline": 0.05592320263385773, "candidate": 0.04728319942951202}, "baseline_over_candidate": 1.1827288192971352}
{"case": {"B": 8, "SEQ_LEN": 1024, "H": 1, "HQ": 16, "D": 32, "S": 1, "block_size": 16, "is_causal": true}, "candidate": "baseline", "phase": "compile_correctness"}
{"case": {"B": 8, "SEQ_LEN": 1024, "H": 1, "HQ": 16, "D": 32, "S": 1, "block_size": 16, "is_causal": true}, "candidate": "candidate", "phase": "compile_correctness"}
{"case": {"B": 8, "SEQ_LEN": 1024, "H": 1, "HQ": 16, "D": 32, "S": 1, "block_size": 16, "is_causal": true}, "seed": 398, "status": "PASS", "call_event_ms": {"baseline": [0.024908800423145295, 0.024243199825286867, 0.024217599630355836, 0.024243199825286867], "candidate": [0.023577600717544556, 0.023423999547958374, 0.023398399353027344, 0.023244799673557283]}, "median_ms": {"baseline": 0.024243199825286867, "candidate": 0.02341119945049286}, "baseline_over_candidate": 1.0355385624966982}
{"case": {"B": 8, "SEQ_LEN": 1024, "H": 1, "HQ": 16, "D": 64, "S": 1, "block_size": 16, "is_causal": true}, "candidate": "baseline", "phase": "compile_correctness"}
{"case": {"B": 8, "SEQ_LEN": 1024, "H": 1, "HQ": 16, "D": 64, "S": 1, "block_size": 16, "is_causal": true}, "candidate": "candidate", "phase": "compile_correctness"}
2026-09-07 11:35:30  [TileLang:tilelang.cache.kernel_cache:WARNING] (kernel_cache.py:342): Found kernel 'kernel' in memory cache. For better performance, consider using `@tilelang.jit` instead of direct kernel caching.
{"case": {"B": 8, "SEQ_LEN": 1024, "H": 1, "HQ": 16, "D": 64, "S": 1, "block_size": 16, "is_causal": true}, "seed": 398, "status": "PASS", "call_event_ms": {"baseline": [0.04840959906578064, 0.048691201210021975, 0.048614400625228885, 0.048563200235366824], "candidate": [0.04904960095882416, 0.04897280037403107, 0.048895999789237976, 0.04917759895324707]}, "median_ms": {"baseline": 0.048588800430297854, "candidate": 0.04901120066642761}, "baseline_over_candidate": 0.9913815570647895}
{"case": {"B": 8, "SEQ_LEN": 1024, "H": 1, "HQ": 16, "D": 128, "S": 1, "block_size": 16, "is_causal": true}, "candidate": "baseline", "phase": "compile_correctness"}
{"case": {"B": 8, "SEQ_LEN": 1024, "H": 1, "HQ": 16, "D": 128, "S": 1, "block_size": 16, "is_causal": true}, "candidate": "candidate", "phase": "compile_correctness"}
{"case": {"B": 8, "SEQ_LEN": 1024, "H": 1, "HQ": 16, "D": 128, "S": 1, "block_size": 16, "is_causal": true}, "seed": 398, "status": "PASS", "call_event_ms": {"baseline": [0.09797120094299316, 0.09771519899368286, 0.09781759977340698, 0.09740800261497498], "candidate": [0.0855296015739441, 0.0852735996246338, 0.08514559864997864, 0.08555520176887513]}, "median_ms": {"baseline": 0.09776639938354492, "candidate": 0.08540160059928895}, "baseline_over_candidate": 1.1447841574102644}
{"case": {"B": 1, "SEQ_LEN": 256, "H": 1, "HQ": 16, "D": 64, "S": 1, "block_size": 32, "is_causal": true}, "candidate": "baseline", "phase": "compile_correctness"}
{"case": {"B": 1, "SEQ_LEN": 256, "H": 1, "HQ": 16, "D": 64, "S": 1, "block_size": 32, "is_causal": true}, "candidate": "candidate", "phase": "compile_correctness"}
2026-09-07 11:35:31  [TileLang:tilelang.cache.kernel_cache:WARNING] (kernel_cache.py:342): Found kernel 'kernel' in memory cache. For better performance, consider using `@tilelang.jit` instead of direct kernel caching.
{"case": {"B": 1, "SEQ_LEN": 256, "H": 1, "HQ": 16, "D": 64, "S": 1, "block_size": 32, "is_causal": true}, "seed": 398, "status": "PASS", "call_event_ms": {"baseline": [0.011238399893045425, 0.010828799754381179, 0.010623999685049058, 0.010623999685049058], "candidate": [0.011007999628782272, 0.010700800269842149, 0.010649599879980088, 0.011622399836778641]}, "median_ms": {"baseline": 0.010726399719715118, "candidate": 0.01085439994931221}, "baseline_over_candidate": 0.9882075259622987}
{"case": {"B": 1, "SEQ_LEN": 256, "H": 1, "HQ": 16, "D": 64, "S": 1, "block_size": 64, "is_causal": true}, "candidate": "baseline", "phase": "compile_correctness"}
{"case": {"B": 1, "SEQ_LEN": 256, "H": 1, "HQ": 16, "D": 64, "S": 1, "block_size": 64, "is_causal": true}, "candidate": "candidate", "phase": "compile_correctness"}
2026-09-07 11:35:31  [TileLang:tilelang.cache.kernel_cache:WARNING] (kernel_cache.py:342): Found kernel 'kernel' in memory cache. For better performance, consider using `@tilelang.jit` instead of direct kernel caching.
{"case": {"B": 1, "SEQ_LEN": 256, "H": 1, "HQ": 16, "D": 64, "S": 1, "block_size": 64, "is_causal": true}, "seed": 398, "status": "PASS", "call_event_ms": {"baseline": [0.013952000439167023, 0.014003199338912965, 0.013926400244235993, 0.013952000439167023], "candidate": [0.014156800508499146, 0.013952000439167023, 0.013900800049304963, 0.014028799533843995]}, "median_ms": {"baseline": 0.013952000439167023, "candidate": 0.01399039998650551}, "baseline_over_candidate": 0.997255293102733}
{"case": {"B": 1, "SEQ_LEN": 512, "H": 1, "HQ": 16, "D": 64, "S": 1, "block_size": 32, "is_causal": true}, "candidate": "baseline", "phase": "compile_correctness"}
{"case": {"B": 1, "SEQ_LEN": 512, "H": 1, "HQ": 16, "D": 64, "S": 1, "block_size": 32, "is_causal": true}, "candidate": "candidate", "phase": "compile_correctness"}
2026-09-07 11:35:31  [TileLang:tilelang.cache.kernel_cache:WARNING] (kernel_cache.py:342): Found kernel 'kernel' in memory cache. For better performance, consider using `@tilelang.jit` instead of direct kernel caching.
{"case": {"B": 1, "SEQ_LEN": 512, "H": 1, "HQ": 16, "D": 64, "S": 1, "block_size": 32, "is_causal": true}, "seed": 398, "status": "PASS", "call_event_ms": {"baseline": [0.011238399893045425, 0.010777600109577179, 0.010828799754381179, 0.010726399719715118], "candidate": [0.011059200018644333, 0.010700800269842149, 0.010777600109577179, 0.01090560033917427]}, "median_ms": {"baseline": 0.010803199931979179, "candidate": 0.010841600224375724}, "baseline_over_candidate": 0.9964580604706114}
{"case": {"B": 1, "SEQ_LEN": 512, "H": 1, "HQ": 16, "D": 64, "S": 1, "block_size": 64, "is_causal": true}, "candidate": "baseline", "phase": "compile_correctness"}
{"case": {"B": 1, "SEQ_LEN": 512, "H": 1, "HQ": 16, "D": 64, "S": 1, "block_size": 64, "is_causal": true}, "candidate": "candidate", "phase": "compile_correctness"}
2026-09-07 11:35:31  [TileLang:tilelang.cache.kernel_cache:WARNING] (kernel_cache.py:342): Found kernel 'kernel' in memory cache. For better performance, consider using `@tilelang.jit` instead of direct kernel caching.
{"case": {"B": 1, "SEQ_LEN": 512, "H": 1, "HQ": 16, "D": 64, "S": 1, "block_size": 64, "is_causal": true}, "seed": 398, "status": "PASS", "call_event_ms": {"baseline": [0.01674239933490753, 0.01640959978103638, 0.0165120005607605, 0.01648640036582947], "candidate": [0.01669120043516159, 0.01648640036582947, 0.0165120005607605, 0.01648640036582947]}, "median_ms": {"baseline": 0.016499200463294984, "candidate": 0.016499200463294984}, "baseline_over_candidate": 1.0}
{"case": {"B": 1, "SEQ_LEN": 512, "H": 1, "HQ": 16, "D": 128, "S": 1, "block_size": 32, "is_causal": true}, "candidate": "baseline", "phase": "compile_correctness"}
{"case": {"B": 1, "SEQ_LEN": 512, "H": 1, "HQ": 16, "D": 128, "S": 1, "block_size": 32, "is_causal": true}, "candidate": "candidate", "phase": "compile_correctness"}
{"case": {"B": 1, "SEQ_LEN": 512, "H": 1, "HQ": 16, "D": 128, "S": 1, "block_size": 32, "is_causal": true}, "seed": 398, "status": "PASS", "call_event_ms": {"baseline": [0.01815039962530136, 0.017664000391960144, 0.017638400197029114, 0.017740799486637114], "candidate": [0.015385599434375763, 0.01510400027036667, 0.014950400590896607, 0.015078400075435639]}, "median_ms": {"baseline": 0.01770239993929863, "candidate": 0.015091200172901154}, "baseline_over_candidate": 1.1730279723600998}
{"case": {"B": 2, "SEQ_LEN": 256, "H": 1, "HQ": 16, "D": 64, "S": 1, "block_size": 64, "is_causal": true}, "candidate": "baseline", "phase": "compile_correctness"}
{"case": {"B": 2, "SEQ_LEN": 256, "H": 1, "HQ": 16, "D": 64, "S": 1, "block_size": 64, "is_causal": true}, "candidate": "candidate", "phase": "compile_correctness"}
2026-09-07 11:35:32  [TileLang:tilelang.cache.kernel_cache:WARNING] (kernel_cache.py:342): Found kernel 'kernel' in memory cache. For better performance, consider using `@tilelang.jit` instead of direct kernel caching.
{"case": {"B": 2, "SEQ_LEN": 256, "H": 1, "HQ": 16, "D": 64, "S": 1, "block_size": 64, "is_causal": true}, "seed": 398, "status": "PASS", "call_event_ms": {"baseline": [0.01679359972476959, 0.016358399391174318, 0.01640959978103638, 0.016256000101566314], "candidate": [0.016256000101566314, 0.016307200491428375, 0.016307200491428375, 0.01643519997596741]}, "median_ms": {"baseline": 0.016383999586105348, "candidate": 0.016307200491428375}, "baseline_over_candidate": 1.0047095204794558}
{"case": {"B": 4, "SEQ_LEN": 128, "H": 1, "HQ": 16, "D": 64, "S": 1, "block_size": 32, "is_causal": true}, "candidate": "baseline", "phase": "compile_correctness"}
{"case": {"B": 4, "SEQ_LEN": 128, "H": 1, "HQ": 16, "D": 64, "S": 1, "block_size": 32, "is_causal": true}, "candidate": "candidate", "phase": "compile_correctness"}
2026-09-07 11:35:32  [TileLang:tilelang.cache.kernel_cache:WARNING] (kernel_cache.py:342): Found kernel 'kernel' in memory cache. For better performance, consider using `@tilelang.jit` instead of direct kernel caching.
{"case": {"B": 4, "SEQ_LEN": 128, "H": 1, "HQ": 16, "D": 64, "S": 1, "block_size": 32, "is_causal": true}, "seed": 398, "status": "PASS", "call_event_ms": {"baseline": [0.011699199676513672, 0.01090560033917427, 0.010828799754381179, 0.010777600109577179], "candidate": [0.010931199789047242, 0.010828799754381179, 0.01080320030450821, 0.013260799646377563]}, "median_ms": {"baseline": 0.010867200046777725, "candidate": 0.010879999771714211}, "baseline_over_candidate": 0.9988235546686532}
{"case": {"B": 4, "SEQ_LEN": 128, "H": 1, "HQ": 16, "D": 64, "S": 1, "block_size": 64, "is_causal": true}, "candidate": "baseline", "phase": "compile_correctness"}
{"case": {"B": 4, "SEQ_LEN": 128, "H": 1, "HQ": 16, "D": 64, "S": 1, "block_size": 64, "is_causal": true}, "candidate": "candidate", "phase": "compile_correctness"}
2026-09-07 11:35:32  [TileLang:tilelang.cache.kernel_cache:WARNING] (kernel_cache.py:342): Found kernel 'kernel' in memory cache. For better performance, consider using `@tilelang.jit` instead of direct kernel caching.
{"case": {"B": 4, "SEQ_LEN": 128, "H": 1, "HQ": 16, "D": 64, "S": 1, "block_size": 64, "is_causal": true}, "seed": 398, "status": "PASS", "call_event_ms": {"baseline": [0.016179199516773223, 0.016230399906635284, 0.016281600296497344, 0.016256000101566314], "candidate": [0.01646080017089844, 0.016383999586105348, 0.016307200491428375, 0.016281600296497344]}, "median_ms": {"baseline": 0.0162432000041008, "candidate": 0.01634560003876686}, "baseline_over_candidate": 0.9937353150436081}
{"case": {"B": 2, "SEQ_LEN": 512, "H": 1, "HQ": 16, "D": 128, "S": 1, "block_size": 32, "is_causal": true}, "candidate": "baseline", "phase": "compile_correctness"}
{"case": {"B": 2, "SEQ_LEN": 512, "H": 1, "HQ": 16, "D": 128, "S": 1, "block_size": 32, "is_causal": true}, "candidate": "candidate", "phase": "compile_correctness"}
{"case": {"B": 2, "SEQ_LEN": 512, "H": 1, "HQ": 16, "D": 128, "S": 1, "block_size": 32, "is_causal": true}, "seed": 398, "status": "PASS", "call_event_ms": {"baseline": [0.024806399643421174, 0.024166400730609893, 0.024166400730609893, 0.024063999950885772], "candidate": [0.02178560048341751, 0.021503999829292297, 0.021657599508762358, 0.021555200219154358]}, "median_ms": {"baseline": 0.024166400730609893, "candidate": 0.021606399863958358}, "baseline_over_candidate": 1.1184834531791608}
{"case": {"B": 4, "SEQ_LEN": 1024, "H": 1, "HQ": 16, "D": 128, "S": 1, "block_size": 32, "is_causal": true}, "candidate": "baseline", "phase": "compile_correctness"}
{"case": {"B": 4, "SEQ_LEN": 1024, "H": 1, "HQ": 16, "D": 128, "S": 1, "block_size": 32, "is_causal": true}, "candidate": "candidate", "phase": "compile_correctness"}
{"case": {"B": 4, "SEQ_LEN": 1024, "H": 1, "HQ": 16, "D": 128, "S": 1, "block_size": 32, "is_causal": true}, "seed": 398, "status": "PASS", "call_event_ms": {"baseline": [0.08028159737586975, 0.07984640002250672, 0.07989760041236878, 0.07941120266914367], "candidate": [0.05913599729537964, 0.059468799829483034, 0.05939199924468994, 0.05921279788017273]}, "median_ms": {"baseline": 0.07987200021743775, "candidate": 0.05930239856243134}, "baseline_over_candidate": 1.346859522610228}
{"case": {"B": 8, "SEQ_LEN": 512, "H": 1, "HQ": 16, "D": 128, "S": 1, "block_size": 32, "is_causal": true}, "candidate": "baseline", "phase": "compile_correctness"}
{"case": {"B": 8, "SEQ_LEN": 512, "H": 1, "HQ": 16, "D": 128, "S": 1, "block_size": 32, "is_causal": true}, "candidate": "candidate", "phase": "compile_correctness"}
{"case": {"B": 8, "SEQ_LEN": 512, "H": 1, "HQ": 16, "D": 128, "S": 1, "block_size": 32, "is_causal": true}, "seed": 398, "status": "PASS", "call_event_ms": {"baseline": [0.08171520233154297, 0.08046079874038696, 0.08094720244407654, 0.08127999901771546], "candidate": [0.05934079885482788, 0.05911039710044861, 0.05923839807510376, 0.05926399827003479]}, "median_ms": {"baseline": 0.08111360073089599, "candidate": 0.059251198172569276}, "baseline_over_candidate": 1.368978235590315}
{"case": {"B": 1, "SEQ_LEN": 256, "H": 2, "HQ": 32, "D": 64, "S": 1, "block_size": 16, "is_causal": true}, "candidate": "baseline", "phase": "compile_correctness"}
{"case": {"B": 1, "SEQ_LEN": 256, "H": 2, "HQ": 32, "D": 64, "S": 1, "block_size": 16, "is_causal": true}, "candidate": "candidate", "phase": "compile_correctness"}
2026-09-07 11:35:33  [TileLang:tilelang.cache.kernel_cache:WARNING] (kernel_cache.py:342): Found kernel 'kernel' in memory cache. For better performance, consider using `@tilelang.jit` instead of direct kernel caching.
{"case": {"B": 1, "SEQ_LEN": 256, "H": 2, "HQ": 32, "D": 64, "S": 1, "block_size": 16, "is_causal": true}, "seed": 398, "status": "PASS", "call_event_ms": {"baseline": [0.011699199676513672, 0.010777600109577179, 0.010751999914646149, 0.010675200074911118], "candidate": [0.011135999858379365, 0.01080320030450821, 0.010572800040245056, 0.010726399719715118]}, "median_ms": {"baseline": 0.010764800012111664, "candidate": 0.010764800012111664}, "baseline_over_candidate": 1.0}
{"case": {"B": 2, "SEQ_LEN": 512, "H": 2, "HQ": 32, "D": 64, "S": 1, "block_size": 16, "is_causal": true}, "candidate": "baseline", "phase": "compile_correctness"}
{"case": {"B": 2, "SEQ_LEN": 512, "H": 2, "HQ": 32, "D": 64, "S": 1, "block_size": 16, "is_causal": true}, "candidate": "candidate", "phase": "compile_correctness"}
2026-09-07 11:35:33  [TileLang:tilelang.cache.kernel_cache:WARNING] (kernel_cache.py:342): Found kernel 'kernel' in memory cache. For better performance, consider using `@tilelang.jit` instead of direct kernel caching.
{"case": {"B": 2, "SEQ_LEN": 512, "H": 2, "HQ": 32, "D": 64, "S": 1, "block_size": 16, "is_causal": true}, "seed": 398, "status": "PASS", "call_event_ms": {"baseline": [0.018713599443435668, 0.018303999304771425, 0.018636800348758698, 0.018406400084495546], "candidate": [0.017459200322628023, 0.017561599612236023, 0.017817600071430205, 0.017894400656223296]}, "median_ms": {"baseline": 0.01852160021662712, "candidate": 0.017689599841833114}, "baseline_over_candidate": 1.0470333067018542}
{"case": {"B": 1, "SEQ_LEN": 512, "H": 2, "HQ": 32, "D": 128, "S": 1, "block_size": 16, "is_causal": true}, "candidate": "baseline", "phase": "compile_correctness"}
{"case": {"B": 1, "SEQ_LEN": 512, "H": 2, "HQ": 32, "D": 128, "S": 1, "block_size": 16, "is_causal": true}, "candidate": "candidate", "phase": "compile_correctness"}
{"case": {"B": 1, "SEQ_LEN": 512, "H": 2, "HQ": 32, "D": 128, "S": 1, "block_size": 16, "is_causal": true}, "seed": 398, "status": "PASS", "call_event_ms": {"baseline": [0.019174399971961974, 0.018688000738620758, 0.018688000738620758, 0.018534399569034576], "candidate": [0.017100800573825837, 0.017100800573825837, 0.01676799952983856, 0.016896000504493712]}, "median_ms": {"baseline": 0.018688000738620758, "candidate": 0.016998400539159776}, "baseline_over_candidate": 1.0993975989428295}
{"case": {"B": 1, "SEQ_LEN": 256, "H": 1, "HQ": 16, "D": 64, "S": 2, "block_size": 16, "is_causal": true}, "candidate": "baseline", "phase": "compile_correctness"}
{"case": {"B": 1, "SEQ_LEN": 256, "H": 1, "HQ": 16, "D": 64, "S": 2, "block_size": 16, "is_causal": true}, "candidate": "candidate", "phase": "compile_correctness"}
{"case": {"B": 1, "SEQ_LEN": 256, "H": 1, "HQ": 16, "D": 64, "S": 2, "block_size": 16, "is_causal": true}, "seed": 398, "status": "PASS", "call_event_ms": {"baseline": [0.012211199849843979, 0.011084800213575363, 0.01088000014424324, 0.010828799754381179], "candidate": [0.011827199906110763, 0.011315199732780456, 0.010956799983978272, 0.011007999628782272]}, "median_ms": {"baseline": 0.0109824001789093, "candidate": 0.011161599680781363}, "baseline_over_candidate": 0.9839449982979933}
{"case": {"B": 2, "SEQ_LEN": 512, "H": 1, "HQ": 16, "D": 64, "S": 2, "block_size": 16, "is_causal": true}, "candidate": "baseline", "phase": "compile_correctness"}
{"case": {"B": 2, "SEQ_LEN": 512, "H": 1, "HQ": 16, "D": 64, "S": 2, "block_size": 16, "is_causal": true}, "candidate": "candidate", "phase": "compile_correctness"}
{"case": {"B": 2, "SEQ_LEN": 512, "H": 1, "HQ": 16, "D": 64, "S": 2, "block_size": 16, "is_causal": true}, "seed": 398, "status": "PASS", "call_event_ms": {"baseline": [0.019865599274635316, 0.019251200556755065, 0.01932799965143204, 0.018892799317836762], "candidate": [0.012825599312782288, 0.012671999633312225, 0.012518399953842163, 0.01231359988451004]}, "median_ms": {"baseline": 0.01928960010409355, "candidate": 0.012595199793577195}, "baseline_over_candidate": 1.5315040984050212}
{"case": {"B": 4, "SEQ_LEN": 1024, "H": 1, "HQ": 16, "D": 64, "S": 2, "block_size": 16, "is_causal": true}, "candidate": "baseline", "phase": "compile_correctness"}
{"case": {"B": 4, "SEQ_LEN": 1024, "H": 1, "HQ": 16, "D": 64, "S": 2, "block_size": 16, "is_causal": true}, "candidate": "candidate", "phase": "compile_correctness"}
{"case": {"B": 4, "SEQ_LEN": 1024, "H": 1, "HQ": 16, "D": 64, "S": 2, "block_size": 16, "is_causal": true}, "seed": 398, "status": "PASS", "call_event_ms": {"baseline": [0.05079039931297302, 0.05030400156974792, 0.05015040040016174, 0.05015040040016174], "candidate": [0.03578880131244659, 0.03573760092258453, 0.03566080033779144, 0.03558399975299835]}, "median_ms": {"baseline": 0.05022720098495483, "candidate": 0.035699200630187986}, "baseline_over_candidate": 1.4069559009251784}
{"case": {"B": 1, "SEQ_LEN": 256, "H": 1, "HQ": 16, "D": 64, "S": 4, "block_size": 16, "is_causal": true}, "candidate": "baseline", "phase": "compile_correctness"}
{"case": {"B": 1, "SEQ_LEN": 256, "H": 1, "HQ": 16, "D": 64, "S": 4, "block_size": 16, "is_causal": true}, "candidate": "candidate", "phase": "compile_correctness"}
{"case": {"B": 1, "SEQ_LEN": 256, "H": 1, "HQ": 16, "D": 64, "S": 4, "block_size": 16, "is_causal": true}, "seed": 398, "status": "PASS", "call_event_ms": {"baseline": [0.016256000101566314, 0.01594880074262619, 0.015846399962902068, 0.015744000673294067], "candidate": [0.01226240023970604, 0.012160000205039979, 0.012134400010108948, 0.011980800330638886]}, "median_ms": {"baseline": 0.015897600352764128, "candidate": 0.012147200107574464}, "baseline_over_candidate": 1.3087460659227206}
{"case": {"B": 2, "SEQ_LEN": 512, "H": 1, "HQ": 16, "D": 64, "S": 4, "block_size": 16, "is_causal": true}, "candidate": "baseline", "phase": "compile_correctness"}
{"case": {"B": 2, "SEQ_LEN": 512, "H": 1, "HQ": 16, "D": 64, "S": 4, "block_size": 16, "is_causal": true}, "candidate": "candidate", "phase": "compile_correctness"}
{"case": {"B": 2, "SEQ_LEN": 512, "H": 1, "HQ": 16, "D": 64, "S": 4, "block_size": 16, "is_causal": true}, "seed": 398, "status": "PASS", "call_event_ms": {"baseline": [0.029311999678611755, 0.02890239953994751, 0.02887679934501648, 0.028543999791145323], "candidate": [0.01950719952583313, 0.0193792000412941, 0.019020800292491914, 0.019148799777030944]}, "median_ms": {"baseline": 0.028889599442481994, "candidate": 0.01926399990916252}, "baseline_over_candidate": 1.4996677522169868}
{"case": {"B": 4, "SEQ_LEN": 1024, "H": 1, "HQ": 16, "D": 64, "S": 4, "block_size": 16, "is_causal": true}, "candidate": "baseline", "phase": "compile_correctness"}
{"case": {"B": 4, "SEQ_LEN": 1024, "H": 1, "HQ": 16, "D": 64, "S": 4, "block_size": 16, "is_causal": true}, "candidate": "candidate", "phase": "compile_correctness"}
{"case": {"B": 4, "SEQ_LEN": 1024, "H": 1, "HQ": 16, "D": 64, "S": 4, "block_size": 16, "is_causal": true}, "seed": 398, "status": "PASS", "call_event_ms": {"baseline": [0.07807999849319458, 0.07779840230941773, 0.07782400250434876, 0.0779263973236084], "candidate": [0.05775359869003296, 0.057574397325515746, 0.057599997520446776, 0.05839359760284424]}, "median_ms": {"baseline": 0.07787519991397858, "candidate": 0.05767679810523987}, "baseline_over_candidate": 1.3501997765528477}
{"case": {"B": 1, "SEQ_LEN": 256, "H": 1, "HQ": 16, "D": 64, "S": 8, "block_size": 16, "is_causal": true}, "candidate": "baseline", "phase": "compile_correctness"}
{"case": {"B": 1, "SEQ_LEN": 256, "H": 1, "HQ": 16, "D": 64, "S": 8, "block_size": 16, "is_causal": true}, "candidate": "candidate", "phase": "compile_correctness"}
{"case": {"B": 1, "SEQ_LEN": 256, "H": 1, "HQ": 16, "D": 64, "S": 8, "block_size": 16, "is_causal": true}, "seed": 398, "status": "PASS", "call_event_ms": {"baseline": [0.025574401021003723, 0.025139200687408447, 0.025036799907684325, 0.02467840015888214], "candidate": [0.017254400253295898, 0.017254400253295898, 0.016947199404239655, 0.01687040030956268]}, "median_ms": {"baseline": 0.025088000297546386, "candidate": 0.017100799828767776}, "baseline_over_candidate": 1.4670659003529274}
{"case": {"B": 2, "SEQ_LEN": 512, "H": 1, "HQ": 16, "D": 64, "S": 8, "block_size": 16, "is_causal": true}, "candidate": "baseline", "phase": "compile_correctness"}
{"case": {"B": 2, "SEQ_LEN": 512, "H": 1, "HQ": 16, "D": 64, "S": 8, "block_size": 16, "is_causal": true}, "candidate": "candidate", "phase": "compile_correctness"}
2026-09-07 11:35:36  [TileLang:tilelang.cache.kernel_cache:WARNING] (kernel_cache.py:342): Found kernel 'kernel' in memory cache. For better performance, consider using `@tilelang.jit` instead of direct kernel caching.
{"case": {"B": 2, "SEQ_LEN": 512, "H": 1, "HQ": 16, "D": 64, "S": 8, "block_size": 16, "is_causal": true}, "seed": 398, "status": "PASS", "call_event_ms": {"baseline": [0.04134399890899658, 0.04095999896526337, 0.04101119935512543, 0.04111360013484955], "candidate": [0.0409855991601944, 0.04103679955005646, 0.04095999896526337, 0.04101119935512543]}, "median_ms": {"baseline": 0.04106239974498749, "candidate": 0.04099839925765991}, "baseline_over_candidate": 1.0015610484430222}
{"case": {"B": 4, "SEQ_LEN": 1024, "H": 1, "HQ": 16, "D": 64, "S": 8, "block_size": 16, "is_causal": true}, "candidate": "baseline", "phase": "compile_correctness"}
{"case": {"B": 4, "SEQ_LEN": 1024, "H": 1, "HQ": 16, "D": 64, "S": 8, "block_size": 16, "is_causal": true}, "candidate": "candidate", "phase": "compile_correctness"}
2026-09-07 11:35:36  [TileLang:tilelang.cache.kernel_cache:WARNING] (kernel_cache.py:342): Found kernel 'kernel' in memory cache. For better performance, consider using `@tilelang.jit` instead of direct kernel caching.
{"case": {"B": 4, "SEQ_LEN": 1024, "H": 1, "HQ": 16, "D": 64, "S": 8, "block_size": 16, "is_causal": true}, "seed": 398, "status": "PASS", "call_event_ms": {"baseline": [0.12364799976348877, 0.12318719625473022, 0.12305920124053955, 0.12293119430541992], "candidate": [0.12336640357971192, 0.12290560007095337, 0.12285439968109131, 0.12305920124053955]}, "median_ms": {"baseline": 0.12312319874763489, "candidate": 0.12298240065574646}, "baseline_over_candidate": 1.0011448637458504}
{"case": {"B": 1, "SEQ_LEN": 1024, "H": 1, "HQ": 16, "D": 128, "S": 1, "block_size": 32, "is_causal": true}, "candidate": "baseline", "phase": "compile_correctness"}
{"case": {"B": 1, "SEQ_LEN": 1024, "H": 1, "HQ": 16, "D": 128, "S": 1, "block_size": 32, "is_causal": true}, "candidate": "candidate", "phase": "compile_correctness"}
{"case": {"B": 1, "SEQ_LEN": 1024, "H": 1, "HQ": 16, "D": 128, "S": 1, "block_size": 32, "is_causal": true}, "seed": 398, "status": "PASS", "call_event_ms": {"baseline": [0.02462719976902008, 0.024191999435424806, 0.024038399755954742, 0.02393600046634674], "candidate": [0.021350400149822236, 0.02096640020608902, 0.02096640020608902, 0.02096640020608902]}, "median_ms": {"baseline": 0.024115199595689772, "candidate": 0.02096640020608902}, "baseline_over_candidate": 1.1501831195937147}
{"case": {"B": 2, "SEQ_LEN": 1024, "H": 1, "HQ": 16, "D": 128, "S": 1, "block_size": 32, "is_causal": true}, "candidate": "baseline", "phase": "compile_correctness"}
{"case": {"B": 2, "SEQ_LEN": 1024, "H": 1, "HQ": 16, "D": 128, "S": 1, "block_size": 32, "is_causal": true}, "candidate": "candidate", "phase": "compile_correctness"}
{"case": {"B": 2, "SEQ_LEN": 1024, "H": 1, "HQ": 16, "D": 128, "S": 1, "block_size": 32, "is_causal": true}, "seed": 398, "status": "PASS", "call_event_ms": {"baseline": [0.04492799937725067, 0.04464640021324158, 0.04505600035190582, 0.04454399943351746], "candidate": [0.03425279855728149, 0.03371520042419433, 0.033843201398849485, 0.03399679958820343]}, "median_ms": {"baseline": 0.044787199795246126, "candidate": 0.03392000049352646}, "baseline_over_candidate": 1.320377333243071}
{"case": {"B": 4, "SEQ_LEN": 512, "H": 1, "HQ": 16, "D": 128, "S": 1, "block_size": 32, "is_causal": true}, "candidate": "baseline", "phase": "compile_correctness"}
{"case": {"B": 4, "SEQ_LEN": 512, "H": 1, "HQ": 16, "D": 128, "S": 1, "block_size": 32, "is_causal": true}, "candidate": "candidate", "phase": "compile_correctness"}
{"case": {"B": 4, "SEQ_LEN": 512, "H": 1, "HQ": 16, "D": 128, "S": 1, "block_size": 32, "is_causal": true}, "seed": 398, "status": "PASS", "call_event_ms": {"baseline": [0.04689919948577881, 0.04564479887485504, 0.045926401019096376, 0.045977601408958436], "candidate": [0.03399679958820343, 0.033792001008987424, 0.034227201342582704, 0.034201601147651674]}, "median_ms": {"baseline": 0.045952001214027406, "candidate": 0.03409920036792755}, "baseline_over_candidate": 1.3475976186599425}
{"case": {"B": 8, "SEQ_LEN": 256, "H": 1, "HQ": 16, "D": 128, "S": 1, "block_size": 32, "is_causal": true}, "candidate": "baseline", "phase": "compile_correctness"}
{"case": {"B": 8, "SEQ_LEN": 256, "H": 1, "HQ": 16, "D": 128, "S": 1, "block_size": 32, "is_causal": true}, "candidate": "candidate", "phase": "compile_correctness"}
{"case": {"B": 8, "SEQ_LEN": 256, "H": 1, "HQ": 16, "D": 128, "S": 1, "block_size": 32, "is_causal": true}, "seed": 398, "status": "PASS", "call_event_ms": {"baseline": [0.04482559859752655, 0.04428800046443939, 0.04428800046443939, 0.04428800046443939], "candidate": [0.033792001008987424, 0.03361279964447021, 0.033817601203918454, 0.033766400814056394]}, "median_ms": {"baseline": 0.04428800046443939, "candidate": 0.03377920091152191}, "baseline_over_candidate": 1.3111026687825817}
{"case": {"B": 1, "SEQ_LEN": 2048, "H": 1, "HQ": 16, "D": 32, "S": 1, "block_size": 16, "is_causal": true}, "candidate": "baseline", "phase": "compile_correctness"}
{"case": {"B": 1, "SEQ_LEN": 2048, "H": 1, "HQ": 16, "D": 32, "S": 1, "block_size": 16, "is_causal": true}, "candidate": "candidate", "phase": "compile_correctness"}
2026-09-07 11:35:37  [TileLang:tilelang.cache.kernel_cache:WARNING] (kernel_cache.py:342): Found kernel 'kernel' in memory cache. For better performance, consider using `@tilelang.jit` instead of direct kernel caching.
{"case": {"B": 1, "SEQ_LEN": 2048, "H": 1, "HQ": 16, "D": 32, "S": 1, "block_size": 16, "is_causal": true}, "seed": 398, "status": "PASS", "call_event_ms": {"baseline": [0.011852800101041793, 0.010649599879980088, 0.010777600109577179, 0.010521599650382995], "candidate": [0.011007999628782272, 0.010675200074911118, 0.010598400235176086, 0.010828799754381179]}, "median_ms": {"baseline": 0.010713599994778633, "candidate": 0.010751999914646149}, "baseline_over_candidate": 0.996428578853018}
{"case": {"B": 4, "SEQ_LEN": 2048, "H": 1, "HQ": 16, "D": 32, "S": 1, "block_size": 16, "is_causal": true}, "candidate": "baseline", "phase": "compile_correctness"}
{"case": {"B": 4, "SEQ_LEN": 2048, "H": 1, "HQ": 16, "D": 32, "S": 1, "block_size": 16, "is_causal": true}, "candidate": "candidate", "phase": "compile_correctness"}
{"case": {"B": 4, "SEQ_LEN": 2048, "H": 1, "HQ": 16, "D": 32, "S": 1, "block_size": 16, "is_causal": true}, "seed": 398, "status": "PASS", "call_event_ms": {"baseline": [0.024831999838352204, 0.02449920028448105, 0.024294400215148927, 0.024243199825286867], "candidate": [0.02401279956102371, 0.02391040027141571, 0.02383359968662262, 0.02385919988155365]}, "median_ms": {"baseline": 0.024396800249814988, "candidate": 0.02388480007648468}, "baseline_over_candidate": 1.0214362344122943}
{"case": {"B": 8, "SEQ_LEN": 2048, "H": 1, "HQ": 16, "D": 32, "S": 1, "block_size": 16, "is_causal": true}, "candidate": "baseline", "phase": "compile_correctness"}
{"case": {"B": 8, "SEQ_LEN": 2048, "H": 1, "HQ": 16, "D": 32, "S": 1, "block_size": 16, "is_causal": true}, "candidate": "candidate", "phase": "compile_correctness"}
{"case": {"B": 8, "SEQ_LEN": 2048, "H": 1, "HQ": 16, "D": 32, "S": 1, "block_size": 16, "is_causal": true}, "seed": 398, "status": "PASS", "call_event_ms": {"baseline": [0.04157440066337585, 0.040934398770332336, 0.04085760116577149, 0.04095999896526337], "candidate": [0.039654400944709775, 0.03934719860553741, 0.03934719860553741, 0.03932160139083862]}, "median_ms": {"baseline": 0.04094719886779785, "candidate": 0.03934719860553741}, "baseline_over_candidate": 1.040663638555332}
{"case": {"B": 1, "SEQ_LEN": 48, "H": 1, "HQ": 16, "D": 32, "S": 1, "block_size": 16, "is_causal": true}, "candidate": "baseline", "phase": "compile_correctness"}
{"case": {"B": 1, "SEQ_LEN": 48, "H": 1, "HQ": 16, "D": 32, "S": 1, "block_size": 16, "is_causal": true}, "candidate": "candidate", "phase": "compile_correctness"}
2026-09-07 11:35:38  [TileLang:tilelang.cache.kernel_cache:WARNING] (kernel_cache.py:342): Found kernel 'kernel' in memory cache. For better performance, consider using `@tilelang.jit` instead of direct kernel caching.
{"case": {"B": 1, "SEQ_LEN": 48, "H": 1, "HQ": 16, "D": 32, "S": 1, "block_size": 16, "is_causal": true}, "seed": 398, "status": "PASS", "call_event_ms": {"baseline": [0.011699199676513672, 0.010828799754381179, 0.010777600109577179, 0.01080320030450821], "candidate": [0.01090560033917427, 0.010726399719715118, 0.010649599879980088, 0.01090560033917427]}, "median_ms": {"baseline": 0.010816000029444694, "candidate": 0.010816000029444694}, "baseline_over_candidate": 1.0}
{"case": {"B": 2, "SEQ_LEN": 48, "H": 1, "HQ": 16, "D": 32, "S": 1, "block_size": 16, "is_causal": true}, "candidate": "baseline", "phase": "compile_correctness"}
{"case": {"B": 2, "SEQ_LEN": 48, "H": 1, "HQ": 16, "D": 32, "S": 1, "block_size": 16, "is_causal": true}, "candidate": "candidate", "phase": "compile_correctness"}
2026-09-07 11:35:38  [TileLang:tilelang.cache.kernel_cache:WARNING] (kernel_cache.py:342): Found kernel 'kernel' in memory cache. For better performance, consider using `@tilelang.jit` instead of direct kernel caching.
{"case": {"B": 2, "SEQ_LEN": 48, "H": 1, "HQ": 16, "D": 32, "S": 1, "block_size": 16, "is_causal": true}, "seed": 398, "status": "PASS", "call_event_ms": {"baseline": [0.011622399836778641, 0.010572800040245056, 0.010572800040245056, 0.011699199676513672], "candidate": [0.01090560033917427, 0.010623999685049058, 0.010547199845314026, 0.010700800269842149]}, "median_ms": {"baseline": 0.011097599938511848, "candidate": 0.010662399977445603}, "baseline_over_candidate": 1.0408163229654517}
{"case": {"B": 4, "SEQ_LEN": 48, "H": 1, "HQ": 16, "D": 32, "S": 1, "block_size": 16, "is_causal": true}, "candidate": "baseline", "phase": "compile_correctness"}
{"case": {"B": 4, "SEQ_LEN": 48, "H": 1, "HQ": 16, "D": 32, "S": 1, "block_size": 16, "is_causal": true}, "candidate": "candidate", "phase": "compile_correctness"}
2026-09-07 11:35:38  [TileLang:tilelang.cache.kernel_cache:WARNING] (kernel_cache.py:342): Found kernel 'kernel' in memory cache. For better performance, consider using `@tilelang.jit` instead of direct kernel caching.
{"case": {"B": 4, "SEQ_LEN": 48, "H": 1, "HQ": 16, "D": 32, "S": 1, "block_size": 16, "is_causal": true}, "seed": 398, "status": "PASS", "call_event_ms": {"baseline": [0.011648000031709672, 0.010700800269842149, 0.01080320030450821, 0.010496000200510025], "candidate": [0.011135999858379365, 0.010751999914646149, 0.010700800269842149, 0.010726399719715118]}, "median_ms": {"baseline": 0.010752000287175179, "candidate": 0.010739199817180634}, "baseline_over_candidate": 1.0011919388979118}
{"case": {"B": 8, "SEQ_LEN": 48, "H": 1, "HQ": 16, "D": 32, "S": 1, "block_size": 16, "is_causal": true}, "candidate": "baseline", "phase": "compile_correctness"}
{"case": {"B": 8, "SEQ_LEN": 48, "H": 1, "HQ": 16, "D": 32, "S": 1, "block_size": 16, "is_causal": true}, "candidate": "candidate", "phase": "compile_correctness"}
2026-09-07 11:35:38  [TileLang:tilelang.cache.kernel_cache:WARNING] (kernel_cache.py:342): Found kernel 'kernel' in memory cache. For better performance, consider using `@tilelang.jit` instead of direct kernel caching.
{"case": {"B": 8, "SEQ_LEN": 48, "H": 1, "HQ": 16, "D": 32, "S": 1, "block_size": 16, "is_causal": true}, "seed": 398, "status": "PASS", "call_event_ms": {"baseline": [0.01154559999704361, 0.010598400235176086, 0.010700800269842149, 0.010470400005578995], "candidate": [0.010956799983978272, 0.010598400235176086, 0.010700800269842149, 0.010649599879980088]}, "median_ms": {"baseline": 0.010649600252509116, "candidate": 0.010675200074911118}, "baseline_over_candidate": 0.9976019351185589}
{"case": {"B": 1, "SEQ_LEN": 96, "H": 1, "HQ": 16, "D": 32, "S": 1, "block_size": 16, "is_causal": true}, "candidate": "baseline", "phase": "compile_correctness"}
{"case": {"B": 1, "SEQ_LEN": 96, "H": 1, "HQ": 16, "D": 32, "S": 1, "block_size": 16, "is_causal": true}, "candidate": "candidate", "phase": "compile_correctness"}
2026-09-07 11:35:39  [TileLang:tilelang.cache.kernel_cache:WARNING] (kernel_cache.py:342): Found kernel 'kernel' in memory cache. For better performance, consider using `@tilelang.jit` instead of direct kernel caching.
{"case": {"B": 1, "SEQ_LEN": 96, "H": 1, "HQ": 16, "D": 32, "S": 1, "block_size": 16, "is_causal": true}, "seed": 398, "status": "PASS", "call_event_ms": {"baseline": [0.011468800157308579, 0.010777600109577179, 0.010521599650382995, 0.010700800269842149], "candidate": [0.01080320030450821, 0.010726399719715118, 0.010572800040245056, 0.010931199789047242]}, "median_ms": {"baseline": 0.010739200189709664, "candidate": 0.010764800012111664}, "baseline_over_candidate": 0.9976218952165208}
{"case": {"B": 2, "SEQ_LEN": 96, "H": 1, "HQ": 16, "D": 32, "S": 1, "block_size": 16, "is_causal": true}, "candidate": "baseline", "phase": "compile_correctness"}
{"case": {"B": 2, "SEQ_LEN": 96, "H": 1, "HQ": 16, "D": 32, "S": 1, "block_size": 16, "is_causal": true}, "candidate": "candidate", "phase": "compile_correctness"}
2026-09-07 11:35:39  [TileLang:tilelang.cache.kernel_cache:WARNING] (kernel_cache.py:342): Found kernel 'kernel' in memory cache. For better performance, consider using `@tilelang.jit` instead of direct kernel caching.
{"case": {"B": 2, "SEQ_LEN": 96, "H": 1, "HQ": 16, "D": 32, "S": 1, "block_size": 16, "is_causal": true}, "seed": 398, "status": "PASS", "call_event_ms": {"baseline": [0.011340799927711486, 0.010649599879980088, 0.010623999685049058, 0.010496000200510025], "candidate": [0.011007999628782272, 0.010521599650382995, 0.010726399719715118, 0.010444799810647965]}, "median_ms": {"baseline": 0.010636799782514573, "candidate": 0.010623999685049058}, "baseline_over_candidate": 1.0012048284869142}
{"case": {"B": 4, "SEQ_LEN": 96, "H": 1, "HQ": 16, "D": 32, "S": 1, "block_size": 16, "is_causal": true}, "candidate": "baseline", "phase": "compile_correctness"}
{"case": {"B": 4, "SEQ_LEN": 96, "H": 1, "HQ": 16, "D": 32, "S": 1, "block_size": 16, "is_causal": true}, "candidate": "candidate", "phase": "compile_correctness"}
2026-09-07 11:35:39  [TileLang:tilelang.cache.kernel_cache:WARNING] (kernel_cache.py:342): Found kernel 'kernel' in memory cache. For better performance, consider using `@tilelang.jit` instead of direct kernel caching.
{"case": {"B": 4, "SEQ_LEN": 96, "H": 1, "HQ": 16, "D": 32, "S": 1, "block_size": 16, "is_causal": true}, "seed": 398, "status": "PASS", "call_event_ms": {"baseline": [0.01154559999704361, 0.010700800269842149, 0.010598400235176086, 0.010572800040245056], "candidate": [0.011033599823713302, 0.01085439994931221, 0.010675200074911118, 0.010726399719715118]}, "median_ms": {"baseline": 0.010649600252509116, "candidate": 0.010790399834513664}, "baseline_over_candidate": 0.9869514027131606}
{"case": {"B": 8, "SEQ_LEN": 96, "H": 1, "HQ": 16, "D": 32, "S": 1, "block_size": 16, "is_causal": true}, "candidate": "baseline", "phase": "compile_correctness"}
{"case": {"B": 8, "SEQ_LEN": 96, "H": 1, "HQ": 16, "D": 32, "S": 1, "block_size": 16, "is_causal": true}, "candidate": "candidate", "phase": "compile_correctness"}
2026-09-07 11:35:39  [TileLang:tilelang.cache.kernel_cache:WARNING] (kernel_cache.py:342): Found kernel 'kernel' in memory cache. For better performance, consider using `@tilelang.jit` instead of direct kernel caching.
{"case": {"B": 8, "SEQ_LEN": 96, "H": 1, "HQ": 16, "D": 32, "S": 1, "block_size": 16, "is_causal": true}, "seed": 398, "status": "PASS", "call_event_ms": {"baseline": [0.011417599767446518, 0.01088000014424324, 0.010623999685049058, 0.010521599650382995], "candidate": [0.010956799983978272, 0.010956799983978272, 0.010675200074911118, 0.01080320030450821]}, "median_ms": {"baseline": 0.010751999914646149, "candidate": 0.01088000014424324}, "baseline_over_candidate": 0.988235273170946}
{"case": {"B": 1, "SEQ_LEN": 4096, "H": 1, "HQ": 16, "D": 64, "S": 1, "block_size": 16, "is_causal": true}, "candidate": "baseline", "phase": "compile_correctness"}
{"case": {"B": 1, "SEQ_LEN": 4096, "H": 1, "HQ": 16, "D": 64, "S": 1, "block_size": 16, "is_causal": true}, "candidate": "candidate", "phase": "compile_correctness"}
2026-09-07 11:35:40  [TileLang:tilelang.cache.kernel_cache:WARNING] (kernel_cache.py:342): Found kernel 'kernel' in memory cache. For better performance, consider using `@tilelang.jit` instead of direct kernel caching.
{"case": {"B": 1, "SEQ_LEN": 4096, "H": 1, "HQ": 16, "D": 64, "S": 1, "block_size": 16, "is_causal": true}, "seed": 398, "status": "PASS", "call_event_ms": {"baseline": [0.029286399483680725, 0.02964479923248291, 0.02903040051460266, 0.02903040051460266], "candidate": [0.02959359884262085, 0.02895359992980957, 0.028882798552513123, 0.029311999678611755]}, "median_ms": {"baseline": 0.029158399999141695, "candidate": 0.029132799804210664}, "baseline_over_candidate": 1.0008787413191687}
{"case": {"B": 1, "SEQ_LEN": 4096, "H": 1, "HQ": 16, "D": 128, "S": 1, "block_size": 16, "is_causal": true}, "candidate": "baseline", "phase": "compile_correctness"}
{"case": {"B": 1, "SEQ_LEN": 4096, "H": 1, "HQ": 16, "D": 128, "S": 1, "block_size": 16, "is_causal": true}, "candidate": "candidate", "phase": "compile_correctness"}
{"case": {"B": 1, "SEQ_LEN": 4096, "H": 1, "HQ": 16, "D": 128, "S": 1, "block_size": 16, "is_causal": true}, "seed": 398, "status": "PASS", "call_event_ms": {"baseline": [0.05836799740791321, 0.05744640231132507, 0.05675519704818725, 0.056908798217773435], "candidate": [0.0497408002614975, 0.04925439953804016, 0.04922879934310913, 0.04933120012283325]}, "median_ms": {"baseline": 0.05717760026454925, "candidate": 0.049292799830436704}, "baseline_over_candidate": 1.159958461707098}
{"case": {"B": 2, "SEQ_LEN": 4096, "H": 1, "HQ": 16, "D": 64, "S": 1, "block_size": 16, "is_causal": true}, "candidate": "baseline", "phase": "compile_correctness"}
{"case": {"B": 2, "SEQ_LEN": 4096, "H": 1, "HQ": 16, "D": 64, "S": 1, "block_size": 16, "is_causal": true}, "candidate": "candidate", "phase": "compile_correctness"}
2026-09-07 11:35:40  [TileLang:tilelang.cache.kernel_cache:WARNING] (kernel_cache.py:342): Found kernel 'kernel' in memory cache. For better performance, consider using `@tilelang.jit` instead of direct kernel caching.
{"case": {"B": 2, "SEQ_LEN": 4096, "H": 1, "HQ": 16, "D": 64, "S": 1, "block_size": 16, "is_causal": true}, "seed": 398, "status": "PASS", "call_event_ms": {"baseline": [0.04963839948177338, 0.04951040148735046, 0.04925439953804016, 0.04940800070762634], "candidate": [0.048819199204444885, 0.04897280037403107, 0.0489984005689621, 0.04925439953804016]}, "median_ms": {"baseline": 0.0494592010974884, "candidate": 0.04898560047149658}, "baseline_over_candidate": 1.0096681600599628}
{"case": {"B": 4, "SEQ_LEN": 4096, "H": 1, "HQ": 16, "D": 64, "S": 1, "block_size": 16, "is_causal": true}, "candidate": "baseline", "phase": "compile_correctness"}
{"case": {"B": 4, "SEQ_LEN": 4096, "H": 1, "HQ": 16, "D": 64, "S": 1, "block_size": 16, "is_causal": true}, "candidate": "candidate", "phase": "compile_correctness"}
2026-09-07 11:35:41  [TileLang:tilelang.cache.kernel_cache:WARNING] (kernel_cache.py:342): Found kernel 'kernel' in memory cache. For better performance, consider using `@tilelang.jit` instead of direct kernel caching.
{"case": {"B": 4, "SEQ_LEN": 4096, "H": 1, "HQ": 16, "D": 64, "S": 1, "block_size": 16, "is_causal": true}, "seed": 398, "status": "PASS", "call_event_ms": {"baseline": [0.08919039964675904, 0.08970239758491516, 0.08944640159606934, 0.08893439769744874], "candidate": [0.08857600092887878, 0.08983039855957031, 0.0889087975025177, 0.08888319730758668]}, "median_ms": {"baseline": 0.08931840062141419, "candidate": 0.08889599740505219}, "baseline_over_candidate": 1.0047516561902932}
{"case": {"B": 8, "SEQ_LEN": 4096, "H": 1, "HQ": 16, "D": 64, "S": 1, "block_size": 16, "is_causal": true}, "candidate": "baseline", "phase": "compile_correctness"}
{"case": {"B": 8, "SEQ_LEN": 4096, "H": 1, "HQ": 16, "D": 64, "S": 1, "block_size": 16, "is_causal": true}, "candidate": "candidate", "phase": "compile_correctness"}
2026-09-07 11:35:41  [TileLang:tilelang.cache.kernel_cache:WARNING] (kernel_cache.py:342): Found kernel 'kernel' in memory cache. For better performance, consider using `@tilelang.jit` instead of direct kernel caching.
{"case": {"B": 8, "SEQ_LEN": 4096, "H": 1, "HQ": 16, "D": 64, "S": 1, "block_size": 16, "is_causal": true}, "seed": 398, "status": "PASS", "call_event_ms": {"baseline": [0.16934399604797362, 0.1681663990020752, 0.16852480173110962, 0.16696319580078126], "candidate": [0.1694975972175598, 0.16732159852981568, 0.1686527967453003, 0.1691648006439209]}, "median_ms": {"baseline": 0.1683456003665924, "candidate": 0.1689087986946106}, "baseline_over_candidate": 0.9966656661324289}
{"case": {"B": 1, "SEQ_LEN": 8192, "H": 1, "HQ": 16, "D": 64, "S": 1, "block_size": 16, "is_causal": true}, "candidate": "baseline", "phase": "compile_correctness"}
{"case": {"B": 1, "SEQ_LEN": 8192, "H": 1, "HQ": 16, "D": 64, "S": 1, "block_size": 16, "is_causal": true}, "candidate": "candidate", "phase": "compile_correctness"}
2026-09-07 11:35:41  [TileLang:tilelang.cache.kernel_cache:WARNING] (kernel_cache.py:342): Found kernel 'kernel' in memory cache. For better performance, consider using `@tilelang.jit` instead of direct kernel caching.
{"case": {"B": 1, "SEQ_LEN": 8192, "H": 1, "HQ": 16, "D": 64, "S": 1, "block_size": 16, "is_causal": true}, "seed": 398, "status": "PASS", "call_event_ms": {"baseline": [0.0499455988407135, 0.05004799962043762, 0.04991999864578247, 0.050329601764678954], "candidate": [0.050380802154541014, 0.04991999864578247, 0.04989440143108368, 0.050380802154541014]}, "median_ms": {"baseline": 0.04999679923057556, "candidate": 0.05015040040016174}, "baseline_over_candidate": 0.9969371895665725}
{"case": {"B": 1, "SEQ_LEN": 8192, "H": 1, "HQ": 16, "D": 128, "S": 1, "block_size": 16, "is_causal": true}, "candidate": "baseline", "phase": "compile_correctness"}
{"case": {"B": 1, "SEQ_LEN": 8192, "H": 1, "HQ": 16, "D": 128, "S": 1, "block_size": 16, "is_causal": true}, "candidate": "candidate", "phase": "compile_correctness"}
{"case": {"B": 1, "SEQ_LEN": 8192, "H": 1, "HQ": 16, "D": 128, "S": 1, "block_size": 16, "is_causal": true}, "seed": 398, "status": "PASS", "call_event_ms": {"baseline": [0.10247679948806762, 0.10324480533599853, 0.10247679948806762, 0.10150400400161744], "candidate": [0.09285119771957398, 0.09228799939155578, 0.09177600145339966, 0.09279999732971192]}, "median_ms": {"baseline": 0.10247679948806762, "candidate": 0.09254399836063384}, "baseline_over_candidate": 1.107330581165585}
{"case": {"B": 2, "SEQ_LEN": 8192, "H": 1, "HQ": 16, "D": 64, "S": 1, "block_size": 16, "is_causal": true}, "candidate": "baseline", "phase": "compile_correctness"}
{"case": {"B": 2, "SEQ_LEN": 8192, "H": 1, "HQ": 16, "D": 64, "S": 1, "block_size": 16, "is_causal": true}, "candidate": "candidate", "phase": "compile_correctness"}
2026-09-07 11:35:42  [TileLang:tilelang.cache.kernel_cache:WARNING] (kernel_cache.py:342): Found kernel 'kernel' in memory cache. For better performance, consider using `@tilelang.jit` instead of direct kernel caching.
{"case": {"B": 2, "SEQ_LEN": 8192, "H": 1, "HQ": 16, "D": 64, "S": 1, "block_size": 16, "is_causal": true}, "seed": 398, "status": "PASS", "call_event_ms": {"baseline": [0.09018880128860474, 0.08888319730758668, 0.08901119828224183, 0.08947200179100037], "candidate": [0.09044479727745056, 0.09039360284805298, 0.09011200070381165, 0.0894976019859314]}, "median_ms": {"baseline": 0.0892416000366211, "candidate": 0.09025280177593231}, "baseline_over_candidate": 0.9887958964219007}
{"case": {"B": 4, "SEQ_LEN": 8192, "H": 1, "HQ": 16, "D": 32, "S": 1, "block_size": 16, "is_causal": true}, "candidate": "baseline", "phase": "compile_correctness"}
{"case": {"B": 4, "SEQ_LEN": 8192, "H": 1, "HQ": 16, "D": 32, "S": 1, "block_size": 16, "is_causal": true}, "candidate": "candidate", "phase": "compile_correctness"}
{"case": {"B": 4, "SEQ_LEN": 8192, "H": 1, "HQ": 16, "D": 32, "S": 1, "block_size": 16, "is_causal": true}, "seed": 398, "status": "PASS", "call_event_ms": {"baseline": [0.07531520128250122, 0.07651839852333069, 0.074726402759552, 0.07482879757881164], "candidate": [0.071424001455307, 0.07103999853134155, 0.07086079716682434, 0.07070720195770264]}, "median_ms": {"baseline": 0.07507199943065643, "candidate": 0.07095039784908294}, "baseline_over_candidate": 1.058091310359393}
{"case": {"B": 1, "SEQ_LEN": 16384, "H": 1, "HQ": 16, "D": 32, "S": 1, "block_size": 16, "is_causal": true}, "candidate": "baseline", "phase": "compile_correctness"}
{"case": {"B": 1, "SEQ_LEN": 16384, "H": 1, "HQ": 16, "D": 32, "S": 1, "block_size": 16, "is_causal": true}, "candidate": "candidate", "phase": "compile_correctness"}
{"case": {"B": 1, "SEQ_LEN": 16384, "H": 1, "HQ": 16, "D": 32, "S": 1, "block_size": 16, "is_causal": true}, "seed": 398, "status": "PASS", "call_event_ms": {"baseline": [0.04190720021724701, 0.04139519929885864, 0.04152320027351379, 0.04139519929885864], "candidate": [0.040294399857521056, 0.040191999077796935, 0.039961600303649904, 0.0417279988527298]}, "median_ms": {"baseline": 0.041459199786186215, "candidate": 0.040243199467658995}, "baseline_over_candidate": 1.0302162933020385}
{"case": {"B": 1, "SEQ_LEN": 16384, "H": 1, "HQ": 16, "D": 64, "S": 1, "block_size": 16, "is_causal": true}, "candidate": "baseline", "phase": "compile_correctness"}
{"case": {"B": 1, "SEQ_LEN": 16384, "H": 1, "HQ": 16, "D": 64, "S": 1, "block_size": 16, "is_causal": true}, "candidate": "candidate", "phase": "compile_correctness"}
2026-09-07 11:35:44  [TileLang:tilelang.cache.kernel_cache:WARNING] (kernel_cache.py:342): Found kernel 'kernel' in memory cache. For better performance, consider using `@tilelang.jit` instead of direct kernel caching.
{"case": {"B": 1, "SEQ_LEN": 16384, "H": 1, "HQ": 16, "D": 64, "S": 1, "block_size": 16, "is_causal": true}, "seed": 398, "status": "PASS", "call_event_ms": {"baseline": [0.09192960262298584, 0.09356799721717834, 0.09126399755477906, 0.09218559861183166], "candidate": [0.0921343982219696, 0.09218559861183166, 0.09082880020141601, 0.09093120098114013]}, "median_ms": {"baseline": 0.09205760061740875, "candidate": 0.09153279960155486}, "baseline_over_candidate": 1.0057334749744176}
{"case": {"B": 2, "SEQ_LEN": 16384, "H": 1, "HQ": 16, "D": 32, "S": 1, "block_size": 16, "is_causal": true}, "candidate": "baseline", "phase": "compile_correctness"}
{"case": {"B": 2, "SEQ_LEN": 16384, "H": 1, "HQ": 16, "D": 32, "S": 1, "block_size": 16, "is_causal": true}, "candidate": "candidate", "phase": "compile_correctness"}
{"case": {"B": 2, "SEQ_LEN": 16384, "H": 1, "HQ": 16, "D": 32, "S": 1, "block_size": 16, "is_causal": true}, "seed": 398, "status": "PASS", "call_event_ms": {"baseline": [0.07549440264701843, 0.07592960000038147, 0.07475200295448303, 0.07470080256462097], "candidate": [0.07144960165023803, 0.0716543972492218, 0.07214080095291138, 0.07132160067558288]}, "median_ms": {"baseline": 0.07512320280075073, "candidate": 0.07155199944972992}, "baseline_over_candidate": 1.0499106017789177}
