Loading tilelang libs from dev root: /opt/tilelang-metax-v0.1.10/build
{"case": {"B": 1, "SEQ_LEN": 64, "H": 1, "HQ": 16, "D": 32, "S": 1, "block_size": 16, "is_causal": true}, "candidate": "baseline", "phase": "compile_correctness"}
{"case": {"B": 1, "SEQ_LEN": 64, "H": 1, "HQ": 16, "D": 32, "S": 1, "block_size": 16, "is_causal": true}, "candidate": "candidate", "phase": "compile_correctness"}
2026-09-07 10:27:43  [TileLang:tilelang.cache.kernel_cache:WARNING] (kernel_cache.py:342): Found kernel 'kernel' in memory cache. For better performance, consider using `@tilelang.jit` instead of direct kernel caching.
{"case": {"B": 1, "SEQ_LEN": 64, "H": 1, "HQ": 16, "D": 32, "S": 1, "block_size": 16, "is_causal": true}, "seed": 365, "status": "PASS", "call_event_ms": {"baseline": [0.012800000607967377, 0.010316800326108932, 0.010214400291442872, 0.010342399775981902], "candidate": [0.01090560033917427, 0.010291200131177902, 0.010342399775981902, 0.010342399775981902]}, "median_ms": {"baseline": 0.010329600051045417, "candidate": 0.010342399775981902}, "baseline_over_candidate": 0.9987624028065315}
{"case": {"B": 1, "SEQ_LEN": 64, "H": 1, "HQ": 16, "D": 64, "S": 1, "block_size": 16, "is_causal": true}, "candidate": "baseline", "phase": "compile_correctness"}
{"case": {"B": 1, "SEQ_LEN": 64, "H": 1, "HQ": 16, "D": 64, "S": 1, "block_size": 16, "is_causal": true}, "candidate": "candidate", "phase": "compile_correctness"}
2026-09-07 10:27:43  [TileLang:tilelang.cache.kernel_cache:WARNING] (kernel_cache.py:342): Found kernel 'kernel' in memory cache. For better performance, consider using `@tilelang.jit` instead of direct kernel caching.
{"case": {"B": 1, "SEQ_LEN": 64, "H": 1, "HQ": 16, "D": 64, "S": 1, "block_size": 16, "is_causal": true}, "seed": 365, "status": "PASS", "call_event_ms": {"baseline": [0.011494400352239609, 0.010572800040245056, 0.010316800326108932, 0.012160000205039979], "candidate": [0.010726399719715118, 0.010726399719715118, 0.010367999970912933, 0.011468800157308579]}, "median_ms": {"baseline": 0.011033600196242332, "candidate": 0.010726399719715118}, "baseline_over_candidate": 1.0286396633124328}
{"case": {"B": 1, "SEQ_LEN": 64, "H": 1, "HQ": 16, "D": 128, "S": 1, "block_size": 16, "is_causal": true}, "candidate": "baseline", "phase": "compile_correctness"}
{"case": {"B": 1, "SEQ_LEN": 64, "H": 1, "HQ": 16, "D": 128, "S": 1, "block_size": 16, "is_causal": true}, "candidate": "candidate", "phase": "compile_correctness"}
{"case": {"B": 1, "SEQ_LEN": 64, "H": 1, "HQ": 16, "D": 128, "S": 1, "block_size": 16, "is_causal": true}, "seed": 365, "status": "PASS", "call_event_ms": {"baseline": [0.012006399780511856, 0.011340799927711486, 0.011238399893045425, 0.011161600053310395], "candidate": [0.010956799983978272, 0.010239999741315842, 0.010316800326108932, 0.010547199845314026]}, "median_ms": {"baseline": 0.011289599910378456, "candidate": 0.01043200008571148}, "baseline_over_candidate": 1.0822085714743825}
{"case": {"B": 1, "SEQ_LEN": 128, "H": 1, "HQ": 16, "D": 32, "S": 1, "block_size": 16, "is_causal": true}, "candidate": "baseline", "phase": "compile_correctness"}
{"case": {"B": 1, "SEQ_LEN": 128, "H": 1, "HQ": 16, "D": 32, "S": 1, "block_size": 16, "is_causal": true}, "candidate": "candidate", "phase": "compile_correctness"}
2026-09-07 10:27:43  [TileLang:tilelang.cache.kernel_cache:WARNING] (kernel_cache.py:342): Found kernel 'kernel' in memory cache. For better performance, consider using `@tilelang.jit` instead of direct kernel caching.
{"case": {"B": 1, "SEQ_LEN": 128, "H": 1, "HQ": 16, "D": 32, "S": 1, "block_size": 16, "is_causal": true}, "seed": 365, "status": "PASS", "call_event_ms": {"baseline": [0.011135999858379365, 0.010496000200510025, 0.010316800326108932, 0.010137599706649781], "candidate": [0.010598400235176086, 0.010367999970912933, 0.010444799810647965, 0.011212799698114395]}, "median_ms": {"baseline": 0.010406400263309478, "candidate": 0.010521600022912025}, "baseline_over_candidate": 0.9890511177623473}
{"case": {"B": 1, "SEQ_LEN": 128, "H": 1, "HQ": 16, "D": 64, "S": 1, "block_size": 16, "is_causal": true}, "candidate": "baseline", "phase": "compile_correctness"}
{"case": {"B": 1, "SEQ_LEN": 128, "H": 1, "HQ": 16, "D": 64, "S": 1, "block_size": 16, "is_causal": true}, "candidate": "candidate", "phase": "compile_correctness"}
2026-09-07 10:27:44  [TileLang:tilelang.cache.kernel_cache:WARNING] (kernel_cache.py:342): Found kernel 'kernel' in memory cache. For better performance, consider using `@tilelang.jit` instead of direct kernel caching.
{"case": {"B": 1, "SEQ_LEN": 128, "H": 1, "HQ": 16, "D": 64, "S": 1, "block_size": 16, "is_causal": true}, "seed": 365, "status": "PASS", "call_event_ms": {"baseline": [0.011059200018644333, 0.010496000200510025, 0.010393600165843963, 0.010367999970912933], "candidate": [0.01085439994931221, 0.010572800040245056, 0.010086400061845779, 0.011161600053310395]}, "median_ms": {"baseline": 0.010444800183176995, "candidate": 0.010713599994778632}, "baseline_over_candidate": 0.974910411837978}
{"case": {"B": 1, "SEQ_LEN": 128, "H": 1, "HQ": 16, "D": 128, "S": 1, "block_size": 16, "is_causal": true}, "candidate": "baseline", "phase": "compile_correctness"}
{"case": {"B": 1, "SEQ_LEN": 128, "H": 1, "HQ": 16, "D": 128, "S": 1, "block_size": 16, "is_causal": true}, "candidate": "candidate", "phase": "compile_correctness"}
{"case": {"B": 1, "SEQ_LEN": 128, "H": 1, "HQ": 16, "D": 128, "S": 1, "block_size": 16, "is_causal": true}, "seed": 365, "status": "PASS", "call_event_ms": {"baseline": [0.011929599940776825, 0.011315199732780456, 0.011366400122642516, 0.011340799927711486], "candidate": [0.010470400005578995, 0.010188800096511842, 0.010291200131177902, 0.010496000200510025]}, "median_ms": {"baseline": 0.011353600025177001, "candidate": 0.010380800068378448}, "baseline_over_candidate": 1.0937114625453441}
{"case": {"B": 1, "SEQ_LEN": 256, "H": 1, "HQ": 16, "D": 32, "S": 1, "block_size": 16, "is_causal": true}, "candidate": "baseline", "phase": "compile_correctness"}
{"case": {"B": 1, "SEQ_LEN": 256, "H": 1, "HQ": 16, "D": 32, "S": 1, "block_size": 16, "is_causal": true}, "candidate": "candidate", "phase": "compile_correctness"}
2026-09-07 10:27:44  [TileLang:tilelang.cache.kernel_cache:WARNING] (kernel_cache.py:342): Found kernel 'kernel' in memory cache. For better performance, consider using `@tilelang.jit` instead of direct kernel caching.
{"case": {"B": 1, "SEQ_LEN": 256, "H": 1, "HQ": 16, "D": 32, "S": 1, "block_size": 16, "is_causal": true}, "seed": 365, "status": "PASS", "call_event_ms": {"baseline": [0.011264000087976456, 0.010367999970912933, 0.010214400291442872, 0.010393600165843963], "candidate": [0.01080320030450821, 0.010470400005578995, 0.010521599650382995, 0.010470400005578995]}, "median_ms": {"baseline": 0.010380800068378448, "candidate": 0.010495999827980995}, "baseline_over_candidate": 0.9890244129677442}
{"case": {"B": 1, "SEQ_LEN": 256, "H": 1, "HQ": 16, "D": 64, "S": 1, "block_size": 16, "is_causal": true}, "candidate": "baseline", "phase": "compile_correctness"}
{"case": {"B": 1, "SEQ_LEN": 256, "H": 1, "HQ": 16, "D": 64, "S": 1, "block_size": 16, "is_causal": true}, "candidate": "candidate", "phase": "compile_correctness"}
2026-09-07 10:27:44  [TileLang:tilelang.cache.kernel_cache:WARNING] (kernel_cache.py:342): Found kernel 'kernel' in memory cache. For better performance, consider using `@tilelang.jit` instead of direct kernel caching.
{"case": {"B": 1, "SEQ_LEN": 256, "H": 1, "HQ": 16, "D": 64, "S": 1, "block_size": 16, "is_causal": true}, "seed": 365, "status": "PASS", "call_event_ms": {"baseline": [0.011315199732780456, 0.010470400005578995, 0.010444799810647965, 0.010163199901580811], "candidate": [0.010828799754381179, 0.010547199845314026, 0.010265599936246872, 0.010367999970912933]}, "median_ms": {"baseline": 0.01045759990811348, "candidate": 0.010457599908113478}, "baseline_over_candidate": 1.0000000000000002}
{"case": {"B": 1, "SEQ_LEN": 256, "H": 1, "HQ": 16, "D": 128, "S": 1, "block_size": 16, "is_causal": true}, "candidate": "baseline", "phase": "compile_correctness"}
{"case": {"B": 1, "SEQ_LEN": 256, "H": 1, "HQ": 16, "D": 128, "S": 1, "block_size": 16, "is_causal": true}, "candidate": "candidate", "phase": "compile_correctness"}
{"case": {"B": 1, "SEQ_LEN": 256, "H": 1, "HQ": 16, "D": 128, "S": 1, "block_size": 16, "is_causal": true}, "seed": 365, "status": "PASS", "call_event_ms": {"baseline": [0.012211199849843979, 0.011750400066375732, 0.011622399836778641, 0.01154559999704361], "candidate": [0.010700800269842149, 0.010496000200510025, 0.010496000200510025, 0.010342399775981902]}, "median_ms": {"baseline": 0.011686399951577187, "candidate": 0.010496000200510025}, "baseline_over_candidate": 1.1134146082628045}
{"case": {"B": 1, "SEQ_LEN": 512, "H": 1, "HQ": 16, "D": 32, "S": 1, "block_size": 16, "is_causal": true}, "candidate": "baseline", "phase": "compile_correctness"}
{"case": {"B": 1, "SEQ_LEN": 512, "H": 1, "HQ": 16, "D": 32, "S": 1, "block_size": 16, "is_causal": true}, "candidate": "candidate", "phase": "compile_correctness"}
2026-09-07 10:27:45  [TileLang:tilelang.cache.kernel_cache:WARNING] (kernel_cache.py:342): Found kernel 'kernel' in memory cache. For better performance, consider using `@tilelang.jit` instead of direct kernel caching.
{"case": {"B": 1, "SEQ_LEN": 512, "H": 1, "HQ": 16, "D": 32, "S": 1, "block_size": 16, "is_causal": true}, "seed": 365, "status": "PASS", "call_event_ms": {"baseline": [0.011187200248241425, 0.010137599706649781, 0.010239999741315842, 0.010572800040245056], "candidate": [0.010751999914646149, 0.010444799810647965, 0.010649599879980088, 0.010367999970912933]}, "median_ms": {"baseline": 0.01040639989078045, "candidate": 0.010547199845314027}, "baseline_over_candidate": 0.986650489551866}
{"case": {"B": 1, "SEQ_LEN": 512, "H": 1, "HQ": 16, "D": 64, "S": 1, "block_size": 16, "is_causal": true}, "candidate": "baseline", "phase": "compile_correctness"}
{"case": {"B": 1, "SEQ_LEN": 512, "H": 1, "HQ": 16, "D": 64, "S": 1, "block_size": 16, "is_causal": true}, "candidate": "candidate", "phase": "compile_correctness"}
2026-09-07 10:27:45  [TileLang:tilelang.cache.kernel_cache:WARNING] (kernel_cache.py:342): Found kernel 'kernel' in memory cache. For better performance, consider using `@tilelang.jit` instead of direct kernel caching.
{"case": {"B": 1, "SEQ_LEN": 512, "H": 1, "HQ": 16, "D": 64, "S": 1, "block_size": 16, "is_causal": true}, "seed": 365, "status": "PASS", "call_event_ms": {"baseline": [0.010982400178909302, 0.010675200074911118, 0.010547199845314026, 0.010470400005578995], "candidate": [0.010649599879980088, 0.010777600109577179, 0.010419200360774993, 0.010572800040245056]}, "median_ms": {"baseline": 0.010611199960112571, "candidate": 0.010611199960112571}, "baseline_over_candidate": 1.0}
{"case": {"B": 1, "SEQ_LEN": 512, "H": 1, "HQ": 16, "D": 128, "S": 1, "block_size": 16, "is_causal": true}, "candidate": "baseline", "phase": "compile_correctness"}
{"case": {"B": 1, "SEQ_LEN": 512, "H": 1, "HQ": 16, "D": 128, "S": 1, "block_size": 16, "is_causal": true}, "candidate": "candidate", "phase": "compile_correctness"}
{"case": {"B": 1, "SEQ_LEN": 512, "H": 1, "HQ": 16, "D": 128, "S": 1, "block_size": 16, "is_causal": true}, "seed": 365, "status": "PASS", "call_event_ms": {"baseline": [0.013593600690364837, 0.013312000036239623, 0.013184000551700593, 0.013235199451446533], "candidate": [0.011289600282907486, 0.011110399663448334, 0.011187200248241425, 0.011161600053310395]}, "median_ms": {"baseline": 0.013273599743843078, "candidate": 0.01117440015077591}, "baseline_over_candidate": 1.1878579221025485}
{"case": {"B": 1, "SEQ_LEN": 1024, "H": 1, "HQ": 16, "D": 32, "S": 1, "block_size": 16, "is_causal": true}, "candidate": "baseline", "phase": "compile_correctness"}
{"case": {"B": 1, "SEQ_LEN": 1024, "H": 1, "HQ": 16, "D": 32, "S": 1, "block_size": 16, "is_causal": true}, "candidate": "candidate", "phase": "compile_correctness"}
2026-09-07 10:27:45  [TileLang:tilelang.cache.kernel_cache:WARNING] (kernel_cache.py:342): Found kernel 'kernel' in memory cache. For better performance, consider using `@tilelang.jit` instead of direct kernel caching.
{"case": {"B": 1, "SEQ_LEN": 1024, "H": 1, "HQ": 16, "D": 32, "S": 1, "block_size": 16, "is_causal": true}, "seed": 365, "status": "PASS", "call_event_ms": {"baseline": [0.011315199732780456, 0.010419200360774993, 0.010700800269842149, 0.010342399775981902], "candidate": [0.010828799754381179, 0.010675200074911118, 0.010470400005578995, 0.010496000200510025]}, "median_ms": {"baseline": 0.01056000031530857, "candidate": 0.010585600137710573}, "baseline_over_candidate": 0.9975816371231704}
{"case": {"B": 1, "SEQ_LEN": 1024, "H": 1, "HQ": 16, "D": 64, "S": 1, "block_size": 16, "is_causal": true}, "candidate": "baseline", "phase": "compile_correctness"}
{"case": {"B": 1, "SEQ_LEN": 1024, "H": 1, "HQ": 16, "D": 64, "S": 1, "block_size": 16, "is_causal": true}, "candidate": "candidate", "phase": "compile_correctness"}
2026-09-07 10:27:45  [TileLang:tilelang.cache.kernel_cache:WARNING] (kernel_cache.py:342): Found kernel 'kernel' in memory cache. For better performance, consider using `@tilelang.jit` instead of direct kernel caching.
{"case": {"B": 1, "SEQ_LEN": 1024, "H": 1, "HQ": 16, "D": 64, "S": 1, "block_size": 16, "is_causal": true}, "seed": 365, "status": "PASS", "call_event_ms": {"baseline": [0.011519999802112579, 0.010777600109577179, 0.010751999914646149, 0.010547199845314026], "candidate": [0.011084800213575363, 0.01088000014424324, 0.010675200074911118, 0.010777600109577179]}, "median_ms": {"baseline": 0.010764800012111664, "candidate": 0.01082880012691021}, "baseline_over_candidate": 0.9940898239834068}
{"case": {"B": 1, "SEQ_LEN": 1024, "H": 1, "HQ": 16, "D": 128, "S": 1, "block_size": 16, "is_causal": true}, "candidate": "baseline", "phase": "compile_correctness"}
{"case": {"B": 1, "SEQ_LEN": 1024, "H": 1, "HQ": 16, "D": 128, "S": 1, "block_size": 16, "is_causal": true}, "candidate": "candidate", "phase": "compile_correctness"}
{"case": {"B": 1, "SEQ_LEN": 1024, "H": 1, "HQ": 16, "D": 128, "S": 1, "block_size": 16, "is_causal": true}, "seed": 365, "status": "PASS", "call_event_ms": {"baseline": [0.019200000166893005, 0.018457600474357606, 0.018534399569034576, 0.018483200669288637], "candidate": [0.015488000214099884, 0.015360000729560851, 0.01525759994983673, 0.01594880074262619]}, "median_ms": {"baseline": 0.018508800119161607, "candidate": 0.015424000471830367}, "baseline_over_candidate": 1.1999999710169333}
{"case": {"B": 2, "SEQ_LEN": 64, "H": 1, "HQ": 16, "D": 64, "S": 1, "block_size": 16, "is_causal": true}, "candidate": "baseline", "phase": "compile_correctness"}
{"case": {"B": 2, "SEQ_LEN": 64, "H": 1, "HQ": 16, "D": 64, "S": 1, "block_size": 16, "is_causal": true}, "candidate": "candidate", "phase": "compile_correctness"}
2026-09-07 10:27:46  [TileLang:tilelang.cache.kernel_cache:WARNING] (kernel_cache.py:342): Found kernel 'kernel' in memory cache. For better performance, consider using `@tilelang.jit` instead of direct kernel caching.
{"case": {"B": 2, "SEQ_LEN": 64, "H": 1, "HQ": 16, "D": 64, "S": 1, "block_size": 16, "is_causal": true}, "seed": 365, "status": "PASS", "call_event_ms": {"baseline": [0.011161600053310395, 0.010470400005578995, 0.010393600165843963, 0.010291200131177902], "candidate": [0.01088000014424324, 0.010367999970912933, 0.010470400005578995, 0.010572800040245056]}, "median_ms": {"baseline": 0.01043200008571148, "candidate": 0.010521600022912025}, "baseline_over_candidate": 0.9914841909020081}
{"case": {"B": 2, "SEQ_LEN": 64, "H": 1, "HQ": 16, "D": 128, "S": 1, "block_size": 16, "is_causal": true}, "candidate": "baseline", "phase": "compile_correctness"}
{"case": {"B": 2, "SEQ_LEN": 64, "H": 1, "HQ": 16, "D": 128, "S": 1, "block_size": 16, "is_causal": true}, "candidate": "candidate", "phase": "compile_correctness"}
{"case": {"B": 2, "SEQ_LEN": 64, "H": 1, "HQ": 16, "D": 128, "S": 1, "block_size": 16, "is_causal": true}, "seed": 365, "status": "PASS", "call_event_ms": {"baseline": [0.012057600170373916, 0.011417599767446518, 0.011392000317573547, 0.011468800157308579], "candidate": [0.010675200074911118, 0.010291200131177902, 0.010572800040245056, 0.010572800040245056]}, "median_ms": {"baseline": 0.011443199962377549, "candidate": 0.010572800040245056}, "baseline_over_candidate": 1.0823244475275557}
{"case": {"B": 2, "SEQ_LEN": 128, "H": 1, "HQ": 16, "D": 32, "S": 1, "block_size": 16, "is_causal": true}, "candidate": "baseline", "phase": "compile_correctness"}
{"case": {"B": 2, "SEQ_LEN": 128, "H": 1, "HQ": 16, "D": 32, "S": 1, "block_size": 16, "is_causal": true}, "candidate": "candidate", "phase": "compile_correctness"}
2026-09-07 10:27:46  [TileLang:tilelang.cache.kernel_cache:WARNING] (kernel_cache.py:342): Found kernel 'kernel' in memory cache. For better performance, consider using `@tilelang.jit` instead of direct kernel caching.
{"case": {"B": 2, "SEQ_LEN": 128, "H": 1, "HQ": 16, "D": 32, "S": 1, "block_size": 16, "is_causal": true}, "seed": 365, "status": "PASS", "call_event_ms": {"baseline": [0.011110399663448334, 0.010393600165843963, 0.010444799810647965, 0.010291200131177902], "candidate": [0.010470400005578995, 0.010470400005578995, 0.010367999970912933, 0.010470400005578995]}, "median_ms": {"baseline": 0.010419199988245965, "candidate": 0.010470400005578995}, "baseline_over_candidate": 0.9951100227970517}
{"case": {"B": 2, "SEQ_LEN": 128, "H": 1, "HQ": 16, "D": 64, "S": 1, "block_size": 16, "is_causal": true}, "candidate": "baseline", "phase": "compile_correctness"}
{"case": {"B": 2, "SEQ_LEN": 128, "H": 1, "HQ": 16, "D": 64, "S": 1, "block_size": 16, "is_causal": true}, "candidate": "candidate", "phase": "compile_correctness"}
2026-09-07 10:27:46  [TileLang:tilelang.cache.kernel_cache:WARNING] (kernel_cache.py:342): Found kernel 'kernel' in memory cache. For better performance, consider using `@tilelang.jit` instead of direct kernel caching.
{"case": {"B": 2, "SEQ_LEN": 128, "H": 1, "HQ": 16, "D": 64, "S": 1, "block_size": 16, "is_causal": true}, "seed": 365, "status": "PASS", "call_event_ms": {"baseline": [0.011135999858379365, 0.010419200360774993, 0.010675200074911118, 0.010470400005578995], "candidate": [0.01088000014424324, 0.010367999970912933, 0.010572800040245056, 0.010444799810647965]}, "median_ms": {"baseline": 0.010572800040245058, "candidate": 0.01050879992544651}, "baseline_over_candidate": 1.006090144950193}
{"case": {"B": 2, "SEQ_LEN": 128, "H": 1, "HQ": 16, "D": 128, "S": 1, "block_size": 16, "is_causal": true}, "candidate": "baseline", "phase": "compile_correctness"}
{"case": {"B": 2, "SEQ_LEN": 128, "H": 1, "HQ": 16, "D": 128, "S": 1, "block_size": 16, "is_causal": true}, "candidate": "candidate", "phase": "compile_correctness"}
{"case": {"B": 2, "SEQ_LEN": 128, "H": 1, "HQ": 16, "D": 128, "S": 1, "block_size": 16, "is_causal": true}, "seed": 365, "status": "PASS", "call_event_ms": {"baseline": [0.012185599654912949, 0.011673600226640702, 0.011596799641847611, 0.01154559999704361], "candidate": [0.01090560033917427, 0.010547199845314026, 0.010521599650382995, 0.010496000200510025]}, "median_ms": {"baseline": 0.011635199934244157, "candidate": 0.01053439974784851}, "baseline_over_candidate": 1.1044957674613087}
{"case": {"B": 2, "SEQ_LEN": 256, "H": 1, "HQ": 16, "D": 32, "S": 1, "block_size": 16, "is_causal": true}, "candidate": "baseline", "phase": "compile_correctness"}
{"case": {"B": 2, "SEQ_LEN": 256, "H": 1, "HQ": 16, "D": 32, "S": 1, "block_size": 16, "is_causal": true}, "candidate": "candidate", "phase": "compile_correctness"}
2026-09-07 10:27:47  [TileLang:tilelang.cache.kernel_cache:WARNING] (kernel_cache.py:342): Found kernel 'kernel' in memory cache. For better performance, consider using `@tilelang.jit` instead of direct kernel caching.
{"case": {"B": 2, "SEQ_LEN": 256, "H": 1, "HQ": 16, "D": 32, "S": 1, "block_size": 16, "is_causal": true}, "seed": 365, "status": "PASS", "call_event_ms": {"baseline": [0.011392000317573547, 0.010496000200510025, 0.011084800213575363, 0.011289600282907486], "candidate": [0.010726399719715118, 0.010419200360774993, 0.010572800040245056, 0.010342399775981902]}, "median_ms": {"baseline": 0.011187200248241425, "candidate": 0.010496000200510024}, "baseline_over_candidate": 1.065853661826132}
{"case": {"B": 2, "SEQ_LEN": 256, "H": 1, "HQ": 16, "D": 64, "S": 1, "block_size": 16, "is_causal": true}, "candidate": "baseline", "phase": "compile_correctness"}
{"case": {"B": 2, "SEQ_LEN": 256, "H": 1, "HQ": 16, "D": 64, "S": 1, "block_size": 16, "is_causal": true}, "candidate": "candidate", "phase": "compile_correctness"}
2026-09-07 10:27:47  [TileLang:tilelang.cache.kernel_cache:WARNING] (kernel_cache.py:342): Found kernel 'kernel' in memory cache. For better performance, consider using `@tilelang.jit` instead of direct kernel caching.
{"case": {"B": 2, "SEQ_LEN": 256, "H": 1, "HQ": 16, "D": 64, "S": 1, "block_size": 16, "is_causal": true}, "seed": 365, "status": "PASS", "call_event_ms": {"baseline": [0.011059200018644333, 0.010470400005578995, 0.010419200360774993, 0.010265599936246872], "candidate": [0.010496000200510025, 0.010342399775981902, 0.010188800096511842, 0.010496000200510025]}, "median_ms": {"baseline": 0.010444800183176995, "candidate": 0.010419199988245965}, "baseline_over_candidate": 1.0024570211686032}
{"case": {"B": 2, "SEQ_LEN": 256, "H": 1, "HQ": 16, "D": 128, "S": 1, "block_size": 16, "is_causal": true}, "candidate": "baseline", "phase": "compile_correctness"}
{"case": {"B": 2, "SEQ_LEN": 256, "H": 1, "HQ": 16, "D": 128, "S": 1, "block_size": 16, "is_causal": true}, "candidate": "candidate", "phase": "compile_correctness"}
{"case": {"B": 2, "SEQ_LEN": 256, "H": 1, "HQ": 16, "D": 128, "S": 1, "block_size": 16, "is_causal": true}, "seed": 365, "status": "PASS", "call_event_ms": {"baseline": [0.013798399269580841, 0.013158400356769562, 0.013260799646377563, 0.013107199966907502], "candidate": [0.011135999858379365, 0.010956799983978272, 0.010828799754381179, 0.01090560033917427]}, "median_ms": {"baseline": 0.013209600001573563, "candidate": 0.010931200161576272}, "baseline_over_candidate": 1.208430895630837}
{"case": {"B": 2, "SEQ_LEN": 512, "H": 1, "HQ": 16, "D": 32, "S": 1, "block_size": 16, "is_causal": true}, "candidate": "baseline", "phase": "compile_correctness"}
{"case": {"B": 2, "SEQ_LEN": 512, "H": 1, "HQ": 16, "D": 32, "S": 1, "block_size": 16, "is_causal": true}, "candidate": "candidate", "phase": "compile_correctness"}
2026-09-07 10:27:47  [TileLang:tilelang.cache.kernel_cache:WARNING] (kernel_cache.py:342): Found kernel 'kernel' in memory cache. For better performance, consider using `@tilelang.jit` instead of direct kernel caching.
{"case": {"B": 2, "SEQ_LEN": 512, "H": 1, "HQ": 16, "D": 32, "S": 1, "block_size": 16, "is_causal": true}, "seed": 365, "status": "PASS", "call_event_ms": {"baseline": [0.011494400352239609, 0.010675200074911118, 0.010470400005578995, 0.010649599879980088], "candidate": [0.010572800040245056, 0.010547199845314026, 0.01080320030450821, 0.010470400005578995]}, "median_ms": {"baseline": 0.010662399977445603, "candidate": 0.01055999994277954}, "baseline_over_candidate": 1.009696973032285}
{"case": {"B": 2, "SEQ_LEN": 512, "H": 1, "HQ": 16, "D": 64, "S": 1, "block_size": 16, "is_causal": true}, "candidate": "baseline", "phase": "compile_correctness"}
{"case": {"B": 2, "SEQ_LEN": 512, "H": 1, "HQ": 16, "D": 64, "S": 1, "block_size": 16, "is_causal": true}, "candidate": "candidate", "phase": "compile_correctness"}
2026-09-07 10:27:48  [TileLang:tilelang.cache.kernel_cache:WARNING] (kernel_cache.py:342): Found kernel 'kernel' in memory cache. For better performance, consider using `@tilelang.jit` instead of direct kernel caching.
{"case": {"B": 2, "SEQ_LEN": 512, "H": 1, "HQ": 16, "D": 64, "S": 1, "block_size": 16, "is_causal": true}, "seed": 365, "status": "PASS", "call_event_ms": {"baseline": [0.011776000261306763, 0.010675200074911118, 0.010598400235176086, 0.010649599879980088], "candidate": [0.011059200018644333, 0.010700800269842149, 0.011033599823713302, 0.011519999802112579]}, "median_ms": {"baseline": 0.010662399977445603, "candidate": 0.011046399921178817}, "baseline_over_candidate": 0.9652375482987008}
{"case": {"B": 2, "SEQ_LEN": 512, "H": 1, "HQ": 16, "D": 128, "S": 1, "block_size": 16, "is_causal": true}, "candidate": "baseline", "phase": "compile_correctness"}
{"case": {"B": 2, "SEQ_LEN": 512, "H": 1, "HQ": 16, "D": 128, "S": 1, "block_size": 16, "is_causal": true}, "candidate": "candidate", "phase": "compile_correctness"}
{"case": {"B": 2, "SEQ_LEN": 512, "H": 1, "HQ": 16, "D": 128, "S": 1, "block_size": 16, "is_causal": true}, "seed": 365, "status": "PASS", "call_event_ms": {"baseline": [0.019020800292491914, 0.018406400084495546, 0.018406400084495546, 0.018611200153827667], "candidate": [0.015974399447441102, 0.015436799824237823, 0.015334400534629821, 0.015360000729560851]}, "median_ms": {"baseline": 0.018508800119161607, "candidate": 0.015398400276899336}, "baseline_over_candidate": 1.2019949985927103}
{"case": {"B": 2, "SEQ_LEN": 1024, "H": 1, "HQ": 16, "D": 32, "S": 1, "block_size": 16, "is_causal": true}, "candidate": "baseline", "phase": "compile_correctness"}
{"case": {"B": 2, "SEQ_LEN": 1024, "H": 1, "HQ": 16, "D": 32, "S": 1, "block_size": 16, "is_causal": true}, "candidate": "candidate", "phase": "compile_correctness"}
2026-09-07 10:27:48  [TileLang:tilelang.cache.kernel_cache:WARNING] (kernel_cache.py:342): Found kernel 'kernel' in memory cache. For better performance, consider using `@tilelang.jit` instead of direct kernel caching.
{"case": {"B": 2, "SEQ_LEN": 1024, "H": 1, "HQ": 16, "D": 32, "S": 1, "block_size": 16, "is_causal": true}, "seed": 365, "status": "PASS", "call_event_ms": {"baseline": [0.011238399893045425, 0.010675200074911118, 0.010521599650382995, 0.010470400005578995], "candidate": [0.010675200074911118, 0.010649599879980088, 0.010726399719715118, 0.010547199845314026]}, "median_ms": {"baseline": 0.010598399862647056, "candidate": 0.010662399977445603}, "baseline_over_candidate": 0.9939975882602483}
{"case": {"B": 2, "SEQ_LEN": 1024, "H": 1, "HQ": 16, "D": 64, "S": 1, "block_size": 16, "is_causal": true}, "candidate": "baseline", "phase": "compile_correctness"}
{"case": {"B": 2, "SEQ_LEN": 1024, "H": 1, "HQ": 16, "D": 64, "S": 1, "block_size": 16, "is_causal": true}, "candidate": "candidate", "phase": "compile_correctness"}
2026-09-07 10:27:48  [TileLang:tilelang.cache.kernel_cache:WARNING] (kernel_cache.py:342): Found kernel 'kernel' in memory cache. For better performance, consider using `@tilelang.jit` instead of direct kernel caching.
{"case": {"B": 2, "SEQ_LEN": 1024, "H": 1, "HQ": 16, "D": 64, "S": 1, "block_size": 16, "is_causal": true}, "seed": 365, "status": "PASS", "call_event_ms": {"baseline": [0.01791999936103821, 0.018483200669288637, 0.01794559955596924, 0.01825280040502548], "candidate": [0.018918399512767792, 0.01802240014076233, 0.018303999304771425, 0.0179967999458313]}, "median_ms": {"baseline": 0.01809919998049736, "candidate": 0.01816319972276688}, "baseline_over_candidate": 0.9964764059611536}
{"case": {"B": 2, "SEQ_LEN": 1024, "H": 1, "HQ": 16, "D": 128, "S": 1, "block_size": 16, "is_causal": true}, "candidate": "baseline", "phase": "compile_correctness"}
{"case": {"B": 2, "SEQ_LEN": 1024, "H": 1, "HQ": 16, "D": 128, "S": 1, "block_size": 16, "is_causal": true}, "candidate": "candidate", "phase": "compile_correctness"}
{"case": {"B": 2, "SEQ_LEN": 1024, "H": 1, "HQ": 16, "D": 128, "S": 1, "block_size": 16, "is_causal": true}, "seed": 365, "status": "PASS", "call_event_ms": {"baseline": [0.03535360097885132, 0.03463680148124695, 0.034995201230049136, 0.034815999865531924], "candidate": [0.028569599986076354, 0.028288000822067262, 0.028569599986076354, 0.028569599986076354]}, "median_ms": {"baseline": 0.03490560054779053, "candidate": 0.028569599986076354}, "baseline_over_candidate": 1.2217742133177252}
{"case": {"B": 4, "SEQ_LEN": 64, "H": 1, "HQ": 16, "D": 32, "S": 1, "block_size": 16, "is_causal": true}, "candidate": "baseline", "phase": "compile_correctness"}
{"case": {"B": 4, "SEQ_LEN": 64, "H": 1, "HQ": 16, "D": 32, "S": 1, "block_size": 16, "is_causal": true}, "candidate": "candidate", "phase": "compile_correctness"}
2026-09-07 10:27:49  [TileLang:tilelang.cache.kernel_cache:WARNING] (kernel_cache.py:342): Found kernel 'kernel' in memory cache. For better performance, consider using `@tilelang.jit` instead of direct kernel caching.
{"case": {"B": 4, "SEQ_LEN": 64, "H": 1, "HQ": 16, "D": 32, "S": 1, "block_size": 16, "is_causal": true}, "seed": 365, "status": "PASS", "call_event_ms": {"baseline": [0.011238399893045425, 0.010316800326108932, 0.010367999970912933, 0.010367999970912933], "candidate": [0.010598400235176086, 0.010265599936246872, 0.010419200360774993, 0.010265599936246872]}, "median_ms": {"baseline": 0.010367999970912933, "candidate": 0.010342400148510933}, "baseline_over_candidate": 1.0024752303173732}
{"case": {"B": 4, "SEQ_LEN": 64, "H": 1, "HQ": 16, "D": 64, "S": 1, "block_size": 16, "is_causal": true}, "candidate": "baseline", "phase": "compile_correctness"}
{"case": {"B": 4, "SEQ_LEN": 64, "H": 1, "HQ": 16, "D": 64, "S": 1, "block_size": 16, "is_causal": true}, "candidate": "candidate", "phase": "compile_correctness"}
2026-09-07 10:27:49  [TileLang:tilelang.cache.kernel_cache:WARNING] (kernel_cache.py:342): Found kernel 'kernel' in memory cache. For better performance, consider using `@tilelang.jit` instead of direct kernel caching.
{"case": {"B": 4, "SEQ_LEN": 64, "H": 1, "HQ": 16, "D": 64, "S": 1, "block_size": 16, "is_causal": true}, "seed": 365, "status": "PASS", "call_event_ms": {"baseline": [0.011289600282907486, 0.010521599650382995, 0.010547199845314026, 0.010521599650382995], "candidate": [0.01080320030450821, 0.010444799810647965, 0.010598400235176086, 0.010598400235176086]}, "median_ms": {"baseline": 0.01053439974784851, "candidate": 0.010598400235176086}, "baseline_over_candidate": 0.9939613068097619}
{"case": {"B": 4, "SEQ_LEN": 64, "H": 1, "HQ": 16, "D": 128, "S": 1, "block_size": 16, "is_causal": true}, "candidate": "baseline", "phase": "compile_correctness"}
{"case": {"B": 4, "SEQ_LEN": 64, "H": 1, "HQ": 16, "D": 128, "S": 1, "block_size": 16, "is_causal": true}, "candidate": "candidate", "phase": "compile_correctness"}
{"case": {"B": 4, "SEQ_LEN": 64, "H": 1, "HQ": 16, "D": 128, "S": 1, "block_size": 16, "is_causal": true}, "seed": 365, "status": "PASS", "call_event_ms": {"baseline": [0.012160000205039979, 0.011622399836778641, 0.011596799641847611, 0.01157120019197464], "candidate": [0.010956799983978272, 0.010547199845314026, 0.010470400005578995, 0.010367999970912933]}, "median_ms": {"baseline": 0.011609599739313126, "candidate": 0.01050879992544651}, "baseline_over_candidate": 1.1047502875376938}
{"case": {"B": 4, "SEQ_LEN": 128, "H": 1, "HQ": 16, "D": 32, "S": 1, "block_size": 16, "is_causal": true}, "candidate": "baseline", "phase": "compile_correctness"}
{"case": {"B": 4, "SEQ_LEN": 128, "H": 1, "HQ": 16, "D": 32, "S": 1, "block_size": 16, "is_causal": true}, "candidate": "candidate", "phase": "compile_correctness"}
2026-09-07 10:27:49  [TileLang:tilelang.cache.kernel_cache:WARNING] (kernel_cache.py:342): Found kernel 'kernel' in memory cache. For better performance, consider using `@tilelang.jit` instead of direct kernel caching.
{"case": {"B": 4, "SEQ_LEN": 128, "H": 1, "HQ": 16, "D": 32, "S": 1, "block_size": 16, "is_causal": true}, "seed": 365, "status": "PASS", "call_event_ms": {"baseline": [0.011340799927711486, 0.010444799810647965, 0.010291200131177902, 0.010470400005578995], "candidate": [0.010444799810647965, 0.010393600165843963, 0.010419200360774993, 0.010419200360774993]}, "median_ms": {"baseline": 0.01045759990811348, "candidate": 0.010419200360774993}, "baseline_over_candidate": 1.0036854601129515}
{"case": {"B": 4, "SEQ_LEN": 128, "H": 1, "HQ": 16, "D": 64, "S": 1, "block_size": 16, "is_causal": true}, "candidate": "baseline", "phase": "compile_correctness"}
{"case": {"B": 4, "SEQ_LEN": 128, "H": 1, "HQ": 16, "D": 64, "S": 1, "block_size": 16, "is_causal": true}, "candidate": "candidate", "phase": "compile_correctness"}
2026-09-07 10:27:50  [TileLang:tilelang.cache.kernel_cache:WARNING] (kernel_cache.py:342): Found kernel 'kernel' in memory cache. For better performance, consider using `@tilelang.jit` instead of direct kernel caching.
{"case": {"B": 4, "SEQ_LEN": 128, "H": 1, "HQ": 16, "D": 64, "S": 1, "block_size": 16, "is_causal": true}, "seed": 365, "status": "PASS", "call_event_ms": {"baseline": [0.011699199676513672, 0.010444799810647965, 0.010342399775981902, 0.010419200360774993], "candidate": [0.010726399719715118, 0.010214400291442872, 0.010521599650382995, 0.010496000200510025]}, "median_ms": {"baseline": 0.01043200008571148, "candidate": 0.01050879992544651}, "baseline_over_candidate": 0.9926918544191651}
{"case": {"B": 4, "SEQ_LEN": 128, "H": 1, "HQ": 16, "D": 128, "S": 1, "block_size": 16, "is_causal": true}, "candidate": "baseline", "phase": "compile_correctness"}
{"case": {"B": 4, "SEQ_LEN": 128, "H": 1, "HQ": 16, "D": 128, "S": 1, "block_size": 16, "is_causal": true}, "candidate": "candidate", "phase": "compile_correctness"}
{"case": {"B": 4, "SEQ_LEN": 128, "H": 1, "HQ": 16, "D": 128, "S": 1, "block_size": 16, "is_causal": true}, "seed": 365, "status": "PASS", "call_event_ms": {"baseline": [0.013849599659442902, 0.013260799646377563, 0.013055999577045441, 0.013209599256515502], "candidate": [0.011289600282907486, 0.01088000014424324, 0.010931199789047242, 0.011007999628782272]}, "median_ms": {"baseline": 0.013235199451446533, "candidate": 0.010969599708914757}, "baseline_over_candidate": 1.2065344044131867}
{"case": {"B": 4, "SEQ_LEN": 256, "H": 1, "HQ": 16, "D": 32, "S": 1, "block_size": 16, "is_causal": true}, "candidate": "baseline", "phase": "compile_correctness"}
{"case": {"B": 4, "SEQ_LEN": 256, "H": 1, "HQ": 16, "D": 32, "S": 1, "block_size": 16, "is_causal": true}, "candidate": "candidate", "phase": "compile_correctness"}
2026-09-07 10:27:50  [TileLang:tilelang.cache.kernel_cache:WARNING] (kernel_cache.py:342): Found kernel 'kernel' in memory cache. For better performance, consider using `@tilelang.jit` instead of direct kernel caching.
{"case": {"B": 4, "SEQ_LEN": 256, "H": 1, "HQ": 16, "D": 32, "S": 1, "block_size": 16, "is_causal": true}, "seed": 365, "status": "PASS", "call_event_ms": {"baseline": [0.011468800157308579, 0.01085439994931221, 0.010777600109577179, 0.010547199845314026], "candidate": [0.010828799754381179, 0.010751999914646149, 0.010547199845314026, 0.013107199966907502]}, "median_ms": {"baseline": 0.010816000029444694, "candidate": 0.010790399834513664}, "baseline_over_candidate": 1.0023724973424197}
{"case": {"B": 4, "SEQ_LEN": 256, "H": 1, "HQ": 16, "D": 64, "S": 1, "block_size": 16, "is_causal": true}, "candidate": "baseline", "phase": "compile_correctness"}
{"case": {"B": 4, "SEQ_LEN": 256, "H": 1, "HQ": 16, "D": 64, "S": 1, "block_size": 16, "is_causal": true}, "candidate": "candidate", "phase": "compile_correctness"}
2026-09-07 10:27:50  [TileLang:tilelang.cache.kernel_cache:WARNING] (kernel_cache.py:342): Found kernel 'kernel' in memory cache. For better performance, consider using `@tilelang.jit` instead of direct kernel caching.
{"case": {"B": 4, "SEQ_LEN": 256, "H": 1, "HQ": 16, "D": 64, "S": 1, "block_size": 16, "is_causal": true}, "seed": 365, "status": "PASS", "call_event_ms": {"baseline": [0.011417599767446518, 0.010675200074911118, 0.010649599879980088, 0.010726399719715118], "candidate": [0.011161600053310395, 0.01090560033917427, 0.01085439994931221, 0.010598400235176086]}, "median_ms": {"baseline": 0.010700799897313118, "candidate": 0.01088000014424324}, "baseline_over_candidate": 0.9835293892872843}
{"case": {"B": 4, "SEQ_LEN": 256, "H": 1, "HQ": 16, "D": 128, "S": 1, "block_size": 16, "is_causal": true}, "candidate": "baseline", "phase": "compile_correctness"}
{"case": {"B": 4, "SEQ_LEN": 256, "H": 1, "HQ": 16, "D": 128, "S": 1, "block_size": 16, "is_causal": true}, "candidate": "candidate", "phase": "compile_correctness"}
{"case": {"B": 4, "SEQ_LEN": 256, "H": 1, "HQ": 16, "D": 128, "S": 1, "block_size": 16, "is_causal": true}, "seed": 365, "status": "PASS", "call_event_ms": {"baseline": [0.019046400487422944, 0.018457600474357606, 0.018483200669288637, 0.018483200669288637], "candidate": [0.015744000673294067, 0.015488000214099884, 0.015462400019168853, 0.015615999698638916]}, "median_ms": {"baseline": 0.018483200669288637, "candidate": 0.0155519999563694}, "baseline_over_candidate": 1.1884774126249111}
{"case": {"B": 4, "SEQ_LEN": 512, "H": 1, "HQ": 16, "D": 32, "S": 1, "block_size": 16, "is_causal": true}, "candidate": "baseline", "phase": "compile_correctness"}
{"case": {"B": 4, "SEQ_LEN": 512, "H": 1, "HQ": 16, "D": 32, "S": 1, "block_size": 16, "is_causal": true}, "candidate": "candidate", "phase": "compile_correctness"}
2026-09-07 10:27:51  [TileLang:tilelang.cache.kernel_cache:WARNING] (kernel_cache.py:342): Found kernel 'kernel' in memory cache. For better performance, consider using `@tilelang.jit` instead of direct kernel caching.
{"case": {"B": 4, "SEQ_LEN": 512, "H": 1, "HQ": 16, "D": 32, "S": 1, "block_size": 16, "is_causal": true}, "seed": 365, "status": "PASS", "call_event_ms": {"baseline": [0.011212799698114395, 0.010777600109577179, 0.010675200074911118, 0.010623999685049058], "candidate": [0.010700800269842149, 0.010623999685049058, 0.010751999914646149, 0.011238399893045425]}, "median_ms": {"baseline": 0.010726400092244149, "candidate": 0.010726400092244149}, "baseline_over_candidate": 1.0}
{"case": {"B": 4, "SEQ_LEN": 512, "H": 1, "HQ": 16, "D": 64, "S": 1, "block_size": 16, "is_causal": true}, "candidate": "baseline", "phase": "compile_correctness"}
{"case": {"B": 4, "SEQ_LEN": 512, "H": 1, "HQ": 16, "D": 64, "S": 1, "block_size": 16, "is_causal": true}, "candidate": "candidate", "phase": "compile_correctness"}
2026-09-07 10:27:51  [TileLang:tilelang.cache.kernel_cache:WARNING] (kernel_cache.py:342): Found kernel 'kernel' in memory cache. For better performance, consider using `@tilelang.jit` instead of direct kernel caching.
{"case": {"B": 4, "SEQ_LEN": 512, "H": 1, "HQ": 16, "D": 64, "S": 1, "block_size": 16, "is_causal": true}, "seed": 365, "status": "PASS", "call_event_ms": {"baseline": [0.017433600127696992, 0.017766399681568144, 0.017382399737834932, 0.017484800517559053], "candidate": [0.01809920072555542, 0.01802240014076233, 0.017791999876499175, 0.0179967999458313]}, "median_ms": {"baseline": 0.017459200322628023, "candidate": 0.018009600043296815}, "baseline_over_candidate": 0.9694385372609288}
{"case": {"B": 4, "SEQ_LEN": 512, "H": 1, "HQ": 16, "D": 128, "S": 1, "block_size": 16, "is_causal": true}, "candidate": "baseline", "phase": "compile_correctness"}
{"case": {"B": 4, "SEQ_LEN": 512, "H": 1, "HQ": 16, "D": 128, "S": 1, "block_size": 16, "is_causal": true}, "candidate": "candidate", "phase": "compile_correctness"}
{"case": {"B": 4, "SEQ_LEN": 512, "H": 1, "HQ": 16, "D": 128, "S": 1, "block_size": 16, "is_causal": true}, "seed": 365, "status": "PASS", "call_event_ms": {"baseline": [0.03527680039405823, 0.034764799475669864, 0.034483200311660765, 0.034790399670600894], "candidate": [0.02895359992980957, 0.028492799401283263, 0.02890239953994751, 0.028595200181007384]}, "median_ms": {"baseline": 0.03477759957313538, "candidate": 0.028748799860477445}, "baseline_over_candidate": 1.2097061352792697}
{"case": {"B": 4, "SEQ_LEN": 1024, "H": 1, "HQ": 16, "D": 32, "S": 1, "block_size": 16, "is_causal": true}, "candidate": "baseline", "phase": "compile_correctness"}
{"case": {"B": 4, "SEQ_LEN": 1024, "H": 1, "HQ": 16, "D": 32, "S": 1, "block_size": 16, "is_causal": true}, "candidate": "candidate", "phase": "compile_correctness"}
{"case": {"B": 4, "SEQ_LEN": 1024, "H": 1, "HQ": 16, "D": 32, "S": 1, "block_size": 16, "is_causal": true}, "seed": 365, "status": "PASS", "call_event_ms": {"baseline": [0.015718400478363037, 0.0151296004652977, 0.01518079936504364, 0.01518079936504364], "candidate": [0.014745600521564484, 0.01446399986743927, 0.01456640064716339, 0.014412799477577209]}, "median_ms": {"baseline": 0.01518079936504364, "candidate": 0.01451520025730133}, "baseline_over_candidate": 1.0458553169052907}
{"case": {"B": 4, "SEQ_LEN": 1024, "H": 1, "HQ": 16, "D": 64, "S": 1, "block_size": 16, "is_causal": true}, "candidate": "baseline", "phase": "compile_correctness"}
{"case": {"B": 4, "SEQ_LEN": 1024, "H": 1, "HQ": 16, "D": 64, "S": 1, "block_size": 16, "is_causal": true}, "candidate": "candidate", "phase": "compile_correctness"}
2026-09-07 10:27:52  [TileLang:tilelang.cache.kernel_cache:WARNING] (kernel_cache.py:342): Found kernel 'kernel' in memory cache. For better performance, consider using `@tilelang.jit` instead of direct kernel caching.
{"case": {"B": 4, "SEQ_LEN": 1024, "H": 1, "HQ": 16, "D": 64, "S": 1, "block_size": 16, "is_causal": true}, "seed": 365, "status": "PASS", "call_event_ms": {"baseline": [0.02961919903755188, 0.029311999678611755, 0.029183998703956604, 0.029747200012207032], "candidate": [0.03061760067939758, 0.03043839931488037, 0.030976000428199767, 0.0302592009305954]}, "median_ms": {"baseline": 0.029465599358081816, "candidate": 0.030527999997138976}, "baseline_over_candidate": 0.9651991404888389}
{"case": {"B": 4, "SEQ_LEN": 1024, "H": 1, "HQ": 16, "D": 128, "S": 1, "block_size": 16, "is_causal": true}, "candidate": "baseline", "phase": "compile_correctness"}
{"case": {"B": 4, "SEQ_LEN": 1024, "H": 1, "HQ": 16, "D": 128, "S": 1, "block_size": 16, "is_causal": true}, "candidate": "candidate", "phase": "compile_correctness"}
{"case": {"B": 4, "SEQ_LEN": 1024, "H": 1, "HQ": 16, "D": 128, "S": 1, "block_size": 16, "is_causal": true}, "seed": 365, "status": "PASS", "call_event_ms": {"baseline": [0.05578240156173706, 0.05611519813537598, 0.05501440167427063, 0.05544959902763367], "candidate": [0.04792320132255554, 0.048127999901771544, 0.048665601015090945, 0.048230400681495665]}, "median_ms": {"baseline": 0.055616000294685365, "candidate": 0.048179200291633605}, "baseline_over_candidate": 1.1543570660790559}
{"case": {"B": 8, "SEQ_LEN": 64, "H": 1, "HQ": 16, "D": 32, "S": 1, "block_size": 16, "is_causal": true}, "candidate": "baseline", "phase": "compile_correctness"}
{"case": {"B": 8, "SEQ_LEN": 64, "H": 1, "HQ": 16, "D": 32, "S": 1, "block_size": 16, "is_causal": true}, "candidate": "candidate", "phase": "compile_correctness"}
2026-09-07 10:27:52  [TileLang:tilelang.cache.kernel_cache:WARNING] (kernel_cache.py:342): Found kernel 'kernel' in memory cache. For better performance, consider using `@tilelang.jit` instead of direct kernel caching.
{"case": {"B": 8, "SEQ_LEN": 64, "H": 1, "HQ": 16, "D": 32, "S": 1, "block_size": 16, "is_causal": true}, "seed": 365, "status": "PASS", "call_event_ms": {"baseline": [0.011238399893045425, 0.010496000200510025, 0.010239999741315842, 0.010316800326108932], "candidate": [0.010623999685049058, 0.010239999741315842, 0.010342399775981902, 0.010342399775981902]}, "median_ms": {"baseline": 0.010406400263309478, "candidate": 0.010342399775981902}, "baseline_over_candidate": 1.0061881660653076}
{"case": {"B": 8, "SEQ_LEN": 64, "H": 1, "HQ": 16, "D": 64, "S": 1, "block_size": 16, "is_causal": true}, "candidate": "baseline", "phase": "compile_correctness"}
{"case": {"B": 8, "SEQ_LEN": 64, "H": 1, "HQ": 16, "D": 64, "S": 1, "block_size": 16, "is_causal": true}, "candidate": "candidate", "phase": "compile_correctness"}
2026-09-07 10:27:52  [TileLang:tilelang.cache.kernel_cache:WARNING] (kernel_cache.py:342): Found kernel 'kernel' in memory cache. For better performance, consider using `@tilelang.jit` instead of direct kernel caching.
{"case": {"B": 8, "SEQ_LEN": 64, "H": 1, "HQ": 16, "D": 64, "S": 1, "block_size": 16, "is_causal": true}, "seed": 365, "status": "PASS", "call_event_ms": {"baseline": [0.011443199962377549, 0.010675200074911118, 0.010316800326108932, 0.010419200360774993], "candidate": [0.010956799983978272, 0.010521599650382995, 0.010291200131177902, 0.010470400005578995]}, "median_ms": {"baseline": 0.010547200217843056, "candidate": 0.010495999827980995}, "baseline_over_candidate": 1.004878086004305}
{"case": {"B": 8, "SEQ_LEN": 64, "H": 1, "HQ": 16, "D": 128, "S": 1, "block_size": 16, "is_causal": true}, "candidate": "baseline", "phase": "compile_correctness"}
{"case": {"B": 8, "SEQ_LEN": 64, "H": 1, "HQ": 16, "D": 128, "S": 1, "block_size": 16, "is_causal": true}, "candidate": "candidate", "phase": "compile_correctness"}
{"case": {"B": 8, "SEQ_LEN": 64, "H": 1, "HQ": 16, "D": 128, "S": 1, "block_size": 16, "is_causal": true}, "seed": 365, "status": "PASS", "call_event_ms": {"baseline": [0.013516800105571746, 0.013107199966907502, 0.013209599256515502, 0.013055999577045441], "candidate": [0.011187200248241425, 0.011084800213575363, 0.011084800213575363, 0.011033599823713302]}, "median_ms": {"baseline": 0.013158399611711502, "candidate": 0.011084800213575363}, "baseline_over_candidate": 1.1870669166952272}
{"case": {"B": 8, "SEQ_LEN": 128, "H": 1, "HQ": 16, "D": 32, "S": 1, "block_size": 16, "is_causal": true}, "candidate": "baseline", "phase": "compile_correctness"}
{"case": {"B": 8, "SEQ_LEN": 128, "H": 1, "HQ": 16, "D": 32, "S": 1, "block_size": 16, "is_causal": true}, "candidate": "candidate", "phase": "compile_correctness"}
2026-09-07 10:27:53  [TileLang:tilelang.cache.kernel_cache:WARNING] (kernel_cache.py:342): Found kernel 'kernel' in memory cache. For better performance, consider using `@tilelang.jit` instead of direct kernel caching.
{"case": {"B": 8, "SEQ_LEN": 128, "H": 1, "HQ": 16, "D": 32, "S": 1, "block_size": 16, "is_causal": true}, "seed": 365, "status": "PASS", "call_event_ms": {"baseline": [0.09717760086059571, 0.012774400413036346, 0.01297920048236847, 0.0130048006772995], "candidate": [0.010751999914646149, 0.013670399785041809, 0.013107199966907502, 0.012876799702644348]}, "median_ms": {"baseline": 0.012992000579833985, "candidate": 0.012991999834775926}, "baseline_over_candidate": 1.00000005734745}
{"case": {"B": 8, "SEQ_LEN": 128, "H": 1, "HQ": 16, "D": 64, "S": 1, "block_size": 16, "is_causal": true}, "candidate": "baseline", "phase": "compile_correctness"}
{"case": {"B": 8, "SEQ_LEN": 128, "H": 1, "HQ": 16, "D": 64, "S": 1, "block_size": 16, "is_causal": true}, "candidate": "candidate", "phase": "compile_correctness"}
2026-09-07 10:27:53  [TileLang:tilelang.cache.kernel_cache:WARNING] (kernel_cache.py:342): Found kernel 'kernel' in memory cache. For better performance, consider using `@tilelang.jit` instead of direct kernel caching.
{"case": {"B": 8, "SEQ_LEN": 128, "H": 1, "HQ": 16, "D": 64, "S": 1, "block_size": 16, "is_causal": true}, "seed": 365, "status": "PASS", "call_event_ms": {"baseline": [0.011366400122642516, 0.010496000200510025, 0.010444799810647965, 0.010649599879980088], "candidate": [0.01088000014424324, 0.010777600109577179, 0.010675200074911118, 0.010521599650382995]}, "median_ms": {"baseline": 0.010572800040245058, "candidate": 0.010726400092244149}, "baseline_over_candidate": 0.9856801862061668}
{"case": {"B": 8, "SEQ_LEN": 128, "H": 1, "HQ": 16, "D": 128, "S": 1, "block_size": 16, "is_causal": true}, "candidate": "baseline", "phase": "compile_correctness"}
{"case": {"B": 8, "SEQ_LEN": 128, "H": 1, "HQ": 16, "D": 128, "S": 1, "block_size": 16, "is_causal": true}, "candidate": "candidate", "phase": "compile_correctness"}
{"case": {"B": 8, "SEQ_LEN": 128, "H": 1, "HQ": 16, "D": 128, "S": 1, "block_size": 16, "is_causal": true}, "seed": 365, "status": "PASS", "call_event_ms": {"baseline": [0.019123199582099914, 0.018585599958896637, 0.018662400543689728, 0.018559999763965607], "candidate": [0.015897600352764128, 0.015667200088500977, 0.015667200088500977, 0.015820799767971037]}, "median_ms": {"baseline": 0.018624000251293182, "candidate": 0.015743999928236007}, "baseline_over_candidate": 1.1829268506214898}
{"case": {"B": 8, "SEQ_LEN": 256, "H": 1, "HQ": 16, "D": 32, "S": 1, "block_size": 16, "is_causal": true}, "candidate": "baseline", "phase": "compile_correctness"}
{"case": {"B": 8, "SEQ_LEN": 256, "H": 1, "HQ": 16, "D": 32, "S": 1, "block_size": 16, "is_causal": true}, "candidate": "candidate", "phase": "compile_correctness"}
2026-09-07 10:27:53  [TileLang:tilelang.cache.kernel_cache:WARNING] (kernel_cache.py:342): Found kernel 'kernel' in memory cache. For better performance, consider using `@tilelang.jit` instead of direct kernel caching.
{"case": {"B": 8, "SEQ_LEN": 256, "H": 1, "HQ": 16, "D": 32, "S": 1, "block_size": 16, "is_causal": true}, "seed": 365, "status": "PASS", "call_event_ms": {"baseline": [0.011468800157308579, 0.010521599650382995, 0.010496000200510025, 0.010470400005578995], "candidate": [0.010623999685049058, 0.010547199845314026, 0.010623999685049058, 0.010649599879980088]}, "median_ms": {"baseline": 0.01050879992544651, "candidate": 0.010623999685049058}, "baseline_over_candidate": 0.9891566488123427}
{"case": {"B": 8, "SEQ_LEN": 256, "H": 1, "HQ": 16, "D": 64, "S": 1, "block_size": 16, "is_causal": true}, "candidate": "baseline", "phase": "compile_correctness"}
{"case": {"B": 8, "SEQ_LEN": 256, "H": 1, "HQ": 16, "D": 64, "S": 1, "block_size": 16, "is_causal": true}, "candidate": "candidate", "phase": "compile_correctness"}
2026-09-07 10:27:54  [TileLang:tilelang.cache.kernel_cache:WARNING] (kernel_cache.py:342): Found kernel 'kernel' in memory cache. For better performance, consider using `@tilelang.jit` instead of direct kernel caching.
{"case": {"B": 8, "SEQ_LEN": 256, "H": 1, "HQ": 16, "D": 64, "S": 1, "block_size": 16, "is_causal": true}, "seed": 365, "status": "PASS", "call_event_ms": {"baseline": [0.01794559955596924, 0.017868800461292265, 0.017868800461292265, 0.017817600071430205], "candidate": [0.018303999304771425, 0.018406400084495546, 0.01817599982023239, 0.01809920072555542]}, "median_ms": {"baseline": 0.017868800461292265, "candidate": 0.018239999562501906}, "baseline_over_candidate": 0.9796491715946771}
{"case": {"B": 8, "SEQ_LEN": 256, "H": 1, "HQ": 16, "D": 128, "S": 1, "block_size": 16, "is_causal": true}, "candidate": "baseline", "phase": "compile_correctness"}
{"case": {"B": 8, "SEQ_LEN": 256, "H": 1, "HQ": 16, "D": 128, "S": 1, "block_size": 16, "is_causal": true}, "candidate": "candidate", "phase": "compile_correctness"}
{"case": {"B": 8, "SEQ_LEN": 256, "H": 1, "HQ": 16, "D": 128, "S": 1, "block_size": 16, "is_causal": true}, "seed": 365, "status": "PASS", "call_event_ms": {"baseline": [0.03527680039405823, 0.034995201230049136, 0.034534400701522826, 0.03473919928073883], "candidate": [0.02892799973487854, 0.028825598955154418, 0.028723201155662535, 0.02900480031967163]}, "median_ms": {"baseline": 0.034867200255393985, "candidate": 0.02887679934501648}, "baseline_over_candidate": 1.2074468447422073}
{"case": {"B": 8, "SEQ_LEN": 512, "H": 1, "HQ": 16, "D": 32, "S": 1, "block_size": 16, "is_causal": true}, "candidate": "baseline", "phase": "compile_correctness"}
{"case": {"B": 8, "SEQ_LEN": 512, "H": 1, "HQ": 16, "D": 32, "S": 1, "block_size": 16, "is_causal": true}, "candidate": "candidate", "phase": "compile_correctness"}
{"case": {"B": 8, "SEQ_LEN": 512, "H": 1, "HQ": 16, "D": 32, "S": 1, "block_size": 16, "is_causal": true}, "seed": 365, "status": "PASS", "call_event_ms": {"baseline": [0.015769599378108977, 0.0152319997549057, 0.0151296004652977, 0.01515520066022873], "candidate": [0.014873600006103516, 0.014668799936771393, 0.014668799936771393, 0.01456640064716339]}, "median_ms": {"baseline": 0.015193600207567215, "candidate": 0.014668799936771393}, "baseline_over_candidate": 1.0357766329255242}
{"case": {"B": 8, "SEQ_LEN": 512, "H": 1, "HQ": 16, "D": 64, "S": 1, "block_size": 16, "is_causal": true}, "candidate": "baseline", "phase": "compile_correctness"}
{"case": {"B": 8, "SEQ_LEN": 512, "H": 1, "HQ": 16, "D": 64, "S": 1, "block_size": 16, "is_causal": true}, "candidate": "candidate", "phase": "compile_correctness"}
2026-09-07 10:27:54  [TileLang:tilelang.cache.kernel_cache:WARNING] (kernel_cache.py:342): Found kernel 'kernel' in memory cache. For better performance, consider using `@tilelang.jit` instead of direct kernel caching.
{"case": {"B": 8, "SEQ_LEN": 512, "H": 1, "HQ": 16, "D": 64, "S": 1, "block_size": 16, "is_causal": true}, "seed": 365, "status": "PASS", "call_event_ms": {"baseline": [0.029465600848197937, 0.02890239953994751, 0.02910720109939575, 0.02892799973487854], "candidate": [0.030694401264190672, 0.03048959970474243, 0.029824000597000123, 0.03043839931488037]}, "median_ms": {"baseline": 0.029017600417137145, "candidate": 0.0304639995098114}, "baseline_over_candidate": 0.9525210374229287}
{"case": {"B": 8, "SEQ_LEN": 512, "H": 1, "HQ": 16, "D": 128, "S": 1, "block_size": 16, "is_causal": true}, "candidate": "baseline", "phase": "compile_correctness"}
{"case": {"B": 8, "SEQ_LEN": 512, "H": 1, "HQ": 16, "D": 128, "S": 1, "block_size": 16, "is_causal": true}, "candidate": "candidate", "phase": "compile_correctness"}
{"case": {"B": 8, "SEQ_LEN": 512, "H": 1, "HQ": 16, "D": 128, "S": 1, "block_size": 16, "is_causal": true}, "seed": 365, "status": "PASS", "call_event_ms": {"baseline": [0.056985598802566526, 0.05532159805297852, 0.05608959794044495, 0.05591040253639221], "candidate": [0.048256000876426695, 0.04707840085029602, 0.04710400104522705, 0.04748800098896026]}, "median_ms": {"baseline": 0.056000000238418585, "candidate": 0.04729600101709366}, "baseline_over_candidate": 1.1840324558978916}
{"case": {"B": 8, "SEQ_LEN": 1024, "H": 1, "HQ": 16, "D": 32, "S": 1, "block_size": 16, "is_causal": true}, "candidate": "baseline", "phase": "compile_correctness"}
{"case": {"B": 8, "SEQ_LEN": 1024, "H": 1, "HQ": 16, "D": 32, "S": 1, "block_size": 16, "is_causal": true}, "candidate": "candidate", "phase": "compile_correctness"}
{"case": {"B": 8, "SEQ_LEN": 1024, "H": 1, "HQ": 16, "D": 32, "S": 1, "block_size": 16, "is_causal": true}, "seed": 365, "status": "PASS", "call_event_ms": {"baseline": [0.02467840015888214, 0.024422399699687958, 0.02449920028448105, 0.024217599630355836], "candidate": [0.023423999547958374, 0.023423999547958374, 0.023347200453281404, 0.023372800648212434]}, "median_ms": {"baseline": 0.024460799992084503, "candidate": 0.023398400098085404}, "baseline_over_candidate": 1.045404809283778}
{"case": {"B": 8, "SEQ_LEN": 1024, "H": 1, "HQ": 16, "D": 64, "S": 1, "block_size": 16, "is_causal": true}, "candidate": "baseline", "phase": "compile_correctness"}
{"case": {"B": 8, "SEQ_LEN": 1024, "H": 1, "HQ": 16, "D": 64, "S": 1, "block_size": 16, "is_causal": true}, "candidate": "candidate", "phase": "compile_correctness"}
2026-09-07 10:27:55  [TileLang:tilelang.cache.kernel_cache:WARNING] (kernel_cache.py:342): Found kernel 'kernel' in memory cache. For better performance, consider using `@tilelang.jit` instead of direct kernel caching.
{"case": {"B": 8, "SEQ_LEN": 1024, "H": 1, "HQ": 16, "D": 64, "S": 1, "block_size": 16, "is_causal": true}, "seed": 365, "status": "PASS", "call_event_ms": {"baseline": [0.048716801404953006, 0.04848639965057373, 0.048127999901771544, 0.048767998814582825], "candidate": [0.04948480129241943, 0.04910080134868622, 0.048179200291633605, 0.04838399887084961]}, "median_ms": {"baseline": 0.04860160052776337, "candidate": 0.048742400109767915}, "baseline_over_candidate": 0.997111353119923}
{"case": {"B": 8, "SEQ_LEN": 1024, "H": 1, "HQ": 16, "D": 128, "S": 1, "block_size": 16, "is_causal": true}, "candidate": "baseline", "phase": "compile_correctness"}
{"case": {"B": 8, "SEQ_LEN": 1024, "H": 1, "HQ": 16, "D": 128, "S": 1, "block_size": 16, "is_causal": true}, "candidate": "candidate", "phase": "compile_correctness"}
{"case": {"B": 8, "SEQ_LEN": 1024, "H": 1, "HQ": 16, "D": 128, "S": 1, "block_size": 16, "is_causal": true}, "seed": 365, "status": "PASS", "call_event_ms": {"baseline": [0.09802240133285522, 0.09722880125045777, 0.0972544014453888, 0.09774079918861389], "candidate": [0.08537600040435792, 0.08698880076408386, 0.08478720188140869, 0.08504319787025452]}, "median_ms": {"baseline": 0.09749760031700135, "candidate": 0.08520959913730622}, "baseline_over_candidate": 1.1442091185042933}
{"case": {"B": 1, "SEQ_LEN": 256, "H": 1, "HQ": 16, "D": 64, "S": 1, "block_size": 32, "is_causal": true}, "candidate": "baseline", "phase": "compile_correctness"}
{"case": {"B": 1, "SEQ_LEN": 256, "H": 1, "HQ": 16, "D": 64, "S": 1, "block_size": 32, "is_causal": true}, "candidate": "candidate", "phase": "compile_correctness"}
2026-09-07 10:27:56  [TileLang:tilelang.cache.kernel_cache:WARNING] (kernel_cache.py:342): Found kernel 'kernel' in memory cache. For better performance, consider using `@tilelang.jit` instead of direct kernel caching.
{"case": {"B": 1, "SEQ_LEN": 256, "H": 1, "HQ": 16, "D": 64, "S": 1, "block_size": 32, "is_causal": true}, "seed": 365, "status": "PASS", "call_event_ms": {"baseline": [0.011264000087976456, 0.010623999685049058, 0.010393600165843963, 0.010239999741315842], "candidate": [0.010700800269842149, 0.010163199901580811, 0.010316800326108932, 0.011161600053310395]}, "median_ms": {"baseline": 0.01050879992544651, "candidate": 0.01050880029797554}, "baseline_over_candidate": 0.9999999645507556}
{"case": {"B": 1, "SEQ_LEN": 256, "H": 1, "HQ": 16, "D": 64, "S": 1, "block_size": 64, "is_causal": true}, "candidate": "baseline", "phase": "compile_correctness"}
{"case": {"B": 1, "SEQ_LEN": 256, "H": 1, "HQ": 16, "D": 64, "S": 1, "block_size": 64, "is_causal": true}, "candidate": "candidate", "phase": "compile_correctness"}
2026-09-07 10:27:56  [TileLang:tilelang.cache.kernel_cache:WARNING] (kernel_cache.py:342): Found kernel 'kernel' in memory cache. For better performance, consider using `@tilelang.jit` instead of direct kernel caching.
{"case": {"B": 1, "SEQ_LEN": 256, "H": 1, "HQ": 16, "D": 64, "S": 1, "block_size": 64, "is_causal": true}, "seed": 365, "status": "PASS", "call_event_ms": {"baseline": [0.014156800508499146, 0.014003199338912965, 0.013849599659442902, 0.013926400244235993], "candidate": [0.014156800508499146, 0.013823999464511872, 0.014028799533843995, 0.014003199338912965]}, "median_ms": {"baseline": 0.01396479979157448, "candidate": 0.01401599943637848}, "baseline_over_candidate": 0.9963470571587559}
{"case": {"B": 1, "SEQ_LEN": 512, "H": 1, "HQ": 16, "D": 64, "S": 1, "block_size": 32, "is_causal": true}, "candidate": "baseline", "phase": "compile_correctness"}
{"case": {"B": 1, "SEQ_LEN": 512, "H": 1, "HQ": 16, "D": 64, "S": 1, "block_size": 32, "is_causal": true}, "candidate": "candidate", "phase": "compile_correctness"}
2026-09-07 10:27:56  [TileLang:tilelang.cache.kernel_cache:WARNING] (kernel_cache.py:342): Found kernel 'kernel' in memory cache. For better performance, consider using `@tilelang.jit` instead of direct kernel caching.
{"case": {"B": 1, "SEQ_LEN": 512, "H": 1, "HQ": 16, "D": 64, "S": 1, "block_size": 32, "is_causal": true}, "seed": 365, "status": "PASS", "call_event_ms": {"baseline": [0.010956799983978272, 0.01080320030450821, 0.010675200074911118, 0.010675200074911118], "candidate": [0.010828799754381179, 0.010700800269842149, 0.010623999685049058, 0.010649599879980088]}, "median_ms": {"baseline": 0.010739200189709664, "candidate": 0.010675200074911118}, "baseline_over_candidate": 1.0059952145486208}
{"case": {"B": 1, "SEQ_LEN": 512, "H": 1, "HQ": 16, "D": 64, "S": 1, "block_size": 64, "is_causal": true}, "candidate": "baseline", "phase": "compile_correctness"}
{"case": {"B": 1, "SEQ_LEN": 512, "H": 1, "HQ": 16, "D": 64, "S": 1, "block_size": 64, "is_causal": true}, "candidate": "candidate", "phase": "compile_correctness"}
2026-09-07 10:27:56  [TileLang:tilelang.cache.kernel_cache:WARNING] (kernel_cache.py:342): Found kernel 'kernel' in memory cache. For better performance, consider using `@tilelang.jit` instead of direct kernel caching.
{"case": {"B": 1, "SEQ_LEN": 512, "H": 1, "HQ": 16, "D": 64, "S": 1, "block_size": 64, "is_causal": true}, "seed": 365, "status": "PASS", "call_event_ms": {"baseline": [0.01648640036582947, 0.0166143998503685, 0.01643519997596741, 0.016383999586105348], "candidate": [0.01669120043516159, 0.01643519997596741, 0.016358399391174318, 0.01653759926557541]}, "median_ms": {"baseline": 0.01646080017089844, "candidate": 0.01648639962077141}, "baseline_over_candidate": 0.9984472383017625}
{"case": {"B": 1, "SEQ_LEN": 512, "H": 1, "HQ": 16, "D": 128, "S": 1, "block_size": 32, "is_causal": true}, "candidate": "baseline", "phase": "compile_correctness"}
{"case": {"B": 1, "SEQ_LEN": 512, "H": 1, "HQ": 16, "D": 128, "S": 1, "block_size": 32, "is_causal": true}, "candidate": "candidate", "phase": "compile_correctness"}
{"case": {"B": 1, "SEQ_LEN": 512, "H": 1, "HQ": 16, "D": 128, "S": 1, "block_size": 32, "is_causal": true}, "seed": 365, "status": "PASS", "call_event_ms": {"baseline": [0.01815039962530136, 0.017535999417304993, 0.017664000391960144, 0.017535999417304993], "candidate": [0.01525759994983673, 0.01510400027036667, 0.01510400027036667, 0.015027199685573579]}, "median_ms": {"baseline": 0.01759999990463257, "candidate": 0.01510400027036667}, "baseline_over_candidate": 1.1652542101156427}
{"case": {"B": 2, "SEQ_LEN": 256, "H": 1, "HQ": 16, "D": 64, "S": 1, "block_size": 64, "is_causal": true}, "candidate": "baseline", "phase": "compile_correctness"}
{"case": {"B": 2, "SEQ_LEN": 256, "H": 1, "HQ": 16, "D": 64, "S": 1, "block_size": 64, "is_causal": true}, "candidate": "candidate", "phase": "compile_correctness"}
2026-09-07 10:27:57  [TileLang:tilelang.cache.kernel_cache:WARNING] (kernel_cache.py:342): Found kernel 'kernel' in memory cache. For better performance, consider using `@tilelang.jit` instead of direct kernel caching.
{"case": {"B": 2, "SEQ_LEN": 256, "H": 1, "HQ": 16, "D": 64, "S": 1, "block_size": 64, "is_causal": true}, "seed": 365, "status": "PASS", "call_event_ms": {"baseline": [0.016332800686359405, 0.016307200491428375, 0.016230399906635284, 0.016230399906635284], "candidate": [0.01643519997596741, 0.016256000101566314, 0.016204799711704253, 0.016281600296497344]}, "median_ms": {"baseline": 0.01626880019903183, "candidate": 0.01626880019903183}, "baseline_over_candidate": 1.0}
{"case": {"B": 4, "SEQ_LEN": 128, "H": 1, "HQ": 16, "D": 64, "S": 1, "block_size": 32, "is_causal": true}, "candidate": "baseline", "phase": "compile_correctness"}
{"case": {"B": 4, "SEQ_LEN": 128, "H": 1, "HQ": 16, "D": 64, "S": 1, "block_size": 32, "is_causal": true}, "candidate": "candidate", "phase": "compile_correctness"}
2026-09-07 10:27:57  [TileLang:tilelang.cache.kernel_cache:WARNING] (kernel_cache.py:342): Found kernel 'kernel' in memory cache. For better performance, consider using `@tilelang.jit` instead of direct kernel caching.
{"case": {"B": 4, "SEQ_LEN": 128, "H": 1, "HQ": 16, "D": 64, "S": 1, "block_size": 32, "is_causal": true}, "seed": 365, "status": "PASS", "call_event_ms": {"baseline": [0.011443199962377549, 0.01088000014424324, 0.01090560033917427, 0.010726399719715118], "candidate": [0.01090560033917427, 0.010777600109577179, 0.01085439994931221, 0.010751999914646149]}, "median_ms": {"baseline": 0.010892800241708755, "candidate": 0.010816000029444694}, "baseline_over_candidate": 1.0071006113216519}
{"case": {"B": 4, "SEQ_LEN": 128, "H": 1, "HQ": 16, "D": 64, "S": 1, "block_size": 64, "is_causal": true}, "candidate": "baseline", "phase": "compile_correctness"}
{"case": {"B": 4, "SEQ_LEN": 128, "H": 1, "HQ": 16, "D": 64, "S": 1, "block_size": 64, "is_causal": true}, "candidate": "candidate", "phase": "compile_correctness"}
2026-09-07 10:27:57  [TileLang:tilelang.cache.kernel_cache:WARNING] (kernel_cache.py:342): Found kernel 'kernel' in memory cache. For better performance, consider using `@tilelang.jit` instead of direct kernel caching.
{"case": {"B": 4, "SEQ_LEN": 128, "H": 1, "HQ": 16, "D": 64, "S": 1, "block_size": 64, "is_causal": true}, "seed": 365, "status": "PASS", "call_event_ms": {"baseline": [0.016128000617027283, 0.016102400422096253, 0.016230399906635284, 0.016281600296497344], "candidate": [0.016230399906635284, 0.016179199516773223, 0.016230399906635284, 0.016179199516773223]}, "median_ms": {"baseline": 0.016179200261831284, "candidate": 0.016204799711704253}, "baseline_over_candidate": 0.9984202550893313}
{"case": {"B": 2, "SEQ_LEN": 512, "H": 1, "HQ": 16, "D": 128, "S": 1, "block_size": 32, "is_causal": true}, "candidate": "baseline", "phase": "compile_correctness"}
{"case": {"B": 2, "SEQ_LEN": 512, "H": 1, "HQ": 16, "D": 128, "S": 1, "block_size": 32, "is_causal": true}, "candidate": "candidate", "phase": "compile_correctness"}
{"case": {"B": 2, "SEQ_LEN": 512, "H": 1, "HQ": 16, "D": 128, "S": 1, "block_size": 32, "is_causal": true}, "seed": 365, "status": "PASS", "call_event_ms": {"baseline": [0.02465279996395111, 0.024217599630355836, 0.024089600145816802, 0.024191999435424806], "candidate": [0.021529600024223328, 0.02168319970369339, 0.021273599565029146, 0.02168319970369339]}, "median_ms": {"baseline": 0.02420479953289032, "candidate": 0.021606399863958358}, "baseline_over_candidate": 1.1202606489416294}
{"case": {"B": 4, "SEQ_LEN": 1024, "H": 1, "HQ": 16, "D": 128, "S": 1, "block_size": 32, "is_causal": true}, "candidate": "baseline", "phase": "compile_correctness"}
{"case": {"B": 4, "SEQ_LEN": 1024, "H": 1, "HQ": 16, "D": 128, "S": 1, "block_size": 32, "is_causal": true}, "candidate": "candidate", "phase": "compile_correctness"}
{"case": {"B": 4, "SEQ_LEN": 1024, "H": 1, "HQ": 16, "D": 128, "S": 1, "block_size": 32, "is_causal": true}, "seed": 365, "status": "PASS", "call_event_ms": {"baseline": [0.08010240197181702, 0.08043519854545593, 0.07959039807319641, 0.0794368028640747], "candidate": [0.05941759943962097, 0.05926399827003479, 0.058982402086257935, 0.059520000219345094]}, "median_ms": {"baseline": 0.07984640002250672, "candidate": 0.05934079885482788}, "baseline_over_candidate": 1.3455565405825427}
{"case": {"B": 8, "SEQ_LEN": 512, "H": 1, "HQ": 16, "D": 128, "S": 1, "block_size": 32, "is_causal": true}, "candidate": "baseline", "phase": "compile_correctness"}
{"case": {"B": 8, "SEQ_LEN": 512, "H": 1, "HQ": 16, "D": 128, "S": 1, "block_size": 32, "is_causal": true}, "candidate": "candidate", "phase": "compile_correctness"}
{"case": {"B": 8, "SEQ_LEN": 512, "H": 1, "HQ": 16, "D": 128, "S": 1, "block_size": 32, "is_causal": true}, "seed": 365, "status": "PASS", "call_event_ms": {"baseline": [0.08127999901771546, 0.08023040294647217, 0.0804095983505249, 0.08043519854545593], "candidate": [0.05921279788017273, 0.05877760052680969, 0.058982402086257935, 0.05928959846496582]}, "median_ms": {"baseline": 0.08042239844799041, "candidate": 0.05909759998321533}, "baseline_over_candidate": 1.3608403466609755}
{"case": {"B": 1, "SEQ_LEN": 256, "H": 2, "HQ": 32, "D": 64, "S": 1, "block_size": 16, "is_causal": true}, "candidate": "baseline", "phase": "compile_correctness"}
{"case": {"B": 1, "SEQ_LEN": 256, "H": 2, "HQ": 32, "D": 64, "S": 1, "block_size": 16, "is_causal": true}, "candidate": "candidate", "phase": "compile_correctness"}
2026-09-07 10:27:58  [TileLang:tilelang.cache.kernel_cache:WARNING] (kernel_cache.py:342): Found kernel 'kernel' in memory cache. For better performance, consider using `@tilelang.jit` instead of direct kernel caching.
{"case": {"B": 1, "SEQ_LEN": 256, "H": 2, "HQ": 32, "D": 64, "S": 1, "block_size": 16, "is_causal": true}, "seed": 365, "status": "PASS", "call_event_ms": {"baseline": [0.011417599767446518, 0.010239999741315842, 0.010316800326108932, 0.010419200360774993], "candidate": [0.010675200074911118, 0.010393600165843963, 0.010444799810647965, 0.010342399775981902]}, "median_ms": {"baseline": 0.010368000343441963, "candidate": 0.010419199988245965}, "baseline_over_candidate": 0.9950860291709765}
{"case": {"B": 2, "SEQ_LEN": 512, "H": 2, "HQ": 32, "D": 64, "S": 1, "block_size": 16, "is_causal": true}, "candidate": "baseline", "phase": "compile_correctness"}
{"case": {"B": 2, "SEQ_LEN": 512, "H": 2, "HQ": 32, "D": 64, "S": 1, "block_size": 16, "is_causal": true}, "candidate": "candidate", "phase": "compile_correctness"}
2026-09-07 10:27:58  [TileLang:tilelang.cache.kernel_cache:WARNING] (kernel_cache.py:342): Found kernel 'kernel' in memory cache. For better performance, consider using `@tilelang.jit` instead of direct kernel caching.
{"case": {"B": 2, "SEQ_LEN": 512, "H": 2, "HQ": 32, "D": 64, "S": 1, "block_size": 16, "is_causal": true}, "seed": 365, "status": "PASS", "call_event_ms": {"baseline": [0.018329599499702455, 0.01822720021009445, 0.018278400599956512, 0.018559999763965607], "candidate": [0.017664000391960144, 0.017689600586891174, 0.017407999932765962, 0.017459200322628023]}, "median_ms": {"baseline": 0.01830400004982948, "candidate": 0.017561600357294083}, "baseline_over_candidate": 1.0422740341102825}
{"case": {"B": 1, "SEQ_LEN": 512, "H": 2, "HQ": 32, "D": 128, "S": 1, "block_size": 16, "is_causal": true}, "candidate": "baseline", "phase": "compile_correctness"}
{"case": {"B": 1, "SEQ_LEN": 512, "H": 2, "HQ": 32, "D": 128, "S": 1, "block_size": 16, "is_causal": true}, "candidate": "candidate", "phase": "compile_correctness"}
{"case": {"B": 1, "SEQ_LEN": 512, "H": 2, "HQ": 32, "D": 128, "S": 1, "block_size": 16, "is_causal": true}, "seed": 365, "status": "PASS", "call_event_ms": {"baseline": [0.019072000682353974, 0.018432000279426576, 0.018559999763965607, 0.018508799374103546], "candidate": [0.01674239933490753, 0.016383999586105348, 0.01640959978103638, 0.016358399391174318]}, "median_ms": {"baseline": 0.018534399569034576, "candidate": 0.016396799683570863}, "baseline_over_candidate": 1.130366896389271}
{"case": {"B": 1, "SEQ_LEN": 256, "H": 1, "HQ": 16, "D": 64, "S": 2, "block_size": 16, "is_causal": true}, "candidate": "baseline", "phase": "compile_correctness"}
{"case": {"B": 1, "SEQ_LEN": 256, "H": 1, "HQ": 16, "D": 64, "S": 2, "block_size": 16, "is_causal": true}, "candidate": "candidate", "phase": "compile_correctness"}
2026-09-07 10:27:59  [TileLang:tilelang.cache.kernel_cache:WARNING] (kernel_cache.py:342): Found kernel 'kernel' in memory cache. For better performance, consider using `@tilelang.jit` instead of direct kernel caching.
{"case": {"B": 1, "SEQ_LEN": 256, "H": 1, "HQ": 16, "D": 64, "S": 2, "block_size": 16, "is_causal": true}, "seed": 365, "status": "PASS", "call_event_ms": {"baseline": [0.011494400352239609, 0.010521599650382995, 0.010623999685049058, 0.010393600165843963], "candidate": [0.010598400235176086, 0.010444799810647965, 0.01088000014424324, 0.010265599936246872]}, "median_ms": {"baseline": 0.010572799667716026, "candidate": 0.010521600022912025}, "baseline_over_candidate": 1.0048661462793214}
{"case": {"B": 2, "SEQ_LEN": 512, "H": 1, "HQ": 16, "D": 64, "S": 2, "block_size": 16, "is_causal": true}, "candidate": "baseline", "phase": "compile_correctness"}
{"case": {"B": 2, "SEQ_LEN": 512, "H": 1, "HQ": 16, "D": 64, "S": 2, "block_size": 16, "is_causal": true}, "candidate": "candidate", "phase": "compile_correctness"}
{"case": {"B": 2, "SEQ_LEN": 512, "H": 1, "HQ": 16, "D": 64, "S": 2, "block_size": 16, "is_causal": true}, "seed": 365, "status": "PASS", "call_event_ms": {"baseline": [0.01963520050048828, 0.019225600361824035, 0.01932799965143204, 0.019174399971961974], "candidate": [0.013312000036239623, 0.013209599256515502, 0.013107199966907502, 0.013184000551700593]}, "median_ms": {"baseline": 0.019276800006628035, "candidate": 0.013196799904108047}, "baseline_over_candidate": 1.460717760873781}
{"case": {"B": 4, "SEQ_LEN": 1024, "H": 1, "HQ": 16, "D": 64, "S": 2, "block_size": 16, "is_causal": true}, "candidate": "baseline", "phase": "compile_correctness"}
{"case": {"B": 4, "SEQ_LEN": 1024, "H": 1, "HQ": 16, "D": 64, "S": 2, "block_size": 16, "is_causal": true}, "candidate": "candidate", "phase": "compile_correctness"}
{"case": {"B": 4, "SEQ_LEN": 1024, "H": 1, "HQ": 16, "D": 64, "S": 2, "block_size": 16, "is_causal": true}, "seed": 365, "status": "PASS", "call_event_ms": {"baseline": [0.05079039931297302, 0.050355201959609984, 0.05050879716873169, 0.05015040040016174], "candidate": [0.04129279851913452, 0.04131839871406555, 0.04129279851913452, 0.04113920032978058]}, "median_ms": {"baseline": 0.05043199956417084, "candidate": 0.04129279851913452}, "baseline_over_candidate": 1.2213267536420749}
{"case": {"B": 1, "SEQ_LEN": 256, "H": 1, "HQ": 16, "D": 64, "S": 4, "block_size": 16, "is_causal": true}, "candidate": "baseline", "phase": "compile_correctness"}
{"case": {"B": 1, "SEQ_LEN": 256, "H": 1, "HQ": 16, "D": 64, "S": 4, "block_size": 16, "is_causal": true}, "candidate": "candidate", "phase": "compile_correctness"}
2026-09-07 10:27:59  [TileLang:tilelang.cache.kernel_cache:WARNING] (kernel_cache.py:342): Found kernel 'kernel' in memory cache. For better performance, consider using `@tilelang.jit` instead of direct kernel caching.
{"case": {"B": 1, "SEQ_LEN": 256, "H": 1, "HQ": 16, "D": 64, "S": 4, "block_size": 16, "is_causal": true}, "seed": 365, "status": "PASS", "call_event_ms": {"baseline": [0.015667200088500977, 0.015513600409030914, 0.015615999698638916, 0.015462400019168853], "candidate": [0.015744000673294067, 0.015539200603961944, 0.015513600409030914, 0.015513600409030914]}, "median_ms": {"baseline": 0.015564800053834916, "candidate": 0.015526400506496429}, "baseline_over_candidate": 1.002473177689988}
{"case": {"B": 2, "SEQ_LEN": 512, "H": 1, "HQ": 16, "D": 64, "S": 4, "block_size": 16, "is_causal": true}, "candidate": "baseline", "phase": "compile_correctness"}
{"case": {"B": 2, "SEQ_LEN": 512, "H": 1, "HQ": 16, "D": 64, "S": 4, "block_size": 16, "is_causal": true}, "candidate": "candidate", "phase": "compile_correctness"}
2026-09-07 10:28:00  [TileLang:tilelang.cache.kernel_cache:WARNING] (kernel_cache.py:342): Found kernel 'kernel' in memory cache. For better performance, consider using `@tilelang.jit` instead of direct kernel caching.
{"case": {"B": 2, "SEQ_LEN": 512, "H": 1, "HQ": 16, "D": 64, "S": 4, "block_size": 16, "is_causal": true}, "seed": 365, "status": "PASS", "call_event_ms": {"baseline": [0.0289792001247406, 0.02887679934501648, 0.028697600960731505, 0.028825598955154418], "candidate": [0.0289792001247406, 0.02890239953994751, 0.028825598955154418, 0.028697600960731505]}, "median_ms": {"baseline": 0.02885119915008545, "candidate": 0.028863999247550964}, "baseline_over_candidate": 0.9995565376316796}
{"case": {"B": 4, "SEQ_LEN": 1024, "H": 1, "HQ": 16, "D": 64, "S": 4, "block_size": 16, "is_causal": true}, "candidate": "baseline", "phase": "compile_correctness"}
{"case": {"B": 4, "SEQ_LEN": 1024, "H": 1, "HQ": 16, "D": 64, "S": 4, "block_size": 16, "is_causal": true}, "candidate": "candidate", "phase": "compile_correctness"}
2026-09-07 10:28:00  [TileLang:tilelang.cache.kernel_cache:WARNING] (kernel_cache.py:342): Found kernel 'kernel' in memory cache. For better performance, consider using `@tilelang.jit` instead of direct kernel caching.
{"case": {"B": 4, "SEQ_LEN": 1024, "H": 1, "HQ": 16, "D": 64, "S": 4, "block_size": 16, "is_causal": true}, "seed": 365, "status": "PASS", "call_event_ms": {"baseline": [0.0789247989654541, 0.07854080200195312, 0.07879679799079894, 0.07848960161209106], "candidate": [0.07831040024757385, 0.07864320278167725, 0.07833600044250488, 0.0785152018070221]}, "median_ms": {"baseline": 0.07866879999637603, "candidate": 0.07842560112476349}, "baseline_over_candidate": 1.003101013803205}
{"case": {"B": 1, "SEQ_LEN": 256, "H": 1, "HQ": 16, "D": 64, "S": 8, "block_size": 16, "is_causal": true}, "candidate": "baseline", "phase": "compile_correctness"}
{"case": {"B": 1, "SEQ_LEN": 256, "H": 1, "HQ": 16, "D": 64, "S": 8, "block_size": 16, "is_causal": true}, "candidate": "candidate", "phase": "compile_correctness"}
2026-09-07 10:28:00  [TileLang:tilelang.cache.kernel_cache:WARNING] (kernel_cache.py:342): Found kernel 'kernel' in memory cache. For better performance, consider using `@tilelang.jit` instead of direct kernel caching.
{"case": {"B": 1, "SEQ_LEN": 256, "H": 1, "HQ": 16, "D": 64, "S": 8, "block_size": 16, "is_causal": true}, "seed": 365, "status": "PASS", "call_event_ms": {"baseline": [0.02467840015888214, 0.02447360008955002, 0.02452480047941208, 0.02447360008955002], "candidate": [0.02470400035381317, 0.024447999894618988, 0.02447360008955002, 0.024422399699687958]}, "median_ms": {"baseline": 0.02449920028448105, "candidate": 0.024460799992084503}, "baseline_over_candidate": 1.0015698706669027}
{"case": {"B": 2, "SEQ_LEN": 512, "H": 1, "HQ": 16, "D": 64, "S": 8, "block_size": 16, "is_causal": true}, "candidate": "baseline", "phase": "compile_correctness"}
{"case": {"B": 2, "SEQ_LEN": 512, "H": 1, "HQ": 16, "D": 64, "S": 8, "block_size": 16, "is_causal": true}, "candidate": "candidate", "phase": "compile_correctness"}
2026-09-07 10:28:00  [TileLang:tilelang.cache.kernel_cache:WARNING] (kernel_cache.py:342): Found kernel 'kernel' in memory cache. For better performance, consider using `@tilelang.jit` instead of direct kernel caching.
{"case": {"B": 2, "SEQ_LEN": 512, "H": 1, "HQ": 16, "D": 64, "S": 8, "block_size": 16, "is_causal": true}, "seed": 365, "status": "PASS", "call_event_ms": {"baseline": [0.04101119935512543, 0.0409855991601944, 0.04103679955005646, 0.04101119935512543], "candidate": [0.04108799993991852, 0.040729600191116336, 0.040755200386047366, 0.04080640077590943]}, "median_ms": {"baseline": 0.04101119935512543, "candidate": 0.040780800580978396}, "baseline_over_candidate": 1.0056496873740752}
{"case": {"B": 4, "SEQ_LEN": 1024, "H": 1, "HQ": 16, "D": 64, "S": 8, "block_size": 16, "is_causal": true}, "candidate": "baseline", "phase": "compile_correctness"}
{"case": {"B": 4, "SEQ_LEN": 1024, "H": 1, "HQ": 16, "D": 64, "S": 8, "block_size": 16, "is_causal": true}, "candidate": "candidate", "phase": "compile_correctness"}
2026-09-07 10:28:01  [TileLang:tilelang.cache.kernel_cache:WARNING] (kernel_cache.py:342): Found kernel 'kernel' in memory cache. For better performance, consider using `@tilelang.jit` instead of direct kernel caching.
{"case": {"B": 4, "SEQ_LEN": 1024, "H": 1, "HQ": 16, "D": 64, "S": 8, "block_size": 16, "is_causal": true}, "seed": 365, "status": "PASS", "call_event_ms": {"baseline": [0.12490240335464478, 0.12428799867630005, 0.12428799867630005, 0.1245695948600769], "candidate": [0.1253119945526123, 0.12436480522155761, 0.12454400062561036, 0.12436480522155761]}, "median_ms": {"baseline": 0.12442879676818848, "candidate": 0.12445440292358398}, "baseline_over_candidate": 0.9997942527159025}
{"case": {"B": 1, "SEQ_LEN": 1024, "H": 1, "HQ": 16, "D": 128, "S": 1, "block_size": 32, "is_causal": true}, "candidate": "baseline", "phase": "compile_correctness"}
{"case": {"B": 1, "SEQ_LEN": 1024, "H": 1, "HQ": 16, "D": 128, "S": 1, "block_size": 32, "is_causal": true}, "candidate": "candidate", "phase": "compile_correctness"}
{"case": {"B": 1, "SEQ_LEN": 1024, "H": 1, "HQ": 16, "D": 128, "S": 1, "block_size": 32, "is_causal": true}, "seed": 365, "status": "PASS", "call_event_ms": {"baseline": [0.024294400215148927, 0.02383359968662262, 0.02391040027141571, 0.02378239929676056], "candidate": [0.021478399634361267, 0.021401600539684297, 0.02114560008049011, 0.02106879949569702]}, "median_ms": {"baseline": 0.023871999979019166, "candidate": 0.021273600310087203}, "baseline_over_candidate": 1.1221419802505124}
{"case": {"B": 2, "SEQ_LEN": 1024, "H": 1, "HQ": 16, "D": 128, "S": 1, "block_size": 32, "is_causal": true}, "candidate": "baseline", "phase": "compile_correctness"}
{"case": {"B": 2, "SEQ_LEN": 1024, "H": 1, "HQ": 16, "D": 128, "S": 1, "block_size": 32, "is_causal": true}, "candidate": "candidate", "phase": "compile_correctness"}
{"case": {"B": 2, "SEQ_LEN": 1024, "H": 1, "HQ": 16, "D": 128, "S": 1, "block_size": 32, "is_causal": true}, "seed": 365, "status": "PASS", "call_event_ms": {"baseline": [0.04480000138282776, 0.04454399943351746, 0.04444159865379334, 0.04405759871006012], "candidate": [0.03407360017299652, 0.03371520042419433, 0.033843201398849485, 0.03394559919834137]}, "median_ms": {"baseline": 0.0444927990436554, "candidate": 0.03389440029859543}, "baseline_over_candidate": 1.3126887819726127}
{"case": {"B": 4, "SEQ_LEN": 512, "H": 1, "HQ": 16, "D": 128, "S": 1, "block_size": 32, "is_causal": true}, "candidate": "baseline", "phase": "compile_correctness"}
{"case": {"B": 4, "SEQ_LEN": 512, "H": 1, "HQ": 16, "D": 128, "S": 1, "block_size": 32, "is_causal": true}, "candidate": "candidate", "phase": "compile_correctness"}
{"case": {"B": 4, "SEQ_LEN": 512, "H": 1, "HQ": 16, "D": 128, "S": 1, "block_size": 32, "is_causal": true}, "seed": 365, "status": "PASS", "call_event_ms": {"baseline": [0.045158401131629944, 0.04451839923858643, 0.04444159865379334, 0.04408319890499115], "candidate": [0.03404799997806549, 0.03374080061912536, 0.034380799531936644, 0.03407360017299652]}, "median_ms": {"baseline": 0.04447999894618988, "candidate": 0.03406080007553101}, "baseline_over_candidate": 1.3059000037448898}
{"case": {"B": 8, "SEQ_LEN": 256, "H": 1, "HQ": 16, "D": 128, "S": 1, "block_size": 32, "is_causal": true}, "candidate": "baseline", "phase": "compile_correctness"}
{"case": {"B": 8, "SEQ_LEN": 256, "H": 1, "HQ": 16, "D": 128, "S": 1, "block_size": 32, "is_causal": true}, "candidate": "candidate", "phase": "compile_correctness"}
{"case": {"B": 8, "SEQ_LEN": 256, "H": 1, "HQ": 16, "D": 128, "S": 1, "block_size": 32, "is_causal": true}, "seed": 365, "status": "PASS", "call_event_ms": {"baseline": [0.045772799849510194, 0.045184001326560974, 0.045286399126052854, 0.045388799905776975], "candidate": [0.03415040075778961, 0.034176000952720643, 0.03394559919834137, 0.03415040075778961]}, "median_ms": {"baseline": 0.045337599515914914, "candidate": 0.03415040075778961}, "baseline_over_candidate": 1.3275861632626238}
{"case": {"B": 1, "SEQ_LEN": 2048, "H": 1, "HQ": 16, "D": 32, "S": 1, "block_size": 16, "is_causal": true}, "candidate": "baseline", "phase": "compile_correctness"}
{"case": {"B": 1, "SEQ_LEN": 2048, "H": 1, "HQ": 16, "D": 32, "S": 1, "block_size": 16, "is_causal": true}, "candidate": "candidate", "phase": "compile_correctness"}
2026-09-07 10:28:02  [TileLang:tilelang.cache.kernel_cache:WARNING] (kernel_cache.py:342): Found kernel 'kernel' in memory cache. For better performance, consider using `@tilelang.jit` instead of direct kernel caching.
{"case": {"B": 1, "SEQ_LEN": 2048, "H": 1, "HQ": 16, "D": 32, "S": 1, "block_size": 16, "is_causal": true}, "seed": 365, "status": "PASS", "call_event_ms": {"baseline": [0.011238399893045425, 0.010700800269842149, 0.010751999914646149, 0.010547199845314026], "candidate": [0.010675200074911118, 0.010572800040245056, 0.010393600165843963, 0.010572800040245056]}, "median_ms": {"baseline": 0.010726400092244149, "candidate": 0.010572800040245056}, "baseline_over_candidate": 1.0145278498992147}
{"case": {"B": 4, "SEQ_LEN": 2048, "H": 1, "HQ": 16, "D": 32, "S": 1, "block_size": 16, "is_causal": true}, "candidate": "baseline", "phase": "compile_correctness"}
{"case": {"B": 4, "SEQ_LEN": 2048, "H": 1, "HQ": 16, "D": 32, "S": 1, "block_size": 16, "is_causal": true}, "candidate": "candidate", "phase": "compile_correctness"}
{"case": {"B": 4, "SEQ_LEN": 2048, "H": 1, "HQ": 16, "D": 32, "S": 1, "block_size": 16, "is_causal": true}, "seed": 365, "status": "PASS", "call_event_ms": {"baseline": [0.024780799448490144, 0.024115200340747833, 0.024294400215148927, 0.024191999435424806], "candidate": [0.023475199937820435, 0.02311680018901825, 0.023475199937820435, 0.023270399868488313]}, "median_ms": {"baseline": 0.024243199825286867, "candidate": 0.023372799903154374}, "baseline_over_candidate": 1.03723986538793}
{"case": {"B": 8, "SEQ_LEN": 2048, "H": 1, "HQ": 16, "D": 32, "S": 1, "block_size": 16, "is_causal": true}, "candidate": "baseline", "phase": "compile_correctness"}
{"case": {"B": 8, "SEQ_LEN": 2048, "H": 1, "HQ": 16, "D": 32, "S": 1, "block_size": 16, "is_causal": true}, "candidate": "candidate", "phase": "compile_correctness"}
{"case": {"B": 8, "SEQ_LEN": 2048, "H": 1, "HQ": 16, "D": 32, "S": 1, "block_size": 16, "is_causal": true}, "seed": 365, "status": "PASS", "call_event_ms": {"baseline": [0.04142079949378967, 0.040729600191116336, 0.040934398770332336, 0.04134399890899658], "candidate": [0.03947519958019256, 0.039603200554847715, 0.03939839899539947, 0.03934719860553741]}, "median_ms": {"baseline": 0.04113919883966446, "candidate": 0.03943679928779602}, "baseline_over_candidate": 1.0431677920777729}
{"case": {"B": 1, "SEQ_LEN": 48, "H": 1, "HQ": 16, "D": 32, "S": 1, "block_size": 16, "is_causal": true}, "candidate": "baseline", "phase": "compile_correctness"}
{"case": {"B": 1, "SEQ_LEN": 48, "H": 1, "HQ": 16, "D": 32, "S": 1, "block_size": 16, "is_causal": true}, "candidate": "candidate", "phase": "compile_correctness"}
2026-09-07 10:28:03  [TileLang:tilelang.cache.kernel_cache:WARNING] (kernel_cache.py:342): Found kernel 'kernel' in memory cache. For better performance, consider using `@tilelang.jit` instead of direct kernel caching.
{"case": {"B": 1, "SEQ_LEN": 48, "H": 1, "HQ": 16, "D": 32, "S": 1, "block_size": 16, "is_causal": true}, "seed": 365, "status": "PASS", "call_event_ms": {"baseline": [0.011443199962377549, 0.010444799810647965, 0.010419200360774993, 0.010470400005578995], "candidate": [0.010828799754381179, 0.010547199845314026, 0.010444799810647965, 0.010419200360774993]}, "median_ms": {"baseline": 0.01045759990811348, "candidate": 0.010495999827980995}, "baseline_over_candidate": 0.9963414709892481}
{"case": {"B": 2, "SEQ_LEN": 48, "H": 1, "HQ": 16, "D": 32, "S": 1, "block_size": 16, "is_causal": true}, "candidate": "baseline", "phase": "compile_correctness"}
{"case": {"B": 2, "SEQ_LEN": 48, "H": 1, "HQ": 16, "D": 32, "S": 1, "block_size": 16, "is_causal": true}, "candidate": "candidate", "phase": "compile_correctness"}
2026-09-07 10:28:03  [TileLang:tilelang.cache.kernel_cache:WARNING] (kernel_cache.py:342): Found kernel 'kernel' in memory cache. For better performance, consider using `@tilelang.jit` instead of direct kernel caching.
{"case": {"B": 2, "SEQ_LEN": 48, "H": 1, "HQ": 16, "D": 32, "S": 1, "block_size": 16, "is_causal": true}, "seed": 365, "status": "PASS", "call_event_ms": {"baseline": [0.011340799927711486, 0.010547199845314026, 0.010521599650382995, 0.010393600165843963], "candidate": [0.010675200074911118, 0.010496000200510025, 0.010675200074911118, 0.010572800040245056]}, "median_ms": {"baseline": 0.01053439974784851, "candidate": 0.010624000057578086}, "baseline_over_candidate": 0.9915662359521861}
{"case": {"B": 4, "SEQ_LEN": 48, "H": 1, "HQ": 16, "D": 32, "S": 1, "block_size": 16, "is_causal": true}, "candidate": "baseline", "phase": "compile_correctness"}
{"case": {"B": 4, "SEQ_LEN": 48, "H": 1, "HQ": 16, "D": 32, "S": 1, "block_size": 16, "is_causal": true}, "candidate": "candidate", "phase": "compile_correctness"}
2026-09-07 10:28:03  [TileLang:tilelang.cache.kernel_cache:WARNING] (kernel_cache.py:342): Found kernel 'kernel' in memory cache. For better performance, consider using `@tilelang.jit` instead of direct kernel caching.
{"case": {"B": 4, "SEQ_LEN": 48, "H": 1, "HQ": 16, "D": 32, "S": 1, "block_size": 16, "is_causal": true}, "seed": 365, "status": "PASS", "call_event_ms": {"baseline": [0.011468800157308579, 0.010419200360774993, 0.011903999745845795, 0.010470400005578995], "candidate": [0.010700800269842149, 0.010547199845314026, 0.010623999685049058, 0.010316800326108932]}, "median_ms": {"baseline": 0.010969600081443787, "candidate": 0.01058559976518154}, "baseline_over_candidate": 1.0362757259655055}
{"case": {"B": 8, "SEQ_LEN": 48, "H": 1, "HQ": 16, "D": 32, "S": 1, "block_size": 16, "is_causal": true}, "candidate": "baseline", "phase": "compile_correctness"}
{"case": {"B": 8, "SEQ_LEN": 48, "H": 1, "HQ": 16, "D": 32, "S": 1, "block_size": 16, "is_causal": true}, "candidate": "candidate", "phase": "compile_correctness"}
2026-09-07 10:28:03  [TileLang:tilelang.cache.kernel_cache:WARNING] (kernel_cache.py:342): Found kernel 'kernel' in memory cache. For better performance, consider using `@tilelang.jit` instead of direct kernel caching.
{"case": {"B": 8, "SEQ_LEN": 48, "H": 1, "HQ": 16, "D": 32, "S": 1, "block_size": 16, "is_causal": true}, "seed": 365, "status": "PASS", "call_event_ms": {"baseline": [0.011212799698114395, 0.010419200360774993, 0.010214400291442872, 0.010496000200510025], "candidate": [0.010598400235176086, 0.010214400291442872, 0.010547199845314026, 0.010419200360774993]}, "median_ms": {"baseline": 0.01045760028064251, "candidate": 0.010483200103044508}, "baseline_over_candidate": 0.9975580145232024}
{"case": {"B": 1, "SEQ_LEN": 96, "H": 1, "HQ": 16, "D": 32, "S": 1, "block_size": 16, "is_causal": true}, "candidate": "baseline", "phase": "compile_correctness"}
{"case": {"B": 1, "SEQ_LEN": 96, "H": 1, "HQ": 16, "D": 32, "S": 1, "block_size": 16, "is_causal": true}, "candidate": "candidate", "phase": "compile_correctness"}
2026-09-07 10:28:03  [TileLang:tilelang.cache.kernel_cache:WARNING] (kernel_cache.py:342): Found kernel 'kernel' in memory cache. For better performance, consider using `@tilelang.jit` instead of direct kernel caching.
{"case": {"B": 1, "SEQ_LEN": 96, "H": 1, "HQ": 16, "D": 32, "S": 1, "block_size": 16, "is_causal": true}, "seed": 365, "status": "PASS", "call_event_ms": {"baseline": [0.011212799698114395, 0.010496000200510025, 0.010393600165843963, 0.010367999970912933], "candidate": [0.010649599879980088, 0.010291200131177902, 0.010239999741315842, 0.010239999741315842]}, "median_ms": {"baseline": 0.010444800183176995, "candidate": 0.010265599936246872}, "baseline_over_candidate": 1.0174563832647894}
{"case": {"B": 2, "SEQ_LEN": 96, "H": 1, "HQ": 16, "D": 32, "S": 1, "block_size": 16, "is_causal": true}, "candidate": "baseline", "phase": "compile_correctness"}
{"case": {"B": 2, "SEQ_LEN": 96, "H": 1, "HQ": 16, "D": 32, "S": 1, "block_size": 16, "is_causal": true}, "candidate": "candidate", "phase": "compile_correctness"}
2026-09-07 10:28:04  [TileLang:tilelang.cache.kernel_cache:WARNING] (kernel_cache.py:342): Found kernel 'kernel' in memory cache. For better performance, consider using `@tilelang.jit` instead of direct kernel caching.
{"case": {"B": 2, "SEQ_LEN": 96, "H": 1, "HQ": 16, "D": 32, "S": 1, "block_size": 16, "is_causal": true}, "seed": 365, "status": "PASS", "call_event_ms": {"baseline": [0.011238399893045425, 0.010419200360774993, 0.010367999970912933, 0.010726399719715118], "candidate": [0.010649599879980088, 0.010470400005578995, 0.010239999741315842, 0.012697599828243256]}, "median_ms": {"baseline": 0.010572800040245056, "candidate": 0.010559999942779542}, "baseline_over_candidate": 1.001212130448378}
{"case": {"B": 4, "SEQ_LEN": 96, "H": 1, "HQ": 16, "D": 32, "S": 1, "block_size": 16, "is_causal": true}, "candidate": "baseline", "phase": "compile_correctness"}
{"case": {"B": 4, "SEQ_LEN": 96, "H": 1, "HQ": 16, "D": 32, "S": 1, "block_size": 16, "is_causal": true}, "candidate": "candidate", "phase": "compile_correctness"}
2026-09-07 10:28:04  [TileLang:tilelang.cache.kernel_cache:WARNING] (kernel_cache.py:342): Found kernel 'kernel' in memory cache. For better performance, consider using `@tilelang.jit` instead of direct kernel caching.
{"case": {"B": 4, "SEQ_LEN": 96, "H": 1, "HQ": 16, "D": 32, "S": 1, "block_size": 16, "is_causal": true}, "seed": 365, "status": "PASS", "call_event_ms": {"baseline": [0.011007999628782272, 0.010649599879980088, 0.010367999970912933, 0.011366400122642516], "candidate": [0.010700800269842149, 0.010470400005578995, 0.010496000200510025, 0.010291200131177902]}, "median_ms": {"baseline": 0.010828799754381179, "candidate": 0.01048320010304451}, "baseline_over_candidate": 1.0329669993837378}
{"case": {"B": 8, "SEQ_LEN": 96, "H": 1, "HQ": 16, "D": 32, "S": 1, "block_size": 16, "is_causal": true}, "candidate": "baseline", "phase": "compile_correctness"}
{"case": {"B": 8, "SEQ_LEN": 96, "H": 1, "HQ": 16, "D": 32, "S": 1, "block_size": 16, "is_causal": true}, "candidate": "candidate", "phase": "compile_correctness"}
2026-09-07 10:28:04  [TileLang:tilelang.cache.kernel_cache:WARNING] (kernel_cache.py:342): Found kernel 'kernel' in memory cache. For better performance, consider using `@tilelang.jit` instead of direct kernel caching.
{"case": {"B": 8, "SEQ_LEN": 96, "H": 1, "HQ": 16, "D": 32, "S": 1, "block_size": 16, "is_causal": true}, "seed": 365, "status": "PASS", "call_event_ms": {"baseline": [0.011238399893045425, 0.010444799810647965, 0.010393600165843963, 0.010239999741315842], "candidate": [0.010623999685049058, 0.010470400005578995, 0.010444799810647965, 0.010444799810647965]}, "median_ms": {"baseline": 0.010419199988245965, "candidate": 0.01045759990811348}, "baseline_over_candidate": 0.9963280370061086}
{"case": {"B": 1, "SEQ_LEN": 4096, "H": 1, "HQ": 16, "D": 64, "S": 1, "block_size": 16, "is_causal": true}, "candidate": "baseline", "phase": "compile_correctness"}
{"case": {"B": 1, "SEQ_LEN": 4096, "H": 1, "HQ": 16, "D": 64, "S": 1, "block_size": 16, "is_causal": true}, "candidate": "candidate", "phase": "compile_correctness"}
2026-09-07 10:28:04  [TileLang:tilelang.cache.kernel_cache:WARNING] (kernel_cache.py:342): Found kernel 'kernel' in memory cache. For better performance, consider using `@tilelang.jit` instead of direct kernel caching.
{"case": {"B": 1, "SEQ_LEN": 4096, "H": 1, "HQ": 16, "D": 64, "S": 1, "block_size": 16, "is_causal": true}, "seed": 365, "status": "PASS", "call_event_ms": {"baseline": [0.02910720109939575, 0.028646400570869444, 0.02905600070953369, 0.02910720109939575], "candidate": [0.029209598898887634, 0.029286399483680725, 0.02964479923248291, 0.02908160090446472]}, "median_ms": {"baseline": 0.02908160090446472, "candidate": 0.02924799919128418}, "baseline_over_candidate": 0.9943107805176279}
{"case": {"B": 1, "SEQ_LEN": 4096, "H": 1, "HQ": 16, "D": 128, "S": 1, "block_size": 16, "is_causal": true}, "candidate": "baseline", "phase": "compile_correctness"}
{"case": {"B": 1, "SEQ_LEN": 4096, "H": 1, "HQ": 16, "D": 128, "S": 1, "block_size": 16, "is_causal": true}, "candidate": "candidate", "phase": "compile_correctness"}
{"case": {"B": 1, "SEQ_LEN": 4096, "H": 1, "HQ": 16, "D": 128, "S": 1, "block_size": 16, "is_causal": true}, "seed": 365, "status": "PASS", "call_event_ms": {"baseline": [0.05713919997215271, 0.056627202033996585, 0.056806397438049314, 0.056959998607635495], "candidate": [0.04943360090255737, 0.04915199875831604, 0.04963839948177338, 0.04915199875831604]}, "median_ms": {"baseline": 0.056883198022842404, "candidate": 0.049292799830436704}, "baseline_over_candidate": 1.1539859415272833}
{"case": {"B": 2, "SEQ_LEN": 4096, "H": 1, "HQ": 16, "D": 64, "S": 1, "block_size": 16, "is_causal": true}, "candidate": "baseline", "phase": "compile_correctness"}
{"case": {"B": 2, "SEQ_LEN": 4096, "H": 1, "HQ": 16, "D": 64, "S": 1, "block_size": 16, "is_causal": true}, "candidate": "candidate", "phase": "compile_correctness"}
2026-09-07 10:28:05  [TileLang:tilelang.cache.kernel_cache:WARNING] (kernel_cache.py:342): Found kernel 'kernel' in memory cache. For better performance, consider using `@tilelang.jit` instead of direct kernel caching.
{"case": {"B": 2, "SEQ_LEN": 4096, "H": 1, "HQ": 16, "D": 64, "S": 1, "block_size": 16, "is_causal": true}, "seed": 365, "status": "PASS", "call_event_ms": {"baseline": [0.04989440143108368, 0.04997119903564453, 0.050483202934265135, 0.05017600059509277], "candidate": [0.04953599870204926, 0.05194240212440491, 0.04968959987163544, 0.0499455988407135]}, "median_ms": {"baseline": 0.05007359981536865, "candidate": 0.04981759935617447}, "baseline_over_candidate": 1.005138755429861}
{"case": {"B": 4, "SEQ_LEN": 4096, "H": 1, "HQ": 16, "D": 64, "S": 1, "block_size": 16, "is_causal": true}, "candidate": "baseline", "phase": "compile_correctness"}
{"case": {"B": 4, "SEQ_LEN": 4096, "H": 1, "HQ": 16, "D": 64, "S": 1, "block_size": 16, "is_causal": true}, "candidate": "candidate", "phase": "compile_correctness"}
2026-09-07 10:28:05  [TileLang:tilelang.cache.kernel_cache:WARNING] (kernel_cache.py:342): Found kernel 'kernel' in memory cache. For better performance, consider using `@tilelang.jit` instead of direct kernel caching.
{"case": {"B": 4, "SEQ_LEN": 4096, "H": 1, "HQ": 16, "D": 64, "S": 1, "block_size": 16, "is_causal": true}, "seed": 365, "status": "PASS", "call_event_ms": {"baseline": [0.09011200070381165, 0.08993279933929443, 0.08995839953422546, 0.08975359797477722], "candidate": [0.08888319730758668, 0.08870400190353393, 0.08916479945182801, 0.08903679847717286]}, "median_ms": {"baseline": 0.08994559943675995, "candidate": 0.08895999789237977}, "baseline_over_candidate": 1.0110791543135211}
{"case": {"B": 8, "SEQ_LEN": 4096, "H": 1, "HQ": 16, "D": 64, "S": 1, "block_size": 16, "is_causal": true}, "candidate": "baseline", "phase": "compile_correctness"}
{"case": {"B": 8, "SEQ_LEN": 4096, "H": 1, "HQ": 16, "D": 64, "S": 1, "block_size": 16, "is_causal": true}, "candidate": "candidate", "phase": "compile_correctness"}
2026-09-07 10:28:06  [TileLang:tilelang.cache.kernel_cache:WARNING] (kernel_cache.py:342): Found kernel 'kernel' in memory cache. For better performance, consider using `@tilelang.jit` instead of direct kernel caching.
{"case": {"B": 8, "SEQ_LEN": 4096, "H": 1, "HQ": 16, "D": 64, "S": 1, "block_size": 16, "is_causal": true}, "seed": 365, "status": "PASS", "call_event_ms": {"baseline": [0.16872960329055786, 0.16760319471359253, 0.16778240203857422, 0.16773120164871216], "candidate": [0.16785919666290283, 0.16952320337295532, 0.1691648006439209, 0.1677567958831787]}, "median_ms": {"baseline": 0.1677568018436432, "candidate": 0.16851199865341188}, "baseline_over_candidate": 0.9955184389491342}
{"case": {"B": 1, "SEQ_LEN": 8192, "H": 1, "HQ": 16, "D": 64, "S": 1, "block_size": 16, "is_causal": true}, "candidate": "baseline", "phase": "compile_correctness"}
{"case": {"B": 1, "SEQ_LEN": 8192, "H": 1, "HQ": 16, "D": 64, "S": 1, "block_size": 16, "is_causal": true}, "candidate": "candidate", "phase": "compile_correctness"}
2026-09-07 10:28:06  [TileLang:tilelang.cache.kernel_cache:WARNING] (kernel_cache.py:342): Found kernel 'kernel' in memory cache. For better performance, consider using `@tilelang.jit` instead of direct kernel caching.
{"case": {"B": 1, "SEQ_LEN": 8192, "H": 1, "HQ": 16, "D": 64, "S": 1, "block_size": 16, "is_causal": true}, "seed": 365, "status": "PASS", "call_event_ms": {"baseline": [0.04961279928684235, 0.04897280037403107, 0.04927999973297119, 0.04927999973297119], "candidate": [0.0499455988407135, 0.04984320104122162, 0.0497408002614975, 0.04979200065135956]}, "median_ms": {"baseline": 0.04927999973297119, "candidate": 0.04981760084629059}, "baseline_over_candidate": 0.9892086109289338}
{"case": {"B": 1, "SEQ_LEN": 8192, "H": 1, "HQ": 16, "D": 128, "S": 1, "block_size": 16, "is_causal": true}, "candidate": "baseline", "phase": "compile_correctness"}
{"case": {"B": 1, "SEQ_LEN": 8192, "H": 1, "HQ": 16, "D": 128, "S": 1, "block_size": 16, "is_causal": true}, "candidate": "candidate", "phase": "compile_correctness"}
{"case": {"B": 1, "SEQ_LEN": 8192, "H": 1, "HQ": 16, "D": 128, "S": 1, "block_size": 16, "is_causal": true}, "seed": 365, "status": "PASS", "call_event_ms": {"baseline": [0.10357760190963745, 0.1038591980934143, 0.10316799879074097, 0.10280959606170655], "candidate": [0.0932864010334015, 0.09308159947395325, 0.09274880290031433, 0.0934656023979187]}, "median_ms": {"baseline": 0.10337280035018921, "candidate": 0.09318400025367737}, "baseline_over_candidate": 1.1093406600787108}
{"case": {"B": 2, "SEQ_LEN": 8192, "H": 1, "HQ": 16, "D": 64, "S": 1, "block_size": 16, "is_causal": true}, "candidate": "baseline", "phase": "compile_correctness"}
{"case": {"B": 2, "SEQ_LEN": 8192, "H": 1, "HQ": 16, "D": 64, "S": 1, "block_size": 16, "is_causal": true}, "candidate": "candidate", "phase": "compile_correctness"}
2026-09-07 10:28:07  [TileLang:tilelang.cache.kernel_cache:WARNING] (kernel_cache.py:342): Found kernel 'kernel' in memory cache. For better performance, consider using `@tilelang.jit` instead of direct kernel caching.
{"case": {"B": 2, "SEQ_LEN": 8192, "H": 1, "HQ": 16, "D": 64, "S": 1, "block_size": 16, "is_causal": true}, "seed": 365, "status": "PASS", "call_event_ms": {"baseline": [0.0894976019859314, 0.0892416000366211, 0.08939520120620728, 0.08870400190353393], "candidate": [0.08939520120620728, 0.08967679738998413, 0.08931840062141419, 0.0896511971950531]}, "median_ms": {"baseline": 0.08931840062141419, "candidate": 0.08952319920063019}, "baseline_over_candidate": 0.997712340700012}
{"case": {"B": 4, "SEQ_LEN": 8192, "H": 1, "HQ": 16, "D": 32, "S": 1, "block_size": 16, "is_causal": true}, "candidate": "baseline", "phase": "compile_correctness"}
{"case": {"B": 4, "SEQ_LEN": 8192, "H": 1, "HQ": 16, "D": 32, "S": 1, "block_size": 16, "is_causal": true}, "candidate": "candidate", "phase": "compile_correctness"}
{"case": {"B": 4, "SEQ_LEN": 8192, "H": 1, "HQ": 16, "D": 32, "S": 1, "block_size": 16, "is_causal": true}, "seed": 365, "status": "PASS", "call_event_ms": {"baseline": [0.07498239874839782, 0.07454720139503479, 0.07436800003051758, 0.07444480061531067], "candidate": [0.07129600048065185, 0.07111679911613464, 0.07083520293235779, 0.07098879814147949]}, "median_ms": {"baseline": 0.07449600100517273, "candidate": 0.07105279862880706}, "baseline_over_candidate": 1.0484597713645818}
{"case": {"B": 1, "SEQ_LEN": 16384, "H": 1, "HQ": 16, "D": 32, "S": 1, "block_size": 16, "is_causal": true}, "candidate": "baseline", "phase": "compile_correctness"}
{"case": {"B": 1, "SEQ_LEN": 16384, "H": 1, "HQ": 16, "D": 32, "S": 1, "block_size": 16, "is_causal": true}, "candidate": "candidate", "phase": "compile_correctness"}
{"case": {"B": 1, "SEQ_LEN": 16384, "H": 1, "HQ": 16, "D": 32, "S": 1, "block_size": 16, "is_causal": true}, "seed": 365, "status": "PASS", "call_event_ms": {"baseline": [0.04183039963245392, 0.04142079949378967, 0.042342400550842284, 0.04136959910392761], "candidate": [0.039603200554847715, 0.03932160139083862, 0.039577600359916684, 0.03932160139083862]}, "median_ms": {"baseline": 0.0416255995631218, "candidate": 0.039449600875377654}, "baseline_over_candidate": 1.0551589531822687}
{"case": {"B": 1, "SEQ_LEN": 16384, "H": 1, "HQ": 16, "D": 64, "S": 1, "block_size": 16, "is_causal": true}, "candidate": "baseline", "phase": "compile_correctness"}
{"case": {"B": 1, "SEQ_LEN": 16384, "H": 1, "HQ": 16, "D": 64, "S": 1, "block_size": 16, "is_causal": true}, "candidate": "candidate", "phase": "compile_correctness"}
2026-09-07 10:28:09  [TileLang:tilelang.cache.kernel_cache:WARNING] (kernel_cache.py:342): Found kernel 'kernel' in memory cache. For better performance, consider using `@tilelang.jit` instead of direct kernel caching.
{"case": {"B": 1, "SEQ_LEN": 16384, "H": 1, "HQ": 16, "D": 64, "S": 1, "block_size": 16, "is_causal": true}, "seed": 365, "status": "PASS", "call_event_ms": {"baseline": [0.09256960153579712, 0.09210879802703857, 0.09195520281791687, 0.09180160164833069], "candidate": [0.09195520281791687, 0.0917248010635376, 0.09108480215072631, 0.0911616027355194]}, "median_ms": {"baseline": 0.09203200042247772, "candidate": 0.09144320189952851}, "baseline_over_candidate": 1.0064389534784242}
{"case": {"B": 2, "SEQ_LEN": 16384, "H": 1, "HQ": 16, "D": 32, "S": 1, "block_size": 16, "is_causal": true}, "candidate": "baseline", "phase": "compile_correctness"}
{"case": {"B": 2, "SEQ_LEN": 16384, "H": 1, "HQ": 16, "D": 32, "S": 1, "block_size": 16, "is_causal": true}, "candidate": "candidate", "phase": "compile_correctness"}
{"case": {"B": 2, "SEQ_LEN": 16384, "H": 1, "HQ": 16, "D": 32, "S": 1, "block_size": 16, "is_causal": true}, "seed": 365, "status": "PASS", "call_event_ms": {"baseline": [0.07626240253448487, 0.07526400089263915, 0.07495679855346679, 0.07490559816360473], "candidate": [0.07214080095291138, 0.07188479900360108, 0.07329279780387879, 0.07157760262489318]}, "median_ms": {"baseline": 0.07511039972305297, "candidate": 0.07201279997825623}, "baseline_over_candidate": 1.0430145716557617}
