Loading tilelang libs from dev root: /opt/tilelang-metax-v0.1.10/build
{"case": {"B": 1, "SEQ_LEN": 64, "H": 1, "HQ": 16, "D": 32, "S": 1, "block_size": 16, "is_causal": true}, "candidate": "baseline", "phase": "compile_correctness"}
{"case": {"B": 1, "SEQ_LEN": 64, "H": 1, "HQ": 16, "D": 32, "S": 1, "block_size": 16, "is_causal": true}, "candidate": "candidate", "phase": "compile_correctness"}
2026-09-07 09:32:15  [TileLang:tilelang.cache.kernel_cache:WARNING] (kernel_cache.py:342): Found kernel 'kernel' in memory cache. For better performance, consider using `@tilelang.jit` instead of direct kernel caching.
{"case": {"B": 1, "SEQ_LEN": 64, "H": 1, "HQ": 16, "D": 32, "S": 1, "block_size": 16, "is_causal": true}, "seed": 340, "status": "PASS", "call_event_ms": {"baseline": [0.014284799993038177, 0.012134400010108948, 0.012006399780511856, 0.011852800101041793], "candidate": [0.013439999520778656, 0.01228799968957901, 0.01223680004477501, 0.011955200135707856]}, "median_ms": {"baseline": 0.012070399895310401, "candidate": 0.01226239986717701}, "baseline_over_candidate": 0.9843423820829283}
{"case": {"B": 1, "SEQ_LEN": 64, "H": 1, "HQ": 16, "D": 64, "S": 1, "block_size": 16, "is_causal": true}, "candidate": "baseline", "phase": "compile_correctness"}
{"case": {"B": 1, "SEQ_LEN": 64, "H": 1, "HQ": 16, "D": 64, "S": 1, "block_size": 16, "is_causal": true}, "candidate": "candidate", "phase": "compile_correctness"}
2026-09-07 09:32:15  [TileLang:tilelang.cache.kernel_cache:WARNING] (kernel_cache.py:342): Found kernel 'kernel' in memory cache. For better performance, consider using `@tilelang.jit` instead of direct kernel caching.
{"case": {"B": 1, "SEQ_LEN": 64, "H": 1, "HQ": 16, "D": 64, "S": 1, "block_size": 16, "is_causal": true}, "seed": 340, "status": "PASS", "call_event_ms": {"baseline": [0.013516800105571746, 0.012108799815177918, 0.011980800330638886, 0.013516800105571746], "candidate": [0.012620800733566284, 0.012544000148773193, 0.011903999745845795, 0.015795199573040007]}, "median_ms": {"baseline": 0.012812799960374831, "candidate": 0.012582400441169738}, "baseline_over_candidate": 1.018311253109639}
{"case": {"B": 1, "SEQ_LEN": 64, "H": 1, "HQ": 16, "D": 128, "S": 1, "block_size": 16, "is_causal": true}, "candidate": "baseline", "phase": "compile_correctness"}
{"case": {"B": 1, "SEQ_LEN": 64, "H": 1, "HQ": 16, "D": 128, "S": 1, "block_size": 16, "is_causal": true}, "candidate": "candidate", "phase": "compile_correctness"}
{"case": {"B": 1, "SEQ_LEN": 64, "H": 1, "HQ": 16, "D": 128, "S": 1, "block_size": 16, "is_causal": true}, "seed": 340, "status": "PASS", "call_event_ms": {"baseline": [0.013926400244235993, 0.012134400010108948, 0.011878400295972823, 0.011955200135707856], "candidate": [0.01228799968957901, 0.011878400295972823, 0.011852800101041793, 0.012057600170373916]}, "median_ms": {"baseline": 0.012044800072908403, "candidate": 0.011968000233173369}, "baseline_over_candidate": 1.006417098783317}
{"case": {"B": 1, "SEQ_LEN": 128, "H": 1, "HQ": 16, "D": 32, "S": 1, "block_size": 16, "is_causal": true}, "candidate": "baseline", "phase": "compile_correctness"}
{"case": {"B": 1, "SEQ_LEN": 128, "H": 1, "HQ": 16, "D": 32, "S": 1, "block_size": 16, "is_causal": true}, "candidate": "candidate", "phase": "compile_correctness"}
2026-09-07 09:32:15  [TileLang:tilelang.cache.kernel_cache:WARNING] (kernel_cache.py:342): Found kernel 'kernel' in memory cache. For better performance, consider using `@tilelang.jit` instead of direct kernel caching.
{"case": {"B": 1, "SEQ_LEN": 128, "H": 1, "HQ": 16, "D": 32, "S": 1, "block_size": 16, "is_causal": true}, "seed": 340, "status": "PASS", "call_event_ms": {"baseline": [0.013465599715709686, 0.011776000261306763, 0.011827199906110763, 0.011852800101041793], "candidate": [0.012415999919176102, 0.012057600170373916, 0.012083200365304947, 0.01231359988451004]}, "median_ms": {"baseline": 0.011840000003576278, "candidate": 0.012198400124907492}, "baseline_over_candidate": 0.9706190879409334}
{"case": {"B": 1, "SEQ_LEN": 128, "H": 1, "HQ": 16, "D": 64, "S": 1, "block_size": 16, "is_causal": true}, "candidate": "baseline", "phase": "compile_correctness"}
{"case": {"B": 1, "SEQ_LEN": 128, "H": 1, "HQ": 16, "D": 64, "S": 1, "block_size": 16, "is_causal": true}, "candidate": "candidate", "phase": "compile_correctness"}
2026-09-07 09:32:16  [TileLang:tilelang.cache.kernel_cache:WARNING] (kernel_cache.py:342): Found kernel 'kernel' in memory cache. For better performance, consider using `@tilelang.jit` instead of direct kernel caching.
{"case": {"B": 1, "SEQ_LEN": 128, "H": 1, "HQ": 16, "D": 64, "S": 1, "block_size": 16, "is_causal": true}, "seed": 340, "status": "PASS", "call_event_ms": {"baseline": [0.013414399325847625, 0.011801599711179733, 0.011724799871444702, 0.012928000092506409], "candidate": [0.01228799968957901, 0.011929599940776825, 0.011673600226640702, 0.011878400295972823]}, "median_ms": {"baseline": 0.012364799901843072, "candidate": 0.011904000118374825}, "baseline_over_candidate": 1.0387096588445899}
{"case": {"B": 1, "SEQ_LEN": 128, "H": 1, "HQ": 16, "D": 128, "S": 1, "block_size": 16, "is_causal": true}, "candidate": "baseline", "phase": "compile_correctness"}
{"case": {"B": 1, "SEQ_LEN": 128, "H": 1, "HQ": 16, "D": 128, "S": 1, "block_size": 16, "is_causal": true}, "candidate": "candidate", "phase": "compile_correctness"}
{"case": {"B": 1, "SEQ_LEN": 128, "H": 1, "HQ": 16, "D": 128, "S": 1, "block_size": 16, "is_causal": true}, "seed": 340, "status": "PASS", "call_event_ms": {"baseline": [0.01377280056476593, 0.012031999975442886, 0.011980800330638886, 0.011955200135707856], "candidate": [0.012467200309038163, 0.011878400295972823, 0.011980800330638886, 0.011955200135707856]}, "median_ms": {"baseline": 0.012006400153040886, "candidate": 0.01196800023317337}, "baseline_over_candidate": 1.0032085493916583}
{"case": {"B": 1, "SEQ_LEN": 256, "H": 1, "HQ": 16, "D": 32, "S": 1, "block_size": 16, "is_causal": true}, "candidate": "baseline", "phase": "compile_correctness"}
{"case": {"B": 1, "SEQ_LEN": 256, "H": 1, "HQ": 16, "D": 32, "S": 1, "block_size": 16, "is_causal": true}, "candidate": "candidate", "phase": "compile_correctness"}
2026-09-07 09:32:16  [TileLang:tilelang.cache.kernel_cache:WARNING] (kernel_cache.py:342): Found kernel 'kernel' in memory cache. For better performance, consider using `@tilelang.jit` instead of direct kernel caching.
{"case": {"B": 1, "SEQ_LEN": 256, "H": 1, "HQ": 16, "D": 32, "S": 1, "block_size": 16, "is_causal": true}, "seed": 340, "status": "PASS", "call_event_ms": {"baseline": [0.013209599256515502, 0.011852800101041793, 0.011724799871444702, 0.011878400295972823], "candidate": [0.012415999919176102, 0.011980800330638886, 0.011852800101041793, 0.012108799815177918]}, "median_ms": {"baseline": 0.011865600198507308, "candidate": 0.012044800072908403}, "baseline_over_candidate": 0.985122220932155}
{"case": {"B": 1, "SEQ_LEN": 256, "H": 1, "HQ": 16, "D": 64, "S": 1, "block_size": 16, "is_causal": true}, "candidate": "baseline", "phase": "compile_correctness"}
{"case": {"B": 1, "SEQ_LEN": 256, "H": 1, "HQ": 16, "D": 64, "S": 1, "block_size": 16, "is_causal": true}, "candidate": "candidate", "phase": "compile_correctness"}
2026-09-07 09:32:16  [TileLang:tilelang.cache.kernel_cache:WARNING] (kernel_cache.py:342): Found kernel 'kernel' in memory cache. For better performance, consider using `@tilelang.jit` instead of direct kernel caching.
{"case": {"B": 1, "SEQ_LEN": 256, "H": 1, "HQ": 16, "D": 64, "S": 1, "block_size": 16, "is_causal": true}, "seed": 340, "status": "PASS", "call_event_ms": {"baseline": [0.013286399841308593, 0.012160000205039979, 0.011903999745845795, 0.013388800621032714], "candidate": [0.01228799968957901, 0.012108799815177918, 0.011955200135707856, 0.011827199906110763]}, "median_ms": {"baseline": 0.012723200023174286, "candidate": 0.012031999975442888}, "baseline_over_candidate": 1.0574468125949241}
{"case": {"B": 1, "SEQ_LEN": 256, "H": 1, "HQ": 16, "D": 128, "S": 1, "block_size": 16, "is_causal": true}, "candidate": "baseline", "phase": "compile_correctness"}
{"case": {"B": 1, "SEQ_LEN": 256, "H": 1, "HQ": 16, "D": 128, "S": 1, "block_size": 16, "is_causal": true}, "candidate": "candidate", "phase": "compile_correctness"}
{"case": {"B": 1, "SEQ_LEN": 256, "H": 1, "HQ": 16, "D": 128, "S": 1, "block_size": 16, "is_causal": true}, "seed": 340, "status": "PASS", "call_event_ms": {"baseline": [0.01443839967250824, 0.012083200365304947, 0.011980800330638886, 0.011955200135707856], "candidate": [0.012595200538635254, 0.012134400010108948, 0.012108799815177918, 0.011980800330638886]}, "median_ms": {"baseline": 0.012032000347971916, "candidate": 0.012121599912643433}, "baseline_over_candidate": 0.9926082723966115}
{"case": {"B": 1, "SEQ_LEN": 512, "H": 1, "HQ": 16, "D": 32, "S": 1, "block_size": 16, "is_causal": true}, "candidate": "baseline", "phase": "compile_correctness"}
{"case": {"B": 1, "SEQ_LEN": 512, "H": 1, "HQ": 16, "D": 32, "S": 1, "block_size": 16, "is_causal": true}, "candidate": "candidate", "phase": "compile_correctness"}
2026-09-07 09:32:17  [TileLang:tilelang.cache.kernel_cache:WARNING] (kernel_cache.py:342): Found kernel 'kernel' in memory cache. For better performance, consider using `@tilelang.jit` instead of direct kernel caching.
{"case": {"B": 1, "SEQ_LEN": 512, "H": 1, "HQ": 16, "D": 32, "S": 1, "block_size": 16, "is_causal": true}, "seed": 340, "status": "PASS", "call_event_ms": {"baseline": [0.013516800105571746, 0.011929599940776825, 0.011903999745845795, 0.011878400295972823], "candidate": [0.012492799758911132, 0.012211199849843979, 0.011929599940776825, 0.011903999745845795]}, "median_ms": {"baseline": 0.01191679984331131, "candidate": 0.012070399895310401}, "baseline_over_candidate": 0.987274650936895}
{"case": {"B": 1, "SEQ_LEN": 512, "H": 1, "HQ": 16, "D": 64, "S": 1, "block_size": 16, "is_causal": true}, "candidate": "baseline", "phase": "compile_correctness"}
{"case": {"B": 1, "SEQ_LEN": 512, "H": 1, "HQ": 16, "D": 64, "S": 1, "block_size": 16, "is_causal": true}, "candidate": "candidate", "phase": "compile_correctness"}
2026-09-07 09:32:17  [TileLang:tilelang.cache.kernel_cache:WARNING] (kernel_cache.py:342): Found kernel 'kernel' in memory cache. For better performance, consider using `@tilelang.jit` instead of direct kernel caching.
{"case": {"B": 1, "SEQ_LEN": 512, "H": 1, "HQ": 16, "D": 64, "S": 1, "block_size": 16, "is_causal": true}, "seed": 340, "status": "PASS", "call_event_ms": {"baseline": [0.013798399269580841, 0.012031999975442886, 0.012006399780511856, 0.012006399780511856], "candidate": [0.012390399724245072, 0.012134400010108948, 0.012057600170373916, 0.012928000092506409]}, "median_ms": {"baseline": 0.012019199877977371, "candidate": 0.012262399867177011}, "baseline_over_candidate": 0.9801670152797237}
{"case": {"B": 1, "SEQ_LEN": 512, "H": 1, "HQ": 16, "D": 128, "S": 1, "block_size": 16, "is_causal": true}, "candidate": "baseline", "phase": "compile_correctness"}
{"case": {"B": 1, "SEQ_LEN": 512, "H": 1, "HQ": 16, "D": 128, "S": 1, "block_size": 16, "is_causal": true}, "candidate": "candidate", "phase": "compile_correctness"}
{"case": {"B": 1, "SEQ_LEN": 512, "H": 1, "HQ": 16, "D": 128, "S": 1, "block_size": 16, "is_causal": true}, "seed": 340, "status": "PASS", "call_event_ms": {"baseline": [0.01369599997997284, 0.013363200426101684, 0.013260799646377563, 0.013414399325847625], "candidate": [0.012851199507713318, 0.012544000148773193, 0.012492799758911132, 0.012569600343704223]}, "median_ms": {"baseline": 0.013388799875974654, "candidate": 0.012556800246238708}, "baseline_over_candidate": 1.0662588886834579}
{"case": {"B": 1, "SEQ_LEN": 1024, "H": 1, "HQ": 16, "D": 32, "S": 1, "block_size": 16, "is_causal": true}, "candidate": "baseline", "phase": "compile_correctness"}
{"case": {"B": 1, "SEQ_LEN": 1024, "H": 1, "HQ": 16, "D": 32, "S": 1, "block_size": 16, "is_causal": true}, "candidate": "candidate", "phase": "compile_correctness"}
2026-09-07 09:32:17  [TileLang:tilelang.cache.kernel_cache:WARNING] (kernel_cache.py:342): Found kernel 'kernel' in memory cache. For better performance, consider using `@tilelang.jit` instead of direct kernel caching.
{"case": {"B": 1, "SEQ_LEN": 1024, "H": 1, "HQ": 16, "D": 32, "S": 1, "block_size": 16, "is_causal": true}, "seed": 340, "status": "PASS", "call_event_ms": {"baseline": [0.011622399836778641, 0.010726399719715118, 0.010521599650382995, 0.010700800269842149], "candidate": [0.010956799983978272, 0.01080320030450821, 0.010982400178909302, 0.010828799754381179]}, "median_ms": {"baseline": 0.010713599994778633, "candidate": 0.010892799869179726}, "baseline_over_candidate": 0.983548777490338}
{"case": {"B": 1, "SEQ_LEN": 1024, "H": 1, "HQ": 16, "D": 64, "S": 1, "block_size": 16, "is_causal": true}, "candidate": "baseline", "phase": "compile_correctness"}
{"case": {"B": 1, "SEQ_LEN": 1024, "H": 1, "HQ": 16, "D": 64, "S": 1, "block_size": 16, "is_causal": true}, "candidate": "candidate", "phase": "compile_correctness"}
2026-09-07 09:32:18  [TileLang:tilelang.cache.kernel_cache:WARNING] (kernel_cache.py:342): Found kernel 'kernel' in memory cache. For better performance, consider using `@tilelang.jit` instead of direct kernel caching.
{"case": {"B": 1, "SEQ_LEN": 1024, "H": 1, "HQ": 16, "D": 64, "S": 1, "block_size": 16, "is_causal": true}, "seed": 340, "status": "PASS", "call_event_ms": {"baseline": [0.011622399836778641, 0.01090560033917427, 0.010700800269842149, 0.010828799754381179], "candidate": [0.011238399893045425, 0.010931199789047242, 0.01085439994931221, 0.010931199789047242]}, "median_ms": {"baseline": 0.010867200046777725, "candidate": 0.010931199789047242}, "baseline_over_candidate": 0.9941452225277555}
{"case": {"B": 1, "SEQ_LEN": 1024, "H": 1, "HQ": 16, "D": 128, "S": 1, "block_size": 16, "is_causal": true}, "candidate": "baseline", "phase": "compile_correctness"}
{"case": {"B": 1, "SEQ_LEN": 1024, "H": 1, "HQ": 16, "D": 128, "S": 1, "block_size": 16, "is_causal": true}, "candidate": "candidate", "phase": "compile_correctness"}
{"case": {"B": 1, "SEQ_LEN": 1024, "H": 1, "HQ": 16, "D": 128, "S": 1, "block_size": 16, "is_causal": true}, "seed": 340, "status": "PASS", "call_event_ms": {"baseline": [0.018508799374103546, 0.01791999936103821, 0.01804800033569336, 0.01802240014076233], "candidate": [0.016281600296497344, 0.016230399906635284, 0.015974399447441102, 0.016025599837303162]}, "median_ms": {"baseline": 0.018035200238227845, "candidate": 0.016127999871969223}, "baseline_over_candidate": 1.1182539919022056}
{"case": {"B": 2, "SEQ_LEN": 64, "H": 1, "HQ": 16, "D": 64, "S": 1, "block_size": 16, "is_causal": true}, "candidate": "baseline", "phase": "compile_correctness"}
{"case": {"B": 2, "SEQ_LEN": 64, "H": 1, "HQ": 16, "D": 64, "S": 1, "block_size": 16, "is_causal": true}, "candidate": "candidate", "phase": "compile_correctness"}
2026-09-07 09:32:18  [TileLang:tilelang.cache.kernel_cache:WARNING] (kernel_cache.py:342): Found kernel 'kernel' in memory cache. For better performance, consider using `@tilelang.jit` instead of direct kernel caching.
{"case": {"B": 2, "SEQ_LEN": 64, "H": 1, "HQ": 16, "D": 64, "S": 1, "block_size": 16, "is_causal": true}, "seed": 340, "status": "PASS", "call_event_ms": {"baseline": [0.011315199732780456, 0.010649599879980088, 0.010623999685049058, 0.010521599650382995], "candidate": [0.010982400178909302, 0.010649599879980088, 0.010547199845314026, 0.010623999685049058]}, "median_ms": {"baseline": 0.010636799782514573, "candidate": 0.010636799782514573}, "baseline_over_candidate": 1.0}
{"case": {"B": 2, "SEQ_LEN": 64, "H": 1, "HQ": 16, "D": 128, "S": 1, "block_size": 16, "is_causal": true}, "candidate": "baseline", "phase": "compile_correctness"}
{"case": {"B": 2, "SEQ_LEN": 64, "H": 1, "HQ": 16, "D": 128, "S": 1, "block_size": 16, "is_causal": true}, "candidate": "candidate", "phase": "compile_correctness"}
{"case": {"B": 2, "SEQ_LEN": 64, "H": 1, "HQ": 16, "D": 128, "S": 1, "block_size": 16, "is_causal": true}, "seed": 340, "status": "PASS", "call_event_ms": {"baseline": [0.01228799968957901, 0.011392000317573547, 0.011443199962377549, 0.011340799927711486], "candidate": [0.011315199732780456, 0.01080320030450821, 0.010751999914646149, 0.01090560033917427]}, "median_ms": {"baseline": 0.011417600139975548, "candidate": 0.01085440032184124}, "baseline_over_candidate": 1.0518867741593276}
{"case": {"B": 2, "SEQ_LEN": 128, "H": 1, "HQ": 16, "D": 32, "S": 1, "block_size": 16, "is_causal": true}, "candidate": "baseline", "phase": "compile_correctness"}
{"case": {"B": 2, "SEQ_LEN": 128, "H": 1, "HQ": 16, "D": 32, "S": 1, "block_size": 16, "is_causal": true}, "candidate": "candidate", "phase": "compile_correctness"}
2026-09-07 09:32:18  [TileLang:tilelang.cache.kernel_cache:WARNING] (kernel_cache.py:342): Found kernel 'kernel' in memory cache. For better performance, consider using `@tilelang.jit` instead of direct kernel caching.
{"case": {"B": 2, "SEQ_LEN": 128, "H": 1, "HQ": 16, "D": 32, "S": 1, "block_size": 16, "is_causal": true}, "seed": 340, "status": "PASS", "call_event_ms": {"baseline": [0.011417599767446518, 0.010700800269842149, 0.010572800040245056, 0.010547199845314026], "candidate": [0.010956799983978272, 0.010700800269842149, 0.010700800269842149, 0.013132800161838532]}, "median_ms": {"baseline": 0.010636800155043601, "candidate": 0.010828800126910211}, "baseline_over_candidate": 0.9822695063519107}
{"case": {"B": 2, "SEQ_LEN": 128, "H": 1, "HQ": 16, "D": 64, "S": 1, "block_size": 16, "is_causal": true}, "candidate": "baseline", "phase": "compile_correctness"}
{"case": {"B": 2, "SEQ_LEN": 128, "H": 1, "HQ": 16, "D": 64, "S": 1, "block_size": 16, "is_causal": true}, "candidate": "candidate", "phase": "compile_correctness"}
2026-09-07 09:32:19  [TileLang:tilelang.cache.kernel_cache:WARNING] (kernel_cache.py:342): Found kernel 'kernel' in memory cache. For better performance, consider using `@tilelang.jit` instead of direct kernel caching.
{"case": {"B": 2, "SEQ_LEN": 128, "H": 1, "HQ": 16, "D": 64, "S": 1, "block_size": 16, "is_causal": true}, "seed": 340, "status": "PASS", "call_event_ms": {"baseline": [0.01154559999704361, 0.010419200360774993, 0.010188800096511842, 0.010316800326108932], "candidate": [0.010751999914646149, 0.010496000200510025, 0.010623999685049058, 0.010496000200510025]}, "median_ms": {"baseline": 0.010368000343441963, "candidate": 0.010559999942779542}, "baseline_over_candidate": 0.981818219661179}
{"case": {"B": 2, "SEQ_LEN": 128, "H": 1, "HQ": 16, "D": 128, "S": 1, "block_size": 16, "is_causal": true}, "candidate": "baseline", "phase": "compile_correctness"}
{"case": {"B": 2, "SEQ_LEN": 128, "H": 1, "HQ": 16, "D": 128, "S": 1, "block_size": 16, "is_causal": true}, "candidate": "candidate", "phase": "compile_correctness"}
{"case": {"B": 2, "SEQ_LEN": 128, "H": 1, "HQ": 16, "D": 128, "S": 1, "block_size": 16, "is_causal": true}, "seed": 340, "status": "PASS", "call_event_ms": {"baseline": [0.011980800330638886, 0.011673600226640702, 0.011622399836778641, 0.011519999802112579], "candidate": [0.011135999858379365, 0.011059200018644333, 0.01080320030450821, 0.01080320030450821]}, "median_ms": {"baseline": 0.011648000031709672, "candidate": 0.010931200161576272}, "baseline_over_candidate": 1.0655737576421835}
{"case": {"B": 2, "SEQ_LEN": 256, "H": 1, "HQ": 16, "D": 32, "S": 1, "block_size": 16, "is_causal": true}, "candidate": "baseline", "phase": "compile_correctness"}
{"case": {"B": 2, "SEQ_LEN": 256, "H": 1, "HQ": 16, "D": 32, "S": 1, "block_size": 16, "is_causal": true}, "candidate": "candidate", "phase": "compile_correctness"}
2026-09-07 09:32:19  [TileLang:tilelang.cache.kernel_cache:WARNING] (kernel_cache.py:342): Found kernel 'kernel' in memory cache. For better performance, consider using `@tilelang.jit` instead of direct kernel caching.
{"case": {"B": 2, "SEQ_LEN": 256, "H": 1, "HQ": 16, "D": 32, "S": 1, "block_size": 16, "is_causal": true}, "seed": 340, "status": "PASS", "call_event_ms": {"baseline": [0.011033599823713302, 0.010470400005578995, 0.010547199845314026, 0.010496000200510025], "candidate": [0.010828799754381179, 0.010547199845314026, 0.010393600165843963, 0.010521599650382995]}, "median_ms": {"baseline": 0.010521600022912025, "candidate": 0.01053439974784851}, "baseline_over_candidate": 0.9987849592532219}
{"case": {"B": 2, "SEQ_LEN": 256, "H": 1, "HQ": 16, "D": 64, "S": 1, "block_size": 16, "is_causal": true}, "candidate": "baseline", "phase": "compile_correctness"}
{"case": {"B": 2, "SEQ_LEN": 256, "H": 1, "HQ": 16, "D": 64, "S": 1, "block_size": 16, "is_causal": true}, "candidate": "candidate", "phase": "compile_correctness"}
2026-09-07 09:32:19  [TileLang:tilelang.cache.kernel_cache:WARNING] (kernel_cache.py:342): Found kernel 'kernel' in memory cache. For better performance, consider using `@tilelang.jit` instead of direct kernel caching.
{"case": {"B": 2, "SEQ_LEN": 256, "H": 1, "HQ": 16, "D": 64, "S": 1, "block_size": 16, "is_causal": true}, "seed": 340, "status": "PASS", "call_event_ms": {"baseline": [0.011673600226640702, 0.010521599650382995, 0.010444799810647965, 0.010470400005578995], "candidate": [0.01090560033917427, 0.010649599879980088, 0.010572800040245056, 0.010444799810647965]}, "median_ms": {"baseline": 0.010495999827980995, "candidate": 0.010611199960112571}, "baseline_over_candidate": 0.9891435339486003}
{"case": {"B": 2, "SEQ_LEN": 256, "H": 1, "HQ": 16, "D": 128, "S": 1, "block_size": 16, "is_causal": true}, "candidate": "baseline", "phase": "compile_correctness"}
{"case": {"B": 2, "SEQ_LEN": 256, "H": 1, "HQ": 16, "D": 128, "S": 1, "block_size": 16, "is_causal": true}, "candidate": "candidate", "phase": "compile_correctness"}
{"case": {"B": 2, "SEQ_LEN": 256, "H": 1, "HQ": 16, "D": 128, "S": 1, "block_size": 16, "is_causal": true}, "seed": 340, "status": "PASS", "call_event_ms": {"baseline": [0.0137472003698349, 0.013260799646377563, 0.013132800161838532, 0.013030399382114411], "candidate": [0.012441600114107132, 0.012569600343704223, 0.01228799968957901, 0.01233920007944107]}, "median_ms": {"baseline": 0.013196799904108047, "candidate": 0.012390400096774102}, "baseline_over_candidate": 1.0650826285701538}
{"case": {"B": 2, "SEQ_LEN": 512, "H": 1, "HQ": 16, "D": 32, "S": 1, "block_size": 16, "is_causal": true}, "candidate": "baseline", "phase": "compile_correctness"}
{"case": {"B": 2, "SEQ_LEN": 512, "H": 1, "HQ": 16, "D": 32, "S": 1, "block_size": 16, "is_causal": true}, "candidate": "candidate", "phase": "compile_correctness"}
2026-09-07 09:32:20  [TileLang:tilelang.cache.kernel_cache:WARNING] (kernel_cache.py:342): Found kernel 'kernel' in memory cache. For better performance, consider using `@tilelang.jit` instead of direct kernel caching.
{"case": {"B": 2, "SEQ_LEN": 512, "H": 1, "HQ": 16, "D": 32, "S": 1, "block_size": 16, "is_causal": true}, "seed": 340, "status": "PASS", "call_event_ms": {"baseline": [0.011724799871444702, 0.010956799983978272, 0.01085439994931221, 0.01080320030450821], "candidate": [0.01090560033917427, 0.01090560033917427, 0.01080320030450821, 0.010675200074911118]}, "median_ms": {"baseline": 0.010905599966645241, "candidate": 0.01085440032184124}, "baseline_over_candidate": 1.0047169482685265}
{"case": {"B": 2, "SEQ_LEN": 512, "H": 1, "HQ": 16, "D": 64, "S": 1, "block_size": 16, "is_causal": true}, "candidate": "baseline", "phase": "compile_correctness"}
{"case": {"B": 2, "SEQ_LEN": 512, "H": 1, "HQ": 16, "D": 64, "S": 1, "block_size": 16, "is_causal": true}, "candidate": "candidate", "phase": "compile_correctness"}
2026-09-07 09:32:20  [TileLang:tilelang.cache.kernel_cache:WARNING] (kernel_cache.py:342): Found kernel 'kernel' in memory cache. For better performance, consider using `@tilelang.jit` instead of direct kernel caching.
{"case": {"B": 2, "SEQ_LEN": 512, "H": 1, "HQ": 16, "D": 64, "S": 1, "block_size": 16, "is_causal": true}, "seed": 340, "status": "PASS", "call_event_ms": {"baseline": [0.011699199676513672, 0.010675200074911118, 0.010623999685049058, 0.010700800269842149], "candidate": [0.011007999628782272, 0.01080320030450821, 0.010777600109577179, 0.010828799754381179]}, "median_ms": {"baseline": 0.010688000172376633, "candidate": 0.010816000029444694}, "baseline_over_candidate": 0.9881656937204509}
{"case": {"B": 2, "SEQ_LEN": 512, "H": 1, "HQ": 16, "D": 128, "S": 1, "block_size": 16, "is_causal": true}, "candidate": "baseline", "phase": "compile_correctness"}
{"case": {"B": 2, "SEQ_LEN": 512, "H": 1, "HQ": 16, "D": 128, "S": 1, "block_size": 16, "is_causal": true}, "candidate": "candidate", "phase": "compile_correctness"}
{"case": {"B": 2, "SEQ_LEN": 512, "H": 1, "HQ": 16, "D": 128, "S": 1, "block_size": 16, "is_causal": true}, "seed": 340, "status": "PASS", "call_event_ms": {"baseline": [0.019148799777030944, 0.018662400543689728, 0.018585599958896637, 0.018534399569034576], "candidate": [0.016332800686359405, 0.016307200491428375, 0.016358399391174318, 0.016204799711704253]}, "median_ms": {"baseline": 0.018624000251293182, "candidate": 0.01632000058889389}, "baseline_over_candidate": 1.1411764448076807}
{"case": {"B": 2, "SEQ_LEN": 1024, "H": 1, "HQ": 16, "D": 32, "S": 1, "block_size": 16, "is_causal": true}, "candidate": "baseline", "phase": "compile_correctness"}
{"case": {"B": 2, "SEQ_LEN": 1024, "H": 1, "HQ": 16, "D": 32, "S": 1, "block_size": 16, "is_causal": true}, "candidate": "candidate", "phase": "compile_correctness"}
2026-09-07 09:32:20  [TileLang:tilelang.cache.kernel_cache:WARNING] (kernel_cache.py:342): Found kernel 'kernel' in memory cache. For better performance, consider using `@tilelang.jit` instead of direct kernel caching.
{"case": {"B": 2, "SEQ_LEN": 1024, "H": 1, "HQ": 16, "D": 32, "S": 1, "block_size": 16, "is_causal": true}, "seed": 340, "status": "PASS", "call_event_ms": {"baseline": [0.011827199906110763, 0.010982400178909302, 0.010649599879980088, 0.010547199845314026], "candidate": [0.011084800213575363, 0.01085439994931221, 0.01085439994931221, 0.010700800269842149]}, "median_ms": {"baseline": 0.010816000029444696, "candidate": 0.01085439994931221}, "baseline_over_candidate": 0.9964622715169118}
{"case": {"B": 2, "SEQ_LEN": 1024, "H": 1, "HQ": 16, "D": 64, "S": 1, "block_size": 16, "is_causal": true}, "candidate": "baseline", "phase": "compile_correctness"}
{"case": {"B": 2, "SEQ_LEN": 1024, "H": 1, "HQ": 16, "D": 64, "S": 1, "block_size": 16, "is_causal": true}, "candidate": "candidate", "phase": "compile_correctness"}
2026-09-07 09:32:20  [TileLang:tilelang.cache.kernel_cache:WARNING] (kernel_cache.py:342): Found kernel 'kernel' in memory cache. For better performance, consider using `@tilelang.jit` instead of direct kernel caching.
{"case": {"B": 2, "SEQ_LEN": 1024, "H": 1, "HQ": 16, "D": 64, "S": 1, "block_size": 16, "is_causal": true}, "seed": 340, "status": "PASS", "call_event_ms": {"baseline": [0.01820160001516342, 0.01822720021009445, 0.01812479943037033, 0.018303999304771425], "candidate": [0.01822720021009445, 0.0179967999458313, 0.01825280040502548, 0.018406400084495546]}, "median_ms": {"baseline": 0.018214400112628936, "candidate": 0.018240000307559966}, "baseline_over_candidate": 0.9985964805647278}
{"case": {"B": 2, "SEQ_LEN": 1024, "H": 1, "HQ": 16, "D": 128, "S": 1, "block_size": 16, "is_causal": true}, "candidate": "baseline", "phase": "compile_correctness"}
{"case": {"B": 2, "SEQ_LEN": 1024, "H": 1, "HQ": 16, "D": 128, "S": 1, "block_size": 16, "is_causal": true}, "candidate": "candidate", "phase": "compile_correctness"}
{"case": {"B": 2, "SEQ_LEN": 1024, "H": 1, "HQ": 16, "D": 128, "S": 1, "block_size": 16, "is_causal": true}, "seed": 340, "status": "PASS", "call_event_ms": {"baseline": [0.03614720106124878, 0.03532800078392029, 0.035071998834609985, 0.0352512001991272], "candidate": [0.032102400064468385, 0.03136000037193298, 0.03136000037193298, 0.031488001346588135]}, "median_ms": {"baseline": 0.03528960049152374, "candidate": 0.03142400085926056}, "baseline_over_candidate": 1.1230142415530135}
{"case": {"B": 4, "SEQ_LEN": 64, "H": 1, "HQ": 16, "D": 32, "S": 1, "block_size": 16, "is_causal": true}, "candidate": "baseline", "phase": "compile_correctness"}
{"case": {"B": 4, "SEQ_LEN": 64, "H": 1, "HQ": 16, "D": 32, "S": 1, "block_size": 16, "is_causal": true}, "candidate": "candidate", "phase": "compile_correctness"}
2026-09-07 09:32:21  [TileLang:tilelang.cache.kernel_cache:WARNING] (kernel_cache.py:342): Found kernel 'kernel' in memory cache. For better performance, consider using `@tilelang.jit` instead of direct kernel caching.
{"case": {"B": 4, "SEQ_LEN": 64, "H": 1, "HQ": 16, "D": 32, "S": 1, "block_size": 16, "is_causal": true}, "seed": 340, "status": "PASS", "call_event_ms": {"baseline": [0.011417599767446518, 0.010751999914646149, 0.010982400178909302, 0.010623999685049058], "candidate": [0.011007999628782272, 0.01080320030450821, 0.010547199845314026, 0.01090560033917427]}, "median_ms": {"baseline": 0.010867200046777725, "candidate": 0.01085440032184124}, "baseline_over_candidate": 1.0011792199068548}
{"case": {"B": 4, "SEQ_LEN": 64, "H": 1, "HQ": 16, "D": 64, "S": 1, "block_size": 16, "is_causal": true}, "candidate": "baseline", "phase": "compile_correctness"}
{"case": {"B": 4, "SEQ_LEN": 64, "H": 1, "HQ": 16, "D": 64, "S": 1, "block_size": 16, "is_causal": true}, "candidate": "candidate", "phase": "compile_correctness"}
2026-09-07 09:32:21  [TileLang:tilelang.cache.kernel_cache:WARNING] (kernel_cache.py:342): Found kernel 'kernel' in memory cache. For better performance, consider using `@tilelang.jit` instead of direct kernel caching.
{"case": {"B": 4, "SEQ_LEN": 64, "H": 1, "HQ": 16, "D": 64, "S": 1, "block_size": 16, "is_causal": true}, "seed": 340, "status": "PASS", "call_event_ms": {"baseline": [0.011238399893045425, 0.010649599879980088, 0.010751999914646149, 0.010751999914646149], "candidate": [0.011135999858379365, 0.01080320030450821, 0.011033599823713302, 0.010726399719715118]}, "median_ms": {"baseline": 0.010751999914646149, "candidate": 0.010918400064110757}, "baseline_over_candidate": 0.9847596581470236}
{"case": {"B": 4, "SEQ_LEN": 64, "H": 1, "HQ": 16, "D": 128, "S": 1, "block_size": 16, "is_causal": true}, "candidate": "baseline", "phase": "compile_correctness"}
{"case": {"B": 4, "SEQ_LEN": 64, "H": 1, "HQ": 16, "D": 128, "S": 1, "block_size": 16, "is_causal": true}, "candidate": "candidate", "phase": "compile_correctness"}
{"case": {"B": 4, "SEQ_LEN": 64, "H": 1, "HQ": 16, "D": 128, "S": 1, "block_size": 16, "is_causal": true}, "seed": 340, "status": "PASS", "call_event_ms": {"baseline": [0.01228799968957901, 0.01157120019197464, 0.011443199962377549, 0.011673600226640702], "candidate": [0.011187200248241425, 0.01080320030450821, 0.010956799983978272, 0.01085439994931221]}, "median_ms": {"baseline": 0.01162240020930767, "candidate": 0.010905599966645241}, "baseline_over_candidate": 1.0657277219827208}
{"case": {"B": 4, "SEQ_LEN": 128, "H": 1, "HQ": 16, "D": 32, "S": 1, "block_size": 16, "is_causal": true}, "candidate": "baseline", "phase": "compile_correctness"}
{"case": {"B": 4, "SEQ_LEN": 128, "H": 1, "HQ": 16, "D": 32, "S": 1, "block_size": 16, "is_causal": true}, "candidate": "candidate", "phase": "compile_correctness"}
2026-09-07 09:32:21  [TileLang:tilelang.cache.kernel_cache:WARNING] (kernel_cache.py:342): Found kernel 'kernel' in memory cache. For better performance, consider using `@tilelang.jit` instead of direct kernel caching.
{"case": {"B": 4, "SEQ_LEN": 128, "H": 1, "HQ": 16, "D": 32, "S": 1, "block_size": 16, "is_causal": true}, "seed": 340, "status": "PASS", "call_event_ms": {"baseline": [0.011468800157308579, 0.010777600109577179, 0.010726399719715118, 0.010675200074911118], "candidate": [0.011161600053310395, 0.010572800040245056, 0.010598400235176086, 0.011724799871444702]}, "median_ms": {"baseline": 0.010751999914646149, "candidate": 0.01088000014424324}, "baseline_over_candidate": 0.988235273170946}
{"case": {"B": 4, "SEQ_LEN": 128, "H": 1, "HQ": 16, "D": 64, "S": 1, "block_size": 16, "is_causal": true}, "candidate": "baseline", "phase": "compile_correctness"}
{"case": {"B": 4, "SEQ_LEN": 128, "H": 1, "HQ": 16, "D": 64, "S": 1, "block_size": 16, "is_causal": true}, "candidate": "candidate", "phase": "compile_correctness"}
2026-09-07 09:32:22  [TileLang:tilelang.cache.kernel_cache:WARNING] (kernel_cache.py:342): Found kernel 'kernel' in memory cache. For better performance, consider using `@tilelang.jit` instead of direct kernel caching.
{"case": {"B": 4, "SEQ_LEN": 128, "H": 1, "HQ": 16, "D": 64, "S": 1, "block_size": 16, "is_causal": true}, "seed": 340, "status": "PASS", "call_event_ms": {"baseline": [0.011776000261306763, 0.010828799754381179, 0.01085439994931221, 0.01088000014424324], "candidate": [0.011392000317573547, 0.010982400178909302, 0.010982400178909302, 0.01085439994931221]}, "median_ms": {"baseline": 0.010867200046777725, "candidate": 0.010982400178909302}, "baseline_over_candidate": 0.989510477650158}
{"case": {"B": 4, "SEQ_LEN": 128, "H": 1, "HQ": 16, "D": 128, "S": 1, "block_size": 16, "is_causal": true}, "candidate": "baseline", "phase": "compile_correctness"}
{"case": {"B": 4, "SEQ_LEN": 128, "H": 1, "HQ": 16, "D": 128, "S": 1, "block_size": 16, "is_causal": true}, "candidate": "candidate", "phase": "compile_correctness"}
{"case": {"B": 4, "SEQ_LEN": 128, "H": 1, "HQ": 16, "D": 128, "S": 1, "block_size": 16, "is_causal": true}, "seed": 340, "status": "PASS", "call_event_ms": {"baseline": [0.013798399269580841, 0.013184000551700593, 0.013184000551700593, 0.013286399841308593], "candidate": [0.012671999633312225, 0.012390399724245072, 0.012544000148773193, 0.012492799758911132]}, "median_ms": {"baseline": 0.013235200196504593, "candidate": 0.012518399953842163}, "baseline_over_candidate": 1.05725973329702}
{"case": {"B": 4, "SEQ_LEN": 256, "H": 1, "HQ": 16, "D": 32, "S": 1, "block_size": 16, "is_causal": true}, "candidate": "baseline", "phase": "compile_correctness"}
{"case": {"B": 4, "SEQ_LEN": 256, "H": 1, "HQ": 16, "D": 32, "S": 1, "block_size": 16, "is_causal": true}, "candidate": "candidate", "phase": "compile_correctness"}
2026-09-07 09:32:22  [TileLang:tilelang.cache.kernel_cache:WARNING] (kernel_cache.py:342): Found kernel 'kernel' in memory cache. For better performance, consider using `@tilelang.jit` instead of direct kernel caching.
{"case": {"B": 4, "SEQ_LEN": 256, "H": 1, "HQ": 16, "D": 32, "S": 1, "block_size": 16, "is_causal": true}, "seed": 340, "status": "PASS", "call_event_ms": {"baseline": [0.011519999802112579, 0.01090560033917427, 0.011084800213575363, 0.01080320030450821], "candidate": [0.011007999628782272, 0.010649599879980088, 0.010726399719715118, 0.010956799983978272]}, "median_ms": {"baseline": 0.010995200276374816, "candidate": 0.010841599851846694}, "baseline_over_candidate": 1.0141676898822232}
{"case": {"B": 4, "SEQ_LEN": 256, "H": 1, "HQ": 16, "D": 64, "S": 1, "block_size": 16, "is_causal": true}, "candidate": "baseline", "phase": "compile_correctness"}
{"case": {"B": 4, "SEQ_LEN": 256, "H": 1, "HQ": 16, "D": 64, "S": 1, "block_size": 16, "is_causal": true}, "candidate": "candidate", "phase": "compile_correctness"}
2026-09-07 09:32:22  [TileLang:tilelang.cache.kernel_cache:WARNING] (kernel_cache.py:342): Found kernel 'kernel' in memory cache. For better performance, consider using `@tilelang.jit` instead of direct kernel caching.
{"case": {"B": 4, "SEQ_LEN": 256, "H": 1, "HQ": 16, "D": 64, "S": 1, "block_size": 16, "is_causal": true}, "seed": 340, "status": "PASS", "call_event_ms": {"baseline": [0.011903999745845795, 0.011084800213575363, 0.01088000014424324, 0.010700800269842149], "candidate": [0.011084800213575363, 0.011084800213575363, 0.01080320030450821, 0.01080320030450821]}, "median_ms": {"baseline": 0.0109824001789093, "candidate": 0.010944000259041787}, "baseline_over_candidate": 1.0035087645247256}
{"case": {"B": 4, "SEQ_LEN": 256, "H": 1, "HQ": 16, "D": 128, "S": 1, "block_size": 16, "is_causal": true}, "candidate": "baseline", "phase": "compile_correctness"}
{"case": {"B": 4, "SEQ_LEN": 256, "H": 1, "HQ": 16, "D": 128, "S": 1, "block_size": 16, "is_causal": true}, "candidate": "candidate", "phase": "compile_correctness"}
{"case": {"B": 4, "SEQ_LEN": 256, "H": 1, "HQ": 16, "D": 128, "S": 1, "block_size": 16, "is_causal": true}, "seed": 340, "status": "PASS", "call_event_ms": {"baseline": [0.019148799777030944, 0.018636800348758698, 0.018585599958896637, 0.018406400084495546], "candidate": [0.01676799952983856, 0.01646080017089844, 0.016383999586105348, 0.01656319946050644]}, "median_ms": {"baseline": 0.018611200153827667, "candidate": 0.01651199981570244}, "baseline_over_candidate": 1.1271318048422547}
{"case": {"B": 4, "SEQ_LEN": 512, "H": 1, "HQ": 16, "D": 32, "S": 1, "block_size": 16, "is_causal": true}, "candidate": "baseline", "phase": "compile_correctness"}
{"case": {"B": 4, "SEQ_LEN": 512, "H": 1, "HQ": 16, "D": 32, "S": 1, "block_size": 16, "is_causal": true}, "candidate": "candidate", "phase": "compile_correctness"}
2026-09-07 09:32:23  [TileLang:tilelang.cache.kernel_cache:WARNING] (kernel_cache.py:342): Found kernel 'kernel' in memory cache. For better performance, consider using `@tilelang.jit` instead of direct kernel caching.
{"case": {"B": 4, "SEQ_LEN": 512, "H": 1, "HQ": 16, "D": 32, "S": 1, "block_size": 16, "is_causal": true}, "seed": 340, "status": "PASS", "call_event_ms": {"baseline": [0.011801599711179733, 0.011187200248241425, 0.01090560033917427, 0.011443199962377549], "candidate": [0.011315199732780456, 0.011007999628782272, 0.010777600109577179, 0.010922899842262268]}, "median_ms": {"baseline": 0.011315200105309488, "candidate": 0.01096544973552227}, "baseline_over_candidate": 1.0318956703302566}
{"case": {"B": 4, "SEQ_LEN": 512, "H": 1, "HQ": 16, "D": 64, "S": 1, "block_size": 16, "is_causal": true}, "candidate": "baseline", "phase": "compile_correctness"}
{"case": {"B": 4, "SEQ_LEN": 512, "H": 1, "HQ": 16, "D": 64, "S": 1, "block_size": 16, "is_causal": true}, "candidate": "candidate", "phase": "compile_correctness"}
2026-09-07 09:32:23  [TileLang:tilelang.cache.kernel_cache:WARNING] (kernel_cache.py:342): Found kernel 'kernel' in memory cache. For better performance, consider using `@tilelang.jit` instead of direct kernel caching.
{"case": {"B": 4, "SEQ_LEN": 512, "H": 1, "HQ": 16, "D": 64, "S": 1, "block_size": 16, "is_causal": true}, "seed": 340, "status": "PASS", "call_event_ms": {"baseline": [0.017638400197029114, 0.017587199807167053, 0.017612800002098083, 0.017433600127696992], "candidate": [0.018303999304771425, 0.01817599982023239, 0.018355199694633485, 0.01802240014076233]}, "median_ms": {"baseline": 0.01759999990463257, "candidate": 0.018239999562501906}, "baseline_over_candidate": 0.9649122986173169}
{"case": {"B": 4, "SEQ_LEN": 512, "H": 1, "HQ": 16, "D": 128, "S": 1, "block_size": 16, "is_causal": true}, "candidate": "baseline", "phase": "compile_correctness"}
{"case": {"B": 4, "SEQ_LEN": 512, "H": 1, "HQ": 16, "D": 128, "S": 1, "block_size": 16, "is_causal": true}, "candidate": "candidate", "phase": "compile_correctness"}
{"case": {"B": 4, "SEQ_LEN": 512, "H": 1, "HQ": 16, "D": 128, "S": 1, "block_size": 16, "is_causal": true}, "seed": 340, "status": "PASS", "call_event_ms": {"baseline": [0.03612160086631775, 0.034790399670600894, 0.03473919928073883, 0.03537920117378235], "candidate": [0.03115519881248474, 0.0304639995098114, 0.031206399202346802, 0.030867400765419006]}, "median_ms": {"baseline": 0.03508480042219162, "candidate": 0.031011299788951875}, "baseline_over_candidate": 1.131355365978274}
{"case": {"B": 4, "SEQ_LEN": 1024, "H": 1, "HQ": 16, "D": 32, "S": 1, "block_size": 16, "is_causal": true}, "candidate": "baseline", "phase": "compile_correctness"}
{"case": {"B": 4, "SEQ_LEN": 1024, "H": 1, "HQ": 16, "D": 32, "S": 1, "block_size": 16, "is_causal": true}, "candidate": "candidate", "phase": "compile_correctness"}
2026-09-07 09:32:23  [TileLang:tilelang.cache.kernel_cache:WARNING] (kernel_cache.py:342): Found kernel 'kernel' in memory cache. For better performance, consider using `@tilelang.jit` instead of direct kernel caching.
{"case": {"B": 4, "SEQ_LEN": 1024, "H": 1, "HQ": 16, "D": 32, "S": 1, "block_size": 16, "is_causal": true}, "seed": 340, "status": "PASS", "call_event_ms": {"baseline": [0.01520639955997467, 0.0152319997549057, 0.015078400075435639, 0.015027199685573579], "candidate": [0.014924800395965577, 0.015027199685573579, 0.014847999811172486, 0.014899200201034546]}, "median_ms": {"baseline": 0.015142399817705154, "candidate": 0.014912000298500061}, "baseline_over_candidate": 1.0154506112253947}
{"case": {"B": 4, "SEQ_LEN": 1024, "H": 1, "HQ": 16, "D": 64, "S": 1, "block_size": 16, "is_causal": true}, "candidate": "baseline", "phase": "compile_correctness"}
{"case": {"B": 4, "SEQ_LEN": 1024, "H": 1, "HQ": 16, "D": 64, "S": 1, "block_size": 16, "is_causal": true}, "candidate": "candidate", "phase": "compile_correctness"}
2026-09-07 09:32:24  [TileLang:tilelang.cache.kernel_cache:WARNING] (kernel_cache.py:342): Found kernel 'kernel' in memory cache. For better performance, consider using `@tilelang.jit` instead of direct kernel caching.
{"case": {"B": 4, "SEQ_LEN": 1024, "H": 1, "HQ": 16, "D": 64, "S": 1, "block_size": 16, "is_causal": true}, "seed": 340, "status": "PASS", "call_event_ms": {"baseline": [0.029440000653266907, 0.029491201043128967, 0.02910720109939575, 0.02956799864768982], "candidate": [0.030822399258613586, 0.030924800038337707, 0.03033599853515625, 0.030796799063682555]}, "median_ms": {"baseline": 0.029465600848197937, "candidate": 0.03080959916114807}, "baseline_over_candidate": 0.9563772866397768}
{"case": {"B": 4, "SEQ_LEN": 1024, "H": 1, "HQ": 16, "D": 128, "S": 1, "block_size": 16, "is_causal": true}, "candidate": "baseline", "phase": "compile_correctness"}
{"case": {"B": 4, "SEQ_LEN": 1024, "H": 1, "HQ": 16, "D": 128, "S": 1, "block_size": 16, "is_causal": true}, "candidate": "candidate", "phase": "compile_correctness"}
{"case": {"B": 4, "SEQ_LEN": 1024, "H": 1, "HQ": 16, "D": 128, "S": 1, "block_size": 16, "is_causal": true}, "seed": 340, "status": "PASS", "call_event_ms": {"baseline": [0.05532159805297852, 0.05493760108947754, 0.05509120225906372, 0.05537279844284058], "candidate": [0.05025280117988586, 0.04999679923057556, 0.05009920001029968, 0.05015040040016174]}, "median_ms": {"baseline": 0.055206400156021115, "candidate": 0.05012480020523071}, "baseline_over_candidate": 1.1013789567237042}
{"case": {"B": 8, "SEQ_LEN": 64, "H": 1, "HQ": 16, "D": 32, "S": 1, "block_size": 16, "is_causal": true}, "candidate": "baseline", "phase": "compile_correctness"}
{"case": {"B": 8, "SEQ_LEN": 64, "H": 1, "HQ": 16, "D": 32, "S": 1, "block_size": 16, "is_causal": true}, "candidate": "candidate", "phase": "compile_correctness"}
2026-09-07 09:32:24  [TileLang:tilelang.cache.kernel_cache:WARNING] (kernel_cache.py:342): Found kernel 'kernel' in memory cache. For better performance, consider using `@tilelang.jit` instead of direct kernel caching.
{"case": {"B": 8, "SEQ_LEN": 64, "H": 1, "HQ": 16, "D": 32, "S": 1, "block_size": 16, "is_causal": true}, "seed": 340, "status": "PASS", "call_event_ms": {"baseline": [0.011468800157308579, 0.010726399719715118, 0.010649599879980088, 0.01080320030450821], "candidate": [0.01088000014424324, 0.010623999685049058, 0.010982400178909302, 0.01080320030450821]}, "median_ms": {"baseline": 0.010764800012111664, "candidate": 0.010841600224375724}, "baseline_over_candidate": 0.9929161553022969}
{"case": {"B": 8, "SEQ_LEN": 64, "H": 1, "HQ": 16, "D": 64, "S": 1, "block_size": 16, "is_causal": true}, "candidate": "baseline", "phase": "compile_correctness"}
{"case": {"B": 8, "SEQ_LEN": 64, "H": 1, "HQ": 16, "D": 64, "S": 1, "block_size": 16, "is_causal": true}, "candidate": "candidate", "phase": "compile_correctness"}
2026-09-07 09:32:24  [TileLang:tilelang.cache.kernel_cache:WARNING] (kernel_cache.py:342): Found kernel 'kernel' in memory cache. For better performance, consider using `@tilelang.jit` instead of direct kernel caching.
{"case": {"B": 8, "SEQ_LEN": 64, "H": 1, "HQ": 16, "D": 64, "S": 1, "block_size": 16, "is_causal": true}, "seed": 340, "status": "PASS", "call_event_ms": {"baseline": [0.011648000031709672, 0.010777600109577179, 0.010572800040245056, 0.010623999685049058], "candidate": [0.011212799698114395, 0.01090560033917427, 0.01085439994931221, 0.010726399719715118]}, "median_ms": {"baseline": 0.010700799897313118, "candidate": 0.01088000014424324}, "baseline_over_candidate": 0.9835293892872843}
{"case": {"B": 8, "SEQ_LEN": 64, "H": 1, "HQ": 16, "D": 128, "S": 1, "block_size": 16, "is_causal": true}, "candidate": "baseline", "phase": "compile_correctness"}
{"case": {"B": 8, "SEQ_LEN": 64, "H": 1, "HQ": 16, "D": 128, "S": 1, "block_size": 16, "is_causal": true}, "candidate": "candidate", "phase": "compile_correctness"}
{"case": {"B": 8, "SEQ_LEN": 64, "H": 1, "HQ": 16, "D": 128, "S": 1, "block_size": 16, "is_causal": true}, "seed": 340, "status": "PASS", "call_event_ms": {"baseline": [0.013823999464511872, 0.013158400356769562, 0.0130048006772995, 0.013081599771976472], "candidate": [0.012671999633312225, 0.012415999919176102, 0.012211199849843979, 0.01228799968957901]}, "median_ms": {"baseline": 0.013120000064373017, "candidate": 0.012351999804377557}, "baseline_over_candidate": 1.0621761878366676}
{"case": {"B": 8, "SEQ_LEN": 128, "H": 1, "HQ": 16, "D": 32, "S": 1, "block_size": 16, "is_causal": true}, "candidate": "baseline", "phase": "compile_correctness"}
{"case": {"B": 8, "SEQ_LEN": 128, "H": 1, "HQ": 16, "D": 32, "S": 1, "block_size": 16, "is_causal": true}, "candidate": "candidate", "phase": "compile_correctness"}
2026-09-07 09:32:25  [TileLang:tilelang.cache.kernel_cache:WARNING] (kernel_cache.py:342): Found kernel 'kernel' in memory cache. For better performance, consider using `@tilelang.jit` instead of direct kernel caching.
{"case": {"B": 8, "SEQ_LEN": 128, "H": 1, "HQ": 16, "D": 32, "S": 1, "block_size": 16, "is_causal": true}, "seed": 340, "status": "PASS", "call_event_ms": {"baseline": [0.011699199676513672, 0.01080320030450821, 0.010572800040245056, 0.010547199845314026], "candidate": [0.010931199789047242, 0.010726399719715118, 0.010700800269842149, 0.010598400235176086]}, "median_ms": {"baseline": 0.010688000172376633, "candidate": 0.010713599994778633}, "baseline_over_candidate": 0.9976105303152557}
{"case": {"B": 8, "SEQ_LEN": 128, "H": 1, "HQ": 16, "D": 64, "S": 1, "block_size": 16, "is_causal": true}, "candidate": "baseline", "phase": "compile_correctness"}
{"case": {"B": 8, "SEQ_LEN": 128, "H": 1, "HQ": 16, "D": 64, "S": 1, "block_size": 16, "is_causal": true}, "candidate": "candidate", "phase": "compile_correctness"}
2026-09-07 09:32:25  [TileLang:tilelang.cache.kernel_cache:WARNING] (kernel_cache.py:342): Found kernel 'kernel' in memory cache. For better performance, consider using `@tilelang.jit` instead of direct kernel caching.
{"case": {"B": 8, "SEQ_LEN": 128, "H": 1, "HQ": 16, "D": 64, "S": 1, "block_size": 16, "is_causal": true}, "seed": 340, "status": "PASS", "call_event_ms": {"baseline": [0.011468800157308579, 0.010751999914646149, 0.010700800269842149, 0.011084800213575363], "candidate": [0.010982400178909302, 0.011289600282907486, 0.010931199789047242, 0.011084800213575363]}, "median_ms": {"baseline": 0.010918400064110757, "candidate": 0.011033600196242332}, "baseline_over_candidate": 0.9895591529434963}
{"case": {"B": 8, "SEQ_LEN": 128, "H": 1, "HQ": 16, "D": 128, "S": 1, "block_size": 16, "is_causal": true}, "candidate": "baseline", "phase": "compile_correctness"}
{"case": {"B": 8, "SEQ_LEN": 128, "H": 1, "HQ": 16, "D": 128, "S": 1, "block_size": 16, "is_causal": true}, "candidate": "candidate", "phase": "compile_correctness"}
{"case": {"B": 8, "SEQ_LEN": 128, "H": 1, "HQ": 16, "D": 128, "S": 1, "block_size": 16, "is_causal": true}, "seed": 340, "status": "PASS", "call_event_ms": {"baseline": [0.019174399971961974, 0.018713599443435668, 0.018764799833297728, 0.018739199638366698], "candidate": [0.01666560024023056, 0.016307200491428375, 0.016281600296497344, 0.016230399906635284]}, "median_ms": {"baseline": 0.018751999735832213, "candidate": 0.01629440039396286}, "baseline_over_candidate": 1.1508247792155581}
{"case": {"B": 8, "SEQ_LEN": 256, "H": 1, "HQ": 16, "D": 32, "S": 1, "block_size": 16, "is_causal": true}, "candidate": "baseline", "phase": "compile_correctness"}
{"case": {"B": 8, "SEQ_LEN": 256, "H": 1, "HQ": 16, "D": 32, "S": 1, "block_size": 16, "is_causal": true}, "candidate": "candidate", "phase": "compile_correctness"}
2026-09-07 09:32:25  [TileLang:tilelang.cache.kernel_cache:WARNING] (kernel_cache.py:342): Found kernel 'kernel' in memory cache. For better performance, consider using `@tilelang.jit` instead of direct kernel caching.
{"case": {"B": 8, "SEQ_LEN": 256, "H": 1, "HQ": 16, "D": 32, "S": 1, "block_size": 16, "is_causal": true}, "seed": 340, "status": "PASS", "call_event_ms": {"baseline": [0.011699199676513672, 0.010956799983978272, 0.010700800269842149, 0.01085439994931221], "candidate": [0.011007999628782272, 0.010726399719715118, 0.010777600109577179, 0.01090560033917427]}, "median_ms": {"baseline": 0.010905599966645241, "candidate": 0.010841600224375724}, "baseline_over_candidate": 1.0059031638268328}
{"case": {"B": 8, "SEQ_LEN": 256, "H": 1, "HQ": 16, "D": 64, "S": 1, "block_size": 16, "is_causal": true}, "candidate": "baseline", "phase": "compile_correctness"}
{"case": {"B": 8, "SEQ_LEN": 256, "H": 1, "HQ": 16, "D": 64, "S": 1, "block_size": 16, "is_causal": true}, "candidate": "candidate", "phase": "compile_correctness"}
2026-09-07 09:32:26  [TileLang:tilelang.cache.kernel_cache:WARNING] (kernel_cache.py:342): Found kernel 'kernel' in memory cache. For better performance, consider using `@tilelang.jit` instead of direct kernel caching.
{"case": {"B": 8, "SEQ_LEN": 256, "H": 1, "HQ": 16, "D": 64, "S": 1, "block_size": 16, "is_causal": true}, "seed": 340, "status": "PASS", "call_event_ms": {"baseline": [0.017535999417304993, 0.017484800517559053, 0.017280000448226928, 0.01825280040502548], "candidate": [0.0179967999458313, 0.017894400656223296, 0.017740799486637114, 0.0179967999458313]}, "median_ms": {"baseline": 0.017510399967432023, "candidate": 0.0179456003010273}, "baseline_over_candidate": 0.9757489119174039}
{"case": {"B": 8, "SEQ_LEN": 256, "H": 1, "HQ": 16, "D": 128, "S": 1, "block_size": 16, "is_causal": true}, "candidate": "baseline", "phase": "compile_correctness"}
{"case": {"B": 8, "SEQ_LEN": 256, "H": 1, "HQ": 16, "D": 128, "S": 1, "block_size": 16, "is_causal": true}, "candidate": "candidate", "phase": "compile_correctness"}
{"case": {"B": 8, "SEQ_LEN": 256, "H": 1, "HQ": 16, "D": 128, "S": 1, "block_size": 16, "is_causal": true}, "seed": 340, "status": "PASS", "call_event_ms": {"baseline": [0.03617280125617981, 0.03540480136871338, 0.03530240058898926, 0.0352512001991272], "candidate": [0.031206399202346802, 0.030950400233268737, 0.030694401264190672, 0.030796799063682555]}, "median_ms": {"baseline": 0.03535360097885132, "candidate": 0.030873599648475646}, "baseline_over_candidate": 1.1451078391047564}
{"case": {"B": 8, "SEQ_LEN": 512, "H": 1, "HQ": 16, "D": 32, "S": 1, "block_size": 16, "is_causal": true}, "candidate": "baseline", "phase": "compile_correctness"}
{"case": {"B": 8, "SEQ_LEN": 512, "H": 1, "HQ": 16, "D": 32, "S": 1, "block_size": 16, "is_causal": true}, "candidate": "candidate", "phase": "compile_correctness"}
2026-09-07 09:32:26  [TileLang:tilelang.cache.kernel_cache:WARNING] (kernel_cache.py:342): Found kernel 'kernel' in memory cache. For better performance, consider using `@tilelang.jit` instead of direct kernel caching.
{"case": {"B": 8, "SEQ_LEN": 512, "H": 1, "HQ": 16, "D": 32, "S": 1, "block_size": 16, "is_causal": true}, "seed": 340, "status": "PASS", "call_event_ms": {"baseline": [0.015027199685573579, 0.014924800395965577, 0.014899200201034546, 0.014873600006103516], "candidate": [0.01510400027036667, 0.015027199685573579, 0.014899200201034546, 0.014924800395965577]}, "median_ms": {"baseline": 0.014912000298500061, "candidate": 0.014976000040769578}, "baseline_over_candidate": 0.9957265129476971}
{"case": {"B": 8, "SEQ_LEN": 512, "H": 1, "HQ": 16, "D": 64, "S": 1, "block_size": 16, "is_causal": true}, "candidate": "baseline", "phase": "compile_correctness"}
{"case": {"B": 8, "SEQ_LEN": 512, "H": 1, "HQ": 16, "D": 64, "S": 1, "block_size": 16, "is_causal": true}, "candidate": "candidate", "phase": "compile_correctness"}
2026-09-07 09:32:26  [TileLang:tilelang.cache.kernel_cache:WARNING] (kernel_cache.py:342): Found kernel 'kernel' in memory cache. For better performance, consider using `@tilelang.jit` instead of direct kernel caching.
{"case": {"B": 8, "SEQ_LEN": 512, "H": 1, "HQ": 16, "D": 64, "S": 1, "block_size": 16, "is_causal": true}, "seed": 340, "status": "PASS", "call_event_ms": {"baseline": [0.029465600848197937, 0.02969599962234497, 0.029491201043128967, 0.029772800207138062], "candidate": [0.03041279911994934, 0.030873599648475646, 0.030745598673820495, 0.030899199843406677]}, "median_ms": {"baseline": 0.029593600332736968, "candidate": 0.03080959916114807}, "baseline_over_candidate": 0.9605318192537695}
{"case": {"B": 8, "SEQ_LEN": 512, "H": 1, "HQ": 16, "D": 128, "S": 1, "block_size": 16, "is_causal": true}, "candidate": "baseline", "phase": "compile_correctness"}
{"case": {"B": 8, "SEQ_LEN": 512, "H": 1, "HQ": 16, "D": 128, "S": 1, "block_size": 16, "is_causal": true}, "candidate": "candidate", "phase": "compile_correctness"}
{"case": {"B": 8, "SEQ_LEN": 512, "H": 1, "HQ": 16, "D": 128, "S": 1, "block_size": 16, "is_causal": true}, "seed": 340, "status": "PASS", "call_event_ms": {"baseline": [0.05611519813537598, 0.05537279844284058, 0.05534719824790955, 0.05537279844284058], "candidate": [0.05012480020523071, 0.05071359872817993, 0.04976640045642853, 0.05017600059509277]}, "median_ms": {"baseline": 0.05537279844284058, "candidate": 0.05015040040016174}, "baseline_over_candidate": 1.1041347227740577}
{"case": {"B": 8, "SEQ_LEN": 1024, "H": 1, "HQ": 16, "D": 32, "S": 1, "block_size": 16, "is_causal": true}, "candidate": "baseline", "phase": "compile_correctness"}
{"case": {"B": 8, "SEQ_LEN": 1024, "H": 1, "HQ": 16, "D": 32, "S": 1, "block_size": 16, "is_causal": true}, "candidate": "candidate", "phase": "compile_correctness"}
2026-09-07 09:32:27  [TileLang:tilelang.cache.kernel_cache:WARNING] (kernel_cache.py:342): Found kernel 'kernel' in memory cache. For better performance, consider using `@tilelang.jit` instead of direct kernel caching.
{"case": {"B": 8, "SEQ_LEN": 1024, "H": 1, "HQ": 16, "D": 32, "S": 1, "block_size": 16, "is_causal": true}, "seed": 340, "status": "PASS", "call_event_ms": {"baseline": [0.024447999894618988, 0.02467840015888214, 0.02457599937915802, 0.0247296005487442], "candidate": [0.02462719976902008, 0.02457599937915802, 0.02467840015888214, 0.02470400035381317]}, "median_ms": {"baseline": 0.02462719976902008, "candidate": 0.02465279996395111}, "baseline_over_candidate": 0.9989615704922579}
{"case": {"B": 8, "SEQ_LEN": 1024, "H": 1, "HQ": 16, "D": 64, "S": 1, "block_size": 16, "is_causal": true}, "candidate": "baseline", "phase": "compile_correctness"}
{"case": {"B": 8, "SEQ_LEN": 1024, "H": 1, "HQ": 16, "D": 64, "S": 1, "block_size": 16, "is_causal": true}, "candidate": "candidate", "phase": "compile_correctness"}
2026-09-07 09:32:27  [TileLang:tilelang.cache.kernel_cache:WARNING] (kernel_cache.py:342): Found kernel 'kernel' in memory cache. For better performance, consider using `@tilelang.jit` instead of direct kernel caching.
{"case": {"B": 8, "SEQ_LEN": 1024, "H": 1, "HQ": 16, "D": 64, "S": 1, "block_size": 16, "is_causal": true}, "seed": 340, "status": "PASS", "call_event_ms": {"baseline": [0.04840959906578064, 0.048742398619651794, 0.048563200235366824, 0.0489984005689621], "candidate": [0.04915199875831604, 0.04902400076389313, 0.04912639856338501, 0.04958719909191132]}, "median_ms": {"baseline": 0.04865279942750931, "candidate": 0.04913919866085052}, "baseline_over_candidate": 0.9901016042874804}
{"case": {"B": 8, "SEQ_LEN": 1024, "H": 1, "HQ": 16, "D": 128, "S": 1, "block_size": 16, "is_causal": true}, "candidate": "baseline", "phase": "compile_correctness"}
{"case": {"B": 8, "SEQ_LEN": 1024, "H": 1, "HQ": 16, "D": 128, "S": 1, "block_size": 16, "is_causal": true}, "candidate": "candidate", "phase": "compile_correctness"}
{"case": {"B": 8, "SEQ_LEN": 1024, "H": 1, "HQ": 16, "D": 128, "S": 1, "block_size": 16, "is_causal": true}, "seed": 340, "status": "PASS", "call_event_ms": {"baseline": [0.09804800152778625, 0.09717760086059571, 0.09735680222511292, 0.09733120203018189], "candidate": [0.08814079761505127, 0.0877568006515503, 0.08880640268325805, 0.08744959831237793]}, "median_ms": {"baseline": 0.0973440021276474, "candidate": 0.08794879913330078}, "baseline_over_candidate": 1.1068258246494833}
{"case": {"B": 1, "SEQ_LEN": 256, "H": 1, "HQ": 16, "D": 64, "S": 1, "block_size": 32, "is_causal": true}, "candidate": "baseline", "phase": "compile_correctness"}
{"case": {"B": 1, "SEQ_LEN": 256, "H": 1, "HQ": 16, "D": 64, "S": 1, "block_size": 32, "is_causal": true}, "candidate": "candidate", "phase": "compile_correctness"}
2026-09-07 09:32:28  [TileLang:tilelang.cache.kernel_cache:WARNING] (kernel_cache.py:342): Found kernel 'kernel' in memory cache. For better performance, consider using `@tilelang.jit` instead of direct kernel caching.
{"case": {"B": 1, "SEQ_LEN": 256, "H": 1, "HQ": 16, "D": 64, "S": 1, "block_size": 32, "is_causal": true}, "seed": 340, "status": "PASS", "call_event_ms": {"baseline": [0.011494400352239609, 0.01085439994931221, 0.01090560033917427, 0.011110399663448334], "candidate": [0.011135999858379365, 0.01085439994931221, 0.01085439994931221, 0.011903999745845795]}, "median_ms": {"baseline": 0.011008000001311302, "candidate": 0.010995199903845787}, "baseline_over_candidate": 1.00116415322845}
{"case": {"B": 1, "SEQ_LEN": 256, "H": 1, "HQ": 16, "D": 64, "S": 1, "block_size": 64, "is_causal": true}, "candidate": "baseline", "phase": "compile_correctness"}
{"case": {"B": 1, "SEQ_LEN": 256, "H": 1, "HQ": 16, "D": 64, "S": 1, "block_size": 64, "is_causal": true}, "candidate": "candidate", "phase": "compile_correctness"}
2026-09-07 09:32:28  [TileLang:tilelang.cache.kernel_cache:WARNING] (kernel_cache.py:342): Found kernel 'kernel' in memory cache. For better performance, consider using `@tilelang.jit` instead of direct kernel caching.
{"case": {"B": 1, "SEQ_LEN": 256, "H": 1, "HQ": 16, "D": 64, "S": 1, "block_size": 64, "is_causal": true}, "seed": 340, "status": "PASS", "call_event_ms": {"baseline": [0.014361600577831268, 0.013926400244235993, 0.013900800049304963, 0.013977600634098053], "candidate": [0.014207999408245086, 0.014054399728775025, 0.014054399728775025, 0.013952000439167023]}, "median_ms": {"baseline": 0.013952000439167023, "candidate": 0.014054399728775025}, "baseline_over_candidate": 0.9927140759061841}
{"case": {"B": 1, "SEQ_LEN": 512, "H": 1, "HQ": 16, "D": 64, "S": 1, "block_size": 32, "is_causal": true}, "candidate": "baseline", "phase": "compile_correctness"}
{"case": {"B": 1, "SEQ_LEN": 512, "H": 1, "HQ": 16, "D": 64, "S": 1, "block_size": 32, "is_causal": true}, "candidate": "candidate", "phase": "compile_correctness"}
2026-09-07 09:32:28  [TileLang:tilelang.cache.kernel_cache:WARNING] (kernel_cache.py:342): Found kernel 'kernel' in memory cache. For better performance, consider using `@tilelang.jit` instead of direct kernel caching.
{"case": {"B": 1, "SEQ_LEN": 512, "H": 1, "HQ": 16, "D": 64, "S": 1, "block_size": 32, "is_causal": true}, "seed": 340, "status": "PASS", "call_event_ms": {"baseline": [0.011776000261306763, 0.010675200074911118, 0.010751999914646149, 0.010649599879980088], "candidate": [0.010982400178909302, 0.010777600109577179, 0.010726399719715118, 0.010649599879980088]}, "median_ms": {"baseline": 0.010713599994778633, "candidate": 0.010751999914646149}, "baseline_over_candidate": 0.996428578853018}
{"case": {"B": 1, "SEQ_LEN": 512, "H": 1, "HQ": 16, "D": 64, "S": 1, "block_size": 64, "is_causal": true}, "candidate": "baseline", "phase": "compile_correctness"}
{"case": {"B": 1, "SEQ_LEN": 512, "H": 1, "HQ": 16, "D": 64, "S": 1, "block_size": 64, "is_causal": true}, "candidate": "candidate", "phase": "compile_correctness"}
2026-09-07 09:32:28  [TileLang:tilelang.cache.kernel_cache:WARNING] (kernel_cache.py:342): Found kernel 'kernel' in memory cache. For better performance, consider using `@tilelang.jit` instead of direct kernel caching.
{"case": {"B": 1, "SEQ_LEN": 512, "H": 1, "HQ": 16, "D": 64, "S": 1, "block_size": 64, "is_causal": true}, "seed": 340, "status": "PASS", "call_event_ms": {"baseline": [0.01669120043516159, 0.01643519997596741, 0.016281600296497344, 0.016358399391174318], "candidate": [0.01648640036582947, 0.016358399391174318, 0.016307200491428375, 0.01646080017089844]}, "median_ms": {"baseline": 0.016396799683570863, "candidate": 0.01640959978103638}, "baseline_over_candidate": 0.999219962848801}
{"case": {"B": 1, "SEQ_LEN": 512, "H": 1, "HQ": 16, "D": 128, "S": 1, "block_size": 32, "is_causal": true}, "candidate": "baseline", "phase": "compile_correctness"}
{"case": {"B": 1, "SEQ_LEN": 512, "H": 1, "HQ": 16, "D": 128, "S": 1, "block_size": 32, "is_causal": true}, "candidate": "candidate", "phase": "compile_correctness"}
{"case": {"B": 1, "SEQ_LEN": 512, "H": 1, "HQ": 16, "D": 128, "S": 1, "block_size": 32, "is_causal": true}, "seed": 340, "status": "PASS", "call_event_ms": {"baseline": [0.018329599499702455, 0.017740799486637114, 0.017766399681568144, 0.017766399681568144], "candidate": [0.016383999586105348, 0.016025599837303162, 0.016102400422096253, 0.01594880074262619]}, "median_ms": {"baseline": 0.017766399681568144, "candidate": 0.016064000129699708}, "baseline_over_candidate": 1.1059760668652496}
{"case": {"B": 2, "SEQ_LEN": 256, "H": 1, "HQ": 16, "D": 64, "S": 1, "block_size": 64, "is_causal": true}, "candidate": "baseline", "phase": "compile_correctness"}
{"case": {"B": 2, "SEQ_LEN": 256, "H": 1, "HQ": 16, "D": 64, "S": 1, "block_size": 64, "is_causal": true}, "candidate": "candidate", "phase": "compile_correctness"}
2026-09-07 09:32:29  [TileLang:tilelang.cache.kernel_cache:WARNING] (kernel_cache.py:342): Found kernel 'kernel' in memory cache. For better performance, consider using `@tilelang.jit` instead of direct kernel caching.
{"case": {"B": 2, "SEQ_LEN": 256, "H": 1, "HQ": 16, "D": 64, "S": 1, "block_size": 64, "is_causal": true}, "seed": 340, "status": "PASS", "call_event_ms": {"baseline": [0.016204799711704253, 0.016256000101566314, 0.016256000101566314, 0.016256000101566314], "candidate": [0.016332800686359405, 0.016358399391174318, 0.016383999586105348, 0.016358399391174318]}, "median_ms": {"baseline": 0.016256000101566314, "candidate": 0.016358399391174318}, "baseline_over_candidate": 0.9937402622860981}
{"case": {"B": 4, "SEQ_LEN": 128, "H": 1, "HQ": 16, "D": 64, "S": 1, "block_size": 32, "is_causal": true}, "candidate": "baseline", "phase": "compile_correctness"}
{"case": {"B": 4, "SEQ_LEN": 128, "H": 1, "HQ": 16, "D": 64, "S": 1, "block_size": 32, "is_causal": true}, "candidate": "candidate", "phase": "compile_correctness"}
2026-09-07 09:32:29  [TileLang:tilelang.cache.kernel_cache:WARNING] (kernel_cache.py:342): Found kernel 'kernel' in memory cache. For better performance, consider using `@tilelang.jit` instead of direct kernel caching.
{"case": {"B": 4, "SEQ_LEN": 128, "H": 1, "HQ": 16, "D": 64, "S": 1, "block_size": 32, "is_causal": true}, "seed": 340, "status": "PASS", "call_event_ms": {"baseline": [0.011724799871444702, 0.010726399719715118, 0.01090560033917427, 0.010726399719715118], "candidate": [0.010931199789047242, 0.01085439994931221, 0.01080320030450821, 0.01080320030450821]}, "median_ms": {"baseline": 0.010816000029444694, "candidate": 0.01082880012691021}, "baseline_over_candidate": 0.9988179579163433}
{"case": {"B": 4, "SEQ_LEN": 128, "H": 1, "HQ": 16, "D": 64, "S": 1, "block_size": 64, "is_causal": true}, "candidate": "baseline", "phase": "compile_correctness"}
{"case": {"B": 4, "SEQ_LEN": 128, "H": 1, "HQ": 16, "D": 64, "S": 1, "block_size": 64, "is_causal": true}, "candidate": "candidate", "phase": "compile_correctness"}
2026-09-07 09:32:29  [TileLang:tilelang.cache.kernel_cache:WARNING] (kernel_cache.py:342): Found kernel 'kernel' in memory cache. For better performance, consider using `@tilelang.jit` instead of direct kernel caching.
{"case": {"B": 4, "SEQ_LEN": 128, "H": 1, "HQ": 16, "D": 64, "S": 1, "block_size": 64, "is_causal": true}, "seed": 340, "status": "PASS", "call_event_ms": {"baseline": [0.01658879965543747, 0.01640959978103638, 0.01646080017089844, 0.01640959978103638], "candidate": [0.01653759926557541, 0.01643519997596741, 0.016383999586105348, 0.01640959978103638]}, "median_ms": {"baseline": 0.01643519997596741, "candidate": 0.016422399878501893}, "baseline_over_candidate": 1.0007794291674916}
{"case": {"B": 2, "SEQ_LEN": 512, "H": 1, "HQ": 16, "D": 128, "S": 1, "block_size": 32, "is_causal": true}, "candidate": "baseline", "phase": "compile_correctness"}
{"case": {"B": 2, "SEQ_LEN": 512, "H": 1, "HQ": 16, "D": 128, "S": 1, "block_size": 32, "is_causal": true}, "candidate": "candidate", "phase": "compile_correctness"}
{"case": {"B": 2, "SEQ_LEN": 512, "H": 1, "HQ": 16, "D": 128, "S": 1, "block_size": 32, "is_causal": true}, "seed": 340, "status": "PASS", "call_event_ms": {"baseline": [0.024243199825286867, 0.02385919988155365, 0.02378239929676056, 0.02378239929676056], "candidate": [0.021529600024223328, 0.021503999829292297, 0.021427200734615327, 0.021324799954891206]}, "median_ms": {"baseline": 0.023820799589157105, "candidate": 0.021465600281953812}, "baseline_over_candidate": 1.1097197039107878}
{"case": {"B": 4, "SEQ_LEN": 1024, "H": 1, "HQ": 16, "D": 128, "S": 1, "block_size": 32, "is_causal": true}, "candidate": "baseline", "phase": "compile_correctness"}
{"case": {"B": 4, "SEQ_LEN": 1024, "H": 1, "HQ": 16, "D": 128, "S": 1, "block_size": 32, "is_causal": true}, "candidate": "candidate", "phase": "compile_correctness"}
{"case": {"B": 4, "SEQ_LEN": 1024, "H": 1, "HQ": 16, "D": 128, "S": 1, "block_size": 32, "is_causal": true}, "seed": 340, "status": "PASS", "call_event_ms": {"baseline": [0.0804095983505249, 0.07982079982757569, 0.07979519963264466, 0.07994880080223084], "candidate": [0.06103039979934692, 0.06090239882469177, 0.06087679862976074, 0.06123520135879516]}, "median_ms": {"baseline": 0.07988480031490326, "candidate": 0.060966399312019345}, "baseline_over_candidate": 1.3103086489668123}
{"case": {"B": 8, "SEQ_LEN": 512, "H": 1, "HQ": 16, "D": 128, "S": 1, "block_size": 32, "is_causal": true}, "candidate": "baseline", "phase": "compile_correctness"}
{"case": {"B": 8, "SEQ_LEN": 512, "H": 1, "HQ": 16, "D": 128, "S": 1, "block_size": 32, "is_causal": true}, "candidate": "candidate", "phase": "compile_correctness"}
{"case": {"B": 8, "SEQ_LEN": 512, "H": 1, "HQ": 16, "D": 128, "S": 1, "block_size": 32, "is_causal": true}, "seed": 340, "status": "PASS", "call_event_ms": {"baseline": [0.08081920146942138, 0.08058879971504211, 0.08025599718093872, 0.08007680177688599], "candidate": [0.06095359921455383, 0.06062080264091492, 0.0609279990196228, 0.06074879765510559]}, "median_ms": {"baseline": 0.08042239844799041, "candidate": 0.060838398337364194}, "baseline_over_candidate": 1.3219019672744838}
{"case": {"B": 1, "SEQ_LEN": 256, "H": 2, "HQ": 32, "D": 64, "S": 1, "block_size": 16, "is_causal": true}, "candidate": "baseline", "phase": "compile_correctness"}
{"case": {"B": 1, "SEQ_LEN": 256, "H": 2, "HQ": 32, "D": 64, "S": 1, "block_size": 16, "is_causal": true}, "candidate": "candidate", "phase": "compile_correctness"}
2026-09-07 09:32:30  [TileLang:tilelang.cache.kernel_cache:WARNING] (kernel_cache.py:342): Found kernel 'kernel' in memory cache. For better performance, consider using `@tilelang.jit` instead of direct kernel caching.
{"case": {"B": 1, "SEQ_LEN": 256, "H": 2, "HQ": 32, "D": 64, "S": 1, "block_size": 16, "is_causal": true}, "seed": 340, "status": "PASS", "call_event_ms": {"baseline": [0.014387199282646179, 0.014284799993038177, 0.014079999923706055, 0.020710399746894835], "candidate": [0.013900800049304963, 0.01456640064716339, 0.013926400244235993, 0.012595200538635254]}, "median_ms": {"baseline": 0.014335999637842177, "candidate": 0.013913600146770478}, "baseline_over_candidate": 1.03035874875057}
{"case": {"B": 2, "SEQ_LEN": 512, "H": 2, "HQ": 32, "D": 64, "S": 1, "block_size": 16, "is_causal": true}, "candidate": "baseline", "phase": "compile_correctness"}
{"case": {"B": 2, "SEQ_LEN": 512, "H": 2, "HQ": 32, "D": 64, "S": 1, "block_size": 16, "is_causal": true}, "candidate": "candidate", "phase": "compile_correctness"}
2026-09-07 09:32:30  [TileLang:tilelang.cache.kernel_cache:WARNING] (kernel_cache.py:342): Found kernel 'kernel' in memory cache. For better performance, consider using `@tilelang.jit` instead of direct kernel caching.
{"case": {"B": 2, "SEQ_LEN": 512, "H": 2, "HQ": 32, "D": 64, "S": 1, "block_size": 16, "is_causal": true}, "seed": 340, "status": "PASS", "call_event_ms": {"baseline": [0.01802240014076233, 0.017612800002098083, 0.017561599612236023, 0.01802240014076233], "candidate": [0.017843200266361235, 0.0173567995429039, 0.01794559955596924, 0.017638400197029114]}, "median_ms": {"baseline": 0.017817600071430205, "candidate": 0.017740800231695174}, "baseline_over_candidate": 1.004328995238773}
{"case": {"B": 1, "SEQ_LEN": 512, "H": 2, "HQ": 32, "D": 128, "S": 1, "block_size": 16, "is_causal": true}, "candidate": "baseline", "phase": "compile_correctness"}
{"case": {"B": 1, "SEQ_LEN": 512, "H": 2, "HQ": 32, "D": 128, "S": 1, "block_size": 16, "is_causal": true}, "candidate": "candidate", "phase": "compile_correctness"}
{"case": {"B": 1, "SEQ_LEN": 512, "H": 2, "HQ": 32, "D": 128, "S": 1, "block_size": 16, "is_causal": true}, "seed": 340, "status": "PASS", "call_event_ms": {"baseline": [0.01960960030555725, 0.018969599902629853, 0.01884160041809082, 0.018892799317836762], "candidate": [0.017459200322628023, 0.016972799599170686, 0.017151999473571777, 0.017228800058364867]}, "median_ms": {"baseline": 0.018931199610233308, "candidate": 0.017190399765968322}, "baseline_over_candidate": 1.1012658151040344}
{"case": {"B": 1, "SEQ_LEN": 256, "H": 1, "HQ": 16, "D": 64, "S": 2, "block_size": 16, "is_causal": true}, "candidate": "baseline", "phase": "compile_correctness"}
{"case": {"B": 1, "SEQ_LEN": 256, "H": 1, "HQ": 16, "D": 64, "S": 2, "block_size": 16, "is_causal": true}, "candidate": "candidate", "phase": "compile_correctness"}
2026-09-07 09:32:31  [TileLang:tilelang.cache.kernel_cache:WARNING] (kernel_cache.py:342): Found kernel 'kernel' in memory cache. For better performance, consider using `@tilelang.jit` instead of direct kernel caching.
{"case": {"B": 1, "SEQ_LEN": 256, "H": 1, "HQ": 16, "D": 64, "S": 2, "block_size": 16, "is_causal": true}, "seed": 340, "status": "PASS", "call_event_ms": {"baseline": [0.011494400352239609, 0.010623999685049058, 0.010496000200510025, 0.011494400352239609], "candidate": [0.011007999628782272, 0.010649599879980088, 0.010547199845314026, 0.010419200360774993]}, "median_ms": {"baseline": 0.011059200018644334, "candidate": 0.010598399862647056}, "baseline_over_candidate": 1.0434782761519803}
{"case": {"B": 2, "SEQ_LEN": 512, "H": 1, "HQ": 16, "D": 64, "S": 2, "block_size": 16, "is_causal": true}, "candidate": "baseline", "phase": "compile_correctness"}
{"case": {"B": 2, "SEQ_LEN": 512, "H": 1, "HQ": 16, "D": 64, "S": 2, "block_size": 16, "is_causal": true}, "candidate": "candidate", "phase": "compile_correctness"}
{"case": {"B": 2, "SEQ_LEN": 512, "H": 1, "HQ": 16, "D": 64, "S": 2, "block_size": 16, "is_causal": true}, "seed": 340, "status": "PASS", "call_event_ms": {"baseline": [0.01968639940023422, 0.01935359984636307, 0.01932799965143204, 0.019097599387168884], "candidate": [0.013414399325847625, 0.013158400356769562, 0.013209599256515502, 0.013055999577045441]}, "median_ms": {"baseline": 0.019340799748897554, "candidate": 0.013183999806642532}, "baseline_over_candidate": 1.4669902937311197}
{"case": {"B": 4, "SEQ_LEN": 1024, "H": 1, "HQ": 16, "D": 64, "S": 2, "block_size": 16, "is_causal": true}, "candidate": "baseline", "phase": "compile_correctness"}
{"case": {"B": 4, "SEQ_LEN": 1024, "H": 1, "HQ": 16, "D": 64, "S": 2, "block_size": 16, "is_causal": true}, "candidate": "candidate", "phase": "compile_correctness"}
{"case": {"B": 4, "SEQ_LEN": 1024, "H": 1, "HQ": 16, "D": 64, "S": 2, "block_size": 16, "is_causal": true}, "seed": 340, "status": "PASS", "call_event_ms": {"baseline": [0.050969600677490234, 0.050355201959609984, 0.05027840137481689, 0.05012480020523071], "candidate": [0.04129279851913452, 0.04121600091457367, 0.04106239974498749, 0.04095999896526337]}, "median_ms": {"baseline": 0.05031680166721344, "candidate": 0.04113920032978058}, "baseline_over_candidate": 1.223086527299103}
{"case": {"B": 1, "SEQ_LEN": 256, "H": 1, "HQ": 16, "D": 64, "S": 4, "block_size": 16, "is_causal": true}, "candidate": "baseline", "phase": "compile_correctness"}
{"case": {"B": 1, "SEQ_LEN": 256, "H": 1, "HQ": 16, "D": 64, "S": 4, "block_size": 16, "is_causal": true}, "candidate": "candidate", "phase": "compile_correctness"}
2026-09-07 09:32:32  [TileLang:tilelang.cache.kernel_cache:WARNING] (kernel_cache.py:342): Found kernel 'kernel' in memory cache. For better performance, consider using `@tilelang.jit` instead of direct kernel caching.
{"case": {"B": 1, "SEQ_LEN": 256, "H": 1, "HQ": 16, "D": 64, "S": 4, "block_size": 16, "is_causal": true}, "seed": 340, "status": "PASS", "call_event_ms": {"baseline": [0.015744000673294067, 0.015744000673294067, 0.015641599893569946, 0.015590399503707886], "candidate": [0.015667200088500977, 0.015590399503707886, 0.015590399503707886, 0.015615999698638916]}, "median_ms": {"baseline": 0.015692800283432007, "candidate": 0.015603199601173401}, "baseline_over_candidate": 1.0057424556852985}
{"case": {"B": 2, "SEQ_LEN": 512, "H": 1, "HQ": 16, "D": 64, "S": 4, "block_size": 16, "is_causal": true}, "candidate": "baseline", "phase": "compile_correctness"}
{"case": {"B": 2, "SEQ_LEN": 512, "H": 1, "HQ": 16, "D": 64, "S": 4, "block_size": 16, "is_causal": true}, "candidate": "candidate", "phase": "compile_correctness"}
2026-09-07 09:32:32  [TileLang:tilelang.cache.kernel_cache:WARNING] (kernel_cache.py:342): Found kernel 'kernel' in memory cache. For better performance, consider using `@tilelang.jit` instead of direct kernel caching.
{"case": {"B": 2, "SEQ_LEN": 512, "H": 1, "HQ": 16, "D": 64, "S": 4, "block_size": 16, "is_causal": true}, "seed": 340, "status": "PASS", "call_event_ms": {"baseline": [0.028774398565292358, 0.028672000765800475, 0.028748801350593566, 0.028672000765800475], "candidate": [0.028697600960731505, 0.028467199206352232, 0.028595200181007384, 0.028672000765800475]}, "median_ms": {"baseline": 0.02871040105819702, "candidate": 0.02863360047340393}, "baseline_over_candidate": 1.0026821839909523}
{"case": {"B": 4, "SEQ_LEN": 1024, "H": 1, "HQ": 16, "D": 64, "S": 4, "block_size": 16, "is_causal": true}, "candidate": "baseline", "phase": "compile_correctness"}
{"case": {"B": 4, "SEQ_LEN": 1024, "H": 1, "HQ": 16, "D": 64, "S": 4, "block_size": 16, "is_causal": true}, "candidate": "candidate", "phase": "compile_correctness"}
2026-09-07 09:32:32  [TileLang:tilelang.cache.kernel_cache:WARNING] (kernel_cache.py:342): Found kernel 'kernel' in memory cache. For better performance, consider using `@tilelang.jit` instead of direct kernel caching.
{"case": {"B": 4, "SEQ_LEN": 1024, "H": 1, "HQ": 16, "D": 64, "S": 4, "block_size": 16, "is_causal": true}, "seed": 340, "status": "PASS", "call_event_ms": {"baseline": [0.07790079712867737, 0.07746559977531434, 0.07772160172462464, 0.07754240036010743], "candidate": [0.07767040133476258, 0.07764480113983155, 0.07754240036010743, 0.07772160172462464]}, "median_ms": {"baseline": 0.07763200104236603, "candidate": 0.07765760123729706}, "baseline_over_candidate": 0.9996703452782065}
{"case": {"B": 1, "SEQ_LEN": 256, "H": 1, "HQ": 16, "D": 64, "S": 8, "block_size": 16, "is_causal": true}, "candidate": "baseline", "phase": "compile_correctness"}
{"case": {"B": 1, "SEQ_LEN": 256, "H": 1, "HQ": 16, "D": 64, "S": 8, "block_size": 16, "is_causal": true}, "candidate": "candidate", "phase": "compile_correctness"}
2026-09-07 09:32:32  [TileLang:tilelang.cache.kernel_cache:WARNING] (kernel_cache.py:342): Found kernel 'kernel' in memory cache. For better performance, consider using `@tilelang.jit` instead of direct kernel caching.
{"case": {"B": 1, "SEQ_LEN": 256, "H": 1, "HQ": 16, "D": 64, "S": 8, "block_size": 16, "is_causal": true}, "seed": 340, "status": "PASS", "call_event_ms": {"baseline": [0.02462719976902008, 0.02457599937915802, 0.02455040067434311, 0.02447360008955002], "candidate": [0.02455040067434311, 0.024422399699687958, 0.02447360008955002, 0.02452480047941208]}, "median_ms": {"baseline": 0.024563200026750564, "candidate": 0.02449920028448105}, "baseline_over_candidate": 1.0026123196482482}
{"case": {"B": 2, "SEQ_LEN": 512, "H": 1, "HQ": 16, "D": 64, "S": 8, "block_size": 16, "is_causal": true}, "candidate": "baseline", "phase": "compile_correctness"}
{"case": {"B": 2, "SEQ_LEN": 512, "H": 1, "HQ": 16, "D": 64, "S": 8, "block_size": 16, "is_causal": true}, "candidate": "candidate", "phase": "compile_correctness"}
2026-09-07 09:32:32  [TileLang:tilelang.cache.kernel_cache:WARNING] (kernel_cache.py:342): Found kernel 'kernel' in memory cache. For better performance, consider using `@tilelang.jit` instead of direct kernel caching.
{"case": {"B": 2, "SEQ_LEN": 512, "H": 1, "HQ": 16, "D": 64, "S": 8, "block_size": 16, "is_causal": true}, "seed": 340, "status": "PASS", "call_event_ms": {"baseline": [0.04085760116577149, 0.040780800580978396, 0.040908798575401306, 0.040934398770332336], "candidate": [0.04160000085830688, 0.04142079949378967, 0.04142079949378967, 0.04154880046844482]}, "median_ms": {"baseline": 0.0408831998705864, "candidate": 0.041484799981117246}, "baseline_over_candidate": 0.9854983003219329}
{"case": {"B": 4, "SEQ_LEN": 1024, "H": 1, "HQ": 16, "D": 64, "S": 8, "block_size": 16, "is_causal": true}, "candidate": "baseline", "phase": "compile_correctness"}
{"case": {"B": 4, "SEQ_LEN": 1024, "H": 1, "HQ": 16, "D": 64, "S": 8, "block_size": 16, "is_causal": true}, "candidate": "candidate", "phase": "compile_correctness"}
2026-09-07 09:32:33  [TileLang:tilelang.cache.kernel_cache:WARNING] (kernel_cache.py:342): Found kernel 'kernel' in memory cache. For better performance, consider using `@tilelang.jit` instead of direct kernel caching.
{"case": {"B": 4, "SEQ_LEN": 1024, "H": 1, "HQ": 16, "D": 64, "S": 8, "block_size": 16, "is_causal": true}, "seed": 340, "status": "PASS", "call_event_ms": {"baseline": [0.1233407974243164, 0.12295680046081543, 0.12272640466690063, 0.12290560007095337], "candidate": [0.12285439968109131, 0.12277760505676269, 0.12280319929122925, 0.12300800085067749]}, "median_ms": {"baseline": 0.1229312002658844, "candidate": 0.12282879948616028}, "baseline_over_candidate": 1.0008336870518355}
{"case": {"B": 1, "SEQ_LEN": 1024, "H": 1, "HQ": 16, "D": 128, "S": 1, "block_size": 32, "is_causal": true}, "candidate": "baseline", "phase": "compile_correctness"}
{"case": {"B": 1, "SEQ_LEN": 1024, "H": 1, "HQ": 16, "D": 128, "S": 1, "block_size": 32, "is_causal": true}, "candidate": "candidate", "phase": "compile_correctness"}
{"case": {"B": 1, "SEQ_LEN": 1024, "H": 1, "HQ": 16, "D": 128, "S": 1, "block_size": 32, "is_causal": true}, "seed": 340, "status": "PASS", "call_event_ms": {"baseline": [0.025036799907684325, 0.02465279996395111, 0.02457599937915802, 0.02452480047941208], "candidate": [0.021376000344753267, 0.021324799954891206, 0.021299199759960176, 0.021247999370098115]}, "median_ms": {"baseline": 0.024614399671554564, "candidate": 0.02131199985742569}, "baseline_over_candidate": 1.1549549472701515}
{"case": {"B": 2, "SEQ_LEN": 1024, "H": 1, "HQ": 16, "D": 128, "S": 1, "block_size": 32, "is_causal": true}, "candidate": "baseline", "phase": "compile_correctness"}
{"case": {"B": 2, "SEQ_LEN": 1024, "H": 1, "HQ": 16, "D": 128, "S": 1, "block_size": 32, "is_causal": true}, "candidate": "candidate", "phase": "compile_correctness"}
{"case": {"B": 2, "SEQ_LEN": 1024, "H": 1, "HQ": 16, "D": 128, "S": 1, "block_size": 32, "is_causal": true}, "seed": 340, "status": "PASS", "call_event_ms": {"baseline": [0.04405759871006012, 0.04390400052070618, 0.04392960071563721, 0.04385280013084412], "candidate": [0.0352512001991272, 0.034841600060462954, 0.034892800450325015, 0.034841600060462954]}, "median_ms": {"baseline": 0.04391680061817169, "candidate": 0.034867200255393985}, "baseline_over_candidate": 1.2595447955812777}
{"case": {"B": 4, "SEQ_LEN": 512, "H": 1, "HQ": 16, "D": 128, "S": 1, "block_size": 32, "is_causal": true}, "candidate": "baseline", "phase": "compile_correctness"}
{"case": {"B": 4, "SEQ_LEN": 512, "H": 1, "HQ": 16, "D": 128, "S": 1, "block_size": 32, "is_causal": true}, "candidate": "candidate", "phase": "compile_correctness"}
{"case": {"B": 4, "SEQ_LEN": 512, "H": 1, "HQ": 16, "D": 128, "S": 1, "block_size": 32, "is_causal": true}, "seed": 340, "status": "PASS", "call_event_ms": {"baseline": [0.0456959992647171, 0.04467200040817261, 0.04510720074176788, 0.04497919976711273], "candidate": [0.034918400645256045, 0.034867200255393985, 0.035020801424980166, 0.034867200255393985]}, "median_ms": {"baseline": 0.04504320025444031, "candidate": 0.034892800450325015}, "baseline_over_candidate": 1.2909024117615857}
{"case": {"B": 8, "SEQ_LEN": 256, "H": 1, "HQ": 16, "D": 128, "S": 1, "block_size": 32, "is_causal": true}, "candidate": "baseline", "phase": "compile_correctness"}
{"case": {"B": 8, "SEQ_LEN": 256, "H": 1, "HQ": 16, "D": 128, "S": 1, "block_size": 32, "is_causal": true}, "candidate": "candidate", "phase": "compile_correctness"}
{"case": {"B": 8, "SEQ_LEN": 256, "H": 1, "HQ": 16, "D": 128, "S": 1, "block_size": 32, "is_causal": true}, "seed": 340, "status": "PASS", "call_event_ms": {"baseline": [0.0449535995721817, 0.0442111998796463, 0.04444159865379334, 0.04444159865379334], "candidate": [0.034918400645256045, 0.034969601035118106, 0.03473919928073883, 0.034944000840187076]}, "median_ms": {"baseline": 0.04444159865379334, "candidate": 0.03493120074272156}, "baseline_over_candidate": 1.2722608358389573}
{"case": {"B": 1, "SEQ_LEN": 2048, "H": 1, "HQ": 16, "D": 32, "S": 1, "block_size": 16, "is_causal": true}, "candidate": "baseline", "phase": "compile_correctness"}
{"case": {"B": 1, "SEQ_LEN": 2048, "H": 1, "HQ": 16, "D": 32, "S": 1, "block_size": 16, "is_causal": true}, "candidate": "candidate", "phase": "compile_correctness"}
2026-09-07 09:32:34  [TileLang:tilelang.cache.kernel_cache:WARNING] (kernel_cache.py:342): Found kernel 'kernel' in memory cache. For better performance, consider using `@tilelang.jit` instead of direct kernel caching.
{"case": {"B": 1, "SEQ_LEN": 2048, "H": 1, "HQ": 16, "D": 32, "S": 1, "block_size": 16, "is_causal": true}, "seed": 340, "status": "PASS", "call_event_ms": {"baseline": [0.011980800330638886, 0.010982400178909302, 0.01088000014424324, 0.01088000014424324], "candidate": [0.011187200248241425, 0.011007999628782272, 0.010751999914646149, 0.010751999914646149]}, "median_ms": {"baseline": 0.010931200161576272, "candidate": 0.010879999771714211}, "baseline_over_candidate": 1.0047059182845914}
{"case": {"B": 4, "SEQ_LEN": 2048, "H": 1, "HQ": 16, "D": 32, "S": 1, "block_size": 16, "is_causal": true}, "candidate": "baseline", "phase": "compile_correctness"}
{"case": {"B": 4, "SEQ_LEN": 2048, "H": 1, "HQ": 16, "D": 32, "S": 1, "block_size": 16, "is_causal": true}, "candidate": "candidate", "phase": "compile_correctness"}
2026-09-07 09:32:34  [TileLang:tilelang.cache.kernel_cache:WARNING] (kernel_cache.py:342): Found kernel 'kernel' in memory cache. For better performance, consider using `@tilelang.jit` instead of direct kernel caching.
{"case": {"B": 4, "SEQ_LEN": 2048, "H": 1, "HQ": 16, "D": 32, "S": 1, "block_size": 16, "is_causal": true}, "seed": 340, "status": "PASS", "call_event_ms": {"baseline": [0.02452480047941208, 0.0247296005487442, 0.024806399643421174, 0.02457599937915802], "candidate": [0.024934400618076325, 0.02449920028448105, 0.02449920028448105, 0.024447999894618988]}, "median_ms": {"baseline": 0.02465279996395111, "candidate": 0.02449920028448105}, "baseline_over_candidate": 1.0062695793204057}
{"case": {"B": 8, "SEQ_LEN": 2048, "H": 1, "HQ": 16, "D": 32, "S": 1, "block_size": 16, "is_causal": true}, "candidate": "baseline", "phase": "compile_correctness"}
{"case": {"B": 8, "SEQ_LEN": 2048, "H": 1, "HQ": 16, "D": 32, "S": 1, "block_size": 16, "is_causal": true}, "candidate": "candidate", "phase": "compile_correctness"}
2026-09-07 09:32:35  [TileLang:tilelang.cache.kernel_cache:WARNING] (kernel_cache.py:342): Found kernel 'kernel' in memory cache. For better performance, consider using `@tilelang.jit` instead of direct kernel caching.
{"case": {"B": 8, "SEQ_LEN": 2048, "H": 1, "HQ": 16, "D": 32, "S": 1, "block_size": 16, "is_causal": true}, "seed": 340, "status": "PASS", "call_event_ms": {"baseline": [0.04095999896526337, 0.04088320136070252, 0.040934398770332336, 0.040934398770332336], "candidate": [0.04095999896526337, 0.040780800580978396, 0.040780800580978396, 0.040908798575401306]}, "median_ms": {"baseline": 0.040934398770332336, "candidate": 0.04084479957818985}, "baseline_over_candidate": 1.0021936499399626}
{"case": {"B": 1, "SEQ_LEN": 48, "H": 1, "HQ": 16, "D": 32, "S": 1, "block_size": 16, "is_causal": true}, "candidate": "baseline", "phase": "compile_correctness"}
{"case": {"B": 1, "SEQ_LEN": 48, "H": 1, "HQ": 16, "D": 32, "S": 1, "block_size": 16, "is_causal": true}, "candidate": "candidate", "phase": "compile_correctness"}
2026-09-07 09:32:35  [TileLang:tilelang.cache.kernel_cache:WARNING] (kernel_cache.py:342): Found kernel 'kernel' in memory cache. For better performance, consider using `@tilelang.jit` instead of direct kernel caching.
{"case": {"B": 1, "SEQ_LEN": 48, "H": 1, "HQ": 16, "D": 32, "S": 1, "block_size": 16, "is_causal": true}, "seed": 340, "status": "PASS", "call_event_ms": {"baseline": [0.011289600282907486, 0.010521599650382995, 0.010931199789047242, 0.010623999685049058], "candidate": [0.01090560033917427, 0.010598400235176086, 0.010598400235176086, 0.010700800269842149]}, "median_ms": {"baseline": 0.01077759973704815, "candidate": 0.010649600252509116}, "baseline_over_candidate": 1.0120191820823394}
{"case": {"B": 2, "SEQ_LEN": 48, "H": 1, "HQ": 16, "D": 32, "S": 1, "block_size": 16, "is_causal": true}, "candidate": "baseline", "phase": "compile_correctness"}
{"case": {"B": 2, "SEQ_LEN": 48, "H": 1, "HQ": 16, "D": 32, "S": 1, "block_size": 16, "is_causal": true}, "candidate": "candidate", "phase": "compile_correctness"}
2026-09-07 09:32:35  [TileLang:tilelang.cache.kernel_cache:WARNING] (kernel_cache.py:342): Found kernel 'kernel' in memory cache. For better performance, consider using `@tilelang.jit` instead of direct kernel caching.
{"case": {"B": 2, "SEQ_LEN": 48, "H": 1, "HQ": 16, "D": 32, "S": 1, "block_size": 16, "is_causal": true}, "seed": 340, "status": "PASS", "call_event_ms": {"baseline": [0.011494400352239609, 0.010598400235176086, 0.010470400005578995, 0.010649599879980088], "candidate": [0.010982400178909302, 0.010649599879980088, 0.010649599879980088, 0.010623999685049058]}, "median_ms": {"baseline": 0.010624000057578086, "candidate": 0.010649599879980088}, "baseline_over_candidate": 0.9975961704955576}
{"case": {"B": 4, "SEQ_LEN": 48, "H": 1, "HQ": 16, "D": 32, "S": 1, "block_size": 16, "is_causal": true}, "candidate": "baseline", "phase": "compile_correctness"}
{"case": {"B": 4, "SEQ_LEN": 48, "H": 1, "HQ": 16, "D": 32, "S": 1, "block_size": 16, "is_causal": true}, "candidate": "candidate", "phase": "compile_correctness"}
2026-09-07 09:32:35  [TileLang:tilelang.cache.kernel_cache:WARNING] (kernel_cache.py:342): Found kernel 'kernel' in memory cache. For better performance, consider using `@tilelang.jit` instead of direct kernel caching.
{"case": {"B": 4, "SEQ_LEN": 48, "H": 1, "HQ": 16, "D": 32, "S": 1, "block_size": 16, "is_causal": true}, "seed": 340, "status": "PASS", "call_event_ms": {"baseline": [0.011366400122642516, 0.010547199845314026, 0.010726399719715118, 0.010777600109577179], "candidate": [0.011084800213575363, 0.010777600109577179, 0.010751999914646149, 0.010751999914646149]}, "median_ms": {"baseline": 0.010751999914646149, "candidate": 0.010764800012111664}, "baseline_over_candidate": 0.9988109303051507}
{"case": {"B": 8, "SEQ_LEN": 48, "H": 1, "HQ": 16, "D": 32, "S": 1, "block_size": 16, "is_causal": true}, "candidate": "baseline", "phase": "compile_correctness"}
{"case": {"B": 8, "SEQ_LEN": 48, "H": 1, "HQ": 16, "D": 32, "S": 1, "block_size": 16, "is_causal": true}, "candidate": "candidate", "phase": "compile_correctness"}
2026-09-07 09:32:35  [TileLang:tilelang.cache.kernel_cache:WARNING] (kernel_cache.py:342): Found kernel 'kernel' in memory cache. For better performance, consider using `@tilelang.jit` instead of direct kernel caching.
{"case": {"B": 8, "SEQ_LEN": 48, "H": 1, "HQ": 16, "D": 32, "S": 1, "block_size": 16, "is_causal": true}, "seed": 340, "status": "PASS", "call_event_ms": {"baseline": [0.011648000031709672, 0.010751999914646149, 0.010700800269842149, 0.010649599879980088], "candidate": [0.01085439994931221, 0.010931199789047242, 0.010521599650382995, 0.010521599650382995]}, "median_ms": {"baseline": 0.010726400092244149, "candidate": 0.010687999799847601}, "baseline_over_candidate": 1.0035928417960014}
{"case": {"B": 1, "SEQ_LEN": 96, "H": 1, "HQ": 16, "D": 32, "S": 1, "block_size": 16, "is_causal": true}, "candidate": "baseline", "phase": "compile_correctness"}
{"case": {"B": 1, "SEQ_LEN": 96, "H": 1, "HQ": 16, "D": 32, "S": 1, "block_size": 16, "is_causal": true}, "candidate": "candidate", "phase": "compile_correctness"}
2026-09-07 09:32:36  [TileLang:tilelang.cache.kernel_cache:WARNING] (kernel_cache.py:342): Found kernel 'kernel' in memory cache. For better performance, consider using `@tilelang.jit` instead of direct kernel caching.
{"case": {"B": 1, "SEQ_LEN": 96, "H": 1, "HQ": 16, "D": 32, "S": 1, "block_size": 16, "is_causal": true}, "seed": 340, "status": "PASS", "call_event_ms": {"baseline": [0.01157120019197464, 0.011059200018644333, 0.010675200074911118, 0.010700800269842149], "candidate": [0.011084800213575363, 0.011084800213575363, 0.01090560033917427, 0.011468800157308579]}, "median_ms": {"baseline": 0.01088000014424324, "candidate": 0.011084800213575363}, "baseline_over_candidate": 0.9815242435239105}
{"case": {"B": 2, "SEQ_LEN": 96, "H": 1, "HQ": 16, "D": 32, "S": 1, "block_size": 16, "is_causal": true}, "candidate": "baseline", "phase": "compile_correctness"}
{"case": {"B": 2, "SEQ_LEN": 96, "H": 1, "HQ": 16, "D": 32, "S": 1, "block_size": 16, "is_causal": true}, "candidate": "candidate", "phase": "compile_correctness"}
2026-09-07 09:32:36  [TileLang:tilelang.cache.kernel_cache:WARNING] (kernel_cache.py:342): Found kernel 'kernel' in memory cache. For better performance, consider using `@tilelang.jit` instead of direct kernel caching.
{"case": {"B": 2, "SEQ_LEN": 96, "H": 1, "HQ": 16, "D": 32, "S": 1, "block_size": 16, "is_causal": true}, "seed": 340, "status": "PASS", "call_event_ms": {"baseline": [0.011929599940776825, 0.010751999914646149, 0.01080320030450821, 0.010598400235176086], "candidate": [0.011033599823713302, 0.010726399719715118, 0.010700800269842149, 0.011852800101041793]}, "median_ms": {"baseline": 0.010777600109577179, "candidate": 0.010879999771714211}, "baseline_over_candidate": 0.9905882661502209}
{"case": {"B": 4, "SEQ_LEN": 96, "H": 1, "HQ": 16, "D": 32, "S": 1, "block_size": 16, "is_causal": true}, "candidate": "baseline", "phase": "compile_correctness"}
{"case": {"B": 4, "SEQ_LEN": 96, "H": 1, "HQ": 16, "D": 32, "S": 1, "block_size": 16, "is_causal": true}, "candidate": "candidate", "phase": "compile_correctness"}
2026-09-07 09:32:36  [TileLang:tilelang.cache.kernel_cache:WARNING] (kernel_cache.py:342): Found kernel 'kernel' in memory cache. For better performance, consider using `@tilelang.jit` instead of direct kernel caching.
{"case": {"B": 4, "SEQ_LEN": 96, "H": 1, "HQ": 16, "D": 32, "S": 1, "block_size": 16, "is_causal": true}, "seed": 340, "status": "PASS", "call_event_ms": {"baseline": [0.012441600114107132, 0.010956799983978272, 0.010598400235176086, 0.010496000200510025], "candidate": [0.01088000014424324, 0.01085439994931221, 0.010496000200510025, 0.010598400235176086]}, "median_ms": {"baseline": 0.010777600109577179, "candidate": 0.010726400092244147}, "baseline_over_candidate": 1.0047732712646111}
{"case": {"B": 8, "SEQ_LEN": 96, "H": 1, "HQ": 16, "D": 32, "S": 1, "block_size": 16, "is_causal": true}, "candidate": "baseline", "phase": "compile_correctness"}
{"case": {"B": 8, "SEQ_LEN": 96, "H": 1, "HQ": 16, "D": 32, "S": 1, "block_size": 16, "is_causal": true}, "candidate": "candidate", "phase": "compile_correctness"}
2026-09-07 09:32:36  [TileLang:tilelang.cache.kernel_cache:WARNING] (kernel_cache.py:342): Found kernel 'kernel' in memory cache. For better performance, consider using `@tilelang.jit` instead of direct kernel caching.
{"case": {"B": 8, "SEQ_LEN": 96, "H": 1, "HQ": 16, "D": 32, "S": 1, "block_size": 16, "is_causal": true}, "seed": 340, "status": "PASS", "call_event_ms": {"baseline": [0.01530880033969879, 0.010828799754381179, 0.010777600109577179, 0.012057600170373916], "candidate": [0.014131200313568116, 0.012800000607967377, 0.011033599823713302, 0.010956799983978272]}, "median_ms": {"baseline": 0.011443199962377547, "candidate": 0.01191680021584034}, "baseline_over_candidate": 0.9602577667759116}
{"case": {"B": 1, "SEQ_LEN": 4096, "H": 1, "HQ": 16, "D": 64, "S": 1, "block_size": 16, "is_causal": true}, "candidate": "baseline", "phase": "compile_correctness"}
{"case": {"B": 1, "SEQ_LEN": 4096, "H": 1, "HQ": 16, "D": 64, "S": 1, "block_size": 16, "is_causal": true}, "candidate": "candidate", "phase": "compile_correctness"}
2026-09-07 09:32:37  [TileLang:tilelang.cache.kernel_cache:WARNING] (kernel_cache.py:342): Found kernel 'kernel' in memory cache. For better performance, consider using `@tilelang.jit` instead of direct kernel caching.
{"case": {"B": 1, "SEQ_LEN": 4096, "H": 1, "HQ": 16, "D": 64, "S": 1, "block_size": 16, "is_causal": true}, "seed": 340, "status": "PASS", "call_event_ms": {"baseline": [0.029209598898887634, 0.029516801238059998, 0.02913280129432678, 0.029286399483680725], "candidate": [0.029440000653266907, 0.029414400458335876, 0.029542401432991028, 0.02956799864768982]}, "median_ms": {"baseline": 0.02924799919128418, "candidate": 0.029491201043128967}, "baseline_over_candidate": 0.9917534097207801}
{"case": {"B": 1, "SEQ_LEN": 4096, "H": 1, "HQ": 16, "D": 128, "S": 1, "block_size": 16, "is_causal": true}, "candidate": "baseline", "phase": "compile_correctness"}
{"case": {"B": 1, "SEQ_LEN": 4096, "H": 1, "HQ": 16, "D": 128, "S": 1, "block_size": 16, "is_causal": true}, "candidate": "candidate", "phase": "compile_correctness"}
{"case": {"B": 1, "SEQ_LEN": 4096, "H": 1, "HQ": 16, "D": 128, "S": 1, "block_size": 16, "is_causal": true}, "seed": 340, "status": "PASS", "call_event_ms": {"baseline": [0.05806080102920532, 0.05716480016708374, 0.056985598802566526, 0.057036799192428586], "candidate": [0.05273600220680237, 0.0527616024017334, 0.0531711995601654, 0.05186560153961182]}, "median_ms": {"baseline": 0.05710079967975616, "candidate": 0.052748802304267886}, "baseline_over_candidate": 1.0825041931830963}
{"case": {"B": 2, "SEQ_LEN": 4096, "H": 1, "HQ": 16, "D": 64, "S": 1, "block_size": 16, "is_causal": true}, "candidate": "baseline", "phase": "compile_correctness"}
{"case": {"B": 2, "SEQ_LEN": 4096, "H": 1, "HQ": 16, "D": 64, "S": 1, "block_size": 16, "is_causal": true}, "candidate": "candidate", "phase": "compile_correctness"}
2026-09-07 09:32:37  [TileLang:tilelang.cache.kernel_cache:WARNING] (kernel_cache.py:342): Found kernel 'kernel' in memory cache. For better performance, consider using `@tilelang.jit` instead of direct kernel caching.
{"case": {"B": 2, "SEQ_LEN": 4096, "H": 1, "HQ": 16, "D": 64, "S": 1, "block_size": 16, "is_causal": true}, "seed": 340, "status": "PASS", "call_event_ms": {"baseline": [0.05027840137481689, 0.04922879934310913, 0.04951040148735046, 0.0497408002614975], "candidate": [0.04971520006656647, 0.048921599984169006, 0.04940800070762634, 0.0489984005689621]}, "median_ms": {"baseline": 0.049625600874423983, "candidate": 0.04920320063829422}, "baseline_over_candidate": 1.0085848121799015}
{"case": {"B": 4, "SEQ_LEN": 4096, "H": 1, "HQ": 16, "D": 64, "S": 1, "block_size": 16, "is_causal": true}, "candidate": "baseline", "phase": "compile_correctness"}
{"case": {"B": 4, "SEQ_LEN": 4096, "H": 1, "HQ": 16, "D": 64, "S": 1, "block_size": 16, "is_causal": true}, "candidate": "candidate", "phase": "compile_correctness"}
2026-09-07 09:32:38  [TileLang:tilelang.cache.kernel_cache:WARNING] (kernel_cache.py:342): Found kernel 'kernel' in memory cache. For better performance, consider using `@tilelang.jit` instead of direct kernel caching.
{"case": {"B": 4, "SEQ_LEN": 4096, "H": 1, "HQ": 16, "D": 64, "S": 1, "block_size": 16, "is_causal": true}, "seed": 340, "status": "PASS", "call_event_ms": {"baseline": [0.08980479836463928, 0.08944640159606934, 0.0892416000366211, 0.08826879858970642], "candidate": [0.08834559917449951, 0.08796160221099854, 0.08824319839477539, 0.08906239867210389]}, "median_ms": {"baseline": 0.08934400081634522, "candidate": 0.08829439878463745}, "baseline_over_candidate": 1.0118875267984768}
{"case": {"B": 8, "SEQ_LEN": 4096, "H": 1, "HQ": 16, "D": 64, "S": 1, "block_size": 16, "is_causal": true}, "candidate": "baseline", "phase": "compile_correctness"}
{"case": {"B": 8, "SEQ_LEN": 4096, "H": 1, "HQ": 16, "D": 64, "S": 1, "block_size": 16, "is_causal": true}, "candidate": "candidate", "phase": "compile_correctness"}
2026-09-07 09:32:38  [TileLang:tilelang.cache.kernel_cache:WARNING] (kernel_cache.py:342): Found kernel 'kernel' in memory cache. For better performance, consider using `@tilelang.jit` instead of direct kernel caching.
{"case": {"B": 8, "SEQ_LEN": 4096, "H": 1, "HQ": 16, "D": 64, "S": 1, "block_size": 16, "is_causal": true}, "seed": 340, "status": "PASS", "call_event_ms": {"baseline": [0.1703935980796814, 0.16762880086898804, 0.16647679805755616, 0.16750080585479737], "candidate": [0.16957440376281738, 0.16785919666290283, 0.16798720359802247, 0.1686527967453003]}, "median_ms": {"baseline": 0.16756480336189272, "candidate": 0.16832000017166138}, "baseline_over_candidate": 0.9955133269427372}
{"case": {"B": 1, "SEQ_LEN": 8192, "H": 1, "HQ": 16, "D": 64, "S": 1, "block_size": 16, "is_causal": true}, "candidate": "baseline", "phase": "compile_correctness"}
{"case": {"B": 1, "SEQ_LEN": 8192, "H": 1, "HQ": 16, "D": 64, "S": 1, "block_size": 16, "is_causal": true}, "candidate": "candidate", "phase": "compile_correctness"}
2026-09-07 09:32:39  [TileLang:tilelang.cache.kernel_cache:WARNING] (kernel_cache.py:342): Found kernel 'kernel' in memory cache. For better performance, consider using `@tilelang.jit` instead of direct kernel caching.
{"case": {"B": 1, "SEQ_LEN": 8192, "H": 1, "HQ": 16, "D": 64, "S": 1, "block_size": 16, "is_causal": true}, "seed": 340, "status": "PASS", "call_event_ms": {"baseline": [0.04930559992790222, 0.04956159889698029, 0.04948480129241943, 0.04951040148735046], "candidate": [0.05004799962043762, 0.05002239942550659, 0.04963839948177338, 0.04976640045642853]}, "median_ms": {"baseline": 0.049497601389884946, "candidate": 0.04989439994096756}, "baseline_over_candidate": 0.9920472327244724}
{"case": {"B": 1, "SEQ_LEN": 8192, "H": 1, "HQ": 16, "D": 128, "S": 1, "block_size": 16, "is_causal": true}, "candidate": "baseline", "phase": "compile_correctness"}
{"case": {"B": 1, "SEQ_LEN": 8192, "H": 1, "HQ": 16, "D": 128, "S": 1, "block_size": 16, "is_causal": true}, "candidate": "candidate", "phase": "compile_correctness"}
{"case": {"B": 1, "SEQ_LEN": 8192, "H": 1, "HQ": 16, "D": 128, "S": 1, "block_size": 16, "is_causal": true}, "seed": 340, "status": "PASS", "call_event_ms": {"baseline": [0.10355199575424194, 0.10278400182723998, 0.1021183967590332, 0.10245120525360107], "candidate": [0.09907199740409851, 0.10081280469894409, 0.09976320266723633, 0.10009599924087524]}, "median_ms": {"baseline": 0.10261760354042053, "candidate": 0.09992960095405579}, "baseline_over_candidate": 1.0268989624765998}
{"case": {"B": 2, "SEQ_LEN": 8192, "H": 1, "HQ": 16, "D": 64, "S": 1, "block_size": 16, "is_causal": true}, "candidate": "baseline", "phase": "compile_correctness"}
{"case": {"B": 2, "SEQ_LEN": 8192, "H": 1, "HQ": 16, "D": 64, "S": 1, "block_size": 16, "is_causal": true}, "candidate": "candidate", "phase": "compile_correctness"}
2026-09-07 09:32:39  [TileLang:tilelang.cache.kernel_cache:WARNING] (kernel_cache.py:342): Found kernel 'kernel' in memory cache. For better performance, consider using `@tilelang.jit` instead of direct kernel caching.
{"case": {"B": 2, "SEQ_LEN": 8192, "H": 1, "HQ": 16, "D": 64, "S": 1, "block_size": 16, "is_causal": true}, "seed": 340, "status": "PASS", "call_event_ms": {"baseline": [0.0896511971950531, 0.08929280042648316, 0.08919039964675904, 0.08919039964675904], "candidate": [0.09031680226325989, 0.0889855980873108, 0.0899071991443634, 0.08967679738998413]}, "median_ms": {"baseline": 0.0892416000366211, "candidate": 0.08979199826717377}, "baseline_over_candidate": 0.9938702975635426}
{"case": {"B": 4, "SEQ_LEN": 8192, "H": 1, "HQ": 16, "D": 32, "S": 1, "block_size": 16, "is_causal": true}, "candidate": "baseline", "phase": "compile_correctness"}
{"case": {"B": 4, "SEQ_LEN": 8192, "H": 1, "HQ": 16, "D": 32, "S": 1, "block_size": 16, "is_causal": true}, "candidate": "candidate", "phase": "compile_correctness"}
2026-09-07 09:32:40  [TileLang:tilelang.cache.kernel_cache:WARNING] (kernel_cache.py:342): Found kernel 'kernel' in memory cache. For better performance, consider using `@tilelang.jit` instead of direct kernel caching.
{"case": {"B": 4, "SEQ_LEN": 8192, "H": 1, "HQ": 16, "D": 32, "S": 1, "block_size": 16, "is_causal": true}, "seed": 340, "status": "PASS", "call_event_ms": {"baseline": [0.07495679855346679, 0.07511039972305297, 0.07444480061531067, 0.07434239983558655], "candidate": [0.07462400197982788, 0.07457280158996582, 0.07434239983558655, 0.07449600100517273]}, "median_ms": {"baseline": 0.07470079958438873, "candidate": 0.07453440129756927}, "baseline_over_candidate": 1.0022325031652852}
{"case": {"B": 1, "SEQ_LEN": 16384, "H": 1, "HQ": 16, "D": 32, "S": 1, "block_size": 16, "is_causal": true}, "candidate": "baseline", "phase": "compile_correctness"}
{"case": {"B": 1, "SEQ_LEN": 16384, "H": 1, "HQ": 16, "D": 32, "S": 1, "block_size": 16, "is_causal": true}, "candidate": "candidate", "phase": "compile_correctness"}
2026-09-07 09:32:41  [TileLang:tilelang.cache.kernel_cache:WARNING] (kernel_cache.py:342): Found kernel 'kernel' in memory cache. For better performance, consider using `@tilelang.jit` instead of direct kernel caching.
{"case": {"B": 1, "SEQ_LEN": 16384, "H": 1, "HQ": 16, "D": 32, "S": 1, "block_size": 16, "is_causal": true}, "seed": 340, "status": "PASS", "call_event_ms": {"baseline": [0.04147199988365173, 0.04183039963245392, 0.04149760007858276, 0.04162560105323791], "candidate": [0.04154880046844482, 0.042393600940704344, 0.04157440066337585, 0.04160000085830688]}, "median_ms": {"baseline": 0.04156160056591034, "candidate": 0.04158720076084137}, "baseline_over_candidate": 0.9993844213012015}
{"case": {"B": 1, "SEQ_LEN": 16384, "H": 1, "HQ": 16, "D": 64, "S": 1, "block_size": 16, "is_causal": true}, "candidate": "baseline", "phase": "compile_correctness"}
{"case": {"B": 1, "SEQ_LEN": 16384, "H": 1, "HQ": 16, "D": 64, "S": 1, "block_size": 16, "is_causal": true}, "candidate": "candidate", "phase": "compile_correctness"}
2026-09-07 09:32:41  [TileLang:tilelang.cache.kernel_cache:WARNING] (kernel_cache.py:342): Found kernel 'kernel' in memory cache. For better performance, consider using `@tilelang.jit` instead of direct kernel caching.
{"case": {"B": 1, "SEQ_LEN": 16384, "H": 1, "HQ": 16, "D": 64, "S": 1, "block_size": 16, "is_causal": true}, "seed": 340, "status": "PASS", "call_event_ms": {"baseline": [0.09159680008888245, 0.0936191976070404, 0.09159680008888245, 0.0917248010635376], "candidate": [0.09098240137100219, 0.09085440039634704, 0.09072639942169189, 0.09057279825210571]}, "median_ms": {"baseline": 0.09166080057621002, "candidate": 0.09079039990901946}, "baseline_over_candidate": 1.009586924036713}
{"case": {"B": 2, "SEQ_LEN": 16384, "H": 1, "HQ": 16, "D": 32, "S": 1, "block_size": 16, "is_causal": true}, "candidate": "baseline", "phase": "compile_correctness"}
{"case": {"B": 2, "SEQ_LEN": 16384, "H": 1, "HQ": 16, "D": 32, "S": 1, "block_size": 16, "is_causal": true}, "candidate": "candidate", "phase": "compile_correctness"}
2026-09-07 09:32:42  [TileLang:tilelang.cache.kernel_cache:WARNING] (kernel_cache.py:342): Found kernel 'kernel' in memory cache. For better performance, consider using `@tilelang.jit` instead of direct kernel caching.
{"case": {"B": 2, "SEQ_LEN": 16384, "H": 1, "HQ": 16, "D": 32, "S": 1, "block_size": 16, "is_causal": true}, "seed": 340, "status": "PASS", "call_event_ms": {"baseline": [0.07462400197982788, 0.0762112021446228, 0.07452160120010376, 0.07454720139503479], "candidate": [0.07490559816360473, 0.07482879757881164, 0.07457280158996582, 0.07454720139503479]}, "median_ms": {"baseline": 0.07458560168743134, "candidate": 0.07470079958438873}, "baseline_over_candidate": 0.9984578759852863}
