Loading tilelang libs from dev root: /opt/tilelang-metax-v0.1.10/build
{"case": {"B": 1, "SEQ_LEN": 64, "H": 1, "HQ": 16, "D": 32, "S": 1, "block_size": 16, "is_causal": true}, "candidate": "baseline", "phase": "compile_correctness"}
{"case": {"B": 1, "SEQ_LEN": 64, "H": 1, "HQ": 16, "D": 32, "S": 1, "block_size": 16, "is_causal": true}, "candidate": "candidate", "phase": "compile_correctness"}
2026-09-07 09:15:45  [TileLang:tilelang.jit.kernel:INFO] (kernel.py:129): TileLang begins to compile kernel `kernel` with `out_idx=None`
2026-09-07 09:15:48  [TileLang:tilelang.jit.kernel:INFO] (kernel.py:137): TileLang completes to compile kernel `kernel`
{"case": {"B": 1, "SEQ_LEN": 64, "H": 1, "HQ": 16, "D": 32, "S": 1, "block_size": 16, "is_causal": true}, "seed": 334, "status": "PASS", "call_event_ms": {"baseline": [0.013823999464511872, 0.01080320030450821, 0.010598400235176086, 0.010726399719715118], "candidate": [0.012006399780511856, 0.011264000087976456, 0.01090560033917427, 0.01090560033917427]}, "median_ms": {"baseline": 0.010764800012111664, "candidate": 0.011084800213575363}, "baseline_over_candidate": 0.9711316221043118}
{"case": {"B": 1, "SEQ_LEN": 64, "H": 1, "HQ": 16, "D": 64, "S": 1, "block_size": 16, "is_causal": true}, "candidate": "baseline", "phase": "compile_correctness"}
{"case": {"B": 1, "SEQ_LEN": 64, "H": 1, "HQ": 16, "D": 64, "S": 1, "block_size": 16, "is_causal": true}, "candidate": "candidate", "phase": "compile_correctness"}
2026-09-07 09:15:49  [TileLang:tilelang.jit.kernel:INFO] (kernel.py:129): TileLang begins to compile kernel `kernel` with `out_idx=None`
2026-09-07 09:15:52  [TileLang:tilelang.jit.kernel:INFO] (kernel.py:137): TileLang completes to compile kernel `kernel`
{"case": {"B": 1, "SEQ_LEN": 64, "H": 1, "HQ": 16, "D": 64, "S": 1, "block_size": 16, "is_causal": true}, "seed": 334, "status": "PASS", "call_event_ms": {"baseline": [0.013542400300502777, 0.010623999685049058, 0.010521599650382995, 0.012902399897575379], "candidate": [0.01223680004477501, 0.010956799983978272, 0.010700800269842149, 0.010649599879980088]}, "median_ms": {"baseline": 0.011763199791312219, "candidate": 0.010828800126910211}, "baseline_over_candidate": 1.0862883840731319}
{"case": {"B": 1, "SEQ_LEN": 64, "H": 1, "HQ": 16, "D": 128, "S": 1, "block_size": 16, "is_causal": true}, "candidate": "baseline", "phase": "compile_correctness"}
{"case": {"B": 1, "SEQ_LEN": 64, "H": 1, "HQ": 16, "D": 128, "S": 1, "block_size": 16, "is_causal": true}, "candidate": "candidate", "phase": "compile_correctness"}
2026-09-07 09:15:53  [TileLang:tilelang.jit.kernel:INFO] (kernel.py:129): TileLang begins to compile kernel `kernel` with `out_idx=None`
2026-09-07 09:15:56  [TileLang:tilelang.jit.kernel:INFO] (kernel.py:137): TileLang completes to compile kernel `kernel`
{"case": {"B": 1, "SEQ_LEN": 64, "H": 1, "HQ": 16, "D": 128, "S": 1, "block_size": 16, "is_causal": true}, "seed": 334, "status": "PASS", "call_event_ms": {"baseline": [0.013900800049304963, 0.011443199962377549, 0.011494400352239609, 0.011417599767446518], "candidate": [0.011955200135707856, 0.010956799983978272, 0.010828799754381179, 0.011033599823713302]}, "median_ms": {"baseline": 0.011468800157308579, "candidate": 0.010995199903845787}, "baseline_over_candidate": 1.043073364523108}
{"case": {"B": 1, "SEQ_LEN": 128, "H": 1, "HQ": 16, "D": 32, "S": 1, "block_size": 16, "is_causal": true}, "candidate": "baseline", "phase": "compile_correctness"}
{"case": {"B": 1, "SEQ_LEN": 128, "H": 1, "HQ": 16, "D": 32, "S": 1, "block_size": 16, "is_causal": true}, "candidate": "candidate", "phase": "compile_correctness"}
2026-09-07 09:15:57  [TileLang:tilelang.jit.kernel:INFO] (kernel.py:129): TileLang begins to compile kernel `kernel` with `out_idx=None`
2026-09-07 09:16:00  [TileLang:tilelang.jit.kernel:INFO] (kernel.py:137): TileLang completes to compile kernel `kernel`
{"case": {"B": 1, "SEQ_LEN": 128, "H": 1, "HQ": 16, "D": 32, "S": 1, "block_size": 16, "is_causal": true}, "seed": 334, "status": "PASS", "call_event_ms": {"baseline": [0.017100800573825837, 0.010521599650382995, 0.010342399775981902, 0.010291200131177902], "candidate": [0.011878400295972823, 0.01090560033917427, 0.011007999628782272, 0.010751999914646149]}, "median_ms": {"baseline": 0.010431999713182448, "candidate": 0.01095679998397827}, "baseline_over_candidate": 0.9521027789534153}
{"case": {"B": 1, "SEQ_LEN": 128, "H": 1, "HQ": 16, "D": 64, "S": 1, "block_size": 16, "is_causal": true}, "candidate": "baseline", "phase": "compile_correctness"}
{"case": {"B": 1, "SEQ_LEN": 128, "H": 1, "HQ": 16, "D": 64, "S": 1, "block_size": 16, "is_causal": true}, "candidate": "candidate", "phase": "compile_correctness"}
2026-09-07 09:16:00  [TileLang:tilelang.jit.kernel:INFO] (kernel.py:129): TileLang begins to compile kernel `kernel` with `out_idx=None`
2026-09-07 09:16:03  [TileLang:tilelang.jit.kernel:INFO] (kernel.py:137): TileLang completes to compile kernel `kernel`
{"case": {"B": 1, "SEQ_LEN": 128, "H": 1, "HQ": 16, "D": 64, "S": 1, "block_size": 16, "is_causal": true}, "seed": 334, "status": "PASS", "call_event_ms": {"baseline": [0.0137472003698349, 0.010547199845314026, 0.010470400005578995, 0.010342399775981902], "candidate": [0.011110399663448334, 0.010623999685049058, 0.010777600109577179, 0.010828799754381179]}, "median_ms": {"baseline": 0.01050879992544651, "candidate": 0.010803199931979179}, "baseline_over_candidate": 0.9727488143895959}
{"case": {"B": 1, "SEQ_LEN": 128, "H": 1, "HQ": 16, "D": 128, "S": 1, "block_size": 16, "is_causal": true}, "candidate": "baseline", "phase": "compile_correctness"}
{"case": {"B": 1, "SEQ_LEN": 128, "H": 1, "HQ": 16, "D": 128, "S": 1, "block_size": 16, "is_causal": true}, "candidate": "candidate", "phase": "compile_correctness"}
2026-09-07 09:16:04  [TileLang:tilelang.jit.kernel:INFO] (kernel.py:129): TileLang begins to compile kernel `kernel` with `out_idx=None`
2026-09-07 09:16:07  [TileLang:tilelang.jit.kernel:INFO] (kernel.py:137): TileLang completes to compile kernel `kernel`
{"case": {"B": 1, "SEQ_LEN": 128, "H": 1, "HQ": 16, "D": 128, "S": 1, "block_size": 16, "is_causal": true}, "seed": 334, "status": "PASS", "call_event_ms": {"baseline": [0.013209599256515502, 0.011648000031709672, 0.011699199676513672, 0.01157120019197464], "candidate": [0.011366400122642516, 0.01088000014424324, 0.010931199789047242, 0.011084800213575363]}, "median_ms": {"baseline": 0.011673599854111672, "candidate": 0.011008000001311302}, "baseline_over_candidate": 1.0604651028998076}
{"case": {"B": 1, "SEQ_LEN": 256, "H": 1, "HQ": 16, "D": 32, "S": 1, "block_size": 16, "is_causal": true}, "candidate": "baseline", "phase": "compile_correctness"}
{"case": {"B": 1, "SEQ_LEN": 256, "H": 1, "HQ": 16, "D": 32, "S": 1, "block_size": 16, "is_causal": true}, "candidate": "candidate", "phase": "compile_correctness"}
2026-09-07 09:16:08  [TileLang:tilelang.jit.kernel:INFO] (kernel.py:129): TileLang begins to compile kernel `kernel` with `out_idx=None`
2026-09-07 09:16:11  [TileLang:tilelang.jit.kernel:INFO] (kernel.py:137): TileLang completes to compile kernel `kernel`
{"case": {"B": 1, "SEQ_LEN": 256, "H": 1, "HQ": 16, "D": 32, "S": 1, "block_size": 16, "is_causal": true}, "seed": 334, "status": "PASS", "call_event_ms": {"baseline": [0.014003199338912965, 0.010726399719715118, 0.010367999970912933, 0.010393600165843963], "candidate": [0.011929599940776825, 0.011519999802112579, 0.010726399719715118, 0.010726399719715118]}, "median_ms": {"baseline": 0.01055999994277954, "candidate": 0.01112319976091385}, "baseline_over_candidate": 0.9493671038693962}
{"case": {"B": 1, "SEQ_LEN": 256, "H": 1, "HQ": 16, "D": 64, "S": 1, "block_size": 16, "is_causal": true}, "candidate": "baseline", "phase": "compile_correctness"}
{"case": {"B": 1, "SEQ_LEN": 256, "H": 1, "HQ": 16, "D": 64, "S": 1, "block_size": 16, "is_causal": true}, "candidate": "candidate", "phase": "compile_correctness"}
2026-09-07 09:16:12  [TileLang:tilelang.jit.kernel:INFO] (kernel.py:129): TileLang begins to compile kernel `kernel` with `out_idx=None`
2026-09-07 09:16:15  [TileLang:tilelang.jit.kernel:INFO] (kernel.py:137): TileLang completes to compile kernel `kernel`
{"case": {"B": 1, "SEQ_LEN": 256, "H": 1, "HQ": 16, "D": 64, "S": 1, "block_size": 16, "is_causal": true}, "seed": 334, "status": "PASS", "call_event_ms": {"baseline": [0.013363200426101684, 0.01085439994931221, 0.010726399719715118, 0.010675200074911118], "candidate": [0.011494400352239609, 0.014028799533843995, 0.011033599823713302, 0.010828799754381179]}, "median_ms": {"baseline": 0.010790399834513664, "candidate": 0.011264000087976456}, "baseline_over_candidate": 0.9579545232809145}
{"case": {"B": 1, "SEQ_LEN": 256, "H": 1, "HQ": 16, "D": 128, "S": 1, "block_size": 16, "is_causal": true}, "candidate": "baseline", "phase": "compile_correctness"}
{"case": {"B": 1, "SEQ_LEN": 256, "H": 1, "HQ": 16, "D": 128, "S": 1, "block_size": 16, "is_causal": true}, "candidate": "candidate", "phase": "compile_correctness"}
2026-09-07 09:16:16  [TileLang:tilelang.jit.kernel:INFO] (kernel.py:129): TileLang begins to compile kernel `kernel` with `out_idx=None`
2026-09-07 09:16:19  [TileLang:tilelang.jit.kernel:INFO] (kernel.py:137): TileLang completes to compile kernel `kernel`
{"case": {"B": 1, "SEQ_LEN": 256, "H": 1, "HQ": 16, "D": 128, "S": 1, "block_size": 16, "is_causal": true}, "seed": 334, "status": "PASS", "call_event_ms": {"baseline": [0.013619199395179749, 0.011852800101041793, 0.011750400066375732, 0.011622399836778641], "candidate": [0.011443199962377549, 0.010982400178909302, 0.014412799477577209, 0.010931199789047242]}, "median_ms": {"baseline": 0.011801600083708763, "candidate": 0.011212800070643425}, "baseline_over_candidate": 1.0525114163594955}
{"case": {"B": 1, "SEQ_LEN": 512, "H": 1, "HQ": 16, "D": 32, "S": 1, "block_size": 16, "is_causal": true}, "candidate": "baseline", "phase": "compile_correctness"}
{"case": {"B": 1, "SEQ_LEN": 512, "H": 1, "HQ": 16, "D": 32, "S": 1, "block_size": 16, "is_causal": true}, "candidate": "candidate", "phase": "compile_correctness"}
2026-09-07 09:16:19  [TileLang:tilelang.jit.kernel:INFO] (kernel.py:129): TileLang begins to compile kernel `kernel` with `out_idx=None`
2026-09-07 09:16:22  [TileLang:tilelang.jit.kernel:INFO] (kernel.py:137): TileLang completes to compile kernel `kernel`
{"case": {"B": 1, "SEQ_LEN": 512, "H": 1, "HQ": 16, "D": 32, "S": 1, "block_size": 16, "is_causal": true}, "seed": 334, "status": "PASS", "call_event_ms": {"baseline": [0.0130048006772995, 0.01090560033917427, 0.010521599650382995, 0.010547199845314026], "candidate": [0.011366400122642516, 0.011007999628782272, 0.010828799754381179, 0.01080320030450821]}, "median_ms": {"baseline": 0.010726400092244147, "candidate": 0.010918399691581725}, "baseline_over_candidate": 0.982415042061007}
{"case": {"B": 1, "SEQ_LEN": 512, "H": 1, "HQ": 16, "D": 64, "S": 1, "block_size": 16, "is_causal": true}, "candidate": "baseline", "phase": "compile_correctness"}
{"case": {"B": 1, "SEQ_LEN": 512, "H": 1, "HQ": 16, "D": 64, "S": 1, "block_size": 16, "is_causal": true}, "candidate": "candidate", "phase": "compile_correctness"}
2026-09-07 09:16:23  [TileLang:tilelang.jit.kernel:INFO] (kernel.py:129): TileLang begins to compile kernel `kernel` with `out_idx=None`
2026-09-07 09:16:26  [TileLang:tilelang.jit.kernel:INFO] (kernel.py:137): TileLang completes to compile kernel `kernel`
{"case": {"B": 1, "SEQ_LEN": 512, "H": 1, "HQ": 16, "D": 64, "S": 1, "block_size": 16, "is_causal": true}, "seed": 334, "status": "PASS", "call_event_ms": {"baseline": [0.013184000551700593, 0.01080320030450821, 0.01080320030450821, 0.010700800269842149], "candidate": [0.011519999802112579, 0.011135999858379365, 0.010982400178909302, 0.01085439994931221]}, "median_ms": {"baseline": 0.01080320030450821, "candidate": 0.011059200018644334}, "baseline_over_candidate": 0.9768518777393895}
{"case": {"B": 1, "SEQ_LEN": 512, "H": 1, "HQ": 16, "D": 128, "S": 1, "block_size": 16, "is_causal": true}, "candidate": "baseline", "phase": "compile_correctness"}
{"case": {"B": 1, "SEQ_LEN": 512, "H": 1, "HQ": 16, "D": 128, "S": 1, "block_size": 16, "is_causal": true}, "candidate": "candidate", "phase": "compile_correctness"}
2026-09-07 09:16:27  [TileLang:tilelang.jit.kernel:INFO] (kernel.py:129): TileLang begins to compile kernel `kernel` with `out_idx=None`
2026-09-07 09:16:30  [TileLang:tilelang.jit.kernel:INFO] (kernel.py:137): TileLang completes to compile kernel `kernel`
{"case": {"B": 1, "SEQ_LEN": 512, "H": 1, "HQ": 16, "D": 128, "S": 1, "block_size": 16, "is_causal": true}, "seed": 334, "status": "PASS", "call_event_ms": {"baseline": [0.02022400051355362, 0.013977600634098053, 0.014361600577831268, 0.01372160017490387], "candidate": [0.014771200716495514, 0.014591999351978302, 0.013875199854373932, 0.013900800049304963]}, "median_ms": {"baseline": 0.014169600605964661, "candidate": 0.014246399700641631}, "baseline_over_candidate": 0.9946092278547042}
{"case": {"B": 1, "SEQ_LEN": 1024, "H": 1, "HQ": 16, "D": 32, "S": 1, "block_size": 16, "is_causal": true}, "candidate": "baseline", "phase": "compile_correctness"}
{"case": {"B": 1, "SEQ_LEN": 1024, "H": 1, "HQ": 16, "D": 32, "S": 1, "block_size": 16, "is_causal": true}, "candidate": "candidate", "phase": "compile_correctness"}
2026-09-07 09:16:31  [TileLang:tilelang.jit.kernel:INFO] (kernel.py:129): TileLang begins to compile kernel `kernel` with `out_idx=None`
2026-09-07 09:16:34  [TileLang:tilelang.jit.kernel:INFO] (kernel.py:137): TileLang completes to compile kernel `kernel`
{"case": {"B": 1, "SEQ_LEN": 1024, "H": 1, "HQ": 16, "D": 32, "S": 1, "block_size": 16, "is_causal": true}, "seed": 334, "status": "PASS", "call_event_ms": {"baseline": [0.013132800161838532, 0.011033599823713302, 0.010623999685049058, 0.010496000200510025], "candidate": [0.011468800157308579, 0.014233599603176116, 0.011059200018644333, 0.011059200018644333]}, "median_ms": {"baseline": 0.010828799754381179, "candidate": 0.011264000087976456}, "baseline_over_candidate": 0.9613636070493445}
{"case": {"B": 1, "SEQ_LEN": 1024, "H": 1, "HQ": 16, "D": 64, "S": 1, "block_size": 16, "is_causal": true}, "candidate": "baseline", "phase": "compile_correctness"}
{"case": {"B": 1, "SEQ_LEN": 1024, "H": 1, "HQ": 16, "D": 64, "S": 1, "block_size": 16, "is_causal": true}, "candidate": "candidate", "phase": "compile_correctness"}
2026-09-07 09:16:35  [TileLang:tilelang.jit.kernel:INFO] (kernel.py:129): TileLang begins to compile kernel `kernel` with `out_idx=None`
2026-09-07 09:16:37  [TileLang:tilelang.jit.kernel:INFO] (kernel.py:137): TileLang completes to compile kernel `kernel`
{"case": {"B": 1, "SEQ_LEN": 1024, "H": 1, "HQ": 16, "D": 64, "S": 1, "block_size": 16, "is_causal": true}, "seed": 334, "status": "PASS", "call_event_ms": {"baseline": [0.013081599771976472, 0.011007999628782272, 0.010931199789047242, 0.01085439994931221], "candidate": [0.011648000031709672, 0.011238399893045425, 0.011622399836778641, 0.011110399663448334]}, "median_ms": {"baseline": 0.010969599708914757, "candidate": 0.011430399864912033}, "baseline_over_candidate": 0.959686436043957}
{"case": {"B": 1, "SEQ_LEN": 1024, "H": 1, "HQ": 16, "D": 128, "S": 1, "block_size": 16, "is_causal": true}, "candidate": "baseline", "phase": "compile_correctness"}
{"case": {"B": 1, "SEQ_LEN": 1024, "H": 1, "HQ": 16, "D": 128, "S": 1, "block_size": 16, "is_causal": true}, "candidate": "candidate", "phase": "compile_correctness"}
2026-09-07 09:16:38  [TileLang:tilelang.jit.kernel:INFO] (kernel.py:129): TileLang begins to compile kernel `kernel` with `out_idx=None`
2026-09-07 09:16:41  [TileLang:tilelang.jit.kernel:INFO] (kernel.py:137): TileLang completes to compile kernel `kernel`
{"case": {"B": 1, "SEQ_LEN": 1024, "H": 1, "HQ": 16, "D": 128, "S": 1, "block_size": 16, "is_causal": true}, "seed": 334, "status": "PASS", "call_event_ms": {"baseline": [0.019968000054359437, 0.018636800348758698, 0.018585599958896637, 0.018918399512767792], "candidate": [0.01643519997596741, 0.016358399391174318, 0.016179199516773223, 0.016204799711704253]}, "median_ms": {"baseline": 0.018777599930763243, "candidate": 0.016281599551439284}, "baseline_over_candidate": 1.1533019143136531}
{"case": {"B": 2, "SEQ_LEN": 64, "H": 1, "HQ": 16, "D": 64, "S": 1, "block_size": 16, "is_causal": true}, "candidate": "baseline", "phase": "compile_correctness"}
{"case": {"B": 2, "SEQ_LEN": 64, "H": 1, "HQ": 16, "D": 64, "S": 1, "block_size": 16, "is_causal": true}, "candidate": "candidate", "phase": "compile_correctness"}
2026-09-07 09:16:42  [TileLang:tilelang.jit.kernel:INFO] (kernel.py:129): TileLang begins to compile kernel `kernel` with `out_idx=None`
2026-09-07 09:16:45  [TileLang:tilelang.jit.kernel:INFO] (kernel.py:137): TileLang completes to compile kernel `kernel`
{"case": {"B": 2, "SEQ_LEN": 64, "H": 1, "HQ": 16, "D": 64, "S": 1, "block_size": 16, "is_causal": true}, "seed": 334, "status": "PASS", "call_event_ms": {"baseline": [0.012928000092506409, 0.010982400178909302, 0.010547199845314026, 0.010496000200510025], "candidate": [0.011699199676513672, 0.011059200018644333, 0.010982400178909302, 0.011084800213575363]}, "median_ms": {"baseline": 0.010764800012111664, "candidate": 0.011072000116109848}, "baseline_over_candidate": 0.9722543261581794}
{"case": {"B": 2, "SEQ_LEN": 64, "H": 1, "HQ": 16, "D": 128, "S": 1, "block_size": 16, "is_causal": true}, "candidate": "baseline", "phase": "compile_correctness"}
{"case": {"B": 2, "SEQ_LEN": 64, "H": 1, "HQ": 16, "D": 128, "S": 1, "block_size": 16, "is_causal": true}, "candidate": "candidate", "phase": "compile_correctness"}
2026-09-07 09:16:46  [TileLang:tilelang.jit.kernel:INFO] (kernel.py:129): TileLang begins to compile kernel `kernel` with `out_idx=None`
2026-09-07 09:16:49  [TileLang:tilelang.jit.kernel:INFO] (kernel.py:137): TileLang completes to compile kernel `kernel`
{"case": {"B": 2, "SEQ_LEN": 64, "H": 1, "HQ": 16, "D": 128, "S": 1, "block_size": 16, "is_causal": true}, "seed": 334, "status": "PASS", "call_event_ms": {"baseline": [0.01446399986743927, 0.011776000261306763, 0.011622399836778641, 0.011648000031709672], "candidate": [0.011519999802112579, 0.014233599603176116, 0.010828799754381179, 0.010649599879980088]}, "median_ms": {"baseline": 0.011712000146508217, "candidate": 0.011174399778246878}, "baseline_over_candidate": 1.0481099995462737}
{"case": {"B": 2, "SEQ_LEN": 128, "H": 1, "HQ": 16, "D": 32, "S": 1, "block_size": 16, "is_causal": true}, "candidate": "baseline", "phase": "compile_correctness"}
{"case": {"B": 2, "SEQ_LEN": 128, "H": 1, "HQ": 16, "D": 32, "S": 1, "block_size": 16, "is_causal": true}, "candidate": "candidate", "phase": "compile_correctness"}
2026-09-07 09:16:50  [TileLang:tilelang.jit.kernel:INFO] (kernel.py:129): TileLang begins to compile kernel `kernel` with `out_idx=None`
2026-09-07 09:16:53  [TileLang:tilelang.jit.kernel:INFO] (kernel.py:137): TileLang completes to compile kernel `kernel`
{"case": {"B": 2, "SEQ_LEN": 128, "H": 1, "HQ": 16, "D": 32, "S": 1, "block_size": 16, "is_causal": true}, "seed": 334, "status": "PASS", "call_event_ms": {"baseline": [0.013875199854373932, 0.010777600109577179, 0.010751999914646149, 0.010700800269842149], "candidate": [0.013030399382114411, 0.012185599654912949, 0.010726399719715118, 0.010931199789047242]}, "median_ms": {"baseline": 0.010764800012111664, "candidate": 0.011558399721980094}, "baseline_over_candidate": 0.9313400013014538}
{"case": {"B": 2, "SEQ_LEN": 128, "H": 1, "HQ": 16, "D": 64, "S": 1, "block_size": 16, "is_causal": true}, "candidate": "baseline", "phase": "compile_correctness"}
{"case": {"B": 2, "SEQ_LEN": 128, "H": 1, "HQ": 16, "D": 64, "S": 1, "block_size": 16, "is_causal": true}, "candidate": "candidate", "phase": "compile_correctness"}
2026-09-07 09:16:54  [TileLang:tilelang.jit.kernel:INFO] (kernel.py:129): TileLang begins to compile kernel `kernel` with `out_idx=None`
2026-09-07 09:16:57  [TileLang:tilelang.jit.kernel:INFO] (kernel.py:137): TileLang completes to compile kernel `kernel`
{"case": {"B": 2, "SEQ_LEN": 128, "H": 1, "HQ": 16, "D": 64, "S": 1, "block_size": 16, "is_causal": true}, "seed": 334, "status": "PASS", "call_event_ms": {"baseline": [0.013849599659442902, 0.011059200018644333, 0.010470400005578995, 0.010572800040245056], "candidate": [0.011443199962377549, 0.013875199854373932, 0.010931199789047242, 0.010931199789047242]}, "median_ms": {"baseline": 0.010816000029444694, "candidate": 0.011187199875712395}, "baseline_over_candidate": 0.9668192353411347}
{"case": {"B": 2, "SEQ_LEN": 128, "H": 1, "HQ": 16, "D": 128, "S": 1, "block_size": 16, "is_causal": true}, "candidate": "baseline", "phase": "compile_correctness"}
{"case": {"B": 2, "SEQ_LEN": 128, "H": 1, "HQ": 16, "D": 128, "S": 1, "block_size": 16, "is_causal": true}, "candidate": "candidate", "phase": "compile_correctness"}
2026-09-07 09:16:58  [TileLang:tilelang.jit.kernel:INFO] (kernel.py:129): TileLang begins to compile kernel `kernel` with `out_idx=None`
2026-09-07 09:17:01  [TileLang:tilelang.jit.kernel:INFO] (kernel.py:137): TileLang completes to compile kernel `kernel`
{"case": {"B": 2, "SEQ_LEN": 128, "H": 1, "HQ": 16, "D": 128, "S": 1, "block_size": 16, "is_causal": true}, "seed": 334, "status": "PASS", "call_event_ms": {"baseline": [0.016051200032234193, 0.011852800101041793, 0.011827199906110763, 0.011750400066375732], "candidate": [0.011673600226640702, 0.011084800213575363, 0.01088000014424324, 0.01090560033917427]}, "median_ms": {"baseline": 0.011840000003576278, "candidate": 0.010995200276374816}, "baseline_over_candidate": 1.0768335006154157}
{"case": {"B": 2, "SEQ_LEN": 256, "H": 1, "HQ": 16, "D": 32, "S": 1, "block_size": 16, "is_causal": true}, "candidate": "baseline", "phase": "compile_correctness"}
{"case": {"B": 2, "SEQ_LEN": 256, "H": 1, "HQ": 16, "D": 32, "S": 1, "block_size": 16, "is_causal": true}, "candidate": "candidate", "phase": "compile_correctness"}
2026-09-07 09:17:02  [TileLang:tilelang.jit.kernel:INFO] (kernel.py:129): TileLang begins to compile kernel `kernel` with `out_idx=None`
2026-09-07 09:17:04  [TileLang:tilelang.jit.kernel:INFO] (kernel.py:137): TileLang completes to compile kernel `kernel`
{"case": {"B": 2, "SEQ_LEN": 256, "H": 1, "HQ": 16, "D": 32, "S": 1, "block_size": 16, "is_causal": true}, "seed": 334, "status": "PASS", "call_event_ms": {"baseline": [0.013209599256515502, 0.010700800269842149, 0.010675200074911118, 0.010419200360774993], "candidate": [0.01154559999704361, 0.01090560033917427, 0.011110399663448334, 0.010956799983978272]}, "median_ms": {"baseline": 0.010688000172376633, "candidate": 0.011033599823713304}, "baseline_over_candidate": 0.9686775252992309}
{"case": {"B": 2, "SEQ_LEN": 256, "H": 1, "HQ": 16, "D": 64, "S": 1, "block_size": 16, "is_causal": true}, "candidate": "baseline", "phase": "compile_correctness"}
{"case": {"B": 2, "SEQ_LEN": 256, "H": 1, "HQ": 16, "D": 64, "S": 1, "block_size": 16, "is_causal": true}, "candidate": "candidate", "phase": "compile_correctness"}
2026-09-07 09:17:05  [TileLang:tilelang.jit.kernel:INFO] (kernel.py:129): TileLang begins to compile kernel `kernel` with `out_idx=None`
2026-09-07 09:17:08  [TileLang:tilelang.jit.kernel:INFO] (kernel.py:137): TileLang completes to compile kernel `kernel`
{"case": {"B": 2, "SEQ_LEN": 256, "H": 1, "HQ": 16, "D": 64, "S": 1, "block_size": 16, "is_causal": true}, "seed": 334, "status": "PASS", "call_event_ms": {"baseline": [0.01297920048236847, 0.010700800269842149, 0.010598400235176086, 0.010649599879980088], "candidate": [0.011776000261306763, 0.011059200018644333, 0.010931199789047242, 0.011929599940776825]}, "median_ms": {"baseline": 0.010675200074911118, "candidate": 0.011417600139975548}, "baseline_over_candidate": 0.9349775735738789}
{"case": {"B": 2, "SEQ_LEN": 256, "H": 1, "HQ": 16, "D": 128, "S": 1, "block_size": 16, "is_causal": true}, "candidate": "baseline", "phase": "compile_correctness"}
{"case": {"B": 2, "SEQ_LEN": 256, "H": 1, "HQ": 16, "D": 128, "S": 1, "block_size": 16, "is_causal": true}, "candidate": "candidate", "phase": "compile_correctness"}
2026-09-07 09:17:09  [TileLang:tilelang.jit.kernel:INFO] (kernel.py:129): TileLang begins to compile kernel `kernel` with `out_idx=None`
2026-09-07 09:17:12  [TileLang:tilelang.jit.kernel:INFO] (kernel.py:137): TileLang completes to compile kernel `kernel`
{"case": {"B": 2, "SEQ_LEN": 256, "H": 1, "HQ": 16, "D": 128, "S": 1, "block_size": 16, "is_causal": true}, "seed": 334, "status": "PASS", "call_event_ms": {"baseline": [0.015052799880504609, 0.013158400356769562, 0.013184000551700593, 0.013235199451446533], "candidate": [0.013516800105571746, 0.012467200309038163, 0.012415999919176102, 0.0123648002743721]}, "median_ms": {"baseline": 0.013209600001573563, "candidate": 0.012441600114107132}, "baseline_over_candidate": 1.0617283854506478}
{"case": {"B": 2, "SEQ_LEN": 512, "H": 1, "HQ": 16, "D": 32, "S": 1, "block_size": 16, "is_causal": true}, "candidate": "baseline", "phase": "compile_correctness"}
{"case": {"B": 2, "SEQ_LEN": 512, "H": 1, "HQ": 16, "D": 32, "S": 1, "block_size": 16, "is_causal": true}, "candidate": "candidate", "phase": "compile_correctness"}
2026-09-07 09:17:13  [TileLang:tilelang.jit.kernel:INFO] (kernel.py:129): TileLang begins to compile kernel `kernel` with `out_idx=None`
2026-09-07 09:17:16  [TileLang:tilelang.jit.kernel:INFO] (kernel.py:137): TileLang completes to compile kernel `kernel`
{"case": {"B": 2, "SEQ_LEN": 512, "H": 1, "HQ": 16, "D": 32, "S": 1, "block_size": 16, "is_causal": true}, "seed": 334, "status": "PASS", "call_event_ms": {"baseline": [0.013260799646377563, 0.01080320030450821, 0.011955200135707856, 0.010649599879980088], "candidate": [0.011443199962377549, 0.011161600053310395, 0.011161600053310395, 0.010956799983978272]}, "median_ms": {"baseline": 0.011379200220108032, "candidate": 0.011161600053310395}, "baseline_over_candidate": 1.0194954276948043}
{"case": {"B": 2, "SEQ_LEN": 512, "H": 1, "HQ": 16, "D": 64, "S": 1, "block_size": 16, "is_causal": true}, "candidate": "baseline", "phase": "compile_correctness"}
{"case": {"B": 2, "SEQ_LEN": 512, "H": 1, "HQ": 16, "D": 64, "S": 1, "block_size": 16, "is_causal": true}, "candidate": "candidate", "phase": "compile_correctness"}
2026-09-07 09:17:17  [TileLang:tilelang.jit.kernel:INFO] (kernel.py:129): TileLang begins to compile kernel `kernel` with `out_idx=None`
2026-09-07 09:17:20  [TileLang:tilelang.jit.kernel:INFO] (kernel.py:137): TileLang completes to compile kernel `kernel`
{"case": {"B": 2, "SEQ_LEN": 512, "H": 1, "HQ": 16, "D": 64, "S": 1, "block_size": 16, "is_causal": true}, "seed": 334, "status": "PASS", "call_event_ms": {"baseline": [0.013414399325847625, 0.01085439994931221, 0.010982400178909302, 0.010982400178909302], "candidate": [0.011750400066375732, 0.011059200018644333, 0.01443839967250824, 0.011059200018644333]}, "median_ms": {"baseline": 0.010982400178909302, "candidate": 0.011404800042510033}, "baseline_over_candidate": 0.9629629750608265}
{"case": {"B": 2, "SEQ_LEN": 512, "H": 1, "HQ": 16, "D": 128, "S": 1, "block_size": 16, "is_causal": true}, "candidate": "baseline", "phase": "compile_correctness"}
{"case": {"B": 2, "SEQ_LEN": 512, "H": 1, "HQ": 16, "D": 128, "S": 1, "block_size": 16, "is_causal": true}, "candidate": "candidate", "phase": "compile_correctness"}
2026-09-07 09:17:21  [TileLang:tilelang.jit.kernel:INFO] (kernel.py:129): TileLang begins to compile kernel `kernel` with `out_idx=None`
2026-09-07 09:17:24  [TileLang:tilelang.jit.kernel:INFO] (kernel.py:137): TileLang completes to compile kernel `kernel`
{"case": {"B": 2, "SEQ_LEN": 512, "H": 1, "HQ": 16, "D": 128, "S": 1, "block_size": 16, "is_causal": true}, "seed": 334, "status": "PASS", "call_event_ms": {"baseline": [0.020070399343967437, 0.018585599958896637, 0.018278400599956512, 0.01820160001516342], "candidate": [0.017280000448226928, 0.01679359972476959, 0.01669120043516159, 0.017203199863433837]}, "median_ms": {"baseline": 0.018432000279426576, "candidate": 0.016998399794101712}, "baseline_over_candidate": 1.084337378970361}
{"case": {"B": 2, "SEQ_LEN": 1024, "H": 1, "HQ": 16, "D": 32, "S": 1, "block_size": 16, "is_causal": true}, "candidate": "baseline", "phase": "compile_correctness"}
{"case": {"B": 2, "SEQ_LEN": 1024, "H": 1, "HQ": 16, "D": 32, "S": 1, "block_size": 16, "is_causal": true}, "candidate": "candidate", "phase": "compile_correctness"}
2026-09-07 09:17:25  [TileLang:tilelang.jit.kernel:INFO] (kernel.py:129): TileLang begins to compile kernel `kernel` with `out_idx=None`
2026-09-07 09:17:27  [TileLang:tilelang.jit.kernel:INFO] (kernel.py:137): TileLang completes to compile kernel `kernel`
{"case": {"B": 2, "SEQ_LEN": 1024, "H": 1, "HQ": 16, "D": 32, "S": 1, "block_size": 16, "is_causal": true}, "seed": 334, "status": "PASS", "call_event_ms": {"baseline": [0.013516800105571746, 0.011110399663448334, 0.010649599879980088, 0.010751999914646149], "candidate": [0.01451520025730133, 0.011366400122642516, 0.011161600053310395, 0.011084800213575363]}, "median_ms": {"baseline": 0.010931199789047242, "candidate": 0.011264000087976456}, "baseline_over_candidate": 0.9704545191468477}
{"case": {"B": 2, "SEQ_LEN": 1024, "H": 1, "HQ": 16, "D": 64, "S": 1, "block_size": 16, "is_causal": true}, "candidate": "baseline", "phase": "compile_correctness"}
{"case": {"B": 2, "SEQ_LEN": 1024, "H": 1, "HQ": 16, "D": 64, "S": 1, "block_size": 16, "is_causal": true}, "candidate": "candidate", "phase": "compile_correctness"}
2026-09-07 09:17:28  [TileLang:tilelang.jit.kernel:INFO] (kernel.py:129): TileLang begins to compile kernel `kernel` with `out_idx=None`
2026-09-07 09:17:31  [TileLang:tilelang.jit.kernel:INFO] (kernel.py:137): TileLang completes to compile kernel `kernel`
{"case": {"B": 2, "SEQ_LEN": 1024, "H": 1, "HQ": 16, "D": 64, "S": 1, "block_size": 16, "is_causal": true}, "seed": 334, "status": "PASS", "call_event_ms": {"baseline": [0.0194815993309021, 0.01791999936103821, 0.017817600071430205, 0.017894400656223296], "candidate": [0.01820160001516342, 0.018457600474357606, 0.01807360053062439, 0.017766399681568144]}, "median_ms": {"baseline": 0.017907200008630754, "candidate": 0.018137600272893906}, "baseline_over_candidate": 0.9872970921843791}
{"case": {"B": 2, "SEQ_LEN": 1024, "H": 1, "HQ": 16, "D": 128, "S": 1, "block_size": 16, "is_causal": true}, "candidate": "baseline", "phase": "compile_correctness"}
{"case": {"B": 2, "SEQ_LEN": 1024, "H": 1, "HQ": 16, "D": 128, "S": 1, "block_size": 16, "is_causal": true}, "candidate": "candidate", "phase": "compile_correctness"}
2026-09-07 09:17:32  [TileLang:tilelang.jit.kernel:INFO] (kernel.py:129): TileLang begins to compile kernel `kernel` with `out_idx=None`
2026-09-07 09:17:35  [TileLang:tilelang.jit.kernel:INFO] (kernel.py:137): TileLang completes to compile kernel `kernel`
{"case": {"B": 2, "SEQ_LEN": 1024, "H": 1, "HQ": 16, "D": 128, "S": 1, "block_size": 16, "is_causal": true}, "seed": 334, "status": "PASS", "call_event_ms": {"baseline": [0.037222400307655334, 0.034867200255393985, 0.034995201230049136, 0.035123199224472046], "candidate": [0.03251200020313263, 0.03223040103912354, 0.03184640109539032, 0.031488001346588135]}, "median_ms": {"baseline": 0.03505920022726059, "candidate": 0.03203840106725693}, "baseline_over_candidate": 1.0942868264137844}
{"case": {"B": 4, "SEQ_LEN": 64, "H": 1, "HQ": 16, "D": 32, "S": 1, "block_size": 16, "is_causal": true}, "candidate": "baseline", "phase": "compile_correctness"}
{"case": {"B": 4, "SEQ_LEN": 64, "H": 1, "HQ": 16, "D": 32, "S": 1, "block_size": 16, "is_causal": true}, "candidate": "candidate", "phase": "compile_correctness"}
2026-09-07 09:17:36  [TileLang:tilelang.jit.kernel:INFO] (kernel.py:129): TileLang begins to compile kernel `kernel` with `out_idx=None`
2026-09-07 09:17:39  [TileLang:tilelang.jit.kernel:INFO] (kernel.py:137): TileLang completes to compile kernel `kernel`
{"case": {"B": 4, "SEQ_LEN": 64, "H": 1, "HQ": 16, "D": 32, "S": 1, "block_size": 16, "is_causal": true}, "seed": 334, "status": "PASS", "call_event_ms": {"baseline": [0.013184000551700593, 0.010675200074911118, 0.010598400235176086, 0.010419200360774993], "candidate": [0.011135999858379365, 0.01080320030450821, 0.010931199789047242, 0.010751999914646149]}, "median_ms": {"baseline": 0.010636800155043601, "candidate": 0.010867200046777725}, "baseline_over_candidate": 0.9787985966263278}
{"case": {"B": 4, "SEQ_LEN": 64, "H": 1, "HQ": 16, "D": 64, "S": 1, "block_size": 16, "is_causal": true}, "candidate": "baseline", "phase": "compile_correctness"}
{"case": {"B": 4, "SEQ_LEN": 64, "H": 1, "HQ": 16, "D": 64, "S": 1, "block_size": 16, "is_causal": true}, "candidate": "candidate", "phase": "compile_correctness"}
2026-09-07 09:17:40  [TileLang:tilelang.jit.kernel:INFO] (kernel.py:129): TileLang begins to compile kernel `kernel` with `out_idx=None`
2026-09-07 09:17:43  [TileLang:tilelang.jit.kernel:INFO] (kernel.py:137): TileLang completes to compile kernel `kernel`
{"case": {"B": 4, "SEQ_LEN": 64, "H": 1, "HQ": 16, "D": 64, "S": 1, "block_size": 16, "is_causal": true}, "seed": 334, "status": "PASS", "call_event_ms": {"baseline": [0.01446399986743927, 0.011366400122642516, 0.010598400235176086, 0.010623999685049058], "candidate": [0.012748800218105316, 0.011007999628782272, 0.011187200248241425, 0.010956799983978272]}, "median_ms": {"baseline": 0.010995199903845787, "candidate": 0.011097599938511848}, "baseline_over_candidate": 0.9907727765252464}
{"case": {"B": 4, "SEQ_LEN": 64, "H": 1, "HQ": 16, "D": 128, "S": 1, "block_size": 16, "is_causal": true}, "candidate": "baseline", "phase": "compile_correctness"}
{"case": {"B": 4, "SEQ_LEN": 64, "H": 1, "HQ": 16, "D": 128, "S": 1, "block_size": 16, "is_causal": true}, "candidate": "candidate", "phase": "compile_correctness"}
2026-09-07 09:17:44  [TileLang:tilelang.jit.kernel:INFO] (kernel.py:129): TileLang begins to compile kernel `kernel` with `out_idx=None`
2026-09-07 09:17:47  [TileLang:tilelang.jit.kernel:INFO] (kernel.py:137): TileLang completes to compile kernel `kernel`
{"case": {"B": 4, "SEQ_LEN": 64, "H": 1, "HQ": 16, "D": 128, "S": 1, "block_size": 16, "is_causal": true}, "seed": 334, "status": "PASS", "call_event_ms": {"baseline": [0.0137472003698349, 0.011801599711179733, 0.011724799871444702, 0.011801599711179733], "candidate": [0.01154559999704361, 0.011135999858379365, 0.010982400178909302, 0.010931199789047242]}, "median_ms": {"baseline": 0.011801599711179733, "candidate": 0.011059200018644334}, "baseline_over_candidate": 1.0671296017147545}
{"case": {"B": 4, "SEQ_LEN": 128, "H": 1, "HQ": 16, "D": 32, "S": 1, "block_size": 16, "is_causal": true}, "candidate": "baseline", "phase": "compile_correctness"}
{"case": {"B": 4, "SEQ_LEN": 128, "H": 1, "HQ": 16, "D": 32, "S": 1, "block_size": 16, "is_causal": true}, "candidate": "candidate", "phase": "compile_correctness"}
2026-09-07 09:17:47  [TileLang:tilelang.jit.kernel:INFO] (kernel.py:129): TileLang begins to compile kernel `kernel` with `out_idx=None`
2026-09-07 09:17:50  [TileLang:tilelang.jit.kernel:INFO] (kernel.py:137): TileLang completes to compile kernel `kernel`
{"case": {"B": 4, "SEQ_LEN": 128, "H": 1, "HQ": 16, "D": 32, "S": 1, "block_size": 16, "is_causal": true}, "seed": 334, "status": "PASS", "call_event_ms": {"baseline": [0.013312000036239623, 0.010675200074911118, 0.010367999970912933, 0.010214400291442872], "candidate": [0.011468800157308579, 0.01088000014424324, 0.010700800269842149, 0.01080320030450821]}, "median_ms": {"baseline": 0.010521600022912025, "candidate": 0.010841600224375724}, "baseline_over_candidate": 0.9704840434215397}
{"case": {"B": 4, "SEQ_LEN": 128, "H": 1, "HQ": 16, "D": 64, "S": 1, "block_size": 16, "is_causal": true}, "candidate": "baseline", "phase": "compile_correctness"}
{"case": {"B": 4, "SEQ_LEN": 128, "H": 1, "HQ": 16, "D": 64, "S": 1, "block_size": 16, "is_causal": true}, "candidate": "candidate", "phase": "compile_correctness"}
2026-09-07 09:17:51  [TileLang:tilelang.jit.kernel:INFO] (kernel.py:129): TileLang begins to compile kernel `kernel` with `out_idx=None`
2026-09-07 09:17:54  [TileLang:tilelang.jit.kernel:INFO] (kernel.py:137): TileLang completes to compile kernel `kernel`
{"case": {"B": 4, "SEQ_LEN": 128, "H": 1, "HQ": 16, "D": 64, "S": 1, "block_size": 16, "is_causal": true}, "seed": 334, "status": "PASS", "call_event_ms": {"baseline": [0.014156800508499146, 0.011007999628782272, 0.010521599650382995, 0.013644799590110779], "candidate": [0.012134400010108948, 0.011135999858379365, 0.010726399719715118, 0.010956799983978272]}, "median_ms": {"baseline": 0.012326399609446526, "candidate": 0.01104639992117882}, "baseline_over_candidate": 1.1158748277629904}
{"case": {"B": 4, "SEQ_LEN": 128, "H": 1, "HQ": 16, "D": 128, "S": 1, "block_size": 16, "is_causal": true}, "candidate": "baseline", "phase": "compile_correctness"}
{"case": {"B": 4, "SEQ_LEN": 128, "H": 1, "HQ": 16, "D": 128, "S": 1, "block_size": 16, "is_causal": true}, "candidate": "candidate", "phase": "compile_correctness"}
2026-09-07 09:17:55  [TileLang:tilelang.jit.kernel:INFO] (kernel.py:129): TileLang begins to compile kernel `kernel` with `out_idx=None`
2026-09-07 09:17:58  [TileLang:tilelang.jit.kernel:INFO] (kernel.py:137): TileLang completes to compile kernel `kernel`
{"case": {"B": 4, "SEQ_LEN": 128, "H": 1, "HQ": 16, "D": 128, "S": 1, "block_size": 16, "is_causal": true}, "seed": 334, "status": "PASS", "call_event_ms": {"baseline": [0.014950400590896607, 0.013363200426101684, 0.013081599771976472, 0.013209599256515502], "candidate": [0.012851199507713318, 0.012595200538635254, 0.014796799421310425, 0.01231359988451004]}, "median_ms": {"baseline": 0.013286399841308593, "candidate": 0.012723200023174286}, "baseline_over_candidate": 1.0442655791867206}
{"case": {"B": 4, "SEQ_LEN": 256, "H": 1, "HQ": 16, "D": 32, "S": 1, "block_size": 16, "is_causal": true}, "candidate": "baseline", "phase": "compile_correctness"}
{"case": {"B": 4, "SEQ_LEN": 256, "H": 1, "HQ": 16, "D": 32, "S": 1, "block_size": 16, "is_causal": true}, "candidate": "candidate", "phase": "compile_correctness"}
2026-09-07 09:17:59  [TileLang:tilelang.jit.kernel:INFO] (kernel.py:129): TileLang begins to compile kernel `kernel` with `out_idx=None`
2026-09-07 09:18:02  [TileLang:tilelang.jit.kernel:INFO] (kernel.py:137): TileLang completes to compile kernel `kernel`
{"case": {"B": 4, "SEQ_LEN": 256, "H": 1, "HQ": 16, "D": 32, "S": 1, "block_size": 16, "is_causal": true}, "seed": 334, "status": "PASS", "call_event_ms": {"baseline": [0.013644799590110779, 0.01090560033917427, 0.010598400235176086, 0.010496000200510025], "candidate": [0.011673600226640702, 0.01080320030450821, 0.010982400178909302, 0.011007999628782272]}, "median_ms": {"baseline": 0.010752000287175177, "candidate": 0.010995199903845787}, "baseline_over_candidate": 0.9778812919458112}
{"case": {"B": 4, "SEQ_LEN": 256, "H": 1, "HQ": 16, "D": 64, "S": 1, "block_size": 16, "is_causal": true}, "candidate": "baseline", "phase": "compile_correctness"}
{"case": {"B": 4, "SEQ_LEN": 256, "H": 1, "HQ": 16, "D": 64, "S": 1, "block_size": 16, "is_causal": true}, "candidate": "candidate", "phase": "compile_correctness"}
2026-09-07 09:18:02  [TileLang:tilelang.jit.kernel:INFO] (kernel.py:129): TileLang begins to compile kernel `kernel` with `out_idx=None`
2026-09-07 09:18:05  [TileLang:tilelang.jit.kernel:INFO] (kernel.py:137): TileLang completes to compile kernel `kernel`
{"case": {"B": 4, "SEQ_LEN": 256, "H": 1, "HQ": 16, "D": 64, "S": 1, "block_size": 16, "is_causal": true}, "seed": 334, "status": "PASS", "call_event_ms": {"baseline": [0.013081599771976472, 0.011007999628782272, 0.011007999628782272, 0.010828799754381179], "candidate": [0.011519999802112579, 0.011187200248241425, 0.011084800213575363, 0.010956799983978272]}, "median_ms": {"baseline": 0.011007999628782272, "candidate": 0.011136000230908393}, "baseline_over_candidate": 0.9885056932945412}
{"case": {"B": 4, "SEQ_LEN": 256, "H": 1, "HQ": 16, "D": 128, "S": 1, "block_size": 16, "is_causal": true}, "candidate": "baseline", "phase": "compile_correctness"}
{"case": {"B": 4, "SEQ_LEN": 256, "H": 1, "HQ": 16, "D": 128, "S": 1, "block_size": 16, "is_causal": true}, "candidate": "candidate", "phase": "compile_correctness"}
2026-09-07 09:18:06  [TileLang:tilelang.jit.kernel:INFO] (kernel.py:129): TileLang begins to compile kernel `kernel` with `out_idx=None`
2026-09-07 09:18:09  [TileLang:tilelang.jit.kernel:INFO] (kernel.py:137): TileLang completes to compile kernel `kernel`
{"case": {"B": 4, "SEQ_LEN": 256, "H": 1, "HQ": 16, "D": 128, "S": 1, "block_size": 16, "is_causal": true}, "seed": 334, "status": "PASS", "call_event_ms": {"baseline": [0.021913599967956544, 0.018688000738620758, 0.018688000738620758, 0.018688000738620758], "candidate": [0.01674239933490753, 0.01653759926557541, 0.01643519997596741, 0.01640959978103638]}, "median_ms": {"baseline": 0.018688000738620758, "candidate": 0.01648639962077141}, "baseline_over_candidate": 1.1335404435469056}
{"case": {"B": 4, "SEQ_LEN": 512, "H": 1, "HQ": 16, "D": 32, "S": 1, "block_size": 16, "is_causal": true}, "candidate": "baseline", "phase": "compile_correctness"}
{"case": {"B": 4, "SEQ_LEN": 512, "H": 1, "HQ": 16, "D": 32, "S": 1, "block_size": 16, "is_causal": true}, "candidate": "candidate", "phase": "compile_correctness"}
2026-09-07 09:18:10  [TileLang:tilelang.jit.kernel:INFO] (kernel.py:129): TileLang begins to compile kernel `kernel` with `out_idx=None`
2026-09-07 09:18:13  [TileLang:tilelang.jit.kernel:INFO] (kernel.py:137): TileLang completes to compile kernel `kernel`
{"case": {"B": 4, "SEQ_LEN": 512, "H": 1, "HQ": 16, "D": 32, "S": 1, "block_size": 16, "is_causal": true}, "seed": 334, "status": "PASS", "call_event_ms": {"baseline": [0.015360000729560851, 0.010828799754381179, 0.010700800269842149, 0.010623999685049058], "candidate": [0.012569600343704223, 0.011187200248241425, 0.011110399663448334, 0.011110399663448334]}, "median_ms": {"baseline": 0.010764800012111664, "candidate": 0.01114879995584488}, "baseline_over_candidate": 0.9655568361389515}
{"case": {"B": 4, "SEQ_LEN": 512, "H": 1, "HQ": 16, "D": 64, "S": 1, "block_size": 16, "is_causal": true}, "candidate": "baseline", "phase": "compile_correctness"}
{"case": {"B": 4, "SEQ_LEN": 512, "H": 1, "HQ": 16, "D": 64, "S": 1, "block_size": 16, "is_causal": true}, "candidate": "candidate", "phase": "compile_correctness"}
2026-09-07 09:18:14  [TileLang:tilelang.jit.kernel:INFO] (kernel.py:129): TileLang begins to compile kernel `kernel` with `out_idx=None`
2026-09-07 09:18:17  [TileLang:tilelang.jit.kernel:INFO] (kernel.py:137): TileLang completes to compile kernel `kernel`
{"case": {"B": 4, "SEQ_LEN": 512, "H": 1, "HQ": 16, "D": 64, "S": 1, "block_size": 16, "is_causal": true}, "seed": 334, "status": "PASS", "call_event_ms": {"baseline": [0.019123199582099914, 0.0173567995429039, 0.017254400253295898, 0.01730560064315796], "candidate": [0.018303999304771425, 0.01807360053062439, 0.018662400543689728, 0.018534399569034576]}, "median_ms": {"baseline": 0.017331200093030928, "candidate": 0.018419199436903}, "baseline_over_candidate": 0.9409312360399195}
{"case": {"B": 4, "SEQ_LEN": 512, "H": 1, "HQ": 16, "D": 128, "S": 1, "block_size": 16, "is_causal": true}, "candidate": "baseline", "phase": "compile_correctness"}
{"case": {"B": 4, "SEQ_LEN": 512, "H": 1, "HQ": 16, "D": 128, "S": 1, "block_size": 16, "is_causal": true}, "candidate": "candidate", "phase": "compile_correctness"}
2026-09-07 09:18:18  [TileLang:tilelang.jit.kernel:INFO] (kernel.py:129): TileLang begins to compile kernel `kernel` with `out_idx=None`
2026-09-07 09:18:21  [TileLang:tilelang.jit.kernel:INFO] (kernel.py:137): TileLang completes to compile kernel `kernel`
{"case": {"B": 4, "SEQ_LEN": 512, "H": 1, "HQ": 16, "D": 128, "S": 1, "block_size": 16, "is_causal": true}, "seed": 334, "status": "PASS", "call_event_ms": {"baseline": [0.03711999952793121, 0.03537920117378235, 0.034995201230049136, 0.035020801424980166], "candidate": [0.03133440017700195, 0.030745598673820495, 0.03130879998207092, 0.03118079900741577]}, "median_ms": {"baseline": 0.03520000129938126, "candidate": 0.031244799494743347}, "baseline_over_candidate": 1.126587523959094}
{"case": {"B": 4, "SEQ_LEN": 1024, "H": 1, "HQ": 16, "D": 32, "S": 1, "block_size": 16, "is_causal": true}, "candidate": "baseline", "phase": "compile_correctness"}
{"case": {"B": 4, "SEQ_LEN": 1024, "H": 1, "HQ": 16, "D": 32, "S": 1, "block_size": 16, "is_causal": true}, "candidate": "candidate", "phase": "compile_correctness"}
{"case": {"B": 4, "SEQ_LEN": 1024, "H": 1, "HQ": 16, "D": 32, "S": 1, "block_size": 16, "is_causal": true}, "seed": 334, "status": "PASS", "call_event_ms": {"baseline": [0.015462400019168853, 0.015027199685573579, 0.014924800395965577, 0.014822399616241455], "candidate": [0.01528320014476776, 0.0152319997549057, 0.01518079936504364, 0.01525759994983673]}, "median_ms": {"baseline": 0.014976000040769578, "candidate": 0.015244799852371215}, "baseline_over_candidate": 0.9823677703738546}
{"case": {"B": 4, "SEQ_LEN": 1024, "H": 1, "HQ": 16, "D": 64, "S": 1, "block_size": 16, "is_causal": true}, "candidate": "baseline", "phase": "compile_correctness"}
{"case": {"B": 4, "SEQ_LEN": 1024, "H": 1, "HQ": 16, "D": 64, "S": 1, "block_size": 16, "is_causal": true}, "candidate": "candidate", "phase": "compile_correctness"}
{"case": {"B": 4, "SEQ_LEN": 1024, "H": 1, "HQ": 16, "D": 64, "S": 1, "block_size": 16, "is_causal": true}, "seed": 334, "status": "PASS", "call_event_ms": {"baseline": [0.03038719892501831, 0.030003198981285097, 0.029465600848197937, 0.029900801181793214], "candidate": [0.03130879998207092, 0.03128319978713989, 0.03048959970474243, 0.031692799925804135]}, "median_ms": {"baseline": 0.029952000081539157, "candidate": 0.03129599988460541}, "baseline_over_candidate": 0.9570552208581976}
{"case": {"B": 4, "SEQ_LEN": 1024, "H": 1, "HQ": 16, "D": 128, "S": 1, "block_size": 16, "is_causal": true}, "candidate": "baseline", "phase": "compile_correctness"}
{"case": {"B": 4, "SEQ_LEN": 1024, "H": 1, "HQ": 16, "D": 128, "S": 1, "block_size": 16, "is_causal": true}, "candidate": "candidate", "phase": "compile_correctness"}
{"case": {"B": 4, "SEQ_LEN": 1024, "H": 1, "HQ": 16, "D": 128, "S": 1, "block_size": 16, "is_causal": true}, "seed": 334, "status": "PASS", "call_event_ms": {"baseline": [0.05570560097694397, 0.05475839972496033, 0.05539839863777161, 0.055270397663116456], "candidate": [0.05012480020523071, 0.05015040040016174, 0.04989440143108368, 0.04971520006656647]}, "median_ms": {"baseline": 0.05533439815044403, "candidate": 0.050009600818157196}, "baseline_over_candidate": 1.1064755016071541}
{"case": {"B": 8, "SEQ_LEN": 64, "H": 1, "HQ": 16, "D": 32, "S": 1, "block_size": 16, "is_causal": true}, "candidate": "baseline", "phase": "compile_correctness"}
{"case": {"B": 8, "SEQ_LEN": 64, "H": 1, "HQ": 16, "D": 32, "S": 1, "block_size": 16, "is_causal": true}, "candidate": "candidate", "phase": "compile_correctness"}
2026-09-07 09:18:23  [TileLang:tilelang.jit.kernel:INFO] (kernel.py:129): TileLang begins to compile kernel `kernel` with `out_idx=None`
2026-09-07 09:18:25  [TileLang:tilelang.jit.kernel:INFO] (kernel.py:137): TileLang completes to compile kernel `kernel`
{"case": {"B": 8, "SEQ_LEN": 64, "H": 1, "HQ": 16, "D": 32, "S": 1, "block_size": 16, "is_causal": true}, "seed": 334, "status": "PASS", "call_event_ms": {"baseline": [0.013568000495433807, 0.011084800213575363, 0.010700800269842149, 0.010444799810647965], "candidate": [0.011212799698114395, 0.013849599659442902, 0.01085439994931221, 0.01085439994931221]}, "median_ms": {"baseline": 0.010892800241708755, "candidate": 0.011033599823713302}, "baseline_over_candidate": 0.9872390167983125}
{"case": {"B": 8, "SEQ_LEN": 64, "H": 1, "HQ": 16, "D": 64, "S": 1, "block_size": 16, "is_causal": true}, "candidate": "baseline", "phase": "compile_correctness"}
{"case": {"B": 8, "SEQ_LEN": 64, "H": 1, "HQ": 16, "D": 64, "S": 1, "block_size": 16, "is_causal": true}, "candidate": "candidate", "phase": "compile_correctness"}
2026-09-07 09:18:26  [TileLang:tilelang.jit.kernel:INFO] (kernel.py:129): TileLang begins to compile kernel `kernel` with `out_idx=None`
2026-09-07 09:18:29  [TileLang:tilelang.jit.kernel:INFO] (kernel.py:137): TileLang completes to compile kernel `kernel`
{"case": {"B": 8, "SEQ_LEN": 64, "H": 1, "HQ": 16, "D": 64, "S": 1, "block_size": 16, "is_causal": true}, "seed": 334, "status": "PASS", "call_event_ms": {"baseline": [0.013286399841308593, 0.010649599879980088, 0.010700800269842149, 0.010547199845314026], "candidate": [0.011724799871444702, 0.010956799983978272, 0.011059200018644333, 0.010726399719715118]}, "median_ms": {"baseline": 0.010675200074911118, "candidate": 0.011008000001311302}, "baseline_over_candidate": 0.9697674485500963}
{"case": {"B": 8, "SEQ_LEN": 64, "H": 1, "HQ": 16, "D": 128, "S": 1, "block_size": 16, "is_causal": true}, "candidate": "baseline", "phase": "compile_correctness"}
{"case": {"B": 8, "SEQ_LEN": 64, "H": 1, "HQ": 16, "D": 128, "S": 1, "block_size": 16, "is_causal": true}, "candidate": "candidate", "phase": "compile_correctness"}
2026-09-07 09:18:30  [TileLang:tilelang.jit.kernel:INFO] (kernel.py:129): TileLang begins to compile kernel `kernel` with `out_idx=None`
2026-09-07 09:18:33  [TileLang:tilelang.jit.kernel:INFO] (kernel.py:137): TileLang completes to compile kernel `kernel`
{"case": {"B": 8, "SEQ_LEN": 64, "H": 1, "HQ": 16, "D": 128, "S": 1, "block_size": 16, "is_causal": true}, "seed": 334, "status": "PASS", "call_event_ms": {"baseline": [0.014720000326633453, 0.013465599715709686, 0.013260799646377563, 0.013286399841308593], "candidate": [0.012800000607967377, 0.012569600343704223, 0.012569600343704223, 0.012467200309038163]}, "median_ms": {"baseline": 0.013375999778509139, "candidate": 0.012569600343704223}, "baseline_over_candidate": 1.0641547394312199}
{"case": {"B": 8, "SEQ_LEN": 128, "H": 1, "HQ": 16, "D": 32, "S": 1, "block_size": 16, "is_causal": true}, "candidate": "baseline", "phase": "compile_correctness"}
{"case": {"B": 8, "SEQ_LEN": 128, "H": 1, "HQ": 16, "D": 32, "S": 1, "block_size": 16, "is_causal": true}, "candidate": "candidate", "phase": "compile_correctness"}
2026-09-07 09:18:34  [TileLang:tilelang.jit.kernel:INFO] (kernel.py:129): TileLang begins to compile kernel `kernel` with `out_idx=None`
2026-09-07 09:18:37  [TileLang:tilelang.jit.kernel:INFO] (kernel.py:137): TileLang completes to compile kernel `kernel`
{"case": {"B": 8, "SEQ_LEN": 128, "H": 1, "HQ": 16, "D": 32, "S": 1, "block_size": 16, "is_causal": true}, "seed": 334, "status": "PASS", "call_event_ms": {"baseline": [0.015488000214099884, 0.010931199789047242, 0.010598400235176086, 0.010572800040245056], "candidate": [0.011622399836778641, 0.011110399663448334, 0.011059200018644333, 0.010956799983978272]}, "median_ms": {"baseline": 0.010764800012111664, "candidate": 0.011084799841046333}, "baseline_over_candidate": 0.9711316547413216}
{"case": {"B": 8, "SEQ_LEN": 128, "H": 1, "HQ": 16, "D": 64, "S": 1, "block_size": 16, "is_causal": true}, "candidate": "baseline", "phase": "compile_correctness"}
{"case": {"B": 8, "SEQ_LEN": 128, "H": 1, "HQ": 16, "D": 64, "S": 1, "block_size": 16, "is_causal": true}, "candidate": "candidate", "phase": "compile_correctness"}
2026-09-07 09:18:38  [TileLang:tilelang.jit.kernel:INFO] (kernel.py:129): TileLang begins to compile kernel `kernel` with `out_idx=None`
2026-09-07 09:18:41  [TileLang:tilelang.jit.kernel:INFO] (kernel.py:137): TileLang completes to compile kernel `kernel`
{"case": {"B": 8, "SEQ_LEN": 128, "H": 1, "HQ": 16, "D": 64, "S": 1, "block_size": 16, "is_causal": true}, "seed": 334, "status": "PASS", "call_event_ms": {"baseline": [0.013414399325847625, 0.01090560033917427, 0.01080320030450821, 0.01080320030450821], "candidate": [0.011776000261306763, 0.011417599767446518, 0.011059200018644333, 0.011110399663448334]}, "median_ms": {"baseline": 0.01085440032184124, "candidate": 0.011263999715447427}, "baseline_over_candidate": 0.9636364165524202}
{"case": {"B": 8, "SEQ_LEN": 128, "H": 1, "HQ": 16, "D": 128, "S": 1, "block_size": 16, "is_causal": true}, "candidate": "baseline", "phase": "compile_correctness"}
{"case": {"B": 8, "SEQ_LEN": 128, "H": 1, "HQ": 16, "D": 128, "S": 1, "block_size": 16, "is_causal": true}, "candidate": "candidate", "phase": "compile_correctness"}
2026-09-07 09:18:41  [TileLang:tilelang.jit.kernel:INFO] (kernel.py:129): TileLang begins to compile kernel `kernel` with `out_idx=None`
2026-09-07 09:18:45  [TileLang:tilelang.jit.kernel:INFO] (kernel.py:137): TileLang completes to compile kernel `kernel`
{"case": {"B": 8, "SEQ_LEN": 128, "H": 1, "HQ": 16, "D": 128, "S": 1, "block_size": 16, "is_causal": true}, "seed": 334, "status": "PASS", "call_event_ms": {"baseline": [0.020761600136756896, 0.018892799317836762, 0.018739199638366698, 0.018611200153827667], "candidate": [0.017203199863433837, 0.0165120005607605, 0.01646080017089844, 0.01664000004529953]}, "median_ms": {"baseline": 0.01881599947810173, "candidate": 0.016576000303030015}, "baseline_over_candidate": 1.1351350828982705}
{"case": {"B": 8, "SEQ_LEN": 256, "H": 1, "HQ": 16, "D": 32, "S": 1, "block_size": 16, "is_causal": true}, "candidate": "baseline", "phase": "compile_correctness"}
{"case": {"B": 8, "SEQ_LEN": 256, "H": 1, "HQ": 16, "D": 32, "S": 1, "block_size": 16, "is_causal": true}, "candidate": "candidate", "phase": "compile_correctness"}
2026-09-07 09:18:45  [TileLang:tilelang.jit.kernel:INFO] (kernel.py:129): TileLang begins to compile kernel `kernel` with `out_idx=None`
2026-09-07 09:18:48  [TileLang:tilelang.jit.kernel:INFO] (kernel.py:137): TileLang completes to compile kernel `kernel`
{"case": {"B": 8, "SEQ_LEN": 256, "H": 1, "HQ": 16, "D": 32, "S": 1, "block_size": 16, "is_causal": true}, "seed": 334, "status": "PASS", "call_event_ms": {"baseline": [0.013235199451446533, 0.010828799754381179, 0.010956799983978272, 0.010623999685049058], "candidate": [0.011417599767446518, 0.01088000014424324, 0.011007999628782272, 0.011596799641847611]}, "median_ms": {"baseline": 0.010892799869179726, "candidate": 0.011212799698114395}, "baseline_over_candidate": 0.9714612017025077}
{"case": {"B": 8, "SEQ_LEN": 256, "H": 1, "HQ": 16, "D": 64, "S": 1, "block_size": 16, "is_causal": true}, "candidate": "baseline", "phase": "compile_correctness"}
{"case": {"B": 8, "SEQ_LEN": 256, "H": 1, "HQ": 16, "D": 64, "S": 1, "block_size": 16, "is_causal": true}, "candidate": "candidate", "phase": "compile_correctness"}
2026-09-07 09:18:49  [TileLang:tilelang.jit.kernel:INFO] (kernel.py:129): TileLang begins to compile kernel `kernel` with `out_idx=None`
2026-09-07 09:18:52  [TileLang:tilelang.jit.kernel:INFO] (kernel.py:137): TileLang completes to compile kernel `kernel`
{"case": {"B": 8, "SEQ_LEN": 256, "H": 1, "HQ": 16, "D": 64, "S": 1, "block_size": 16, "is_causal": true}, "seed": 334, "status": "PASS", "call_event_ms": {"baseline": [0.020787200331687926, 0.017894400656223296, 0.01794559955596924, 0.017894400656223296], "candidate": [0.019148799777030944, 0.018329599499702455, 0.01804800033569336, 0.01822720021009445]}, "median_ms": {"baseline": 0.01792000010609627, "candidate": 0.01827839985489845}, "baseline_over_candidate": 0.9803921704499677}
{"case": {"B": 8, "SEQ_LEN": 256, "H": 1, "HQ": 16, "D": 128, "S": 1, "block_size": 16, "is_causal": true}, "candidate": "baseline", "phase": "compile_correctness"}
{"case": {"B": 8, "SEQ_LEN": 256, "H": 1, "HQ": 16, "D": 128, "S": 1, "block_size": 16, "is_causal": true}, "candidate": "candidate", "phase": "compile_correctness"}
2026-09-07 09:18:53  [TileLang:tilelang.jit.kernel:INFO] (kernel.py:129): TileLang begins to compile kernel `kernel` with `out_idx=None`
2026-09-07 09:18:56  [TileLang:tilelang.jit.kernel:INFO] (kernel.py:137): TileLang completes to compile kernel `kernel`
{"case": {"B": 8, "SEQ_LEN": 256, "H": 1, "HQ": 16, "D": 128, "S": 1, "block_size": 16, "is_causal": true}, "seed": 334, "status": "PASS", "call_event_ms": {"baseline": [0.040652799606323245, 0.034892800450325015, 0.034585601091384886, 0.03461120128631592], "candidate": [0.031513598561286923, 0.03136000037193298, 0.031027200818061828, 0.031564798951148984]}, "median_ms": {"baseline": 0.03475200086832046, "candidate": 0.03143679946660995}, "baseline_over_candidate": 1.105456072436117}
{"case": {"B": 8, "SEQ_LEN": 512, "H": 1, "HQ": 16, "D": 32, "S": 1, "block_size": 16, "is_causal": true}, "candidate": "baseline", "phase": "compile_correctness"}
{"case": {"B": 8, "SEQ_LEN": 512, "H": 1, "HQ": 16, "D": 32, "S": 1, "block_size": 16, "is_causal": true}, "candidate": "candidate", "phase": "compile_correctness"}
2026-09-07 09:18:57  [TileLang:tilelang.jit.kernel:INFO] (kernel.py:129): TileLang begins to compile kernel `kernel` with `out_idx=None`
2026-09-07 09:19:00  [TileLang:tilelang.jit.kernel:INFO] (kernel.py:137): TileLang completes to compile kernel `kernel`
{"case": {"B": 8, "SEQ_LEN": 512, "H": 1, "HQ": 16, "D": 32, "S": 1, "block_size": 16, "is_causal": true}, "seed": 334, "status": "PASS", "call_event_ms": {"baseline": [0.017817600071430205, 0.015001599490642548, 0.014873600006103516, 0.014847999811172486], "candidate": [0.015334400534629821, 0.015001599490642548, 0.014924800395965577, 0.015001599490642548]}, "median_ms": {"baseline": 0.014937599748373033, "candidate": 0.015001599490642548}, "baseline_over_candidate": 0.9957338054312518}
{"case": {"B": 8, "SEQ_LEN": 512, "H": 1, "HQ": 16, "D": 64, "S": 1, "block_size": 16, "is_causal": true}, "candidate": "baseline", "phase": "compile_correctness"}
{"case": {"B": 8, "SEQ_LEN": 512, "H": 1, "HQ": 16, "D": 64, "S": 1, "block_size": 16, "is_causal": true}, "candidate": "candidate", "phase": "compile_correctness"}
2026-09-07 09:19:01  [TileLang:tilelang.jit.kernel:INFO] (kernel.py:129): TileLang begins to compile kernel `kernel` with `out_idx=None`
2026-09-07 09:19:04  [TileLang:tilelang.jit.kernel:INFO] (kernel.py:137): TileLang completes to compile kernel `kernel`
{"case": {"B": 8, "SEQ_LEN": 512, "H": 1, "HQ": 16, "D": 64, "S": 1, "block_size": 16, "is_causal": true}, "seed": 334, "status": "PASS", "call_event_ms": {"baseline": [0.03130879998207092, 0.029209598898887634, 0.029363200068473816, 0.029491201043128967], "candidate": [0.03107840120792389, 0.03118079900741577, 0.03054080009460449, 0.030873599648475646]}, "median_ms": {"baseline": 0.02942720055580139, "candidate": 0.030976000428199767}, "baseline_over_candidate": 0.9500000048105505}
{"case": {"B": 8, "SEQ_LEN": 512, "H": 1, "HQ": 16, "D": 128, "S": 1, "block_size": 16, "is_causal": true}, "candidate": "baseline", "phase": "compile_correctness"}
{"case": {"B": 8, "SEQ_LEN": 512, "H": 1, "HQ": 16, "D": 128, "S": 1, "block_size": 16, "is_causal": true}, "candidate": "candidate", "phase": "compile_correctness"}
2026-09-07 09:19:05  [TileLang:tilelang.jit.kernel:INFO] (kernel.py:129): TileLang begins to compile kernel `kernel` with `out_idx=None`
2026-09-07 09:19:08  [TileLang:tilelang.jit.kernel:INFO] (kernel.py:137): TileLang completes to compile kernel `kernel`
{"case": {"B": 8, "SEQ_LEN": 512, "H": 1, "HQ": 16, "D": 128, "S": 1, "block_size": 16, "is_causal": true}, "seed": 334, "status": "PASS", "call_event_ms": {"baseline": [0.05790719985961914, 0.05542399883270264, 0.05598719716072083, 0.05603839755058289], "candidate": [0.04989440143108368, 0.04922879934310913, 0.04997119903564453, 0.04943360090255737]}, "median_ms": {"baseline": 0.05601279735565186, "candidate": 0.04966400116682053}, "baseline_over_candidate": 1.1278349718039398}
{"case": {"B": 8, "SEQ_LEN": 1024, "H": 1, "HQ": 16, "D": 32, "S": 1, "block_size": 16, "is_causal": true}, "candidate": "baseline", "phase": "compile_correctness"}
{"case": {"B": 8, "SEQ_LEN": 1024, "H": 1, "HQ": 16, "D": 32, "S": 1, "block_size": 16, "is_causal": true}, "candidate": "candidate", "phase": "compile_correctness"}
2026-09-07 09:19:09  [TileLang:tilelang.jit.kernel:INFO] (kernel.py:129): TileLang begins to compile kernel `kernel` with `out_idx=None`
2026-09-07 09:19:12  [TileLang:tilelang.jit.kernel:INFO] (kernel.py:137): TileLang completes to compile kernel `kernel`
{"case": {"B": 8, "SEQ_LEN": 1024, "H": 1, "HQ": 16, "D": 32, "S": 1, "block_size": 16, "is_causal": true}, "seed": 334, "status": "PASS", "call_event_ms": {"baseline": [0.026214399933815004, 0.02447360008955002, 0.024294400215148927, 0.024320000410079957], "candidate": [0.025011199712753295, 0.0247296005487442, 0.02467840015888214, 0.02470400035381317]}, "median_ms": {"baseline": 0.024396800249814988, "candidate": 0.024716800451278685}, "baseline_over_candidate": 0.9870533323237174}
{"case": {"B": 8, "SEQ_LEN": 1024, "H": 1, "HQ": 16, "D": 64, "S": 1, "block_size": 16, "is_causal": true}, "candidate": "baseline", "phase": "compile_correctness"}
{"case": {"B": 8, "SEQ_LEN": 1024, "H": 1, "HQ": 16, "D": 64, "S": 1, "block_size": 16, "is_causal": true}, "candidate": "candidate", "phase": "compile_correctness"}
2026-09-07 09:19:12  [TileLang:tilelang.jit.kernel:INFO] (kernel.py:129): TileLang begins to compile kernel `kernel` with `out_idx=None`
2026-09-07 09:19:15  [TileLang:tilelang.jit.kernel:INFO] (kernel.py:137): TileLang completes to compile kernel `kernel`
{"case": {"B": 8, "SEQ_LEN": 1024, "H": 1, "HQ": 16, "D": 64, "S": 1, "block_size": 16, "is_causal": true}, "seed": 334, "status": "PASS", "call_event_ms": {"baseline": [0.0502016007900238, 0.04894720017910004, 0.048665601015090945, 0.04956159889698029], "candidate": [0.04943360090255737, 0.04907520115375519, 0.04910080134868622, 0.04897280037403107]}, "median_ms": {"baseline": 0.04925439953804016, "candidate": 0.0490880012512207}, "baseline_over_candidate": 1.0033897955218805}
{"case": {"B": 8, "SEQ_LEN": 1024, "H": 1, "HQ": 16, "D": 128, "S": 1, "block_size": 16, "is_causal": true}, "candidate": "baseline", "phase": "compile_correctness"}
{"case": {"B": 8, "SEQ_LEN": 1024, "H": 1, "HQ": 16, "D": 128, "S": 1, "block_size": 16, "is_causal": true}, "candidate": "candidate", "phase": "compile_correctness"}
2026-09-07 09:19:16  [TileLang:tilelang.jit.kernel:INFO] (kernel.py:129): TileLang begins to compile kernel `kernel` with `out_idx=None`
2026-09-07 09:19:19  [TileLang:tilelang.jit.kernel:INFO] (kernel.py:137): TileLang completes to compile kernel `kernel`
{"case": {"B": 8, "SEQ_LEN": 1024, "H": 1, "HQ": 16, "D": 128, "S": 1, "block_size": 16, "is_causal": true}, "seed": 334, "status": "PASS", "call_event_ms": {"baseline": [0.09820160269737244, 0.09615359902381897, 0.09648640155792236, 0.09559040069580078], "candidate": [0.0889087975025177, 0.08857600092887878, 0.08919039964675904, 0.08821759819984436]}, "median_ms": {"baseline": 0.09632000029087066, "candidate": 0.08874239921569824}, "baseline_over_candidate": 1.0853887334818864}
{"case": {"B": 1, "SEQ_LEN": 256, "H": 1, "HQ": 16, "D": 64, "S": 1, "block_size": 32, "is_causal": true}, "candidate": "baseline", "phase": "compile_correctness"}
{"case": {"B": 1, "SEQ_LEN": 256, "H": 1, "HQ": 16, "D": 64, "S": 1, "block_size": 32, "is_causal": true}, "candidate": "candidate", "phase": "compile_correctness"}
2026-09-07 09:19:20  [TileLang:tilelang.jit.kernel:INFO] (kernel.py:129): TileLang begins to compile kernel `kernel` with `out_idx=None`
2026-09-07 09:19:23  [TileLang:tilelang.jit.kernel:INFO] (kernel.py:137): TileLang completes to compile kernel `kernel`
{"case": {"B": 1, "SEQ_LEN": 256, "H": 1, "HQ": 16, "D": 64, "S": 1, "block_size": 32, "is_causal": true}, "seed": 334, "status": "PASS", "call_event_ms": {"baseline": [0.012825599312782288, 0.010496000200510025, 0.010342399775981902, 0.010239999741315842], "candidate": [0.011238399893045425, 0.010675200074911118, 0.011238399893045425, 0.010598400235176086]}, "median_ms": {"baseline": 0.010419199988245965, "candidate": 0.010956799983978272}, "baseline_over_candidate": 0.9509345797570076}
{"case": {"B": 1, "SEQ_LEN": 256, "H": 1, "HQ": 16, "D": 64, "S": 1, "block_size": 64, "is_causal": true}, "candidate": "baseline", "phase": "compile_correctness"}
{"case": {"B": 1, "SEQ_LEN": 256, "H": 1, "HQ": 16, "D": 64, "S": 1, "block_size": 64, "is_causal": true}, "candidate": "candidate", "phase": "compile_correctness"}
2026-09-07 09:19:24  [TileLang:tilelang.jit.kernel:INFO] (kernel.py:129): TileLang begins to compile kernel `kernel` with `out_idx=None`
2026-09-07 09:19:27  [TileLang:tilelang.jit.kernel:INFO] (kernel.py:137): TileLang completes to compile kernel `kernel`
{"case": {"B": 1, "SEQ_LEN": 256, "H": 1, "HQ": 16, "D": 64, "S": 1, "block_size": 64, "is_causal": true}, "seed": 334, "status": "PASS", "call_event_ms": {"baseline": [0.015846399962902068, 0.014207999408245086, 0.014028799533843995, 0.013977600634098053], "candidate": [0.014387199282646179, 0.014207999408245086, 0.016153599321842193, 0.014131200313568116]}, "median_ms": {"baseline": 0.01411839947104454, "candidate": 0.014297599345445632}, "baseline_over_candidate": 0.9874664361427798}
{"case": {"B": 1, "SEQ_LEN": 512, "H": 1, "HQ": 16, "D": 64, "S": 1, "block_size": 32, "is_causal": true}, "candidate": "baseline", "phase": "compile_correctness"}
{"case": {"B": 1, "SEQ_LEN": 512, "H": 1, "HQ": 16, "D": 64, "S": 1, "block_size": 32, "is_causal": true}, "candidate": "candidate", "phase": "compile_correctness"}
2026-09-07 09:19:28  [TileLang:tilelang.jit.kernel:INFO] (kernel.py:129): TileLang begins to compile kernel `kernel` with `out_idx=None`
2026-09-07 09:19:31  [TileLang:tilelang.jit.kernel:INFO] (kernel.py:137): TileLang completes to compile kernel `kernel`
{"case": {"B": 1, "SEQ_LEN": 512, "H": 1, "HQ": 16, "D": 64, "S": 1, "block_size": 32, "is_causal": true}, "seed": 334, "status": "PASS", "call_event_ms": {"baseline": [0.015615999698638916, 0.011801599711179733, 0.011007999628782272, 0.010982400178909302], "candidate": [0.011776000261306763, 0.018432000279426576, 0.011033599823713302, 0.01090560033917427]}, "median_ms": {"baseline": 0.011404799669981001, "candidate": 0.011404800042510033}, "baseline_over_candidate": 0.9999999673357682}
{"case": {"B": 1, "SEQ_LEN": 512, "H": 1, "HQ": 16, "D": 64, "S": 1, "block_size": 64, "is_causal": true}, "candidate": "baseline", "phase": "compile_correctness"}
{"case": {"B": 1, "SEQ_LEN": 512, "H": 1, "HQ": 16, "D": 64, "S": 1, "block_size": 64, "is_causal": true}, "candidate": "candidate", "phase": "compile_correctness"}
2026-09-07 09:19:32  [TileLang:tilelang.jit.kernel:INFO] (kernel.py:129): TileLang begins to compile kernel `kernel` with `out_idx=None`
2026-09-07 09:19:36  [TileLang:tilelang.jit.kernel:INFO] (kernel.py:137): TileLang completes to compile kernel `kernel`
{"case": {"B": 1, "SEQ_LEN": 512, "H": 1, "HQ": 16, "D": 64, "S": 1, "block_size": 64, "is_causal": true}, "seed": 334, "status": "PASS", "call_event_ms": {"baseline": [0.018380799889564516, 0.01653759926557541, 0.016383999586105348, 0.01643519997596741], "candidate": [0.01687040030956268, 0.01671680063009262, 0.01658879965543747, 0.01658879965543747]}, "median_ms": {"baseline": 0.01648639962077141, "candidate": 0.016652800142765045}, "baseline_over_candidate": 0.9900076551350476}
{"case": {"B": 1, "SEQ_LEN": 512, "H": 1, "HQ": 16, "D": 128, "S": 1, "block_size": 32, "is_causal": true}, "candidate": "baseline", "phase": "compile_correctness"}
{"case": {"B": 1, "SEQ_LEN": 512, "H": 1, "HQ": 16, "D": 128, "S": 1, "block_size": 32, "is_causal": true}, "candidate": "candidate", "phase": "compile_correctness"}
2026-09-07 09:19:37  [TileLang:tilelang.jit.kernel:INFO] (kernel.py:129): TileLang begins to compile kernel `kernel` with `out_idx=None`
2026-09-07 09:19:40  [TileLang:tilelang.jit.kernel:INFO] (kernel.py:137): TileLang completes to compile kernel `kernel`
{"case": {"B": 1, "SEQ_LEN": 512, "H": 1, "HQ": 16, "D": 128, "S": 1, "block_size": 32, "is_causal": true}, "seed": 334, "status": "PASS", "call_event_ms": {"baseline": [0.01966080069541931, 0.017766399681568144, 0.017664000391960144, 0.017612800002098083], "candidate": [0.01666560024023056, 0.01640959978103638, 0.01643519997596741, 0.016307200491428375]}, "median_ms": {"baseline": 0.017715200036764144, "candidate": 0.016422399878501893}, "baseline_over_candidate": 1.078721756127411}
{"case": {"B": 2, "SEQ_LEN": 256, "H": 1, "HQ": 16, "D": 64, "S": 1, "block_size": 64, "is_causal": true}, "candidate": "baseline", "phase": "compile_correctness"}
{"case": {"B": 2, "SEQ_LEN": 256, "H": 1, "HQ": 16, "D": 64, "S": 1, "block_size": 64, "is_causal": true}, "candidate": "candidate", "phase": "compile_correctness"}
2026-09-07 09:19:41  [TileLang:tilelang.jit.kernel:INFO] (kernel.py:129): TileLang begins to compile kernel `kernel` with `out_idx=None`
2026-09-07 09:19:44  [TileLang:tilelang.jit.kernel:INFO] (kernel.py:137): TileLang completes to compile kernel `kernel`
{"case": {"B": 2, "SEQ_LEN": 256, "H": 1, "HQ": 16, "D": 64, "S": 1, "block_size": 64, "is_causal": true}, "seed": 334, "status": "PASS", "call_event_ms": {"baseline": [0.018534399569034576, 0.01648640036582947, 0.016358399391174318, 0.01640959978103638], "candidate": [0.01669120043516159, 0.01640959978103638, 0.01643519997596741, 0.016383999586105348]}, "median_ms": {"baseline": 0.016448000073432924, "candidate": 0.016422399878501893}, "baseline_over_candidate": 1.0015588583349833}
{"case": {"B": 4, "SEQ_LEN": 128, "H": 1, "HQ": 16, "D": 64, "S": 1, "block_size": 32, "is_causal": true}, "candidate": "baseline", "phase": "compile_correctness"}
{"case": {"B": 4, "SEQ_LEN": 128, "H": 1, "HQ": 16, "D": 64, "S": 1, "block_size": 32, "is_causal": true}, "candidate": "candidate", "phase": "compile_correctness"}
2026-09-07 09:19:45  [TileLang:tilelang.jit.kernel:INFO] (kernel.py:129): TileLang begins to compile kernel `kernel` with `out_idx=None`
2026-09-07 09:19:48  [TileLang:tilelang.jit.kernel:INFO] (kernel.py:137): TileLang completes to compile kernel `kernel`
{"case": {"B": 4, "SEQ_LEN": 128, "H": 1, "HQ": 16, "D": 64, "S": 1, "block_size": 32, "is_causal": true}, "seed": 334, "status": "PASS", "call_event_ms": {"baseline": [0.013209599256515502, 0.011007999628782272, 0.010956799983978272, 0.01088000014424324], "candidate": [0.011494400352239609, 0.011033599823713302, 0.011059200018644333, 0.011059200018644333]}, "median_ms": {"baseline": 0.010982399806380272, "candidate": 0.011059200018644333}, "baseline_over_candidate": 0.9930555363738258}
{"case": {"B": 4, "SEQ_LEN": 128, "H": 1, "HQ": 16, "D": 64, "S": 1, "block_size": 64, "is_causal": true}, "candidate": "baseline", "phase": "compile_correctness"}
{"case": {"B": 4, "SEQ_LEN": 128, "H": 1, "HQ": 16, "D": 64, "S": 1, "block_size": 64, "is_causal": true}, "candidate": "candidate", "phase": "compile_correctness"}
2026-09-07 09:19:49  [TileLang:tilelang.jit.kernel:INFO] (kernel.py:129): TileLang begins to compile kernel `kernel` with `out_idx=None`
2026-09-07 09:19:52  [TileLang:tilelang.jit.kernel:INFO] (kernel.py:137): TileLang completes to compile kernel `kernel`
{"case": {"B": 4, "SEQ_LEN": 128, "H": 1, "HQ": 16, "D": 64, "S": 1, "block_size": 64, "is_causal": true}, "seed": 334, "status": "PASS", "call_event_ms": {"baseline": [0.018892799317836762, 0.016383999586105348, 0.016230399906635284, 0.016307200491428375], "candidate": [0.01681919991970062, 0.0165120005607605, 0.01658879965543747, 0.01640959978103638]}, "median_ms": {"baseline": 0.01634560003876686, "candidate": 0.016550400108098984}, "baseline_over_candidate": 0.9876256726124762}
{"case": {"B": 2, "SEQ_LEN": 512, "H": 1, "HQ": 16, "D": 128, "S": 1, "block_size": 32, "is_causal": true}, "candidate": "baseline", "phase": "compile_correctness"}
{"case": {"B": 2, "SEQ_LEN": 512, "H": 1, "HQ": 16, "D": 128, "S": 1, "block_size": 32, "is_causal": true}, "candidate": "candidate", "phase": "compile_correctness"}
2026-09-07 09:19:53  [TileLang:tilelang.jit.kernel:INFO] (kernel.py:129): TileLang begins to compile kernel `kernel` with `out_idx=None`
2026-09-07 09:19:56  [TileLang:tilelang.jit.kernel:INFO] (kernel.py:137): TileLang completes to compile kernel `kernel`
{"case": {"B": 2, "SEQ_LEN": 512, "H": 1, "HQ": 16, "D": 128, "S": 1, "block_size": 32, "is_causal": true}, "seed": 334, "status": "PASS", "call_event_ms": {"baseline": [0.025727999210357667, 0.024140800535678863, 0.023756800591945647, 0.02388480007648468], "candidate": [0.027904000878334046, 0.02247679978609085, 0.021247999370098115, 0.021452799439430237]}, "median_ms": {"baseline": 0.024012800306081772, "candidate": 0.021964799612760544}, "baseline_over_candidate": 1.0932401264490224}
{"case": {"B": 4, "SEQ_LEN": 1024, "H": 1, "HQ": 16, "D": 128, "S": 1, "block_size": 32, "is_causal": true}, "candidate": "baseline", "phase": "compile_correctness"}
{"case": {"B": 4, "SEQ_LEN": 1024, "H": 1, "HQ": 16, "D": 128, "S": 1, "block_size": 32, "is_causal": true}, "candidate": "candidate", "phase": "compile_correctness"}
{"case": {"B": 4, "SEQ_LEN": 1024, "H": 1, "HQ": 16, "D": 128, "S": 1, "block_size": 32, "is_causal": true}, "seed": 334, "status": "PASS", "call_event_ms": {"baseline": [0.08125439882278443, 0.08081920146942138, 0.08005120158195496, 0.08110079765319825], "candidate": [0.06878719925880432, 0.06881279945373535, 0.0691968023777008, 0.06909440159797668]}, "median_ms": {"baseline": 0.08095999956130981, "candidate": 0.06895360052585602}, "baseline_over_candidate": 1.1741228731188833}
{"case": {"B": 8, "SEQ_LEN": 512, "H": 1, "HQ": 16, "D": 128, "S": 1, "block_size": 32, "is_causal": true}, "candidate": "baseline", "phase": "compile_correctness"}
{"case": {"B": 8, "SEQ_LEN": 512, "H": 1, "HQ": 16, "D": 128, "S": 1, "block_size": 32, "is_causal": true}, "candidate": "candidate", "phase": "compile_correctness"}
2026-09-07 09:19:57  [TileLang:tilelang.jit.kernel:INFO] (kernel.py:129): TileLang begins to compile kernel `kernel` with `out_idx=None`
2026-09-07 09:20:01  [TileLang:tilelang.jit.kernel:INFO] (kernel.py:137): TileLang completes to compile kernel `kernel`
{"case": {"B": 8, "SEQ_LEN": 512, "H": 1, "HQ": 16, "D": 128, "S": 1, "block_size": 32, "is_causal": true}, "seed": 334, "status": "PASS", "call_event_ms": {"baseline": [0.08225280046463013, 0.08081920146942138, 0.07994880080223084, 0.08012800216674805], "candidate": [0.06958079934120179, 0.06909440159797668, 0.06876159906387329, 0.0691968023777008]}, "median_ms": {"baseline": 0.08047360181808472, "candidate": 0.06914560198783874}, "baseline_over_candidate": 1.163828204608564}
{"case": {"B": 1, "SEQ_LEN": 256, "H": 2, "HQ": 32, "D": 64, "S": 1, "block_size": 16, "is_causal": true}, "candidate": "baseline", "phase": "compile_correctness"}
{"case": {"B": 1, "SEQ_LEN": 256, "H": 2, "HQ": 32, "D": 64, "S": 1, "block_size": 16, "is_causal": true}, "candidate": "candidate", "phase": "compile_correctness"}
2026-09-07 09:20:01  [TileLang:tilelang.jit.kernel:INFO] (kernel.py:129): TileLang begins to compile kernel `kernel` with `out_idx=None`
2026-09-07 09:20:04  [TileLang:tilelang.jit.kernel:INFO] (kernel.py:137): TileLang completes to compile kernel `kernel`
{"case": {"B": 1, "SEQ_LEN": 256, "H": 2, "HQ": 32, "D": 64, "S": 1, "block_size": 16, "is_causal": true}, "seed": 334, "status": "PASS", "call_event_ms": {"baseline": [0.014054399728775025, 0.010931199789047242, 0.010675200074911118, 0.010496000200510025], "candidate": [0.012595200538635254, 0.011392000317573547, 0.010956799983978272, 0.01088000014424324]}, "median_ms": {"baseline": 0.01080319993197918, "candidate": 0.01117440015077591}, "baseline_over_candidate": 0.9667811950719382}
{"case": {"B": 2, "SEQ_LEN": 512, "H": 2, "HQ": 32, "D": 64, "S": 1, "block_size": 16, "is_causal": true}, "candidate": "baseline", "phase": "compile_correctness"}
{"case": {"B": 2, "SEQ_LEN": 512, "H": 2, "HQ": 32, "D": 64, "S": 1, "block_size": 16, "is_causal": true}, "candidate": "candidate", "phase": "compile_correctness"}
2026-09-07 09:20:05  [TileLang:tilelang.jit.kernel:INFO] (kernel.py:129): TileLang begins to compile kernel `kernel` with `out_idx=None`
2026-09-07 09:20:08  [TileLang:tilelang.jit.kernel:INFO] (kernel.py:137): TileLang completes to compile kernel `kernel`
{"case": {"B": 2, "SEQ_LEN": 512, "H": 2, "HQ": 32, "D": 64, "S": 1, "block_size": 16, "is_causal": true}, "seed": 334, "status": "PASS", "call_event_ms": {"baseline": [0.019788800179958342, 0.01730560064315796, 0.017433600127696992, 0.017280000448226928], "candidate": [0.018764799833297728, 0.018432000279426576, 0.01966080069541931, 0.018380799889564516]}, "median_ms": {"baseline": 0.017369600385427474, "candidate": 0.018598400056362152}, "baseline_over_candidate": 0.9339298183063693}
{"case": {"B": 1, "SEQ_LEN": 512, "H": 2, "HQ": 32, "D": 128, "S": 1, "block_size": 16, "is_causal": true}, "candidate": "baseline", "phase": "compile_correctness"}
{"case": {"B": 1, "SEQ_LEN": 512, "H": 2, "HQ": 32, "D": 128, "S": 1, "block_size": 16, "is_causal": true}, "candidate": "candidate", "phase": "compile_correctness"}
2026-09-07 09:20:09  [TileLang:tilelang.jit.kernel:INFO] (kernel.py:129): TileLang begins to compile kernel `kernel` with `out_idx=None`
2026-09-07 09:20:12  [TileLang:tilelang.jit.kernel:INFO] (kernel.py:137): TileLang completes to compile kernel `kernel`
{"case": {"B": 1, "SEQ_LEN": 512, "H": 2, "HQ": 32, "D": 128, "S": 1, "block_size": 16, "is_causal": true}, "seed": 334, "status": "PASS", "call_event_ms": {"baseline": [0.02088959962129593, 0.018611200153827667, 0.018713599443435668, 0.018688000738620758], "candidate": [0.017894400656223296, 0.017766399681568144, 0.017715199291706084, 0.017638400197029114]}, "median_ms": {"baseline": 0.018700800091028213, "candidate": 0.017740799486637114}, "baseline_over_candidate": 1.0541125897462624}
{"case": {"B": 1, "SEQ_LEN": 256, "H": 1, "HQ": 16, "D": 64, "S": 2, "block_size": 16, "is_causal": true}, "candidate": "baseline", "phase": "compile_correctness"}
{"case": {"B": 1, "SEQ_LEN": 256, "H": 1, "HQ": 16, "D": 64, "S": 2, "block_size": 16, "is_causal": true}, "candidate": "candidate", "phase": "compile_correctness"}
2026-09-07 09:20:13  [TileLang:tilelang.cache.kernel_cache:WARNING] (kernel_cache.py:342): Found kernel 'kernel' in memory cache. For better performance, consider using `@tilelang.jit` instead of direct kernel caching.
{"case": {"B": 1, "SEQ_LEN": 256, "H": 1, "HQ": 16, "D": 64, "S": 2, "block_size": 16, "is_causal": true}, "seed": 334, "status": "PASS", "call_event_ms": {"baseline": [0.011519999802112579, 0.011519999802112579, 0.011007999628782272, 0.010649599879980088], "candidate": [0.01088000014424324, 0.010649599879980088, 0.010649599879980088, 0.010547199845314026]}, "median_ms": {"baseline": 0.011263999715447425, "candidate": 0.010649599879980088}, "baseline_over_candidate": 1.0576922928928374}
{"case": {"B": 2, "SEQ_LEN": 512, "H": 1, "HQ": 16, "D": 64, "S": 2, "block_size": 16, "is_causal": true}, "candidate": "baseline", "phase": "compile_correctness"}
{"case": {"B": 2, "SEQ_LEN": 512, "H": 1, "HQ": 16, "D": 64, "S": 2, "block_size": 16, "is_causal": true}, "candidate": "candidate", "phase": "compile_correctness"}
2026-09-07 09:20:13  [TileLang:tilelang.cache.kernel_cache:WARNING] (kernel_cache.py:342): Found kernel 'kernel' in memory cache. For better performance, consider using `@tilelang.jit` instead of direct kernel caching.
{"case": {"B": 2, "SEQ_LEN": 512, "H": 1, "HQ": 16, "D": 64, "S": 2, "block_size": 16, "is_causal": true}, "seed": 334, "status": "PASS", "call_event_ms": {"baseline": [0.01943040043115616, 0.019046400487422944, 0.019225600361824035, 0.019251200556755065], "candidate": [0.019276799261569978, 0.01940480023622513, 0.019174399971961974, 0.019225600361824035]}, "median_ms": {"baseline": 0.01923840045928955, "candidate": 0.019251199811697005}, "baseline_over_candidate": 0.9993351400155497}
{"case": {"B": 4, "SEQ_LEN": 1024, "H": 1, "HQ": 16, "D": 64, "S": 2, "block_size": 16, "is_causal": true}, "candidate": "baseline", "phase": "compile_correctness"}
{"case": {"B": 4, "SEQ_LEN": 1024, "H": 1, "HQ": 16, "D": 64, "S": 2, "block_size": 16, "is_causal": true}, "candidate": "candidate", "phase": "compile_correctness"}
2026-09-07 09:20:14  [TileLang:tilelang.cache.kernel_cache:WARNING] (kernel_cache.py:342): Found kernel 'kernel' in memory cache. For better performance, consider using `@tilelang.jit` instead of direct kernel caching.
{"case": {"B": 4, "SEQ_LEN": 1024, "H": 1, "HQ": 16, "D": 64, "S": 2, "block_size": 16, "is_causal": true}, "seed": 334, "status": "PASS", "call_event_ms": {"baseline": [0.050380802154541014, 0.05027840137481689, 0.05025280117988586, 0.05017600059509277], "candidate": [0.05025280117988586, 0.04997119903564453, 0.05009920001029968, 0.050483202934265135]}, "median_ms": {"baseline": 0.05026560127735138, "candidate": 0.05017600059509277}, "baseline_over_candidate": 1.001785727861845}
{"case": {"B": 1, "SEQ_LEN": 256, "H": 1, "HQ": 16, "D": 64, "S": 4, "block_size": 16, "is_causal": true}, "candidate": "baseline", "phase": "compile_correctness"}
{"case": {"B": 1, "SEQ_LEN": 256, "H": 1, "HQ": 16, "D": 64, "S": 4, "block_size": 16, "is_causal": true}, "candidate": "candidate", "phase": "compile_correctness"}
2026-09-07 09:20:14  [TileLang:tilelang.cache.kernel_cache:WARNING] (kernel_cache.py:342): Found kernel 'kernel' in memory cache. For better performance, consider using `@tilelang.jit` instead of direct kernel caching.
{"case": {"B": 1, "SEQ_LEN": 256, "H": 1, "HQ": 16, "D": 64, "S": 4, "block_size": 16, "is_causal": true}, "seed": 334, "status": "PASS", "call_event_ms": {"baseline": [0.015999999642372132, 0.016051200032234193, 0.01592320054769516, 0.015974399447441102], "candidate": [0.01594880074262619, 0.01594880074262619, 0.015846399962902068, 0.01592320054769516]}, "median_ms": {"baseline": 0.015987199544906617, "candidate": 0.015936000645160674}, "baseline_over_candidate": 1.003212782233508}
{"case": {"B": 2, "SEQ_LEN": 512, "H": 1, "HQ": 16, "D": 64, "S": 4, "block_size": 16, "is_causal": true}, "candidate": "baseline", "phase": "compile_correctness"}
{"case": {"B": 2, "SEQ_LEN": 512, "H": 1, "HQ": 16, "D": 64, "S": 4, "block_size": 16, "is_causal": true}, "candidate": "candidate", "phase": "compile_correctness"}
2026-09-07 09:20:14  [TileLang:tilelang.cache.kernel_cache:WARNING] (kernel_cache.py:342): Found kernel 'kernel' in memory cache. For better performance, consider using `@tilelang.jit` instead of direct kernel caching.
{"case": {"B": 2, "SEQ_LEN": 512, "H": 1, "HQ": 16, "D": 64, "S": 4, "block_size": 16, "is_causal": true}, "seed": 334, "status": "PASS", "call_event_ms": {"baseline": [0.029286399483680725, 0.029235199093818665, 0.029209598898887634, 0.02887679934501648], "candidate": [0.02908160090446472, 0.02910720109939575, 0.02900480031967163, 0.029158401489257812]}, "median_ms": {"baseline": 0.02922239899635315, "candidate": 0.029094401001930236}, "baseline_over_candidate": 1.004399402978409}
{"case": {"B": 4, "SEQ_LEN": 1024, "H": 1, "HQ": 16, "D": 64, "S": 4, "block_size": 16, "is_causal": true}, "candidate": "baseline", "phase": "compile_correctness"}
{"case": {"B": 4, "SEQ_LEN": 1024, "H": 1, "HQ": 16, "D": 64, "S": 4, "block_size": 16, "is_causal": true}, "candidate": "candidate", "phase": "compile_correctness"}
2026-09-07 09:20:14  [TileLang:tilelang.cache.kernel_cache:WARNING] (kernel_cache.py:342): Found kernel 'kernel' in memory cache. For better performance, consider using `@tilelang.jit` instead of direct kernel caching.
{"case": {"B": 4, "SEQ_LEN": 1024, "H": 1, "HQ": 16, "D": 64, "S": 4, "block_size": 16, "is_causal": true}, "seed": 334, "status": "PASS", "call_event_ms": {"baseline": [0.07805439829826355, 0.07790079712867737, 0.07784960269927979, 0.07807999849319458], "candidate": [0.07838720083236694, 0.07790079712867737, 0.07795199751853943, 0.07802879810333252]}, "median_ms": {"baseline": 0.07797759771347046, "candidate": 0.07799039781093597}, "baseline_over_candidate": 0.9998358759818543}
{"case": {"B": 1, "SEQ_LEN": 256, "H": 1, "HQ": 16, "D": 64, "S": 8, "block_size": 16, "is_causal": true}, "candidate": "baseline", "phase": "compile_correctness"}
{"case": {"B": 1, "SEQ_LEN": 256, "H": 1, "HQ": 16, "D": 64, "S": 8, "block_size": 16, "is_causal": true}, "candidate": "candidate", "phase": "compile_correctness"}
2026-09-07 09:20:15  [TileLang:tilelang.cache.kernel_cache:WARNING] (kernel_cache.py:342): Found kernel 'kernel' in memory cache. For better performance, consider using `@tilelang.jit` instead of direct kernel caching.
{"case": {"B": 1, "SEQ_LEN": 256, "H": 1, "HQ": 16, "D": 64, "S": 8, "block_size": 16, "is_causal": true}, "seed": 334, "status": "PASS", "call_event_ms": {"baseline": [0.02462719976902008, 0.02465279996395111, 0.02457599937915802, 0.02462719976902008], "candidate": [0.024908800423145295, 0.02457599937915802, 0.02457599937915802, 0.02462719976902008]}, "median_ms": {"baseline": 0.02462719976902008, "candidate": 0.02460159957408905}, "baseline_over_candidate": 1.0010405906678521}
{"case": {"B": 2, "SEQ_LEN": 512, "H": 1, "HQ": 16, "D": 64, "S": 8, "block_size": 16, "is_causal": true}, "candidate": "baseline", "phase": "compile_correctness"}
{"case": {"B": 2, "SEQ_LEN": 512, "H": 1, "HQ": 16, "D": 64, "S": 8, "block_size": 16, "is_causal": true}, "candidate": "candidate", "phase": "compile_correctness"}
2026-09-07 09:20:15  [TileLang:tilelang.cache.kernel_cache:WARNING] (kernel_cache.py:342): Found kernel 'kernel' in memory cache. For better performance, consider using `@tilelang.jit` instead of direct kernel caching.
{"case": {"B": 2, "SEQ_LEN": 512, "H": 1, "HQ": 16, "D": 64, "S": 8, "block_size": 16, "is_causal": true}, "seed": 334, "status": "PASS", "call_event_ms": {"baseline": [0.04134399890899658, 0.04121600091457367, 0.04119040071964264, 0.04129279851913452], "candidate": [0.04106239974498749, 0.04131839871406555, 0.04095999896526337, 0.04108799993991852]}, "median_ms": {"baseline": 0.041254399716854094, "candidate": 0.041075199842453}, "baseline_over_candidate": 1.0043627267813284}
{"case": {"B": 4, "SEQ_LEN": 1024, "H": 1, "HQ": 16, "D": 64, "S": 8, "block_size": 16, "is_causal": true}, "candidate": "baseline", "phase": "compile_correctness"}
{"case": {"B": 4, "SEQ_LEN": 1024, "H": 1, "HQ": 16, "D": 64, "S": 8, "block_size": 16, "is_causal": true}, "candidate": "candidate", "phase": "compile_correctness"}
2026-09-07 09:20:15  [TileLang:tilelang.cache.kernel_cache:WARNING] (kernel_cache.py:342): Found kernel 'kernel' in memory cache. For better performance, consider using `@tilelang.jit` instead of direct kernel caching.
{"case": {"B": 4, "SEQ_LEN": 1024, "H": 1, "HQ": 16, "D": 64, "S": 8, "block_size": 16, "is_causal": true}, "seed": 334, "status": "PASS", "call_event_ms": {"baseline": [0.12400640249252319, 0.12380160093307495, 0.12377599477767945, 0.12387839555740357], "candidate": [0.12400640249252319, 0.12387839555740357, 0.12372479438781739, 0.12336640357971192]}, "median_ms": {"baseline": 0.12383999824523925, "candidate": 0.12380159497261048}, "baseline_over_candidate": 1.0003102001443298}
{"case": {"B": 1, "SEQ_LEN": 1024, "H": 1, "HQ": 16, "D": 128, "S": 1, "block_size": 32, "is_causal": true}, "candidate": "baseline", "phase": "compile_correctness"}
{"case": {"B": 1, "SEQ_LEN": 1024, "H": 1, "HQ": 16, "D": 128, "S": 1, "block_size": 32, "is_causal": true}, "candidate": "candidate", "phase": "compile_correctness"}
2026-09-07 09:20:15  [TileLang:tilelang.jit.kernel:INFO] (kernel.py:129): TileLang begins to compile kernel `kernel` with `out_idx=None`
2026-09-07 09:20:19  [TileLang:tilelang.jit.kernel:INFO] (kernel.py:137): TileLang completes to compile kernel `kernel`
{"case": {"B": 1, "SEQ_LEN": 1024, "H": 1, "HQ": 16, "D": 128, "S": 1, "block_size": 32, "is_causal": true}, "seed": 334, "status": "PASS", "call_event_ms": {"baseline": [0.026009601354599, 0.024371199309825897, 0.024166400730609893, 0.024268800020217897], "candidate": [0.022015999257564544, 0.02160640060901642, 0.021631999313831328, 0.021427200734615327]}, "median_ms": {"baseline": 0.024319999665021897, "candidate": 0.021619199961423873}, "baseline_over_candidate": 1.1249259782238559}
{"case": {"B": 2, "SEQ_LEN": 1024, "H": 1, "HQ": 16, "D": 128, "S": 1, "block_size": 32, "is_causal": true}, "candidate": "baseline", "phase": "compile_correctness"}
{"case": {"B": 2, "SEQ_LEN": 1024, "H": 1, "HQ": 16, "D": 128, "S": 1, "block_size": 32, "is_causal": true}, "candidate": "candidate", "phase": "compile_correctness"}
2026-09-07 09:20:19  [TileLang:tilelang.jit.kernel:INFO] (kernel.py:129): TileLang begins to compile kernel `kernel` with `out_idx=None`
2026-09-07 09:20:23  [TileLang:tilelang.jit.kernel:INFO] (kernel.py:137): TileLang completes to compile kernel `kernel`
{"case": {"B": 2, "SEQ_LEN": 1024, "H": 1, "HQ": 16, "D": 128, "S": 1, "block_size": 32, "is_causal": true}, "seed": 334, "status": "PASS", "call_event_ms": {"baseline": [0.046438398957252505, 0.04454399943351746, 0.04433920085430145, 0.04431360065937042], "candidate": [0.0389631986618042, 0.0387584000825882, 0.03850240111351013, 0.03880960047245026]}, "median_ms": {"baseline": 0.04444160014390945, "candidate": 0.03878400027751923}, "baseline_over_candidate": 1.1458745829699675}
{"case": {"B": 4, "SEQ_LEN": 512, "H": 1, "HQ": 16, "D": 128, "S": 1, "block_size": 32, "is_causal": true}, "candidate": "baseline", "phase": "compile_correctness"}
{"case": {"B": 4, "SEQ_LEN": 512, "H": 1, "HQ": 16, "D": 128, "S": 1, "block_size": 32, "is_causal": true}, "candidate": "candidate", "phase": "compile_correctness"}
2026-09-07 09:20:24  [TileLang:tilelang.jit.kernel:INFO] (kernel.py:129): TileLang begins to compile kernel `kernel` with `out_idx=None`
2026-09-07 09:20:27  [TileLang:tilelang.jit.kernel:INFO] (kernel.py:137): TileLang completes to compile kernel `kernel`
{"case": {"B": 4, "SEQ_LEN": 512, "H": 1, "HQ": 16, "D": 128, "S": 1, "block_size": 32, "is_causal": true}, "seed": 334, "status": "PASS", "call_event_ms": {"baseline": [0.04656639993190766, 0.04433920085430145, 0.04410879909992218, 0.04426240026950836], "candidate": [0.03891200125217438, 0.03829759955406189, 0.03834879994392395, 0.038553598523139956]}, "median_ms": {"baseline": 0.044300800561904906, "candidate": 0.03845119923353195}, "baseline_over_candidate": 1.1521305302559126}
{"case": {"B": 8, "SEQ_LEN": 256, "H": 1, "HQ": 16, "D": 128, "S": 1, "block_size": 32, "is_causal": true}, "candidate": "baseline", "phase": "compile_correctness"}
{"case": {"B": 8, "SEQ_LEN": 256, "H": 1, "HQ": 16, "D": 128, "S": 1, "block_size": 32, "is_causal": true}, "candidate": "candidate", "phase": "compile_correctness"}
2026-09-07 09:20:28  [TileLang:tilelang.jit.kernel:INFO] (kernel.py:129): TileLang begins to compile kernel `kernel` with `out_idx=None`
2026-09-07 09:20:31  [TileLang:tilelang.jit.kernel:INFO] (kernel.py:137): TileLang completes to compile kernel `kernel`
{"case": {"B": 8, "SEQ_LEN": 256, "H": 1, "HQ": 16, "D": 128, "S": 1, "block_size": 32, "is_causal": true}, "seed": 334, "status": "PASS", "call_event_ms": {"baseline": [0.04659200012683869, 0.04503040015697479, 0.04526079893112182, 0.04480000138282776], "candidate": [0.03883520066738129, 0.03863039910793305, 0.03832319974899292, 0.03888640105724335]}, "median_ms": {"baseline": 0.04514559954404831, "candidate": 0.03873279988765717}, "baseline_over_candidate": 1.165565094054424}
{"case": {"B": 1, "SEQ_LEN": 2048, "H": 1, "HQ": 16, "D": 32, "S": 1, "block_size": 16, "is_causal": true}, "candidate": "baseline", "phase": "compile_correctness"}
{"case": {"B": 1, "SEQ_LEN": 2048, "H": 1, "HQ": 16, "D": 32, "S": 1, "block_size": 16, "is_causal": true}, "candidate": "candidate", "phase": "compile_correctness"}
2026-09-07 09:20:32  [TileLang:tilelang.jit.kernel:INFO] (kernel.py:129): TileLang begins to compile kernel `kernel` with `out_idx=None`
2026-09-07 09:20:35  [TileLang:tilelang.jit.kernel:INFO] (kernel.py:137): TileLang completes to compile kernel `kernel`
{"case": {"B": 1, "SEQ_LEN": 2048, "H": 1, "HQ": 16, "D": 32, "S": 1, "block_size": 16, "is_causal": true}, "seed": 334, "status": "PASS", "call_event_ms": {"baseline": [0.013439999520778656, 0.010675200074911118, 0.010470400005578995, 0.01377280056476593], "candidate": [0.011468800157308579, 0.01085439994931221, 0.010675200074911118, 0.011007999628782272]}, "median_ms": {"baseline": 0.012057599797844886, "candidate": 0.01093119978904724}, "baseline_over_candidate": 1.1030444992805153}
{"case": {"B": 4, "SEQ_LEN": 2048, "H": 1, "HQ": 16, "D": 32, "S": 1, "block_size": 16, "is_causal": true}, "candidate": "baseline", "phase": "compile_correctness"}
{"case": {"B": 4, "SEQ_LEN": 2048, "H": 1, "HQ": 16, "D": 32, "S": 1, "block_size": 16, "is_causal": true}, "candidate": "candidate", "phase": "compile_correctness"}
2026-09-07 09:20:36  [TileLang:tilelang.jit.kernel:INFO] (kernel.py:129): TileLang begins to compile kernel `kernel` with `out_idx=None`
2026-09-07 09:20:38  [TileLang:tilelang.jit.kernel:INFO] (kernel.py:137): TileLang completes to compile kernel `kernel`
{"case": {"B": 4, "SEQ_LEN": 2048, "H": 1, "HQ": 16, "D": 32, "S": 1, "block_size": 16, "is_causal": true}, "seed": 334, "status": "PASS", "call_event_ms": {"baseline": [0.026188799738883974, 0.024371199309825897, 0.024422399699687958, 0.024447999894618988], "candidate": [0.025190401077270507, 0.024806399643421174, 0.025190401077270507, 0.024857600033283234]}, "median_ms": {"baseline": 0.024435199797153473, "candidate": 0.02502400055527687}, "baseline_over_candidate": 0.9764705584615552}
{"case": {"B": 8, "SEQ_LEN": 2048, "H": 1, "HQ": 16, "D": 32, "S": 1, "block_size": 16, "is_causal": true}, "candidate": "baseline", "phase": "compile_correctness"}
{"case": {"B": 8, "SEQ_LEN": 2048, "H": 1, "HQ": 16, "D": 32, "S": 1, "block_size": 16, "is_causal": true}, "candidate": "candidate", "phase": "compile_correctness"}
2026-09-07 09:20:39  [TileLang:tilelang.jit.kernel:INFO] (kernel.py:129): TileLang begins to compile kernel `kernel` with `out_idx=None`
2026-09-07 09:20:42  [TileLang:tilelang.jit.kernel:INFO] (kernel.py:137): TileLang completes to compile kernel `kernel`
{"case": {"B": 8, "SEQ_LEN": 2048, "H": 1, "HQ": 16, "D": 32, "S": 1, "block_size": 16, "is_causal": true}, "seed": 334, "status": "PASS", "call_event_ms": {"baseline": [0.042905598878860474, 0.04108799993991852, 0.04116480052471161, 0.04108799993991852], "candidate": [0.04119040071964264, 0.04085760116577149, 0.04149760007858276, 0.04126720130443573]}, "median_ms": {"baseline": 0.041126400232315063, "candidate": 0.041228801012039185}, "baseline_over_candidate": 0.997516280434781}
{"case": {"B": 1, "SEQ_LEN": 48, "H": 1, "HQ": 16, "D": 32, "S": 1, "block_size": 16, "is_causal": true}, "candidate": "baseline", "phase": "compile_correctness"}
{"case": {"B": 1, "SEQ_LEN": 48, "H": 1, "HQ": 16, "D": 32, "S": 1, "block_size": 16, "is_causal": true}, "candidate": "candidate", "phase": "compile_correctness"}
2026-09-07 09:20:43  [TileLang:tilelang.jit.kernel:INFO] (kernel.py:129): TileLang begins to compile kernel `kernel` with `out_idx=None`
2026-09-07 09:20:46  [TileLang:tilelang.jit.kernel:INFO] (kernel.py:137): TileLang completes to compile kernel `kernel`
{"case": {"B": 1, "SEQ_LEN": 48, "H": 1, "HQ": 16, "D": 32, "S": 1, "block_size": 16, "is_causal": true}, "seed": 334, "status": "PASS", "call_event_ms": {"baseline": [0.014310400187969207, 0.010777600109577179, 0.014028799533843995, 0.010572800040245056], "candidate": [0.012211199849843979, 0.010956799983978272, 0.01090560033917427, 0.010777600109577179]}, "median_ms": {"baseline": 0.012403199821710587, "candidate": 0.010931200161576272}, "baseline_over_candidate": 1.1346603884638824}
{"case": {"B": 2, "SEQ_LEN": 48, "H": 1, "HQ": 16, "D": 32, "S": 1, "block_size": 16, "is_causal": true}, "candidate": "baseline", "phase": "compile_correctness"}
{"case": {"B": 2, "SEQ_LEN": 48, "H": 1, "HQ": 16, "D": 32, "S": 1, "block_size": 16, "is_causal": true}, "candidate": "candidate", "phase": "compile_correctness"}
2026-09-07 09:20:47  [TileLang:tilelang.jit.kernel:INFO] (kernel.py:129): TileLang begins to compile kernel `kernel` with `out_idx=None`
2026-09-07 09:20:49  [TileLang:tilelang.jit.kernel:INFO] (kernel.py:137): TileLang completes to compile kernel `kernel`
{"case": {"B": 2, "SEQ_LEN": 48, "H": 1, "HQ": 16, "D": 32, "S": 1, "block_size": 16, "is_causal": true}, "seed": 334, "status": "PASS", "call_event_ms": {"baseline": [0.013030399382114411, 0.010367999970912933, 0.010393600165843963, 0.010214400291442872], "candidate": [0.011212799698114395, 0.010777600109577179, 0.010649599879980088, 0.010700800269842149]}, "median_ms": {"baseline": 0.010380800068378448, "candidate": 0.010739200189709664}, "baseline_over_candidate": 0.9666269261211243}
{"case": {"B": 4, "SEQ_LEN": 48, "H": 1, "HQ": 16, "D": 32, "S": 1, "block_size": 16, "is_causal": true}, "candidate": "baseline", "phase": "compile_correctness"}
{"case": {"B": 4, "SEQ_LEN": 48, "H": 1, "HQ": 16, "D": 32, "S": 1, "block_size": 16, "is_causal": true}, "candidate": "candidate", "phase": "compile_correctness"}
2026-09-07 09:20:50  [TileLang:tilelang.jit.kernel:INFO] (kernel.py:129): TileLang begins to compile kernel `kernel` with `out_idx=None`
2026-09-07 09:20:53  [TileLang:tilelang.jit.kernel:INFO] (kernel.py:137): TileLang completes to compile kernel `kernel`
{"case": {"B": 4, "SEQ_LEN": 48, "H": 1, "HQ": 16, "D": 32, "S": 1, "block_size": 16, "is_causal": true}, "seed": 334, "status": "PASS", "call_event_ms": {"baseline": [0.014003199338912965, 0.010700800269842149, 0.011135999858379365, 0.010521599650382995], "candidate": [0.011852800101041793, 0.011135999858379365, 0.010777600109577179, 0.01085439994931221]}, "median_ms": {"baseline": 0.010918400064110757, "candidate": 0.010995199903845787}, "baseline_over_candidate": 0.9930151483914205}
{"case": {"B": 8, "SEQ_LEN": 48, "H": 1, "HQ": 16, "D": 32, "S": 1, "block_size": 16, "is_causal": true}, "candidate": "baseline", "phase": "compile_correctness"}
{"case": {"B": 8, "SEQ_LEN": 48, "H": 1, "HQ": 16, "D": 32, "S": 1, "block_size": 16, "is_causal": true}, "candidate": "candidate", "phase": "compile_correctness"}
2026-09-07 09:20:54  [TileLang:tilelang.jit.kernel:INFO] (kernel.py:129): TileLang begins to compile kernel `kernel` with `out_idx=None`
2026-09-07 09:20:56  [TileLang:tilelang.jit.kernel:INFO] (kernel.py:137): TileLang completes to compile kernel `kernel`
{"case": {"B": 8, "SEQ_LEN": 48, "H": 1, "HQ": 16, "D": 32, "S": 1, "block_size": 16, "is_causal": true}, "seed": 334, "status": "PASS", "call_event_ms": {"baseline": [0.013209599256515502, 0.010982400178909302, 0.010675200074911118, 0.010623999685049058], "candidate": [0.011264000087976456, 0.01088000014424324, 0.010931199789047242, 0.010828799754381179]}, "median_ms": {"baseline": 0.010828800126910211, "candidate": 0.010905599966645241}, "baseline_over_candidate": 0.9929577611529927}
{"case": {"B": 1, "SEQ_LEN": 96, "H": 1, "HQ": 16, "D": 32, "S": 1, "block_size": 16, "is_causal": true}, "candidate": "baseline", "phase": "compile_correctness"}
{"case": {"B": 1, "SEQ_LEN": 96, "H": 1, "HQ": 16, "D": 32, "S": 1, "block_size": 16, "is_causal": true}, "candidate": "candidate", "phase": "compile_correctness"}
2026-09-07 09:20:57  [TileLang:tilelang.jit.kernel:INFO] (kernel.py:129): TileLang begins to compile kernel `kernel` with `out_idx=None`
2026-09-07 09:21:00  [TileLang:tilelang.jit.kernel:INFO] (kernel.py:137): TileLang completes to compile kernel `kernel`
{"case": {"B": 1, "SEQ_LEN": 96, "H": 1, "HQ": 16, "D": 32, "S": 1, "block_size": 16, "is_causal": true}, "seed": 334, "status": "PASS", "call_event_ms": {"baseline": [0.01446399986743927, 0.01080320030450821, 0.010598400235176086, 0.010521599650382995], "candidate": [0.014668799936771393, 0.011135999858379365, 0.01088000014424324, 0.010777600109577179]}, "median_ms": {"baseline": 0.010700800269842149, "candidate": 0.011008000001311302}, "baseline_over_candidate": 0.9720930476532922}
{"case": {"B": 2, "SEQ_LEN": 96, "H": 1, "HQ": 16, "D": 32, "S": 1, "block_size": 16, "is_causal": true}, "candidate": "baseline", "phase": "compile_correctness"}
{"case": {"B": 2, "SEQ_LEN": 96, "H": 1, "HQ": 16, "D": 32, "S": 1, "block_size": 16, "is_causal": true}, "candidate": "candidate", "phase": "compile_correctness"}
2026-09-07 09:21:01  [TileLang:tilelang.jit.kernel:INFO] (kernel.py:129): TileLang begins to compile kernel `kernel` with `out_idx=None`
2026-09-07 09:21:03  [TileLang:tilelang.jit.kernel:INFO] (kernel.py:137): TileLang completes to compile kernel `kernel`
{"case": {"B": 2, "SEQ_LEN": 96, "H": 1, "HQ": 16, "D": 32, "S": 1, "block_size": 16, "is_causal": true}, "seed": 334, "status": "PASS", "call_event_ms": {"baseline": [0.013209599256515502, 0.010777600109577179, 0.010496000200510025, 0.010521599650382995], "candidate": [0.011468800157308579, 0.011724799871444702, 0.010956799983978272, 0.010700800269842149]}, "median_ms": {"baseline": 0.010649599879980088, "candidate": 0.011212800070643425}, "baseline_over_candidate": 0.9497716728100888}
{"case": {"B": 4, "SEQ_LEN": 96, "H": 1, "HQ": 16, "D": 32, "S": 1, "block_size": 16, "is_causal": true}, "candidate": "baseline", "phase": "compile_correctness"}
{"case": {"B": 4, "SEQ_LEN": 96, "H": 1, "HQ": 16, "D": 32, "S": 1, "block_size": 16, "is_causal": true}, "candidate": "candidate", "phase": "compile_correctness"}
2026-09-07 09:21:04  [TileLang:tilelang.jit.kernel:INFO] (kernel.py:129): TileLang begins to compile kernel `kernel` with `out_idx=None`
2026-09-07 09:21:07  [TileLang:tilelang.jit.kernel:INFO] (kernel.py:137): TileLang completes to compile kernel `kernel`
{"case": {"B": 4, "SEQ_LEN": 96, "H": 1, "HQ": 16, "D": 32, "S": 1, "block_size": 16, "is_causal": true}, "seed": 334, "status": "PASS", "call_event_ms": {"baseline": [0.013158400356769562, 0.01080320030450821, 0.010521599650382995, 0.010598400235176086], "candidate": [0.011801599711179733, 0.011033599823713302, 0.010751999914646149, 0.010777600109577179]}, "median_ms": {"baseline": 0.010700800269842149, "candidate": 0.010905599966645241}, "baseline_over_candidate": 0.9812206850215053}
{"case": {"B": 8, "SEQ_LEN": 96, "H": 1, "HQ": 16, "D": 32, "S": 1, "block_size": 16, "is_causal": true}, "candidate": "baseline", "phase": "compile_correctness"}
{"case": {"B": 8, "SEQ_LEN": 96, "H": 1, "HQ": 16, "D": 32, "S": 1, "block_size": 16, "is_causal": true}, "candidate": "candidate", "phase": "compile_correctness"}
2026-09-07 09:21:08  [TileLang:tilelang.jit.kernel:INFO] (kernel.py:129): TileLang begins to compile kernel `kernel` with `out_idx=None`
2026-09-07 09:21:11  [TileLang:tilelang.jit.kernel:INFO] (kernel.py:137): TileLang completes to compile kernel `kernel`
{"case": {"B": 8, "SEQ_LEN": 96, "H": 1, "HQ": 16, "D": 32, "S": 1, "block_size": 16, "is_causal": true}, "seed": 334, "status": "PASS", "call_event_ms": {"baseline": [0.012902399897575379, 0.010751999914646149, 0.010470400005578995, 0.010419200360774993], "candidate": [0.011519999802112579, 0.011084800213575363, 0.011007999628782272, 0.010982400178909302]}, "median_ms": {"baseline": 0.010611199960112571, "candidate": 0.011046399921178817}, "baseline_over_candidate": 0.9606025524902593}
{"case": {"B": 1, "SEQ_LEN": 4096, "H": 1, "HQ": 16, "D": 64, "S": 1, "block_size": 16, "is_causal": true}, "candidate": "baseline", "phase": "compile_correctness"}
{"case": {"B": 1, "SEQ_LEN": 4096, "H": 1, "HQ": 16, "D": 64, "S": 1, "block_size": 16, "is_causal": true}, "candidate": "candidate", "phase": "compile_correctness"}
2026-09-07 09:21:12  [TileLang:tilelang.jit.kernel:INFO] (kernel.py:129): TileLang begins to compile kernel `kernel` with `out_idx=None`
2026-09-07 09:21:15  [TileLang:tilelang.jit.kernel:INFO] (kernel.py:137): TileLang completes to compile kernel `kernel`
{"case": {"B": 1, "SEQ_LEN": 4096, "H": 1, "HQ": 16, "D": 64, "S": 1, "block_size": 16, "is_causal": true}, "seed": 334, "status": "PASS", "call_event_ms": {"baseline": [0.030694401264190672, 0.029465600848197937, 0.03182080090045929, 0.029772800207138062], "candidate": [0.029440000653266907, 0.029311999678611755, 0.02910720109939575, 0.029900801181793214]}, "median_ms": {"baseline": 0.03023360073566437, "candidate": 0.02937600016593933}, "baseline_over_candidate": 1.029193919011459}
{"case": {"B": 1, "SEQ_LEN": 4096, "H": 1, "HQ": 16, "D": 128, "S": 1, "block_size": 16, "is_causal": true}, "candidate": "baseline", "phase": "compile_correctness"}
{"case": {"B": 1, "SEQ_LEN": 4096, "H": 1, "HQ": 16, "D": 128, "S": 1, "block_size": 16, "is_causal": true}, "candidate": "candidate", "phase": "compile_correctness"}
2026-09-07 09:21:16  [TileLang:tilelang.jit.kernel:INFO] (kernel.py:129): TileLang begins to compile kernel `kernel` with `out_idx=None`
2026-09-07 09:21:19  [TileLang:tilelang.jit.kernel:INFO] (kernel.py:137): TileLang completes to compile kernel `kernel`
{"case": {"B": 1, "SEQ_LEN": 4096, "H": 1, "HQ": 16, "D": 128, "S": 1, "block_size": 16, "is_causal": true}, "seed": 334, "status": "PASS", "call_event_ms": {"baseline": [0.059059202671051025, 0.057574397325515746, 0.05739520192146301, 0.056831997632980344], "candidate": [0.05237759947776795, 0.05314559936523437, 0.052249598503112796, 0.05191680192947388]}, "median_ms": {"baseline": 0.057484799623489374, "candidate": 0.05231359899044037}, "baseline_over_candidate": 1.098850026242583}
{"case": {"B": 2, "SEQ_LEN": 4096, "H": 1, "HQ": 16, "D": 64, "S": 1, "block_size": 16, "is_causal": true}, "candidate": "baseline", "phase": "compile_correctness"}
{"case": {"B": 2, "SEQ_LEN": 4096, "H": 1, "HQ": 16, "D": 64, "S": 1, "block_size": 16, "is_causal": true}, "candidate": "candidate", "phase": "compile_correctness"}
2026-09-07 09:21:20  [TileLang:tilelang.jit.kernel:INFO] (kernel.py:129): TileLang begins to compile kernel `kernel` with `out_idx=None`
2026-09-07 09:21:23  [TileLang:tilelang.jit.kernel:INFO] (kernel.py:137): TileLang completes to compile kernel `kernel`
{"case": {"B": 2, "SEQ_LEN": 4096, "H": 1, "HQ": 16, "D": 64, "S": 1, "block_size": 16, "is_causal": true}, "seed": 334, "status": "PASS", "call_event_ms": {"baseline": [0.05194240212440491, 0.05017600059509277, 0.050406402349472045, 0.05012480020523071], "candidate": [0.05050879716873169, 0.04902400076389313, 0.048921599984169006, 0.04907520115375519]}, "median_ms": {"baseline": 0.05029120147228241, "candidate": 0.04904960095882416}, "baseline_over_candidate": 1.0253131623741556}
{"case": {"B": 4, "SEQ_LEN": 4096, "H": 1, "HQ": 16, "D": 64, "S": 1, "block_size": 16, "is_causal": true}, "candidate": "baseline", "phase": "compile_correctness"}
{"case": {"B": 4, "SEQ_LEN": 4096, "H": 1, "HQ": 16, "D": 64, "S": 1, "block_size": 16, "is_causal": true}, "candidate": "candidate", "phase": "compile_correctness"}
2026-09-07 09:21:24  [TileLang:tilelang.jit.kernel:INFO] (kernel.py:129): TileLang begins to compile kernel `kernel` with `out_idx=None`
2026-09-07 09:21:27  [TileLang:tilelang.jit.kernel:INFO] (kernel.py:137): TileLang completes to compile kernel `kernel`
{"case": {"B": 4, "SEQ_LEN": 4096, "H": 1, "HQ": 16, "D": 64, "S": 1, "block_size": 16, "is_causal": true}, "seed": 334, "status": "PASS", "call_event_ms": {"baseline": [0.09249280095100403, 0.08926720023155213, 0.08962560296058655, 0.08911359906196595], "candidate": [0.08888319730758668, 0.08921599984169007, 0.08919039964675904, 0.08916479945182801]}, "median_ms": {"baseline": 0.08944640159606934, "candidate": 0.08917759954929352}, "baseline_over_candidate": 1.0030142328133338}
{"case": {"B": 8, "SEQ_LEN": 4096, "H": 1, "HQ": 16, "D": 64, "S": 1, "block_size": 16, "is_causal": true}, "candidate": "baseline", "phase": "compile_correctness"}
{"case": {"B": 8, "SEQ_LEN": 4096, "H": 1, "HQ": 16, "D": 64, "S": 1, "block_size": 16, "is_causal": true}, "candidate": "candidate", "phase": "compile_correctness"}
2026-09-07 09:21:28  [TileLang:tilelang.jit.kernel:INFO] (kernel.py:129): TileLang begins to compile kernel `kernel` with `out_idx=None`
2026-09-07 09:21:31  [TileLang:tilelang.jit.kernel:INFO] (kernel.py:137): TileLang completes to compile kernel `kernel`
{"case": {"B": 8, "SEQ_LEN": 4096, "H": 1, "HQ": 16, "D": 64, "S": 1, "block_size": 16, "is_causal": true}, "seed": 334, "status": "PASS", "call_event_ms": {"baseline": [0.17141760587692262, 0.16803840398788453, 0.16878080368041992, 0.16919039487838744], "candidate": [0.17067519426345826, 0.1687551975250244, 0.16954879760742186, 0.16814080476760865]}, "median_ms": {"baseline": 0.16898559927940368, "candidate": 0.16915199756622312}, "baseline_over_candidate": 0.9990162795047437}
{"case": {"B": 1, "SEQ_LEN": 8192, "H": 1, "HQ": 16, "D": 64, "S": 1, "block_size": 16, "is_causal": true}, "candidate": "baseline", "phase": "compile_correctness"}
{"case": {"B": 1, "SEQ_LEN": 8192, "H": 1, "HQ": 16, "D": 64, "S": 1, "block_size": 16, "is_causal": true}, "candidate": "candidate", "phase": "compile_correctness"}
2026-09-07 09:21:32  [TileLang:tilelang.jit.kernel:INFO] (kernel.py:129): TileLang begins to compile kernel `kernel` with `out_idx=None`
2026-09-07 09:21:35  [TileLang:tilelang.jit.kernel:INFO] (kernel.py:137): TileLang completes to compile kernel `kernel`
{"case": {"B": 1, "SEQ_LEN": 8192, "H": 1, "HQ": 16, "D": 64, "S": 1, "block_size": 16, "is_causal": true}, "seed": 334, "status": "PASS", "call_event_ms": {"baseline": [0.051558399200439455, 0.04981760084629059, 0.04958719909191132, 0.05007359981536865], "candidate": [0.0502016007900238, 0.04989440143108368, 0.04958719909191132, 0.04991999864578247]}, "median_ms": {"baseline": 0.04994560033082962, "candidate": 0.049907200038433075}, "baseline_over_candidate": 1.0007694339166888}
{"case": {"B": 1, "SEQ_LEN": 8192, "H": 1, "HQ": 16, "D": 128, "S": 1, "block_size": 16, "is_causal": true}, "candidate": "baseline", "phase": "compile_correctness"}
{"case": {"B": 1, "SEQ_LEN": 8192, "H": 1, "HQ": 16, "D": 128, "S": 1, "block_size": 16, "is_causal": true}, "candidate": "candidate", "phase": "compile_correctness"}
2026-09-07 09:21:36  [TileLang:tilelang.jit.kernel:INFO] (kernel.py:129): TileLang begins to compile kernel `kernel` with `out_idx=None`
2026-09-07 09:21:39  [TileLang:tilelang.jit.kernel:INFO] (kernel.py:137): TileLang completes to compile kernel `kernel`
{"case": {"B": 1, "SEQ_LEN": 8192, "H": 1, "HQ": 16, "D": 128, "S": 1, "block_size": 16, "is_causal": true}, "seed": 334, "status": "PASS", "call_event_ms": {"baseline": [0.10580480098724365, 0.10342400074005127, 0.1033471941947937, 0.10204160213470459], "candidate": [0.1012992024421692, 0.09935359954833985, 0.10058239698410035, 0.09886720180511474]}, "median_ms": {"baseline": 0.10338559746742249, "candidate": 0.0999679982662201}, "baseline_over_candidate": 1.0341869324231254}
{"case": {"B": 2, "SEQ_LEN": 8192, "H": 1, "HQ": 16, "D": 64, "S": 1, "block_size": 16, "is_causal": true}, "candidate": "baseline", "phase": "compile_correctness"}
{"case": {"B": 2, "SEQ_LEN": 8192, "H": 1, "HQ": 16, "D": 64, "S": 1, "block_size": 16, "is_causal": true}, "candidate": "candidate", "phase": "compile_correctness"}
2026-09-07 09:21:40  [TileLang:tilelang.jit.kernel:INFO] (kernel.py:129): TileLang begins to compile kernel `kernel` with `out_idx=None`
2026-09-07 09:21:43  [TileLang:tilelang.jit.kernel:INFO] (kernel.py:137): TileLang completes to compile kernel `kernel`
{"case": {"B": 2, "SEQ_LEN": 8192, "H": 1, "HQ": 16, "D": 64, "S": 1, "block_size": 16, "is_causal": true}, "seed": 334, "status": "PASS", "call_event_ms": {"baseline": [0.09192960262298584, 0.08939520120620728, 0.08921599984169007, 0.08849920034408569], "candidate": [0.09021440148353577, 0.08985599875450134, 0.08960000276565552, 0.0896511971950531]}, "median_ms": {"baseline": 0.08930560052394867, "candidate": 0.08975359797477722}, "baseline_over_candidate": 0.9950085850490981}
{"case": {"B": 4, "SEQ_LEN": 8192, "H": 1, "HQ": 16, "D": 32, "S": 1, "block_size": 16, "is_causal": true}, "candidate": "baseline", "phase": "compile_correctness"}
{"case": {"B": 4, "SEQ_LEN": 8192, "H": 1, "HQ": 16, "D": 32, "S": 1, "block_size": 16, "is_causal": true}, "candidate": "candidate", "phase": "compile_correctness"}
2026-09-07 09:21:45  [TileLang:tilelang.jit.kernel:INFO] (kernel.py:129): TileLang begins to compile kernel `kernel` with `out_idx=None`
2026-09-07 09:21:48  [TileLang:tilelang.jit.kernel:INFO] (kernel.py:137): TileLang completes to compile kernel `kernel`
{"case": {"B": 4, "SEQ_LEN": 8192, "H": 1, "HQ": 16, "D": 32, "S": 1, "block_size": 16, "is_causal": true}, "seed": 334, "status": "PASS", "call_event_ms": {"baseline": [0.0774399995803833, 0.07608320116996765, 0.07605760097503662, 0.07605760097503662], "candidate": [0.07575039863586426, 0.07541760206222534, 0.07536640167236328, 0.075135999917984]}, "median_ms": {"baseline": 0.07607040107250214, "candidate": 0.0753920018672943}, "baseline_over_candidate": 1.008998291442134}
{"case": {"B": 1, "SEQ_LEN": 16384, "H": 1, "HQ": 16, "D": 32, "S": 1, "block_size": 16, "is_causal": true}, "candidate": "baseline", "phase": "compile_correctness"}
{"case": {"B": 1, "SEQ_LEN": 16384, "H": 1, "HQ": 16, "D": 32, "S": 1, "block_size": 16, "is_causal": true}, "candidate": "candidate", "phase": "compile_correctness"}
2026-09-07 09:21:49  [TileLang:tilelang.jit.kernel:INFO] (kernel.py:129): TileLang begins to compile kernel `kernel` with `out_idx=None`
2026-09-07 09:21:52  [TileLang:tilelang.jit.kernel:INFO] (kernel.py:137): TileLang completes to compile kernel `kernel`
{"case": {"B": 1, "SEQ_LEN": 16384, "H": 1, "HQ": 16, "D": 32, "S": 1, "block_size": 16, "is_causal": true}, "seed": 334, "status": "PASS", "call_event_ms": {"baseline": [0.043647998571395875, 0.04226559996604919, 0.042444801330566405, 0.042316800355911253], "candidate": [0.04257279932498932, 0.042342400550842284, 0.04216319918632507, 0.042905598878860474]}, "median_ms": {"baseline": 0.04238080084323883, "candidate": 0.0424575999379158}, "baseline_over_candidate": 0.9981911578895352}
{"case": {"B": 1, "SEQ_LEN": 16384, "H": 1, "HQ": 16, "D": 64, "S": 1, "block_size": 16, "is_causal": true}, "candidate": "baseline", "phase": "compile_correctness"}
{"case": {"B": 1, "SEQ_LEN": 16384, "H": 1, "HQ": 16, "D": 64, "S": 1, "block_size": 16, "is_causal": true}, "candidate": "candidate", "phase": "compile_correctness"}
2026-09-07 09:21:53  [TileLang:tilelang.jit.kernel:INFO] (kernel.py:129): TileLang begins to compile kernel `kernel` with `out_idx=None`
2026-09-07 09:21:56  [TileLang:tilelang.jit.kernel:INFO] (kernel.py:137): TileLang completes to compile kernel `kernel`
{"case": {"B": 1, "SEQ_LEN": 16384, "H": 1, "HQ": 16, "D": 64, "S": 1, "block_size": 16, "is_causal": true}, "seed": 334, "status": "PASS", "call_event_ms": {"baseline": [0.09341440200805665, 0.09195520281791687, 0.09254400134086609, 0.09131519794464112], "candidate": [0.09223679900169372, 0.09031680226325989, 0.092467200756073, 0.09095680117607116]}, "median_ms": {"baseline": 0.09224960207939148, "candidate": 0.09159680008888244}, "baseline_over_candidate": 1.0071269082530785}
{"case": {"B": 2, "SEQ_LEN": 16384, "H": 1, "HQ": 16, "D": 32, "S": 1, "block_size": 16, "is_causal": true}, "candidate": "baseline", "phase": "compile_correctness"}
{"case": {"B": 2, "SEQ_LEN": 16384, "H": 1, "HQ": 16, "D": 32, "S": 1, "block_size": 16, "is_causal": true}, "candidate": "candidate", "phase": "compile_correctness"}
2026-09-07 09:21:57  [TileLang:tilelang.jit.kernel:INFO] (kernel.py:129): TileLang begins to compile kernel `kernel` with `out_idx=None`
2026-09-07 09:22:00  [TileLang:tilelang.jit.kernel:INFO] (kernel.py:137): TileLang completes to compile kernel `kernel`
{"case": {"B": 2, "SEQ_LEN": 16384, "H": 1, "HQ": 16, "D": 32, "S": 1, "block_size": 16, "is_causal": true}, "seed": 334, "status": "PASS", "call_event_ms": {"baseline": [0.07795199751853943, 0.07516160011291503, 0.07516160011291503, 0.07480319738388061], "candidate": [0.07590399980545044, 0.07518720030784606, 0.07549440264701843, 0.07493119835853576]}, "median_ms": {"baseline": 0.07516160011291503, "candidate": 0.07534080147743225}, "baseline_over_candidate": 0.9976214566210728}
