Loading tilelang libs from dev root: /opt/tilelang-metax-v0.1.10/build
{"case": {"B": 1, "SEQ_LEN": 64, "H": 1, "HQ": 16, "D": 32, "S": 1, "block_size": 16, "is_causal": true}, "candidate": "baseline", "phase": "compile_correctness"}
{"case": {"B": 1, "SEQ_LEN": 64, "H": 1, "HQ": 16, "D": 32, "S": 1, "block_size": 16, "is_causal": true}, "candidate": "candidate", "phase": "compile_correctness"}
2026-09-07 10:43:41  [TileLang:tilelang.cache.kernel_cache:WARNING] (kernel_cache.py:342): Found kernel 'kernel' in memory cache. For better performance, consider using `@tilelang.jit` instead of direct kernel caching.
{"case": {"B": 1, "SEQ_LEN": 64, "H": 1, "HQ": 16, "D": 32, "S": 1, "block_size": 16, "is_causal": true}, "seed": 374, "status": "PASS", "call_event_ms": {"baseline": [0.011852800101041793, 0.010419200360774993, 0.010393600165843963, 0.010291200131177902], "candidate": [0.010828799754381179, 0.010214400291442872, 0.010367999970912933, 0.010598400235176086]}, "median_ms": {"baseline": 0.010406400263309478, "candidate": 0.010483200103044508}, "baseline_over_candidate": 0.9926740080337944}
{"case": {"B": 1, "SEQ_LEN": 64, "H": 1, "HQ": 16, "D": 64, "S": 1, "block_size": 16, "is_causal": true}, "candidate": "baseline", "phase": "compile_correctness"}
{"case": {"B": 1, "SEQ_LEN": 64, "H": 1, "HQ": 16, "D": 64, "S": 1, "block_size": 16, "is_causal": true}, "candidate": "candidate", "phase": "compile_correctness"}
2026-09-07 10:43:41  [TileLang:tilelang.cache.kernel_cache:WARNING] (kernel_cache.py:342): Found kernel 'kernel' in memory cache. For better performance, consider using `@tilelang.jit` instead of direct kernel caching.
{"case": {"B": 1, "SEQ_LEN": 64, "H": 1, "HQ": 16, "D": 64, "S": 1, "block_size": 16, "is_causal": true}, "seed": 374, "status": "PASS", "call_event_ms": {"baseline": [0.010982400178909302, 0.010265599936246872, 0.010342399775981902, 0.01226240023970604], "candidate": [0.010496000200510025, 0.010700800269842149, 0.010060799866914749, 0.010239999741315842]}, "median_ms": {"baseline": 0.010662399977445603, "candidate": 0.010367999970912933}, "baseline_over_candidate": 1.0283950624381366}
{"case": {"B": 1, "SEQ_LEN": 64, "H": 1, "HQ": 16, "D": 128, "S": 1, "block_size": 16, "is_causal": true}, "candidate": "baseline", "phase": "compile_correctness"}
{"case": {"B": 1, "SEQ_LEN": 64, "H": 1, "HQ": 16, "D": 128, "S": 1, "block_size": 16, "is_causal": true}, "candidate": "candidate", "phase": "compile_correctness"}
{"case": {"B": 1, "SEQ_LEN": 64, "H": 1, "HQ": 16, "D": 128, "S": 1, "block_size": 16, "is_causal": true}, "seed": 374, "status": "PASS", "call_event_ms": {"baseline": [0.011903999745845795, 0.011264000087976456, 0.011315199732780456, 0.011264000087976456], "candidate": [0.010572800040245056, 0.010163199901580811, 0.010367999970912933, 0.010444799810647965]}, "median_ms": {"baseline": 0.011289599910378456, "candidate": 0.01040639989078045}, "baseline_over_candidate": 1.0848708514825072}
{"case": {"B": 1, "SEQ_LEN": 128, "H": 1, "HQ": 16, "D": 32, "S": 1, "block_size": 16, "is_causal": true}, "candidate": "baseline", "phase": "compile_correctness"}
{"case": {"B": 1, "SEQ_LEN": 128, "H": 1, "HQ": 16, "D": 32, "S": 1, "block_size": 16, "is_causal": true}, "candidate": "candidate", "phase": "compile_correctness"}
2026-09-07 10:43:42  [TileLang:tilelang.cache.kernel_cache:WARNING] (kernel_cache.py:342): Found kernel 'kernel' in memory cache. For better performance, consider using `@tilelang.jit` instead of direct kernel caching.
{"case": {"B": 1, "SEQ_LEN": 128, "H": 1, "HQ": 16, "D": 32, "S": 1, "block_size": 16, "is_causal": true}, "seed": 374, "status": "PASS", "call_event_ms": {"baseline": [0.011315199732780456, 0.010342399775981902, 0.010496000200510025, 0.010444799810647965], "candidate": [0.010649599879980088, 0.010496000200510025, 0.010623999685049058, 0.011059200018644333]}, "median_ms": {"baseline": 0.010470400005578995, "candidate": 0.010636799782514573}, "baseline_over_candidate": 0.984356218003735}
{"case": {"B": 1, "SEQ_LEN": 128, "H": 1, "HQ": 16, "D": 64, "S": 1, "block_size": 16, "is_causal": true}, "candidate": "baseline", "phase": "compile_correctness"}
{"case": {"B": 1, "SEQ_LEN": 128, "H": 1, "HQ": 16, "D": 64, "S": 1, "block_size": 16, "is_causal": true}, "candidate": "candidate", "phase": "compile_correctness"}
2026-09-07 10:43:42  [TileLang:tilelang.cache.kernel_cache:WARNING] (kernel_cache.py:342): Found kernel 'kernel' in memory cache. For better performance, consider using `@tilelang.jit` instead of direct kernel caching.
{"case": {"B": 1, "SEQ_LEN": 128, "H": 1, "HQ": 16, "D": 64, "S": 1, "block_size": 16, "is_causal": true}, "seed": 374, "status": "PASS", "call_event_ms": {"baseline": [0.01090560033917427, 0.010214400291442872, 0.010521599650382995, 0.010444799810647965], "candidate": [0.010726399719715118, 0.010444799810647965, 0.010342399775981902, 0.010521599650382995]}, "median_ms": {"baseline": 0.01048319973051548, "candidate": 0.01048319973051548}, "baseline_over_candidate": 1.0}
{"case": {"B": 1, "SEQ_LEN": 128, "H": 1, "HQ": 16, "D": 128, "S": 1, "block_size": 16, "is_causal": true}, "candidate": "baseline", "phase": "compile_correctness"}
{"case": {"B": 1, "SEQ_LEN": 128, "H": 1, "HQ": 16, "D": 128, "S": 1, "block_size": 16, "is_causal": true}, "candidate": "candidate", "phase": "compile_correctness"}
{"case": {"B": 1, "SEQ_LEN": 128, "H": 1, "HQ": 16, "D": 128, "S": 1, "block_size": 16, "is_causal": true}, "seed": 374, "status": "PASS", "call_event_ms": {"baseline": [0.012006399780511856, 0.011622399836778641, 0.011494400352239609, 0.011519999802112579], "candidate": [0.010751999914646149, 0.010521599650382995, 0.010496000200510025, 0.010444799810647965]}, "median_ms": {"baseline": 0.01157119981944561, "candidate": 0.01050879992544651}, "baseline_over_candidate": 1.101096214747276}
{"case": {"B": 1, "SEQ_LEN": 256, "H": 1, "HQ": 16, "D": 32, "S": 1, "block_size": 16, "is_causal": true}, "candidate": "baseline", "phase": "compile_correctness"}
{"case": {"B": 1, "SEQ_LEN": 256, "H": 1, "HQ": 16, "D": 32, "S": 1, "block_size": 16, "is_causal": true}, "candidate": "candidate", "phase": "compile_correctness"}
2026-09-07 10:43:42  [TileLang:tilelang.cache.kernel_cache:WARNING] (kernel_cache.py:342): Found kernel 'kernel' in memory cache. For better performance, consider using `@tilelang.jit` instead of direct kernel caching.
{"case": {"B": 1, "SEQ_LEN": 256, "H": 1, "HQ": 16, "D": 32, "S": 1, "block_size": 16, "is_causal": true}, "seed": 374, "status": "PASS", "call_event_ms": {"baseline": [0.013414399325847625, 0.011596799641847611, 0.011494400352239609, 0.011622399836778641], "candidate": [0.012390399724245072, 0.011776000261306763, 0.011648000031709672, 0.014412799477577209]}, "median_ms": {"baseline": 0.011609599739313126, "candidate": 0.012083199992775916}, "baseline_over_candidate": 0.9608050637458672}
{"case": {"B": 1, "SEQ_LEN": 256, "H": 1, "HQ": 16, "D": 64, "S": 1, "block_size": 16, "is_causal": true}, "candidate": "baseline", "phase": "compile_correctness"}
{"case": {"B": 1, "SEQ_LEN": 256, "H": 1, "HQ": 16, "D": 64, "S": 1, "block_size": 16, "is_causal": true}, "candidate": "candidate", "phase": "compile_correctness"}
2026-09-07 10:43:43  [TileLang:tilelang.cache.kernel_cache:WARNING] (kernel_cache.py:342): Found kernel 'kernel' in memory cache. For better performance, consider using `@tilelang.jit` instead of direct kernel caching.
{"case": {"B": 1, "SEQ_LEN": 256, "H": 1, "HQ": 16, "D": 64, "S": 1, "block_size": 16, "is_causal": true}, "seed": 374, "status": "PASS", "call_event_ms": {"baseline": [0.013388800621032714, 0.011699199676513672, 0.011622399836778641, 0.014284799993038177], "candidate": [0.012211199849843979, 0.011801599711179733, 0.011596799641847611, 0.011673600226640702]}, "median_ms": {"baseline": 0.012544000148773193, "candidate": 0.011737599968910217}, "baseline_over_candidate": 1.0687023055819687}
{"case": {"B": 1, "SEQ_LEN": 256, "H": 1, "HQ": 16, "D": 128, "S": 1, "block_size": 16, "is_causal": true}, "candidate": "baseline", "phase": "compile_correctness"}
{"case": {"B": 1, "SEQ_LEN": 256, "H": 1, "HQ": 16, "D": 128, "S": 1, "block_size": 16, "is_causal": true}, "candidate": "candidate", "phase": "compile_correctness"}
{"case": {"B": 1, "SEQ_LEN": 256, "H": 1, "HQ": 16, "D": 128, "S": 1, "block_size": 16, "is_causal": true}, "seed": 374, "status": "PASS", "call_event_ms": {"baseline": [0.01372160017490387, 0.012006399780511856, 0.011903999745845795, 0.011699199676513672], "candidate": [0.012441600114107132, 0.011955200135707856, 0.011776000261306763, 0.011980800330638886]}, "median_ms": {"baseline": 0.011955199763178825, "candidate": 0.01196800023317337}, "baseline_over_candidate": 0.9989304420333261}
{"case": {"B": 1, "SEQ_LEN": 512, "H": 1, "HQ": 16, "D": 32, "S": 1, "block_size": 16, "is_causal": true}, "candidate": "baseline", "phase": "compile_correctness"}
{"case": {"B": 1, "SEQ_LEN": 512, "H": 1, "HQ": 16, "D": 32, "S": 1, "block_size": 16, "is_causal": true}, "candidate": "candidate", "phase": "compile_correctness"}
2026-09-07 10:43:43  [TileLang:tilelang.cache.kernel_cache:WARNING] (kernel_cache.py:342): Found kernel 'kernel' in memory cache. For better performance, consider using `@tilelang.jit` instead of direct kernel caching.
{"case": {"B": 1, "SEQ_LEN": 512, "H": 1, "HQ": 16, "D": 32, "S": 1, "block_size": 16, "is_causal": true}, "seed": 374, "status": "PASS", "call_event_ms": {"baseline": [0.013312000036239623, 0.011776000261306763, 0.011699199676513672, 0.011801599711179733], "candidate": [0.01226240023970604, 0.012006399780511856, 0.011724799871444702, 0.01295360028743744]}, "median_ms": {"baseline": 0.011788799986243248, "candidate": 0.012134400010108948}, "baseline_over_candidate": 0.9715189853987187}
{"case": {"B": 1, "SEQ_LEN": 512, "H": 1, "HQ": 16, "D": 64, "S": 1, "block_size": 16, "is_causal": true}, "candidate": "baseline", "phase": "compile_correctness"}
{"case": {"B": 1, "SEQ_LEN": 512, "H": 1, "HQ": 16, "D": 64, "S": 1, "block_size": 16, "is_causal": true}, "candidate": "candidate", "phase": "compile_correctness"}
2026-09-07 10:43:43  [TileLang:tilelang.cache.kernel_cache:WARNING] (kernel_cache.py:342): Found kernel 'kernel' in memory cache. For better performance, consider using `@tilelang.jit` instead of direct kernel caching.
{"case": {"B": 1, "SEQ_LEN": 512, "H": 1, "HQ": 16, "D": 64, "S": 1, "block_size": 16, "is_causal": true}, "seed": 374, "status": "PASS", "call_event_ms": {"baseline": [0.013439999520778656, 0.012057600170373916, 0.011801599711179733, 0.011827199906110763], "candidate": [0.012492799758911132, 0.012057600170373916, 0.011878400295972823, 0.011801599711179733]}, "median_ms": {"baseline": 0.011942400038242339, "candidate": 0.011968000233173369}, "baseline_over_candidate": 0.9978609463208339}
{"case": {"B": 1, "SEQ_LEN": 512, "H": 1, "HQ": 16, "D": 128, "S": 1, "block_size": 16, "is_causal": true}, "candidate": "baseline", "phase": "compile_correctness"}
{"case": {"B": 1, "SEQ_LEN": 512, "H": 1, "HQ": 16, "D": 128, "S": 1, "block_size": 16, "is_causal": true}, "candidate": "candidate", "phase": "compile_correctness"}
{"case": {"B": 1, "SEQ_LEN": 512, "H": 1, "HQ": 16, "D": 128, "S": 1, "block_size": 16, "is_causal": true}, "seed": 374, "status": "PASS", "call_event_ms": {"baseline": [0.014310400187969207, 0.0130048006772995, 0.013081599771976472, 0.01297920048236847], "candidate": [0.01233920007944107, 0.011955200135707856, 0.011852800101041793, 0.011903999745845795]}, "median_ms": {"baseline": 0.013043200224637987, "candidate": 0.011929599940776825}, "baseline_over_candidate": 1.093347663743085}
{"case": {"B": 1, "SEQ_LEN": 1024, "H": 1, "HQ": 16, "D": 32, "S": 1, "block_size": 16, "is_causal": true}, "candidate": "baseline", "phase": "compile_correctness"}
{"case": {"B": 1, "SEQ_LEN": 1024, "H": 1, "HQ": 16, "D": 32, "S": 1, "block_size": 16, "is_causal": true}, "candidate": "candidate", "phase": "compile_correctness"}
2026-09-07 10:43:44  [TileLang:tilelang.cache.kernel_cache:WARNING] (kernel_cache.py:342): Found kernel 'kernel' in memory cache. For better performance, consider using `@tilelang.jit` instead of direct kernel caching.
{"case": {"B": 1, "SEQ_LEN": 1024, "H": 1, "HQ": 16, "D": 32, "S": 1, "block_size": 16, "is_causal": true}, "seed": 374, "status": "PASS", "call_event_ms": {"baseline": [0.013644799590110779, 0.011827199906110763, 0.011724799871444702, 0.011596799641847611], "candidate": [0.012569600343704223, 0.011929599940776825, 0.011801599711179733, 0.012646399438381195]}, "median_ms": {"baseline": 0.011775999888777733, "candidate": 0.012249600142240524}, "baseline_over_candidate": 0.9613374928190784}
{"case": {"B": 1, "SEQ_LEN": 1024, "H": 1, "HQ": 16, "D": 64, "S": 1, "block_size": 16, "is_causal": true}, "candidate": "baseline", "phase": "compile_correctness"}
{"case": {"B": 1, "SEQ_LEN": 1024, "H": 1, "HQ": 16, "D": 64, "S": 1, "block_size": 16, "is_causal": true}, "candidate": "candidate", "phase": "compile_correctness"}
2026-09-07 10:43:44  [TileLang:tilelang.cache.kernel_cache:WARNING] (kernel_cache.py:342): Found kernel 'kernel' in memory cache. For better performance, consider using `@tilelang.jit` instead of direct kernel caching.
{"case": {"B": 1, "SEQ_LEN": 1024, "H": 1, "HQ": 16, "D": 64, "S": 1, "block_size": 16, "is_causal": true}, "seed": 374, "status": "PASS", "call_event_ms": {"baseline": [0.011366400122642516, 0.01090560033917427, 0.010751999914646149, 0.010649599879980088], "candidate": [0.010982400178909302, 0.01080320030450821, 0.010777600109577179, 0.010649599879980088]}, "median_ms": {"baseline": 0.01082880012691021, "candidate": 0.010790400207042694}, "baseline_over_candidate": 1.0035587113666509}
{"case": {"B": 1, "SEQ_LEN": 1024, "H": 1, "HQ": 16, "D": 128, "S": 1, "block_size": 16, "is_causal": true}, "candidate": "baseline", "phase": "compile_correctness"}
{"case": {"B": 1, "SEQ_LEN": 1024, "H": 1, "HQ": 16, "D": 128, "S": 1, "block_size": 16, "is_causal": true}, "candidate": "candidate", "phase": "compile_correctness"}
{"case": {"B": 1, "SEQ_LEN": 1024, "H": 1, "HQ": 16, "D": 128, "S": 1, "block_size": 16, "is_causal": true}, "seed": 374, "status": "PASS", "call_event_ms": {"baseline": [0.018892799317836762, 0.018457600474357606, 0.018303999304771425, 0.018303999304771425], "candidate": [0.015795199573040007, 0.015590399503707886, 0.015641599893569946, 0.015488000214099884]}, "median_ms": {"baseline": 0.018380799889564516, "candidate": 0.015615999698638916}, "baseline_over_candidate": 1.1770491959708849}
{"case": {"B": 2, "SEQ_LEN": 64, "H": 1, "HQ": 16, "D": 64, "S": 1, "block_size": 16, "is_causal": true}, "candidate": "baseline", "phase": "compile_correctness"}
{"case": {"B": 2, "SEQ_LEN": 64, "H": 1, "HQ": 16, "D": 64, "S": 1, "block_size": 16, "is_causal": true}, "candidate": "candidate", "phase": "compile_correctness"}
2026-09-07 10:43:44  [TileLang:tilelang.cache.kernel_cache:WARNING] (kernel_cache.py:342): Found kernel 'kernel' in memory cache. For better performance, consider using `@tilelang.jit` instead of direct kernel caching.
{"case": {"B": 2, "SEQ_LEN": 64, "H": 1, "HQ": 16, "D": 64, "S": 1, "block_size": 16, "is_causal": true}, "seed": 374, "status": "PASS", "call_event_ms": {"baseline": [0.011366400122642516, 0.010444799810647965, 0.010342399775981902, 0.010342399775981902], "candidate": [0.01088000014424324, 0.010623999685049058, 0.010342399775981902, 0.010521599650382995]}, "median_ms": {"baseline": 0.010393599793314934, "candidate": 0.010572799667716026}, "baseline_over_candidate": 0.983050858804383}
{"case": {"B": 2, "SEQ_LEN": 64, "H": 1, "HQ": 16, "D": 128, "S": 1, "block_size": 16, "is_causal": true}, "candidate": "baseline", "phase": "compile_correctness"}
{"case": {"B": 2, "SEQ_LEN": 64, "H": 1, "HQ": 16, "D": 128, "S": 1, "block_size": 16, "is_causal": true}, "candidate": "candidate", "phase": "compile_correctness"}
{"case": {"B": 2, "SEQ_LEN": 64, "H": 1, "HQ": 16, "D": 128, "S": 1, "block_size": 16, "is_causal": true}, "seed": 374, "status": "PASS", "call_event_ms": {"baseline": [0.012057600170373916, 0.011596799641847611, 0.011494400352239609, 0.011417599767446518], "candidate": [0.010956799983978272, 0.010623999685049058, 0.010393600165843963, 0.010419200360774993]}, "median_ms": {"baseline": 0.011545599997043611, "candidate": 0.010521600022912025}, "baseline_over_candidate": 1.0973235983027017}
{"case": {"B": 2, "SEQ_LEN": 128, "H": 1, "HQ": 16, "D": 32, "S": 1, "block_size": 16, "is_causal": true}, "candidate": "baseline", "phase": "compile_correctness"}
{"case": {"B": 2, "SEQ_LEN": 128, "H": 1, "HQ": 16, "D": 32, "S": 1, "block_size": 16, "is_causal": true}, "candidate": "candidate", "phase": "compile_correctness"}
2026-09-07 10:43:45  [TileLang:tilelang.cache.kernel_cache:WARNING] (kernel_cache.py:342): Found kernel 'kernel' in memory cache. For better performance, consider using `@tilelang.jit` instead of direct kernel caching.
{"case": {"B": 2, "SEQ_LEN": 128, "H": 1, "HQ": 16, "D": 32, "S": 1, "block_size": 16, "is_causal": true}, "seed": 374, "status": "PASS", "call_event_ms": {"baseline": [0.011264000087976456, 0.010393600165843963, 0.010342399775981902, 0.010163199901580811], "candidate": [0.010649599879980088, 0.010470400005578995, 0.010342399775981902, 0.010393600165843963]}, "median_ms": {"baseline": 0.010367999970912933, "candidate": 0.01043200008571148}, "baseline_over_candidate": 0.9938650197207909}
{"case": {"B": 2, "SEQ_LEN": 128, "H": 1, "HQ": 16, "D": 64, "S": 1, "block_size": 16, "is_causal": true}, "candidate": "baseline", "phase": "compile_correctness"}
{"case": {"B": 2, "SEQ_LEN": 128, "H": 1, "HQ": 16, "D": 64, "S": 1, "block_size": 16, "is_causal": true}, "candidate": "candidate", "phase": "compile_correctness"}
2026-09-07 10:43:45  [TileLang:tilelang.cache.kernel_cache:WARNING] (kernel_cache.py:342): Found kernel 'kernel' in memory cache. For better performance, consider using `@tilelang.jit` instead of direct kernel caching.
{"case": {"B": 2, "SEQ_LEN": 128, "H": 1, "HQ": 16, "D": 64, "S": 1, "block_size": 16, "is_causal": true}, "seed": 374, "status": "PASS", "call_event_ms": {"baseline": [0.011212799698114395, 0.010316800326108932, 0.010367999970912933, 0.010265599936246872], "candidate": [0.010572800040245056, 0.010470400005578995, 0.010444799810647965, 0.010367999970912933]}, "median_ms": {"baseline": 0.010342400148510933, "candidate": 0.01045759990811348}, "baseline_over_candidate": 0.9889841110183255}
{"case": {"B": 2, "SEQ_LEN": 128, "H": 1, "HQ": 16, "D": 128, "S": 1, "block_size": 16, "is_causal": true}, "candidate": "baseline", "phase": "compile_correctness"}
{"case": {"B": 2, "SEQ_LEN": 128, "H": 1, "HQ": 16, "D": 128, "S": 1, "block_size": 16, "is_causal": true}, "candidate": "candidate", "phase": "compile_correctness"}
{"case": {"B": 2, "SEQ_LEN": 128, "H": 1, "HQ": 16, "D": 128, "S": 1, "block_size": 16, "is_causal": true}, "seed": 374, "status": "PASS", "call_event_ms": {"baseline": [0.01233920007944107, 0.011852800101041793, 0.011801599711179733, 0.011648000031709672], "candidate": [0.011033599823713302, 0.010419200360774993, 0.010342399775981902, 0.010496000200510025]}, "median_ms": {"baseline": 0.011827199906110763, "candidate": 0.01045760028064251}, "baseline_over_candidate": 1.1309669129354125}
{"case": {"B": 2, "SEQ_LEN": 256, "H": 1, "HQ": 16, "D": 32, "S": 1, "block_size": 16, "is_causal": true}, "candidate": "baseline", "phase": "compile_correctness"}
{"case": {"B": 2, "SEQ_LEN": 256, "H": 1, "HQ": 16, "D": 32, "S": 1, "block_size": 16, "is_causal": true}, "candidate": "candidate", "phase": "compile_correctness"}
2026-09-07 10:43:45  [TileLang:tilelang.cache.kernel_cache:WARNING] (kernel_cache.py:342): Found kernel 'kernel' in memory cache. For better performance, consider using `@tilelang.jit` instead of direct kernel caching.
{"case": {"B": 2, "SEQ_LEN": 256, "H": 1, "HQ": 16, "D": 32, "S": 1, "block_size": 16, "is_causal": true}, "seed": 374, "status": "PASS", "call_event_ms": {"baseline": [0.011315199732780456, 0.010623999685049058, 0.010470400005578995, 0.010470400005578995], "candidate": [0.010675200074911118, 0.010444799810647965, 0.010496000200510025, 0.012902399897575379]}, "median_ms": {"baseline": 0.010547199845314027, "candidate": 0.010585600137710573}, "baseline_over_candidate": 0.9963724028966722}
{"case": {"B": 2, "SEQ_LEN": 256, "H": 1, "HQ": 16, "D": 64, "S": 1, "block_size": 16, "is_causal": true}, "candidate": "baseline", "phase": "compile_correctness"}
{"case": {"B": 2, "SEQ_LEN": 256, "H": 1, "HQ": 16, "D": 64, "S": 1, "block_size": 16, "is_causal": true}, "candidate": "candidate", "phase": "compile_correctness"}
2026-09-07 10:43:46  [TileLang:tilelang.cache.kernel_cache:WARNING] (kernel_cache.py:342): Found kernel 'kernel' in memory cache. For better performance, consider using `@tilelang.jit` instead of direct kernel caching.
{"case": {"B": 2, "SEQ_LEN": 256, "H": 1, "HQ": 16, "D": 64, "S": 1, "block_size": 16, "is_causal": true}, "seed": 374, "status": "PASS", "call_event_ms": {"baseline": [0.011699199676513672, 0.010291200131177902, 0.010444799810647965, 0.010444799810647965], "candidate": [0.011084800213575363, 0.010623999685049058, 0.010751999914646149, 0.011673600226640702]}, "median_ms": {"baseline": 0.010444799810647965, "candidate": 0.010918400064110757}, "baseline_over_candidate": 0.9566236581658575}
{"case": {"B": 2, "SEQ_LEN": 256, "H": 1, "HQ": 16, "D": 128, "S": 1, "block_size": 16, "is_causal": true}, "candidate": "baseline", "phase": "compile_correctness"}
{"case": {"B": 2, "SEQ_LEN": 256, "H": 1, "HQ": 16, "D": 128, "S": 1, "block_size": 16, "is_causal": true}, "candidate": "candidate", "phase": "compile_correctness"}
{"case": {"B": 2, "SEQ_LEN": 256, "H": 1, "HQ": 16, "D": 128, "S": 1, "block_size": 16, "is_causal": true}, "seed": 374, "status": "PASS", "call_event_ms": {"baseline": [0.013849599659442902, 0.013209599256515502, 0.013158400356769562, 0.013209599256515502], "candidate": [0.011315199732780456, 0.010931199789047242, 0.010956799983978272, 0.010931199789047242]}, "median_ms": {"baseline": 0.013209599256515502, "candidate": 0.010943999886512757}, "baseline_over_candidate": 1.2070174884408433}
{"case": {"B": 2, "SEQ_LEN": 512, "H": 1, "HQ": 16, "D": 32, "S": 1, "block_size": 16, "is_causal": true}, "candidate": "baseline", "phase": "compile_correctness"}
{"case": {"B": 2, "SEQ_LEN": 512, "H": 1, "HQ": 16, "D": 32, "S": 1, "block_size": 16, "is_causal": true}, "candidate": "candidate", "phase": "compile_correctness"}
2026-09-07 10:43:46  [TileLang:tilelang.cache.kernel_cache:WARNING] (kernel_cache.py:342): Found kernel 'kernel' in memory cache. For better performance, consider using `@tilelang.jit` instead of direct kernel caching.
{"case": {"B": 2, "SEQ_LEN": 512, "H": 1, "HQ": 16, "D": 32, "S": 1, "block_size": 16, "is_causal": true}, "seed": 374, "status": "PASS", "call_event_ms": {"baseline": [0.011417599767446518, 0.010444799810647965, 0.010496000200510025, 0.010521599650382995], "candidate": [0.010777600109577179, 0.010393600165843963, 0.010751999914646149, 0.010521599650382995]}, "median_ms": {"baseline": 0.01050879992544651, "candidate": 0.010636799782514573}, "baseline_over_candidate": 0.9879663188472837}
{"case": {"B": 2, "SEQ_LEN": 512, "H": 1, "HQ": 16, "D": 64, "S": 1, "block_size": 16, "is_causal": true}, "candidate": "baseline", "phase": "compile_correctness"}
{"case": {"B": 2, "SEQ_LEN": 512, "H": 1, "HQ": 16, "D": 64, "S": 1, "block_size": 16, "is_causal": true}, "candidate": "candidate", "phase": "compile_correctness"}
2026-09-07 10:43:46  [TileLang:tilelang.cache.kernel_cache:WARNING] (kernel_cache.py:342): Found kernel 'kernel' in memory cache. For better performance, consider using `@tilelang.jit` instead of direct kernel caching.
{"case": {"B": 2, "SEQ_LEN": 512, "H": 1, "HQ": 16, "D": 64, "S": 1, "block_size": 16, "is_causal": true}, "seed": 374, "status": "PASS", "call_event_ms": {"baseline": [0.011519999802112579, 0.01088000014424324, 0.010751999914646149, 0.01080320030450821], "candidate": [0.010931199789047242, 0.01088000014424324, 0.010777600109577179, 0.011724799871444702]}, "median_ms": {"baseline": 0.010841600224375724, "candidate": 0.010905599966645241}, "baseline_over_candidate": 0.9941314790139689}
{"case": {"B": 2, "SEQ_LEN": 512, "H": 1, "HQ": 16, "D": 128, "S": 1, "block_size": 16, "is_causal": true}, "candidate": "baseline", "phase": "compile_correctness"}
{"case": {"B": 2, "SEQ_LEN": 512, "H": 1, "HQ": 16, "D": 128, "S": 1, "block_size": 16, "is_causal": true}, "candidate": "candidate", "phase": "compile_correctness"}
{"case": {"B": 2, "SEQ_LEN": 512, "H": 1, "HQ": 16, "D": 128, "S": 1, "block_size": 16, "is_causal": true}, "seed": 374, "status": "PASS", "call_event_ms": {"baseline": [0.019276799261569978, 0.018636800348758698, 0.01886720061302185, 0.018739199638366698], "candidate": [0.015846399962902068, 0.015539200603961944, 0.015513600409030914, 0.015564799308776855]}, "median_ms": {"baseline": 0.018803200125694274, "candidate": 0.0155519999563694}, "baseline_over_candidate": 1.2090535094165382}
{"case": {"B": 2, "SEQ_LEN": 1024, "H": 1, "HQ": 16, "D": 32, "S": 1, "block_size": 16, "is_causal": true}, "candidate": "baseline", "phase": "compile_correctness"}
{"case": {"B": 2, "SEQ_LEN": 1024, "H": 1, "HQ": 16, "D": 32, "S": 1, "block_size": 16, "is_causal": true}, "candidate": "candidate", "phase": "compile_correctness"}
2026-09-07 10:43:47  [TileLang:tilelang.cache.kernel_cache:WARNING] (kernel_cache.py:342): Found kernel 'kernel' in memory cache. For better performance, consider using `@tilelang.jit` instead of direct kernel caching.
{"case": {"B": 2, "SEQ_LEN": 1024, "H": 1, "HQ": 16, "D": 32, "S": 1, "block_size": 16, "is_causal": true}, "seed": 374, "status": "PASS", "call_event_ms": {"baseline": [0.011443199962377549, 0.01088000014424324, 0.010572800040245056, 0.010496000200510025], "candidate": [0.01088000014424324, 0.010751999914646149, 0.010649599879980088, 0.010726399719715118]}, "median_ms": {"baseline": 0.010726400092244147, "candidate": 0.010739199817180634}, "baseline_over_candidate": 0.9988081304795159}
{"case": {"B": 2, "SEQ_LEN": 1024, "H": 1, "HQ": 16, "D": 64, "S": 1, "block_size": 16, "is_causal": true}, "candidate": "baseline", "phase": "compile_correctness"}
{"case": {"B": 2, "SEQ_LEN": 1024, "H": 1, "HQ": 16, "D": 64, "S": 1, "block_size": 16, "is_causal": true}, "candidate": "candidate", "phase": "compile_correctness"}
2026-09-07 10:43:47  [TileLang:tilelang.cache.kernel_cache:WARNING] (kernel_cache.py:342): Found kernel 'kernel' in memory cache. For better performance, consider using `@tilelang.jit` instead of direct kernel caching.
{"case": {"B": 2, "SEQ_LEN": 1024, "H": 1, "HQ": 16, "D": 64, "S": 1, "block_size": 16, "is_causal": true}, "seed": 374, "status": "PASS", "call_event_ms": {"baseline": [0.018534399569034576, 0.01809920072555542, 0.01812629997730255, 0.01825280040502548], "candidate": [0.018636800348758698, 0.018329599499702455, 0.018534399569034576, 0.018508799374103546]}, "median_ms": {"baseline": 0.018189550191164014, "candidate": 0.01852159947156906}, "baseline_over_candidate": 0.9820723215122567}
{"case": {"B": 2, "SEQ_LEN": 1024, "H": 1, "HQ": 16, "D": 128, "S": 1, "block_size": 16, "is_causal": true}, "candidate": "baseline", "phase": "compile_correctness"}
{"case": {"B": 2, "SEQ_LEN": 1024, "H": 1, "HQ": 16, "D": 128, "S": 1, "block_size": 16, "is_causal": true}, "candidate": "candidate", "phase": "compile_correctness"}
{"case": {"B": 2, "SEQ_LEN": 1024, "H": 1, "HQ": 16, "D": 128, "S": 1, "block_size": 16, "is_causal": true}, "seed": 374, "status": "PASS", "call_event_ms": {"baseline": [0.03540480136871338, 0.034790399670600894, 0.034534400701522826, 0.034841600060462954], "candidate": [0.02908160090446472, 0.028774398565292358, 0.028799998760223388, 0.028543999791145323]}, "median_ms": {"baseline": 0.034815999865531924, "candidate": 0.028787198662757873}, "baseline_over_candidate": 1.209426463248525}
{"case": {"B": 4, "SEQ_LEN": 64, "H": 1, "HQ": 16, "D": 32, "S": 1, "block_size": 16, "is_causal": true}, "candidate": "baseline", "phase": "compile_correctness"}
{"case": {"B": 4, "SEQ_LEN": 64, "H": 1, "HQ": 16, "D": 32, "S": 1, "block_size": 16, "is_causal": true}, "candidate": "candidate", "phase": "compile_correctness"}
2026-09-07 10:43:47  [TileLang:tilelang.cache.kernel_cache:WARNING] (kernel_cache.py:342): Found kernel 'kernel' in memory cache. For better performance, consider using `@tilelang.jit` instead of direct kernel caching.
{"case": {"B": 4, "SEQ_LEN": 64, "H": 1, "HQ": 16, "D": 32, "S": 1, "block_size": 16, "is_causal": true}, "seed": 374, "status": "PASS", "call_event_ms": {"baseline": [0.011878400295972823, 0.010367999970912933, 0.010419200360774993, 0.010444799810647965], "candidate": [0.010828799754381179, 0.010444799810647965, 0.010419200360774993, 0.010623999685049058]}, "median_ms": {"baseline": 0.01043200008571148, "candidate": 0.010534399747848512}, "baseline_over_candidate": 0.9902794972102757}
{"case": {"B": 4, "SEQ_LEN": 64, "H": 1, "HQ": 16, "D": 64, "S": 1, "block_size": 16, "is_causal": true}, "candidate": "baseline", "phase": "compile_correctness"}
{"case": {"B": 4, "SEQ_LEN": 64, "H": 1, "HQ": 16, "D": 64, "S": 1, "block_size": 16, "is_causal": true}, "candidate": "candidate", "phase": "compile_correctness"}
2026-09-07 10:43:47  [TileLang:tilelang.cache.kernel_cache:WARNING] (kernel_cache.py:342): Found kernel 'kernel' in memory cache. For better performance, consider using `@tilelang.jit` instead of direct kernel caching.
{"case": {"B": 4, "SEQ_LEN": 64, "H": 1, "HQ": 16, "D": 64, "S": 1, "block_size": 16, "is_causal": true}, "seed": 374, "status": "PASS", "call_event_ms": {"baseline": [0.01157120019197464, 0.010521599650382995, 0.010342399775981902, 0.010342399775981902], "candidate": [0.010828799754381179, 0.010623999685049058, 0.010444799810647965, 0.010367999970912933]}, "median_ms": {"baseline": 0.010431999713182448, "candidate": 0.010534399747848512}, "baseline_over_candidate": 0.9902794618471757}
{"case": {"B": 4, "SEQ_LEN": 64, "H": 1, "HQ": 16, "D": 128, "S": 1, "block_size": 16, "is_causal": true}, "candidate": "baseline", "phase": "compile_correctness"}
{"case": {"B": 4, "SEQ_LEN": 64, "H": 1, "HQ": 16, "D": 128, "S": 1, "block_size": 16, "is_causal": true}, "candidate": "candidate", "phase": "compile_correctness"}
{"case": {"B": 4, "SEQ_LEN": 64, "H": 1, "HQ": 16, "D": 128, "S": 1, "block_size": 16, "is_causal": true}, "seed": 374, "status": "PASS", "call_event_ms": {"baseline": [0.01231359988451004, 0.011622399836778641, 0.011724799871444702, 0.011673600226640702], "candidate": [0.011238399893045425, 0.010496000200510025, 0.010623999685049058, 0.010547199845314026]}, "median_ms": {"baseline": 0.011699200049042702, "candidate": 0.01058559976518154}, "baseline_over_candidate": 1.1051995454734693}
{"case": {"B": 4, "SEQ_LEN": 128, "H": 1, "HQ": 16, "D": 32, "S": 1, "block_size": 16, "is_causal": true}, "candidate": "baseline", "phase": "compile_correctness"}
{"case": {"B": 4, "SEQ_LEN": 128, "H": 1, "HQ": 16, "D": 32, "S": 1, "block_size": 16, "is_causal": true}, "candidate": "candidate", "phase": "compile_correctness"}
2026-09-07 10:43:48  [TileLang:tilelang.cache.kernel_cache:WARNING] (kernel_cache.py:342): Found kernel 'kernel' in memory cache. For better performance, consider using `@tilelang.jit` instead of direct kernel caching.
{"case": {"B": 4, "SEQ_LEN": 128, "H": 1, "HQ": 16, "D": 32, "S": 1, "block_size": 16, "is_causal": true}, "seed": 374, "status": "PASS", "call_event_ms": {"baseline": [0.011443199962377549, 0.010496000200510025, 0.010547199845314026, 0.010572800040245056], "candidate": [0.01090560033917427, 0.010393600165843963, 0.010470400005578995, 0.010496000200510025]}, "median_ms": {"baseline": 0.01055999994277954, "candidate": 0.01048320010304451}, "baseline_over_candidate": 1.0073259919662056}
{"case": {"B": 4, "SEQ_LEN": 128, "H": 1, "HQ": 16, "D": 64, "S": 1, "block_size": 16, "is_causal": true}, "candidate": "baseline", "phase": "compile_correctness"}
{"case": {"B": 4, "SEQ_LEN": 128, "H": 1, "HQ": 16, "D": 64, "S": 1, "block_size": 16, "is_causal": true}, "candidate": "candidate", "phase": "compile_correctness"}
2026-09-07 10:43:48  [TileLang:tilelang.cache.kernel_cache:WARNING] (kernel_cache.py:342): Found kernel 'kernel' in memory cache. For better performance, consider using `@tilelang.jit` instead of direct kernel caching.
{"case": {"B": 4, "SEQ_LEN": 128, "H": 1, "HQ": 16, "D": 64, "S": 1, "block_size": 16, "is_causal": true}, "seed": 374, "status": "PASS", "call_event_ms": {"baseline": [0.011622399836778641, 0.010726399719715118, 0.010623999685049058, 0.010598400235176086], "candidate": [0.010956799983978272, 0.010675200074911118, 0.010726399719715118, 0.010777600109577179]}, "median_ms": {"baseline": 0.010675199702382088, "candidate": 0.010751999914646149}, "baseline_over_candidate": 0.9928571230586186}
{"case": {"B": 4, "SEQ_LEN": 128, "H": 1, "HQ": 16, "D": 128, "S": 1, "block_size": 16, "is_causal": true}, "candidate": "baseline", "phase": "compile_correctness"}
{"case": {"B": 4, "SEQ_LEN": 128, "H": 1, "HQ": 16, "D": 128, "S": 1, "block_size": 16, "is_causal": true}, "candidate": "candidate", "phase": "compile_correctness"}
{"case": {"B": 4, "SEQ_LEN": 128, "H": 1, "HQ": 16, "D": 128, "S": 1, "block_size": 16, "is_causal": true}, "seed": 374, "status": "PASS", "call_event_ms": {"baseline": [0.01377280056476593, 0.013465599715709686, 0.013491199910640716, 0.013388800621032714], "candidate": [0.01154559999704361, 0.011059200018644333, 0.011187200248241425, 0.011161600053310395]}, "median_ms": {"baseline": 0.013478399813175201, "candidate": 0.01117440015077591}, "baseline_over_candidate": 1.2061855340162764}
{"case": {"B": 4, "SEQ_LEN": 256, "H": 1, "HQ": 16, "D": 32, "S": 1, "block_size": 16, "is_causal": true}, "candidate": "baseline", "phase": "compile_correctness"}
{"case": {"B": 4, "SEQ_LEN": 256, "H": 1, "HQ": 16, "D": 32, "S": 1, "block_size": 16, "is_causal": true}, "candidate": "candidate", "phase": "compile_correctness"}
2026-09-07 10:43:48  [TileLang:tilelang.cache.kernel_cache:WARNING] (kernel_cache.py:342): Found kernel 'kernel' in memory cache. For better performance, consider using `@tilelang.jit` instead of direct kernel caching.
{"case": {"B": 4, "SEQ_LEN": 256, "H": 1, "HQ": 16, "D": 32, "S": 1, "block_size": 16, "is_causal": true}, "seed": 374, "status": "PASS", "call_event_ms": {"baseline": [0.011340799927711486, 0.010572800040245056, 0.010598400235176086, 0.010828799754381179], "candidate": [0.010726399719715118, 0.010777600109577179, 0.010675200074911118, 0.01080320030450821]}, "median_ms": {"baseline": 0.010713599994778632, "candidate": 0.010751999914646149}, "baseline_over_candidate": 0.9964285788530179}
{"case": {"B": 4, "SEQ_LEN": 256, "H": 1, "HQ": 16, "D": 64, "S": 1, "block_size": 16, "is_causal": true}, "candidate": "baseline", "phase": "compile_correctness"}
{"case": {"B": 4, "SEQ_LEN": 256, "H": 1, "HQ": 16, "D": 64, "S": 1, "block_size": 16, "is_causal": true}, "candidate": "candidate", "phase": "compile_correctness"}
2026-09-07 10:43:49  [TileLang:tilelang.cache.kernel_cache:WARNING] (kernel_cache.py:342): Found kernel 'kernel' in memory cache. For better performance, consider using `@tilelang.jit` instead of direct kernel caching.
{"case": {"B": 4, "SEQ_LEN": 256, "H": 1, "HQ": 16, "D": 64, "S": 1, "block_size": 16, "is_causal": true}, "seed": 374, "status": "PASS", "call_event_ms": {"baseline": [0.011366400122642516, 0.011084800213575363, 0.010956799983978272, 0.011084800213575363], "candidate": [0.011187200248241425, 0.011161600053310395, 0.011110399663448334, 0.010956799983978272]}, "median_ms": {"baseline": 0.011084800213575363, "candidate": 0.011135999858379365}, "baseline_over_candidate": 0.9954023306882968}
{"case": {"B": 4, "SEQ_LEN": 256, "H": 1, "HQ": 16, "D": 128, "S": 1, "block_size": 16, "is_causal": true}, "candidate": "baseline", "phase": "compile_correctness"}
{"case": {"B": 4, "SEQ_LEN": 256, "H": 1, "HQ": 16, "D": 128, "S": 1, "block_size": 16, "is_causal": true}, "candidate": "candidate", "phase": "compile_correctness"}
{"case": {"B": 4, "SEQ_LEN": 256, "H": 1, "HQ": 16, "D": 128, "S": 1, "block_size": 16, "is_causal": true}, "seed": 374, "status": "PASS", "call_event_ms": {"baseline": [0.019046400487422944, 0.018406400084495546, 0.018585599958896637, 0.018585599958896637], "candidate": [0.01594880074262619, 0.015641599893569946, 0.015590399503707886, 0.015564799308776855]}, "median_ms": {"baseline": 0.018585599958896637, "candidate": 0.015615999698638916}, "baseline_over_candidate": 1.19016395476215}
{"case": {"B": 4, "SEQ_LEN": 512, "H": 1, "HQ": 16, "D": 32, "S": 1, "block_size": 16, "is_causal": true}, "candidate": "baseline", "phase": "compile_correctness"}
{"case": {"B": 4, "SEQ_LEN": 512, "H": 1, "HQ": 16, "D": 32, "S": 1, "block_size": 16, "is_causal": true}, "candidate": "candidate", "phase": "compile_correctness"}
2026-09-07 10:43:49  [TileLang:tilelang.cache.kernel_cache:WARNING] (kernel_cache.py:342): Found kernel 'kernel' in memory cache. For better performance, consider using `@tilelang.jit` instead of direct kernel caching.
{"case": {"B": 4, "SEQ_LEN": 512, "H": 1, "HQ": 16, "D": 32, "S": 1, "block_size": 16, "is_causal": true}, "seed": 374, "status": "PASS", "call_event_ms": {"baseline": [0.011468800157308579, 0.010547199845314026, 0.010547199845314026, 0.010470400005578995], "candidate": [0.010828799754381179, 0.01080320030450821, 0.010623999685049058, 0.010521599650382995]}, "median_ms": {"baseline": 0.010547199845314026, "candidate": 0.010713599994778633}, "baseline_over_candidate": 0.9844683253485565}
{"case": {"B": 4, "SEQ_LEN": 512, "H": 1, "HQ": 16, "D": 64, "S": 1, "block_size": 16, "is_causal": true}, "candidate": "baseline", "phase": "compile_correctness"}
{"case": {"B": 4, "SEQ_LEN": 512, "H": 1, "HQ": 16, "D": 64, "S": 1, "block_size": 16, "is_causal": true}, "candidate": "candidate", "phase": "compile_correctness"}
2026-09-07 10:43:49  [TileLang:tilelang.cache.kernel_cache:WARNING] (kernel_cache.py:342): Found kernel 'kernel' in memory cache. For better performance, consider using `@tilelang.jit` instead of direct kernel caching.
{"case": {"B": 4, "SEQ_LEN": 512, "H": 1, "HQ": 16, "D": 64, "S": 1, "block_size": 16, "is_causal": true}, "seed": 374, "status": "PASS", "call_event_ms": {"baseline": [0.017689600586891174, 0.017535999417304993, 0.017817600071430205, 0.01802240014076233], "candidate": [0.01797119975090027, 0.01797119975090027, 0.017868800461292265, 0.018457600474357606]}, "median_ms": {"baseline": 0.01775360032916069, "candidate": 0.01797119975090027}, "baseline_over_candidate": 0.9878917699009673}
{"case": {"B": 4, "SEQ_LEN": 512, "H": 1, "HQ": 16, "D": 128, "S": 1, "block_size": 16, "is_causal": true}, "candidate": "baseline", "phase": "compile_correctness"}
{"case": {"B": 4, "SEQ_LEN": 512, "H": 1, "HQ": 16, "D": 128, "S": 1, "block_size": 16, "is_causal": true}, "candidate": "candidate", "phase": "compile_correctness"}
{"case": {"B": 4, "SEQ_LEN": 512, "H": 1, "HQ": 16, "D": 128, "S": 1, "block_size": 16, "is_causal": true}, "seed": 374, "status": "PASS", "call_event_ms": {"baseline": [0.03568640053272247, 0.035123199224472046, 0.03553279936313629, 0.035123199224472046], "candidate": [0.02892799973487854, 0.02892799973487854, 0.028313601016998292, 0.02885119915008545]}, "median_ms": {"baseline": 0.03532799929380417, "candidate": 0.028889599442481994}, "baseline_over_candidate": 1.2228622056231955}
{"case": {"B": 4, "SEQ_LEN": 1024, "H": 1, "HQ": 16, "D": 32, "S": 1, "block_size": 16, "is_causal": true}, "candidate": "baseline", "phase": "compile_correctness"}
{"case": {"B": 4, "SEQ_LEN": 1024, "H": 1, "HQ": 16, "D": 32, "S": 1, "block_size": 16, "is_causal": true}, "candidate": "candidate", "phase": "compile_correctness"}
{"case": {"B": 4, "SEQ_LEN": 1024, "H": 1, "HQ": 16, "D": 32, "S": 1, "block_size": 16, "is_causal": true}, "seed": 374, "status": "PASS", "call_event_ms": {"baseline": [0.015692800283432007, 0.01530880033969879, 0.01528320014476776, 0.0152319997549057], "candidate": [0.014745600521564484, 0.01456640064716339, 0.01454080045223236, 0.014745600521564484]}, "median_ms": {"baseline": 0.015296000242233276, "candidate": 0.014656000584363938}, "baseline_over_candidate": 1.04366809718554}
{"case": {"B": 4, "SEQ_LEN": 1024, "H": 1, "HQ": 16, "D": 64, "S": 1, "block_size": 16, "is_causal": true}, "candidate": "baseline", "phase": "compile_correctness"}
{"case": {"B": 4, "SEQ_LEN": 1024, "H": 1, "HQ": 16, "D": 64, "S": 1, "block_size": 16, "is_causal": true}, "candidate": "candidate", "phase": "compile_correctness"}
2026-09-07 10:43:50  [TileLang:tilelang.cache.kernel_cache:WARNING] (kernel_cache.py:342): Found kernel 'kernel' in memory cache. For better performance, consider using `@tilelang.jit` instead of direct kernel caching.
{"case": {"B": 4, "SEQ_LEN": 1024, "H": 1, "HQ": 16, "D": 64, "S": 1, "block_size": 16, "is_causal": true}, "seed": 374, "status": "PASS", "call_event_ms": {"baseline": [0.029977598786354066, 0.02964479923248291, 0.029363200068473816, 0.02969599962234497], "candidate": [0.03054080009460449, 0.030950400233268737, 0.030822399258613586, 0.030796799063682555]}, "median_ms": {"baseline": 0.02967039942741394, "candidate": 0.03080959916114807}, "baseline_over_candidate": 0.9630245194760373}
{"case": {"B": 4, "SEQ_LEN": 1024, "H": 1, "HQ": 16, "D": 128, "S": 1, "block_size": 16, "is_causal": true}, "candidate": "baseline", "phase": "compile_correctness"}
{"case": {"B": 4, "SEQ_LEN": 1024, "H": 1, "HQ": 16, "D": 128, "S": 1, "block_size": 16, "is_causal": true}, "candidate": "candidate", "phase": "compile_correctness"}
{"case": {"B": 4, "SEQ_LEN": 1024, "H": 1, "HQ": 16, "D": 128, "S": 1, "block_size": 16, "is_causal": true}, "seed": 374, "status": "PASS", "call_event_ms": {"baseline": [0.055961602926254274, 0.054681599140167236, 0.05568000078201294, 0.05565440058708191], "candidate": [0.04848639965057373, 0.048204800486564635, 0.048230400681495665, 0.04838399887084961]}, "median_ms": {"baseline": 0.055667200684547426, "candidate": 0.048307199776172635}, "baseline_over_candidate": 1.1523582601036024}
{"case": {"B": 8, "SEQ_LEN": 64, "H": 1, "HQ": 16, "D": 32, "S": 1, "block_size": 16, "is_causal": true}, "candidate": "baseline", "phase": "compile_correctness"}
{"case": {"B": 8, "SEQ_LEN": 64, "H": 1, "HQ": 16, "D": 32, "S": 1, "block_size": 16, "is_causal": true}, "candidate": "candidate", "phase": "compile_correctness"}
2026-09-07 10:43:51  [TileLang:tilelang.cache.kernel_cache:WARNING] (kernel_cache.py:342): Found kernel 'kernel' in memory cache. For better performance, consider using `@tilelang.jit` instead of direct kernel caching.
{"case": {"B": 8, "SEQ_LEN": 64, "H": 1, "HQ": 16, "D": 32, "S": 1, "block_size": 16, "is_causal": true}, "seed": 374, "status": "PASS", "call_event_ms": {"baseline": [0.01157120019197464, 0.010649599879980088, 0.010572800040245056, 0.010675200074911118], "candidate": [0.01088000014424324, 0.010496000200510025, 0.010572800040245056, 0.010572800040245056]}, "median_ms": {"baseline": 0.010662399977445603, "candidate": 0.010572800040245056}, "baseline_over_candidate": 1.00847457029921}
{"case": {"B": 8, "SEQ_LEN": 64, "H": 1, "HQ": 16, "D": 64, "S": 1, "block_size": 16, "is_causal": true}, "candidate": "baseline", "phase": "compile_correctness"}
{"case": {"B": 8, "SEQ_LEN": 64, "H": 1, "HQ": 16, "D": 64, "S": 1, "block_size": 16, "is_causal": true}, "candidate": "candidate", "phase": "compile_correctness"}
2026-09-07 10:43:51  [TileLang:tilelang.cache.kernel_cache:WARNING] (kernel_cache.py:342): Found kernel 'kernel' in memory cache. For better performance, consider using `@tilelang.jit` instead of direct kernel caching.
{"case": {"B": 8, "SEQ_LEN": 64, "H": 1, "HQ": 16, "D": 64, "S": 1, "block_size": 16, "is_causal": true}, "seed": 374, "status": "PASS", "call_event_ms": {"baseline": [0.011340799927711486, 0.010726399719715118, 0.010572800040245056, 0.010598400235176086], "candidate": [0.011059200018644333, 0.01090560033917427, 0.010598400235176086, 0.010623999685049058]}, "median_ms": {"baseline": 0.010662399977445603, "candidate": 0.010764800012111664}, "baseline_over_candidate": 0.9904875116536445}
{"case": {"B": 8, "SEQ_LEN": 64, "H": 1, "HQ": 16, "D": 128, "S": 1, "block_size": 16, "is_causal": true}, "candidate": "baseline", "phase": "compile_correctness"}
{"case": {"B": 8, "SEQ_LEN": 64, "H": 1, "HQ": 16, "D": 128, "S": 1, "block_size": 16, "is_causal": true}, "candidate": "candidate", "phase": "compile_correctness"}
{"case": {"B": 8, "SEQ_LEN": 64, "H": 1, "HQ": 16, "D": 128, "S": 1, "block_size": 16, "is_causal": true}, "seed": 374, "status": "PASS", "call_event_ms": {"baseline": [0.0137472003698349, 0.013235199451446533, 0.013235199451446533, 0.013107199966907502], "candidate": [0.011366400122642516, 0.011110399663448334, 0.011059200018644333, 0.011059200018644333]}, "median_ms": {"baseline": 0.013235199451446533, "candidate": 0.011084799841046333}, "baseline_over_candidate": 1.193995348696997}
{"case": {"B": 8, "SEQ_LEN": 128, "H": 1, "HQ": 16, "D": 32, "S": 1, "block_size": 16, "is_causal": true}, "candidate": "baseline", "phase": "compile_correctness"}
{"case": {"B": 8, "SEQ_LEN": 128, "H": 1, "HQ": 16, "D": 32, "S": 1, "block_size": 16, "is_causal": true}, "candidate": "candidate", "phase": "compile_correctness"}
2026-09-07 10:43:51  [TileLang:tilelang.cache.kernel_cache:WARNING] (kernel_cache.py:342): Found kernel 'kernel' in memory cache. For better performance, consider using `@tilelang.jit` instead of direct kernel caching.
{"case": {"B": 8, "SEQ_LEN": 128, "H": 1, "HQ": 16, "D": 32, "S": 1, "block_size": 16, "is_causal": true}, "seed": 374, "status": "PASS", "call_event_ms": {"baseline": [0.011622399836778641, 0.010726399719715118, 0.010419200360774993, 0.010547199845314026], "candidate": [0.010956799983978272, 0.010444799810647965, 0.010649599879980088, 0.010572800040245056]}, "median_ms": {"baseline": 0.010636799782514573, "candidate": 0.010611199960112571}, "baseline_over_candidate": 1.0024125285074479}
{"case": {"B": 8, "SEQ_LEN": 128, "H": 1, "HQ": 16, "D": 64, "S": 1, "block_size": 16, "is_causal": true}, "candidate": "baseline", "phase": "compile_correctness"}
{"case": {"B": 8, "SEQ_LEN": 128, "H": 1, "HQ": 16, "D": 64, "S": 1, "block_size": 16, "is_causal": true}, "candidate": "candidate", "phase": "compile_correctness"}
2026-09-07 10:43:51  [TileLang:tilelang.cache.kernel_cache:WARNING] (kernel_cache.py:342): Found kernel 'kernel' in memory cache. For better performance, consider using `@tilelang.jit` instead of direct kernel caching.
{"case": {"B": 8, "SEQ_LEN": 128, "H": 1, "HQ": 16, "D": 64, "S": 1, "block_size": 16, "is_causal": true}, "seed": 374, "status": "PASS", "call_event_ms": {"baseline": [0.011724799871444702, 0.010751999914646149, 0.01090560033917427, 0.010828799754381179], "candidate": [0.011110399663448334, 0.011084800213575363, 0.010700800269842149, 0.012057600170373916]}, "median_ms": {"baseline": 0.010867200046777725, "candidate": 0.011097599938511848}, "baseline_over_candidate": 0.9792387639660203}
{"case": {"B": 8, "SEQ_LEN": 128, "H": 1, "HQ": 16, "D": 128, "S": 1, "block_size": 16, "is_causal": true}, "candidate": "baseline", "phase": "compile_correctness"}
{"case": {"B": 8, "SEQ_LEN": 128, "H": 1, "HQ": 16, "D": 128, "S": 1, "block_size": 16, "is_causal": true}, "candidate": "candidate", "phase": "compile_correctness"}
{"case": {"B": 8, "SEQ_LEN": 128, "H": 1, "HQ": 16, "D": 128, "S": 1, "block_size": 16, "is_causal": true}, "seed": 374, "status": "PASS", "call_event_ms": {"baseline": [0.019225600361824035, 0.01884160041809082, 0.018764799833297728, 0.018764799833297728], "candidate": [0.015999999642372132, 0.015872000157833098, 0.015999999642372132, 0.016025599837303162]}, "median_ms": {"baseline": 0.018803200125694274, "candidate": 0.015999999642372132}, "baseline_over_candidate": 1.1752000341236597}
{"case": {"B": 8, "SEQ_LEN": 256, "H": 1, "HQ": 16, "D": 32, "S": 1, "block_size": 16, "is_causal": true}, "candidate": "baseline", "phase": "compile_correctness"}
{"case": {"B": 8, "SEQ_LEN": 256, "H": 1, "HQ": 16, "D": 32, "S": 1, "block_size": 16, "is_causal": true}, "candidate": "candidate", "phase": "compile_correctness"}
2026-09-07 10:43:52  [TileLang:tilelang.cache.kernel_cache:WARNING] (kernel_cache.py:342): Found kernel 'kernel' in memory cache. For better performance, consider using `@tilelang.jit` instead of direct kernel caching.
{"case": {"B": 8, "SEQ_LEN": 256, "H": 1, "HQ": 16, "D": 32, "S": 1, "block_size": 16, "is_causal": true}, "seed": 374, "status": "PASS", "call_event_ms": {"baseline": [0.011801599711179733, 0.011033599823713302, 0.011007999628782272, 0.011648000031709672], "candidate": [0.011110399663448334, 0.010751999914646149, 0.010751999914646149, 0.01080320030450821]}, "median_ms": {"baseline": 0.011340799927711486, "candidate": 0.010777600109577179}, "baseline_over_candidate": 1.0522565146607952}
{"case": {"B": 8, "SEQ_LEN": 256, "H": 1, "HQ": 16, "D": 64, "S": 1, "block_size": 16, "is_causal": true}, "candidate": "baseline", "phase": "compile_correctness"}
{"case": {"B": 8, "SEQ_LEN": 256, "H": 1, "HQ": 16, "D": 64, "S": 1, "block_size": 16, "is_causal": true}, "candidate": "candidate", "phase": "compile_correctness"}
2026-09-07 10:43:52  [TileLang:tilelang.cache.kernel_cache:WARNING] (kernel_cache.py:342): Found kernel 'kernel' in memory cache. For better performance, consider using `@tilelang.jit` instead of direct kernel caching.
{"case": {"B": 8, "SEQ_LEN": 256, "H": 1, "HQ": 16, "D": 64, "S": 1, "block_size": 16, "is_causal": true}, "seed": 374, "status": "PASS", "call_event_ms": {"baseline": [0.0179967999458313, 0.01807360053062439, 0.01815039962530136, 0.01797119975090027], "candidate": [0.018636800348758698, 0.018457600474357606, 0.018662400543689728, 0.018508799374103546]}, "median_ms": {"baseline": 0.018035200238227845, "candidate": 0.018572799861431122}, "baseline_over_candidate": 0.9710544652817977}
{"case": {"B": 8, "SEQ_LEN": 256, "H": 1, "HQ": 16, "D": 128, "S": 1, "block_size": 16, "is_causal": true}, "candidate": "baseline", "phase": "compile_correctness"}
{"case": {"B": 8, "SEQ_LEN": 256, "H": 1, "HQ": 16, "D": 128, "S": 1, "block_size": 16, "is_causal": true}, "candidate": "candidate", "phase": "compile_correctness"}
{"case": {"B": 8, "SEQ_LEN": 256, "H": 1, "HQ": 16, "D": 128, "S": 1, "block_size": 16, "is_causal": true}, "seed": 374, "status": "PASS", "call_event_ms": {"baseline": [0.03543039858341217, 0.034764799475669864, 0.035046398639678955, 0.034867200255393985], "candidate": [0.02903040051460266, 0.02913280129432678, 0.02913280129432678, 0.028697600960731505]}, "median_ms": {"baseline": 0.03495679944753647, "candidate": 0.02908160090446472}, "baseline_over_candidate": 1.202024591506232}
{"case": {"B": 8, "SEQ_LEN": 512, "H": 1, "HQ": 16, "D": 32, "S": 1, "block_size": 16, "is_causal": true}, "candidate": "baseline", "phase": "compile_correctness"}
{"case": {"B": 8, "SEQ_LEN": 512, "H": 1, "HQ": 16, "D": 32, "S": 1, "block_size": 16, "is_causal": true}, "candidate": "candidate", "phase": "compile_correctness"}
{"case": {"B": 8, "SEQ_LEN": 512, "H": 1, "HQ": 16, "D": 32, "S": 1, "block_size": 16, "is_causal": true}, "seed": 374, "status": "PASS", "call_event_ms": {"baseline": [0.015641599893569946, 0.0152319997549057, 0.01525759994983673, 0.0152319997549057], "candidate": [0.014899200201034546, 0.014720000326633453, 0.014873600006103516, 0.014643199741840363]}, "median_ms": {"baseline": 0.015244799852371215, "candidate": 0.014796800166368484}, "baseline_over_candidate": 1.030276795047958}
{"case": {"B": 8, "SEQ_LEN": 512, "H": 1, "HQ": 16, "D": 64, "S": 1, "block_size": 16, "is_causal": true}, "candidate": "baseline", "phase": "compile_correctness"}
{"case": {"B": 8, "SEQ_LEN": 512, "H": 1, "HQ": 16, "D": 64, "S": 1, "block_size": 16, "is_causal": true}, "candidate": "candidate", "phase": "compile_correctness"}
2026-09-07 10:43:53  [TileLang:tilelang.cache.kernel_cache:WARNING] (kernel_cache.py:342): Found kernel 'kernel' in memory cache. For better performance, consider using `@tilelang.jit` instead of direct kernel caching.
{"case": {"B": 8, "SEQ_LEN": 512, "H": 1, "HQ": 16, "D": 64, "S": 1, "block_size": 16, "is_causal": true}, "seed": 374, "status": "PASS", "call_event_ms": {"baseline": [0.029209598898887634, 0.029286399483680725, 0.029183998703956604, 0.02956799864768982], "candidate": [0.030847999453544616, 0.030003198981285097, 0.03038719892501831, 0.03048959970474243]}, "median_ms": {"baseline": 0.02924799919128418, "candidate": 0.03043839931488037}, "baseline_over_candidate": 0.960891500525974}
{"case": {"B": 8, "SEQ_LEN": 512, "H": 1, "HQ": 16, "D": 128, "S": 1, "block_size": 16, "is_causal": true}, "candidate": "baseline", "phase": "compile_correctness"}
{"case": {"B": 8, "SEQ_LEN": 512, "H": 1, "HQ": 16, "D": 128, "S": 1, "block_size": 16, "is_causal": true}, "candidate": "candidate", "phase": "compile_correctness"}
{"case": {"B": 8, "SEQ_LEN": 512, "H": 1, "HQ": 16, "D": 128, "S": 1, "block_size": 16, "is_causal": true}, "seed": 374, "status": "PASS", "call_event_ms": {"baseline": [0.056652802228927615, 0.055936002731323244, 0.0562175989151001, 0.05598719716072083], "candidate": [0.04728319942951202, 0.04733439981937408, 0.04720639884471893, 0.047513601183891294]}, "median_ms": {"baseline": 0.056102398037910464, "candidate": 0.04730879962444305}, "baseline_over_candidate": 1.1858765913165132}
{"case": {"B": 8, "SEQ_LEN": 1024, "H": 1, "HQ": 16, "D": 32, "S": 1, "block_size": 16, "is_causal": true}, "candidate": "baseline", "phase": "compile_correctness"}
{"case": {"B": 8, "SEQ_LEN": 1024, "H": 1, "HQ": 16, "D": 32, "S": 1, "block_size": 16, "is_causal": true}, "candidate": "candidate", "phase": "compile_correctness"}
{"case": {"B": 8, "SEQ_LEN": 1024, "H": 1, "HQ": 16, "D": 32, "S": 1, "block_size": 16, "is_causal": true}, "seed": 374, "status": "PASS", "call_event_ms": {"baseline": [0.024934400618076325, 0.024345600605010988, 0.02449920028448105, 0.02452480047941208], "candidate": [0.023577600717544556, 0.023526400327682495, 0.023270399868488313, 0.023449599742889404]}, "median_ms": {"baseline": 0.024512000381946564, "candidate": 0.02348800003528595}, "baseline_over_candidate": 1.0435967449387884}
{"case": {"B": 8, "SEQ_LEN": 1024, "H": 1, "HQ": 16, "D": 64, "S": 1, "block_size": 16, "is_causal": true}, "candidate": "baseline", "phase": "compile_correctness"}
{"case": {"B": 8, "SEQ_LEN": 1024, "H": 1, "HQ": 16, "D": 64, "S": 1, "block_size": 16, "is_causal": true}, "candidate": "candidate", "phase": "compile_correctness"}
2026-09-07 10:43:54  [TileLang:tilelang.cache.kernel_cache:WARNING] (kernel_cache.py:342): Found kernel 'kernel' in memory cache. For better performance, consider using `@tilelang.jit` instead of direct kernel caching.
{"case": {"B": 8, "SEQ_LEN": 1024, "H": 1, "HQ": 16, "D": 64, "S": 1, "block_size": 16, "is_causal": true}, "seed": 374, "status": "PASS", "call_event_ms": {"baseline": [0.04943360090255737, 0.0484607994556427, 0.04838399887084961, 0.048767998814582825], "candidate": [0.04968959987163544, 0.04907520115375519, 0.04943360090255737, 0.04961279928684235]}, "median_ms": {"baseline": 0.048614399135112764, "candidate": 0.04952320009469986}, "baseline_over_candidate": 0.9816489855694046}
{"case": {"B": 8, "SEQ_LEN": 1024, "H": 1, "HQ": 16, "D": 128, "S": 1, "block_size": 16, "is_causal": true}, "candidate": "baseline", "phase": "compile_correctness"}
{"case": {"B": 8, "SEQ_LEN": 1024, "H": 1, "HQ": 16, "D": 128, "S": 1, "block_size": 16, "is_causal": true}, "candidate": "candidate", "phase": "compile_correctness"}
{"case": {"B": 8, "SEQ_LEN": 1024, "H": 1, "HQ": 16, "D": 128, "S": 1, "block_size": 16, "is_causal": true}, "seed": 374, "status": "PASS", "call_event_ms": {"baseline": [0.09681919813156128, 0.09743360280990601, 0.09607679843902588, 0.09748479723930359], "candidate": [0.08655359745025634, 0.08542720079421998, 0.08650239706039428, 0.08542720079421998]}, "median_ms": {"baseline": 0.09712640047073365, "candidate": 0.08596479892730713}, "baseline_over_candidate": 1.129839209568383}
{"case": {"B": 1, "SEQ_LEN": 256, "H": 1, "HQ": 16, "D": 64, "S": 1, "block_size": 32, "is_causal": true}, "candidate": "baseline", "phase": "compile_correctness"}
{"case": {"B": 1, "SEQ_LEN": 256, "H": 1, "HQ": 16, "D": 64, "S": 1, "block_size": 32, "is_causal": true}, "candidate": "candidate", "phase": "compile_correctness"}
2026-09-07 10:43:54  [TileLang:tilelang.cache.kernel_cache:WARNING] (kernel_cache.py:342): Found kernel 'kernel' in memory cache. For better performance, consider using `@tilelang.jit` instead of direct kernel caching.
{"case": {"B": 1, "SEQ_LEN": 256, "H": 1, "HQ": 16, "D": 64, "S": 1, "block_size": 32, "is_causal": true}, "seed": 374, "status": "PASS", "call_event_ms": {"baseline": [0.011289600282907486, 0.010547199845314026, 0.010393600165843963, 0.010419200360774993], "candidate": [0.01085439994931221, 0.010342399775981902, 0.010496000200510025, 0.010419200360774993]}, "median_ms": {"baseline": 0.010483200103044508, "candidate": 0.01045760028064251}, "baseline_over_candidate": 1.0024479633677896}
{"case": {"B": 1, "SEQ_LEN": 256, "H": 1, "HQ": 16, "D": 64, "S": 1, "block_size": 64, "is_causal": true}, "candidate": "baseline", "phase": "compile_correctness"}
{"case": {"B": 1, "SEQ_LEN": 256, "H": 1, "HQ": 16, "D": 64, "S": 1, "block_size": 64, "is_causal": true}, "candidate": "candidate", "phase": "compile_correctness"}
2026-09-07 10:43:54  [TileLang:tilelang.cache.kernel_cache:WARNING] (kernel_cache.py:342): Found kernel 'kernel' in memory cache. For better performance, consider using `@tilelang.jit` instead of direct kernel caching.
{"case": {"B": 1, "SEQ_LEN": 256, "H": 1, "HQ": 16, "D": 64, "S": 1, "block_size": 64, "is_causal": true}, "seed": 374, "status": "PASS", "call_event_ms": {"baseline": [0.014259199798107147, 0.014207999408245086, 0.014156800508499146, 0.014079999923706055], "candidate": [0.014310400187969207, 0.014182400703430176, 0.014131200313568116, 0.014156800508499146]}, "median_ms": {"baseline": 0.014182399958372116, "candidate": 0.014169600605964661}, "baseline_over_candidate": 1.0009032966251756}
{"case": {"B": 1, "SEQ_LEN": 512, "H": 1, "HQ": 16, "D": 64, "S": 1, "block_size": 32, "is_causal": true}, "candidate": "baseline", "phase": "compile_correctness"}
{"case": {"B": 1, "SEQ_LEN": 512, "H": 1, "HQ": 16, "D": 64, "S": 1, "block_size": 32, "is_causal": true}, "candidate": "candidate", "phase": "compile_correctness"}
2026-09-07 10:43:54  [TileLang:tilelang.cache.kernel_cache:WARNING] (kernel_cache.py:342): Found kernel 'kernel' in memory cache. For better performance, consider using `@tilelang.jit` instead of direct kernel caching.
{"case": {"B": 1, "SEQ_LEN": 512, "H": 1, "HQ": 16, "D": 64, "S": 1, "block_size": 32, "is_causal": true}, "seed": 374, "status": "PASS", "call_event_ms": {"baseline": [0.011340799927711486, 0.010956799983978272, 0.010751999914646149, 0.010675200074911118], "candidate": [0.011084800213575363, 0.010982400178909302, 0.01080320030450821, 0.01090560033917427]}, "median_ms": {"baseline": 0.01085439994931221, "candidate": 0.010944000259041787}, "baseline_over_candidate": 0.9918128373895504}
{"case": {"B": 1, "SEQ_LEN": 512, "H": 1, "HQ": 16, "D": 64, "S": 1, "block_size": 64, "is_causal": true}, "candidate": "baseline", "phase": "compile_correctness"}
{"case": {"B": 1, "SEQ_LEN": 512, "H": 1, "HQ": 16, "D": 64, "S": 1, "block_size": 64, "is_causal": true}, "candidate": "candidate", "phase": "compile_correctness"}
2026-09-07 10:43:55  [TileLang:tilelang.cache.kernel_cache:WARNING] (kernel_cache.py:342): Found kernel 'kernel' in memory cache. For better performance, consider using `@tilelang.jit` instead of direct kernel caching.
{"case": {"B": 1, "SEQ_LEN": 512, "H": 1, "HQ": 16, "D": 64, "S": 1, "block_size": 64, "is_causal": true}, "seed": 374, "status": "PASS", "call_event_ms": {"baseline": [0.01658879965543747, 0.01658879965543747, 0.01658879965543747, 0.0165120005607605], "candidate": [0.01664000004529953, 0.01666560024023056, 0.01653759926557541, 0.01653759926557541]}, "median_ms": {"baseline": 0.01658879965543747, "candidate": 0.01658879965543747}, "baseline_over_candidate": 1.0}
{"case": {"B": 1, "SEQ_LEN": 512, "H": 1, "HQ": 16, "D": 128, "S": 1, "block_size": 32, "is_causal": true}, "candidate": "baseline", "phase": "compile_correctness"}
{"case": {"B": 1, "SEQ_LEN": 512, "H": 1, "HQ": 16, "D": 128, "S": 1, "block_size": 32, "is_causal": true}, "candidate": "candidate", "phase": "compile_correctness"}
{"case": {"B": 1, "SEQ_LEN": 512, "H": 1, "HQ": 16, "D": 128, "S": 1, "block_size": 32, "is_causal": true}, "seed": 374, "status": "PASS", "call_event_ms": {"baseline": [0.01817599982023239, 0.017817600071430205, 0.017791999876499175, 0.017689600586891174], "candidate": [0.015564799308776855, 0.015334400534629821, 0.01520639955997467, 0.01518079936504364]}, "median_ms": {"baseline": 0.01780479997396469, "candidate": 0.015270400047302245}, "baseline_over_candidate": 1.1659681422105366}
{"case": {"B": 2, "SEQ_LEN": 256, "H": 1, "HQ": 16, "D": 64, "S": 1, "block_size": 64, "is_causal": true}, "candidate": "baseline", "phase": "compile_correctness"}
{"case": {"B": 2, "SEQ_LEN": 256, "H": 1, "HQ": 16, "D": 64, "S": 1, "block_size": 64, "is_causal": true}, "candidate": "candidate", "phase": "compile_correctness"}
2026-09-07 10:43:55  [TileLang:tilelang.cache.kernel_cache:WARNING] (kernel_cache.py:342): Found kernel 'kernel' in memory cache. For better performance, consider using `@tilelang.jit` instead of direct kernel caching.
{"case": {"B": 2, "SEQ_LEN": 256, "H": 1, "HQ": 16, "D": 64, "S": 1, "block_size": 64, "is_causal": true}, "seed": 374, "status": "PASS", "call_event_ms": {"baseline": [0.016256000101566314, 0.016358399391174318, 0.016230399906635284, 0.016281600296497344], "candidate": [0.016383999586105348, 0.01643519997596741, 0.016358399391174318, 0.016383999586105348]}, "median_ms": {"baseline": 0.01626880019903183, "candidate": 0.016383999586105348}, "baseline_over_candidate": 0.9929687872324402}
{"case": {"B": 4, "SEQ_LEN": 128, "H": 1, "HQ": 16, "D": 64, "S": 1, "block_size": 32, "is_causal": true}, "candidate": "baseline", "phase": "compile_correctness"}
{"case": {"B": 4, "SEQ_LEN": 128, "H": 1, "HQ": 16, "D": 64, "S": 1, "block_size": 32, "is_causal": true}, "candidate": "candidate", "phase": "compile_correctness"}
2026-09-07 10:43:55  [TileLang:tilelang.cache.kernel_cache:WARNING] (kernel_cache.py:342): Found kernel 'kernel' in memory cache. For better performance, consider using `@tilelang.jit` instead of direct kernel caching.
{"case": {"B": 4, "SEQ_LEN": 128, "H": 1, "HQ": 16, "D": 64, "S": 1, "block_size": 32, "is_causal": true}, "seed": 374, "status": "PASS", "call_event_ms": {"baseline": [0.011366400122642516, 0.01090560033917427, 0.010777600109577179, 0.01080320030450821], "candidate": [0.011033599823713302, 0.010982400178909302, 0.010956799983978272, 0.01085439994931221]}, "median_ms": {"baseline": 0.01085440032184124, "candidate": 0.010969600081443787}, "baseline_over_candidate": 0.9894982717011335}
{"case": {"B": 4, "SEQ_LEN": 128, "H": 1, "HQ": 16, "D": 64, "S": 1, "block_size": 64, "is_causal": true}, "candidate": "baseline", "phase": "compile_correctness"}
{"case": {"B": 4, "SEQ_LEN": 128, "H": 1, "HQ": 16, "D": 64, "S": 1, "block_size": 64, "is_causal": true}, "candidate": "candidate", "phase": "compile_correctness"}
2026-09-07 10:43:56  [TileLang:tilelang.cache.kernel_cache:WARNING] (kernel_cache.py:342): Found kernel 'kernel' in memory cache. For better performance, consider using `@tilelang.jit` instead of direct kernel caching.
{"case": {"B": 4, "SEQ_LEN": 128, "H": 1, "HQ": 16, "D": 64, "S": 1, "block_size": 64, "is_causal": true}, "seed": 374, "status": "PASS", "call_event_ms": {"baseline": [0.016383999586105348, 0.01640959978103638, 0.016358399391174318, 0.01640959978103638], "candidate": [0.01648640036582947, 0.0165120005607605, 0.016358399391174318, 0.016307200491428375]}, "median_ms": {"baseline": 0.016396799683570863, "candidate": 0.016422399878501893}, "baseline_over_candidate": 0.9984411416650167}
{"case": {"B": 2, "SEQ_LEN": 512, "H": 1, "HQ": 16, "D": 128, "S": 1, "block_size": 32, "is_causal": true}, "candidate": "baseline", "phase": "compile_correctness"}
{"case": {"B": 2, "SEQ_LEN": 512, "H": 1, "HQ": 16, "D": 128, "S": 1, "block_size": 32, "is_causal": true}, "candidate": "candidate", "phase": "compile_correctness"}
{"case": {"B": 2, "SEQ_LEN": 512, "H": 1, "HQ": 16, "D": 128, "S": 1, "block_size": 32, "is_causal": true}, "seed": 374, "status": "PASS", "call_event_ms": {"baseline": [0.024934400618076325, 0.024166400730609893, 0.024422399699687958, 0.024038399755954742], "candidate": [0.021631999313831328, 0.021555200219154358, 0.02178560048341751, 0.021657599508762358]}, "median_ms": {"baseline": 0.024294400215148927, "candidate": 0.021644799411296843}, "baseline_over_candidate": 1.1224128139745757}
{"case": {"B": 4, "SEQ_LEN": 1024, "H": 1, "HQ": 16, "D": 128, "S": 1, "block_size": 32, "is_causal": true}, "candidate": "baseline", "phase": "compile_correctness"}
{"case": {"B": 4, "SEQ_LEN": 1024, "H": 1, "HQ": 16, "D": 128, "S": 1, "block_size": 32, "is_causal": true}, "candidate": "candidate", "phase": "compile_correctness"}
{"case": {"B": 4, "SEQ_LEN": 1024, "H": 1, "HQ": 16, "D": 128, "S": 1, "block_size": 32, "is_causal": true}, "seed": 374, "status": "PASS", "call_event_ms": {"baseline": [0.07994880080223084, 0.07930880188941955, 0.07953919768333435, 0.07956479787826538], "candidate": [0.05921279788017273, 0.05931519865989685, 0.0591871976852417, 0.05941759943962097]}, "median_ms": {"baseline": 0.07955199778079987, "candidate": 0.05926399827003479}, "baseline_over_candidate": 1.3423326151287223}
{"case": {"B": 8, "SEQ_LEN": 512, "H": 1, "HQ": 16, "D": 128, "S": 1, "block_size": 32, "is_causal": true}, "candidate": "baseline", "phase": "compile_correctness"}
{"case": {"B": 8, "SEQ_LEN": 512, "H": 1, "HQ": 16, "D": 128, "S": 1, "block_size": 32, "is_causal": true}, "candidate": "candidate", "phase": "compile_correctness"}
{"case": {"B": 8, "SEQ_LEN": 512, "H": 1, "HQ": 16, "D": 128, "S": 1, "block_size": 32, "is_causal": true}, "seed": 374, "status": "PASS", "call_event_ms": {"baseline": [0.08135679960250855, 0.08069120049476623, 0.08112639784812928, 0.08084480166435241], "candidate": [0.059571200609207155, 0.05913599729537964, 0.0591871976852417, 0.05939199924468994]}, "median_ms": {"baseline": 0.08098559975624084, "candidate": 0.05928959846496582}, "baseline_over_candidate": 1.3659326737403217}
{"case": {"B": 1, "SEQ_LEN": 256, "H": 2, "HQ": 32, "D": 64, "S": 1, "block_size": 16, "is_causal": true}, "candidate": "baseline", "phase": "compile_correctness"}
{"case": {"B": 1, "SEQ_LEN": 256, "H": 2, "HQ": 32, "D": 64, "S": 1, "block_size": 16, "is_causal": true}, "candidate": "candidate", "phase": "compile_correctness"}
2026-09-07 10:43:56  [TileLang:tilelang.cache.kernel_cache:WARNING] (kernel_cache.py:342): Found kernel 'kernel' in memory cache. For better performance, consider using `@tilelang.jit` instead of direct kernel caching.
{"case": {"B": 1, "SEQ_LEN": 256, "H": 2, "HQ": 32, "D": 64, "S": 1, "block_size": 16, "is_causal": true}, "seed": 374, "status": "PASS", "call_event_ms": {"baseline": [0.011392000317573547, 0.010675200074911118, 0.010367999970912933, 0.010675200074911118], "candidate": [0.010956799983978272, 0.010521599650382995, 0.010521599650382995, 0.01154559999704361]}, "median_ms": {"baseline": 0.010675200074911118, "candidate": 0.010739199817180634}, "baseline_over_candidate": 0.9940405483314383}
{"case": {"B": 2, "SEQ_LEN": 512, "H": 2, "HQ": 32, "D": 64, "S": 1, "block_size": 16, "is_causal": true}, "candidate": "baseline", "phase": "compile_correctness"}
{"case": {"B": 2, "SEQ_LEN": 512, "H": 2, "HQ": 32, "D": 64, "S": 1, "block_size": 16, "is_causal": true}, "candidate": "candidate", "phase": "compile_correctness"}
2026-09-07 10:43:57  [TileLang:tilelang.cache.kernel_cache:WARNING] (kernel_cache.py:342): Found kernel 'kernel' in memory cache. For better performance, consider using `@tilelang.jit` instead of direct kernel caching.
{"case": {"B": 2, "SEQ_LEN": 512, "H": 2, "HQ": 32, "D": 64, "S": 1, "block_size": 16, "is_causal": true}, "seed": 374, "status": "PASS", "call_event_ms": {"baseline": [0.01886720061302185, 0.018303999304771425, 0.018278400599956512, 0.018713599443435668], "candidate": [0.01812479943037033, 0.0179967999458313, 0.017510400712490083, 0.01802240014076233]}, "median_ms": {"baseline": 0.018508799374103546, "candidate": 0.018009600043296815}, "baseline_over_candidate": 1.0277185128823854}
{"case": {"B": 1, "SEQ_LEN": 512, "H": 2, "HQ": 32, "D": 128, "S": 1, "block_size": 16, "is_causal": true}, "candidate": "baseline", "phase": "compile_correctness"}
{"case": {"B": 1, "SEQ_LEN": 512, "H": 2, "HQ": 32, "D": 128, "S": 1, "block_size": 16, "is_causal": true}, "candidate": "candidate", "phase": "compile_correctness"}
{"case": {"B": 1, "SEQ_LEN": 512, "H": 2, "HQ": 32, "D": 128, "S": 1, "block_size": 16, "is_causal": true}, "seed": 374, "status": "PASS", "call_event_ms": {"baseline": [0.019123199582099914, 0.018892799317836762, 0.018611200153827667, 0.018662400543689728], "candidate": [0.01676799952983856, 0.01643519997596741, 0.01687040030956268, 0.01653759926557541]}, "median_ms": {"baseline": 0.018777599930763243, "candidate": 0.016652799397706985}, "baseline_over_candidate": 1.1275941949645316}
{"case": {"B": 1, "SEQ_LEN": 256, "H": 1, "HQ": 16, "D": 64, "S": 2, "block_size": 16, "is_causal": true}, "candidate": "baseline", "phase": "compile_correctness"}
{"case": {"B": 1, "SEQ_LEN": 256, "H": 1, "HQ": 16, "D": 64, "S": 2, "block_size": 16, "is_causal": true}, "candidate": "candidate", "phase": "compile_correctness"}
2026-09-07 10:43:57  [TileLang:tilelang.cache.kernel_cache:WARNING] (kernel_cache.py:342): Found kernel 'kernel' in memory cache. For better performance, consider using `@tilelang.jit` instead of direct kernel caching.
{"case": {"B": 1, "SEQ_LEN": 256, "H": 1, "HQ": 16, "D": 64, "S": 2, "block_size": 16, "is_causal": true}, "seed": 374, "status": "PASS", "call_event_ms": {"baseline": [0.011750400066375732, 0.010547199845314026, 0.011468800157308579, 0.010598400235176086], "candidate": [0.010726399719715118, 0.010444799810647965, 0.010496000200510025, 0.010393600165843963]}, "median_ms": {"baseline": 0.011033600196242332, "candidate": 0.010470400005578995}, "baseline_over_candidate": 1.0537897492324309}
{"case": {"B": 2, "SEQ_LEN": 512, "H": 1, "HQ": 16, "D": 64, "S": 2, "block_size": 16, "is_causal": true}, "candidate": "baseline", "phase": "compile_correctness"}
{"case": {"B": 2, "SEQ_LEN": 512, "H": 1, "HQ": 16, "D": 64, "S": 2, "block_size": 16, "is_causal": true}, "candidate": "candidate", "phase": "compile_correctness"}
{"case": {"B": 2, "SEQ_LEN": 512, "H": 1, "HQ": 16, "D": 64, "S": 2, "block_size": 16, "is_causal": true}, "seed": 374, "status": "PASS", "call_event_ms": {"baseline": [0.019788800179958342, 0.01950719952583313, 0.01935359984636307, 0.019148799777030944], "candidate": [0.012774400413036346, 0.012697599828243256, 0.012518399953842163, 0.012544000148773193]}, "median_ms": {"baseline": 0.0194303996860981, "candidate": 0.012620799988508225}, "baseline_over_candidate": 1.539553729065535}
{"case": {"B": 4, "SEQ_LEN": 1024, "H": 1, "HQ": 16, "D": 64, "S": 2, "block_size": 16, "is_causal": true}, "candidate": "baseline", "phase": "compile_correctness"}
{"case": {"B": 4, "SEQ_LEN": 1024, "H": 1, "HQ": 16, "D": 64, "S": 2, "block_size": 16, "is_causal": true}, "candidate": "candidate", "phase": "compile_correctness"}
{"case": {"B": 4, "SEQ_LEN": 1024, "H": 1, "HQ": 16, "D": 64, "S": 2, "block_size": 16, "is_causal": true}, "seed": 374, "status": "PASS", "call_event_ms": {"baseline": [0.05122560262680054, 0.05079039931297302, 0.0506879985332489, 0.050355201959609984], "candidate": [0.0359935998916626, 0.0359935998916626, 0.03604480028152466, 0.03583999872207642]}, "median_ms": {"baseline": 0.05073919892311096, "candidate": 0.0359935998916626}, "baseline_over_candidate": 1.4096728050495435}
{"case": {"B": 1, "SEQ_LEN": 256, "H": 1, "HQ": 16, "D": 64, "S": 4, "block_size": 16, "is_causal": true}, "candidate": "baseline", "phase": "compile_correctness"}
{"case": {"B": 1, "SEQ_LEN": 256, "H": 1, "HQ": 16, "D": 64, "S": 4, "block_size": 16, "is_causal": true}, "candidate": "candidate", "phase": "compile_correctness"}
2026-09-07 10:43:58  [TileLang:tilelang.cache.kernel_cache:WARNING] (kernel_cache.py:342): Found kernel 'kernel' in memory cache. For better performance, consider using `@tilelang.jit` instead of direct kernel caching.
{"case": {"B": 1, "SEQ_LEN": 256, "H": 1, "HQ": 16, "D": 64, "S": 4, "block_size": 16, "is_causal": true}, "seed": 374, "status": "PASS", "call_event_ms": {"baseline": [0.016128000617027283, 0.015820799767971037, 0.015744000673294067, 0.015718400478363037], "candidate": [0.01592320054769516, 0.015795199573040007, 0.015744000673294067, 0.015769599378108977]}, "median_ms": {"baseline": 0.015782400220632552, "candidate": 0.015782399475574492}, "baseline_over_candidate": 1.0000000472081614}
{"case": {"B": 2, "SEQ_LEN": 512, "H": 1, "HQ": 16, "D": 64, "S": 4, "block_size": 16, "is_causal": true}, "candidate": "baseline", "phase": "compile_correctness"}
{"case": {"B": 2, "SEQ_LEN": 512, "H": 1, "HQ": 16, "D": 64, "S": 4, "block_size": 16, "is_causal": true}, "candidate": "candidate", "phase": "compile_correctness"}
2026-09-07 10:43:58  [TileLang:tilelang.cache.kernel_cache:WARNING] (kernel_cache.py:342): Found kernel 'kernel' in memory cache. For better performance, consider using `@tilelang.jit` instead of direct kernel caching.
{"case": {"B": 2, "SEQ_LEN": 512, "H": 1, "HQ": 16, "D": 64, "S": 4, "block_size": 16, "is_causal": true}, "seed": 374, "status": "PASS", "call_event_ms": {"baseline": [0.02913280129432678, 0.02885119915008545, 0.02905600070953369, 0.028748801350593566], "candidate": [0.02913280129432678, 0.02887679934501648, 0.02892799973487854, 0.028799998760223388]}, "median_ms": {"baseline": 0.02895359992980957, "candidate": 0.02890239953994751}, "baseline_over_candidate": 1.0017714927022336}
{"case": {"B": 4, "SEQ_LEN": 1024, "H": 1, "HQ": 16, "D": 64, "S": 4, "block_size": 16, "is_causal": true}, "candidate": "baseline", "phase": "compile_correctness"}
{"case": {"B": 4, "SEQ_LEN": 1024, "H": 1, "HQ": 16, "D": 64, "S": 4, "block_size": 16, "is_causal": true}, "candidate": "candidate", "phase": "compile_correctness"}
2026-09-07 10:43:58  [TileLang:tilelang.cache.kernel_cache:WARNING] (kernel_cache.py:342): Found kernel 'kernel' in memory cache. For better performance, consider using `@tilelang.jit` instead of direct kernel caching.
{"case": {"B": 4, "SEQ_LEN": 1024, "H": 1, "HQ": 16, "D": 64, "S": 4, "block_size": 16, "is_causal": true}, "seed": 374, "status": "PASS", "call_event_ms": {"baseline": [0.07805439829826355, 0.07774720191955567, 0.0779263973236084, 0.07767040133476258], "candidate": [0.0779263973236084, 0.07790079712867737, 0.07782400250434876, 0.07795199751853943]}, "median_ms": {"baseline": 0.07783679962158203, "candidate": 0.07791359722614288}, "baseline_over_candidate": 0.9990143234647741}
{"case": {"B": 1, "SEQ_LEN": 256, "H": 1, "HQ": 16, "D": 64, "S": 8, "block_size": 16, "is_causal": true}, "candidate": "baseline", "phase": "compile_correctness"}
{"case": {"B": 1, "SEQ_LEN": 256, "H": 1, "HQ": 16, "D": 64, "S": 8, "block_size": 16, "is_causal": true}, "candidate": "candidate", "phase": "compile_correctness"}
2026-09-07 10:43:59  [TileLang:tilelang.cache.kernel_cache:WARNING] (kernel_cache.py:342): Found kernel 'kernel' in memory cache. For better performance, consider using `@tilelang.jit` instead of direct kernel caching.
{"case": {"B": 1, "SEQ_LEN": 256, "H": 1, "HQ": 16, "D": 64, "S": 8, "block_size": 16, "is_causal": true}, "seed": 374, "status": "PASS", "call_event_ms": {"baseline": [0.02460159957408905, 0.0247296005487442, 0.02452480047941208, 0.02455040067434311], "candidate": [0.02449920028448105, 0.02470400035381317, 0.02457599937915802, 0.02460159957408905]}, "median_ms": {"baseline": 0.02457600012421608, "candidate": 0.024588799476623534}, "baseline_over_candidate": 0.9994794641186275}
{"case": {"B": 2, "SEQ_LEN": 512, "H": 1, "HQ": 16, "D": 64, "S": 8, "block_size": 16, "is_causal": true}, "candidate": "baseline", "phase": "compile_correctness"}
{"case": {"B": 2, "SEQ_LEN": 512, "H": 1, "HQ": 16, "D": 64, "S": 8, "block_size": 16, "is_causal": true}, "candidate": "candidate", "phase": "compile_correctness"}
2026-09-07 10:43:59  [TileLang:tilelang.cache.kernel_cache:WARNING] (kernel_cache.py:342): Found kernel 'kernel' in memory cache. For better performance, consider using `@tilelang.jit` instead of direct kernel caching.
{"case": {"B": 2, "SEQ_LEN": 512, "H": 1, "HQ": 16, "D": 64, "S": 8, "block_size": 16, "is_causal": true}, "seed": 374, "status": "PASS", "call_event_ms": {"baseline": [0.04116480052471161, 0.04101119935512543, 0.040908798575401306, 0.04088320136070252], "candidate": [0.04106239974498749, 0.04121600091457367, 0.04095999896526337, 0.0409855991601944]}, "median_ms": {"baseline": 0.04095999896526337, "candidate": 0.04102399945259094}, "baseline_over_candidate": 0.998439925697602}
{"case": {"B": 4, "SEQ_LEN": 1024, "H": 1, "HQ": 16, "D": 64, "S": 8, "block_size": 16, "is_causal": true}, "candidate": "baseline", "phase": "compile_correctness"}
{"case": {"B": 4, "SEQ_LEN": 1024, "H": 1, "HQ": 16, "D": 64, "S": 8, "block_size": 16, "is_causal": true}, "candidate": "candidate", "phase": "compile_correctness"}
2026-09-07 10:43:59  [TileLang:tilelang.cache.kernel_cache:WARNING] (kernel_cache.py:342): Found kernel 'kernel' in memory cache. For better performance, consider using `@tilelang.jit` instead of direct kernel caching.
{"case": {"B": 4, "SEQ_LEN": 1024, "H": 1, "HQ": 16, "D": 64, "S": 8, "block_size": 16, "is_causal": true}, "seed": 374, "status": "PASS", "call_event_ms": {"baseline": [0.1233407974243164, 0.1230847954750061, 0.12285439968109131, 0.12313599586486816], "candidate": [0.12323839664459228, 0.12277760505676269, 0.12272640466690063, 0.12305920124053955]}, "median_ms": {"baseline": 0.12311039566993713, "candidate": 0.12291840314865113}, "baseline_over_candidate": 1.0015619509883626}
{"case": {"B": 1, "SEQ_LEN": 1024, "H": 1, "HQ": 16, "D": 128, "S": 1, "block_size": 32, "is_causal": true}, "candidate": "baseline", "phase": "compile_correctness"}
{"case": {"B": 1, "SEQ_LEN": 1024, "H": 1, "HQ": 16, "D": 128, "S": 1, "block_size": 32, "is_causal": true}, "candidate": "candidate", "phase": "compile_correctness"}
{"case": {"B": 1, "SEQ_LEN": 1024, "H": 1, "HQ": 16, "D": 128, "S": 1, "block_size": 32, "is_causal": true}, "seed": 374, "status": "PASS", "call_event_ms": {"baseline": [0.02465279996395111, 0.024166400730609893, 0.02396160066127777, 0.02396160066127777], "candidate": [0.021401600539684297, 0.021324799954891206, 0.02114560008049011, 0.021324799954891206]}, "median_ms": {"baseline": 0.024064000695943832, "candidate": 0.021324799954891206}, "baseline_over_candidate": 1.128451415574679}
{"case": {"B": 2, "SEQ_LEN": 1024, "H": 1, "HQ": 16, "D": 128, "S": 1, "block_size": 32, "is_causal": true}, "candidate": "baseline", "phase": "compile_correctness"}
{"case": {"B": 2, "SEQ_LEN": 1024, "H": 1, "HQ": 16, "D": 128, "S": 1, "block_size": 32, "is_causal": true}, "candidate": "candidate", "phase": "compile_correctness"}
{"case": {"B": 2, "SEQ_LEN": 1024, "H": 1, "HQ": 16, "D": 128, "S": 1, "block_size": 32, "is_causal": true}, "seed": 374, "status": "PASS", "call_event_ms": {"baseline": [0.04508160054683685, 0.04464640021324158, 0.04485119879245758, 0.045158401131629944], "candidate": [0.034380799531936644, 0.03407360017299652, 0.03430399894714355, 0.034406399726867674]}, "median_ms": {"baseline": 0.04496639966964722, "candidate": 0.0343423992395401}, "baseline_over_candidate": 1.3093552187779351}
{"case": {"B": 4, "SEQ_LEN": 512, "H": 1, "HQ": 16, "D": 128, "S": 1, "block_size": 32, "is_causal": true}, "candidate": "baseline", "phase": "compile_correctness"}
{"case": {"B": 4, "SEQ_LEN": 512, "H": 1, "HQ": 16, "D": 128, "S": 1, "block_size": 32, "is_causal": true}, "candidate": "candidate", "phase": "compile_correctness"}
{"case": {"B": 4, "SEQ_LEN": 512, "H": 1, "HQ": 16, "D": 128, "S": 1, "block_size": 32, "is_causal": true}, "seed": 374, "status": "PASS", "call_event_ms": {"baseline": [0.04459519982337952, 0.04415999948978424, 0.0442111998796463, 0.04418559968471527], "candidate": [0.03374080061912536, 0.033766400814056394, 0.03358719944953918, 0.03394559919834137]}, "median_ms": {"baseline": 0.044198399782180785, "candidate": 0.03375360071659088}, "baseline_over_candidate": 1.3094425140976436}
{"case": {"B": 8, "SEQ_LEN": 256, "H": 1, "HQ": 16, "D": 128, "S": 1, "block_size": 32, "is_causal": true}, "candidate": "baseline", "phase": "compile_correctness"}
{"case": {"B": 8, "SEQ_LEN": 256, "H": 1, "HQ": 16, "D": 128, "S": 1, "block_size": 32, "is_causal": true}, "candidate": "candidate", "phase": "compile_correctness"}
{"case": {"B": 8, "SEQ_LEN": 256, "H": 1, "HQ": 16, "D": 128, "S": 1, "block_size": 32, "is_causal": true}, "seed": 374, "status": "PASS", "call_event_ms": {"baseline": [0.045824000239372255, 0.04567039906978607, 0.045158401131629944, 0.045286399126052854], "candidate": [0.034227201342582704, 0.034201601147651674, 0.03391999900341034, 0.03427839875221252]}, "median_ms": {"baseline": 0.04547839909791947, "candidate": 0.03421440124511719}, "baseline_over_candidate": 1.3292180322579745}
{"case": {"B": 1, "SEQ_LEN": 2048, "H": 1, "HQ": 16, "D": 32, "S": 1, "block_size": 16, "is_causal": true}, "candidate": "baseline", "phase": "compile_correctness"}
{"case": {"B": 1, "SEQ_LEN": 2048, "H": 1, "HQ": 16, "D": 32, "S": 1, "block_size": 16, "is_causal": true}, "candidate": "candidate", "phase": "compile_correctness"}
2026-09-07 10:44:00  [TileLang:tilelang.cache.kernel_cache:WARNING] (kernel_cache.py:342): Found kernel 'kernel' in memory cache. For better performance, consider using `@tilelang.jit` instead of direct kernel caching.
{"case": {"B": 1, "SEQ_LEN": 2048, "H": 1, "HQ": 16, "D": 32, "S": 1, "block_size": 16, "is_causal": true}, "seed": 374, "status": "PASS", "call_event_ms": {"baseline": [0.011596799641847611, 0.010496000200510025, 0.010598400235176086, 0.010444799810647965], "candidate": [0.01088000014424324, 0.010521599650382995, 0.010470400005578995, 0.010367999970912933]}, "median_ms": {"baseline": 0.010547200217843056, "candidate": 0.010495999827980995}, "baseline_over_candidate": 1.004878086004305}
{"case": {"B": 4, "SEQ_LEN": 2048, "H": 1, "HQ": 16, "D": 32, "S": 1, "block_size": 16, "is_causal": true}, "candidate": "baseline", "phase": "compile_correctness"}
{"case": {"B": 4, "SEQ_LEN": 2048, "H": 1, "HQ": 16, "D": 32, "S": 1, "block_size": 16, "is_causal": true}, "candidate": "candidate", "phase": "compile_correctness"}
{"case": {"B": 4, "SEQ_LEN": 2048, "H": 1, "HQ": 16, "D": 32, "S": 1, "block_size": 16, "is_causal": true}, "seed": 374, "status": "PASS", "call_event_ms": {"baseline": [0.024908800423145295, 0.024371199309825897, 0.02449920028448105, 0.024447999894618988], "candidate": [0.023526400327682495, 0.023372800648212434, 0.023500800132751465, 0.023552000522613525]}, "median_ms": {"baseline": 0.02447360008955002, "candidate": 0.02351360023021698}, "baseline_over_candidate": 1.0408274296549176}
{"case": {"B": 8, "SEQ_LEN": 2048, "H": 1, "HQ": 16, "D": 32, "S": 1, "block_size": 16, "is_causal": true}, "candidate": "baseline", "phase": "compile_correctness"}
{"case": {"B": 8, "SEQ_LEN": 2048, "H": 1, "HQ": 16, "D": 32, "S": 1, "block_size": 16, "is_causal": true}, "candidate": "candidate", "phase": "compile_correctness"}
{"case": {"B": 8, "SEQ_LEN": 2048, "H": 1, "HQ": 16, "D": 32, "S": 1, "block_size": 16, "is_causal": true}, "seed": 374, "status": "PASS", "call_event_ms": {"baseline": [0.04147199988365173, 0.04106239974498749, 0.040934398770332336, 0.04111360013484955], "candidate": [0.0394239991903305, 0.039552000164985654, 0.03975679874420166, 0.03993600010871887]}, "median_ms": {"baseline": 0.04108799993991852, "candidate": 0.03965439945459366}, "baseline_over_candidate": 1.0361523690950458}
{"case": {"B": 1, "SEQ_LEN": 48, "H": 1, "HQ": 16, "D": 32, "S": 1, "block_size": 16, "is_causal": true}, "candidate": "baseline", "phase": "compile_correctness"}
{"case": {"B": 1, "SEQ_LEN": 48, "H": 1, "HQ": 16, "D": 32, "S": 1, "block_size": 16, "is_causal": true}, "candidate": "candidate", "phase": "compile_correctness"}
2026-09-07 10:44:01  [TileLang:tilelang.cache.kernel_cache:WARNING] (kernel_cache.py:342): Found kernel 'kernel' in memory cache. For better performance, consider using `@tilelang.jit` instead of direct kernel caching.
{"case": {"B": 1, "SEQ_LEN": 48, "H": 1, "HQ": 16, "D": 32, "S": 1, "block_size": 16, "is_causal": true}, "seed": 374, "status": "PASS", "call_event_ms": {"baseline": [0.011289600282907486, 0.010470400005578995, 0.010572800040245056, 0.010419200360774993], "candidate": [0.01085439994931221, 0.010291200131177902, 0.010265599936246872, 0.010521599650382995]}, "median_ms": {"baseline": 0.010521600022912025, "candidate": 0.01040639989078045}, "baseline_over_candidate": 1.0110701235144381}
{"case": {"B": 2, "SEQ_LEN": 48, "H": 1, "HQ": 16, "D": 32, "S": 1, "block_size": 16, "is_causal": true}, "candidate": "baseline", "phase": "compile_correctness"}
{"case": {"B": 2, "SEQ_LEN": 48, "H": 1, "HQ": 16, "D": 32, "S": 1, "block_size": 16, "is_causal": true}, "candidate": "candidate", "phase": "compile_correctness"}
2026-09-07 10:44:01  [TileLang:tilelang.cache.kernel_cache:WARNING] (kernel_cache.py:342): Found kernel 'kernel' in memory cache. For better performance, consider using `@tilelang.jit` instead of direct kernel caching.
{"case": {"B": 2, "SEQ_LEN": 48, "H": 1, "HQ": 16, "D": 32, "S": 1, "block_size": 16, "is_causal": true}, "seed": 374, "status": "PASS", "call_event_ms": {"baseline": [0.011596799641847611, 0.010470400005578995, 0.010316800326108932, 0.010649599879980088], "candidate": [0.01080320030450821, 0.010598400235176086, 0.010572800040245056, 0.010367999970912933]}, "median_ms": {"baseline": 0.010559999942779542, "candidate": 0.010585600137710571}, "baseline_over_candidate": 0.997581601931115}
{"case": {"B": 4, "SEQ_LEN": 48, "H": 1, "HQ": 16, "D": 32, "S": 1, "block_size": 16, "is_causal": true}, "candidate": "baseline", "phase": "compile_correctness"}
{"case": {"B": 4, "SEQ_LEN": 48, "H": 1, "HQ": 16, "D": 32, "S": 1, "block_size": 16, "is_causal": true}, "candidate": "candidate", "phase": "compile_correctness"}
2026-09-07 10:44:02  [TileLang:tilelang.cache.kernel_cache:WARNING] (kernel_cache.py:342): Found kernel 'kernel' in memory cache. For better performance, consider using `@tilelang.jit` instead of direct kernel caching.
{"case": {"B": 4, "SEQ_LEN": 48, "H": 1, "HQ": 16, "D": 32, "S": 1, "block_size": 16, "is_causal": true}, "seed": 374, "status": "PASS", "call_event_ms": {"baseline": [0.011392000317573547, 0.010444799810647965, 0.010470400005578995, 0.010393600165843963], "candidate": [0.01085439994931221, 0.010521599650382995, 0.010572800040245056, 0.010623999685049058]}, "median_ms": {"baseline": 0.01045759990811348, "candidate": 0.010598399862647056}, "baseline_over_candidate": 0.9867149799631725}
{"case": {"B": 8, "SEQ_LEN": 48, "H": 1, "HQ": 16, "D": 32, "S": 1, "block_size": 16, "is_causal": true}, "candidate": "baseline", "phase": "compile_correctness"}
{"case": {"B": 8, "SEQ_LEN": 48, "H": 1, "HQ": 16, "D": 32, "S": 1, "block_size": 16, "is_causal": true}, "candidate": "candidate", "phase": "compile_correctness"}
2026-09-07 10:44:02  [TileLang:tilelang.cache.kernel_cache:WARNING] (kernel_cache.py:342): Found kernel 'kernel' in memory cache. For better performance, consider using `@tilelang.jit` instead of direct kernel caching.
{"case": {"B": 8, "SEQ_LEN": 48, "H": 1, "HQ": 16, "D": 32, "S": 1, "block_size": 16, "is_causal": true}, "seed": 374, "status": "PASS", "call_event_ms": {"baseline": [0.011468800157308579, 0.010521599650382995, 0.010393600165843963, 0.010496000200510025], "candidate": [0.010675200074911118, 0.010496000200510025, 0.010470400005578995, 0.010496000200510025]}, "median_ms": {"baseline": 0.01050879992544651, "candidate": 0.010496000200510025}, "baseline_over_candidate": 1.001219485965317}
{"case": {"B": 1, "SEQ_LEN": 96, "H": 1, "HQ": 16, "D": 32, "S": 1, "block_size": 16, "is_causal": true}, "candidate": "baseline", "phase": "compile_correctness"}
{"case": {"B": 1, "SEQ_LEN": 96, "H": 1, "HQ": 16, "D": 32, "S": 1, "block_size": 16, "is_causal": true}, "candidate": "candidate", "phase": "compile_correctness"}
2026-09-07 10:44:02  [TileLang:tilelang.cache.kernel_cache:WARNING] (kernel_cache.py:342): Found kernel 'kernel' in memory cache. For better performance, consider using `@tilelang.jit` instead of direct kernel caching.
{"case": {"B": 1, "SEQ_LEN": 96, "H": 1, "HQ": 16, "D": 32, "S": 1, "block_size": 16, "is_causal": true}, "seed": 374, "status": "PASS", "call_event_ms": {"baseline": [0.011187200248241425, 0.010700800269842149, 0.010419200360774993, 0.010316800326108932], "candidate": [0.010675200074911118, 0.010444799810647965, 0.010598400235176086, 0.010367999970912933]}, "median_ms": {"baseline": 0.01056000031530857, "candidate": 0.010521600022912025}, "baseline_over_candidate": 1.0036496628186706}
{"case": {"B": 2, "SEQ_LEN": 96, "H": 1, "HQ": 16, "D": 32, "S": 1, "block_size": 16, "is_causal": true}, "candidate": "baseline", "phase": "compile_correctness"}
{"case": {"B": 2, "SEQ_LEN": 96, "H": 1, "HQ": 16, "D": 32, "S": 1, "block_size": 16, "is_causal": true}, "candidate": "candidate", "phase": "compile_correctness"}
2026-09-07 10:44:02  [TileLang:tilelang.cache.kernel_cache:WARNING] (kernel_cache.py:342): Found kernel 'kernel' in memory cache. For better performance, consider using `@tilelang.jit` instead of direct kernel caching.
{"case": {"B": 2, "SEQ_LEN": 96, "H": 1, "HQ": 16, "D": 32, "S": 1, "block_size": 16, "is_causal": true}, "seed": 374, "status": "PASS", "call_event_ms": {"baseline": [0.011315199732780456, 0.010496000200510025, 0.010470400005578995, 0.010521599650382995], "candidate": [0.010700800269842149, 0.010470400005578995, 0.010470400005578995, 0.010521599650382995]}, "median_ms": {"baseline": 0.01050879992544651, "candidate": 0.010495999827980995}, "baseline_over_candidate": 1.0012195215010762}
{"case": {"B": 4, "SEQ_LEN": 96, "H": 1, "HQ": 16, "D": 32, "S": 1, "block_size": 16, "is_causal": true}, "candidate": "baseline", "phase": "compile_correctness"}
{"case": {"B": 4, "SEQ_LEN": 96, "H": 1, "HQ": 16, "D": 32, "S": 1, "block_size": 16, "is_causal": true}, "candidate": "candidate", "phase": "compile_correctness"}
2026-09-07 10:44:02  [TileLang:tilelang.cache.kernel_cache:WARNING] (kernel_cache.py:342): Found kernel 'kernel' in memory cache. For better performance, consider using `@tilelang.jit` instead of direct kernel caching.
{"case": {"B": 4, "SEQ_LEN": 96, "H": 1, "HQ": 16, "D": 32, "S": 1, "block_size": 16, "is_causal": true}, "seed": 374, "status": "PASS", "call_event_ms": {"baseline": [0.011622399836778641, 0.010496000200510025, 0.010496000200510025, 0.010496000200510025], "candidate": [0.010623999685049058, 0.010496000200510025, 0.010547199845314026, 0.010265599936246872]}, "median_ms": {"baseline": 0.010496000200510025, "candidate": 0.010521600022912025}, "baseline_over_candidate": 0.9975669268603393}
{"case": {"B": 8, "SEQ_LEN": 96, "H": 1, "HQ": 16, "D": 32, "S": 1, "block_size": 16, "is_causal": true}, "candidate": "baseline", "phase": "compile_correctness"}
{"case": {"B": 8, "SEQ_LEN": 96, "H": 1, "HQ": 16, "D": 32, "S": 1, "block_size": 16, "is_causal": true}, "candidate": "candidate", "phase": "compile_correctness"}
2026-09-07 10:44:03  [TileLang:tilelang.cache.kernel_cache:WARNING] (kernel_cache.py:342): Found kernel 'kernel' in memory cache. For better performance, consider using `@tilelang.jit` instead of direct kernel caching.
{"case": {"B": 8, "SEQ_LEN": 96, "H": 1, "HQ": 16, "D": 32, "S": 1, "block_size": 16, "is_causal": true}, "seed": 374, "status": "PASS", "call_event_ms": {"baseline": [0.011289600282907486, 0.010444799810647965, 0.010470400005578995, 0.010496000200510025], "candidate": [0.010700800269842149, 0.010547199845314026, 0.010700800269842149, 0.010572800040245056]}, "median_ms": {"baseline": 0.01048320010304451, "candidate": 0.010636800155043601}, "baseline_over_candidate": 0.9855595621088867}
{"case": {"B": 1, "SEQ_LEN": 4096, "H": 1, "HQ": 16, "D": 64, "S": 1, "block_size": 16, "is_causal": true}, "candidate": "baseline", "phase": "compile_correctness"}
{"case": {"B": 1, "SEQ_LEN": 4096, "H": 1, "HQ": 16, "D": 64, "S": 1, "block_size": 16, "is_causal": true}, "candidate": "candidate", "phase": "compile_correctness"}
2026-09-07 10:44:03  [TileLang:tilelang.cache.kernel_cache:WARNING] (kernel_cache.py:342): Found kernel 'kernel' in memory cache. For better performance, consider using `@tilelang.jit` instead of direct kernel caching.
{"case": {"B": 1, "SEQ_LEN": 4096, "H": 1, "HQ": 16, "D": 64, "S": 1, "block_size": 16, "is_causal": true}, "seed": 374, "status": "PASS", "call_event_ms": {"baseline": [0.02961919903755188, 0.0289792001247406, 0.029311999678611755, 0.029286399483680725], "candidate": [0.029772800207138062, 0.02964479923248291, 0.029491201043128967, 0.029542401432991028]}, "median_ms": {"baseline": 0.02929919958114624, "candidate": 0.029593600332736968}, "baseline_over_candidate": 0.9900518778289691}
{"case": {"B": 1, "SEQ_LEN": 4096, "H": 1, "HQ": 16, "D": 128, "S": 1, "block_size": 16, "is_causal": true}, "candidate": "baseline", "phase": "compile_correctness"}
{"case": {"B": 1, "SEQ_LEN": 4096, "H": 1, "HQ": 16, "D": 128, "S": 1, "block_size": 16, "is_causal": true}, "candidate": "candidate", "phase": "compile_correctness"}
{"case": {"B": 1, "SEQ_LEN": 4096, "H": 1, "HQ": 16, "D": 128, "S": 1, "block_size": 16, "is_causal": true}, "seed": 374, "status": "PASS", "call_event_ms": {"baseline": [0.05772799849510193, 0.05731840133666992, 0.05772799849510193, 0.05729280114173889], "candidate": [0.04968959987163544, 0.04961279928684235, 0.04966399967670441, 0.04963839948177338]}, "median_ms": {"baseline": 0.05752319991588592, "candidate": 0.04965119957923889}, "baseline_over_candidate": 1.1585460251385067}
{"case": {"B": 2, "SEQ_LEN": 4096, "H": 1, "HQ": 16, "D": 64, "S": 1, "block_size": 16, "is_causal": true}, "candidate": "baseline", "phase": "compile_correctness"}
{"case": {"B": 2, "SEQ_LEN": 4096, "H": 1, "HQ": 16, "D": 64, "S": 1, "block_size": 16, "is_causal": true}, "candidate": "candidate", "phase": "compile_correctness"}
2026-09-07 10:44:03  [TileLang:tilelang.cache.kernel_cache:WARNING] (kernel_cache.py:342): Found kernel 'kernel' in memory cache. For better performance, consider using `@tilelang.jit` instead of direct kernel caching.
{"case": {"B": 2, "SEQ_LEN": 4096, "H": 1, "HQ": 16, "D": 64, "S": 1, "block_size": 16, "is_causal": true}, "seed": 374, "status": "PASS", "call_event_ms": {"baseline": [0.05022720098495483, 0.05015040040016174, 0.04989440143108368, 0.05050879716873169], "candidate": [0.050969600677490234, 0.05076479911804199, 0.05050879716873169, 0.04991999864578247]}, "median_ms": {"baseline": 0.05018880069255829, "candidate": 0.05063679814338684}, "baseline_over_candidate": 0.9911527294920984}
{"case": {"B": 4, "SEQ_LEN": 4096, "H": 1, "HQ": 16, "D": 64, "S": 1, "block_size": 16, "is_causal": true}, "candidate": "baseline", "phase": "compile_correctness"}
{"case": {"B": 4, "SEQ_LEN": 4096, "H": 1, "HQ": 16, "D": 64, "S": 1, "block_size": 16, "is_causal": true}, "candidate": "candidate", "phase": "compile_correctness"}
2026-09-07 10:44:04  [TileLang:tilelang.cache.kernel_cache:WARNING] (kernel_cache.py:342): Found kernel 'kernel' in memory cache. For better performance, consider using `@tilelang.jit` instead of direct kernel caching.
{"case": {"B": 4, "SEQ_LEN": 4096, "H": 1, "HQ": 16, "D": 64, "S": 1, "block_size": 16, "is_causal": true}, "seed": 374, "status": "PASS", "call_event_ms": {"baseline": [0.08977919816970825, 0.08957440257072449, 0.09047039747238159, 0.08967679738998413], "candidate": [0.08878080248832702, 0.08847360014915466, 0.088755202293396, 0.08906239867210389]}, "median_ms": {"baseline": 0.08972799777984619, "candidate": 0.08876800239086151}, "baseline_over_candidate": 1.010814655767037}
{"case": {"B": 8, "SEQ_LEN": 4096, "H": 1, "HQ": 16, "D": 64, "S": 1, "block_size": 16, "is_causal": true}, "candidate": "baseline", "phase": "compile_correctness"}
{"case": {"B": 8, "SEQ_LEN": 4096, "H": 1, "HQ": 16, "D": 64, "S": 1, "block_size": 16, "is_causal": true}, "candidate": "candidate", "phase": "compile_correctness"}
2026-09-07 10:44:04  [TileLang:tilelang.cache.kernel_cache:WARNING] (kernel_cache.py:342): Found kernel 'kernel' in memory cache. For better performance, consider using `@tilelang.jit` instead of direct kernel caching.
{"case": {"B": 8, "SEQ_LEN": 4096, "H": 1, "HQ": 16, "D": 64, "S": 1, "block_size": 16, "is_causal": true}, "seed": 374, "status": "PASS", "call_event_ms": {"baseline": [0.16885759830474853, 0.16814080476760865, 0.16755199432373047, 0.1677567958831787], "candidate": [0.16939519643783568, 0.1694208025932312, 0.16855039596557617, 0.16798720359802247]}, "median_ms": {"baseline": 0.16794880032539367, "candidate": 0.1689727962017059}, "baseline_over_candidate": 0.9939398773096595}
{"case": {"B": 1, "SEQ_LEN": 8192, "H": 1, "HQ": 16, "D": 64, "S": 1, "block_size": 16, "is_causal": true}, "candidate": "baseline", "phase": "compile_correctness"}
{"case": {"B": 1, "SEQ_LEN": 8192, "H": 1, "HQ": 16, "D": 64, "S": 1, "block_size": 16, "is_causal": true}, "candidate": "candidate", "phase": "compile_correctness"}
2026-09-07 10:44:05  [TileLang:tilelang.cache.kernel_cache:WARNING] (kernel_cache.py:342): Found kernel 'kernel' in memory cache. For better performance, consider using `@tilelang.jit` instead of direct kernel caching.
{"case": {"B": 1, "SEQ_LEN": 8192, "H": 1, "HQ": 16, "D": 64, "S": 1, "block_size": 16, "is_causal": true}, "seed": 374, "status": "PASS", "call_event_ms": {"baseline": [0.05002239942550659, 0.05022720098495483, 0.04963839948177338, 0.05007359981536865], "candidate": [0.04981760084629059, 0.050432002544403075, 0.05007359981536865, 0.04999679923057556]}, "median_ms": {"baseline": 0.05004799962043762, "candidate": 0.050035199522972106}, "baseline_over_candidate": 1.0002558218531663}
{"case": {"B": 1, "SEQ_LEN": 8192, "H": 1, "HQ": 16, "D": 128, "S": 1, "block_size": 16, "is_causal": true}, "candidate": "baseline", "phase": "compile_correctness"}
{"case": {"B": 1, "SEQ_LEN": 8192, "H": 1, "HQ": 16, "D": 128, "S": 1, "block_size": 16, "is_causal": true}, "candidate": "candidate", "phase": "compile_correctness"}
{"case": {"B": 1, "SEQ_LEN": 8192, "H": 1, "HQ": 16, "D": 128, "S": 1, "block_size": 16, "is_causal": true}, "seed": 374, "status": "PASS", "call_event_ms": {"baseline": [0.10373120307922364, 0.10311679840087891, 0.10362880229949951, 0.10383360385894776], "candidate": [0.09303039908409119, 0.09305599927902222, 0.09431040287017822, 0.09323520064353943]}, "median_ms": {"baseline": 0.10368000268936158, "candidate": 0.09314559996128083}, "baseline_over_candidate": 1.1130960854024208}
{"case": {"B": 2, "SEQ_LEN": 8192, "H": 1, "HQ": 16, "D": 64, "S": 1, "block_size": 16, "is_causal": true}, "candidate": "baseline", "phase": "compile_correctness"}
{"case": {"B": 2, "SEQ_LEN": 8192, "H": 1, "HQ": 16, "D": 64, "S": 1, "block_size": 16, "is_causal": true}, "candidate": "candidate", "phase": "compile_correctness"}
2026-09-07 10:44:06  [TileLang:tilelang.cache.kernel_cache:WARNING] (kernel_cache.py:342): Found kernel 'kernel' in memory cache. For better performance, consider using `@tilelang.jit` instead of direct kernel caching.
{"case": {"B": 2, "SEQ_LEN": 8192, "H": 1, "HQ": 16, "D": 64, "S": 1, "block_size": 16, "is_causal": true}, "seed": 374, "status": "PASS", "call_event_ms": {"baseline": [0.08980479836463928, 0.0899839997291565, 0.08977919816970825, 0.08888319730758668], "candidate": [0.08977919816970825, 0.09047039747238159, 0.08995839953422546, 0.0899839997291565]}, "median_ms": {"baseline": 0.08979199826717377, "candidate": 0.08997119963169098}, "baseline_over_candidate": 0.9980082363550692}
{"case": {"B": 4, "SEQ_LEN": 8192, "H": 1, "HQ": 16, "D": 32, "S": 1, "block_size": 16, "is_causal": true}, "candidate": "baseline", "phase": "compile_correctness"}
{"case": {"B": 4, "SEQ_LEN": 8192, "H": 1, "HQ": 16, "D": 32, "S": 1, "block_size": 16, "is_causal": true}, "candidate": "candidate", "phase": "compile_correctness"}
{"case": {"B": 4, "SEQ_LEN": 8192, "H": 1, "HQ": 16, "D": 32, "S": 1, "block_size": 16, "is_causal": true}, "seed": 374, "status": "PASS", "call_event_ms": {"baseline": [0.07523840069770812, 0.07616000175476074, 0.07482879757881164, 0.07475200295448303], "candidate": [0.0711679995059967, 0.07098879814147949, 0.07080960273742676, 0.0709119975566864]}, "median_ms": {"baseline": 0.07503359913825988, "candidate": 0.07095039784908294}, "baseline_over_candidate": 1.0575500830574935}
{"case": {"B": 1, "SEQ_LEN": 16384, "H": 1, "HQ": 16, "D": 32, "S": 1, "block_size": 16, "is_causal": true}, "candidate": "baseline", "phase": "compile_correctness"}
{"case": {"B": 1, "SEQ_LEN": 16384, "H": 1, "HQ": 16, "D": 32, "S": 1, "block_size": 16, "is_causal": true}, "candidate": "candidate", "phase": "compile_correctness"}
{"case": {"B": 1, "SEQ_LEN": 16384, "H": 1, "HQ": 16, "D": 32, "S": 1, "block_size": 16, "is_causal": true}, "seed": 374, "status": "PASS", "call_event_ms": {"baseline": [0.04226559996604919, 0.04157440066337585, 0.043136000633239746, 0.04147199988365173], "candidate": [0.039628800749778745, 0.039526399970054624, 0.039577600359916684, 0.03939839899539947]}, "median_ms": {"baseline": 0.04192000031471252, "candidate": 0.039552000164985654}, "baseline_over_candidate": 1.0598705536976407}
{"case": {"B": 1, "SEQ_LEN": 16384, "H": 1, "HQ": 16, "D": 64, "S": 1, "block_size": 16, "is_causal": true}, "candidate": "baseline", "phase": "compile_correctness"}
{"case": {"B": 1, "SEQ_LEN": 16384, "H": 1, "HQ": 16, "D": 64, "S": 1, "block_size": 16, "is_causal": true}, "candidate": "candidate", "phase": "compile_correctness"}
2026-09-07 10:44:08  [TileLang:tilelang.cache.kernel_cache:WARNING] (kernel_cache.py:342): Found kernel 'kernel' in memory cache. For better performance, consider using `@tilelang.jit` instead of direct kernel caching.
{"case": {"B": 1, "SEQ_LEN": 16384, "H": 1, "HQ": 16, "D": 64, "S": 1, "block_size": 16, "is_causal": true}, "seed": 374, "status": "PASS", "call_event_ms": {"baseline": [0.09251840114593506, 0.09269760251045227, 0.091212797164917, 0.09282559752464295], "candidate": [0.09128959774971009, 0.09059839844703674, 0.09054719805717468, 0.09047039747238159]}, "median_ms": {"baseline": 0.09260800182819366, "candidate": 0.09057279825210571}, "baseline_over_candidate": 1.0224703621326023}
{"case": {"B": 2, "SEQ_LEN": 16384, "H": 1, "HQ": 16, "D": 32, "S": 1, "block_size": 16, "is_causal": true}, "candidate": "baseline", "phase": "compile_correctness"}
{"case": {"B": 2, "SEQ_LEN": 16384, "H": 1, "HQ": 16, "D": 32, "S": 1, "block_size": 16, "is_causal": true}, "candidate": "candidate", "phase": "compile_correctness"}
{"case": {"B": 2, "SEQ_LEN": 16384, "H": 1, "HQ": 16, "D": 32, "S": 1, "block_size": 16, "is_causal": true}, "seed": 374, "status": "PASS", "call_event_ms": {"baseline": [0.07554559707641602, 0.07697920203208923, 0.075135999917984, 0.07480319738388061], "candidate": [0.07188479900360108, 0.07229440212249756, 0.07144960165023803, 0.07147520184516906]}, "median_ms": {"baseline": 0.07534079849720002, "candidate": 0.07168000042438508}, "baseline_over_candidate": 1.0510714013831055}
