Loading tilelang libs from dev root: /opt/tilelang-metax-v0.1.10/build
{"case": {"B": 1, "SEQ_LEN": 64, "H": 1, "HQ": 16, "D": 32, "S": 1, "block_size": 16, "is_causal": true}, "candidate": "baseline", "phase": "compile_correctness"}
{"case": {"B": 1, "SEQ_LEN": 64, "H": 1, "HQ": 16, "D": 32, "S": 1, "block_size": 16, "is_causal": true}, "candidate": "candidate", "phase": "compile_correctness"}
2026-09-07 10:23:31  [TileLang:tilelang.cache.kernel_cache:WARNING] (kernel_cache.py:342): Found kernel 'kernel' in memory cache. For better performance, consider using `@tilelang.jit` instead of direct kernel caching.
{"case": {"B": 1, "SEQ_LEN": 64, "H": 1, "HQ": 16, "D": 32, "S": 1, "block_size": 16, "is_causal": true}, "seed": 363, "status": "PASS", "call_event_ms": {"baseline": [0.014643199741840363, 0.011801599711179733, 0.011801599711179733, 0.011750400066375732], "candidate": [0.012697599828243256, 0.012083200365304947, 0.012057600170373916, 0.011648000031709672]}, "median_ms": {"baseline": 0.011801599711179733, "candidate": 0.012070400267839431}, "baseline_over_candidate": 0.9777306012480882}
{"case": {"B": 1, "SEQ_LEN": 64, "H": 1, "HQ": 16, "D": 64, "S": 1, "block_size": 16, "is_causal": true}, "candidate": "baseline", "phase": "compile_correctness"}
{"case": {"B": 1, "SEQ_LEN": 64, "H": 1, "HQ": 16, "D": 64, "S": 1, "block_size": 16, "is_causal": true}, "candidate": "candidate", "phase": "compile_correctness"}
2026-09-07 10:23:31  [TileLang:tilelang.cache.kernel_cache:WARNING] (kernel_cache.py:342): Found kernel 'kernel' in memory cache. For better performance, consider using `@tilelang.jit` instead of direct kernel caching.
{"case": {"B": 1, "SEQ_LEN": 64, "H": 1, "HQ": 16, "D": 64, "S": 1, "block_size": 16, "is_causal": true}, "seed": 363, "status": "PASS", "call_event_ms": {"baseline": [0.013132800161838532, 0.011852800101041793, 0.011648000031709672, 0.013465599715709686], "candidate": [0.01226240023970604, 0.012006399780511856, 0.01443839967250824, 0.011519999802112579]}, "median_ms": {"baseline": 0.012492800131440163, "candidate": 0.012134400010108948}, "baseline_over_candidate": 1.0295358749532435}
{"case": {"B": 1, "SEQ_LEN": 64, "H": 1, "HQ": 16, "D": 128, "S": 1, "block_size": 16, "is_causal": true}, "candidate": "baseline", "phase": "compile_correctness"}
{"case": {"B": 1, "SEQ_LEN": 64, "H": 1, "HQ": 16, "D": 128, "S": 1, "block_size": 16, "is_causal": true}, "candidate": "candidate", "phase": "compile_correctness"}
{"case": {"B": 1, "SEQ_LEN": 64, "H": 1, "HQ": 16, "D": 128, "S": 1, "block_size": 16, "is_causal": true}, "seed": 363, "status": "PASS", "call_event_ms": {"baseline": [0.011827199906110763, 0.011392000317573547, 0.011315199732780456, 0.011315199732780456], "candidate": [0.010675200074911118, 0.010572800040245056, 0.010572800040245056, 0.010700800269842149]}, "median_ms": {"baseline": 0.011353600025177001, "candidate": 0.010624000057578086}, "baseline_over_candidate": 1.0686746953731887}
{"case": {"B": 1, "SEQ_LEN": 128, "H": 1, "HQ": 16, "D": 32, "S": 1, "block_size": 16, "is_causal": true}, "candidate": "baseline", "phase": "compile_correctness"}
{"case": {"B": 1, "SEQ_LEN": 128, "H": 1, "HQ": 16, "D": 32, "S": 1, "block_size": 16, "is_causal": true}, "candidate": "candidate", "phase": "compile_correctness"}
2026-09-07 10:23:31  [TileLang:tilelang.cache.kernel_cache:WARNING] (kernel_cache.py:342): Found kernel 'kernel' in memory cache. For better performance, consider using `@tilelang.jit` instead of direct kernel caching.
{"case": {"B": 1, "SEQ_LEN": 128, "H": 1, "HQ": 16, "D": 32, "S": 1, "block_size": 16, "is_causal": true}, "seed": 363, "status": "PASS", "call_event_ms": {"baseline": [0.011519999802112579, 0.010572800040245056, 0.010726399719715118, 0.010675200074911118], "candidate": [0.010956799983978272, 0.010649599879980088, 0.010828799754381179, 0.010956799983978272]}, "median_ms": {"baseline": 0.010700799897313118, "candidate": 0.010892799869179726}, "baseline_over_candidate": 0.9823736803969146}
{"case": {"B": 1, "SEQ_LEN": 128, "H": 1, "HQ": 16, "D": 64, "S": 1, "block_size": 16, "is_causal": true}, "candidate": "baseline", "phase": "compile_correctness"}
{"case": {"B": 1, "SEQ_LEN": 128, "H": 1, "HQ": 16, "D": 64, "S": 1, "block_size": 16, "is_causal": true}, "candidate": "candidate", "phase": "compile_correctness"}
2026-09-07 10:23:32  [TileLang:tilelang.cache.kernel_cache:WARNING] (kernel_cache.py:342): Found kernel 'kernel' in memory cache. For better performance, consider using `@tilelang.jit` instead of direct kernel caching.
{"case": {"B": 1, "SEQ_LEN": 128, "H": 1, "HQ": 16, "D": 64, "S": 1, "block_size": 16, "is_causal": true}, "seed": 363, "status": "PASS", "call_event_ms": {"baseline": [0.01085439994931221, 0.010521599650382995, 0.010675200074911118, 0.010496000200510025], "candidate": [0.010598400235176086, 0.010470400005578995, 0.010623999685049058, 0.012108799815177918]}, "median_ms": {"baseline": 0.010598399862647056, "candidate": 0.010611199960112571}, "baseline_over_candidate": 0.9987937181926991}
{"case": {"B": 1, "SEQ_LEN": 128, "H": 1, "HQ": 16, "D": 128, "S": 1, "block_size": 16, "is_causal": true}, "candidate": "baseline", "phase": "compile_correctness"}
{"case": {"B": 1, "SEQ_LEN": 128, "H": 1, "HQ": 16, "D": 128, "S": 1, "block_size": 16, "is_causal": true}, "candidate": "candidate", "phase": "compile_correctness"}
{"case": {"B": 1, "SEQ_LEN": 128, "H": 1, "HQ": 16, "D": 128, "S": 1, "block_size": 16, "is_causal": true}, "seed": 363, "status": "PASS", "call_event_ms": {"baseline": [0.013644799590110779, 0.011724799871444702, 0.01154559999704361, 0.011648000031709672], "candidate": [0.012057600170373916, 0.011622399836778641, 0.011699199676513672, 0.011724799871444702]}, "median_ms": {"baseline": 0.011686399951577187, "candidate": 0.011711999773979187}, "baseline_over_candidate": 0.9978142227718553}
{"case": {"B": 1, "SEQ_LEN": 256, "H": 1, "HQ": 16, "D": 32, "S": 1, "block_size": 16, "is_causal": true}, "candidate": "baseline", "phase": "compile_correctness"}
{"case": {"B": 1, "SEQ_LEN": 256, "H": 1, "HQ": 16, "D": 32, "S": 1, "block_size": 16, "is_causal": true}, "candidate": "candidate", "phase": "compile_correctness"}
2026-09-07 10:23:32  [TileLang:tilelang.cache.kernel_cache:WARNING] (kernel_cache.py:342): Found kernel 'kernel' in memory cache. For better performance, consider using `@tilelang.jit` instead of direct kernel caching.
{"case": {"B": 1, "SEQ_LEN": 256, "H": 1, "HQ": 16, "D": 32, "S": 1, "block_size": 16, "is_causal": true}, "seed": 363, "status": "PASS", "call_event_ms": {"baseline": [0.013158400356769562, 0.011750400066375732, 0.011673600226640702, 0.011596799641847611], "candidate": [0.012108799815177918, 0.011827199906110763, 0.012774400413036346, 0.011699199676513672]}, "median_ms": {"baseline": 0.011712000146508217, "candidate": 0.01196799986064434}, "baseline_over_candidate": 0.9786096493050643}
{"case": {"B": 1, "SEQ_LEN": 256, "H": 1, "HQ": 16, "D": 64, "S": 1, "block_size": 16, "is_causal": true}, "candidate": "baseline", "phase": "compile_correctness"}
{"case": {"B": 1, "SEQ_LEN": 256, "H": 1, "HQ": 16, "D": 64, "S": 1, "block_size": 16, "is_causal": true}, "candidate": "candidate", "phase": "compile_correctness"}
2026-09-07 10:23:32  [TileLang:tilelang.cache.kernel_cache:WARNING] (kernel_cache.py:342): Found kernel 'kernel' in memory cache. For better performance, consider using `@tilelang.jit` instead of direct kernel caching.
{"case": {"B": 1, "SEQ_LEN": 256, "H": 1, "HQ": 16, "D": 64, "S": 1, "block_size": 16, "is_causal": true}, "seed": 363, "status": "PASS", "call_event_ms": {"baseline": [0.01297920048236847, 0.011776000261306763, 0.012134400010108948, 0.012390399724245072], "candidate": [0.012160000205039979, 0.011776000261306763, 0.011673600226640702, 0.01157120019197464]}, "median_ms": {"baseline": 0.012262399867177011, "candidate": 0.011724800243973732}, "baseline_over_candidate": 1.0458514952934566}
{"case": {"B": 1, "SEQ_LEN": 256, "H": 1, "HQ": 16, "D": 128, "S": 1, "block_size": 16, "is_causal": true}, "candidate": "baseline", "phase": "compile_correctness"}
{"case": {"B": 1, "SEQ_LEN": 256, "H": 1, "HQ": 16, "D": 128, "S": 1, "block_size": 16, "is_causal": true}, "candidate": "candidate", "phase": "compile_correctness"}
{"case": {"B": 1, "SEQ_LEN": 256, "H": 1, "HQ": 16, "D": 128, "S": 1, "block_size": 16, "is_causal": true}, "seed": 363, "status": "PASS", "call_event_ms": {"baseline": [0.012108799815177918, 0.011622399836778641, 0.011724799871444702, 0.011494400352239609], "candidate": [0.010956799983978272, 0.010598400235176086, 0.010777600109577179, 0.010751999914646149]}, "median_ms": {"baseline": 0.011673599854111672, "candidate": 0.010764800012111664}, "baseline_over_candidate": 1.0844232908161324}
{"case": {"B": 1, "SEQ_LEN": 512, "H": 1, "HQ": 16, "D": 32, "S": 1, "block_size": 16, "is_causal": true}, "candidate": "baseline", "phase": "compile_correctness"}
{"case": {"B": 1, "SEQ_LEN": 512, "H": 1, "HQ": 16, "D": 32, "S": 1, "block_size": 16, "is_causal": true}, "candidate": "candidate", "phase": "compile_correctness"}
2026-09-07 10:23:33  [TileLang:tilelang.cache.kernel_cache:WARNING] (kernel_cache.py:342): Found kernel 'kernel' in memory cache. For better performance, consider using `@tilelang.jit` instead of direct kernel caching.
{"case": {"B": 1, "SEQ_LEN": 512, "H": 1, "HQ": 16, "D": 32, "S": 1, "block_size": 16, "is_causal": true}, "seed": 363, "status": "PASS", "call_event_ms": {"baseline": [0.011468800157308579, 0.010393600165843963, 0.010521599650382995, 0.010291200131177902], "candidate": [0.01085439994931221, 0.010598400235176086, 0.010470400005578995, 0.010470400005578995]}, "median_ms": {"baseline": 0.010457599908113478, "candidate": 0.01053440012037754}, "baseline_over_candidate": 0.9927095789616438}
{"case": {"B": 1, "SEQ_LEN": 512, "H": 1, "HQ": 16, "D": 64, "S": 1, "block_size": 16, "is_causal": true}, "candidate": "baseline", "phase": "compile_correctness"}
{"case": {"B": 1, "SEQ_LEN": 512, "H": 1, "HQ": 16, "D": 64, "S": 1, "block_size": 16, "is_causal": true}, "candidate": "candidate", "phase": "compile_correctness"}
2026-09-07 10:23:33  [TileLang:tilelang.cache.kernel_cache:WARNING] (kernel_cache.py:342): Found kernel 'kernel' in memory cache. For better performance, consider using `@tilelang.jit` instead of direct kernel caching.
{"case": {"B": 1, "SEQ_LEN": 512, "H": 1, "HQ": 16, "D": 64, "S": 1, "block_size": 16, "is_causal": true}, "seed": 363, "status": "PASS", "call_event_ms": {"baseline": [0.011443199962377549, 0.01090560033917427, 0.010470400005578995, 0.010598400235176086], "candidate": [0.01088000014424324, 0.010777600109577179, 0.010726399719715118, 0.011519999802112579]}, "median_ms": {"baseline": 0.010752000287175177, "candidate": 0.01082880012691021}, "baseline_over_candidate": 0.9929078163014404}
{"case": {"B": 1, "SEQ_LEN": 512, "H": 1, "HQ": 16, "D": 128, "S": 1, "block_size": 16, "is_causal": true}, "candidate": "baseline", "phase": "compile_correctness"}
{"case": {"B": 1, "SEQ_LEN": 512, "H": 1, "HQ": 16, "D": 128, "S": 1, "block_size": 16, "is_causal": true}, "candidate": "candidate", "phase": "compile_correctness"}
{"case": {"B": 1, "SEQ_LEN": 512, "H": 1, "HQ": 16, "D": 128, "S": 1, "block_size": 16, "is_causal": true}, "seed": 363, "status": "PASS", "call_event_ms": {"baseline": [0.01377280056476593, 0.013184000551700593, 0.013312000036239623, 0.013158400356769562], "candidate": [0.011340799927711486, 0.011264000087976456, 0.011340799927711486, 0.011264000087976456]}, "median_ms": {"baseline": 0.013248000293970108, "candidate": 0.011302400007843971}, "baseline_over_candidate": 1.172140455547129}
{"case": {"B": 1, "SEQ_LEN": 1024, "H": 1, "HQ": 16, "D": 32, "S": 1, "block_size": 16, "is_causal": true}, "candidate": "baseline", "phase": "compile_correctness"}
{"case": {"B": 1, "SEQ_LEN": 1024, "H": 1, "HQ": 16, "D": 32, "S": 1, "block_size": 16, "is_causal": true}, "candidate": "candidate", "phase": "compile_correctness"}
2026-09-07 10:23:33  [TileLang:tilelang.cache.kernel_cache:WARNING] (kernel_cache.py:342): Found kernel 'kernel' in memory cache. For better performance, consider using `@tilelang.jit` instead of direct kernel caching.
{"case": {"B": 1, "SEQ_LEN": 1024, "H": 1, "HQ": 16, "D": 32, "S": 1, "block_size": 16, "is_causal": true}, "seed": 363, "status": "PASS", "call_event_ms": {"baseline": [0.011340799927711486, 0.010470400005578995, 0.010547199845314026, 0.013260799646377563], "candidate": [0.010982400178909302, 0.010931199789047242, 0.010700800269842149, 0.010649599879980088]}, "median_ms": {"baseline": 0.010943999886512755, "candidate": 0.010816000029444696}, "baseline_over_candidate": 1.011834306279549}
{"case": {"B": 1, "SEQ_LEN": 1024, "H": 1, "HQ": 16, "D": 64, "S": 1, "block_size": 16, "is_causal": true}, "candidate": "baseline", "phase": "compile_correctness"}
{"case": {"B": 1, "SEQ_LEN": 1024, "H": 1, "HQ": 16, "D": 64, "S": 1, "block_size": 16, "is_causal": true}, "candidate": "candidate", "phase": "compile_correctness"}
2026-09-07 10:23:33  [TileLang:tilelang.cache.kernel_cache:WARNING] (kernel_cache.py:342): Found kernel 'kernel' in memory cache. For better performance, consider using `@tilelang.jit` instead of direct kernel caching.
{"case": {"B": 1, "SEQ_LEN": 1024, "H": 1, "HQ": 16, "D": 64, "S": 1, "block_size": 16, "is_causal": true}, "seed": 363, "status": "PASS", "call_event_ms": {"baseline": [0.011776000261306763, 0.010726399719715118, 0.010931199789047242, 0.011750400066375732], "candidate": [0.011135999858379365, 0.010726399719715118, 0.01088000014424324, 0.01088000014424324]}, "median_ms": {"baseline": 0.011340799927711486, "candidate": 0.01088000014424324}, "baseline_over_candidate": 1.0423529207131548}
{"case": {"B": 1, "SEQ_LEN": 1024, "H": 1, "HQ": 16, "D": 128, "S": 1, "block_size": 16, "is_causal": true}, "candidate": "baseline", "phase": "compile_correctness"}
{"case": {"B": 1, "SEQ_LEN": 1024, "H": 1, "HQ": 16, "D": 128, "S": 1, "block_size": 16, "is_causal": true}, "candidate": "candidate", "phase": "compile_correctness"}
{"case": {"B": 1, "SEQ_LEN": 1024, "H": 1, "HQ": 16, "D": 128, "S": 1, "block_size": 16, "is_causal": true}, "seed": 363, "status": "PASS", "call_event_ms": {"baseline": [0.01971199959516525, 0.018662400543689728, 0.018611200153827667, 0.019276799261569978], "candidate": [0.015615999698638916, 0.015462400019168853, 0.015334400534629821, 0.015744000673294067]}, "median_ms": {"baseline": 0.018969599902629853, "candidate": 0.015539199858903886}, "baseline_over_candidate": 1.2207578301890727}
{"case": {"B": 2, "SEQ_LEN": 64, "H": 1, "HQ": 16, "D": 64, "S": 1, "block_size": 16, "is_causal": true}, "candidate": "baseline", "phase": "compile_correctness"}
{"case": {"B": 2, "SEQ_LEN": 64, "H": 1, "HQ": 16, "D": 64, "S": 1, "block_size": 16, "is_causal": true}, "candidate": "candidate", "phase": "compile_correctness"}
2026-09-07 10:23:34  [TileLang:tilelang.cache.kernel_cache:WARNING] (kernel_cache.py:342): Found kernel 'kernel' in memory cache. For better performance, consider using `@tilelang.jit` instead of direct kernel caching.
{"case": {"B": 2, "SEQ_LEN": 64, "H": 1, "HQ": 16, "D": 64, "S": 1, "block_size": 16, "is_causal": true}, "seed": 363, "status": "PASS", "call_event_ms": {"baseline": [0.011519999802112579, 0.010828799754381179, 0.011289600282907486, 0.010649599879980088], "candidate": [0.010956799983978272, 0.010419200360774993, 0.010316800326108932, 0.010572800040245056]}, "median_ms": {"baseline": 0.011059200018644333, "candidate": 0.010496000200510024}, "baseline_over_candidate": 1.053658518233159}
{"case": {"B": 2, "SEQ_LEN": 64, "H": 1, "HQ": 16, "D": 128, "S": 1, "block_size": 16, "is_causal": true}, "candidate": "baseline", "phase": "compile_correctness"}
{"case": {"B": 2, "SEQ_LEN": 64, "H": 1, "HQ": 16, "D": 128, "S": 1, "block_size": 16, "is_causal": true}, "candidate": "candidate", "phase": "compile_correctness"}
{"case": {"B": 2, "SEQ_LEN": 64, "H": 1, "HQ": 16, "D": 128, "S": 1, "block_size": 16, "is_causal": true}, "seed": 363, "status": "PASS", "call_event_ms": {"baseline": [0.012108799815177918, 0.011494400352239609, 0.011417599767446518, 0.011392000317573547], "candidate": [0.010931199789047242, 0.010649599879980088, 0.010598400235176086, 0.010572800040245056]}, "median_ms": {"baseline": 0.011456000059843064, "candidate": 0.010624000057578086}, "baseline_over_candidate": 1.0783132528008141}
{"case": {"B": 2, "SEQ_LEN": 128, "H": 1, "HQ": 16, "D": 32, "S": 1, "block_size": 16, "is_causal": true}, "candidate": "baseline", "phase": "compile_correctness"}
{"case": {"B": 2, "SEQ_LEN": 128, "H": 1, "HQ": 16, "D": 32, "S": 1, "block_size": 16, "is_causal": true}, "candidate": "candidate", "phase": "compile_correctness"}
2026-09-07 10:23:34  [TileLang:tilelang.cache.kernel_cache:WARNING] (kernel_cache.py:342): Found kernel 'kernel' in memory cache. For better performance, consider using `@tilelang.jit` instead of direct kernel caching.
{"case": {"B": 2, "SEQ_LEN": 128, "H": 1, "HQ": 16, "D": 32, "S": 1, "block_size": 16, "is_causal": true}, "seed": 363, "status": "PASS", "call_event_ms": {"baseline": [0.011161600053310395, 0.010521599650382995, 0.010342399775981902, 0.010470400005578995], "candidate": [0.010982400178909302, 0.010496000200510025, 0.010496000200510025, 0.010419200360774993]}, "median_ms": {"baseline": 0.010495999827980995, "candidate": 0.010496000200510025}, "baseline_over_candidate": 0.9999999645075245}
{"case": {"B": 2, "SEQ_LEN": 128, "H": 1, "HQ": 16, "D": 64, "S": 1, "block_size": 16, "is_causal": true}, "candidate": "baseline", "phase": "compile_correctness"}
{"case": {"B": 2, "SEQ_LEN": 128, "H": 1, "HQ": 16, "D": 64, "S": 1, "block_size": 16, "is_causal": true}, "candidate": "candidate", "phase": "compile_correctness"}
2026-09-07 10:23:34  [TileLang:tilelang.cache.kernel_cache:WARNING] (kernel_cache.py:342): Found kernel 'kernel' in memory cache. For better performance, consider using `@tilelang.jit` instead of direct kernel caching.
{"case": {"B": 2, "SEQ_LEN": 128, "H": 1, "HQ": 16, "D": 64, "S": 1, "block_size": 16, "is_causal": true}, "seed": 363, "status": "PASS", "call_event_ms": {"baseline": [0.011289600282907486, 0.010470400005578995, 0.010291200131177902, 0.010291200131177902], "candidate": [0.010828799754381179, 0.010342399775981902, 0.010547199845314026, 0.010470400005578995]}, "median_ms": {"baseline": 0.010380800068378448, "candidate": 0.01050879992544651}, "baseline_over_candidate": 0.9878197455488598}
{"case": {"B": 2, "SEQ_LEN": 128, "H": 1, "HQ": 16, "D": 128, "S": 1, "block_size": 16, "is_causal": true}, "candidate": "baseline", "phase": "compile_correctness"}
{"case": {"B": 2, "SEQ_LEN": 128, "H": 1, "HQ": 16, "D": 128, "S": 1, "block_size": 16, "is_causal": true}, "candidate": "candidate", "phase": "compile_correctness"}
{"case": {"B": 2, "SEQ_LEN": 128, "H": 1, "HQ": 16, "D": 128, "S": 1, "block_size": 16, "is_causal": true}, "seed": 363, "status": "PASS", "call_event_ms": {"baseline": [0.012467200309038163, 0.011724799871444702, 0.011648000031709672, 0.011673600226640702], "candidate": [0.011084800213575363, 0.010547199845314026, 0.010470400005578995, 0.010393600165843963]}, "median_ms": {"baseline": 0.011699200049042702, "candidate": 0.01050879992544651}, "baseline_over_candidate": 1.113276504647662}
{"case": {"B": 2, "SEQ_LEN": 256, "H": 1, "HQ": 16, "D": 32, "S": 1, "block_size": 16, "is_causal": true}, "candidate": "baseline", "phase": "compile_correctness"}
{"case": {"B": 2, "SEQ_LEN": 256, "H": 1, "HQ": 16, "D": 32, "S": 1, "block_size": 16, "is_causal": true}, "candidate": "candidate", "phase": "compile_correctness"}
2026-09-07 10:23:35  [TileLang:tilelang.cache.kernel_cache:WARNING] (kernel_cache.py:342): Found kernel 'kernel' in memory cache. For better performance, consider using `@tilelang.jit` instead of direct kernel caching.
{"case": {"B": 2, "SEQ_LEN": 256, "H": 1, "HQ": 16, "D": 32, "S": 1, "block_size": 16, "is_causal": true}, "seed": 363, "status": "PASS", "call_event_ms": {"baseline": [0.011289600282907486, 0.010547199845314026, 0.010444799810647965, 0.010393600165843963], "candidate": [0.01080320030450821, 0.010444799810647965, 0.010393600165843963, 0.010496000200510025]}, "median_ms": {"baseline": 0.010495999827980995, "candidate": 0.010470400005578995}, "baseline_over_candidate": 1.0024449708118466}
{"case": {"B": 2, "SEQ_LEN": 256, "H": 1, "HQ": 16, "D": 64, "S": 1, "block_size": 16, "is_causal": true}, "candidate": "baseline", "phase": "compile_correctness"}
{"case": {"B": 2, "SEQ_LEN": 256, "H": 1, "HQ": 16, "D": 64, "S": 1, "block_size": 16, "is_causal": true}, "candidate": "candidate", "phase": "compile_correctness"}
2026-09-07 10:23:35  [TileLang:tilelang.cache.kernel_cache:WARNING] (kernel_cache.py:342): Found kernel 'kernel' in memory cache. For better performance, consider using `@tilelang.jit` instead of direct kernel caching.
{"case": {"B": 2, "SEQ_LEN": 256, "H": 1, "HQ": 16, "D": 64, "S": 1, "block_size": 16, "is_causal": true}, "seed": 363, "status": "PASS", "call_event_ms": {"baseline": [0.011289600282907486, 0.010598400235176086, 0.010444799810647965, 0.010496000200510025], "candidate": [0.010828799754381179, 0.010444799810647965, 0.010572800040245056, 0.010598400235176086]}, "median_ms": {"baseline": 0.010547200217843056, "candidate": 0.010585600137710571}, "baseline_over_candidate": 0.9963724380887279}
{"case": {"B": 2, "SEQ_LEN": 256, "H": 1, "HQ": 16, "D": 128, "S": 1, "block_size": 16, "is_causal": true}, "candidate": "baseline", "phase": "compile_correctness"}
{"case": {"B": 2, "SEQ_LEN": 256, "H": 1, "HQ": 16, "D": 128, "S": 1, "block_size": 16, "is_causal": true}, "candidate": "candidate", "phase": "compile_correctness"}
{"case": {"B": 2, "SEQ_LEN": 256, "H": 1, "HQ": 16, "D": 128, "S": 1, "block_size": 16, "is_causal": true}, "seed": 363, "status": "PASS", "call_event_ms": {"baseline": [0.013849599659442902, 0.013209599256515502, 0.013337600231170654, 0.013107199966907502], "candidate": [0.011264000087976456, 0.010982400178909302, 0.010982400178909302, 0.010956799983978272]}, "median_ms": {"baseline": 0.013273599743843078, "candidate": 0.010982400178909302}, "baseline_over_candidate": 1.20862466561124}
{"case": {"B": 2, "SEQ_LEN": 512, "H": 1, "HQ": 16, "D": 32, "S": 1, "block_size": 16, "is_causal": true}, "candidate": "baseline", "phase": "compile_correctness"}
{"case": {"B": 2, "SEQ_LEN": 512, "H": 1, "HQ": 16, "D": 32, "S": 1, "block_size": 16, "is_causal": true}, "candidate": "candidate", "phase": "compile_correctness"}
2026-09-07 10:23:36  [TileLang:tilelang.cache.kernel_cache:WARNING] (kernel_cache.py:342): Found kernel 'kernel' in memory cache. For better performance, consider using `@tilelang.jit` instead of direct kernel caching.
{"case": {"B": 2, "SEQ_LEN": 512, "H": 1, "HQ": 16, "D": 32, "S": 1, "block_size": 16, "is_causal": true}, "seed": 363, "status": "PASS", "call_event_ms": {"baseline": [0.011340799927711486, 0.010649599879980088, 0.010547199845314026, 0.010470400005578995], "candidate": [0.010649599879980088, 0.010623999685049058, 0.010572800040245056, 0.012134400010108948]}, "median_ms": {"baseline": 0.010598399862647056, "candidate": 0.010636799782514573}, "baseline_over_candidate": 0.996389899156451}
{"case": {"B": 2, "SEQ_LEN": 512, "H": 1, "HQ": 16, "D": 64, "S": 1, "block_size": 16, "is_causal": true}, "candidate": "baseline", "phase": "compile_correctness"}
{"case": {"B": 2, "SEQ_LEN": 512, "H": 1, "HQ": 16, "D": 64, "S": 1, "block_size": 16, "is_causal": true}, "candidate": "candidate", "phase": "compile_correctness"}
2026-09-07 10:23:36  [TileLang:tilelang.cache.kernel_cache:WARNING] (kernel_cache.py:342): Found kernel 'kernel' in memory cache. For better performance, consider using `@tilelang.jit` instead of direct kernel caching.
{"case": {"B": 2, "SEQ_LEN": 512, "H": 1, "HQ": 16, "D": 64, "S": 1, "block_size": 16, "is_causal": true}, "seed": 363, "status": "PASS", "call_event_ms": {"baseline": [0.011776000261306763, 0.010751999914646149, 0.010751999914646149, 0.010777600109577179], "candidate": [0.011161600053310395, 0.010700800269842149, 0.010777600109577179, 0.010726399719715118]}, "median_ms": {"baseline": 0.010764800012111664, "candidate": 0.010751999914646149}, "baseline_over_candidate": 1.0011904852648}
{"case": {"B": 2, "SEQ_LEN": 512, "H": 1, "HQ": 16, "D": 128, "S": 1, "block_size": 16, "is_causal": true}, "candidate": "baseline", "phase": "compile_correctness"}
{"case": {"B": 2, "SEQ_LEN": 512, "H": 1, "HQ": 16, "D": 128, "S": 1, "block_size": 16, "is_causal": true}, "candidate": "candidate", "phase": "compile_correctness"}
{"case": {"B": 2, "SEQ_LEN": 512, "H": 1, "HQ": 16, "D": 128, "S": 1, "block_size": 16, "is_causal": true}, "seed": 363, "status": "PASS", "call_event_ms": {"baseline": [0.01940480023622513, 0.01884160041809082, 0.018688000738620758, 0.018483200669288637], "candidate": [0.015769599378108977, 0.01528320014476776, 0.015334400534629821, 0.015488000214099884]}, "median_ms": {"baseline": 0.01876480057835579, "candidate": 0.015411200374364852}, "baseline_over_candidate": 1.2176079813723888}
{"case": {"B": 2, "SEQ_LEN": 1024, "H": 1, "HQ": 16, "D": 32, "S": 1, "block_size": 16, "is_causal": true}, "candidate": "baseline", "phase": "compile_correctness"}
{"case": {"B": 2, "SEQ_LEN": 1024, "H": 1, "HQ": 16, "D": 32, "S": 1, "block_size": 16, "is_causal": true}, "candidate": "candidate", "phase": "compile_correctness"}
2026-09-07 10:23:36  [TileLang:tilelang.cache.kernel_cache:WARNING] (kernel_cache.py:342): Found kernel 'kernel' in memory cache. For better performance, consider using `@tilelang.jit` instead of direct kernel caching.
{"case": {"B": 2, "SEQ_LEN": 1024, "H": 1, "HQ": 16, "D": 32, "S": 1, "block_size": 16, "is_causal": true}, "seed": 363, "status": "PASS", "call_event_ms": {"baseline": [0.01157120019197464, 0.010572800040245056, 0.010598400235176086, 0.010342399775981902], "candidate": [0.010828799754381179, 0.010675200074911118, 0.010623999685049058, 0.010496000200510025]}, "median_ms": {"baseline": 0.010585600137710571, "candidate": 0.010649599879980088}, "baseline_over_candidate": 0.9939904087486114}
{"case": {"B": 2, "SEQ_LEN": 1024, "H": 1, "HQ": 16, "D": 64, "S": 1, "block_size": 16, "is_causal": true}, "candidate": "baseline", "phase": "compile_correctness"}
{"case": {"B": 2, "SEQ_LEN": 1024, "H": 1, "HQ": 16, "D": 64, "S": 1, "block_size": 16, "is_causal": true}, "candidate": "candidate", "phase": "compile_correctness"}
2026-09-07 10:23:36  [TileLang:tilelang.cache.kernel_cache:WARNING] (kernel_cache.py:342): Found kernel 'kernel' in memory cache. For better performance, consider using `@tilelang.jit` instead of direct kernel caching.
{"case": {"B": 2, "SEQ_LEN": 1024, "H": 1, "HQ": 16, "D": 64, "S": 1, "block_size": 16, "is_causal": true}, "seed": 363, "status": "PASS", "call_event_ms": {"baseline": [0.01794559955596924, 0.017817600071430205, 0.0179967999458313, 0.017715199291706084], "candidate": [0.018303999304771425, 0.01807360053062439, 0.01812479943037033, 0.01804800033569336]}, "median_ms": {"baseline": 0.017881599813699724, "candidate": 0.01809919998049736}, "baseline_over_candidate": 0.9879773599367867}
{"case": {"B": 2, "SEQ_LEN": 1024, "H": 1, "HQ": 16, "D": 128, "S": 1, "block_size": 16, "is_causal": true}, "candidate": "baseline", "phase": "compile_correctness"}
{"case": {"B": 2, "SEQ_LEN": 1024, "H": 1, "HQ": 16, "D": 128, "S": 1, "block_size": 16, "is_causal": true}, "candidate": "candidate", "phase": "compile_correctness"}
{"case": {"B": 2, "SEQ_LEN": 1024, "H": 1, "HQ": 16, "D": 128, "S": 1, "block_size": 16, "is_causal": true}, "seed": 363, "status": "PASS", "call_event_ms": {"baseline": [0.03573760092258453, 0.035020801424980166, 0.034995201230049136, 0.03530240058898926], "candidate": [0.028620800375938414, 0.028492799401283263, 0.02818560004234314, 0.028415998816490172]}, "median_ms": {"baseline": 0.03516160100698471, "candidate": 0.028454399108886717}, "baseline_over_candidate": 1.2357175729640777}
{"case": {"B": 4, "SEQ_LEN": 64, "H": 1, "HQ": 16, "D": 32, "S": 1, "block_size": 16, "is_causal": true}, "candidate": "baseline", "phase": "compile_correctness"}
{"case": {"B": 4, "SEQ_LEN": 64, "H": 1, "HQ": 16, "D": 32, "S": 1, "block_size": 16, "is_causal": true}, "candidate": "candidate", "phase": "compile_correctness"}
2026-09-07 10:23:37  [TileLang:tilelang.cache.kernel_cache:WARNING] (kernel_cache.py:342): Found kernel 'kernel' in memory cache. For better performance, consider using `@tilelang.jit` instead of direct kernel caching.
{"case": {"B": 4, "SEQ_LEN": 64, "H": 1, "HQ": 16, "D": 32, "S": 1, "block_size": 16, "is_causal": true}, "seed": 363, "status": "PASS", "call_event_ms": {"baseline": [0.011827199906110763, 0.010700800269842149, 0.010598400235176086, 0.010470400005578995], "candidate": [0.011315199732780456, 0.010572800040245056, 0.010291200131177902, 0.010470400005578995]}, "median_ms": {"baseline": 0.010649600252509116, "candidate": 0.010521600022912025}, "baseline_over_candidate": 1.0121654719166624}
{"case": {"B": 4, "SEQ_LEN": 64, "H": 1, "HQ": 16, "D": 64, "S": 1, "block_size": 16, "is_causal": true}, "candidate": "baseline", "phase": "compile_correctness"}
{"case": {"B": 4, "SEQ_LEN": 64, "H": 1, "HQ": 16, "D": 64, "S": 1, "block_size": 16, "is_causal": true}, "candidate": "candidate", "phase": "compile_correctness"}
2026-09-07 10:23:37  [TileLang:tilelang.cache.kernel_cache:WARNING] (kernel_cache.py:342): Found kernel 'kernel' in memory cache. For better performance, consider using `@tilelang.jit` instead of direct kernel caching.
{"case": {"B": 4, "SEQ_LEN": 64, "H": 1, "HQ": 16, "D": 64, "S": 1, "block_size": 16, "is_causal": true}, "seed": 363, "status": "PASS", "call_event_ms": {"baseline": [0.011750400066375732, 0.01088000014424324, 0.010675200074911118, 0.011110399663448334], "candidate": [0.010751999914646149, 0.010649599879980088, 0.010751999914646149, 0.013209599256515502]}, "median_ms": {"baseline": 0.010995199903845787, "candidate": 0.010751999914646149}, "baseline_over_candidate": 1.0226190467941092}
{"case": {"B": 4, "SEQ_LEN": 64, "H": 1, "HQ": 16, "D": 128, "S": 1, "block_size": 16, "is_causal": true}, "candidate": "baseline", "phase": "compile_correctness"}
{"case": {"B": 4, "SEQ_LEN": 64, "H": 1, "HQ": 16, "D": 128, "S": 1, "block_size": 16, "is_causal": true}, "candidate": "candidate", "phase": "compile_correctness"}
{"case": {"B": 4, "SEQ_LEN": 64, "H": 1, "HQ": 16, "D": 128, "S": 1, "block_size": 16, "is_causal": true}, "seed": 363, "status": "PASS", "call_event_ms": {"baseline": [0.012160000205039979, 0.011699199676513672, 0.011622399836778641, 0.01157120019197464], "candidate": [0.01090560033917427, 0.010367999970912933, 0.010598400235176086, 0.010649599879980088]}, "median_ms": {"baseline": 0.011660799756646157, "candidate": 0.010624000057578086}, "baseline_over_candidate": 1.097590332591209}
{"case": {"B": 4, "SEQ_LEN": 128, "H": 1, "HQ": 16, "D": 32, "S": 1, "block_size": 16, "is_causal": true}, "candidate": "baseline", "phase": "compile_correctness"}
{"case": {"B": 4, "SEQ_LEN": 128, "H": 1, "HQ": 16, "D": 32, "S": 1, "block_size": 16, "is_causal": true}, "candidate": "candidate", "phase": "compile_correctness"}
2026-09-07 10:23:37  [TileLang:tilelang.cache.kernel_cache:WARNING] (kernel_cache.py:342): Found kernel 'kernel' in memory cache. For better performance, consider using `@tilelang.jit` instead of direct kernel caching.
{"case": {"B": 4, "SEQ_LEN": 128, "H": 1, "HQ": 16, "D": 32, "S": 1, "block_size": 16, "is_causal": true}, "seed": 363, "status": "PASS", "call_event_ms": {"baseline": [0.011238399893045425, 0.010496000200510025, 0.010547199845314026, 0.010547199845314026], "candidate": [0.01085439994931221, 0.010470400005578995, 0.010367999970912933, 0.010496000200510025]}, "median_ms": {"baseline": 0.010547199845314026, "candidate": 0.01048320010304451}, "baseline_over_candidate": 1.0061049814599006}
{"case": {"B": 4, "SEQ_LEN": 128, "H": 1, "HQ": 16, "D": 64, "S": 1, "block_size": 16, "is_causal": true}, "candidate": "baseline", "phase": "compile_correctness"}
{"case": {"B": 4, "SEQ_LEN": 128, "H": 1, "HQ": 16, "D": 64, "S": 1, "block_size": 16, "is_causal": true}, "candidate": "candidate", "phase": "compile_correctness"}
2026-09-07 10:23:38  [TileLang:tilelang.cache.kernel_cache:WARNING] (kernel_cache.py:342): Found kernel 'kernel' in memory cache. For better performance, consider using `@tilelang.jit` instead of direct kernel caching.
{"case": {"B": 4, "SEQ_LEN": 128, "H": 1, "HQ": 16, "D": 64, "S": 1, "block_size": 16, "is_causal": true}, "seed": 363, "status": "PASS", "call_event_ms": {"baseline": [0.011366400122642516, 0.010496000200510025, 0.010547199845314026, 0.010444799810647965], "candidate": [0.010777600109577179, 0.010367999970912933, 0.010623999685049058, 0.011340799927711486]}, "median_ms": {"baseline": 0.010521600022912025, "candidate": 0.010700799897313118}, "baseline_over_candidate": 0.9832536000933829}
{"case": {"B": 4, "SEQ_LEN": 128, "H": 1, "HQ": 16, "D": 128, "S": 1, "block_size": 16, "is_causal": true}, "candidate": "baseline", "phase": "compile_correctness"}
{"case": {"B": 4, "SEQ_LEN": 128, "H": 1, "HQ": 16, "D": 128, "S": 1, "block_size": 16, "is_causal": true}, "candidate": "candidate", "phase": "compile_correctness"}
{"case": {"B": 4, "SEQ_LEN": 128, "H": 1, "HQ": 16, "D": 128, "S": 1, "block_size": 16, "is_causal": true}, "seed": 363, "status": "PASS", "call_event_ms": {"baseline": [0.01372160017490387, 0.013363200426101684, 0.013184000551700593, 0.013184000551700593], "candidate": [0.01157120019197464, 0.010931199789047242, 0.010931199789047242, 0.010931199789047242]}, "median_ms": {"baseline": 0.013273600488901138, "candidate": 0.010931199789047242}, "baseline_over_candidate": 1.2142857824445692}
{"case": {"B": 4, "SEQ_LEN": 256, "H": 1, "HQ": 16, "D": 32, "S": 1, "block_size": 16, "is_causal": true}, "candidate": "baseline", "phase": "compile_correctness"}
{"case": {"B": 4, "SEQ_LEN": 256, "H": 1, "HQ": 16, "D": 32, "S": 1, "block_size": 16, "is_causal": true}, "candidate": "candidate", "phase": "compile_correctness"}
2026-09-07 10:23:38  [TileLang:tilelang.cache.kernel_cache:WARNING] (kernel_cache.py:342): Found kernel 'kernel' in memory cache. For better performance, consider using `@tilelang.jit` instead of direct kernel caching.
{"case": {"B": 4, "SEQ_LEN": 256, "H": 1, "HQ": 16, "D": 32, "S": 1, "block_size": 16, "is_causal": true}, "seed": 363, "status": "PASS", "call_event_ms": {"baseline": [0.011929599940776825, 0.010521599650382995, 0.01157120019197464, 0.010572800040245056], "candidate": [0.01080320030450821, 0.011059200018644333, 0.010726399719715118, 0.010828799754381179]}, "median_ms": {"baseline": 0.011072000116109848, "candidate": 0.010816000029444694}, "baseline_over_candidate": 1.0236686470015013}
{"case": {"B": 4, "SEQ_LEN": 256, "H": 1, "HQ": 16, "D": 64, "S": 1, "block_size": 16, "is_causal": true}, "candidate": "baseline", "phase": "compile_correctness"}
{"case": {"B": 4, "SEQ_LEN": 256, "H": 1, "HQ": 16, "D": 64, "S": 1, "block_size": 16, "is_causal": true}, "candidate": "candidate", "phase": "compile_correctness"}
2026-09-07 10:23:38  [TileLang:tilelang.cache.kernel_cache:WARNING] (kernel_cache.py:342): Found kernel 'kernel' in memory cache. For better performance, consider using `@tilelang.jit` instead of direct kernel caching.
{"case": {"B": 4, "SEQ_LEN": 256, "H": 1, "HQ": 16, "D": 64, "S": 1, "block_size": 16, "is_causal": true}, "seed": 363, "status": "PASS", "call_event_ms": {"baseline": [0.011519999802112579, 0.010572800040245056, 0.010623999685049058, 0.010547199845314026], "candidate": [0.01090560033917427, 0.010598400235176086, 0.010675200074911118, 0.012057600170373916]}, "median_ms": {"baseline": 0.010598399862647056, "candidate": 0.010790400207042694}, "baseline_over_candidate": 0.982206374118513}
{"case": {"B": 4, "SEQ_LEN": 256, "H": 1, "HQ": 16, "D": 128, "S": 1, "block_size": 16, "is_causal": true}, "candidate": "baseline", "phase": "compile_correctness"}
{"case": {"B": 4, "SEQ_LEN": 256, "H": 1, "HQ": 16, "D": 128, "S": 1, "block_size": 16, "is_causal": true}, "candidate": "candidate", "phase": "compile_correctness"}
{"case": {"B": 4, "SEQ_LEN": 256, "H": 1, "HQ": 16, "D": 128, "S": 1, "block_size": 16, "is_causal": true}, "seed": 363, "status": "PASS", "call_event_ms": {"baseline": [0.01884160041809082, 0.018483200669288637, 0.018278400599956512, 0.018329599499702455], "candidate": [0.015820799767971037, 0.015539200603961944, 0.015539200603961944, 0.015488000214099884]}, "median_ms": {"baseline": 0.018406400084495546, "candidate": 0.015539200603961944}, "baseline_over_candidate": 1.1845139626939734}
{"case": {"B": 4, "SEQ_LEN": 512, "H": 1, "HQ": 16, "D": 32, "S": 1, "block_size": 16, "is_causal": true}, "candidate": "baseline", "phase": "compile_correctness"}
{"case": {"B": 4, "SEQ_LEN": 512, "H": 1, "HQ": 16, "D": 32, "S": 1, "block_size": 16, "is_causal": true}, "candidate": "candidate", "phase": "compile_correctness"}
2026-09-07 10:23:39  [TileLang:tilelang.cache.kernel_cache:WARNING] (kernel_cache.py:342): Found kernel 'kernel' in memory cache. For better performance, consider using `@tilelang.jit` instead of direct kernel caching.
{"case": {"B": 4, "SEQ_LEN": 512, "H": 1, "HQ": 16, "D": 32, "S": 1, "block_size": 16, "is_causal": true}, "seed": 363, "status": "PASS", "call_event_ms": {"baseline": [0.011750400066375732, 0.011264000087976456, 0.01090560033917427, 0.010956799983978272], "candidate": [0.012006399780511856, 0.011135999858379365, 0.01085439994931221, 0.011699199676513672]}, "median_ms": {"baseline": 0.011110400035977363, "candidate": 0.011417599767446518}, "baseline_over_candidate": 0.9730941933745976}
{"case": {"B": 4, "SEQ_LEN": 512, "H": 1, "HQ": 16, "D": 64, "S": 1, "block_size": 16, "is_causal": true}, "candidate": "baseline", "phase": "compile_correctness"}
{"case": {"B": 4, "SEQ_LEN": 512, "H": 1, "HQ": 16, "D": 64, "S": 1, "block_size": 16, "is_causal": true}, "candidate": "candidate", "phase": "compile_correctness"}
2026-09-07 10:23:39  [TileLang:tilelang.cache.kernel_cache:WARNING] (kernel_cache.py:342): Found kernel 'kernel' in memory cache. For better performance, consider using `@tilelang.jit` instead of direct kernel caching.
{"case": {"B": 4, "SEQ_LEN": 512, "H": 1, "HQ": 16, "D": 64, "S": 1, "block_size": 16, "is_causal": true}, "seed": 363, "status": "PASS", "call_event_ms": {"baseline": [0.017638400197029114, 0.017459200322628023, 0.01809920072555542, 0.017791999876499175], "candidate": [0.01802240014076233, 0.017817600071430205, 0.017535999417304993, 0.017407999932765962]}, "median_ms": {"baseline": 0.017715200036764144, "candidate": 0.0176767997443676}, "baseline_over_candidate": 1.0021723554575415}
{"case": {"B": 4, "SEQ_LEN": 512, "H": 1, "HQ": 16, "D": 128, "S": 1, "block_size": 16, "is_causal": true}, "candidate": "baseline", "phase": "compile_correctness"}
{"case": {"B": 4, "SEQ_LEN": 512, "H": 1, "HQ": 16, "D": 128, "S": 1, "block_size": 16, "is_causal": true}, "candidate": "candidate", "phase": "compile_correctness"}
{"case": {"B": 4, "SEQ_LEN": 512, "H": 1, "HQ": 16, "D": 128, "S": 1, "block_size": 16, "is_causal": true}, "seed": 363, "status": "PASS", "call_event_ms": {"baseline": [0.03563520014286041, 0.034969601035118106, 0.03543039858341217, 0.034995201230049136], "candidate": [0.02908160090446472, 0.02887679934501648, 0.029260799288749695, 0.029235199093818665]}, "median_ms": {"baseline": 0.03521279990673065, "candidate": 0.029158399999141695}, "baseline_over_candidate": 1.2076382760291091}
{"case": {"B": 4, "SEQ_LEN": 1024, "H": 1, "HQ": 16, "D": 32, "S": 1, "block_size": 16, "is_causal": true}, "candidate": "baseline", "phase": "compile_correctness"}
{"case": {"B": 4, "SEQ_LEN": 1024, "H": 1, "HQ": 16, "D": 32, "S": 1, "block_size": 16, "is_causal": true}, "candidate": "candidate", "phase": "compile_correctness"}
{"case": {"B": 4, "SEQ_LEN": 1024, "H": 1, "HQ": 16, "D": 32, "S": 1, "block_size": 16, "is_causal": true}, "seed": 363, "status": "PASS", "call_event_ms": {"baseline": [0.015667200088500977, 0.01515520066022873, 0.01520639955997467, 0.015078400075435639], "candidate": [0.014873600006103516, 0.0144896000623703, 0.01446399986743927, 0.014668799936771393]}, "median_ms": {"baseline": 0.0151808001101017, "candidate": 0.014579199999570847}, "baseline_over_candidate": 1.041264274483412}
{"case": {"B": 4, "SEQ_LEN": 1024, "H": 1, "HQ": 16, "D": 64, "S": 1, "block_size": 16, "is_causal": true}, "candidate": "baseline", "phase": "compile_correctness"}
{"case": {"B": 4, "SEQ_LEN": 1024, "H": 1, "HQ": 16, "D": 64, "S": 1, "block_size": 16, "is_causal": true}, "candidate": "candidate", "phase": "compile_correctness"}
2026-09-07 10:23:40  [TileLang:tilelang.cache.kernel_cache:WARNING] (kernel_cache.py:342): Found kernel 'kernel' in memory cache. For better performance, consider using `@tilelang.jit` instead of direct kernel caching.
{"case": {"B": 4, "SEQ_LEN": 1024, "H": 1, "HQ": 16, "D": 64, "S": 1, "block_size": 16, "is_causal": true}, "seed": 363, "status": "PASS", "call_event_ms": {"baseline": [0.02905600070953369, 0.029311999678611755, 0.02900480031967163, 0.02887679934501648], "candidate": [0.030873599648475646, 0.03038719892501831, 0.030668801069259642, 0.03036159873008728]}, "median_ms": {"baseline": 0.02903040051460266, "candidate": 0.030527999997138976}, "baseline_over_candidate": 0.9509434131722789}
{"case": {"B": 4, "SEQ_LEN": 1024, "H": 1, "HQ": 16, "D": 128, "S": 1, "block_size": 16, "is_causal": true}, "candidate": "baseline", "phase": "compile_correctness"}
{"case": {"B": 4, "SEQ_LEN": 1024, "H": 1, "HQ": 16, "D": 128, "S": 1, "block_size": 16, "is_causal": true}, "candidate": "candidate", "phase": "compile_correctness"}
{"case": {"B": 4, "SEQ_LEN": 1024, "H": 1, "HQ": 16, "D": 128, "S": 1, "block_size": 16, "is_causal": true}, "seed": 363, "status": "PASS", "call_event_ms": {"baseline": [0.05570560097694397, 0.05501440167427063, 0.05575680136680603, 0.05555199980735779], "candidate": [0.048332801461219786, 0.048614400625228885, 0.048230400681495665, 0.048102399706840514]}, "median_ms": {"baseline": 0.05562880039215088, "candidate": 0.048281601071357726}, "baseline_over_candidate": 1.1521738955991614}
{"case": {"B": 8, "SEQ_LEN": 64, "H": 1, "HQ": 16, "D": 32, "S": 1, "block_size": 16, "is_causal": true}, "candidate": "baseline", "phase": "compile_correctness"}
{"case": {"B": 8, "SEQ_LEN": 64, "H": 1, "HQ": 16, "D": 32, "S": 1, "block_size": 16, "is_causal": true}, "candidate": "candidate", "phase": "compile_correctness"}
2026-09-07 10:23:40  [TileLang:tilelang.cache.kernel_cache:WARNING] (kernel_cache.py:342): Found kernel 'kernel' in memory cache. For better performance, consider using `@tilelang.jit` instead of direct kernel caching.
{"case": {"B": 8, "SEQ_LEN": 64, "H": 1, "HQ": 16, "D": 32, "S": 1, "block_size": 16, "is_causal": true}, "seed": 363, "status": "PASS", "call_event_ms": {"baseline": [0.01157120019197464, 0.01080320030450821, 0.010649599879980088, 0.010496000200510025], "candidate": [0.010751999914646149, 0.010649599879980088, 0.010572800040245056, 0.011468800157308579]}, "median_ms": {"baseline": 0.010726400092244149, "candidate": 0.010700799897313118}, "baseline_over_candidate": 1.0023923627370566}
{"case": {"B": 8, "SEQ_LEN": 64, "H": 1, "HQ": 16, "D": 64, "S": 1, "block_size": 16, "is_causal": true}, "candidate": "baseline", "phase": "compile_correctness"}
{"case": {"B": 8, "SEQ_LEN": 64, "H": 1, "HQ": 16, "D": 64, "S": 1, "block_size": 16, "is_causal": true}, "candidate": "candidate", "phase": "compile_correctness"}
2026-09-07 10:23:40  [TileLang:tilelang.cache.kernel_cache:WARNING] (kernel_cache.py:342): Found kernel 'kernel' in memory cache. For better performance, consider using `@tilelang.jit` instead of direct kernel caching.
{"case": {"B": 8, "SEQ_LEN": 64, "H": 1, "HQ": 16, "D": 64, "S": 1, "block_size": 16, "is_causal": true}, "seed": 363, "status": "PASS", "call_event_ms": {"baseline": [0.011443199962377549, 0.010547199845314026, 0.010598400235176086, 0.010751999914646149], "candidate": [0.011059200018644333, 0.010726399719715118, 0.01088000014424324, 0.014361600577831268]}, "median_ms": {"baseline": 0.010675200074911118, "candidate": 0.010969600081443785}, "baseline_over_candidate": 0.9731621933026825}
{"case": {"B": 8, "SEQ_LEN": 64, "H": 1, "HQ": 16, "D": 128, "S": 1, "block_size": 16, "is_causal": true}, "candidate": "baseline", "phase": "compile_correctness"}
{"case": {"B": 8, "SEQ_LEN": 64, "H": 1, "HQ": 16, "D": 128, "S": 1, "block_size": 16, "is_causal": true}, "candidate": "candidate", "phase": "compile_correctness"}
{"case": {"B": 8, "SEQ_LEN": 64, "H": 1, "HQ": 16, "D": 128, "S": 1, "block_size": 16, "is_causal": true}, "seed": 363, "status": "PASS", "call_event_ms": {"baseline": [0.013644799590110779, 0.013184000551700593, 0.013107199966907502, 0.013260799646377563], "candidate": [0.011315199732780456, 0.01090560033917427, 0.010956799983978272, 0.011084800213575363]}, "median_ms": {"baseline": 0.013222400099039078, "candidate": 0.011020800098776817}, "baseline_over_candidate": 1.1997677101961601}
{"case": {"B": 8, "SEQ_LEN": 128, "H": 1, "HQ": 16, "D": 32, "S": 1, "block_size": 16, "is_causal": true}, "candidate": "baseline", "phase": "compile_correctness"}
{"case": {"B": 8, "SEQ_LEN": 128, "H": 1, "HQ": 16, "D": 32, "S": 1, "block_size": 16, "is_causal": true}, "candidate": "candidate", "phase": "compile_correctness"}
2026-09-07 10:23:41  [TileLang:tilelang.cache.kernel_cache:WARNING] (kernel_cache.py:342): Found kernel 'kernel' in memory cache. For better performance, consider using `@tilelang.jit` instead of direct kernel caching.
{"case": {"B": 8, "SEQ_LEN": 128, "H": 1, "HQ": 16, "D": 32, "S": 1, "block_size": 16, "is_causal": true}, "seed": 363, "status": "PASS", "call_event_ms": {"baseline": [0.011596799641847611, 0.010623999685049058, 0.011852800101041793, 0.010316800326108932], "candidate": [0.01080320030450821, 0.010675200074911118, 0.010598400235176086, 0.010547199845314026]}, "median_ms": {"baseline": 0.011110399663448334, "candidate": 0.010636800155043601}, "baseline_over_candidate": 1.0445246222079456}
{"case": {"B": 8, "SEQ_LEN": 128, "H": 1, "HQ": 16, "D": 64, "S": 1, "block_size": 16, "is_causal": true}, "candidate": "baseline", "phase": "compile_correctness"}
{"case": {"B": 8, "SEQ_LEN": 128, "H": 1, "HQ": 16, "D": 64, "S": 1, "block_size": 16, "is_causal": true}, "candidate": "candidate", "phase": "compile_correctness"}
2026-09-07 10:23:41  [TileLang:tilelang.cache.kernel_cache:WARNING] (kernel_cache.py:342): Found kernel 'kernel' in memory cache. For better performance, consider using `@tilelang.jit` instead of direct kernel caching.
{"case": {"B": 8, "SEQ_LEN": 128, "H": 1, "HQ": 16, "D": 64, "S": 1, "block_size": 16, "is_causal": true}, "seed": 363, "status": "PASS", "call_event_ms": {"baseline": [0.011340799927711486, 0.01088000014424324, 0.010649599879980088, 0.010828799754381179], "candidate": [0.011033599823713302, 0.011007999628782272, 0.010700800269842149, 0.010675200074911118]}, "median_ms": {"baseline": 0.01085439994931221, "candidate": 0.01085439994931221}, "baseline_over_candidate": 1.0}
{"case": {"B": 8, "SEQ_LEN": 128, "H": 1, "HQ": 16, "D": 128, "S": 1, "block_size": 16, "is_causal": true}, "candidate": "baseline", "phase": "compile_correctness"}
{"case": {"B": 8, "SEQ_LEN": 128, "H": 1, "HQ": 16, "D": 128, "S": 1, "block_size": 16, "is_causal": true}, "candidate": "candidate", "phase": "compile_correctness"}
{"case": {"B": 8, "SEQ_LEN": 128, "H": 1, "HQ": 16, "D": 128, "S": 1, "block_size": 16, "is_causal": true}, "seed": 363, "status": "PASS", "call_event_ms": {"baseline": [0.01884160041809082, 0.01825280040502548, 0.01825280040502548, 0.01817599982023239], "candidate": [0.015897600352764128, 0.015795199573040007, 0.015718400478363037, 0.015718400478363037]}, "median_ms": {"baseline": 0.01825280040502548, "candidate": 0.015756800025701522}, "baseline_over_candidate": 1.1584078223530563}
{"case": {"B": 8, "SEQ_LEN": 256, "H": 1, "HQ": 16, "D": 32, "S": 1, "block_size": 16, "is_causal": true}, "candidate": "baseline", "phase": "compile_correctness"}
{"case": {"B": 8, "SEQ_LEN": 256, "H": 1, "HQ": 16, "D": 32, "S": 1, "block_size": 16, "is_causal": true}, "candidate": "candidate", "phase": "compile_correctness"}
2026-09-07 10:23:41  [TileLang:tilelang.cache.kernel_cache:WARNING] (kernel_cache.py:342): Found kernel 'kernel' in memory cache. For better performance, consider using `@tilelang.jit` instead of direct kernel caching.
{"case": {"B": 8, "SEQ_LEN": 256, "H": 1, "HQ": 16, "D": 32, "S": 1, "block_size": 16, "is_causal": true}, "seed": 363, "status": "PASS", "call_event_ms": {"baseline": [0.011443199962377549, 0.010572800040245056, 0.010623999685049058, 0.010649599879980088], "candidate": [0.01088000014424324, 0.010751999914646149, 0.010726399719715118, 0.010675200074911118]}, "median_ms": {"baseline": 0.010636799782514573, "candidate": 0.010739199817180634}, "baseline_over_candidate": 0.9904648357038445}
{"case": {"B": 8, "SEQ_LEN": 256, "H": 1, "HQ": 16, "D": 64, "S": 1, "block_size": 16, "is_causal": true}, "candidate": "baseline", "phase": "compile_correctness"}
{"case": {"B": 8, "SEQ_LEN": 256, "H": 1, "HQ": 16, "D": 64, "S": 1, "block_size": 16, "is_causal": true}, "candidate": "candidate", "phase": "compile_correctness"}
2026-09-07 10:23:42  [TileLang:tilelang.cache.kernel_cache:WARNING] (kernel_cache.py:342): Found kernel 'kernel' in memory cache. For better performance, consider using `@tilelang.jit` instead of direct kernel caching.
{"case": {"B": 8, "SEQ_LEN": 256, "H": 1, "HQ": 16, "D": 64, "S": 1, "block_size": 16, "is_causal": true}, "seed": 363, "status": "PASS", "call_event_ms": {"baseline": [0.017664000391960144, 0.017407999932765962, 0.017510400712490083, 0.017433600127696992], "candidate": [0.018380799889564516, 0.01797119975090027, 0.01825280040502548, 0.018457600474357606]}, "median_ms": {"baseline": 0.017472000420093538, "candidate": 0.018316800147294997}, "baseline_over_candidate": 0.9538784219728347}
{"case": {"B": 8, "SEQ_LEN": 256, "H": 1, "HQ": 16, "D": 128, "S": 1, "block_size": 16, "is_causal": true}, "candidate": "baseline", "phase": "compile_correctness"}
{"case": {"B": 8, "SEQ_LEN": 256, "H": 1, "HQ": 16, "D": 128, "S": 1, "block_size": 16, "is_causal": true}, "candidate": "candidate", "phase": "compile_correctness"}
{"case": {"B": 8, "SEQ_LEN": 256, "H": 1, "HQ": 16, "D": 128, "S": 1, "block_size": 16, "is_causal": true}, "seed": 363, "status": "PASS", "call_event_ms": {"baseline": [0.03596799969673157, 0.03537920117378235, 0.03466239869594574, 0.03522560000419617], "candidate": [0.029465600848197937, 0.029235199093818665, 0.029414400458335876, 0.029183998703956604]}, "median_ms": {"baseline": 0.03530240058898926, "candidate": 0.02932479977607727}, "baseline_over_candidate": 1.2038411466934695}
{"case": {"B": 8, "SEQ_LEN": 512, "H": 1, "HQ": 16, "D": 32, "S": 1, "block_size": 16, "is_causal": true}, "candidate": "baseline", "phase": "compile_correctness"}
{"case": {"B": 8, "SEQ_LEN": 512, "H": 1, "HQ": 16, "D": 32, "S": 1, "block_size": 16, "is_causal": true}, "candidate": "candidate", "phase": "compile_correctness"}
{"case": {"B": 8, "SEQ_LEN": 512, "H": 1, "HQ": 16, "D": 32, "S": 1, "block_size": 16, "is_causal": true}, "seed": 363, "status": "PASS", "call_event_ms": {"baseline": [0.015615999698638916, 0.01520639955997467, 0.01515520066022873, 0.015027199685573579], "candidate": [0.01456640064716339, 0.014387199282646179, 0.01451520025730133, 0.014412799477577209]}, "median_ms": {"baseline": 0.0151808001101017, "candidate": 0.01446399986743927}, "baseline_over_candidate": 1.0495575393550756}
{"case": {"B": 8, "SEQ_LEN": 512, "H": 1, "HQ": 16, "D": 64, "S": 1, "block_size": 16, "is_causal": true}, "candidate": "baseline", "phase": "compile_correctness"}
{"case": {"B": 8, "SEQ_LEN": 512, "H": 1, "HQ": 16, "D": 64, "S": 1, "block_size": 16, "is_causal": true}, "candidate": "candidate", "phase": "compile_correctness"}
2026-09-07 10:23:42  [TileLang:tilelang.cache.kernel_cache:WARNING] (kernel_cache.py:342): Found kernel 'kernel' in memory cache. For better performance, consider using `@tilelang.jit` instead of direct kernel caching.
{"case": {"B": 8, "SEQ_LEN": 512, "H": 1, "HQ": 16, "D": 64, "S": 1, "block_size": 16, "is_causal": true}, "seed": 363, "status": "PASS", "call_event_ms": {"baseline": [0.029363200068473816, 0.029465600848197937, 0.028825598955154418, 0.0289792001247406], "candidate": [0.03028480112552643, 0.03028480112552643, 0.03056640028953552, 0.03054080009460449]}, "median_ms": {"baseline": 0.02917120009660721, "candidate": 0.03041280061006546}, "baseline_over_candidate": 0.9591750681110464}
{"case": {"B": 8, "SEQ_LEN": 512, "H": 1, "HQ": 16, "D": 128, "S": 1, "block_size": 16, "is_causal": true}, "candidate": "baseline", "phase": "compile_correctness"}
{"case": {"B": 8, "SEQ_LEN": 512, "H": 1, "HQ": 16, "D": 128, "S": 1, "block_size": 16, "is_causal": true}, "candidate": "candidate", "phase": "compile_correctness"}
{"case": {"B": 8, "SEQ_LEN": 512, "H": 1, "HQ": 16, "D": 128, "S": 1, "block_size": 16, "is_causal": true}, "seed": 363, "status": "PASS", "call_event_ms": {"baseline": [0.055961602926254274, 0.05614079833030701, 0.05585920214653015, 0.05619199872016907], "candidate": [0.04792320132255554, 0.04789760112762451, 0.04728319942951202, 0.04733439981937408]}, "median_ms": {"baseline": 0.056051200628280645, "candidate": 0.0476160004734993}, "baseline_over_candidate": 1.1771505391234183}
{"case": {"B": 8, "SEQ_LEN": 1024, "H": 1, "HQ": 16, "D": 32, "S": 1, "block_size": 16, "is_causal": true}, "candidate": "baseline", "phase": "compile_correctness"}
{"case": {"B": 8, "SEQ_LEN": 1024, "H": 1, "HQ": 16, "D": 32, "S": 1, "block_size": 16, "is_causal": true}, "candidate": "candidate", "phase": "compile_correctness"}
{"case": {"B": 8, "SEQ_LEN": 1024, "H": 1, "HQ": 16, "D": 32, "S": 1, "block_size": 16, "is_causal": true}, "seed": 363, "status": "PASS", "call_event_ms": {"baseline": [0.024780799448490144, 0.024345600605010988, 0.024371199309825897, 0.024243199825286867], "candidate": [0.023398399353027344, 0.023475199937820435, 0.023372800648212434, 0.023398399353027344]}, "median_ms": {"baseline": 0.024358399957418442, "candidate": 0.023398399353027344}, "baseline_over_candidate": 1.0410284733543917}
{"case": {"B": 8, "SEQ_LEN": 1024, "H": 1, "HQ": 16, "D": 64, "S": 1, "block_size": 16, "is_causal": true}, "candidate": "baseline", "phase": "compile_correctness"}
{"case": {"B": 8, "SEQ_LEN": 1024, "H": 1, "HQ": 16, "D": 64, "S": 1, "block_size": 16, "is_causal": true}, "candidate": "candidate", "phase": "compile_correctness"}
2026-09-07 10:23:43  [TileLang:tilelang.cache.kernel_cache:WARNING] (kernel_cache.py:342): Found kernel 'kernel' in memory cache. For better performance, consider using `@tilelang.jit` instead of direct kernel caching.
{"case": {"B": 8, "SEQ_LEN": 1024, "H": 1, "HQ": 16, "D": 64, "S": 1, "block_size": 16, "is_causal": true}, "seed": 363, "status": "PASS", "call_event_ms": {"baseline": [0.048537600040435794, 0.048256000876426695, 0.048588800430297854, 0.048256000876426695], "candidate": [0.04897280037403107, 0.04769279956817627, 0.048281601071357726, 0.048204800486564635]}, "median_ms": {"baseline": 0.04839680045843124, "candidate": 0.04824320077896118}, "baseline_over_candidate": 1.0031838617046538}
{"case": {"B": 8, "SEQ_LEN": 1024, "H": 1, "HQ": 16, "D": 128, "S": 1, "block_size": 16, "is_causal": true}, "candidate": "baseline", "phase": "compile_correctness"}
{"case": {"B": 8, "SEQ_LEN": 1024, "H": 1, "HQ": 16, "D": 128, "S": 1, "block_size": 16, "is_causal": true}, "candidate": "candidate", "phase": "compile_correctness"}
{"case": {"B": 8, "SEQ_LEN": 1024, "H": 1, "HQ": 16, "D": 128, "S": 1, "block_size": 16, "is_causal": true}, "seed": 363, "status": "PASS", "call_event_ms": {"baseline": [0.09730560183525086, 0.09694719910621644, 0.09687039852142335, 0.09656320214271545], "candidate": [0.08560640215873719, 0.08517119884490967, 0.08737279772758484, 0.0849407970905304]}, "median_ms": {"baseline": 0.09690879881381989, "candidate": 0.08538880050182343}, "baseline_over_candidate": 1.1349122864391386}
{"case": {"B": 1, "SEQ_LEN": 256, "H": 1, "HQ": 16, "D": 64, "S": 1, "block_size": 32, "is_causal": true}, "candidate": "baseline", "phase": "compile_correctness"}
{"case": {"B": 1, "SEQ_LEN": 256, "H": 1, "HQ": 16, "D": 64, "S": 1, "block_size": 32, "is_causal": true}, "candidate": "candidate", "phase": "compile_correctness"}
2026-09-07 10:23:44  [TileLang:tilelang.cache.kernel_cache:WARNING] (kernel_cache.py:342): Found kernel 'kernel' in memory cache. For better performance, consider using `@tilelang.jit` instead of direct kernel caching.
{"case": {"B": 1, "SEQ_LEN": 256, "H": 1, "HQ": 16, "D": 64, "S": 1, "block_size": 32, "is_causal": true}, "seed": 363, "status": "PASS", "call_event_ms": {"baseline": [0.011264000087976456, 0.01080320030450821, 0.010700800269842149, 0.010726399719715118], "candidate": [0.010700800269842149, 0.010521599650382995, 0.010623999685049058, 0.010572800040245056]}, "median_ms": {"baseline": 0.010764800012111664, "candidate": 0.010598399862647056}, "baseline_over_candidate": 1.0157004973978259}
{"case": {"B": 1, "SEQ_LEN": 256, "H": 1, "HQ": 16, "D": 64, "S": 1, "block_size": 64, "is_causal": true}, "candidate": "baseline", "phase": "compile_correctness"}
{"case": {"B": 1, "SEQ_LEN": 256, "H": 1, "HQ": 16, "D": 64, "S": 1, "block_size": 64, "is_causal": true}, "candidate": "candidate", "phase": "compile_correctness"}
2026-09-07 10:23:44  [TileLang:tilelang.cache.kernel_cache:WARNING] (kernel_cache.py:342): Found kernel 'kernel' in memory cache. For better performance, consider using `@tilelang.jit` instead of direct kernel caching.
{"case": {"B": 1, "SEQ_LEN": 256, "H": 1, "HQ": 16, "D": 64, "S": 1, "block_size": 64, "is_causal": true}, "seed": 363, "status": "PASS", "call_event_ms": {"baseline": [0.014054399728775025, 0.014028799533843995, 0.014079999923706055, 0.014054399728775025], "candidate": [0.014259199798107147, 0.014131200313568116, 0.014054399728775025, 0.014054399728775025]}, "median_ms": {"baseline": 0.014054399728775025, "candidate": 0.01409280002117157}, "baseline_over_candidate": 0.9972751836158281}
{"case": {"B": 1, "SEQ_LEN": 512, "H": 1, "HQ": 16, "D": 64, "S": 1, "block_size": 32, "is_causal": true}, "candidate": "baseline", "phase": "compile_correctness"}
{"case": {"B": 1, "SEQ_LEN": 512, "H": 1, "HQ": 16, "D": 64, "S": 1, "block_size": 32, "is_causal": true}, "candidate": "candidate", "phase": "compile_correctness"}
2026-09-07 10:23:44  [TileLang:tilelang.cache.kernel_cache:WARNING] (kernel_cache.py:342): Found kernel 'kernel' in memory cache. For better performance, consider using `@tilelang.jit` instead of direct kernel caching.
{"case": {"B": 1, "SEQ_LEN": 512, "H": 1, "HQ": 16, "D": 64, "S": 1, "block_size": 32, "is_causal": true}, "seed": 363, "status": "PASS", "call_event_ms": {"baseline": [0.011417599767446518, 0.010777600109577179, 0.010675200074911118, 0.010700800269842149], "candidate": [0.011084800213575363, 0.010828799754381179, 0.010700800269842149, 0.011596799641847611]}, "median_ms": {"baseline": 0.010739200189709664, "candidate": 0.01095679998397827}, "baseline_over_candidate": 0.9801402056634424}
{"case": {"B": 1, "SEQ_LEN": 512, "H": 1, "HQ": 16, "D": 64, "S": 1, "block_size": 64, "is_causal": true}, "candidate": "baseline", "phase": "compile_correctness"}
{"case": {"B": 1, "SEQ_LEN": 512, "H": 1, "HQ": 16, "D": 64, "S": 1, "block_size": 64, "is_causal": true}, "candidate": "candidate", "phase": "compile_correctness"}
2026-09-07 10:23:44  [TileLang:tilelang.cache.kernel_cache:WARNING] (kernel_cache.py:342): Found kernel 'kernel' in memory cache. For better performance, consider using `@tilelang.jit` instead of direct kernel caching.
{"case": {"B": 1, "SEQ_LEN": 512, "H": 1, "HQ": 16, "D": 64, "S": 1, "block_size": 64, "is_causal": true}, "seed": 363, "status": "PASS", "call_event_ms": {"baseline": [0.01653759926557541, 0.016383999586105348, 0.01646080017089844, 0.01648640036582947], "candidate": [0.01653759926557541, 0.01648640036582947, 0.01640959978103638, 0.016383999586105348]}, "median_ms": {"baseline": 0.016473600268363954, "candidate": 0.016448000073432924}, "baseline_over_candidate": 1.0015564320778658}
{"case": {"B": 1, "SEQ_LEN": 512, "H": 1, "HQ": 16, "D": 128, "S": 1, "block_size": 32, "is_causal": true}, "candidate": "baseline", "phase": "compile_correctness"}
{"case": {"B": 1, "SEQ_LEN": 512, "H": 1, "HQ": 16, "D": 128, "S": 1, "block_size": 32, "is_causal": true}, "candidate": "candidate", "phase": "compile_correctness"}
{"case": {"B": 1, "SEQ_LEN": 512, "H": 1, "HQ": 16, "D": 128, "S": 1, "block_size": 32, "is_causal": true}, "seed": 363, "status": "PASS", "call_event_ms": {"baseline": [0.018303999304771425, 0.017791999876499175, 0.017715199291706084, 0.017791999876499175], "candidate": [0.015334400534629821, 0.01510400027036667, 0.01515520066022873, 0.015001599490642548]}, "median_ms": {"baseline": 0.017791999876499175, "candidate": 0.0151296004652977}, "baseline_over_candidate": 1.1759728829130776}
{"case": {"B": 2, "SEQ_LEN": 256, "H": 1, "HQ": 16, "D": 64, "S": 1, "block_size": 64, "is_causal": true}, "candidate": "baseline", "phase": "compile_correctness"}
{"case": {"B": 2, "SEQ_LEN": 256, "H": 1, "HQ": 16, "D": 64, "S": 1, "block_size": 64, "is_causal": true}, "candidate": "candidate", "phase": "compile_correctness"}
2026-09-07 10:23:45  [TileLang:tilelang.cache.kernel_cache:WARNING] (kernel_cache.py:342): Found kernel 'kernel' in memory cache. For better performance, consider using `@tilelang.jit` instead of direct kernel caching.
{"case": {"B": 2, "SEQ_LEN": 256, "H": 1, "HQ": 16, "D": 64, "S": 1, "block_size": 64, "is_causal": true}, "seed": 363, "status": "PASS", "call_event_ms": {"baseline": [0.0165120005607605, 0.016307200491428375, 0.016307200491428375, 0.016204799711704253], "candidate": [0.016383999586105348, 0.016332800686359405, 0.016307200491428375, 0.016307200491428375]}, "median_ms": {"baseline": 0.016307200491428375, "candidate": 0.01632000058889389}, "baseline_over_candidate": 0.9992156803306597}
{"case": {"B": 4, "SEQ_LEN": 128, "H": 1, "HQ": 16, "D": 64, "S": 1, "block_size": 32, "is_causal": true}, "candidate": "baseline", "phase": "compile_correctness"}
{"case": {"B": 4, "SEQ_LEN": 128, "H": 1, "HQ": 16, "D": 64, "S": 1, "block_size": 32, "is_causal": true}, "candidate": "candidate", "phase": "compile_correctness"}
2026-09-07 10:23:45  [TileLang:tilelang.cache.kernel_cache:WARNING] (kernel_cache.py:342): Found kernel 'kernel' in memory cache. For better performance, consider using `@tilelang.jit` instead of direct kernel caching.
{"case": {"B": 4, "SEQ_LEN": 128, "H": 1, "HQ": 16, "D": 64, "S": 1, "block_size": 32, "is_causal": true}, "seed": 363, "status": "PASS", "call_event_ms": {"baseline": [0.011340799927711486, 0.01090560033917427, 0.01080320030450821, 0.01085439994931221], "candidate": [0.011110399663448334, 0.011007999628782272, 0.01088000014424324, 0.010726399719715118]}, "median_ms": {"baseline": 0.01088000014424324, "candidate": 0.010943999886512755}, "baseline_over_candidate": 0.9941520702729184}
{"case": {"B": 4, "SEQ_LEN": 128, "H": 1, "HQ": 16, "D": 64, "S": 1, "block_size": 64, "is_causal": true}, "candidate": "baseline", "phase": "compile_correctness"}
{"case": {"B": 4, "SEQ_LEN": 128, "H": 1, "HQ": 16, "D": 64, "S": 1, "block_size": 64, "is_causal": true}, "candidate": "candidate", "phase": "compile_correctness"}
2026-09-07 10:23:45  [TileLang:tilelang.cache.kernel_cache:WARNING] (kernel_cache.py:342): Found kernel 'kernel' in memory cache. For better performance, consider using `@tilelang.jit` instead of direct kernel caching.
{"case": {"B": 4, "SEQ_LEN": 128, "H": 1, "HQ": 16, "D": 64, "S": 1, "block_size": 64, "is_causal": true}, "seed": 363, "status": "PASS", "call_event_ms": {"baseline": [0.016383999586105348, 0.016358399391174318, 0.01640959978103638, 0.016281600296497344], "candidate": [0.01653759926557541, 0.01653759926557541, 0.01648640036582947, 0.016307200491428375]}, "median_ms": {"baseline": 0.016371199488639833, "candidate": 0.01651199981570244}, "baseline_over_candidate": 0.9914728483143084}
{"case": {"B": 2, "SEQ_LEN": 512, "H": 1, "HQ": 16, "D": 128, "S": 1, "block_size": 32, "is_causal": true}, "candidate": "baseline", "phase": "compile_correctness"}
{"case": {"B": 2, "SEQ_LEN": 512, "H": 1, "HQ": 16, "D": 128, "S": 1, "block_size": 32, "is_causal": true}, "candidate": "candidate", "phase": "compile_correctness"}
{"case": {"B": 2, "SEQ_LEN": 512, "H": 1, "HQ": 16, "D": 128, "S": 1, "block_size": 32, "is_causal": true}, "seed": 363, "status": "PASS", "call_event_ms": {"baseline": [0.024422399699687958, 0.02396160066127777, 0.024038399755954742, 0.024166400730609893], "candidate": [0.02168319970369339, 0.021376000344753267, 0.021350400149822236, 0.021222400665283202]}, "median_ms": {"baseline": 0.024102400243282317, "candidate": 0.02136320024728775}, "baseline_over_candidate": 1.1282204896404662}
{"case": {"B": 4, "SEQ_LEN": 1024, "H": 1, "HQ": 16, "D": 128, "S": 1, "block_size": 32, "is_causal": true}, "candidate": "baseline", "phase": "compile_correctness"}
{"case": {"B": 4, "SEQ_LEN": 1024, "H": 1, "HQ": 16, "D": 128, "S": 1, "block_size": 32, "is_causal": true}, "candidate": "candidate", "phase": "compile_correctness"}
{"case": {"B": 4, "SEQ_LEN": 1024, "H": 1, "HQ": 16, "D": 128, "S": 1, "block_size": 32, "is_causal": true}, "seed": 363, "status": "PASS", "call_event_ms": {"baseline": [0.08140799999237061, 0.07994880080223084, 0.08035839796066284, 0.07976959943771363], "candidate": [0.05941759943962097, 0.058982402086257935, 0.05911039710044861, 0.059443199634552]}, "median_ms": {"baseline": 0.08015359938144684, "candidate": 0.05926399827003479}, "baseline_over_candidate": 1.3524838303387692}
{"case": {"B": 8, "SEQ_LEN": 512, "H": 1, "HQ": 16, "D": 128, "S": 1, "block_size": 32, "is_causal": true}, "candidate": "baseline", "phase": "compile_correctness"}
{"case": {"B": 8, "SEQ_LEN": 512, "H": 1, "HQ": 16, "D": 128, "S": 1, "block_size": 32, "is_causal": true}, "candidate": "candidate", "phase": "compile_correctness"}
{"case": {"B": 8, "SEQ_LEN": 512, "H": 1, "HQ": 16, "D": 128, "S": 1, "block_size": 32, "is_causal": true}, "seed": 363, "status": "PASS", "call_event_ms": {"baseline": [0.08138239979743958, 0.08061439990997314, 0.08081920146942138, 0.08079360127449035], "candidate": [0.05916159749031067, 0.059033602476119995, 0.058956801891326904, 0.05926399827003479]}, "median_ms": {"baseline": 0.08080640137195587, "candidate": 0.05909759998321533}, "baseline_over_candidate": 1.3673381219356824}
{"case": {"B": 1, "SEQ_LEN": 256, "H": 2, "HQ": 32, "D": 64, "S": 1, "block_size": 16, "is_causal": true}, "candidate": "baseline", "phase": "compile_correctness"}
{"case": {"B": 1, "SEQ_LEN": 256, "H": 2, "HQ": 32, "D": 64, "S": 1, "block_size": 16, "is_causal": true}, "candidate": "candidate", "phase": "compile_correctness"}
2026-09-07 10:23:46  [TileLang:tilelang.cache.kernel_cache:WARNING] (kernel_cache.py:342): Found kernel 'kernel' in memory cache. For better performance, consider using `@tilelang.jit` instead of direct kernel caching.
{"case": {"B": 1, "SEQ_LEN": 256, "H": 2, "HQ": 32, "D": 64, "S": 1, "block_size": 16, "is_causal": true}, "seed": 363, "status": "PASS", "call_event_ms": {"baseline": [0.011340799927711486, 0.01088000014424324, 0.010751999914646149, 0.01080320030450821], "candidate": [0.010982400178909302, 0.010751999914646149, 0.01088000014424324, 0.010623999685049058]}, "median_ms": {"baseline": 0.010841600224375724, "candidate": 0.010816000029444694}, "baseline_over_candidate": 1.0023668819213516}
{"case": {"B": 2, "SEQ_LEN": 512, "H": 2, "HQ": 32, "D": 64, "S": 1, "block_size": 16, "is_causal": true}, "candidate": "baseline", "phase": "compile_correctness"}
{"case": {"B": 2, "SEQ_LEN": 512, "H": 2, "HQ": 32, "D": 64, "S": 1, "block_size": 16, "is_causal": true}, "candidate": "candidate", "phase": "compile_correctness"}
2026-09-07 10:23:46  [TileLang:tilelang.cache.kernel_cache:WARNING] (kernel_cache.py:342): Found kernel 'kernel' in memory cache. For better performance, consider using `@tilelang.jit` instead of direct kernel caching.
{"case": {"B": 2, "SEQ_LEN": 512, "H": 2, "HQ": 32, "D": 64, "S": 1, "block_size": 16, "is_causal": true}, "seed": 363, "status": "PASS", "call_event_ms": {"baseline": [0.018329599499702455, 0.018278400599956512, 0.01797119975090027, 0.018303999304771425], "candidate": [0.01804800033569336, 0.017407999932765962, 0.01812479943037033, 0.017894400656223296]}, "median_ms": {"baseline": 0.018291199952363967, "candidate": 0.01797120049595833}, "baseline_over_candidate": 1.0178062370667782}
{"case": {"B": 1, "SEQ_LEN": 512, "H": 2, "HQ": 32, "D": 128, "S": 1, "block_size": 16, "is_causal": true}, "candidate": "baseline", "phase": "compile_correctness"}
{"case": {"B": 1, "SEQ_LEN": 512, "H": 2, "HQ": 32, "D": 128, "S": 1, "block_size": 16, "is_causal": true}, "candidate": "candidate", "phase": "compile_correctness"}
{"case": {"B": 1, "SEQ_LEN": 512, "H": 2, "HQ": 32, "D": 128, "S": 1, "block_size": 16, "is_causal": true}, "seed": 363, "status": "PASS", "call_event_ms": {"baseline": [0.019046400487422944, 0.018662400543689728, 0.018688000738620758, 0.018585599958896637], "candidate": [0.01656319946050644, 0.016332800686359405, 0.01646080017089844, 0.0165120005607605]}, "median_ms": {"baseline": 0.018675200641155243, "candidate": 0.01648640036582947}, "baseline_over_candidate": 1.1327639889094523}
{"case": {"B": 1, "SEQ_LEN": 256, "H": 1, "HQ": 16, "D": 64, "S": 2, "block_size": 16, "is_causal": true}, "candidate": "baseline", "phase": "compile_correctness"}
{"case": {"B": 1, "SEQ_LEN": 256, "H": 1, "HQ": 16, "D": 64, "S": 2, "block_size": 16, "is_causal": true}, "candidate": "candidate", "phase": "compile_correctness"}
2026-09-07 10:23:47  [TileLang:tilelang.cache.kernel_cache:WARNING] (kernel_cache.py:342): Found kernel 'kernel' in memory cache. For better performance, consider using `@tilelang.jit` instead of direct kernel caching.
{"case": {"B": 1, "SEQ_LEN": 256, "H": 1, "HQ": 16, "D": 64, "S": 2, "block_size": 16, "is_causal": true}, "seed": 363, "status": "PASS", "call_event_ms": {"baseline": [0.011596799641847611, 0.010470400005578995, 0.010470400005578995, 0.010496000200510025], "candidate": [0.010623999685049058, 0.010393600165843963, 0.010419200360774993, 0.010470400005578995]}, "median_ms": {"baseline": 0.01048320010304451, "candidate": 0.010444800183176995}, "baseline_over_candidate": 1.003676462851761}
{"case": {"B": 2, "SEQ_LEN": 512, "H": 1, "HQ": 16, "D": 64, "S": 2, "block_size": 16, "is_causal": true}, "candidate": "baseline", "phase": "compile_correctness"}
{"case": {"B": 2, "SEQ_LEN": 512, "H": 1, "HQ": 16, "D": 64, "S": 2, "block_size": 16, "is_causal": true}, "candidate": "candidate", "phase": "compile_correctness"}
{"case": {"B": 2, "SEQ_LEN": 512, "H": 1, "HQ": 16, "D": 64, "S": 2, "block_size": 16, "is_causal": true}, "seed": 363, "status": "PASS", "call_event_ms": {"baseline": [0.01955839991569519, 0.019072000682353974, 0.019123199582099914, 0.018918399512767792], "candidate": [0.013491199910640716, 0.013414399325847625, 0.013235199451446533, 0.013286399841308593]}, "median_ms": {"baseline": 0.019097600132226944, "candidate": 0.013350399583578108}, "baseline_over_candidate": 1.4304890286368865}
{"case": {"B": 4, "SEQ_LEN": 1024, "H": 1, "HQ": 16, "D": 64, "S": 2, "block_size": 16, "is_causal": true}, "candidate": "baseline", "phase": "compile_correctness"}
{"case": {"B": 4, "SEQ_LEN": 1024, "H": 1, "HQ": 16, "D": 64, "S": 2, "block_size": 16, "is_causal": true}, "candidate": "candidate", "phase": "compile_correctness"}
{"case": {"B": 4, "SEQ_LEN": 1024, "H": 1, "HQ": 16, "D": 64, "S": 2, "block_size": 16, "is_causal": true}, "seed": 363, "status": "PASS", "call_event_ms": {"baseline": [0.05073919892311096, 0.050380802154541014, 0.050406402349472045, 0.0502016007900238], "candidate": [0.04142079949378967, 0.04108799993991852, 0.04131839871406555, 0.04129279851913452]}, "median_ms": {"baseline": 0.05039360225200653, "candidate": 0.041305598616600034}, "baseline_over_candidate": 1.2200186885018094}
{"case": {"B": 1, "SEQ_LEN": 256, "H": 1, "HQ": 16, "D": 64, "S": 4, "block_size": 16, "is_causal": true}, "candidate": "baseline", "phase": "compile_correctness"}
{"case": {"B": 1, "SEQ_LEN": 256, "H": 1, "HQ": 16, "D": 64, "S": 4, "block_size": 16, "is_causal": true}, "candidate": "candidate", "phase": "compile_correctness"}
2026-09-07 10:23:48  [TileLang:tilelang.cache.kernel_cache:WARNING] (kernel_cache.py:342): Found kernel 'kernel' in memory cache. For better performance, consider using `@tilelang.jit` instead of direct kernel caching.
{"case": {"B": 1, "SEQ_LEN": 256, "H": 1, "HQ": 16, "D": 64, "S": 4, "block_size": 16, "is_causal": true}, "seed": 363, "status": "PASS", "call_event_ms": {"baseline": [0.015462400019168853, 0.015564799308776855, 0.016256000101566314, 0.015590399503707886], "candidate": [0.015667200088500977, 0.015488000214099884, 0.015539200603961944, 0.015590399503707886]}, "median_ms": {"baseline": 0.01557759940624237, "candidate": 0.015564800053834916}, "baseline_over_candidate": 1.0008223268119851}
{"case": {"B": 2, "SEQ_LEN": 512, "H": 1, "HQ": 16, "D": 64, "S": 4, "block_size": 16, "is_causal": true}, "candidate": "baseline", "phase": "compile_correctness"}
{"case": {"B": 2, "SEQ_LEN": 512, "H": 1, "HQ": 16, "D": 64, "S": 4, "block_size": 16, "is_causal": true}, "candidate": "candidate", "phase": "compile_correctness"}
2026-09-07 10:23:48  [TileLang:tilelang.cache.kernel_cache:WARNING] (kernel_cache.py:342): Found kernel 'kernel' in memory cache. For better performance, consider using `@tilelang.jit` instead of direct kernel caching.
{"case": {"B": 2, "SEQ_LEN": 512, "H": 1, "HQ": 16, "D": 64, "S": 4, "block_size": 16, "is_causal": true}, "seed": 363, "status": "PASS", "call_event_ms": {"baseline": [0.028697600960731505, 0.028672000765800475, 0.028723201155662535, 0.028748801350593566], "candidate": [0.028799998760223388, 0.028646400570869444, 0.028620800375938414, 0.028748801350593566]}, "median_ms": {"baseline": 0.02871040105819702, "candidate": 0.028697600960731505}, "baseline_over_candidate": 1.0004460337114252}
{"case": {"B": 4, "SEQ_LEN": 1024, "H": 1, "HQ": 16, "D": 64, "S": 4, "block_size": 16, "is_causal": true}, "candidate": "baseline", "phase": "compile_correctness"}
{"case": {"B": 4, "SEQ_LEN": 1024, "H": 1, "HQ": 16, "D": 64, "S": 4, "block_size": 16, "is_causal": true}, "candidate": "candidate", "phase": "compile_correctness"}
2026-09-07 10:23:48  [TileLang:tilelang.cache.kernel_cache:WARNING] (kernel_cache.py:342): Found kernel 'kernel' in memory cache. For better performance, consider using `@tilelang.jit` instead of direct kernel caching.
{"case": {"B": 4, "SEQ_LEN": 1024, "H": 1, "HQ": 16, "D": 64, "S": 4, "block_size": 16, "is_causal": true}, "seed": 363, "status": "PASS", "call_event_ms": {"baseline": [0.07807999849319458, 0.07784960269927979, 0.07779840230941773, 0.0777728021144867], "candidate": [0.07800319790840149, 0.07769600152969361, 0.07810559868812561, 0.07797759771347046]}, "median_ms": {"baseline": 0.07782400250434876, "candidate": 0.07799039781093597}, "baseline_over_candidate": 0.9978664641897251}
{"case": {"B": 1, "SEQ_LEN": 256, "H": 1, "HQ": 16, "D": 64, "S": 8, "block_size": 16, "is_causal": true}, "candidate": "baseline", "phase": "compile_correctness"}
{"case": {"B": 1, "SEQ_LEN": 256, "H": 1, "HQ": 16, "D": 64, "S": 8, "block_size": 16, "is_causal": true}, "candidate": "candidate", "phase": "compile_correctness"}
2026-09-07 10:23:48  [TileLang:tilelang.cache.kernel_cache:WARNING] (kernel_cache.py:342): Found kernel 'kernel' in memory cache. For better performance, consider using `@tilelang.jit` instead of direct kernel caching.
{"case": {"B": 1, "SEQ_LEN": 256, "H": 1, "HQ": 16, "D": 64, "S": 8, "block_size": 16, "is_causal": true}, "seed": 363, "status": "PASS", "call_event_ms": {"baseline": [0.02457599937915802, 0.024396799504756927, 0.024396799504756927, 0.024447999894618988], "candidate": [0.02457599937915802, 0.024396799504756927, 0.02447360008955002, 0.02447360008955002]}, "median_ms": {"baseline": 0.024422399699687958, "candidate": 0.02447360008955002}, "baseline_over_candidate": 0.9979079338685475}
{"case": {"B": 2, "SEQ_LEN": 512, "H": 1, "HQ": 16, "D": 64, "S": 8, "block_size": 16, "is_causal": true}, "candidate": "baseline", "phase": "compile_correctness"}
{"case": {"B": 2, "SEQ_LEN": 512, "H": 1, "HQ": 16, "D": 64, "S": 8, "block_size": 16, "is_causal": true}, "candidate": "candidate", "phase": "compile_correctness"}
2026-09-07 10:23:48  [TileLang:tilelang.cache.kernel_cache:WARNING] (kernel_cache.py:342): Found kernel 'kernel' in memory cache. For better performance, consider using `@tilelang.jit` instead of direct kernel caching.
{"case": {"B": 2, "SEQ_LEN": 512, "H": 1, "HQ": 16, "D": 64, "S": 8, "block_size": 16, "is_causal": true}, "seed": 363, "status": "PASS", "call_event_ms": {"baseline": [0.04136959910392761, 0.04088320136070252, 0.04095999896526337, 0.04101119935512543], "candidate": [0.04139519929885864, 0.04119040071964264, 0.04106239974498749, 0.04116480052471161]}, "median_ms": {"baseline": 0.0409855991601944, "candidate": 0.041177600622177124}, "baseline_over_candidate": 0.9953372353152767}
{"case": {"B": 4, "SEQ_LEN": 1024, "H": 1, "HQ": 16, "D": 64, "S": 8, "block_size": 16, "is_causal": true}, "candidate": "baseline", "phase": "compile_correctness"}
{"case": {"B": 4, "SEQ_LEN": 1024, "H": 1, "HQ": 16, "D": 64, "S": 8, "block_size": 16, "is_causal": true}, "candidate": "candidate", "phase": "compile_correctness"}
2026-09-07 10:23:49  [TileLang:tilelang.cache.kernel_cache:WARNING] (kernel_cache.py:342): Found kernel 'kernel' in memory cache. For better performance, consider using `@tilelang.jit` instead of direct kernel caching.
{"case": {"B": 4, "SEQ_LEN": 1024, "H": 1, "HQ": 16, "D": 64, "S": 8, "block_size": 16, "is_causal": true}, "seed": 363, "status": "PASS", "call_event_ms": {"baseline": [0.12385280132293701, 0.12369920015335083, 0.12341760396957398, 0.1235200047492981], "candidate": [0.12364799976348877, 0.1235967993736267, 0.12336640357971192, 0.12331520318984986]}, "median_ms": {"baseline": 0.12360960245132446, "candidate": 0.12348160147666931}, "baseline_over_candidate": 1.001036599567259}
{"case": {"B": 1, "SEQ_LEN": 1024, "H": 1, "HQ": 16, "D": 128, "S": 1, "block_size": 32, "is_causal": true}, "candidate": "baseline", "phase": "compile_correctness"}
{"case": {"B": 1, "SEQ_LEN": 1024, "H": 1, "HQ": 16, "D": 128, "S": 1, "block_size": 32, "is_causal": true}, "candidate": "candidate", "phase": "compile_correctness"}
{"case": {"B": 1, "SEQ_LEN": 1024, "H": 1, "HQ": 16, "D": 128, "S": 1, "block_size": 32, "is_causal": true}, "seed": 363, "status": "PASS", "call_event_ms": {"baseline": [0.024806399643421174, 0.024294400215148927, 0.024422399699687958, 0.024089600145816802], "candidate": [0.021964800357818604, 0.021657599508762358, 0.021631999313831328, 0.02181120067834854]}, "median_ms": {"baseline": 0.024358399957418442, "candidate": 0.02173440009355545}, "baseline_over_candidate": 1.120730264123602}
{"case": {"B": 2, "SEQ_LEN": 1024, "H": 1, "HQ": 16, "D": 128, "S": 1, "block_size": 32, "is_causal": true}, "candidate": "baseline", "phase": "compile_correctness"}
{"case": {"B": 2, "SEQ_LEN": 1024, "H": 1, "HQ": 16, "D": 128, "S": 1, "block_size": 32, "is_causal": true}, "candidate": "candidate", "phase": "compile_correctness"}
{"case": {"B": 2, "SEQ_LEN": 1024, "H": 1, "HQ": 16, "D": 128, "S": 1, "block_size": 32, "is_causal": true}, "seed": 363, "status": "PASS", "call_event_ms": {"baseline": [0.045849600434303285, 0.04480000138282776, 0.04523519873619079, 0.045132800936698914], "candidate": [0.034201601147651674, 0.03409920036792755, 0.03412480056285858, 0.034227201342582704]}, "median_ms": {"baseline": 0.04518399983644485, "candidate": 0.03416320085525513}, "baseline_over_candidate": 1.3225926934622831}
{"case": {"B": 4, "SEQ_LEN": 512, "H": 1, "HQ": 16, "D": 128, "S": 1, "block_size": 32, "is_causal": true}, "candidate": "baseline", "phase": "compile_correctness"}
{"case": {"B": 4, "SEQ_LEN": 512, "H": 1, "HQ": 16, "D": 128, "S": 1, "block_size": 32, "is_causal": true}, "candidate": "candidate", "phase": "compile_correctness"}
{"case": {"B": 4, "SEQ_LEN": 512, "H": 1, "HQ": 16, "D": 128, "S": 1, "block_size": 32, "is_causal": true}, "seed": 363, "status": "PASS", "call_event_ms": {"baseline": [0.045388799905776975, 0.04492799937725067, 0.04480000138282776, 0.04480000138282776], "candidate": [0.03404799997806549, 0.03363839983940124, 0.033843201398849485, 0.03358719944953918]}, "median_ms": {"baseline": 0.044864000380039216, "candidate": 0.03374080061912536}, "baseline_over_candidate": 1.329666147714612}
{"case": {"B": 8, "SEQ_LEN": 256, "H": 1, "HQ": 16, "D": 128, "S": 1, "block_size": 32, "is_causal": true}, "candidate": "baseline", "phase": "compile_correctness"}
{"case": {"B": 8, "SEQ_LEN": 256, "H": 1, "HQ": 16, "D": 128, "S": 1, "block_size": 32, "is_causal": true}, "candidate": "candidate", "phase": "compile_correctness"}
{"case": {"B": 8, "SEQ_LEN": 256, "H": 1, "HQ": 16, "D": 128, "S": 1, "block_size": 32, "is_causal": true}, "seed": 363, "status": "PASS", "call_event_ms": {"baseline": [0.04674560129642487, 0.045747199654579164, 0.045491200685501096, 0.045900800824165346], "candidate": [0.03430399894714355, 0.033766400814056394, 0.03409920036792755, 0.03404799997806549]}, "median_ms": {"baseline": 0.045824000239372255, "candidate": 0.03407360017299652}, "baseline_over_candidate": 1.3448534938109644}
{"case": {"B": 1, "SEQ_LEN": 2048, "H": 1, "HQ": 16, "D": 32, "S": 1, "block_size": 16, "is_causal": true}, "candidate": "baseline", "phase": "compile_correctness"}
{"case": {"B": 1, "SEQ_LEN": 2048, "H": 1, "HQ": 16, "D": 32, "S": 1, "block_size": 16, "is_causal": true}, "candidate": "candidate", "phase": "compile_correctness"}
2026-09-07 10:23:50  [TileLang:tilelang.cache.kernel_cache:WARNING] (kernel_cache.py:342): Found kernel 'kernel' in memory cache. For better performance, consider using `@tilelang.jit` instead of direct kernel caching.
{"case": {"B": 1, "SEQ_LEN": 2048, "H": 1, "HQ": 16, "D": 32, "S": 1, "block_size": 16, "is_causal": true}, "seed": 363, "status": "PASS", "call_event_ms": {"baseline": [0.011801599711179733, 0.01085439994931221, 0.010547199845314026, 0.010572800040245056], "candidate": [0.01085439994931221, 0.010675200074911118, 0.010572800040245056, 0.010726399719715118]}, "median_ms": {"baseline": 0.010713599994778632, "candidate": 0.010700799897313118}, "baseline_over_candidate": 1.0011961813685282}
{"case": {"B": 4, "SEQ_LEN": 2048, "H": 1, "HQ": 16, "D": 32, "S": 1, "block_size": 16, "is_causal": true}, "candidate": "baseline", "phase": "compile_correctness"}
{"case": {"B": 4, "SEQ_LEN": 2048, "H": 1, "HQ": 16, "D": 32, "S": 1, "block_size": 16, "is_causal": true}, "candidate": "candidate", "phase": "compile_correctness"}
{"case": {"B": 4, "SEQ_LEN": 2048, "H": 1, "HQ": 16, "D": 32, "S": 1, "block_size": 16, "is_causal": true}, "seed": 363, "status": "PASS", "call_event_ms": {"baseline": [0.024934400618076325, 0.024191999435424806, 0.024320000410079957, 0.024191999435424806], "candidate": [0.023756800591945647, 0.023296000063419343, 0.023321600258350374, 0.023321600258350374]}, "median_ms": {"baseline": 0.024255999922752382, "candidate": 0.023321600258350374}, "baseline_over_candidate": 1.0400658468566042}
{"case": {"B": 8, "SEQ_LEN": 2048, "H": 1, "HQ": 16, "D": 32, "S": 1, "block_size": 16, "is_causal": true}, "candidate": "baseline", "phase": "compile_correctness"}
{"case": {"B": 8, "SEQ_LEN": 2048, "H": 1, "HQ": 16, "D": 32, "S": 1, "block_size": 16, "is_causal": true}, "candidate": "candidate", "phase": "compile_correctness"}
{"case": {"B": 8, "SEQ_LEN": 2048, "H": 1, "HQ": 16, "D": 32, "S": 1, "block_size": 16, "is_causal": true}, "seed": 363, "status": "PASS", "call_event_ms": {"baseline": [0.0414463996887207, 0.040934398770332336, 0.0414463996887207, 0.04165120124816894], "candidate": [0.039705601334571836, 0.03950079977512359, 0.03927040100097656, 0.03929600119590759]}, "median_ms": {"baseline": 0.0414463996887207, "candidate": 0.03939840048551559}, "baseline_over_candidate": 1.051981785503146}
{"case": {"B": 1, "SEQ_LEN": 48, "H": 1, "HQ": 16, "D": 32, "S": 1, "block_size": 16, "is_causal": true}, "candidate": "baseline", "phase": "compile_correctness"}
{"case": {"B": 1, "SEQ_LEN": 48, "H": 1, "HQ": 16, "D": 32, "S": 1, "block_size": 16, "is_causal": true}, "candidate": "candidate", "phase": "compile_correctness"}
2026-09-07 10:23:51  [TileLang:tilelang.cache.kernel_cache:WARNING] (kernel_cache.py:342): Found kernel 'kernel' in memory cache. For better performance, consider using `@tilelang.jit` instead of direct kernel caching.
{"case": {"B": 1, "SEQ_LEN": 48, "H": 1, "HQ": 16, "D": 32, "S": 1, "block_size": 16, "is_causal": true}, "seed": 363, "status": "PASS", "call_event_ms": {"baseline": [0.011238399893045425, 0.010291200131177902, 0.010521599650382995, 0.010444799810647965], "candidate": [0.010777600109577179, 0.010393600165843963, 0.010163199901580811, 0.010393600165843963]}, "median_ms": {"baseline": 0.01048319973051548, "candidate": 0.010393600165843963}, "baseline_over_candidate": 1.0086206476333355}
{"case": {"B": 2, "SEQ_LEN": 48, "H": 1, "HQ": 16, "D": 32, "S": 1, "block_size": 16, "is_causal": true}, "candidate": "baseline", "phase": "compile_correctness"}
{"case": {"B": 2, "SEQ_LEN": 48, "H": 1, "HQ": 16, "D": 32, "S": 1, "block_size": 16, "is_causal": true}, "candidate": "candidate", "phase": "compile_correctness"}
2026-09-07 10:23:51  [TileLang:tilelang.cache.kernel_cache:WARNING] (kernel_cache.py:342): Found kernel 'kernel' in memory cache. For better performance, consider using `@tilelang.jit` instead of direct kernel caching.
{"case": {"B": 2, "SEQ_LEN": 48, "H": 1, "HQ": 16, "D": 32, "S": 1, "block_size": 16, "is_causal": true}, "seed": 363, "status": "PASS", "call_event_ms": {"baseline": [0.011110399663448334, 0.010623999685049058, 0.010470400005578995, 0.010470400005578995], "candidate": [0.010828799754381179, 0.010419200360774993, 0.010496000200510025, 0.010496000200510025]}, "median_ms": {"baseline": 0.010547199845314027, "candidate": 0.010496000200510025}, "baseline_over_candidate": 1.0048780148462186}
{"case": {"B": 4, "SEQ_LEN": 48, "H": 1, "HQ": 16, "D": 32, "S": 1, "block_size": 16, "is_causal": true}, "candidate": "baseline", "phase": "compile_correctness"}
{"case": {"B": 4, "SEQ_LEN": 48, "H": 1, "HQ": 16, "D": 32, "S": 1, "block_size": 16, "is_causal": true}, "candidate": "candidate", "phase": "compile_correctness"}
2026-09-07 10:23:51  [TileLang:tilelang.cache.kernel_cache:WARNING] (kernel_cache.py:342): Found kernel 'kernel' in memory cache. For better performance, consider using `@tilelang.jit` instead of direct kernel caching.
{"case": {"B": 4, "SEQ_LEN": 48, "H": 1, "HQ": 16, "D": 32, "S": 1, "block_size": 16, "is_causal": true}, "seed": 363, "status": "PASS", "call_event_ms": {"baseline": [0.011443199962377549, 0.010444799810647965, 0.010444799810647965, 0.010572800040245056], "candidate": [0.010777600109577179, 0.010444799810647965, 0.010649599879980088, 0.010572800040245056]}, "median_ms": {"baseline": 0.01050879992544651, "candidate": 0.010611199960112571}, "baseline_over_candidate": 0.9903498157559012}
{"case": {"B": 8, "SEQ_LEN": 48, "H": 1, "HQ": 16, "D": 32, "S": 1, "block_size": 16, "is_causal": true}, "candidate": "baseline", "phase": "compile_correctness"}
{"case": {"B": 8, "SEQ_LEN": 48, "H": 1, "HQ": 16, "D": 32, "S": 1, "block_size": 16, "is_causal": true}, "candidate": "candidate", "phase": "compile_correctness"}
2026-09-07 10:23:51  [TileLang:tilelang.cache.kernel_cache:WARNING] (kernel_cache.py:342): Found kernel 'kernel' in memory cache. For better performance, consider using `@tilelang.jit` instead of direct kernel caching.
{"case": {"B": 8, "SEQ_LEN": 48, "H": 1, "HQ": 16, "D": 32, "S": 1, "block_size": 16, "is_causal": true}, "seed": 363, "status": "PASS", "call_event_ms": {"baseline": [0.011392000317573547, 0.010649599879980088, 0.010623999685049058, 0.010521599650382995], "candidate": [0.01085439994931221, 0.010675200074911118, 0.010675200074911118, 0.010777600109577179]}, "median_ms": {"baseline": 0.010636799782514573, "candidate": 0.010726400092244149}, "baseline_over_candidate": 0.9916467492393499}
{"case": {"B": 1, "SEQ_LEN": 96, "H": 1, "HQ": 16, "D": 32, "S": 1, "block_size": 16, "is_causal": true}, "candidate": "baseline", "phase": "compile_correctness"}
{"case": {"B": 1, "SEQ_LEN": 96, "H": 1, "HQ": 16, "D": 32, "S": 1, "block_size": 16, "is_causal": true}, "candidate": "candidate", "phase": "compile_correctness"}
2026-09-07 10:23:52  [TileLang:tilelang.cache.kernel_cache:WARNING] (kernel_cache.py:342): Found kernel 'kernel' in memory cache. For better performance, consider using `@tilelang.jit` instead of direct kernel caching.
{"case": {"B": 1, "SEQ_LEN": 96, "H": 1, "HQ": 16, "D": 32, "S": 1, "block_size": 16, "is_causal": true}, "seed": 363, "status": "PASS", "call_event_ms": {"baseline": [0.011417599767446518, 0.010470400005578995, 0.010470400005578995, 0.010393600165843963], "candidate": [0.010931199789047242, 0.010623999685049058, 0.010291200131177902, 0.010393600165843963]}, "median_ms": {"baseline": 0.010470400005578995, "candidate": 0.01050879992544651}, "baseline_over_candidate": 0.9963459272095825}
{"case": {"B": 2, "SEQ_LEN": 96, "H": 1, "HQ": 16, "D": 32, "S": 1, "block_size": 16, "is_causal": true}, "candidate": "baseline", "phase": "compile_correctness"}
{"case": {"B": 2, "SEQ_LEN": 96, "H": 1, "HQ": 16, "D": 32, "S": 1, "block_size": 16, "is_causal": true}, "candidate": "candidate", "phase": "compile_correctness"}
2026-09-07 10:23:52  [TileLang:tilelang.cache.kernel_cache:WARNING] (kernel_cache.py:342): Found kernel 'kernel' in memory cache. For better performance, consider using `@tilelang.jit` instead of direct kernel caching.
{"case": {"B": 2, "SEQ_LEN": 96, "H": 1, "HQ": 16, "D": 32, "S": 1, "block_size": 16, "is_causal": true}, "seed": 363, "status": "PASS", "call_event_ms": {"baseline": [0.011468800157308579, 0.010598400235176086, 0.010547199845314026, 0.010649599879980088], "candidate": [0.010777600109577179, 0.010623999685049058, 0.010444799810647965, 0.010598400235176086]}, "median_ms": {"baseline": 0.010624000057578086, "candidate": 0.010611199960112571}, "baseline_over_candidate": 1.0012062818073009}
{"case": {"B": 4, "SEQ_LEN": 96, "H": 1, "HQ": 16, "D": 32, "S": 1, "block_size": 16, "is_causal": true}, "candidate": "baseline", "phase": "compile_correctness"}
{"case": {"B": 4, "SEQ_LEN": 96, "H": 1, "HQ": 16, "D": 32, "S": 1, "block_size": 16, "is_causal": true}, "candidate": "candidate", "phase": "compile_correctness"}
2026-09-07 10:23:52  [TileLang:tilelang.cache.kernel_cache:WARNING] (kernel_cache.py:342): Found kernel 'kernel' in memory cache. For better performance, consider using `@tilelang.jit` instead of direct kernel caching.
{"case": {"B": 4, "SEQ_LEN": 96, "H": 1, "HQ": 16, "D": 32, "S": 1, "block_size": 16, "is_causal": true}, "seed": 363, "status": "PASS", "call_event_ms": {"baseline": [0.011315199732780456, 0.010393600165843963, 0.010367999970912933, 0.010367999970912933], "candidate": [0.010623999685049058, 0.010521599650382995, 0.010393600165843963, 0.010367999970912933]}, "median_ms": {"baseline": 0.010380800068378448, "candidate": 0.010457599908113478}, "baseline_over_candidate": 0.9926560740122171}
{"case": {"B": 8, "SEQ_LEN": 96, "H": 1, "HQ": 16, "D": 32, "S": 1, "block_size": 16, "is_causal": true}, "candidate": "baseline", "phase": "compile_correctness"}
{"case": {"B": 8, "SEQ_LEN": 96, "H": 1, "HQ": 16, "D": 32, "S": 1, "block_size": 16, "is_causal": true}, "candidate": "candidate", "phase": "compile_correctness"}
2026-09-07 10:23:52  [TileLang:tilelang.cache.kernel_cache:WARNING] (kernel_cache.py:342): Found kernel 'kernel' in memory cache. For better performance, consider using `@tilelang.jit` instead of direct kernel caching.
{"case": {"B": 8, "SEQ_LEN": 96, "H": 1, "HQ": 16, "D": 32, "S": 1, "block_size": 16, "is_causal": true}, "seed": 363, "status": "PASS", "call_event_ms": {"baseline": [0.011392000317573547, 0.010419200360774993, 0.010444799810647965, 0.010572800040245056], "candidate": [0.01088000014424324, 0.010521599650382995, 0.010649599879980088, 0.010649599879980088]}, "median_ms": {"baseline": 0.01050879992544651, "candidate": 0.010649599879980088}, "baseline_over_candidate": 0.9867788502741531}
{"case": {"B": 1, "SEQ_LEN": 4096, "H": 1, "HQ": 16, "D": 64, "S": 1, "block_size": 16, "is_causal": true}, "candidate": "baseline", "phase": "compile_correctness"}
{"case": {"B": 1, "SEQ_LEN": 4096, "H": 1, "HQ": 16, "D": 64, "S": 1, "block_size": 16, "is_causal": true}, "candidate": "candidate", "phase": "compile_correctness"}
2026-09-07 10:23:53  [TileLang:tilelang.cache.kernel_cache:WARNING] (kernel_cache.py:342): Found kernel 'kernel' in memory cache. For better performance, consider using `@tilelang.jit` instead of direct kernel caching.
{"case": {"B": 1, "SEQ_LEN": 4096, "H": 1, "HQ": 16, "D": 64, "S": 1, "block_size": 16, "is_causal": true}, "seed": 363, "status": "PASS", "call_event_ms": {"baseline": [0.029824000597000123, 0.02900480031967163, 0.029542401432991028, 0.029491201043128967], "candidate": [0.030054399371147157, 0.029183998703956604, 0.029388800263404846, 0.02961919903755188]}, "median_ms": {"baseline": 0.029516801238059998, "candidate": 0.02950399965047836}, "baseline_over_candidate": 1.0004338932935632}
{"case": {"B": 1, "SEQ_LEN": 4096, "H": 1, "HQ": 16, "D": 128, "S": 1, "block_size": 16, "is_causal": true}, "candidate": "baseline", "phase": "compile_correctness"}
{"case": {"B": 1, "SEQ_LEN": 4096, "H": 1, "HQ": 16, "D": 128, "S": 1, "block_size": 16, "is_causal": true}, "candidate": "candidate", "phase": "compile_correctness"}
{"case": {"B": 1, "SEQ_LEN": 4096, "H": 1, "HQ": 16, "D": 128, "S": 1, "block_size": 16, "is_causal": true}, "seed": 363, "status": "PASS", "call_event_ms": {"baseline": [0.05800960063934326, 0.05742080211639404, 0.056959998607635495, 0.0572160005569458], "candidate": [0.0499455988407135, 0.04951040148735046, 0.04922879934310913, 0.04991999864578247]}, "median_ms": {"baseline": 0.05731840133666992, "candidate": 0.04971520006656646}, "baseline_over_candidate": 1.1529351437774182}
{"case": {"B": 2, "SEQ_LEN": 4096, "H": 1, "HQ": 16, "D": 64, "S": 1, "block_size": 16, "is_causal": true}, "candidate": "baseline", "phase": "compile_correctness"}
{"case": {"B": 2, "SEQ_LEN": 4096, "H": 1, "HQ": 16, "D": 64, "S": 1, "block_size": 16, "is_causal": true}, "candidate": "candidate", "phase": "compile_correctness"}
2026-09-07 10:23:53  [TileLang:tilelang.cache.kernel_cache:WARNING] (kernel_cache.py:342): Found kernel 'kernel' in memory cache. For better performance, consider using `@tilelang.jit` instead of direct kernel caching.
{"case": {"B": 2, "SEQ_LEN": 4096, "H": 1, "HQ": 16, "D": 64, "S": 1, "block_size": 16, "is_causal": true}, "seed": 363, "status": "PASS", "call_event_ms": {"baseline": [0.04984320104122162, 0.04958719909191132, 0.04984320104122162, 0.04989440143108368], "candidate": [0.04948480129241943, 0.04951040148735046, 0.04968959987163544, 0.05022720098495483]}, "median_ms": {"baseline": 0.04984320104122162, "candidate": 0.04960000067949295}, "baseline_over_candidate": 1.0049032330321968}
{"case": {"B": 4, "SEQ_LEN": 4096, "H": 1, "HQ": 16, "D": 64, "S": 1, "block_size": 16, "is_causal": true}, "candidate": "baseline", "phase": "compile_correctness"}
{"case": {"B": 4, "SEQ_LEN": 4096, "H": 1, "HQ": 16, "D": 64, "S": 1, "block_size": 16, "is_causal": true}, "candidate": "candidate", "phase": "compile_correctness"}
2026-09-07 10:23:54  [TileLang:tilelang.cache.kernel_cache:WARNING] (kernel_cache.py:342): Found kernel 'kernel' in memory cache. For better performance, consider using `@tilelang.jit` instead of direct kernel caching.
{"case": {"B": 4, "SEQ_LEN": 4096, "H": 1, "HQ": 16, "D": 64, "S": 1, "block_size": 16, "is_causal": true}, "seed": 363, "status": "PASS", "call_event_ms": {"baseline": [0.0901632010936737, 0.08939520120620728, 0.08960000276565552, 0.09029120206832886], "candidate": [0.08872960209846496, 0.088755202293396, 0.08885759711265565, 0.08888319730758668]}, "median_ms": {"baseline": 0.08988160192966461, "candidate": 0.08880639970302581}, "baseline_over_candidate": 1.0121072606279993}
{"case": {"B": 8, "SEQ_LEN": 4096, "H": 1, "HQ": 16, "D": 64, "S": 1, "block_size": 16, "is_causal": true}, "candidate": "baseline", "phase": "compile_correctness"}
{"case": {"B": 8, "SEQ_LEN": 4096, "H": 1, "HQ": 16, "D": 64, "S": 1, "block_size": 16, "is_causal": true}, "candidate": "candidate", "phase": "compile_correctness"}
2026-09-07 10:23:54  [TileLang:tilelang.cache.kernel_cache:WARNING] (kernel_cache.py:342): Found kernel 'kernel' in memory cache. For better performance, consider using `@tilelang.jit` instead of direct kernel caching.
{"case": {"B": 8, "SEQ_LEN": 4096, "H": 1, "HQ": 16, "D": 64, "S": 1, "block_size": 16, "is_causal": true}, "seed": 363, "status": "PASS", "call_event_ms": {"baseline": [0.16870399713516235, 0.16750080585479737, 0.1679103970527649, 0.16821759939193726], "candidate": [0.16811519861221313, 0.16811519861221313, 0.16862720251083374, 0.16785919666290283]}, "median_ms": {"baseline": 0.16806399822235107, "candidate": 0.16811519861221313}, "baseline_over_candidate": 0.9996954446100964}
{"case": {"B": 1, "SEQ_LEN": 8192, "H": 1, "HQ": 16, "D": 64, "S": 1, "block_size": 16, "is_causal": true}, "candidate": "baseline", "phase": "compile_correctness"}
{"case": {"B": 1, "SEQ_LEN": 8192, "H": 1, "HQ": 16, "D": 64, "S": 1, "block_size": 16, "is_causal": true}, "candidate": "candidate", "phase": "compile_correctness"}
2026-09-07 10:23:55  [TileLang:tilelang.cache.kernel_cache:WARNING] (kernel_cache.py:342): Found kernel 'kernel' in memory cache. For better performance, consider using `@tilelang.jit` instead of direct kernel caching.
{"case": {"B": 1, "SEQ_LEN": 8192, "H": 1, "HQ": 16, "D": 64, "S": 1, "block_size": 16, "is_causal": true}, "seed": 363, "status": "PASS", "call_event_ms": {"baseline": [0.04933120012283325, 0.05050879716873169, 0.04961279928684235, 0.04925439953804016], "candidate": [0.05027840137481689, 0.05004799962043762, 0.04976640045642853, 0.050406402349472045]}, "median_ms": {"baseline": 0.0494719997048378, "candidate": 0.05016320049762726}, "baseline_over_candidate": 0.9862209590709399}
{"case": {"B": 1, "SEQ_LEN": 8192, "H": 1, "HQ": 16, "D": 128, "S": 1, "block_size": 16, "is_causal": true}, "candidate": "baseline", "phase": "compile_correctness"}
{"case": {"B": 1, "SEQ_LEN": 8192, "H": 1, "HQ": 16, "D": 128, "S": 1, "block_size": 16, "is_causal": true}, "candidate": "candidate", "phase": "compile_correctness"}
{"case": {"B": 1, "SEQ_LEN": 8192, "H": 1, "HQ": 16, "D": 128, "S": 1, "block_size": 16, "is_causal": true}, "seed": 363, "status": "PASS", "call_event_ms": {"baseline": [0.10455039739608765, 0.10306559801101685, 0.1028607964515686, 0.10278400182723998], "candidate": [0.0934656023979187, 0.09308159947395325, 0.09231359958648681, 0.09226239919662475]}, "median_ms": {"baseline": 0.10296319723129273, "candidate": 0.09269759953022003}, "baseline_over_candidate": 1.1107428644657196}
{"case": {"B": 2, "SEQ_LEN": 8192, "H": 1, "HQ": 16, "D": 64, "S": 1, "block_size": 16, "is_causal": true}, "candidate": "baseline", "phase": "compile_correctness"}
{"case": {"B": 2, "SEQ_LEN": 8192, "H": 1, "HQ": 16, "D": 64, "S": 1, "block_size": 16, "is_causal": true}, "candidate": "candidate", "phase": "compile_correctness"}
2026-09-07 10:23:55  [TileLang:tilelang.cache.kernel_cache:WARNING] (kernel_cache.py:342): Found kernel 'kernel' in memory cache. For better performance, consider using `@tilelang.jit` instead of direct kernel caching.
{"case": {"B": 2, "SEQ_LEN": 8192, "H": 1, "HQ": 16, "D": 64, "S": 1, "block_size": 16, "is_causal": true}, "seed": 363, "status": "PASS", "call_event_ms": {"baseline": [0.08967679738998413, 0.08916479945182801, 0.08993279933929443, 0.08944640159606934], "candidate": [0.08977919816970825, 0.08980479836463928, 0.09029120206832886, 0.08947200179100037]}, "median_ms": {"baseline": 0.08956159949302674, "candidate": 0.08979199826717377}, "baseline_over_candidate": 0.9974340834529433}
{"case": {"B": 4, "SEQ_LEN": 8192, "H": 1, "HQ": 16, "D": 32, "S": 1, "block_size": 16, "is_causal": true}, "candidate": "baseline", "phase": "compile_correctness"}
{"case": {"B": 4, "SEQ_LEN": 8192, "H": 1, "HQ": 16, "D": 32, "S": 1, "block_size": 16, "is_causal": true}, "candidate": "candidate", "phase": "compile_correctness"}
{"case": {"B": 4, "SEQ_LEN": 8192, "H": 1, "HQ": 16, "D": 32, "S": 1, "block_size": 16, "is_causal": true}, "seed": 363, "status": "PASS", "call_event_ms": {"baseline": [0.07526400089263915, 0.07444480061531067, 0.07449600100517273, 0.07462400197982788], "candidate": [0.07134720087051391, 0.07150080204010009, 0.0709119975566864, 0.07093759775161743]}, "median_ms": {"baseline": 0.0745600014925003, "candidate": 0.07114239931106567}, "baseline_over_candidate": 1.0480388940284595}
{"case": {"B": 1, "SEQ_LEN": 16384, "H": 1, "HQ": 16, "D": 32, "S": 1, "block_size": 16, "is_causal": true}, "candidate": "baseline", "phase": "compile_correctness"}
{"case": {"B": 1, "SEQ_LEN": 16384, "H": 1, "HQ": 16, "D": 32, "S": 1, "block_size": 16, "is_causal": true}, "candidate": "candidate", "phase": "compile_correctness"}
{"case": {"B": 1, "SEQ_LEN": 16384, "H": 1, "HQ": 16, "D": 32, "S": 1, "block_size": 16, "is_causal": true}, "seed": 363, "status": "PASS", "call_event_ms": {"baseline": [0.04208639860153198, 0.04149760007858276, 0.04152320027351379, 0.04149760007858276], "candidate": [0.03973119854927063, 0.03947519958019256, 0.03937279880046844, 0.03980799913406372]}, "median_ms": {"baseline": 0.041510400176048276, "candidate": 0.0396031990647316}, "baseline_over_candidate": 1.0481577538268902}
{"case": {"B": 1, "SEQ_LEN": 16384, "H": 1, "HQ": 16, "D": 64, "S": 1, "block_size": 16, "is_causal": true}, "candidate": "baseline", "phase": "compile_correctness"}
{"case": {"B": 1, "SEQ_LEN": 16384, "H": 1, "HQ": 16, "D": 64, "S": 1, "block_size": 16, "is_causal": true}, "candidate": "candidate", "phase": "compile_correctness"}
2026-09-07 10:23:57  [TileLang:tilelang.cache.kernel_cache:WARNING] (kernel_cache.py:342): Found kernel 'kernel' in memory cache. For better performance, consider using `@tilelang.jit` instead of direct kernel caching.
{"case": {"B": 1, "SEQ_LEN": 16384, "H": 1, "HQ": 16, "D": 64, "S": 1, "block_size": 16, "is_causal": true}, "seed": 363, "status": "PASS", "call_event_ms": {"baseline": [0.09277439713478089, 0.09205759763717651, 0.09231359958648681, 0.09195520281791687], "candidate": [0.0914687991142273, 0.09113600254058837, 0.09134079813957215, 0.09169920086860657]}, "median_ms": {"baseline": 0.09218559861183166, "candidate": 0.09140479862689972}, "baseline_over_candidate": 1.0085422209409272}
{"case": {"B": 2, "SEQ_LEN": 16384, "H": 1, "HQ": 16, "D": 32, "S": 1, "block_size": 16, "is_causal": true}, "candidate": "baseline", "phase": "compile_correctness"}
{"case": {"B": 2, "SEQ_LEN": 16384, "H": 1, "HQ": 16, "D": 32, "S": 1, "block_size": 16, "is_causal": true}, "candidate": "candidate", "phase": "compile_correctness"}
{"case": {"B": 2, "SEQ_LEN": 16384, "H": 1, "HQ": 16, "D": 32, "S": 1, "block_size": 16, "is_causal": true}, "seed": 363, "status": "PASS", "call_event_ms": {"baseline": [0.07549440264701843, 0.07536640167236328, 0.07511039972305297, 0.07495679855346679], "candidate": [0.07155200242996215, 0.07206400036811829, 0.07139840126037597, 0.071424001455307]}, "median_ms": {"baseline": 0.07523840069770812, "candidate": 0.07148800194263458}, "baseline_over_candidate": 1.0524619328161255}
