Loading tilelang libs from dev root: /opt/tilelang-metax-v0.1.10/build
{"case": {"B": 1, "SEQ_LEN": 64, "H": 1, "HQ": 16, "D": 32, "S": 1, "block_size": 16, "is_causal": true}, "candidate": "baseline", "phase": "compile_correctness"}
{"case": {"B": 1, "SEQ_LEN": 64, "H": 1, "HQ": 16, "D": 32, "S": 1, "block_size": 16, "is_causal": true}, "candidate": "candidate", "phase": "compile_correctness"}
2026-09-07 11:38:30  [TileLang:tilelang.cache.kernel_cache:WARNING] (kernel_cache.py:342): Found kernel 'kernel' in memory cache. For better performance, consider using `@tilelang.jit` instead of direct kernel caching.
{"case": {"B": 1, "SEQ_LEN": 64, "H": 1, "HQ": 16, "D": 32, "S": 1, "block_size": 16, "is_causal": true}, "seed": 399, "status": "PASS", "call_event_ms": {"baseline": [0.011673600226640702, 0.010470400005578995, 0.010239999741315842, 0.010265599936246872], "candidate": [0.010649599879980088, 0.011212799698114395, 0.010393600165843963, 0.010291200131177902]}, "median_ms": {"baseline": 0.010367999970912933, "candidate": 0.010521600022912025}, "baseline_over_candidate": 0.9854014549436768}
{"case": {"B": 1, "SEQ_LEN": 64, "H": 1, "HQ": 16, "D": 64, "S": 1, "block_size": 16, "is_causal": true}, "candidate": "baseline", "phase": "compile_correctness"}
{"case": {"B": 1, "SEQ_LEN": 64, "H": 1, "HQ": 16, "D": 64, "S": 1, "block_size": 16, "is_causal": true}, "candidate": "candidate", "phase": "compile_correctness"}
2026-09-07 11:38:30  [TileLang:tilelang.cache.kernel_cache:WARNING] (kernel_cache.py:342): Found kernel 'kernel' in memory cache. For better performance, consider using `@tilelang.jit` instead of direct kernel caching.
{"case": {"B": 1, "SEQ_LEN": 64, "H": 1, "HQ": 16, "D": 64, "S": 1, "block_size": 16, "is_causal": true}, "seed": 399, "status": "PASS", "call_event_ms": {"baseline": [0.011264000087976456, 0.010367999970912933, 0.010470400005578995, 0.01226240023970604], "candidate": [0.010598400235176086, 0.010623999685049058, 0.010496000200510025, 0.010444799810647965]}, "median_ms": {"baseline": 0.010867200046777725, "candidate": 0.010547200217843056}, "baseline_over_candidate": 1.0303397889795733}
{"case": {"B": 1, "SEQ_LEN": 64, "H": 1, "HQ": 16, "D": 128, "S": 1, "block_size": 16, "is_causal": true}, "candidate": "baseline", "phase": "compile_correctness"}
{"case": {"B": 1, "SEQ_LEN": 64, "H": 1, "HQ": 16, "D": 128, "S": 1, "block_size": 16, "is_causal": true}, "candidate": "candidate", "phase": "compile_correctness"}
{"case": {"B": 1, "SEQ_LEN": 64, "H": 1, "HQ": 16, "D": 128, "S": 1, "block_size": 16, "is_causal": true}, "seed": 399, "status": "PASS", "call_event_ms": {"baseline": [0.011750400066375732, 0.011264000087976456, 0.011187200248241425, 0.011366400122642516], "candidate": [0.010675200074911118, 0.010393600165843963, 0.010496000200510025, 0.010675200074911118]}, "median_ms": {"baseline": 0.011315200105309486, "candidate": 0.010585600137710573}, "baseline_over_candidate": 1.0689238170823927}
{"case": {"B": 1, "SEQ_LEN": 128, "H": 1, "HQ": 16, "D": 32, "S": 1, "block_size": 16, "is_causal": true}, "candidate": "baseline", "phase": "compile_correctness"}
{"case": {"B": 1, "SEQ_LEN": 128, "H": 1, "HQ": 16, "D": 32, "S": 1, "block_size": 16, "is_causal": true}, "candidate": "candidate", "phase": "compile_correctness"}
2026-09-07 11:38:31  [TileLang:tilelang.cache.kernel_cache:WARNING] (kernel_cache.py:342): Found kernel 'kernel' in memory cache. For better performance, consider using `@tilelang.jit` instead of direct kernel caching.
{"case": {"B": 1, "SEQ_LEN": 128, "H": 1, "HQ": 16, "D": 32, "S": 1, "block_size": 16, "is_causal": true}, "seed": 399, "status": "PASS", "call_event_ms": {"baseline": [0.011392000317573547, 0.010291200131177902, 0.010393600165843963, 0.010419200360774993], "candidate": [0.010649599879980088, 0.010393600165843963, 0.010496000200510025, 0.010342399775981902]}, "median_ms": {"baseline": 0.010406400263309478, "candidate": 0.010444800183176995}, "baseline_over_candidate": 0.996323537148239}
{"case": {"B": 1, "SEQ_LEN": 128, "H": 1, "HQ": 16, "D": 64, "S": 1, "block_size": 16, "is_causal": true}, "candidate": "baseline", "phase": "compile_correctness"}
{"case": {"B": 1, "SEQ_LEN": 128, "H": 1, "HQ": 16, "D": 64, "S": 1, "block_size": 16, "is_causal": true}, "candidate": "candidate", "phase": "compile_correctness"}
2026-09-07 11:38:31  [TileLang:tilelang.cache.kernel_cache:WARNING] (kernel_cache.py:342): Found kernel 'kernel' in memory cache. For better performance, consider using `@tilelang.jit` instead of direct kernel caching.
{"case": {"B": 1, "SEQ_LEN": 128, "H": 1, "HQ": 16, "D": 64, "S": 1, "block_size": 16, "is_causal": true}, "seed": 399, "status": "PASS", "call_event_ms": {"baseline": [0.011315199732780456, 0.010751999914646149, 0.010572800040245056, 0.010265599936246872], "candidate": [0.010700800269842149, 0.010291200131177902, 0.010163199901580811, 0.010444799810647965]}, "median_ms": {"baseline": 0.010662399977445603, "candidate": 0.010367999970912933}, "baseline_over_candidate": 1.0283950624381366}
{"case": {"B": 1, "SEQ_LEN": 128, "H": 1, "HQ": 16, "D": 128, "S": 1, "block_size": 16, "is_causal": true}, "candidate": "baseline", "phase": "compile_correctness"}
{"case": {"B": 1, "SEQ_LEN": 128, "H": 1, "HQ": 16, "D": 128, "S": 1, "block_size": 16, "is_causal": true}, "candidate": "candidate", "phase": "compile_correctness"}
{"case": {"B": 1, "SEQ_LEN": 128, "H": 1, "HQ": 16, "D": 128, "S": 1, "block_size": 16, "is_causal": true}, "seed": 399, "status": "PASS", "call_event_ms": {"baseline": [0.011903999745845795, 0.011340799927711486, 0.011494400352239609, 0.011315199732780456], "candidate": [0.010751999914646149, 0.010316800326108932, 0.010444799810647965, 0.010623999685049058]}, "median_ms": {"baseline": 0.011417600139975548, "candidate": 0.010534399747848512}, "baseline_over_candidate": 1.0838396504088823}
{"case": {"B": 1, "SEQ_LEN": 256, "H": 1, "HQ": 16, "D": 32, "S": 1, "block_size": 16, "is_causal": true}, "candidate": "baseline", "phase": "compile_correctness"}
{"case": {"B": 1, "SEQ_LEN": 256, "H": 1, "HQ": 16, "D": 32, "S": 1, "block_size": 16, "is_causal": true}, "candidate": "candidate", "phase": "compile_correctness"}
2026-09-07 11:38:31  [TileLang:tilelang.cache.kernel_cache:WARNING] (kernel_cache.py:342): Found kernel 'kernel' in memory cache. For better performance, consider using `@tilelang.jit` instead of direct kernel caching.
{"case": {"B": 1, "SEQ_LEN": 256, "H": 1, "HQ": 16, "D": 32, "S": 1, "block_size": 16, "is_causal": true}, "seed": 399, "status": "PASS", "call_event_ms": {"baseline": [0.011417599767446518, 0.010316800326108932, 0.010521599650382995, 0.010470400005578995], "candidate": [0.011007999628782272, 0.010521599650382995, 0.010444799810647965, 0.010547199845314026]}, "median_ms": {"baseline": 0.010495999827980995, "candidate": 0.01053439974784851}, "baseline_over_candidate": 0.996354807033466}
{"case": {"B": 1, "SEQ_LEN": 256, "H": 1, "HQ": 16, "D": 64, "S": 1, "block_size": 16, "is_causal": true}, "candidate": "baseline", "phase": "compile_correctness"}
{"case": {"B": 1, "SEQ_LEN": 256, "H": 1, "HQ": 16, "D": 64, "S": 1, "block_size": 16, "is_causal": true}, "candidate": "candidate", "phase": "compile_correctness"}
2026-09-07 11:38:31  [TileLang:tilelang.cache.kernel_cache:WARNING] (kernel_cache.py:342): Found kernel 'kernel' in memory cache. For better performance, consider using `@tilelang.jit` instead of direct kernel caching.
{"case": {"B": 1, "SEQ_LEN": 256, "H": 1, "HQ": 16, "D": 64, "S": 1, "block_size": 16, "is_causal": true}, "seed": 399, "status": "PASS", "call_event_ms": {"baseline": [0.011494400352239609, 0.010496000200510025, 0.010444799810647965, 0.010649599879980088], "candidate": [0.01088000014424324, 0.010496000200510025, 0.010598400235176086, 0.011699199676513672]}, "median_ms": {"baseline": 0.010572800040245058, "candidate": 0.010739200189709662}, "baseline_over_candidate": 0.9845053498840585}
{"case": {"B": 1, "SEQ_LEN": 256, "H": 1, "HQ": 16, "D": 128, "S": 1, "block_size": 16, "is_causal": true}, "candidate": "baseline", "phase": "compile_correctness"}
{"case": {"B": 1, "SEQ_LEN": 256, "H": 1, "HQ": 16, "D": 128, "S": 1, "block_size": 16, "is_causal": true}, "candidate": "candidate", "phase": "compile_correctness"}
{"case": {"B": 1, "SEQ_LEN": 256, "H": 1, "HQ": 16, "D": 128, "S": 1, "block_size": 16, "is_causal": true}, "seed": 399, "status": "PASS", "call_event_ms": {"baseline": [0.012518399953842163, 0.011622399836778641, 0.011596799641847611, 0.011648000031709672], "candidate": [0.010777600109577179, 0.010521599650382995, 0.010496000200510025, 0.010316800326108932]}, "median_ms": {"baseline": 0.011635199934244157, "candidate": 0.01050879992544651}, "baseline_over_candidate": 1.1071863596974691}
{"case": {"B": 1, "SEQ_LEN": 512, "H": 1, "HQ": 16, "D": 32, "S": 1, "block_size": 16, "is_causal": true}, "candidate": "baseline", "phase": "compile_correctness"}
{"case": {"B": 1, "SEQ_LEN": 512, "H": 1, "HQ": 16, "D": 32, "S": 1, "block_size": 16, "is_causal": true}, "candidate": "candidate", "phase": "compile_correctness"}
2026-09-07 11:38:32  [TileLang:tilelang.cache.kernel_cache:WARNING] (kernel_cache.py:342): Found kernel 'kernel' in memory cache. For better performance, consider using `@tilelang.jit` instead of direct kernel caching.
{"case": {"B": 1, "SEQ_LEN": 512, "H": 1, "HQ": 16, "D": 32, "S": 1, "block_size": 16, "is_causal": true}, "seed": 399, "status": "PASS", "call_event_ms": {"baseline": [0.011264000087976456, 0.010470400005578995, 0.010367999970912933, 0.01080320030450821], "candidate": [0.010982400178909302, 0.010700800269842149, 0.010700800269842149, 0.010521599650382995]}, "median_ms": {"baseline": 0.010636800155043601, "candidate": 0.010700800269842149}, "baseline_over_candidate": 0.9940191281787665}
{"case": {"B": 1, "SEQ_LEN": 512, "H": 1, "HQ": 16, "D": 64, "S": 1, "block_size": 16, "is_causal": true}, "candidate": "baseline", "phase": "compile_correctness"}
{"case": {"B": 1, "SEQ_LEN": 512, "H": 1, "HQ": 16, "D": 64, "S": 1, "block_size": 16, "is_causal": true}, "candidate": "candidate", "phase": "compile_correctness"}
2026-09-07 11:38:32  [TileLang:tilelang.cache.kernel_cache:WARNING] (kernel_cache.py:342): Found kernel 'kernel' in memory cache. For better performance, consider using `@tilelang.jit` instead of direct kernel caching.
{"case": {"B": 1, "SEQ_LEN": 512, "H": 1, "HQ": 16, "D": 64, "S": 1, "block_size": 16, "is_causal": true}, "seed": 399, "status": "PASS", "call_event_ms": {"baseline": [0.011443199962377549, 0.01085439994931221, 0.010700800269842149, 0.010623999685049058], "candidate": [0.010751999914646149, 0.010444799810647965, 0.010598400235176086, 0.010521599650382995]}, "median_ms": {"baseline": 0.010777600109577179, "candidate": 0.01055999994277954}, "baseline_over_candidate": 1.0206060765129477}
{"case": {"B": 1, "SEQ_LEN": 512, "H": 1, "HQ": 16, "D": 128, "S": 1, "block_size": 16, "is_causal": true}, "candidate": "baseline", "phase": "compile_correctness"}
{"case": {"B": 1, "SEQ_LEN": 512, "H": 1, "HQ": 16, "D": 128, "S": 1, "block_size": 16, "is_causal": true}, "candidate": "candidate", "phase": "compile_correctness"}
{"case": {"B": 1, "SEQ_LEN": 512, "H": 1, "HQ": 16, "D": 128, "S": 1, "block_size": 16, "is_causal": true}, "seed": 399, "status": "PASS", "call_event_ms": {"baseline": [0.013849599659442902, 0.013235199451446533, 0.013209599256515502, 0.013260799646377563], "candidate": [0.01154559999704361, 0.011161600053310395, 0.011238399893045425, 0.011110399663448334]}, "median_ms": {"baseline": 0.013247999548912048, "candidate": 0.01119999997317791}, "baseline_over_candidate": 1.1828571054141739}
{"case": {"B": 1, "SEQ_LEN": 1024, "H": 1, "HQ": 16, "D": 32, "S": 1, "block_size": 16, "is_causal": true}, "candidate": "baseline", "phase": "compile_correctness"}
{"case": {"B": 1, "SEQ_LEN": 1024, "H": 1, "HQ": 16, "D": 32, "S": 1, "block_size": 16, "is_causal": true}, "candidate": "candidate", "phase": "compile_correctness"}
2026-09-07 11:38:32  [TileLang:tilelang.cache.kernel_cache:WARNING] (kernel_cache.py:342): Found kernel 'kernel' in memory cache. For better performance, consider using `@tilelang.jit` instead of direct kernel caching.
{"case": {"B": 1, "SEQ_LEN": 1024, "H": 1, "HQ": 16, "D": 32, "S": 1, "block_size": 16, "is_causal": true}, "seed": 399, "status": "PASS", "call_event_ms": {"baseline": [0.011443199962377549, 0.010470400005578995, 0.010496000200510025, 0.010521599650382995], "candidate": [0.010751999914646149, 0.010521599650382995, 0.010751999914646149, 0.010598400235176086]}, "median_ms": {"baseline": 0.01050879992544651, "candidate": 0.010675200074911118}, "baseline_over_candidate": 0.9844124561322573}
{"case": {"B": 1, "SEQ_LEN": 1024, "H": 1, "HQ": 16, "D": 64, "S": 1, "block_size": 16, "is_causal": true}, "candidate": "baseline", "phase": "compile_correctness"}
{"case": {"B": 1, "SEQ_LEN": 1024, "H": 1, "HQ": 16, "D": 64, "S": 1, "block_size": 16, "is_causal": true}, "candidate": "candidate", "phase": "compile_correctness"}
2026-09-07 11:38:33  [TileLang:tilelang.cache.kernel_cache:WARNING] (kernel_cache.py:342): Found kernel 'kernel' in memory cache. For better performance, consider using `@tilelang.jit` instead of direct kernel caching.
{"case": {"B": 1, "SEQ_LEN": 1024, "H": 1, "HQ": 16, "D": 64, "S": 1, "block_size": 16, "is_causal": true}, "seed": 399, "status": "PASS", "call_event_ms": {"baseline": [0.011519999802112579, 0.01088000014424324, 0.010726399719715118, 0.010751999914646149], "candidate": [0.011033599823713302, 0.010649599879980088, 0.010623999685049058, 0.010598400235176086]}, "median_ms": {"baseline": 0.010816000029444694, "candidate": 0.010636799782514573}, "baseline_over_candidate": 1.0168471956409955}
{"case": {"B": 1, "SEQ_LEN": 1024, "H": 1, "HQ": 16, "D": 128, "S": 1, "block_size": 16, "is_causal": true}, "candidate": "baseline", "phase": "compile_correctness"}
{"case": {"B": 1, "SEQ_LEN": 1024, "H": 1, "HQ": 16, "D": 128, "S": 1, "block_size": 16, "is_causal": true}, "candidate": "candidate", "phase": "compile_correctness"}
{"case": {"B": 1, "SEQ_LEN": 1024, "H": 1, "HQ": 16, "D": 128, "S": 1, "block_size": 16, "is_causal": true}, "seed": 399, "status": "PASS", "call_event_ms": {"baseline": [0.01881600022315979, 0.018432000279426576, 0.018406400084495546, 0.018559999763965607], "candidate": [0.015641599893569946, 0.015436799824237823, 0.015334400534629821, 0.015488000214099884]}, "median_ms": {"baseline": 0.01849600002169609, "candidate": 0.015462400019168853}, "baseline_over_candidate": 1.1961920529003558}
{"case": {"B": 2, "SEQ_LEN": 64, "H": 1, "HQ": 16, "D": 64, "S": 1, "block_size": 16, "is_causal": true}, "candidate": "baseline", "phase": "compile_correctness"}
{"case": {"B": 2, "SEQ_LEN": 64, "H": 1, "HQ": 16, "D": 64, "S": 1, "block_size": 16, "is_causal": true}, "candidate": "candidate", "phase": "compile_correctness"}
2026-09-07 11:38:33  [TileLang:tilelang.cache.kernel_cache:WARNING] (kernel_cache.py:342): Found kernel 'kernel' in memory cache. For better performance, consider using `@tilelang.jit` instead of direct kernel caching.
{"case": {"B": 2, "SEQ_LEN": 64, "H": 1, "HQ": 16, "D": 64, "S": 1, "block_size": 16, "is_causal": true}, "seed": 399, "status": "PASS", "call_event_ms": {"baseline": [0.011468800157308579, 0.010751999914646149, 0.010316800326108932, 0.010419200360774993], "candidate": [0.011033599823713302, 0.010675200074911118, 0.010547199845314026, 0.010419200360774993]}, "median_ms": {"baseline": 0.010585600137710571, "candidate": 0.010611199960112571}, "baseline_over_candidate": 0.9975874714925522}
{"case": {"B": 2, "SEQ_LEN": 64, "H": 1, "HQ": 16, "D": 128, "S": 1, "block_size": 16, "is_causal": true}, "candidate": "baseline", "phase": "compile_correctness"}
{"case": {"B": 2, "SEQ_LEN": 64, "H": 1, "HQ": 16, "D": 128, "S": 1, "block_size": 16, "is_causal": true}, "candidate": "candidate", "phase": "compile_correctness"}
{"case": {"B": 2, "SEQ_LEN": 64, "H": 1, "HQ": 16, "D": 128, "S": 1, "block_size": 16, "is_causal": true}, "seed": 399, "status": "PASS", "call_event_ms": {"baseline": [0.013849599659442902, 0.011878400295972823, 0.011878400295972823, 0.011673600226640702], "candidate": [0.012390399724245072, 0.011903999745845795, 0.011801599711179733, 0.011852800101041793]}, "median_ms": {"baseline": 0.011878400295972823, "candidate": 0.011878399923443795}, "baseline_over_candidate": 1.0000000313618864}
{"case": {"B": 2, "SEQ_LEN": 128, "H": 1, "HQ": 16, "D": 32, "S": 1, "block_size": 16, "is_causal": true}, "candidate": "baseline", "phase": "compile_correctness"}
{"case": {"B": 2, "SEQ_LEN": 128, "H": 1, "HQ": 16, "D": 32, "S": 1, "block_size": 16, "is_causal": true}, "candidate": "candidate", "phase": "compile_correctness"}
2026-09-07 11:38:34  [TileLang:tilelang.cache.kernel_cache:WARNING] (kernel_cache.py:342): Found kernel 'kernel' in memory cache. For better performance, consider using `@tilelang.jit` instead of direct kernel caching.
{"case": {"B": 2, "SEQ_LEN": 128, "H": 1, "HQ": 16, "D": 32, "S": 1, "block_size": 16, "is_causal": true}, "seed": 399, "status": "PASS", "call_event_ms": {"baseline": [0.011033599823713302, 0.010419200360774993, 0.010726399719715118, 0.010214400291442872], "candidate": [0.010598400235176086, 0.010572800040245056, 0.010496000200510025, 0.010393600165843963]}, "median_ms": {"baseline": 0.010572800040245056, "candidate": 0.01053440012037754}, "baseline_over_candidate": 1.0036451928376287}
{"case": {"B": 2, "SEQ_LEN": 128, "H": 1, "HQ": 16, "D": 64, "S": 1, "block_size": 16, "is_causal": true}, "candidate": "baseline", "phase": "compile_correctness"}
{"case": {"B": 2, "SEQ_LEN": 128, "H": 1, "HQ": 16, "D": 64, "S": 1, "block_size": 16, "is_causal": true}, "candidate": "candidate", "phase": "compile_correctness"}
2026-09-07 11:38:34  [TileLang:tilelang.cache.kernel_cache:WARNING] (kernel_cache.py:342): Found kernel 'kernel' in memory cache. For better performance, consider using `@tilelang.jit` instead of direct kernel caching.
{"case": {"B": 2, "SEQ_LEN": 128, "H": 1, "HQ": 16, "D": 64, "S": 1, "block_size": 16, "is_causal": true}, "seed": 399, "status": "PASS", "call_event_ms": {"baseline": [0.011340799927711486, 0.010496000200510025, 0.010496000200510025, 0.010547199845314026], "candidate": [0.01080320030450821, 0.010649599879980088, 0.010496000200510025, 0.010419200360774993]}, "median_ms": {"baseline": 0.010521600022912025, "candidate": 0.010572800040245058}, "baseline_over_candidate": 0.9951573833669283}
{"case": {"B": 2, "SEQ_LEN": 128, "H": 1, "HQ": 16, "D": 128, "S": 1, "block_size": 16, "is_causal": true}, "candidate": "baseline", "phase": "compile_correctness"}
{"case": {"B": 2, "SEQ_LEN": 128, "H": 1, "HQ": 16, "D": 128, "S": 1, "block_size": 16, "is_causal": true}, "candidate": "candidate", "phase": "compile_correctness"}
{"case": {"B": 2, "SEQ_LEN": 128, "H": 1, "HQ": 16, "D": 128, "S": 1, "block_size": 16, "is_causal": true}, "seed": 399, "status": "PASS", "call_event_ms": {"baseline": [0.0123648002743721, 0.011622399836778641, 0.011699199676513672, 0.011699199676513672], "candidate": [0.011110399663448334, 0.010444799810647965, 0.010470400005578995, 0.010828799754381179]}, "median_ms": {"baseline": 0.011699199676513672, "candidate": 0.010649599879980088}, "baseline_over_candidate": 1.098557674312882}
{"case": {"B": 2, "SEQ_LEN": 256, "H": 1, "HQ": 16, "D": 32, "S": 1, "block_size": 16, "is_causal": true}, "candidate": "baseline", "phase": "compile_correctness"}
{"case": {"B": 2, "SEQ_LEN": 256, "H": 1, "HQ": 16, "D": 32, "S": 1, "block_size": 16, "is_causal": true}, "candidate": "candidate", "phase": "compile_correctness"}
2026-09-07 11:38:34  [TileLang:tilelang.cache.kernel_cache:WARNING] (kernel_cache.py:342): Found kernel 'kernel' in memory cache. For better performance, consider using `@tilelang.jit` instead of direct kernel caching.
{"case": {"B": 2, "SEQ_LEN": 256, "H": 1, "HQ": 16, "D": 32, "S": 1, "block_size": 16, "is_causal": true}, "seed": 399, "status": "PASS", "call_event_ms": {"baseline": [0.011494400352239609, 0.010751999914646149, 0.010675200074911118, 0.010496000200510025], "candidate": [0.010982400178909302, 0.010623999685049058, 0.010419200360774993, 0.010572800040245056]}, "median_ms": {"baseline": 0.010713599994778633, "candidate": 0.010598399862647056}, "baseline_over_candidate": 1.0108695778253836}
{"case": {"B": 2, "SEQ_LEN": 256, "H": 1, "HQ": 16, "D": 64, "S": 1, "block_size": 16, "is_causal": true}, "candidate": "baseline", "phase": "compile_correctness"}
{"case": {"B": 2, "SEQ_LEN": 256, "H": 1, "HQ": 16, "D": 64, "S": 1, "block_size": 16, "is_causal": true}, "candidate": "candidate", "phase": "compile_correctness"}
2026-09-07 11:38:34  [TileLang:tilelang.cache.kernel_cache:WARNING] (kernel_cache.py:342): Found kernel 'kernel' in memory cache. For better performance, consider using `@tilelang.jit` instead of direct kernel caching.
{"case": {"B": 2, "SEQ_LEN": 256, "H": 1, "HQ": 16, "D": 64, "S": 1, "block_size": 16, "is_causal": true}, "seed": 399, "status": "PASS", "call_event_ms": {"baseline": [0.011519999802112579, 0.010444799810647965, 0.010419200360774993, 0.010572800040245056], "candidate": [0.010828799754381179, 0.01157120019197464, 0.010496000200510025, 0.010367999970912933]}, "median_ms": {"baseline": 0.01050879992544651, "candidate": 0.010662399977445603}, "baseline_over_candidate": 0.9855942327877395}
{"case": {"B": 2, "SEQ_LEN": 256, "H": 1, "HQ": 16, "D": 128, "S": 1, "block_size": 16, "is_causal": true}, "candidate": "baseline", "phase": "compile_correctness"}
{"case": {"B": 2, "SEQ_LEN": 256, "H": 1, "HQ": 16, "D": 128, "S": 1, "block_size": 16, "is_causal": true}, "candidate": "candidate", "phase": "compile_correctness"}
{"case": {"B": 2, "SEQ_LEN": 256, "H": 1, "HQ": 16, "D": 128, "S": 1, "block_size": 16, "is_causal": true}, "seed": 399, "status": "PASS", "call_event_ms": {"baseline": [0.013798399269580841, 0.013260799646377563, 0.013260799646377563, 0.013337600231170654], "candidate": [0.011110399663448334, 0.010982400178909302, 0.010828799754381179, 0.01090560033917427]}, "median_ms": {"baseline": 0.013299199938774108, "candidate": 0.010944000259041787}, "baseline_over_candidate": 1.215204644004507}
{"case": {"B": 2, "SEQ_LEN": 512, "H": 1, "HQ": 16, "D": 32, "S": 1, "block_size": 16, "is_causal": true}, "candidate": "baseline", "phase": "compile_correctness"}
{"case": {"B": 2, "SEQ_LEN": 512, "H": 1, "HQ": 16, "D": 32, "S": 1, "block_size": 16, "is_causal": true}, "candidate": "candidate", "phase": "compile_correctness"}
2026-09-07 11:38:35  [TileLang:tilelang.cache.kernel_cache:WARNING] (kernel_cache.py:342): Found kernel 'kernel' in memory cache. For better performance, consider using `@tilelang.jit` instead of direct kernel caching.
{"case": {"B": 2, "SEQ_LEN": 512, "H": 1, "HQ": 16, "D": 32, "S": 1, "block_size": 16, "is_causal": true}, "seed": 399, "status": "PASS", "call_event_ms": {"baseline": [0.011366400122642516, 0.010521599650382995, 0.010623999685049058, 0.010700800269842149], "candidate": [0.01085439994931221, 0.01085439994931221, 0.010726399719715118, 0.010419200360774993]}, "median_ms": {"baseline": 0.010662399977445603, "candidate": 0.010790399834513664}, "baseline_over_candidate": 0.9881376168602533}
{"case": {"B": 2, "SEQ_LEN": 512, "H": 1, "HQ": 16, "D": 64, "S": 1, "block_size": 16, "is_causal": true}, "candidate": "baseline", "phase": "compile_correctness"}
{"case": {"B": 2, "SEQ_LEN": 512, "H": 1, "HQ": 16, "D": 64, "S": 1, "block_size": 16, "is_causal": true}, "candidate": "candidate", "phase": "compile_correctness"}
2026-09-07 11:38:35  [TileLang:tilelang.cache.kernel_cache:WARNING] (kernel_cache.py:342): Found kernel 'kernel' in memory cache. For better performance, consider using `@tilelang.jit` instead of direct kernel caching.
{"case": {"B": 2, "SEQ_LEN": 512, "H": 1, "HQ": 16, "D": 64, "S": 1, "block_size": 16, "is_causal": true}, "seed": 399, "status": "PASS", "call_event_ms": {"baseline": [0.012160000205039979, 0.010751999914646149, 0.010649599879980088, 0.010726399719715118], "candidate": [0.011110399663448334, 0.010675200074911118, 0.010623999685049058, 0.010649599879980088]}, "median_ms": {"baseline": 0.010739199817180634, "candidate": 0.010662399977445603}, "baseline_over_candidate": 1.0072028661368442}
{"case": {"B": 2, "SEQ_LEN": 512, "H": 1, "HQ": 16, "D": 128, "S": 1, "block_size": 16, "is_causal": true}, "candidate": "baseline", "phase": "compile_correctness"}
{"case": {"B": 2, "SEQ_LEN": 512, "H": 1, "HQ": 16, "D": 128, "S": 1, "block_size": 16, "is_causal": true}, "candidate": "candidate", "phase": "compile_correctness"}
{"case": {"B": 2, "SEQ_LEN": 512, "H": 1, "HQ": 16, "D": 128, "S": 1, "block_size": 16, "is_causal": true}, "seed": 399, "status": "PASS", "call_event_ms": {"baseline": [0.019225600361824035, 0.018636800348758698, 0.018483200669288637, 0.018559999763965607], "candidate": [0.015615999698638916, 0.015360000729560851, 0.015513600409030914, 0.015385599434375763]}, "median_ms": {"baseline": 0.018598400056362152, "candidate": 0.015449599921703338}, "baseline_over_candidate": 1.203811111654447}
{"case": {"B": 2, "SEQ_LEN": 1024, "H": 1, "HQ": 16, "D": 32, "S": 1, "block_size": 16, "is_causal": true}, "candidate": "baseline", "phase": "compile_correctness"}
{"case": {"B": 2, "SEQ_LEN": 1024, "H": 1, "HQ": 16, "D": 32, "S": 1, "block_size": 16, "is_causal": true}, "candidate": "candidate", "phase": "compile_correctness"}
2026-09-07 11:38:35  [TileLang:tilelang.cache.kernel_cache:WARNING] (kernel_cache.py:342): Found kernel 'kernel' in memory cache. For better performance, consider using `@tilelang.jit` instead of direct kernel caching.
{"case": {"B": 2, "SEQ_LEN": 1024, "H": 1, "HQ": 16, "D": 32, "S": 1, "block_size": 16, "is_causal": true}, "seed": 399, "status": "PASS", "call_event_ms": {"baseline": [0.011468800157308579, 0.010700800269842149, 0.010598400235176086, 0.01080320030450821], "candidate": [0.01085439994931221, 0.01080320030450821, 0.01085439994931221, 0.010496000200510025]}, "median_ms": {"baseline": 0.010752000287175179, "candidate": 0.01082880012691021}, "baseline_over_candidate": 0.9929078163014406}
{"case": {"B": 2, "SEQ_LEN": 1024, "H": 1, "HQ": 16, "D": 64, "S": 1, "block_size": 16, "is_causal": true}, "candidate": "baseline", "phase": "compile_correctness"}
{"case": {"B": 2, "SEQ_LEN": 1024, "H": 1, "HQ": 16, "D": 64, "S": 1, "block_size": 16, "is_causal": true}, "candidate": "candidate", "phase": "compile_correctness"}
2026-09-07 11:38:36  [TileLang:tilelang.cache.kernel_cache:WARNING] (kernel_cache.py:342): Found kernel 'kernel' in memory cache. For better performance, consider using `@tilelang.jit` instead of direct kernel caching.
{"case": {"B": 2, "SEQ_LEN": 1024, "H": 1, "HQ": 16, "D": 64, "S": 1, "block_size": 16, "is_causal": true}, "seed": 399, "status": "PASS", "call_event_ms": {"baseline": [0.018278400599956512, 0.017868800461292265, 0.01807360053062439, 0.01802240014076233], "candidate": [0.01797119975090027, 0.01822720021009445, 0.01825280040502548, 0.017791999876499175]}, "median_ms": {"baseline": 0.01804800033569336, "candidate": 0.01809919998049736}, "baseline_over_candidate": 0.9971711653079047}
{"case": {"B": 2, "SEQ_LEN": 1024, "H": 1, "HQ": 16, "D": 128, "S": 1, "block_size": 16, "is_causal": true}, "candidate": "baseline", "phase": "compile_correctness"}
{"case": {"B": 2, "SEQ_LEN": 1024, "H": 1, "HQ": 16, "D": 128, "S": 1, "block_size": 16, "is_causal": true}, "candidate": "candidate", "phase": "compile_correctness"}
{"case": {"B": 2, "SEQ_LEN": 1024, "H": 1, "HQ": 16, "D": 128, "S": 1, "block_size": 16, "is_causal": true}, "seed": 399, "status": "PASS", "call_event_ms": {"baseline": [0.035046398639678955, 0.034585601091384886, 0.0347135990858078, 0.034764799475669864], "candidate": [0.028569599986076354, 0.028441599011421202, 0.028339201211929323, 0.02890239953994751]}, "median_ms": {"baseline": 0.03473919928073883, "candidate": 0.028505599498748778}, "baseline_over_candidate": 1.2186798345449172}
{"case": {"B": 4, "SEQ_LEN": 64, "H": 1, "HQ": 16, "D": 32, "S": 1, "block_size": 16, "is_causal": true}, "candidate": "baseline", "phase": "compile_correctness"}
{"case": {"B": 4, "SEQ_LEN": 64, "H": 1, "HQ": 16, "D": 32, "S": 1, "block_size": 16, "is_causal": true}, "candidate": "candidate", "phase": "compile_correctness"}
2026-09-07 11:38:36  [TileLang:tilelang.cache.kernel_cache:WARNING] (kernel_cache.py:342): Found kernel 'kernel' in memory cache. For better performance, consider using `@tilelang.jit` instead of direct kernel caching.
{"case": {"B": 4, "SEQ_LEN": 64, "H": 1, "HQ": 16, "D": 32, "S": 1, "block_size": 16, "is_causal": true}, "seed": 399, "status": "PASS", "call_event_ms": {"baseline": [0.011289600282907486, 0.010214400291442872, 0.010649599879980088, 0.010291200131177902], "candidate": [0.010726399719715118, 0.010367999970912933, 0.010444799810647965, 0.01154559999704361]}, "median_ms": {"baseline": 0.010470400005578995, "candidate": 0.01058559976518154}, "baseline_over_candidate": 0.9891173138831997}
{"case": {"B": 4, "SEQ_LEN": 64, "H": 1, "HQ": 16, "D": 64, "S": 1, "block_size": 16, "is_causal": true}, "candidate": "baseline", "phase": "compile_correctness"}
{"case": {"B": 4, "SEQ_LEN": 64, "H": 1, "HQ": 16, "D": 64, "S": 1, "block_size": 16, "is_causal": true}, "candidate": "candidate", "phase": "compile_correctness"}
2026-09-07 11:38:36  [TileLang:tilelang.cache.kernel_cache:WARNING] (kernel_cache.py:342): Found kernel 'kernel' in memory cache. For better performance, consider using `@tilelang.jit` instead of direct kernel caching.
{"case": {"B": 4, "SEQ_LEN": 64, "H": 1, "HQ": 16, "D": 64, "S": 1, "block_size": 16, "is_causal": true}, "seed": 399, "status": "PASS", "call_event_ms": {"baseline": [0.011468800157308579, 0.010342399775981902, 0.010342399775981902, 0.010393600165843963], "candidate": [0.010751999914646149, 0.010393600165843963, 0.010521599650382995, 0.010316800326108932]}, "median_ms": {"baseline": 0.010367999970912933, "candidate": 0.010457599908113478}, "baseline_over_candidate": 0.9914320744733187}
{"case": {"B": 4, "SEQ_LEN": 64, "H": 1, "HQ": 16, "D": 128, "S": 1, "block_size": 16, "is_causal": true}, "candidate": "baseline", "phase": "compile_correctness"}
{"case": {"B": 4, "SEQ_LEN": 64, "H": 1, "HQ": 16, "D": 128, "S": 1, "block_size": 16, "is_causal": true}, "candidate": "candidate", "phase": "compile_correctness"}
{"case": {"B": 4, "SEQ_LEN": 64, "H": 1, "HQ": 16, "D": 128, "S": 1, "block_size": 16, "is_causal": true}, "seed": 399, "status": "PASS", "call_event_ms": {"baseline": [0.012185599654912949, 0.011622399836778641, 0.011494400352239609, 0.01154559999704361], "candidate": [0.011007999628782272, 0.010419200360774993, 0.010649599879980088, 0.010623999685049058]}, "median_ms": {"baseline": 0.011583999916911124, "candidate": 0.010636799782514573}, "baseline_over_candidate": 1.0890493526026144}
{"case": {"B": 4, "SEQ_LEN": 128, "H": 1, "HQ": 16, "D": 32, "S": 1, "block_size": 16, "is_causal": true}, "candidate": "baseline", "phase": "compile_correctness"}
{"case": {"B": 4, "SEQ_LEN": 128, "H": 1, "HQ": 16, "D": 32, "S": 1, "block_size": 16, "is_causal": true}, "candidate": "candidate", "phase": "compile_correctness"}
2026-09-07 11:38:37  [TileLang:tilelang.cache.kernel_cache:WARNING] (kernel_cache.py:342): Found kernel 'kernel' in memory cache. For better performance, consider using `@tilelang.jit` instead of direct kernel caching.
{"case": {"B": 4, "SEQ_LEN": 128, "H": 1, "HQ": 16, "D": 32, "S": 1, "block_size": 16, "is_causal": true}, "seed": 399, "status": "PASS", "call_event_ms": {"baseline": [0.011417599767446518, 0.010547199845314026, 0.010444799810647965, 0.010547199845314026], "candidate": [0.010777600109577179, 0.010700800269842149, 0.010470400005578995, 0.010419200360774993]}, "median_ms": {"baseline": 0.010547199845314026, "candidate": 0.010585600137710573}, "baseline_over_candidate": 0.9963724028966721}
{"case": {"B": 4, "SEQ_LEN": 128, "H": 1, "HQ": 16, "D": 64, "S": 1, "block_size": 16, "is_causal": true}, "candidate": "baseline", "phase": "compile_correctness"}
{"case": {"B": 4, "SEQ_LEN": 128, "H": 1, "HQ": 16, "D": 64, "S": 1, "block_size": 16, "is_causal": true}, "candidate": "candidate", "phase": "compile_correctness"}
2026-09-07 11:38:37  [TileLang:tilelang.cache.kernel_cache:WARNING] (kernel_cache.py:342): Found kernel 'kernel' in memory cache. For better performance, consider using `@tilelang.jit` instead of direct kernel caching.
{"case": {"B": 4, "SEQ_LEN": 128, "H": 1, "HQ": 16, "D": 64, "S": 1, "block_size": 16, "is_causal": true}, "seed": 399, "status": "PASS", "call_event_ms": {"baseline": [0.011084800213575363, 0.010572800040245056, 0.010649599879980088, 0.010521599650382995], "candidate": [0.01080320030450821, 0.010675200074911118, 0.010470400005578995, 0.010521599650382995]}, "median_ms": {"baseline": 0.010611199960112571, "candidate": 0.010598399862647056}, "baseline_over_candidate": 1.0012077386804992}
{"case": {"B": 4, "SEQ_LEN": 128, "H": 1, "HQ": 16, "D": 128, "S": 1, "block_size": 16, "is_causal": true}, "candidate": "baseline", "phase": "compile_correctness"}
{"case": {"B": 4, "SEQ_LEN": 128, "H": 1, "HQ": 16, "D": 128, "S": 1, "block_size": 16, "is_causal": true}, "candidate": "candidate", "phase": "compile_correctness"}
{"case": {"B": 4, "SEQ_LEN": 128, "H": 1, "HQ": 16, "D": 128, "S": 1, "block_size": 16, "is_causal": true}, "seed": 399, "status": "PASS", "call_event_ms": {"baseline": [0.013644799590110779, 0.013107199966907502, 0.013209599256515502, 0.013107199966907502], "candidate": [0.011187200248241425, 0.01090560033917427, 0.010956799983978272, 0.011059200018644333]}, "median_ms": {"baseline": 0.013158399611711502, "candidate": 0.011008000001311302}, "baseline_over_candidate": 1.1953488017936083}
{"case": {"B": 4, "SEQ_LEN": 256, "H": 1, "HQ": 16, "D": 32, "S": 1, "block_size": 16, "is_causal": true}, "candidate": "baseline", "phase": "compile_correctness"}
{"case": {"B": 4, "SEQ_LEN": 256, "H": 1, "HQ": 16, "D": 32, "S": 1, "block_size": 16, "is_causal": true}, "candidate": "candidate", "phase": "compile_correctness"}
2026-09-07 11:38:37  [TileLang:tilelang.cache.kernel_cache:WARNING] (kernel_cache.py:342): Found kernel 'kernel' in memory cache. For better performance, consider using `@tilelang.jit` instead of direct kernel caching.
{"case": {"B": 4, "SEQ_LEN": 256, "H": 1, "HQ": 16, "D": 32, "S": 1, "block_size": 16, "is_causal": true}, "seed": 399, "status": "PASS", "call_event_ms": {"baseline": [0.011468800157308579, 0.010572800040245056, 0.010623999685049058, 0.010572800040245056], "candidate": [0.010956799983978272, 0.010521599650382995, 0.010419200360774993, 0.010598400235176086]}, "median_ms": {"baseline": 0.010598399862647056, "candidate": 0.01055999994277954}, "baseline_over_candidate": 1.0036363560677641}
{"case": {"B": 4, "SEQ_LEN": 256, "H": 1, "HQ": 16, "D": 64, "S": 1, "block_size": 16, "is_causal": true}, "candidate": "baseline", "phase": "compile_correctness"}
{"case": {"B": 4, "SEQ_LEN": 256, "H": 1, "HQ": 16, "D": 64, "S": 1, "block_size": 16, "is_causal": true}, "candidate": "candidate", "phase": "compile_correctness"}
2026-09-07 11:38:37  [TileLang:tilelang.cache.kernel_cache:WARNING] (kernel_cache.py:342): Found kernel 'kernel' in memory cache. For better performance, consider using `@tilelang.jit` instead of direct kernel caching.
{"case": {"B": 4, "SEQ_LEN": 256, "H": 1, "HQ": 16, "D": 64, "S": 1, "block_size": 16, "is_causal": true}, "seed": 399, "status": "PASS", "call_event_ms": {"baseline": [0.011519999802112579, 0.01090560033917427, 0.01080320030450821, 0.010751999914646149], "candidate": [0.01090560033917427, 0.01088000014424324, 0.010828799754381179, 0.010777600109577179]}, "median_ms": {"baseline": 0.01085440032184124, "candidate": 0.01085439994931221}, "baseline_over_candidate": 1.000000034320555}
{"case": {"B": 4, "SEQ_LEN": 256, "H": 1, "HQ": 16, "D": 128, "S": 1, "block_size": 16, "is_causal": true}, "candidate": "baseline", "phase": "compile_correctness"}
{"case": {"B": 4, "SEQ_LEN": 256, "H": 1, "HQ": 16, "D": 128, "S": 1, "block_size": 16, "is_causal": true}, "candidate": "candidate", "phase": "compile_correctness"}
{"case": {"B": 4, "SEQ_LEN": 256, "H": 1, "HQ": 16, "D": 128, "S": 1, "block_size": 16, "is_causal": true}, "seed": 399, "status": "PASS", "call_event_ms": {"baseline": [0.019148799777030944, 0.018585599958896637, 0.018534399569034576, 0.018380799889564516], "candidate": [0.015744000673294067, 0.015564799308776855, 0.015488000214099884, 0.015462400019168853]}, "median_ms": {"baseline": 0.018559999763965607, "candidate": 0.01552639976143837}, "baseline_over_candidate": 1.1953833502381883}
{"case": {"B": 4, "SEQ_LEN": 512, "H": 1, "HQ": 16, "D": 32, "S": 1, "block_size": 16, "is_causal": true}, "candidate": "baseline", "phase": "compile_correctness"}
{"case": {"B": 4, "SEQ_LEN": 512, "H": 1, "HQ": 16, "D": 32, "S": 1, "block_size": 16, "is_causal": true}, "candidate": "candidate", "phase": "compile_correctness"}
2026-09-07 11:38:38  [TileLang:tilelang.cache.kernel_cache:WARNING] (kernel_cache.py:342): Found kernel 'kernel' in memory cache. For better performance, consider using `@tilelang.jit` instead of direct kernel caching.
{"case": {"B": 4, "SEQ_LEN": 512, "H": 1, "HQ": 16, "D": 32, "S": 1, "block_size": 16, "is_causal": true}, "seed": 399, "status": "PASS", "call_event_ms": {"baseline": [0.011340799927711486, 0.010572800040245056, 0.010700800269842149, 0.010700800269842149], "candidate": [0.01088000014424324, 0.01090560033917427, 0.010777600109577179, 0.010521599650382995]}, "median_ms": {"baseline": 0.010700800269842149, "candidate": 0.01082880012691021}, "baseline_over_candidate": 0.9881796823685042}
{"case": {"B": 4, "SEQ_LEN": 512, "H": 1, "HQ": 16, "D": 64, "S": 1, "block_size": 16, "is_causal": true}, "candidate": "baseline", "phase": "compile_correctness"}
{"case": {"B": 4, "SEQ_LEN": 512, "H": 1, "HQ": 16, "D": 64, "S": 1, "block_size": 16, "is_causal": true}, "candidate": "candidate", "phase": "compile_correctness"}
2026-09-07 11:38:38  [TileLang:tilelang.cache.kernel_cache:WARNING] (kernel_cache.py:342): Found kernel 'kernel' in memory cache. For better performance, consider using `@tilelang.jit` instead of direct kernel caching.
{"case": {"B": 4, "SEQ_LEN": 512, "H": 1, "HQ": 16, "D": 64, "S": 1, "block_size": 16, "is_causal": true}, "seed": 399, "status": "PASS", "call_event_ms": {"baseline": [0.017535999417304993, 0.017715199291706084, 0.017510400712490083, 0.017433600127696992], "candidate": [0.017817600071430205, 0.01817599982023239, 0.01730560064315796, 0.01791999936103821]}, "median_ms": {"baseline": 0.017523200064897538, "candidate": 0.01786879971623421}, "baseline_over_candidate": 0.98065904499323}
{"case": {"B": 4, "SEQ_LEN": 512, "H": 1, "HQ": 16, "D": 128, "S": 1, "block_size": 16, "is_causal": true}, "candidate": "baseline", "phase": "compile_correctness"}
{"case": {"B": 4, "SEQ_LEN": 512, "H": 1, "HQ": 16, "D": 128, "S": 1, "block_size": 16, "is_causal": true}, "candidate": "candidate", "phase": "compile_correctness"}
{"case": {"B": 4, "SEQ_LEN": 512, "H": 1, "HQ": 16, "D": 128, "S": 1, "block_size": 16, "is_causal": true}, "seed": 399, "status": "PASS", "call_event_ms": {"baseline": [0.03548159897327423, 0.0352512001991272, 0.035123199224472046, 0.035174399614334106], "candidate": [0.028799998760223388, 0.028620800375938414, 0.028620800375938414, 0.028543999791145323]}, "median_ms": {"baseline": 0.03521279990673065, "candidate": 0.028620800375938414}, "baseline_over_candidate": 1.2303219841585615}
{"case": {"B": 4, "SEQ_LEN": 1024, "H": 1, "HQ": 16, "D": 32, "S": 1, "block_size": 16, "is_causal": true}, "candidate": "baseline", "phase": "compile_correctness"}
{"case": {"B": 4, "SEQ_LEN": 1024, "H": 1, "HQ": 16, "D": 32, "S": 1, "block_size": 16, "is_causal": true}, "candidate": "candidate", "phase": "compile_correctness"}
{"case": {"B": 4, "SEQ_LEN": 1024, "H": 1, "HQ": 16, "D": 32, "S": 1, "block_size": 16, "is_causal": true}, "seed": 399, "status": "PASS", "call_event_ms": {"baseline": [0.015769599378108977, 0.01518079936504364, 0.0151296004652977, 0.0151296004652977], "candidate": [0.014924800395965577, 0.01446399986743927, 0.01451520025730133, 0.014643199741840363]}, "median_ms": {"baseline": 0.01515519991517067, "candidate": 0.014579199999570847}, "baseline_over_candidate": 1.0395083348617742}
{"case": {"B": 4, "SEQ_LEN": 1024, "H": 1, "HQ": 16, "D": 64, "S": 1, "block_size": 16, "is_causal": true}, "candidate": "baseline", "phase": "compile_correctness"}
{"case": {"B": 4, "SEQ_LEN": 1024, "H": 1, "HQ": 16, "D": 64, "S": 1, "block_size": 16, "is_causal": true}, "candidate": "candidate", "phase": "compile_correctness"}
2026-09-07 11:38:39  [TileLang:tilelang.cache.kernel_cache:WARNING] (kernel_cache.py:342): Found kernel 'kernel' in memory cache. For better performance, consider using `@tilelang.jit` instead of direct kernel caching.
{"case": {"B": 4, "SEQ_LEN": 1024, "H": 1, "HQ": 16, "D": 64, "S": 1, "block_size": 16, "is_causal": true}, "seed": 399, "status": "PASS", "call_event_ms": {"baseline": [0.029235199093818665, 0.029747200012207032, 0.02885119915008545, 0.029311999678611755], "candidate": [0.031488001346588135, 0.03051519989967346, 0.030796799063682555, 0.030745598673820495]}, "median_ms": {"baseline": 0.02927359938621521, "candidate": 0.030771198868751525}, "baseline_over_candidate": 0.9513311298359213}
{"case": {"B": 4, "SEQ_LEN": 1024, "H": 1, "HQ": 16, "D": 128, "S": 1, "block_size": 16, "is_causal": true}, "candidate": "baseline", "phase": "compile_correctness"}
{"case": {"B": 4, "SEQ_LEN": 1024, "H": 1, "HQ": 16, "D": 128, "S": 1, "block_size": 16, "is_causal": true}, "candidate": "candidate", "phase": "compile_correctness"}
{"case": {"B": 4, "SEQ_LEN": 1024, "H": 1, "HQ": 16, "D": 128, "S": 1, "block_size": 16, "is_causal": true}, "seed": 399, "status": "PASS", "call_event_ms": {"baseline": [0.05542399883270264, 0.05557760000228882, 0.0554751992225647, 0.05550079941749573], "candidate": [0.04799999892711639, 0.048281601071357726, 0.048281601071357726, 0.048102399706840514]}, "median_ms": {"baseline": 0.055487999320030214, "candidate": 0.04819200038909912}, "baseline_over_candidate": 1.1513943989048736}
{"case": {"B": 8, "SEQ_LEN": 64, "H": 1, "HQ": 16, "D": 32, "S": 1, "block_size": 16, "is_causal": true}, "candidate": "baseline", "phase": "compile_correctness"}
{"case": {"B": 8, "SEQ_LEN": 64, "H": 1, "HQ": 16, "D": 32, "S": 1, "block_size": 16, "is_causal": true}, "candidate": "candidate", "phase": "compile_correctness"}
2026-09-07 11:38:39  [TileLang:tilelang.cache.kernel_cache:WARNING] (kernel_cache.py:342): Found kernel 'kernel' in memory cache. For better performance, consider using `@tilelang.jit` instead of direct kernel caching.
{"case": {"B": 8, "SEQ_LEN": 64, "H": 1, "HQ": 16, "D": 32, "S": 1, "block_size": 16, "is_causal": true}, "seed": 399, "status": "PASS", "call_event_ms": {"baseline": [0.011264000087976456, 0.010572800040245056, 0.010521599650382995, 0.010393600165843963], "candidate": [0.01080320030450821, 0.010572800040245056, 0.010572800040245056, 0.010393600165843963]}, "median_ms": {"baseline": 0.010547199845314026, "candidate": 0.010572800040245056}, "baseline_over_candidate": 0.9975786740661335}
{"case": {"B": 8, "SEQ_LEN": 64, "H": 1, "HQ": 16, "D": 64, "S": 1, "block_size": 16, "is_causal": true}, "candidate": "baseline", "phase": "compile_correctness"}
{"case": {"B": 8, "SEQ_LEN": 64, "H": 1, "HQ": 16, "D": 64, "S": 1, "block_size": 16, "is_causal": true}, "candidate": "candidate", "phase": "compile_correctness"}
2026-09-07 11:38:40  [TileLang:tilelang.cache.kernel_cache:WARNING] (kernel_cache.py:342): Found kernel 'kernel' in memory cache. For better performance, consider using `@tilelang.jit` instead of direct kernel caching.
{"case": {"B": 8, "SEQ_LEN": 64, "H": 1, "HQ": 16, "D": 64, "S": 1, "block_size": 16, "is_causal": true}, "seed": 399, "status": "PASS", "call_event_ms": {"baseline": [0.011135999858379365, 0.010521599650382995, 0.010188800096511842, 0.010316800326108932], "candidate": [0.010828799754381179, 0.010521599650382995, 0.010419200360774993, 0.010239999741315842]}, "median_ms": {"baseline": 0.010419199988245965, "candidate": 0.010470400005578993}, "baseline_over_candidate": 0.995110022797052}
{"case": {"B": 8, "SEQ_LEN": 64, "H": 1, "HQ": 16, "D": 128, "S": 1, "block_size": 16, "is_causal": true}, "candidate": "baseline", "phase": "compile_correctness"}
{"case": {"B": 8, "SEQ_LEN": 64, "H": 1, "HQ": 16, "D": 128, "S": 1, "block_size": 16, "is_causal": true}, "candidate": "candidate", "phase": "compile_correctness"}
{"case": {"B": 8, "SEQ_LEN": 64, "H": 1, "HQ": 16, "D": 128, "S": 1, "block_size": 16, "is_causal": true}, "seed": 399, "status": "PASS", "call_event_ms": {"baseline": [0.013593600690364837, 0.01297920048236847, 0.013235199451446533, 0.013081599771976472], "candidate": [0.011161600053310395, 0.010982400178909302, 0.01088000014424324, 0.01088000014424324]}, "median_ms": {"baseline": 0.013158399611711502, "candidate": 0.010931200161576272}, "baseline_over_candidate": 1.2037470192855813}
{"case": {"B": 8, "SEQ_LEN": 128, "H": 1, "HQ": 16, "D": 32, "S": 1, "block_size": 16, "is_causal": true}, "candidate": "baseline", "phase": "compile_correctness"}
{"case": {"B": 8, "SEQ_LEN": 128, "H": 1, "HQ": 16, "D": 32, "S": 1, "block_size": 16, "is_causal": true}, "candidate": "candidate", "phase": "compile_correctness"}
2026-09-07 11:38:40  [TileLang:tilelang.cache.kernel_cache:WARNING] (kernel_cache.py:342): Found kernel 'kernel' in memory cache. For better performance, consider using `@tilelang.jit` instead of direct kernel caching.
{"case": {"B": 8, "SEQ_LEN": 128, "H": 1, "HQ": 16, "D": 32, "S": 1, "block_size": 16, "is_causal": true}, "seed": 399, "status": "PASS", "call_event_ms": {"baseline": [0.011648000031709672, 0.010623999685049058, 0.010496000200510025, 0.010419200360774993], "candidate": [0.010828799754381179, 0.010393600165843963, 0.010572800040245056, 0.010572800040245056]}, "median_ms": {"baseline": 0.010559999942779542, "candidate": 0.010572800040245056}, "baseline_over_candidate": 0.9987893370330669}
{"case": {"B": 8, "SEQ_LEN": 128, "H": 1, "HQ": 16, "D": 64, "S": 1, "block_size": 16, "is_causal": true}, "candidate": "baseline", "phase": "compile_correctness"}
{"case": {"B": 8, "SEQ_LEN": 128, "H": 1, "HQ": 16, "D": 64, "S": 1, "block_size": 16, "is_causal": true}, "candidate": "candidate", "phase": "compile_correctness"}
2026-09-07 11:38:40  [TileLang:tilelang.cache.kernel_cache:WARNING] (kernel_cache.py:342): Found kernel 'kernel' in memory cache. For better performance, consider using `@tilelang.jit` instead of direct kernel caching.
{"case": {"B": 8, "SEQ_LEN": 128, "H": 1, "HQ": 16, "D": 64, "S": 1, "block_size": 16, "is_causal": true}, "seed": 399, "status": "PASS", "call_event_ms": {"baseline": [0.011340799927711486, 0.010572800040245056, 0.010521599650382995, 0.010521599650382995], "candidate": [0.010931199789047242, 0.010982400178909302, 0.010675200074911118, 0.010521599650382995]}, "median_ms": {"baseline": 0.010547199845314026, "candidate": 0.01080319993197918}, "baseline_over_candidate": 0.9763033093641676}
{"case": {"B": 8, "SEQ_LEN": 128, "H": 1, "HQ": 16, "D": 128, "S": 1, "block_size": 16, "is_causal": true}, "candidate": "baseline", "phase": "compile_correctness"}
{"case": {"B": 8, "SEQ_LEN": 128, "H": 1, "HQ": 16, "D": 128, "S": 1, "block_size": 16, "is_causal": true}, "candidate": "candidate", "phase": "compile_correctness"}
{"case": {"B": 8, "SEQ_LEN": 128, "H": 1, "HQ": 16, "D": 128, "S": 1, "block_size": 16, "is_causal": true}, "seed": 399, "status": "PASS", "call_event_ms": {"baseline": [0.019072000682353974, 0.018636800348758698, 0.018636800348758698, 0.018636800348758698], "candidate": [0.016076800227165223, 0.015795199573040007, 0.015820799767971037, 0.015795199573040007]}, "median_ms": {"baseline": 0.018636800348758698, "candidate": 0.015807999670505522}, "baseline_over_candidate": 1.1789474150566397}
{"case": {"B": 8, "SEQ_LEN": 256, "H": 1, "HQ": 16, "D": 32, "S": 1, "block_size": 16, "is_causal": true}, "candidate": "baseline", "phase": "compile_correctness"}
{"case": {"B": 8, "SEQ_LEN": 256, "H": 1, "HQ": 16, "D": 32, "S": 1, "block_size": 16, "is_causal": true}, "candidate": "candidate", "phase": "compile_correctness"}
2026-09-07 11:38:41  [TileLang:tilelang.cache.kernel_cache:WARNING] (kernel_cache.py:342): Found kernel 'kernel' in memory cache. For better performance, consider using `@tilelang.jit` instead of direct kernel caching.
{"case": {"B": 8, "SEQ_LEN": 256, "H": 1, "HQ": 16, "D": 32, "S": 1, "block_size": 16, "is_causal": true}, "seed": 399, "status": "PASS", "call_event_ms": {"baseline": [0.011494400352239609, 0.010496000200510025, 0.010700800269842149, 0.01085439994931221], "candidate": [0.01080320030450821, 0.010828799754381179, 0.010726399719715118, 0.010521599650382995]}, "median_ms": {"baseline": 0.010777600109577179, "candidate": 0.010764800012111664}, "baseline_over_candidate": 1.0011890696948493}
{"case": {"B": 8, "SEQ_LEN": 256, "H": 1, "HQ": 16, "D": 64, "S": 1, "block_size": 16, "is_causal": true}, "candidate": "baseline", "phase": "compile_correctness"}
{"case": {"B": 8, "SEQ_LEN": 256, "H": 1, "HQ": 16, "D": 64, "S": 1, "block_size": 16, "is_causal": true}, "candidate": "candidate", "phase": "compile_correctness"}
2026-09-07 11:38:41  [TileLang:tilelang.cache.kernel_cache:WARNING] (kernel_cache.py:342): Found kernel 'kernel' in memory cache. For better performance, consider using `@tilelang.jit` instead of direct kernel caching.
{"case": {"B": 8, "SEQ_LEN": 256, "H": 1, "HQ": 16, "D": 64, "S": 1, "block_size": 16, "is_causal": true}, "seed": 399, "status": "PASS", "call_event_ms": {"baseline": [0.017664000391960144, 0.017766399681568144, 0.017868800461292265, 0.01945600062608719], "candidate": [0.01820160001516342, 0.018278400599956512, 0.017561599612236023, 0.01817599982023239]}, "median_ms": {"baseline": 0.017817600071430205, "candidate": 0.018188799917697906}, "baseline_over_candidate": 0.9795918450943804}
{"case": {"B": 8, "SEQ_LEN": 256, "H": 1, "HQ": 16, "D": 128, "S": 1, "block_size": 16, "is_causal": true}, "candidate": "baseline", "phase": "compile_correctness"}
{"case": {"B": 8, "SEQ_LEN": 256, "H": 1, "HQ": 16, "D": 128, "S": 1, "block_size": 16, "is_causal": true}, "candidate": "candidate", "phase": "compile_correctness"}
{"case": {"B": 8, "SEQ_LEN": 256, "H": 1, "HQ": 16, "D": 128, "S": 1, "block_size": 16, "is_causal": true}, "seed": 399, "status": "PASS", "call_event_ms": {"baseline": [0.034918400645256045, 0.034457600116729735, 0.034585601091384886, 0.03461120128631592], "candidate": [0.029260799288749695, 0.028543999791145323, 0.028492799401283263, 0.028799998760223388]}, "median_ms": {"baseline": 0.0345984011888504, "candidate": 0.028671999275684354}, "baseline_over_candidate": 1.2066965005189578}
{"case": {"B": 8, "SEQ_LEN": 512, "H": 1, "HQ": 16, "D": 32, "S": 1, "block_size": 16, "is_causal": true}, "candidate": "baseline", "phase": "compile_correctness"}
{"case": {"B": 8, "SEQ_LEN": 512, "H": 1, "HQ": 16, "D": 32, "S": 1, "block_size": 16, "is_causal": true}, "candidate": "candidate", "phase": "compile_correctness"}
{"case": {"B": 8, "SEQ_LEN": 512, "H": 1, "HQ": 16, "D": 32, "S": 1, "block_size": 16, "is_causal": true}, "seed": 399, "status": "PASS", "call_event_ms": {"baseline": [0.015615999698638916, 0.01528320014476776, 0.01510400027036667, 0.01518079936504364], "candidate": [0.014771200716495514, 0.014617599546909332, 0.014822399616241455, 0.014694400131702423]}, "median_ms": {"baseline": 0.0152319997549057, "candidate": 0.014732800424098969}, "baseline_over_candidate": 1.0338835330987157}
{"case": {"B": 8, "SEQ_LEN": 512, "H": 1, "HQ": 16, "D": 64, "S": 1, "block_size": 16, "is_causal": true}, "candidate": "baseline", "phase": "compile_correctness"}
{"case": {"B": 8, "SEQ_LEN": 512, "H": 1, "HQ": 16, "D": 64, "S": 1, "block_size": 16, "is_causal": true}, "candidate": "candidate", "phase": "compile_correctness"}
2026-09-07 11:38:42  [TileLang:tilelang.cache.kernel_cache:WARNING] (kernel_cache.py:342): Found kernel 'kernel' in memory cache. For better performance, consider using `@tilelang.jit` instead of direct kernel caching.
{"case": {"B": 8, "SEQ_LEN": 512, "H": 1, "HQ": 16, "D": 64, "S": 1, "block_size": 16, "is_causal": true}, "seed": 399, "status": "PASS", "call_event_ms": {"baseline": [0.029414400458335876, 0.02961919903755188, 0.02908160090446472, 0.02959359884262085], "candidate": [0.0304639995098114, 0.03061760067939758, 0.03107840120792389, 0.03023360073566437]}, "median_ms": {"baseline": 0.02950399965047836, "candidate": 0.03054080009460449}, "baseline_over_candidate": 0.9660519553870727}
{"case": {"B": 8, "SEQ_LEN": 512, "H": 1, "HQ": 16, "D": 128, "S": 1, "block_size": 16, "is_causal": true}, "candidate": "baseline", "phase": "compile_correctness"}
{"case": {"B": 8, "SEQ_LEN": 512, "H": 1, "HQ": 16, "D": 128, "S": 1, "block_size": 16, "is_causal": true}, "candidate": "candidate", "phase": "compile_correctness"}
{"case": {"B": 8, "SEQ_LEN": 512, "H": 1, "HQ": 16, "D": 128, "S": 1, "block_size": 16, "is_causal": true}, "seed": 399, "status": "PASS", "call_event_ms": {"baseline": [0.05598719716072083, 0.05544959902763367, 0.05575680136680603, 0.055936002731323244], "candidate": [0.04776960015296936, 0.04710400104522705, 0.04736000001430511, 0.04733439981937408]}, "median_ms": {"baseline": 0.05584640204906464, "candidate": 0.0473471999168396}, "baseline_over_candidate": 1.179508020477515}
{"case": {"B": 8, "SEQ_LEN": 1024, "H": 1, "HQ": 16, "D": 32, "S": 1, "block_size": 16, "is_causal": true}, "candidate": "baseline", "phase": "compile_correctness"}
{"case": {"B": 8, "SEQ_LEN": 1024, "H": 1, "HQ": 16, "D": 32, "S": 1, "block_size": 16, "is_causal": true}, "candidate": "candidate", "phase": "compile_correctness"}
{"case": {"B": 8, "SEQ_LEN": 1024, "H": 1, "HQ": 16, "D": 32, "S": 1, "block_size": 16, "is_causal": true}, "seed": 399, "status": "PASS", "call_event_ms": {"baseline": [0.024857600033283234, 0.024447999894618988, 0.024396799504756927, 0.024422399699687958], "candidate": [0.023705600202083586, 0.02316800057888031, 0.023296000063419343, 0.023270399868488313]}, "median_ms": {"baseline": 0.024435199797153473, "candidate": 0.02328319996595383}, "baseline_over_candidate": 1.049477727841713}
{"case": {"B": 8, "SEQ_LEN": 1024, "H": 1, "HQ": 16, "D": 64, "S": 1, "block_size": 16, "is_causal": true}, "candidate": "baseline", "phase": "compile_correctness"}
{"case": {"B": 8, "SEQ_LEN": 1024, "H": 1, "HQ": 16, "D": 64, "S": 1, "block_size": 16, "is_causal": true}, "candidate": "candidate", "phase": "compile_correctness"}
2026-09-07 11:38:42  [TileLang:tilelang.cache.kernel_cache:WARNING] (kernel_cache.py:342): Found kernel 'kernel' in memory cache. For better performance, consider using `@tilelang.jit` instead of direct kernel caching.
{"case": {"B": 8, "SEQ_LEN": 1024, "H": 1, "HQ": 16, "D": 64, "S": 1, "block_size": 16, "is_causal": true}, "seed": 399, "status": "PASS", "call_event_ms": {"baseline": [0.048793599009513855, 0.04848639965057373, 0.04894720017910004, 0.048895999789237976], "candidate": [0.0492031991481781, 0.0489984005689621, 0.048921599984169006, 0.048844799399375916]}, "median_ms": {"baseline": 0.048844799399375916, "candidate": 0.04896000027656555}, "baseline_over_candidate": 0.9976470409203658}
{"case": {"B": 8, "SEQ_LEN": 1024, "H": 1, "HQ": 16, "D": 128, "S": 1, "block_size": 16, "is_causal": true}, "candidate": "baseline", "phase": "compile_correctness"}
{"case": {"B": 8, "SEQ_LEN": 1024, "H": 1, "HQ": 16, "D": 128, "S": 1, "block_size": 16, "is_causal": true}, "candidate": "candidate", "phase": "compile_correctness"}
{"case": {"B": 8, "SEQ_LEN": 1024, "H": 1, "HQ": 16, "D": 128, "S": 1, "block_size": 16, "is_causal": true}, "seed": 399, "status": "PASS", "call_event_ms": {"baseline": [0.09761279821395874, 0.09640960097312927, 0.09771519899368286, 0.09664000272750854], "candidate": [0.08586239814758301, 0.0852735996246338, 0.08522239923477173, 0.08575999736785889]}, "median_ms": {"baseline": 0.09712640047073365, "candidate": 0.08551679849624634}, "baseline_over_candidate": 1.1357581455180048}
{"case": {"B": 1, "SEQ_LEN": 256, "H": 1, "HQ": 16, "D": 64, "S": 1, "block_size": 32, "is_causal": true}, "candidate": "baseline", "phase": "compile_correctness"}
{"case": {"B": 1, "SEQ_LEN": 256, "H": 1, "HQ": 16, "D": 64, "S": 1, "block_size": 32, "is_causal": true}, "candidate": "candidate", "phase": "compile_correctness"}
2026-09-07 11:38:43  [TileLang:tilelang.cache.kernel_cache:WARNING] (kernel_cache.py:342): Found kernel 'kernel' in memory cache. For better performance, consider using `@tilelang.jit` instead of direct kernel caching.
{"case": {"B": 1, "SEQ_LEN": 256, "H": 1, "HQ": 16, "D": 64, "S": 1, "block_size": 32, "is_causal": true}, "seed": 399, "status": "PASS", "call_event_ms": {"baseline": [0.013184000551700593, 0.011980800330638886, 0.011776000261306763, 0.012646399438381195], "candidate": [0.011929599940776825, 0.011827199906110763, 0.011673600226640702, 0.011852800101041793]}, "median_ms": {"baseline": 0.01231359988451004, "candidate": 0.011840000003576278}, "baseline_over_candidate": 1.0399999899316479}
{"case": {"B": 1, "SEQ_LEN": 256, "H": 1, "HQ": 16, "D": 64, "S": 1, "block_size": 64, "is_causal": true}, "candidate": "baseline", "phase": "compile_correctness"}
{"case": {"B": 1, "SEQ_LEN": 256, "H": 1, "HQ": 16, "D": 64, "S": 1, "block_size": 64, "is_causal": true}, "candidate": "candidate", "phase": "compile_correctness"}
2026-09-07 11:38:43  [TileLang:tilelang.cache.kernel_cache:WARNING] (kernel_cache.py:342): Found kernel 'kernel' in memory cache. For better performance, consider using `@tilelang.jit` instead of direct kernel caching.
{"case": {"B": 1, "SEQ_LEN": 256, "H": 1, "HQ": 16, "D": 64, "S": 1, "block_size": 64, "is_causal": true}, "seed": 399, "status": "PASS", "call_event_ms": {"baseline": [0.013900800049304963, 0.014054399728775025, 0.014079999923706055, 0.014028799533843995], "candidate": [0.014207999408245086, 0.014131200313568116, 0.014105600118637086, 0.014054399728775025]}, "median_ms": {"baseline": 0.01404159963130951, "candidate": 0.0141184002161026}, "baseline_over_candidate": 0.9945602487804889}
{"case": {"B": 1, "SEQ_LEN": 512, "H": 1, "HQ": 16, "D": 64, "S": 1, "block_size": 32, "is_causal": true}, "candidate": "baseline", "phase": "compile_correctness"}
{"case": {"B": 1, "SEQ_LEN": 512, "H": 1, "HQ": 16, "D": 64, "S": 1, "block_size": 32, "is_causal": true}, "candidate": "candidate", "phase": "compile_correctness"}
2026-09-07 11:38:43  [TileLang:tilelang.cache.kernel_cache:WARNING] (kernel_cache.py:342): Found kernel 'kernel' in memory cache. For better performance, consider using `@tilelang.jit` instead of direct kernel caching.
{"case": {"B": 1, "SEQ_LEN": 512, "H": 1, "HQ": 16, "D": 64, "S": 1, "block_size": 32, "is_causal": true}, "seed": 399, "status": "PASS", "call_event_ms": {"baseline": [0.011264000087976456, 0.010828799754381179, 0.011033599823713302, 0.010521599650382995], "candidate": [0.011007999628782272, 0.01080320030450821, 0.010623999685049058, 0.010649599879980088]}, "median_ms": {"baseline": 0.01093119978904724, "candidate": 0.010726400092244149}, "baseline_over_candidate": 1.0190930503283366}
{"case": {"B": 1, "SEQ_LEN": 512, "H": 1, "HQ": 16, "D": 64, "S": 1, "block_size": 64, "is_causal": true}, "candidate": "baseline", "phase": "compile_correctness"}
{"case": {"B": 1, "SEQ_LEN": 512, "H": 1, "HQ": 16, "D": 64, "S": 1, "block_size": 64, "is_causal": true}, "candidate": "candidate", "phase": "compile_correctness"}
2026-09-07 11:38:44  [TileLang:tilelang.cache.kernel_cache:WARNING] (kernel_cache.py:342): Found kernel 'kernel' in memory cache. For better performance, consider using `@tilelang.jit` instead of direct kernel caching.
{"case": {"B": 1, "SEQ_LEN": 512, "H": 1, "HQ": 16, "D": 64, "S": 1, "block_size": 64, "is_causal": true}, "seed": 399, "status": "PASS", "call_event_ms": {"baseline": [0.0165120005607605, 0.01643519997596741, 0.01653759926557541, 0.0165120005607605], "candidate": [0.01653759926557541, 0.01640959978103638, 0.01653759926557541, 0.016358399391174318]}, "median_ms": {"baseline": 0.0165120005607605, "candidate": 0.016473599523305894}, "baseline_over_candidate": 1.0023310653752555}
{"case": {"B": 1, "SEQ_LEN": 512, "H": 1, "HQ": 16, "D": 128, "S": 1, "block_size": 32, "is_causal": true}, "candidate": "baseline", "phase": "compile_correctness"}
{"case": {"B": 1, "SEQ_LEN": 512, "H": 1, "HQ": 16, "D": 128, "S": 1, "block_size": 32, "is_causal": true}, "candidate": "candidate", "phase": "compile_correctness"}
{"case": {"B": 1, "SEQ_LEN": 512, "H": 1, "HQ": 16, "D": 128, "S": 1, "block_size": 32, "is_causal": true}, "seed": 399, "status": "PASS", "call_event_ms": {"baseline": [0.01812479943037033, 0.017612800002098083, 0.017587199807167053, 0.017587199807167053], "candidate": [0.01525759994983673, 0.01515520066022873, 0.015078400075435639, 0.01515520066022873]}, "median_ms": {"baseline": 0.01759999990463257, "candidate": 0.01515520066022873}, "baseline_over_candidate": 1.1613175106826292}
{"case": {"B": 2, "SEQ_LEN": 256, "H": 1, "HQ": 16, "D": 64, "S": 1, "block_size": 64, "is_causal": true}, "candidate": "baseline", "phase": "compile_correctness"}
{"case": {"B": 2, "SEQ_LEN": 256, "H": 1, "HQ": 16, "D": 64, "S": 1, "block_size": 64, "is_causal": true}, "candidate": "candidate", "phase": "compile_correctness"}
2026-09-07 11:38:44  [TileLang:tilelang.cache.kernel_cache:WARNING] (kernel_cache.py:342): Found kernel 'kernel' in memory cache. For better performance, consider using `@tilelang.jit` instead of direct kernel caching.
{"case": {"B": 2, "SEQ_LEN": 256, "H": 1, "HQ": 16, "D": 64, "S": 1, "block_size": 64, "is_causal": true}, "seed": 399, "status": "PASS", "call_event_ms": {"baseline": [0.016358399391174318, 0.016256000101566314, 0.016281600296497344, 0.016307200491428375], "candidate": [0.0165120005607605, 0.01640959978103638, 0.016332800686359405, 0.016332800686359405]}, "median_ms": {"baseline": 0.01629440039396286, "candidate": 0.01637120023369789}, "baseline_over_candidate": 0.9953088448837766}
{"case": {"B": 4, "SEQ_LEN": 128, "H": 1, "HQ": 16, "D": 64, "S": 1, "block_size": 32, "is_causal": true}, "candidate": "baseline", "phase": "compile_correctness"}
{"case": {"B": 4, "SEQ_LEN": 128, "H": 1, "HQ": 16, "D": 64, "S": 1, "block_size": 32, "is_causal": true}, "candidate": "candidate", "phase": "compile_correctness"}
2026-09-07 11:38:44  [TileLang:tilelang.cache.kernel_cache:WARNING] (kernel_cache.py:342): Found kernel 'kernel' in memory cache. For better performance, consider using `@tilelang.jit` instead of direct kernel caching.
{"case": {"B": 4, "SEQ_LEN": 128, "H": 1, "HQ": 16, "D": 64, "S": 1, "block_size": 32, "is_causal": true}, "seed": 399, "status": "PASS", "call_event_ms": {"baseline": [0.011238399893045425, 0.010828799754381179, 0.010649599879980088, 0.010931199789047242], "candidate": [0.01090560033917427, 0.010828799754381179, 0.01088000014424324, 0.010675200074911118]}, "median_ms": {"baseline": 0.010879999771714211, "candidate": 0.01085439994931221}, "baseline_over_candidate": 1.0023584742152074}
{"case": {"B": 4, "SEQ_LEN": 128, "H": 1, "HQ": 16, "D": 64, "S": 1, "block_size": 64, "is_causal": true}, "candidate": "baseline", "phase": "compile_correctness"}
{"case": {"B": 4, "SEQ_LEN": 128, "H": 1, "HQ": 16, "D": 64, "S": 1, "block_size": 64, "is_causal": true}, "candidate": "candidate", "phase": "compile_correctness"}
2026-09-07 11:38:44  [TileLang:tilelang.cache.kernel_cache:WARNING] (kernel_cache.py:342): Found kernel 'kernel' in memory cache. For better performance, consider using `@tilelang.jit` instead of direct kernel caching.
{"case": {"B": 4, "SEQ_LEN": 128, "H": 1, "HQ": 16, "D": 64, "S": 1, "block_size": 64, "is_causal": true}, "seed": 399, "status": "PASS", "call_event_ms": {"baseline": [0.016281600296497344, 0.01640959978103638, 0.016153599321842193, 0.016307200491428375], "candidate": [0.01648640036582947, 0.016383999586105348, 0.016256000101566314, 0.016204799711704253]}, "median_ms": {"baseline": 0.01629440039396286, "candidate": 0.01631999984383583}, "baseline_over_candidate": 0.998431406242774}
{"case": {"B": 2, "SEQ_LEN": 512, "H": 1, "HQ": 16, "D": 128, "S": 1, "block_size": 32, "is_causal": true}, "candidate": "baseline", "phase": "compile_correctness"}
{"case": {"B": 2, "SEQ_LEN": 512, "H": 1, "HQ": 16, "D": 128, "S": 1, "block_size": 32, "is_causal": true}, "candidate": "candidate", "phase": "compile_correctness"}
{"case": {"B": 2, "SEQ_LEN": 512, "H": 1, "HQ": 16, "D": 128, "S": 1, "block_size": 32, "is_causal": true}, "seed": 399, "status": "PASS", "call_event_ms": {"baseline": [0.02455040067434311, 0.024089600145816802, 0.024217599630355836, 0.024140800535678863], "candidate": [0.021503999829292297, 0.021555200219154358, 0.021427200734615327, 0.021631999313831328]}, "median_ms": {"baseline": 0.024179200083017348, "candidate": 0.021529600024223328}, "baseline_over_candidate": 1.1230677790489796}
{"case": {"B": 4, "SEQ_LEN": 1024, "H": 1, "HQ": 16, "D": 128, "S": 1, "block_size": 32, "is_causal": true}, "candidate": "baseline", "phase": "compile_correctness"}
{"case": {"B": 4, "SEQ_LEN": 1024, "H": 1, "HQ": 16, "D": 128, "S": 1, "block_size": 32, "is_causal": true}, "candidate": "candidate", "phase": "compile_correctness"}
{"case": {"B": 4, "SEQ_LEN": 1024, "H": 1, "HQ": 16, "D": 128, "S": 1, "block_size": 32, "is_causal": true}, "seed": 399, "status": "PASS", "call_event_ms": {"baseline": [0.08038399815559387, 0.07982079982757569, 0.08035839796066284, 0.07969279885292054], "candidate": [0.059724801778793336, 0.05926399827003479, 0.059699201583862306, 0.059571200609207155]}, "median_ms": {"baseline": 0.08008959889411926, "candidate": 0.05963520109653473}, "baseline_over_candidate": 1.3429920151434367}
{"case": {"B": 8, "SEQ_LEN": 512, "H": 1, "HQ": 16, "D": 128, "S": 1, "block_size": 32, "is_causal": true}, "candidate": "baseline", "phase": "compile_correctness"}
{"case": {"B": 8, "SEQ_LEN": 512, "H": 1, "HQ": 16, "D": 128, "S": 1, "block_size": 32, "is_causal": true}, "candidate": "candidate", "phase": "compile_correctness"}
{"case": {"B": 8, "SEQ_LEN": 512, "H": 1, "HQ": 16, "D": 128, "S": 1, "block_size": 32, "is_causal": true}, "seed": 399, "status": "PASS", "call_event_ms": {"baseline": [0.08158720135688782, 0.08087040185928344, 0.0812287986278534, 0.08076800107955932], "candidate": [0.05941759943962097, 0.059494400024414064, 0.05939199924468994, 0.05928959846496582]}, "median_ms": {"baseline": 0.08104960024356841, "candidate": 0.05940479934215546}, "baseline_over_candidate": 1.364361148275997}
{"case": {"B": 1, "SEQ_LEN": 256, "H": 2, "HQ": 32, "D": 64, "S": 1, "block_size": 16, "is_causal": true}, "candidate": "baseline", "phase": "compile_correctness"}
{"case": {"B": 1, "SEQ_LEN": 256, "H": 2, "HQ": 32, "D": 64, "S": 1, "block_size": 16, "is_causal": true}, "candidate": "candidate", "phase": "compile_correctness"}
2026-09-07 11:38:45  [TileLang:tilelang.cache.kernel_cache:WARNING] (kernel_cache.py:342): Found kernel 'kernel' in memory cache. For better performance, consider using `@tilelang.jit` instead of direct kernel caching.
{"case": {"B": 1, "SEQ_LEN": 256, "H": 2, "HQ": 32, "D": 64, "S": 1, "block_size": 16, "is_causal": true}, "seed": 399, "status": "PASS", "call_event_ms": {"baseline": [0.011289600282907486, 0.010649599879980088, 0.010623999685049058, 0.010751999914646149], "candidate": [0.011007999628782272, 0.010547199845314026, 0.01085439994931221, 0.010291200131177902]}, "median_ms": {"baseline": 0.010700799897313118, "candidate": 0.010700799897313117}, "baseline_over_candidate": 1.0000000000000002}
{"case": {"B": 2, "SEQ_LEN": 512, "H": 2, "HQ": 32, "D": 64, "S": 1, "block_size": 16, "is_causal": true}, "candidate": "baseline", "phase": "compile_correctness"}
{"case": {"B": 2, "SEQ_LEN": 512, "H": 2, "HQ": 32, "D": 64, "S": 1, "block_size": 16, "is_causal": true}, "candidate": "candidate", "phase": "compile_correctness"}
2026-09-07 11:38:46  [TileLang:tilelang.cache.kernel_cache:WARNING] (kernel_cache.py:342): Found kernel 'kernel' in memory cache. For better performance, consider using `@tilelang.jit` instead of direct kernel caching.
{"case": {"B": 2, "SEQ_LEN": 512, "H": 2, "HQ": 32, "D": 64, "S": 1, "block_size": 16, "is_causal": true}, "seed": 399, "status": "PASS", "call_event_ms": {"baseline": [0.018406400084495546, 0.018380799889564516, 0.01815039962530136, 0.01804800033569336], "candidate": [0.017280000448226928, 0.017407999932765962, 0.017433600127696992, 0.017740799486637114]}, "median_ms": {"baseline": 0.018265599757432936, "candidate": 0.017420800030231477}, "baseline_over_candidate": 1.0484937388486995}
{"case": {"B": 1, "SEQ_LEN": 512, "H": 2, "HQ": 32, "D": 128, "S": 1, "block_size": 16, "is_causal": true}, "candidate": "baseline", "phase": "compile_correctness"}
{"case": {"B": 1, "SEQ_LEN": 512, "H": 2, "HQ": 32, "D": 128, "S": 1, "block_size": 16, "is_causal": true}, "candidate": "candidate", "phase": "compile_correctness"}
{"case": {"B": 1, "SEQ_LEN": 512, "H": 2, "HQ": 32, "D": 128, "S": 1, "block_size": 16, "is_causal": true}, "seed": 399, "status": "PASS", "call_event_ms": {"baseline": [0.019072000682353974, 0.018559999763965607, 0.018585599958896637, 0.018432000279426576], "candidate": [0.01671680063009262, 0.016358399391174318, 0.016204799711704253, 0.01643519997596741]}, "median_ms": {"baseline": 0.018572799861431122, "candidate": 0.016396799683570863}, "baseline_over_candidate": 1.1327088346417107}
{"case": {"B": 1, "SEQ_LEN": 256, "H": 1, "HQ": 16, "D": 64, "S": 2, "block_size": 16, "is_causal": true}, "candidate": "baseline", "phase": "compile_correctness"}
{"case": {"B": 1, "SEQ_LEN": 256, "H": 1, "HQ": 16, "D": 64, "S": 2, "block_size": 16, "is_causal": true}, "candidate": "candidate", "phase": "compile_correctness"}
{"case": {"B": 1, "SEQ_LEN": 256, "H": 1, "HQ": 16, "D": 64, "S": 2, "block_size": 16, "is_causal": true}, "seed": 399, "status": "PASS", "call_event_ms": {"baseline": [0.011852800101041793, 0.010598400235176086, 0.010623999685049058, 0.010444799810647965], "candidate": [0.011059200018644333, 0.011084800213575363, 0.010956799983978272, 0.010700800269842149]}, "median_ms": {"baseline": 0.010611199960112571, "candidate": 0.011008000001311302}, "baseline_over_candidate": 0.9639534846337697}
{"case": {"B": 2, "SEQ_LEN": 512, "H": 1, "HQ": 16, "D": 64, "S": 2, "block_size": 16, "is_causal": true}, "candidate": "baseline", "phase": "compile_correctness"}
{"case": {"B": 2, "SEQ_LEN": 512, "H": 1, "HQ": 16, "D": 64, "S": 2, "block_size": 16, "is_causal": true}, "candidate": "candidate", "phase": "compile_correctness"}
{"case": {"B": 2, "SEQ_LEN": 512, "H": 1, "HQ": 16, "D": 64, "S": 2, "block_size": 16, "is_causal": true}, "seed": 399, "status": "PASS", "call_event_ms": {"baseline": [0.01971199959516525, 0.019200000166893005, 0.019072000682353974, 0.019020800292491914], "candidate": [0.012620800733566284, 0.012467200309038163, 0.012595200538635254, 0.012492799758911132]}, "median_ms": {"baseline": 0.01913600042462349, "candidate": 0.012544000148773193}, "baseline_over_candidate": 1.5255102198396415}
{"case": {"B": 4, "SEQ_LEN": 1024, "H": 1, "HQ": 16, "D": 64, "S": 2, "block_size": 16, "is_causal": true}, "candidate": "baseline", "phase": "compile_correctness"}
{"case": {"B": 4, "SEQ_LEN": 1024, "H": 1, "HQ": 16, "D": 64, "S": 2, "block_size": 16, "is_causal": true}, "candidate": "candidate", "phase": "compile_correctness"}
{"case": {"B": 4, "SEQ_LEN": 1024, "H": 1, "HQ": 16, "D": 64, "S": 2, "block_size": 16, "is_causal": true}, "seed": 399, "status": "PASS", "call_event_ms": {"baseline": [0.05137919783592224, 0.05055999755859375, 0.05081599950790405, 0.050380802154541014], "candidate": [0.03566080033779144, 0.03591679930686951, 0.03563520014286041, 0.03553279936313629]}, "median_ms": {"baseline": 0.0506879985332489, "candidate": 0.035648000240325925}, "baseline_over_candidate": 1.4219030013332794}
{"case": {"B": 1, "SEQ_LEN": 256, "H": 1, "HQ": 16, "D": 64, "S": 4, "block_size": 16, "is_causal": true}, "candidate": "baseline", "phase": "compile_correctness"}
{"case": {"B": 1, "SEQ_LEN": 256, "H": 1, "HQ": 16, "D": 64, "S": 4, "block_size": 16, "is_causal": true}, "candidate": "candidate", "phase": "compile_correctness"}
{"case": {"B": 1, "SEQ_LEN": 256, "H": 1, "HQ": 16, "D": 64, "S": 4, "block_size": 16, "is_causal": true}, "seed": 399, "status": "PASS", "call_event_ms": {"baseline": [0.016204799711704253, 0.015846399962902068, 0.015795199573040007, 0.015667200088500977], "candidate": [0.012083200365304947, 0.012057600170373916, 0.011929599940776825, 0.011852800101041793]}, "median_ms": {"baseline": 0.015820799767971037, "candidate": 0.01199360005557537}, "baseline_over_candidate": 1.3191034964198716}
{"case": {"B": 2, "SEQ_LEN": 512, "H": 1, "HQ": 16, "D": 64, "S": 4, "block_size": 16, "is_causal": true}, "candidate": "baseline", "phase": "compile_correctness"}
{"case": {"B": 2, "SEQ_LEN": 512, "H": 1, "HQ": 16, "D": 64, "S": 4, "block_size": 16, "is_causal": true}, "candidate": "candidate", "phase": "compile_correctness"}
{"case": {"B": 2, "SEQ_LEN": 512, "H": 1, "HQ": 16, "D": 64, "S": 4, "block_size": 16, "is_causal": true}, "seed": 399, "status": "PASS", "call_event_ms": {"baseline": [0.029286399483680725, 0.0289792001247406, 0.028774398565292358, 0.028620800375938414], "candidate": [0.019020800292491914, 0.019123199582099914, 0.01886720061302185, 0.01881600022315979]}, "median_ms": {"baseline": 0.02887679934501648, "candidate": 0.018944000452756883}, "baseline_over_candidate": 1.524324253318633}
{"case": {"B": 4, "SEQ_LEN": 1024, "H": 1, "HQ": 16, "D": 64, "S": 4, "block_size": 16, "is_causal": true}, "candidate": "baseline", "phase": "compile_correctness"}
{"case": {"B": 4, "SEQ_LEN": 1024, "H": 1, "HQ": 16, "D": 64, "S": 4, "block_size": 16, "is_causal": true}, "candidate": "candidate", "phase": "compile_correctness"}
{"case": {"B": 4, "SEQ_LEN": 1024, "H": 1, "HQ": 16, "D": 64, "S": 4, "block_size": 16, "is_causal": true}, "seed": 399, "status": "PASS", "call_event_ms": {"baseline": [0.07813119888305664, 0.07797759771347046, 0.07759360074996949, 0.07754240036010743], "candidate": [0.05772799849510193, 0.057599997520446776, 0.05736960172653198, 0.0574720025062561]}, "median_ms": {"baseline": 0.07778559923171997, "candidate": 0.057536000013351435}, "baseline_over_candidate": 1.3519465936747348}
{"case": {"B": 1, "SEQ_LEN": 256, "H": 1, "HQ": 16, "D": 64, "S": 8, "block_size": 16, "is_causal": true}, "candidate": "baseline", "phase": "compile_correctness"}
{"case": {"B": 1, "SEQ_LEN": 256, "H": 1, "HQ": 16, "D": 64, "S": 8, "block_size": 16, "is_causal": true}, "candidate": "candidate", "phase": "compile_correctness"}
{"case": {"B": 1, "SEQ_LEN": 256, "H": 1, "HQ": 16, "D": 64, "S": 8, "block_size": 16, "is_causal": true}, "seed": 399, "status": "PASS", "call_event_ms": {"baseline": [0.025216001272201537, 0.02475520074367523, 0.024934400618076325, 0.02457599937915802], "candidate": [0.01687040030956268, 0.01676799952983856, 0.01669120043516159, 0.01671680063009262]}, "median_ms": {"baseline": 0.02484480068087578, "candidate": 0.01674240007996559}, "baseline_over_candidate": 1.483944987708527}
{"case": {"B": 2, "SEQ_LEN": 512, "H": 1, "HQ": 16, "D": 64, "S": 8, "block_size": 16, "is_causal": true}, "candidate": "baseline", "phase": "compile_correctness"}
{"case": {"B": 2, "SEQ_LEN": 512, "H": 1, "HQ": 16, "D": 64, "S": 8, "block_size": 16, "is_causal": true}, "candidate": "candidate", "phase": "compile_correctness"}
2026-09-07 11:38:48  [TileLang:tilelang.cache.kernel_cache:WARNING] (kernel_cache.py:342): Found kernel 'kernel' in memory cache. For better performance, consider using `@tilelang.jit` instead of direct kernel caching.
{"case": {"B": 2, "SEQ_LEN": 512, "H": 1, "HQ": 16, "D": 64, "S": 8, "block_size": 16, "is_causal": true}, "seed": 399, "status": "PASS", "call_event_ms": {"baseline": [0.04119040071964264, 0.04095999896526337, 0.04136959910392761, 0.04101119935512543], "candidate": [0.04108799993991852, 0.04119040071964264, 0.04103679955005646, 0.04121600091457367]}, "median_ms": {"baseline": 0.04110080003738403, "candidate": 0.04113920032978058}, "baseline_over_candidate": 0.9990665765963188}
{"case": {"B": 4, "SEQ_LEN": 1024, "H": 1, "HQ": 16, "D": 64, "S": 8, "block_size": 16, "is_causal": true}, "candidate": "baseline", "phase": "compile_correctness"}
{"case": {"B": 4, "SEQ_LEN": 1024, "H": 1, "HQ": 16, "D": 64, "S": 8, "block_size": 16, "is_causal": true}, "candidate": "candidate", "phase": "compile_correctness"}
2026-09-07 11:38:48  [TileLang:tilelang.cache.kernel_cache:WARNING] (kernel_cache.py:342): Found kernel 'kernel' in memory cache. For better performance, consider using `@tilelang.jit` instead of direct kernel caching.
{"case": {"B": 4, "SEQ_LEN": 1024, "H": 1, "HQ": 16, "D": 64, "S": 8, "block_size": 16, "is_causal": true}, "seed": 399, "status": "PASS", "call_event_ms": {"baseline": [0.12346880435943604, 0.12313599586486816, 0.12275199890136719, 0.12295680046081543], "candidate": [0.12295680046081543, 0.12290560007095337, 0.12288000583648681, 0.1230847954750061]}, "median_ms": {"baseline": 0.1230463981628418, "candidate": 0.1229312002658844}, "baseline_over_candidate": 1.0009370924281893}
{"case": {"B": 1, "SEQ_LEN": 1024, "H": 1, "HQ": 16, "D": 128, "S": 1, "block_size": 32, "is_causal": true}, "candidate": "baseline", "phase": "compile_correctness"}
{"case": {"B": 1, "SEQ_LEN": 1024, "H": 1, "HQ": 16, "D": 128, "S": 1, "block_size": 32, "is_causal": true}, "candidate": "candidate", "phase": "compile_correctness"}
{"case": {"B": 1, "SEQ_LEN": 1024, "H": 1, "HQ": 16, "D": 128, "S": 1, "block_size": 32, "is_causal": true}, "seed": 399, "status": "PASS", "call_event_ms": {"baseline": [0.024191999435424806, 0.023680000007152556, 0.02401279956102371, 0.02388480007648468], "candidate": [0.021401600539684297, 0.02114560008049011, 0.02099200040102005, 0.02109439969062805]}, "median_ms": {"baseline": 0.023948799818754196, "candidate": 0.02111999988555908}, "baseline_over_candidate": 1.1339393915020484}
{"case": {"B": 2, "SEQ_LEN": 1024, "H": 1, "HQ": 16, "D": 128, "S": 1, "block_size": 32, "is_causal": true}, "candidate": "baseline", "phase": "compile_correctness"}
{"case": {"B": 2, "SEQ_LEN": 1024, "H": 1, "HQ": 16, "D": 128, "S": 1, "block_size": 32, "is_causal": true}, "candidate": "candidate", "phase": "compile_correctness"}
{"case": {"B": 2, "SEQ_LEN": 1024, "H": 1, "HQ": 16, "D": 128, "S": 1, "block_size": 32, "is_causal": true}, "seed": 399, "status": "PASS", "call_event_ms": {"baseline": [0.045184001326560974, 0.0444927990436554, 0.04467200040817261, 0.0449535995721817], "candidate": [0.0339711993932724, 0.03361279964447021, 0.03374080061912536, 0.03366400003433227]}, "median_ms": {"baseline": 0.044812799990177156, "candidate": 0.03370240032672882}, "baseline_over_candidate": 1.3296619693475322}
{"case": {"B": 4, "SEQ_LEN": 512, "H": 1, "HQ": 16, "D": 128, "S": 1, "block_size": 32, "is_causal": true}, "candidate": "baseline", "phase": "compile_correctness"}
{"case": {"B": 4, "SEQ_LEN": 512, "H": 1, "HQ": 16, "D": 128, "S": 1, "block_size": 32, "is_causal": true}, "candidate": "candidate", "phase": "compile_correctness"}
{"case": {"B": 4, "SEQ_LEN": 512, "H": 1, "HQ": 16, "D": 128, "S": 1, "block_size": 32, "is_causal": true}, "seed": 399, "status": "PASS", "call_event_ms": {"baseline": [0.045926401019096376, 0.04523519873619079, 0.04520959854125976, 0.04477440118789673], "candidate": [0.033817601203918454, 0.033766400814056394, 0.033766400814056394, 0.033843201398849485]}, "median_ms": {"baseline": 0.04522239863872528, "candidate": 0.033792001008987424}, "baseline_over_candidate": 1.3382574955149236}
{"case": {"B": 8, "SEQ_LEN": 256, "H": 1, "HQ": 16, "D": 128, "S": 1, "block_size": 32, "is_causal": true}, "candidate": "baseline", "phase": "compile_correctness"}
{"case": {"B": 8, "SEQ_LEN": 256, "H": 1, "HQ": 16, "D": 128, "S": 1, "block_size": 32, "is_causal": true}, "candidate": "candidate", "phase": "compile_correctness"}
{"case": {"B": 8, "SEQ_LEN": 256, "H": 1, "HQ": 16, "D": 128, "S": 1, "block_size": 32, "is_causal": true}, "seed": 399, "status": "PASS", "call_event_ms": {"baseline": [0.04482559859752655, 0.04467200040817261, 0.04439040124416351, 0.04408319890499115], "candidate": [0.03404799997806549, 0.03356159925460815, 0.033766400814056394, 0.033792001008987424]}, "median_ms": {"baseline": 0.04453120082616806, "candidate": 0.03377920091152191}, "baseline_over_candidate": 1.3183023761517905}
{"case": {"B": 1, "SEQ_LEN": 2048, "H": 1, "HQ": 16, "D": 32, "S": 1, "block_size": 16, "is_causal": true}, "candidate": "baseline", "phase": "compile_correctness"}
{"case": {"B": 1, "SEQ_LEN": 2048, "H": 1, "HQ": 16, "D": 32, "S": 1, "block_size": 16, "is_causal": true}, "candidate": "candidate", "phase": "compile_correctness"}
2026-09-07 11:38:49  [TileLang:tilelang.cache.kernel_cache:WARNING] (kernel_cache.py:342): Found kernel 'kernel' in memory cache. For better performance, consider using `@tilelang.jit` instead of direct kernel caching.
{"case": {"B": 1, "SEQ_LEN": 2048, "H": 1, "HQ": 16, "D": 32, "S": 1, "block_size": 16, "is_causal": true}, "seed": 399, "status": "PASS", "call_event_ms": {"baseline": [0.011494400352239609, 0.010649599879980088, 0.010649599879980088, 0.010496000200510025], "candidate": [0.010777600109577179, 0.01080320030450821, 0.010547199845314026, 0.010521599650382995]}, "median_ms": {"baseline": 0.010649599879980088, "candidate": 0.010662399977445603}, "baseline_over_candidate": 0.9987995106643353}
{"case": {"B": 4, "SEQ_LEN": 2048, "H": 1, "HQ": 16, "D": 32, "S": 1, "block_size": 16, "is_causal": true}, "candidate": "baseline", "phase": "compile_correctness"}
{"case": {"B": 4, "SEQ_LEN": 2048, "H": 1, "HQ": 16, "D": 32, "S": 1, "block_size": 16, "is_causal": true}, "candidate": "candidate", "phase": "compile_correctness"}
{"case": {"B": 4, "SEQ_LEN": 2048, "H": 1, "HQ": 16, "D": 32, "S": 1, "block_size": 16, "is_causal": true}, "seed": 399, "status": "PASS", "call_event_ms": {"baseline": [0.02462719976902008, 0.024396799504756927, 0.024345600605010988, 0.024371199309825897], "candidate": [0.02401279956102371, 0.02378239929676056, 0.02385919988155365, 0.02380799949169159]}, "median_ms": {"baseline": 0.024383999407291412, "candidate": 0.02383359968662262}, "baseline_over_candidate": 1.0230934364890638}
{"case": {"B": 8, "SEQ_LEN": 2048, "H": 1, "HQ": 16, "D": 32, "S": 1, "block_size": 16, "is_causal": true}, "candidate": "baseline", "phase": "compile_correctness"}
{"case": {"B": 8, "SEQ_LEN": 2048, "H": 1, "HQ": 16, "D": 32, "S": 1, "block_size": 16, "is_causal": true}, "candidate": "candidate", "phase": "compile_correctness"}
{"case": {"B": 8, "SEQ_LEN": 2048, "H": 1, "HQ": 16, "D": 32, "S": 1, "block_size": 16, "is_causal": true}, "seed": 399, "status": "PASS", "call_event_ms": {"baseline": [0.04149760007858276, 0.04103679955005646, 0.04085760116577149, 0.04080640077590943], "candidate": [0.03939839899539947, 0.03937279880046844, 0.03934719860553741, 0.03944959938526153]}, "median_ms": {"baseline": 0.04094720035791397, "candidate": 0.03938559889793396}, "baseline_over_candidate": 1.0396490469530966}
{"case": {"B": 1, "SEQ_LEN": 48, "H": 1, "HQ": 16, "D": 32, "S": 1, "block_size": 16, "is_causal": true}, "candidate": "baseline", "phase": "compile_correctness"}
{"case": {"B": 1, "SEQ_LEN": 48, "H": 1, "HQ": 16, "D": 32, "S": 1, "block_size": 16, "is_causal": true}, "candidate": "candidate", "phase": "compile_correctness"}
2026-09-07 11:38:50  [TileLang:tilelang.cache.kernel_cache:WARNING] (kernel_cache.py:342): Found kernel 'kernel' in memory cache. For better performance, consider using `@tilelang.jit` instead of direct kernel caching.
{"case": {"B": 1, "SEQ_LEN": 48, "H": 1, "HQ": 16, "D": 32, "S": 1, "block_size": 16, "is_causal": true}, "seed": 399, "status": "PASS", "call_event_ms": {"baseline": [0.011622399836778641, 0.010649599879980088, 0.011315199732780456, 0.010444799810647965], "candidate": [0.01088000014424324, 0.010470400005578995, 0.010572800040245056, 0.010419200360774993]}, "median_ms": {"baseline": 0.010982399806380272, "candidate": 0.010521600022912025}, "baseline_over_candidate": 1.0437955997628499}
{"case": {"B": 2, "SEQ_LEN": 48, "H": 1, "HQ": 16, "D": 32, "S": 1, "block_size": 16, "is_causal": true}, "candidate": "baseline", "phase": "compile_correctness"}
{"case": {"B": 2, "SEQ_LEN": 48, "H": 1, "HQ": 16, "D": 32, "S": 1, "block_size": 16, "is_causal": true}, "candidate": "candidate", "phase": "compile_correctness"}
2026-09-07 11:38:50  [TileLang:tilelang.cache.kernel_cache:WARNING] (kernel_cache.py:342): Found kernel 'kernel' in memory cache. For better performance, consider using `@tilelang.jit` instead of direct kernel caching.
{"case": {"B": 2, "SEQ_LEN": 48, "H": 1, "HQ": 16, "D": 32, "S": 1, "block_size": 16, "is_causal": true}, "seed": 399, "status": "PASS", "call_event_ms": {"baseline": [0.011212799698114395, 0.010470400005578995, 0.010419200360774993, 0.010598400235176086], "candidate": [0.010700800269842149, 0.010496000200510025, 0.010496000200510025, 0.010316800326108932]}, "median_ms": {"baseline": 0.01053440012037754, "candidate": 0.010496000200510025}, "baseline_over_candidate": 1.0036585288809017}
{"case": {"B": 4, "SEQ_LEN": 48, "H": 1, "HQ": 16, "D": 32, "S": 1, "block_size": 16, "is_causal": true}, "candidate": "baseline", "phase": "compile_correctness"}
{"case": {"B": 4, "SEQ_LEN": 48, "H": 1, "HQ": 16, "D": 32, "S": 1, "block_size": 16, "is_causal": true}, "candidate": "candidate", "phase": "compile_correctness"}
2026-09-07 11:38:50  [TileLang:tilelang.cache.kernel_cache:WARNING] (kernel_cache.py:342): Found kernel 'kernel' in memory cache. For better performance, consider using `@tilelang.jit` instead of direct kernel caching.
{"case": {"B": 4, "SEQ_LEN": 48, "H": 1, "HQ": 16, "D": 32, "S": 1, "block_size": 16, "is_causal": true}, "seed": 399, "status": "PASS", "call_event_ms": {"baseline": [0.011238399893045425, 0.010496000200510025, 0.010521599650382995, 0.010521599650382995], "candidate": [0.010675200074911118, 0.010393600165843963, 0.010419200360774993, 0.010342399775981902]}, "median_ms": {"baseline": 0.010521599650382995, "candidate": 0.010406400263309478}, "baseline_over_candidate": 1.0110700515220121}
{"case": {"B": 8, "SEQ_LEN": 48, "H": 1, "HQ": 16, "D": 32, "S": 1, "block_size": 16, "is_causal": true}, "candidate": "baseline", "phase": "compile_correctness"}
{"case": {"B": 8, "SEQ_LEN": 48, "H": 1, "HQ": 16, "D": 32, "S": 1, "block_size": 16, "is_causal": true}, "candidate": "candidate", "phase": "compile_correctness"}
2026-09-07 11:38:51  [TileLang:tilelang.cache.kernel_cache:WARNING] (kernel_cache.py:342): Found kernel 'kernel' in memory cache. For better performance, consider using `@tilelang.jit` instead of direct kernel caching.
{"case": {"B": 8, "SEQ_LEN": 48, "H": 1, "HQ": 16, "D": 32, "S": 1, "block_size": 16, "is_causal": true}, "seed": 399, "status": "PASS", "call_event_ms": {"baseline": [0.011417599767446518, 0.010675200074911118, 0.010393600165843963, 0.010239999741315842], "candidate": [0.01080320030450821, 0.010470400005578995, 0.010470400005578995, 0.010470400005578995]}, "median_ms": {"baseline": 0.01053440012037754, "candidate": 0.010470400005578995}, "baseline_over_candidate": 1.006112480398499}
{"case": {"B": 1, "SEQ_LEN": 96, "H": 1, "HQ": 16, "D": 32, "S": 1, "block_size": 16, "is_causal": true}, "candidate": "baseline", "phase": "compile_correctness"}
{"case": {"B": 1, "SEQ_LEN": 96, "H": 1, "HQ": 16, "D": 32, "S": 1, "block_size": 16, "is_causal": true}, "candidate": "candidate", "phase": "compile_correctness"}
2026-09-07 11:38:51  [TileLang:tilelang.cache.kernel_cache:WARNING] (kernel_cache.py:342): Found kernel 'kernel' in memory cache. For better performance, consider using `@tilelang.jit` instead of direct kernel caching.
{"case": {"B": 1, "SEQ_LEN": 96, "H": 1, "HQ": 16, "D": 32, "S": 1, "block_size": 16, "is_causal": true}, "seed": 399, "status": "PASS", "call_event_ms": {"baseline": [0.011264000087976456, 0.010367999970912933, 0.010521599650382995, 0.01157120019197464], "candidate": [0.01080320030450821, 0.010726399719715118, 0.010496000200510025, 0.010419200360774993]}, "median_ms": {"baseline": 0.010892799869179726, "candidate": 0.010611199960112571}, "baseline_over_candidate": 1.0265379891176951}
{"case": {"B": 2, "SEQ_LEN": 96, "H": 1, "HQ": 16, "D": 32, "S": 1, "block_size": 16, "is_causal": true}, "candidate": "baseline", "phase": "compile_correctness"}
{"case": {"B": 2, "SEQ_LEN": 96, "H": 1, "HQ": 16, "D": 32, "S": 1, "block_size": 16, "is_causal": true}, "candidate": "candidate", "phase": "compile_correctness"}
2026-09-07 11:38:51  [TileLang:tilelang.cache.kernel_cache:WARNING] (kernel_cache.py:342): Found kernel 'kernel' in memory cache. For better performance, consider using `@tilelang.jit` instead of direct kernel caching.
{"case": {"B": 2, "SEQ_LEN": 96, "H": 1, "HQ": 16, "D": 32, "S": 1, "block_size": 16, "is_causal": true}, "seed": 399, "status": "PASS", "call_event_ms": {"baseline": [0.011366400122642516, 0.010470400005578995, 0.010444799810647965, 0.010547199845314026], "candidate": [0.010828799754381179, 0.010470400005578995, 0.010239999741315842, 0.010163199901580811]}, "median_ms": {"baseline": 0.01050879992544651, "candidate": 0.010355199873447418}, "baseline_over_candidate": 1.0148331325204982}
{"case": {"B": 4, "SEQ_LEN": 96, "H": 1, "HQ": 16, "D": 32, "S": 1, "block_size": 16, "is_causal": true}, "candidate": "baseline", "phase": "compile_correctness"}
{"case": {"B": 4, "SEQ_LEN": 96, "H": 1, "HQ": 16, "D": 32, "S": 1, "block_size": 16, "is_causal": true}, "candidate": "candidate", "phase": "compile_correctness"}
2026-09-07 11:38:51  [TileLang:tilelang.cache.kernel_cache:WARNING] (kernel_cache.py:342): Found kernel 'kernel' in memory cache. For better performance, consider using `@tilelang.jit` instead of direct kernel caching.
{"case": {"B": 4, "SEQ_LEN": 96, "H": 1, "HQ": 16, "D": 32, "S": 1, "block_size": 16, "is_causal": true}, "seed": 399, "status": "PASS", "call_event_ms": {"baseline": [0.011417599767446518, 0.010623999685049058, 0.010547199845314026, 0.010393600165843963], "candidate": [0.010777600109577179, 0.010751999914646149, 0.010470400005578995, 0.010547199845314026]}, "median_ms": {"baseline": 0.01058559976518154, "candidate": 0.010649599879980088}, "baseline_over_candidate": 0.9939903737680456}
{"case": {"B": 8, "SEQ_LEN": 96, "H": 1, "HQ": 16, "D": 32, "S": 1, "block_size": 16, "is_causal": true}, "candidate": "baseline", "phase": "compile_correctness"}
{"case": {"B": 8, "SEQ_LEN": 96, "H": 1, "HQ": 16, "D": 32, "S": 1, "block_size": 16, "is_causal": true}, "candidate": "candidate", "phase": "compile_correctness"}
2026-09-07 11:38:51  [TileLang:tilelang.cache.kernel_cache:WARNING] (kernel_cache.py:342): Found kernel 'kernel' in memory cache. For better performance, consider using `@tilelang.jit` instead of direct kernel caching.
{"case": {"B": 8, "SEQ_LEN": 96, "H": 1, "HQ": 16, "D": 32, "S": 1, "block_size": 16, "is_causal": true}, "seed": 399, "status": "PASS", "call_event_ms": {"baseline": [0.011264000087976456, 0.010623999685049058, 0.010496000200510025, 0.010547199845314026], "candidate": [0.010649599879980088, 0.010342399775981902, 0.010547199845314026, 0.011340799927711486]}, "median_ms": {"baseline": 0.01058559976518154, "candidate": 0.010598399862647056}, "baseline_over_candidate": 0.9987922613195009}
{"case": {"B": 1, "SEQ_LEN": 4096, "H": 1, "HQ": 16, "D": 64, "S": 1, "block_size": 16, "is_causal": true}, "candidate": "baseline", "phase": "compile_correctness"}
{"case": {"B": 1, "SEQ_LEN": 4096, "H": 1, "HQ": 16, "D": 64, "S": 1, "block_size": 16, "is_causal": true}, "candidate": "candidate", "phase": "compile_correctness"}
2026-09-07 11:38:52  [TileLang:tilelang.cache.kernel_cache:WARNING] (kernel_cache.py:342): Found kernel 'kernel' in memory cache. For better performance, consider using `@tilelang.jit` instead of direct kernel caching.
{"case": {"B": 1, "SEQ_LEN": 4096, "H": 1, "HQ": 16, "D": 64, "S": 1, "block_size": 16, "is_causal": true}, "seed": 399, "status": "PASS", "call_event_ms": {"baseline": [0.02900480031967163, 0.029183998703956604, 0.02913280129432678, 0.02903040051460266], "candidate": [0.029824000597000123, 0.029311999678611755, 0.028799998760223388, 0.02903040051460266]}, "median_ms": {"baseline": 0.02908160090446472, "candidate": 0.02917120009660721}, "baseline_over_candidate": 0.9969285051062089}
{"case": {"B": 1, "SEQ_LEN": 4096, "H": 1, "HQ": 16, "D": 128, "S": 1, "block_size": 16, "is_causal": true}, "candidate": "baseline", "phase": "compile_correctness"}
{"case": {"B": 1, "SEQ_LEN": 4096, "H": 1, "HQ": 16, "D": 128, "S": 1, "block_size": 16, "is_causal": true}, "candidate": "candidate", "phase": "compile_correctness"}
{"case": {"B": 1, "SEQ_LEN": 4096, "H": 1, "HQ": 16, "D": 128, "S": 1, "block_size": 16, "is_causal": true}, "seed": 399, "status": "PASS", "call_event_ms": {"baseline": [0.05800960063934326, 0.05729280114173889, 0.05726720094680786, 0.05749760270118713], "candidate": [0.04935680031776428, 0.048895999789237976, 0.04958719909191132, 0.04943360090255737]}, "median_ms": {"baseline": 0.05739520192146301, "candidate": 0.049395200610160825}, "baseline_over_candidate": 1.1619590812969904}
{"case": {"B": 2, "SEQ_LEN": 4096, "H": 1, "HQ": 16, "D": 64, "S": 1, "block_size": 16, "is_causal": true}, "candidate": "baseline", "phase": "compile_correctness"}
{"case": {"B": 2, "SEQ_LEN": 4096, "H": 1, "HQ": 16, "D": 64, "S": 1, "block_size": 16, "is_causal": true}, "candidate": "candidate", "phase": "compile_correctness"}
2026-09-07 11:38:52  [TileLang:tilelang.cache.kernel_cache:WARNING] (kernel_cache.py:342): Found kernel 'kernel' in memory cache. For better performance, consider using `@tilelang.jit` instead of direct kernel caching.
{"case": {"B": 2, "SEQ_LEN": 4096, "H": 1, "HQ": 16, "D": 64, "S": 1, "block_size": 16, "is_causal": true}, "seed": 399, "status": "PASS", "call_event_ms": {"baseline": [0.04986880123615265, 0.04948480129241943, 0.04997119903564453, 0.04961279928684235], "candidate": [0.04948480129241943, 0.04894720017910004, 0.0494592010974884, 0.04958719909191132]}, "median_ms": {"baseline": 0.0497408002614975, "candidate": 0.049472001194953916}, "baseline_over_candidate": 1.0054333574557521}
{"case": {"B": 4, "SEQ_LEN": 4096, "H": 1, "HQ": 16, "D": 64, "S": 1, "block_size": 16, "is_causal": true}, "candidate": "baseline", "phase": "compile_correctness"}
{"case": {"B": 4, "SEQ_LEN": 4096, "H": 1, "HQ": 16, "D": 64, "S": 1, "block_size": 16, "is_causal": true}, "candidate": "candidate", "phase": "compile_correctness"}
2026-09-07 11:38:53  [TileLang:tilelang.cache.kernel_cache:WARNING] (kernel_cache.py:342): Found kernel 'kernel' in memory cache. For better performance, consider using `@tilelang.jit` instead of direct kernel caching.
{"case": {"B": 4, "SEQ_LEN": 4096, "H": 1, "HQ": 16, "D": 64, "S": 1, "block_size": 16, "is_causal": true}, "seed": 399, "status": "PASS", "call_event_ms": {"baseline": [0.08975359797477722, 0.08960000276565552, 0.08880640268325805, 0.0880128026008606], "candidate": [0.08960000276565552, 0.08944640159606934, 0.08791040182113648, 0.08791040182113648]}, "median_ms": {"baseline": 0.08920320272445678, "candidate": 0.08867840170860292}, "baseline_over_candidate": 1.0059180251982704}
{"case": {"B": 8, "SEQ_LEN": 4096, "H": 1, "HQ": 16, "D": 64, "S": 1, "block_size": 16, "is_causal": true}, "candidate": "baseline", "phase": "compile_correctness"}
{"case": {"B": 8, "SEQ_LEN": 4096, "H": 1, "HQ": 16, "D": 64, "S": 1, "block_size": 16, "is_causal": true}, "candidate": "candidate", "phase": "compile_correctness"}
2026-09-07 11:38:53  [TileLang:tilelang.cache.kernel_cache:WARNING] (kernel_cache.py:342): Found kernel 'kernel' in memory cache. For better performance, consider using `@tilelang.jit` instead of direct kernel caching.
{"case": {"B": 8, "SEQ_LEN": 4096, "H": 1, "HQ": 16, "D": 64, "S": 1, "block_size": 16, "is_causal": true}, "seed": 399, "status": "PASS", "call_event_ms": {"baseline": [0.17111040353775026, 0.16926720142364501, 0.1676543951034546, 0.16832000017166138], "candidate": [0.16911360025405883, 0.16885759830474853, 0.16870399713516235, 0.16824320554733277]}, "median_ms": {"baseline": 0.1687936007976532, "candidate": 0.16878079771995544}, "baseline_over_candidate": 1.0000758562459162}
{"case": {"B": 1, "SEQ_LEN": 8192, "H": 1, "HQ": 16, "D": 64, "S": 1, "block_size": 16, "is_causal": true}, "candidate": "baseline", "phase": "compile_correctness"}
{"case": {"B": 1, "SEQ_LEN": 8192, "H": 1, "HQ": 16, "D": 64, "S": 1, "block_size": 16, "is_causal": true}, "candidate": "candidate", "phase": "compile_correctness"}
2026-09-07 11:38:54  [TileLang:tilelang.cache.kernel_cache:WARNING] (kernel_cache.py:342): Found kernel 'kernel' in memory cache. For better performance, consider using `@tilelang.jit` instead of direct kernel caching.
{"case": {"B": 1, "SEQ_LEN": 8192, "H": 1, "HQ": 16, "D": 64, "S": 1, "block_size": 16, "is_causal": true}, "seed": 399, "status": "PASS", "call_event_ms": {"baseline": [0.04997119903564453, 0.04902400076389313, 0.04925439953804016, 0.04943360090255737], "candidate": [0.04997119903564453, 0.050483202934265135, 0.04986880123615265, 0.04971520006656647]}, "median_ms": {"baseline": 0.049344000220298764, "candidate": 0.04992000013589859}, "baseline_over_candidate": 0.9884615401836585}
{"case": {"B": 1, "SEQ_LEN": 8192, "H": 1, "HQ": 16, "D": 128, "S": 1, "block_size": 16, "is_causal": true}, "candidate": "baseline", "phase": "compile_correctness"}
{"case": {"B": 1, "SEQ_LEN": 8192, "H": 1, "HQ": 16, "D": 128, "S": 1, "block_size": 16, "is_causal": true}, "candidate": "candidate", "phase": "compile_correctness"}
{"case": {"B": 1, "SEQ_LEN": 8192, "H": 1, "HQ": 16, "D": 128, "S": 1, "block_size": 16, "is_causal": true}, "seed": 399, "status": "PASS", "call_event_ms": {"baseline": [0.10327039957046509, 0.1028864026069641, 0.10229760408401489, 0.10257920026779174], "candidate": [0.0934656023979187, 0.0939520001411438, 0.092467200756073, 0.09241600036621093]}, "median_ms": {"baseline": 0.10273280143737792, "candidate": 0.09296640157699584}, "baseline_over_candidate": 1.105053005114901}
{"case": {"B": 2, "SEQ_LEN": 8192, "H": 1, "HQ": 16, "D": 64, "S": 1, "block_size": 16, "is_causal": true}, "candidate": "baseline", "phase": "compile_correctness"}
{"case": {"B": 2, "SEQ_LEN": 8192, "H": 1, "HQ": 16, "D": 64, "S": 1, "block_size": 16, "is_causal": true}, "candidate": "candidate", "phase": "compile_correctness"}
2026-09-07 11:38:55  [TileLang:tilelang.cache.kernel_cache:WARNING] (kernel_cache.py:342): Found kernel 'kernel' in memory cache. For better performance, consider using `@tilelang.jit` instead of direct kernel caching.
{"case": {"B": 2, "SEQ_LEN": 8192, "H": 1, "HQ": 16, "D": 64, "S": 1, "block_size": 16, "is_causal": true}, "seed": 399, "status": "PASS", "call_event_ms": {"baseline": [0.09029120206832886, 0.08957440257072449, 0.09000959992408752, 0.08913919925689698], "candidate": [0.08962560296058655, 0.08960000276565552, 0.08995839953422546, 0.08975359797477722]}, "median_ms": {"baseline": 0.08979200124740601, "candidate": 0.08968960046768189}, "baseline_over_candidate": 1.0011417241150609}
{"case": {"B": 4, "SEQ_LEN": 8192, "H": 1, "HQ": 16, "D": 32, "S": 1, "block_size": 16, "is_causal": true}, "candidate": "baseline", "phase": "compile_correctness"}
{"case": {"B": 4, "SEQ_LEN": 8192, "H": 1, "HQ": 16, "D": 32, "S": 1, "block_size": 16, "is_causal": true}, "candidate": "candidate", "phase": "compile_correctness"}
{"case": {"B": 4, "SEQ_LEN": 8192, "H": 1, "HQ": 16, "D": 32, "S": 1, "block_size": 16, "is_causal": true}, "seed": 399, "status": "PASS", "call_event_ms": {"baseline": [0.07536640167236328, 0.07485439777374267, 0.07590399980545044, 0.07454720139503479], "candidate": [0.07103999853134155, 0.07098879814147949, 0.07155200242996215, 0.07093759775161743]}, "median_ms": {"baseline": 0.07511039972305297, "candidate": 0.07101439833641052}, "baseline_over_candidate": 1.0576784635594434}
{"case": {"B": 1, "SEQ_LEN": 16384, "H": 1, "HQ": 16, "D": 32, "S": 1, "block_size": 16, "is_causal": true}, "candidate": "baseline", "phase": "compile_correctness"}
{"case": {"B": 1, "SEQ_LEN": 16384, "H": 1, "HQ": 16, "D": 32, "S": 1, "block_size": 16, "is_causal": true}, "candidate": "candidate", "phase": "compile_correctness"}
{"case": {"B": 1, "SEQ_LEN": 16384, "H": 1, "HQ": 16, "D": 32, "S": 1, "block_size": 16, "is_causal": true}, "seed": 399, "status": "PASS", "call_event_ms": {"baseline": [0.0419840008020401, 0.04149760007858276, 0.04147199988365173, 0.04131839871406555], "candidate": [0.040268799662590025, 0.039987200498580934, 0.040012800693511964, 0.039987200498580934]}, "median_ms": {"baseline": 0.041484799981117246, "candidate": 0.04000000059604645}, "baseline_over_candidate": 1.0371199840736391}
{"case": {"B": 1, "SEQ_LEN": 16384, "H": 1, "HQ": 16, "D": 64, "S": 1, "block_size": 16, "is_causal": true}, "candidate": "baseline", "phase": "compile_correctness"}
{"case": {"B": 1, "SEQ_LEN": 16384, "H": 1, "HQ": 16, "D": 64, "S": 1, "block_size": 16, "is_causal": true}, "candidate": "candidate", "phase": "compile_correctness"}
2026-09-07 11:38:57  [TileLang:tilelang.cache.kernel_cache:WARNING] (kernel_cache.py:342): Found kernel 'kernel' in memory cache. For better performance, consider using `@tilelang.jit` instead of direct kernel caching.
{"case": {"B": 1, "SEQ_LEN": 16384, "H": 1, "HQ": 16, "D": 64, "S": 1, "block_size": 16, "is_causal": true}, "seed": 399, "status": "PASS", "call_event_ms": {"baseline": [0.09169920086860657, 0.0917248010635376, 0.09236479997634887, 0.09126399755477906], "candidate": [0.09151999950408936, 0.09141759872436524, 0.0911616027355194, 0.0917248010635376]}, "median_ms": {"baseline": 0.09171200096607209, "candidate": 0.0914687991142273}, "baseline_over_candidate": 1.0026588503861418}
{"case": {"B": 2, "SEQ_LEN": 16384, "H": 1, "HQ": 16, "D": 32, "S": 1, "block_size": 16, "is_causal": true}, "candidate": "baseline", "phase": "compile_correctness"}
{"case": {"B": 2, "SEQ_LEN": 16384, "H": 1, "HQ": 16, "D": 32, "S": 1, "block_size": 16, "is_causal": true}, "candidate": "candidate", "phase": "compile_correctness"}
{"case": {"B": 2, "SEQ_LEN": 16384, "H": 1, "HQ": 16, "D": 32, "S": 1, "block_size": 16, "is_causal": true}, "seed": 399, "status": "PASS", "call_event_ms": {"baseline": [0.07511039972305297, 0.07672320008277893, 0.07477759718894958, 0.0748799979686737], "candidate": [0.07160320281982421, 0.07160320281982421, 0.071424001455307, 0.07137280106544494]}, "median_ms": {"baseline": 0.07499519884586334, "candidate": 0.07151360213756561}, "baseline_over_candidate": 1.0486843985512075}
