Loading tilelang libs from dev root: /opt/tilelang-metax-v0.1.10/build
{"case": {"B": 1, "SEQ_LEN": 64, "H": 1, "HQ": 16, "D": 32, "S": 1, "block_size": 16, "is_causal": true}, "candidate": "baseline", "phase": "compile_correctness"}
{"case": {"B": 1, "SEQ_LEN": 64, "H": 1, "HQ": 16, "D": 32, "S": 1, "block_size": 16, "is_causal": true}, "candidate": "candidate", "phase": "compile_correctness"}
2026-09-07 10:14:23  [TileLang:tilelang.cache.kernel_cache:WARNING] (kernel_cache.py:342): Found kernel 'kernel' in memory cache. For better performance, consider using `@tilelang.jit` instead of direct kernel caching.
{"case": {"B": 1, "SEQ_LEN": 64, "H": 1, "HQ": 16, "D": 32, "S": 1, "block_size": 16, "is_causal": true}, "seed": 359, "status": "PASS", "call_event_ms": {"baseline": [0.011929599940776825, 0.010675200074911118, 0.010367999970912933, 0.010623999685049058], "candidate": [0.011392000317573547, 0.010751999914646149, 0.011059200018644333, 0.01090560033917427]}, "median_ms": {"baseline": 0.010649599879980088, "candidate": 0.0109824001789093}, "baseline_over_candidate": 0.9696969429716898}
{"case": {"B": 1, "SEQ_LEN": 64, "H": 1, "HQ": 16, "D": 64, "S": 1, "block_size": 16, "is_causal": true}, "candidate": "baseline", "phase": "compile_correctness"}
{"case": {"B": 1, "SEQ_LEN": 64, "H": 1, "HQ": 16, "D": 64, "S": 1, "block_size": 16, "is_causal": true}, "candidate": "candidate", "phase": "compile_correctness"}
2026-09-07 10:14:23  [TileLang:tilelang.cache.kernel_cache:WARNING] (kernel_cache.py:342): Found kernel 'kernel' in memory cache. For better performance, consider using `@tilelang.jit` instead of direct kernel caching.
{"case": {"B": 1, "SEQ_LEN": 64, "H": 1, "HQ": 16, "D": 64, "S": 1, "block_size": 16, "is_causal": true}, "seed": 359, "status": "PASS", "call_event_ms": {"baseline": [0.011596799641847611, 0.010598400235176086, 0.010572800040245056, 0.011827199906110763], "candidate": [0.01085439994931221, 0.01085439994931221, 0.010470400005578995, 0.010649599879980088]}, "median_ms": {"baseline": 0.011097599938511848, "candidate": 0.010751999914646149}, "baseline_over_candidate": 1.0321428596176727}
{"case": {"B": 1, "SEQ_LEN": 64, "H": 1, "HQ": 16, "D": 128, "S": 1, "block_size": 16, "is_causal": true}, "candidate": "baseline", "phase": "compile_correctness"}
{"case": {"B": 1, "SEQ_LEN": 64, "H": 1, "HQ": 16, "D": 128, "S": 1, "block_size": 16, "is_causal": true}, "candidate": "candidate", "phase": "compile_correctness"}
2026-09-07 10:14:23  [TileLang:tilelang.jit.kernel:INFO] (kernel.py:129): TileLang begins to compile kernel `kernel` with `out_idx=None`
2026-09-07 10:14:27  [TileLang:tilelang.jit.kernel:INFO] (kernel.py:137): TileLang completes to compile kernel `kernel`
{"case": {"B": 1, "SEQ_LEN": 64, "H": 1, "HQ": 16, "D": 128, "S": 1, "block_size": 16, "is_causal": true}, "seed": 359, "status": "PASS", "call_event_ms": {"baseline": [0.014156800508499146, 0.011289600282907486, 0.011366400122642516, 0.011289600282907486], "candidate": [0.011366400122642516, 0.011084800213575363, 0.014617599546909332, 0.010777600109577179]}, "median_ms": {"baseline": 0.011328000202775001, "candidate": 0.011225600168108939}, "baseline_over_candidate": 1.009122009793024}
{"case": {"B": 1, "SEQ_LEN": 128, "H": 1, "HQ": 16, "D": 32, "S": 1, "block_size": 16, "is_causal": true}, "candidate": "baseline", "phase": "compile_correctness"}
{"case": {"B": 1, "SEQ_LEN": 128, "H": 1, "HQ": 16, "D": 32, "S": 1, "block_size": 16, "is_causal": true}, "candidate": "candidate", "phase": "compile_correctness"}
2026-09-07 10:14:28  [TileLang:tilelang.cache.kernel_cache:WARNING] (kernel_cache.py:342): Found kernel 'kernel' in memory cache. For better performance, consider using `@tilelang.jit` instead of direct kernel caching.
{"case": {"B": 1, "SEQ_LEN": 128, "H": 1, "HQ": 16, "D": 32, "S": 1, "block_size": 16, "is_causal": true}, "seed": 359, "status": "PASS", "call_event_ms": {"baseline": [0.01157120019197464, 0.010649599879980088, 0.010675200074911118, 0.011596799641847611], "candidate": [0.01090560033917427, 0.010751999914646149, 0.010623999685049058, 0.010496000200510025]}, "median_ms": {"baseline": 0.011123200133442878, "candidate": 0.010687999799847603}, "baseline_over_candidate": 1.0407185948489146}
{"case": {"B": 1, "SEQ_LEN": 128, "H": 1, "HQ": 16, "D": 64, "S": 1, "block_size": 16, "is_causal": true}, "candidate": "baseline", "phase": "compile_correctness"}
{"case": {"B": 1, "SEQ_LEN": 128, "H": 1, "HQ": 16, "D": 64, "S": 1, "block_size": 16, "is_causal": true}, "candidate": "candidate", "phase": "compile_correctness"}
2026-09-07 10:14:28  [TileLang:tilelang.cache.kernel_cache:WARNING] (kernel_cache.py:342): Found kernel 'kernel' in memory cache. For better performance, consider using `@tilelang.jit` instead of direct kernel caching.
{"case": {"B": 1, "SEQ_LEN": 128, "H": 1, "HQ": 16, "D": 64, "S": 1, "block_size": 16, "is_causal": true}, "seed": 359, "status": "PASS", "call_event_ms": {"baseline": [0.011750400066375732, 0.010751999914646149, 0.010521599650382995, 0.010470400005578995], "candidate": [0.011033599823713302, 0.010649599879980088, 0.010623999685049058, 0.010726399719715118]}, "median_ms": {"baseline": 0.010636799782514573, "candidate": 0.010687999799847603}, "baseline_over_candidate": 0.9952095791268858}
{"case": {"B": 1, "SEQ_LEN": 128, "H": 1, "HQ": 16, "D": 128, "S": 1, "block_size": 16, "is_causal": true}, "candidate": "baseline", "phase": "compile_correctness"}
{"case": {"B": 1, "SEQ_LEN": 128, "H": 1, "HQ": 16, "D": 128, "S": 1, "block_size": 16, "is_causal": true}, "candidate": "candidate", "phase": "compile_correctness"}
2026-09-07 10:14:28  [TileLang:tilelang.jit.kernel:INFO] (kernel.py:129): TileLang begins to compile kernel `kernel` with `out_idx=None`
2026-09-07 10:14:31  [TileLang:tilelang.jit.kernel:INFO] (kernel.py:137): TileLang completes to compile kernel `kernel`
{"case": {"B": 1, "SEQ_LEN": 128, "H": 1, "HQ": 16, "D": 128, "S": 1, "block_size": 16, "is_causal": true}, "seed": 359, "status": "PASS", "call_event_ms": {"baseline": [0.013337600231170654, 0.011519999802112579, 0.011392000317573547, 0.011417599767446518], "candidate": [0.011673600226640702, 0.010982400178909302, 0.010751999914646149, 0.010982400178909302]}, "median_ms": {"baseline": 0.011468799784779549, "candidate": 0.010982400178909302}, "baseline_over_candidate": 1.0442890076801548}
{"case": {"B": 1, "SEQ_LEN": 256, "H": 1, "HQ": 16, "D": 32, "S": 1, "block_size": 16, "is_causal": true}, "candidate": "baseline", "phase": "compile_correctness"}
{"case": {"B": 1, "SEQ_LEN": 256, "H": 1, "HQ": 16, "D": 32, "S": 1, "block_size": 16, "is_causal": true}, "candidate": "candidate", "phase": "compile_correctness"}
2026-09-07 10:14:32  [TileLang:tilelang.cache.kernel_cache:WARNING] (kernel_cache.py:342): Found kernel 'kernel' in memory cache. For better performance, consider using `@tilelang.jit` instead of direct kernel caching.
{"case": {"B": 1, "SEQ_LEN": 256, "H": 1, "HQ": 16, "D": 32, "S": 1, "block_size": 16, "is_causal": true}, "seed": 359, "status": "PASS", "call_event_ms": {"baseline": [0.011750400066375732, 0.010496000200510025, 0.010623999685049058, 0.010547199845314026], "candidate": [0.011059200018644333, 0.01085439994931221, 0.010700800269842149, 0.01088000014424324]}, "median_ms": {"baseline": 0.01058559976518154, "candidate": 0.010867200046777725}, "baseline_over_candidate": 0.9740871355653674}
{"case": {"B": 1, "SEQ_LEN": 256, "H": 1, "HQ": 16, "D": 64, "S": 1, "block_size": 16, "is_causal": true}, "candidate": "baseline", "phase": "compile_correctness"}
{"case": {"B": 1, "SEQ_LEN": 256, "H": 1, "HQ": 16, "D": 64, "S": 1, "block_size": 16, "is_causal": true}, "candidate": "candidate", "phase": "compile_correctness"}
2026-09-07 10:14:32  [TileLang:tilelang.cache.kernel_cache:WARNING] (kernel_cache.py:342): Found kernel 'kernel' in memory cache. For better performance, consider using `@tilelang.jit` instead of direct kernel caching.
{"case": {"B": 1, "SEQ_LEN": 256, "H": 1, "HQ": 16, "D": 64, "S": 1, "block_size": 16, "is_causal": true}, "seed": 359, "status": "PASS", "call_event_ms": {"baseline": [0.011801599711179733, 0.010777600109577179, 0.010726399719715118, 0.010598400235176086], "candidate": [0.011264000087976456, 0.01088000014424324, 0.010547199845314026, 0.011468800157308579]}, "median_ms": {"baseline": 0.010751999914646149, "candidate": 0.011072000116109848}, "baseline_over_candidate": 0.9710982480032586}
{"case": {"B": 1, "SEQ_LEN": 256, "H": 1, "HQ": 16, "D": 128, "S": 1, "block_size": 16, "is_causal": true}, "candidate": "baseline", "phase": "compile_correctness"}
{"case": {"B": 1, "SEQ_LEN": 256, "H": 1, "HQ": 16, "D": 128, "S": 1, "block_size": 16, "is_causal": true}, "candidate": "candidate", "phase": "compile_correctness"}
2026-09-07 10:14:32  [TileLang:tilelang.jit.kernel:INFO] (kernel.py:129): TileLang begins to compile kernel `kernel` with `out_idx=None`
2026-09-07 10:14:36  [TileLang:tilelang.jit.kernel:INFO] (kernel.py:137): TileLang completes to compile kernel `kernel`
{"case": {"B": 1, "SEQ_LEN": 256, "H": 1, "HQ": 16, "D": 128, "S": 1, "block_size": 16, "is_causal": true}, "seed": 359, "status": "PASS", "call_event_ms": {"baseline": [0.013439999520778656, 0.011827199906110763, 0.011622399836778641, 0.011622399836778641], "candidate": [0.011392000317573547, 0.01090560033917427, 0.010931199789047242, 0.010726399719715118]}, "median_ms": {"baseline": 0.011724799871444702, "candidate": 0.010918400064110757}, "baseline_over_candidate": 1.0738569573013372}
{"case": {"B": 1, "SEQ_LEN": 512, "H": 1, "HQ": 16, "D": 32, "S": 1, "block_size": 16, "is_causal": true}, "candidate": "baseline", "phase": "compile_correctness"}
{"case": {"B": 1, "SEQ_LEN": 512, "H": 1, "HQ": 16, "D": 32, "S": 1, "block_size": 16, "is_causal": true}, "candidate": "candidate", "phase": "compile_correctness"}
2026-09-07 10:14:37  [TileLang:tilelang.cache.kernel_cache:WARNING] (kernel_cache.py:342): Found kernel 'kernel' in memory cache. For better performance, consider using `@tilelang.jit` instead of direct kernel caching.
{"case": {"B": 1, "SEQ_LEN": 512, "H": 1, "HQ": 16, "D": 32, "S": 1, "block_size": 16, "is_causal": true}, "seed": 359, "status": "PASS", "call_event_ms": {"baseline": [0.01157120019197464, 0.010444799810647965, 0.010496000200510025, 0.010496000200510025], "candidate": [0.011059200018644333, 0.010751999914646149, 0.010726399719715118, 0.011212799698114395]}, "median_ms": {"baseline": 0.010496000200510025, "candidate": 0.010905599966645241}, "baseline_over_candidate": 0.9624413358835849}
{"case": {"B": 1, "SEQ_LEN": 512, "H": 1, "HQ": 16, "D": 64, "S": 1, "block_size": 16, "is_causal": true}, "candidate": "baseline", "phase": "compile_correctness"}
{"case": {"B": 1, "SEQ_LEN": 512, "H": 1, "HQ": 16, "D": 64, "S": 1, "block_size": 16, "is_causal": true}, "candidate": "candidate", "phase": "compile_correctness"}
2026-09-07 10:14:37  [TileLang:tilelang.cache.kernel_cache:WARNING] (kernel_cache.py:342): Found kernel 'kernel' in memory cache. For better performance, consider using `@tilelang.jit` instead of direct kernel caching.
{"case": {"B": 1, "SEQ_LEN": 512, "H": 1, "HQ": 16, "D": 64, "S": 1, "block_size": 16, "is_causal": true}, "seed": 359, "status": "PASS", "call_event_ms": {"baseline": [0.011622399836778641, 0.010726399719715118, 0.010726399719715118, 0.010598400235176086], "candidate": [0.01080320030450821, 0.010700800269842149, 0.010649599879980088, 0.010470400005578995]}, "median_ms": {"baseline": 0.010726399719715118, "candidate": 0.010675200074911118}, "baseline_over_candidate": 1.0047961297628818}
{"case": {"B": 1, "SEQ_LEN": 512, "H": 1, "HQ": 16, "D": 128, "S": 1, "block_size": 16, "is_causal": true}, "candidate": "baseline", "phase": "compile_correctness"}
{"case": {"B": 1, "SEQ_LEN": 512, "H": 1, "HQ": 16, "D": 128, "S": 1, "block_size": 16, "is_causal": true}, "candidate": "candidate", "phase": "compile_correctness"}
2026-09-07 10:14:37  [TileLang:tilelang.jit.kernel:INFO] (kernel.py:129): TileLang begins to compile kernel `kernel` with `out_idx=None`
2026-09-07 10:14:40  [TileLang:tilelang.jit.kernel:INFO] (kernel.py:137): TileLang completes to compile kernel `kernel`
{"case": {"B": 1, "SEQ_LEN": 512, "H": 1, "HQ": 16, "D": 128, "S": 1, "block_size": 16, "is_causal": true}, "seed": 359, "status": "PASS", "call_event_ms": {"baseline": [0.015334400534629821, 0.013388800621032714, 0.013235199451446533, 0.013209599256515502], "candidate": [0.011494400352239609, 0.011289600282907486, 0.011238399893045425, 0.011187200248241425]}, "median_ms": {"baseline": 0.013312000036239623, "candidate": 0.011264000087976456}, "baseline_over_candidate": 1.1818181758049937}
{"case": {"B": 1, "SEQ_LEN": 1024, "H": 1, "HQ": 16, "D": 32, "S": 1, "block_size": 16, "is_causal": true}, "candidate": "baseline", "phase": "compile_correctness"}
{"case": {"B": 1, "SEQ_LEN": 1024, "H": 1, "HQ": 16, "D": 32, "S": 1, "block_size": 16, "is_causal": true}, "candidate": "candidate", "phase": "compile_correctness"}
2026-09-07 10:14:41  [TileLang:tilelang.cache.kernel_cache:WARNING] (kernel_cache.py:342): Found kernel 'kernel' in memory cache. For better performance, consider using `@tilelang.jit` instead of direct kernel caching.
{"case": {"B": 1, "SEQ_LEN": 1024, "H": 1, "HQ": 16, "D": 32, "S": 1, "block_size": 16, "is_causal": true}, "seed": 359, "status": "PASS", "call_event_ms": {"baseline": [0.011443199962377549, 0.010623999685049058, 0.010726399719715118, 0.013184000551700593], "candidate": [0.011007999628782272, 0.010623999685049058, 0.010547199845314026, 0.010751999914646149]}, "median_ms": {"baseline": 0.011084799841046333, "candidate": 0.010687999799847603}, "baseline_over_candidate": 1.0371257530529134}
{"case": {"B": 1, "SEQ_LEN": 1024, "H": 1, "HQ": 16, "D": 64, "S": 1, "block_size": 16, "is_causal": true}, "candidate": "baseline", "phase": "compile_correctness"}
{"case": {"B": 1, "SEQ_LEN": 1024, "H": 1, "HQ": 16, "D": 64, "S": 1, "block_size": 16, "is_causal": true}, "candidate": "candidate", "phase": "compile_correctness"}
2026-09-07 10:14:41  [TileLang:tilelang.cache.kernel_cache:WARNING] (kernel_cache.py:342): Found kernel 'kernel' in memory cache. For better performance, consider using `@tilelang.jit` instead of direct kernel caching.
{"case": {"B": 1, "SEQ_LEN": 1024, "H": 1, "HQ": 16, "D": 64, "S": 1, "block_size": 16, "is_causal": true}, "seed": 359, "status": "PASS", "call_event_ms": {"baseline": [0.011622399836778641, 0.010751999914646149, 0.01080320030450821, 0.010777600109577179], "candidate": [0.011264000087976456, 0.010777600109577179, 0.01085439994931221, 0.010777600109577179]}, "median_ms": {"baseline": 0.010790400207042694, "candidate": 0.010816000029444694}, "baseline_over_candidate": 0.9976331525210513}
{"case": {"B": 1, "SEQ_LEN": 1024, "H": 1, "HQ": 16, "D": 128, "S": 1, "block_size": 16, "is_causal": true}, "candidate": "baseline", "phase": "compile_correctness"}
{"case": {"B": 1, "SEQ_LEN": 1024, "H": 1, "HQ": 16, "D": 128, "S": 1, "block_size": 16, "is_causal": true}, "candidate": "candidate", "phase": "compile_correctness"}
2026-09-07 10:14:42  [TileLang:tilelang.jit.kernel:INFO] (kernel.py:129): TileLang begins to compile kernel `kernel` with `out_idx=None`
2026-09-07 10:14:45  [TileLang:tilelang.jit.kernel:INFO] (kernel.py:137): TileLang completes to compile kernel `kernel`
{"case": {"B": 1, "SEQ_LEN": 1024, "H": 1, "HQ": 16, "D": 128, "S": 1, "block_size": 16, "is_causal": true}, "seed": 359, "status": "PASS", "call_event_ms": {"baseline": [0.020428800582885744, 0.018457600474357606, 0.018457600474357606, 0.018457600474357606], "candidate": [0.015667200088500977, 0.015385599434375763, 0.01528320014476776, 0.015411199629306793]}, "median_ms": {"baseline": 0.018457600474357606, "candidate": 0.015398399531841278}, "baseline_over_candidate": 1.1986700589363473}
{"case": {"B": 2, "SEQ_LEN": 64, "H": 1, "HQ": 16, "D": 64, "S": 1, "block_size": 16, "is_causal": true}, "candidate": "baseline", "phase": "compile_correctness"}
{"case": {"B": 2, "SEQ_LEN": 64, "H": 1, "HQ": 16, "D": 64, "S": 1, "block_size": 16, "is_causal": true}, "candidate": "candidate", "phase": "compile_correctness"}
2026-09-07 10:14:46  [TileLang:tilelang.cache.kernel_cache:WARNING] (kernel_cache.py:342): Found kernel 'kernel' in memory cache. For better performance, consider using `@tilelang.jit` instead of direct kernel caching.
{"case": {"B": 2, "SEQ_LEN": 64, "H": 1, "HQ": 16, "D": 64, "S": 1, "block_size": 16, "is_causal": true}, "seed": 359, "status": "PASS", "call_event_ms": {"baseline": [0.011135999858379365, 0.010598400235176086, 0.010598400235176086, 0.010598400235176086], "candidate": [0.010751999914646149, 0.010623999685049058, 0.01295360028743744, 0.010547199845314026]}, "median_ms": {"baseline": 0.010598400235176086, "candidate": 0.010687999799847603}, "baseline_over_candidate": 0.9916168070406594}
{"case": {"B": 2, "SEQ_LEN": 64, "H": 1, "HQ": 16, "D": 128, "S": 1, "block_size": 16, "is_causal": true}, "candidate": "baseline", "phase": "compile_correctness"}
{"case": {"B": 2, "SEQ_LEN": 64, "H": 1, "HQ": 16, "D": 128, "S": 1, "block_size": 16, "is_causal": true}, "candidate": "candidate", "phase": "compile_correctness"}
2026-09-07 10:14:46  [TileLang:tilelang.jit.kernel:INFO] (kernel.py:129): TileLang begins to compile kernel `kernel` with `out_idx=None`
2026-09-07 10:14:49  [TileLang:tilelang.jit.kernel:INFO] (kernel.py:137): TileLang completes to compile kernel `kernel`
{"case": {"B": 2, "SEQ_LEN": 64, "H": 1, "HQ": 16, "D": 128, "S": 1, "block_size": 16, "is_causal": true}, "seed": 359, "status": "PASS", "call_event_ms": {"baseline": [0.013849599659442902, 0.011494400352239609, 0.011340799927711486, 0.011468800157308579], "candidate": [0.011519999802112579, 0.010700800269842149, 0.010598400235176086, 0.010751999914646149]}, "median_ms": {"baseline": 0.011481600254774094, "candidate": 0.010726400092244149}, "baseline_over_candidate": 1.0704057424704867}
{"case": {"B": 2, "SEQ_LEN": 128, "H": 1, "HQ": 16, "D": 32, "S": 1, "block_size": 16, "is_causal": true}, "candidate": "baseline", "phase": "compile_correctness"}
{"case": {"B": 2, "SEQ_LEN": 128, "H": 1, "HQ": 16, "D": 32, "S": 1, "block_size": 16, "is_causal": true}, "candidate": "candidate", "phase": "compile_correctness"}
2026-09-07 10:14:50  [TileLang:tilelang.cache.kernel_cache:WARNING] (kernel_cache.py:342): Found kernel 'kernel' in memory cache. For better performance, consider using `@tilelang.jit` instead of direct kernel caching.
{"case": {"B": 2, "SEQ_LEN": 128, "H": 1, "HQ": 16, "D": 32, "S": 1, "block_size": 16, "is_causal": true}, "seed": 359, "status": "PASS", "call_event_ms": {"baseline": [0.011161600053310395, 0.010316800326108932, 0.011238399893045425, 0.010367999970912933], "candidate": [0.010572800040245056, 0.010598400235176086, 0.010367999970912933, 0.010393600165843963]}, "median_ms": {"baseline": 0.010764800012111664, "candidate": 0.010483200103044508}, "baseline_over_candidate": 1.0268620179238375}
{"case": {"B": 2, "SEQ_LEN": 128, "H": 1, "HQ": 16, "D": 64, "S": 1, "block_size": 16, "is_causal": true}, "candidate": "baseline", "phase": "compile_correctness"}
{"case": {"B": 2, "SEQ_LEN": 128, "H": 1, "HQ": 16, "D": 64, "S": 1, "block_size": 16, "is_causal": true}, "candidate": "candidate", "phase": "compile_correctness"}
2026-09-07 10:14:50  [TileLang:tilelang.cache.kernel_cache:WARNING] (kernel_cache.py:342): Found kernel 'kernel' in memory cache. For better performance, consider using `@tilelang.jit` instead of direct kernel caching.
{"case": {"B": 2, "SEQ_LEN": 128, "H": 1, "HQ": 16, "D": 64, "S": 1, "block_size": 16, "is_causal": true}, "seed": 359, "status": "PASS", "call_event_ms": {"baseline": [0.011110399663448334, 0.010496000200510025, 0.010598400235176086, 0.011366400122642516], "candidate": [0.01080320030450821, 0.010547199845314026, 0.010521599650382995, 0.010393600165843963]}, "median_ms": {"baseline": 0.01085439994931221, "candidate": 0.01053439974784851}, "baseline_over_candidate": 1.03037669056835}
{"case": {"B": 2, "SEQ_LEN": 128, "H": 1, "HQ": 16, "D": 128, "S": 1, "block_size": 16, "is_causal": true}, "candidate": "baseline", "phase": "compile_correctness"}
{"case": {"B": 2, "SEQ_LEN": 128, "H": 1, "HQ": 16, "D": 128, "S": 1, "block_size": 16, "is_causal": true}, "candidate": "candidate", "phase": "compile_correctness"}
2026-09-07 10:14:51  [TileLang:tilelang.jit.kernel:INFO] (kernel.py:129): TileLang begins to compile kernel `kernel` with `out_idx=None`
2026-09-07 10:14:54  [TileLang:tilelang.jit.kernel:INFO] (kernel.py:137): TileLang completes to compile kernel `kernel`
{"case": {"B": 2, "SEQ_LEN": 128, "H": 1, "HQ": 16, "D": 128, "S": 1, "block_size": 16, "is_causal": true}, "seed": 359, "status": "PASS", "call_event_ms": {"baseline": [0.014361600577831268, 0.011750400066375732, 0.011699199676513672, 0.011622399836778641], "candidate": [0.011903999745845795, 0.011007999628782272, 0.011007999628782272, 0.010982400178909302]}, "median_ms": {"baseline": 0.011724799871444702, "candidate": 0.011007999628782272}, "baseline_over_candidate": 1.0651163033098434}
{"case": {"B": 2, "SEQ_LEN": 256, "H": 1, "HQ": 16, "D": 32, "S": 1, "block_size": 16, "is_causal": true}, "candidate": "baseline", "phase": "compile_correctness"}
{"case": {"B": 2, "SEQ_LEN": 256, "H": 1, "HQ": 16, "D": 32, "S": 1, "block_size": 16, "is_causal": true}, "candidate": "candidate", "phase": "compile_correctness"}
2026-09-07 10:14:55  [TileLang:tilelang.cache.kernel_cache:WARNING] (kernel_cache.py:342): Found kernel 'kernel' in memory cache. For better performance, consider using `@tilelang.jit` instead of direct kernel caching.
{"case": {"B": 2, "SEQ_LEN": 256, "H": 1, "HQ": 16, "D": 32, "S": 1, "block_size": 16, "is_causal": true}, "seed": 359, "status": "PASS", "call_event_ms": {"baseline": [0.011212799698114395, 0.010547199845314026, 0.013132800161838532, 0.010291200131177902], "candidate": [0.01080320030450821, 0.010623999685049058, 0.011903999745845795, 0.010342399775981902]}, "median_ms": {"baseline": 0.010879999771714211, "candidate": 0.010713599994778633}, "baseline_over_candidate": 1.015531639879842}
{"case": {"B": 2, "SEQ_LEN": 256, "H": 1, "HQ": 16, "D": 64, "S": 1, "block_size": 16, "is_causal": true}, "candidate": "baseline", "phase": "compile_correctness"}
{"case": {"B": 2, "SEQ_LEN": 256, "H": 1, "HQ": 16, "D": 64, "S": 1, "block_size": 16, "is_causal": true}, "candidate": "candidate", "phase": "compile_correctness"}
2026-09-07 10:14:55  [TileLang:tilelang.cache.kernel_cache:WARNING] (kernel_cache.py:342): Found kernel 'kernel' in memory cache. For better performance, consider using `@tilelang.jit` instead of direct kernel caching.
{"case": {"B": 2, "SEQ_LEN": 256, "H": 1, "HQ": 16, "D": 64, "S": 1, "block_size": 16, "is_causal": true}, "seed": 359, "status": "PASS", "call_event_ms": {"baseline": [0.01154559999704361, 0.010649599879980088, 0.010547199845314026, 0.010547199845314026], "candidate": [0.011084800213575363, 0.010623999685049058, 0.010572800040245056, 0.010547199845314026]}, "median_ms": {"baseline": 0.010598399862647056, "candidate": 0.010598399862647056}, "baseline_over_candidate": 1.0}
{"case": {"B": 2, "SEQ_LEN": 256, "H": 1, "HQ": 16, "D": 128, "S": 1, "block_size": 16, "is_causal": true}, "candidate": "baseline", "phase": "compile_correctness"}
{"case": {"B": 2, "SEQ_LEN": 256, "H": 1, "HQ": 16, "D": 128, "S": 1, "block_size": 16, "is_causal": true}, "candidate": "candidate", "phase": "compile_correctness"}
2026-09-07 10:14:55  [TileLang:tilelang.jit.kernel:INFO] (kernel.py:129): TileLang begins to compile kernel `kernel` with `out_idx=None`
2026-09-07 10:14:59  [TileLang:tilelang.jit.kernel:INFO] (kernel.py:137): TileLang completes to compile kernel `kernel`
{"case": {"B": 2, "SEQ_LEN": 256, "H": 1, "HQ": 16, "D": 128, "S": 1, "block_size": 16, "is_causal": true}, "seed": 359, "status": "PASS", "call_event_ms": {"baseline": [0.01515520066022873, 0.013235199451446533, 0.013337600231170654, 0.013158400356769562], "candidate": [0.012160000205039979, 0.011033599823713302, 0.011084800213575363, 0.011007999628782272]}, "median_ms": {"baseline": 0.013286399841308593, "candidate": 0.011059200018644333}, "baseline_over_candidate": 1.2013888725142414}
{"case": {"B": 2, "SEQ_LEN": 512, "H": 1, "HQ": 16, "D": 32, "S": 1, "block_size": 16, "is_causal": true}, "candidate": "baseline", "phase": "compile_correctness"}
{"case": {"B": 2, "SEQ_LEN": 512, "H": 1, "HQ": 16, "D": 32, "S": 1, "block_size": 16, "is_causal": true}, "candidate": "candidate", "phase": "compile_correctness"}
2026-09-07 10:14:59  [TileLang:tilelang.cache.kernel_cache:WARNING] (kernel_cache.py:342): Found kernel 'kernel' in memory cache. For better performance, consider using `@tilelang.jit` instead of direct kernel caching.
{"case": {"B": 2, "SEQ_LEN": 512, "H": 1, "HQ": 16, "D": 32, "S": 1, "block_size": 16, "is_causal": true}, "seed": 359, "status": "PASS", "call_event_ms": {"baseline": [0.011519999802112579, 0.010726399719715118, 0.010649599879980088, 0.010598400235176086], "candidate": [0.011007999628782272, 0.010496000200510025, 0.010751999914646149, 0.010521599650382995]}, "median_ms": {"baseline": 0.010687999799847603, "candidate": 0.010636799782514573}, "baseline_over_candidate": 1.0048134794656185}
{"case": {"B": 2, "SEQ_LEN": 512, "H": 1, "HQ": 16, "D": 64, "S": 1, "block_size": 16, "is_causal": true}, "candidate": "baseline", "phase": "compile_correctness"}
{"case": {"B": 2, "SEQ_LEN": 512, "H": 1, "HQ": 16, "D": 64, "S": 1, "block_size": 16, "is_causal": true}, "candidate": "candidate", "phase": "compile_correctness"}
2026-09-07 10:15:00  [TileLang:tilelang.cache.kernel_cache:WARNING] (kernel_cache.py:342): Found kernel 'kernel' in memory cache. For better performance, consider using `@tilelang.jit` instead of direct kernel caching.
{"case": {"B": 2, "SEQ_LEN": 512, "H": 1, "HQ": 16, "D": 64, "S": 1, "block_size": 16, "is_causal": true}, "seed": 359, "status": "PASS", "call_event_ms": {"baseline": [0.011673600226640702, 0.01088000014424324, 0.010726399719715118, 0.01085439994931221], "candidate": [0.011366400122642516, 0.011033599823713302, 0.01080320030450821, 0.011238399893045425]}, "median_ms": {"baseline": 0.010867200046777725, "candidate": 0.011135999858379365}, "baseline_over_candidate": 0.9758620855765026}
{"case": {"B": 2, "SEQ_LEN": 512, "H": 1, "HQ": 16, "D": 128, "S": 1, "block_size": 16, "is_causal": true}, "candidate": "baseline", "phase": "compile_correctness"}
{"case": {"B": 2, "SEQ_LEN": 512, "H": 1, "HQ": 16, "D": 128, "S": 1, "block_size": 16, "is_causal": true}, "candidate": "candidate", "phase": "compile_correctness"}
2026-09-07 10:15:00  [TileLang:tilelang.jit.kernel:INFO] (kernel.py:129): TileLang begins to compile kernel `kernel` with `out_idx=None`
2026-09-07 10:15:03  [TileLang:tilelang.jit.kernel:INFO] (kernel.py:137): TileLang completes to compile kernel `kernel`
{"case": {"B": 2, "SEQ_LEN": 512, "H": 1, "HQ": 16, "D": 128, "S": 1, "block_size": 16, "is_causal": true}, "seed": 359, "status": "PASS", "call_event_ms": {"baseline": [0.021503999829292297, 0.01884160041809082, 0.018662400543689728, 0.018688000738620758], "candidate": [0.016076800227165223, 0.015539200603961944, 0.015615999698638916, 0.015564799308776855]}, "median_ms": {"baseline": 0.01876480057835579, "candidate": 0.015590399503707886}, "baseline_over_candidate": 1.2036125548862895}
{"case": {"B": 2, "SEQ_LEN": 1024, "H": 1, "HQ": 16, "D": 32, "S": 1, "block_size": 16, "is_causal": true}, "candidate": "baseline", "phase": "compile_correctness"}
{"case": {"B": 2, "SEQ_LEN": 1024, "H": 1, "HQ": 16, "D": 32, "S": 1, "block_size": 16, "is_causal": true}, "candidate": "candidate", "phase": "compile_correctness"}
2026-09-07 10:15:04  [TileLang:tilelang.cache.kernel_cache:WARNING] (kernel_cache.py:342): Found kernel 'kernel' in memory cache. For better performance, consider using `@tilelang.jit` instead of direct kernel caching.
{"case": {"B": 2, "SEQ_LEN": 1024, "H": 1, "HQ": 16, "D": 32, "S": 1, "block_size": 16, "is_causal": true}, "seed": 359, "status": "PASS", "call_event_ms": {"baseline": [0.011494400352239609, 0.010700800269842149, 0.01080320030450821, 0.010649599879980088], "candidate": [0.011187200248241425, 0.011059200018644333, 0.010623999685049058, 0.010700800269842149]}, "median_ms": {"baseline": 0.010752000287175179, "candidate": 0.01088000014424324}, "baseline_over_candidate": 0.9882353074107461}
{"case": {"B": 2, "SEQ_LEN": 1024, "H": 1, "HQ": 16, "D": 64, "S": 1, "block_size": 16, "is_causal": true}, "candidate": "baseline", "phase": "compile_correctness"}
{"case": {"B": 2, "SEQ_LEN": 1024, "H": 1, "HQ": 16, "D": 64, "S": 1, "block_size": 16, "is_causal": true}, "candidate": "candidate", "phase": "compile_correctness"}
2026-09-07 10:15:04  [TileLang:tilelang.cache.kernel_cache:WARNING] (kernel_cache.py:342): Found kernel 'kernel' in memory cache. For better performance, consider using `@tilelang.jit` instead of direct kernel caching.
{"case": {"B": 2, "SEQ_LEN": 1024, "H": 1, "HQ": 16, "D": 64, "S": 1, "block_size": 16, "is_causal": true}, "seed": 359, "status": "PASS", "call_event_ms": {"baseline": [0.018355199694633485, 0.01825280040502548, 0.017689600586891174, 0.017894400656223296], "candidate": [0.01807360053062439, 0.017868800461292265, 0.017894400656223296, 0.01804800033569336]}, "median_ms": {"baseline": 0.018073600530624387, "candidate": 0.01797120049595833}, "baseline_over_candidate": 1.005698007469734}
{"case": {"B": 2, "SEQ_LEN": 1024, "H": 1, "HQ": 16, "D": 128, "S": 1, "block_size": 16, "is_causal": true}, "candidate": "baseline", "phase": "compile_correctness"}
{"case": {"B": 2, "SEQ_LEN": 1024, "H": 1, "HQ": 16, "D": 128, "S": 1, "block_size": 16, "is_causal": true}, "candidate": "candidate", "phase": "compile_correctness"}
2026-09-07 10:15:05  [TileLang:tilelang.jit.kernel:INFO] (kernel.py:129): TileLang begins to compile kernel `kernel` with `out_idx=None`
2026-09-07 10:15:08  [TileLang:tilelang.jit.kernel:INFO] (kernel.py:137): TileLang completes to compile kernel `kernel`
{"case": {"B": 2, "SEQ_LEN": 1024, "H": 1, "HQ": 16, "D": 128, "S": 1, "block_size": 16, "is_causal": true}, "seed": 359, "status": "PASS", "call_event_ms": {"baseline": [0.037555199861526486, 0.035046398639678955, 0.03558399975299835, 0.034918400645256045], "candidate": [0.028697600960731505, 0.02887679934501648, 0.031744000315666196, 0.02885119915008545]}, "median_ms": {"baseline": 0.03531519919633865, "candidate": 0.028863999247550964}, "baseline_over_candidate": 1.2235033299945453}
{"case": {"B": 4, "SEQ_LEN": 64, "H": 1, "HQ": 16, "D": 32, "S": 1, "block_size": 16, "is_causal": true}, "candidate": "baseline", "phase": "compile_correctness"}
{"case": {"B": 4, "SEQ_LEN": 64, "H": 1, "HQ": 16, "D": 32, "S": 1, "block_size": 16, "is_causal": true}, "candidate": "candidate", "phase": "compile_correctness"}
2026-09-07 10:15:09  [TileLang:tilelang.cache.kernel_cache:WARNING] (kernel_cache.py:342): Found kernel 'kernel' in memory cache. For better performance, consider using `@tilelang.jit` instead of direct kernel caching.
{"case": {"B": 4, "SEQ_LEN": 64, "H": 1, "HQ": 16, "D": 32, "S": 1, "block_size": 16, "is_causal": true}, "seed": 359, "status": "PASS", "call_event_ms": {"baseline": [0.011494400352239609, 0.010572800040245056, 0.011289600282907486, 0.010444799810647965], "candidate": [0.010700800269842149, 0.010496000200510025, 0.010444799810647965, 0.010316800326108932]}, "median_ms": {"baseline": 0.010931200161576272, "candidate": 0.010470400005578995}, "baseline_over_candidate": 1.0440097948265343}
{"case": {"B": 4, "SEQ_LEN": 64, "H": 1, "HQ": 16, "D": 64, "S": 1, "block_size": 16, "is_causal": true}, "candidate": "baseline", "phase": "compile_correctness"}
{"case": {"B": 4, "SEQ_LEN": 64, "H": 1, "HQ": 16, "D": 64, "S": 1, "block_size": 16, "is_causal": true}, "candidate": "candidate", "phase": "compile_correctness"}
2026-09-07 10:15:09  [TileLang:tilelang.cache.kernel_cache:WARNING] (kernel_cache.py:342): Found kernel 'kernel' in memory cache. For better performance, consider using `@tilelang.jit` instead of direct kernel caching.
{"case": {"B": 4, "SEQ_LEN": 64, "H": 1, "HQ": 16, "D": 64, "S": 1, "block_size": 16, "is_causal": true}, "seed": 359, "status": "PASS", "call_event_ms": {"baseline": [0.014284799993038177, 0.013388800621032714, 0.013209599256515502, 0.013286399841308593], "candidate": [0.014207999408245086, 0.013516800105571746, 0.013286399841308593, 0.013286399841308593]}, "median_ms": {"baseline": 0.013337600231170654, "candidate": 0.013401599973440169}, "baseline_over_candidate": 0.995224470033701}
{"case": {"B": 4, "SEQ_LEN": 64, "H": 1, "HQ": 16, "D": 128, "S": 1, "block_size": 16, "is_causal": true}, "candidate": "baseline", "phase": "compile_correctness"}
{"case": {"B": 4, "SEQ_LEN": 64, "H": 1, "HQ": 16, "D": 128, "S": 1, "block_size": 16, "is_causal": true}, "candidate": "candidate", "phase": "compile_correctness"}
2026-09-07 10:15:09  [TileLang:tilelang.jit.kernel:INFO] (kernel.py:129): TileLang begins to compile kernel `kernel` with `out_idx=None`
2026-09-07 10:15:12  [TileLang:tilelang.jit.kernel:INFO] (kernel.py:137): TileLang completes to compile kernel `kernel`
{"case": {"B": 4, "SEQ_LEN": 64, "H": 1, "HQ": 16, "D": 128, "S": 1, "block_size": 16, "is_causal": true}, "seed": 359, "status": "PASS", "call_event_ms": {"baseline": [0.013952000439167023, 0.011776000261306763, 0.011622399836778641, 0.01154559999704361], "candidate": [0.011750400066375732, 0.010982400178909302, 0.010956799983978272, 0.010931199789047242]}, "median_ms": {"baseline": 0.011699200049042702, "candidate": 0.010969600081443787}, "baseline_over_candidate": 1.0665110817333359}
{"case": {"B": 4, "SEQ_LEN": 128, "H": 1, "HQ": 16, "D": 32, "S": 1, "block_size": 16, "is_causal": true}, "candidate": "baseline", "phase": "compile_correctness"}
{"case": {"B": 4, "SEQ_LEN": 128, "H": 1, "HQ": 16, "D": 32, "S": 1, "block_size": 16, "is_causal": true}, "candidate": "candidate", "phase": "compile_correctness"}
2026-09-07 10:15:13  [TileLang:tilelang.cache.kernel_cache:WARNING] (kernel_cache.py:342): Found kernel 'kernel' in memory cache. For better performance, consider using `@tilelang.jit` instead of direct kernel caching.
{"case": {"B": 4, "SEQ_LEN": 128, "H": 1, "HQ": 16, "D": 32, "S": 1, "block_size": 16, "is_causal": true}, "seed": 359, "status": "PASS", "call_event_ms": {"baseline": [0.011596799641847611, 0.010547199845314026, 0.010470400005578995, 0.011648000031709672], "candidate": [0.010828799754381179, 0.010623999685049058, 0.010470400005578995, 0.010598400235176086]}, "median_ms": {"baseline": 0.011071999743580817, "candidate": 0.010611199960112571}, "baseline_over_candidate": 1.0434257939912912}
{"case": {"B": 4, "SEQ_LEN": 128, "H": 1, "HQ": 16, "D": 64, "S": 1, "block_size": 16, "is_causal": true}, "candidate": "baseline", "phase": "compile_correctness"}
{"case": {"B": 4, "SEQ_LEN": 128, "H": 1, "HQ": 16, "D": 64, "S": 1, "block_size": 16, "is_causal": true}, "candidate": "candidate", "phase": "compile_correctness"}
2026-09-07 10:15:14  [TileLang:tilelang.cache.kernel_cache:WARNING] (kernel_cache.py:342): Found kernel 'kernel' in memory cache. For better performance, consider using `@tilelang.jit` instead of direct kernel caching.
{"case": {"B": 4, "SEQ_LEN": 128, "H": 1, "HQ": 16, "D": 64, "S": 1, "block_size": 16, "is_causal": true}, "seed": 359, "status": "PASS", "call_event_ms": {"baseline": [0.01154559999704361, 0.01088000014424324, 0.010623999685049058, 0.010777600109577179], "candidate": [0.011007999628782272, 0.010751999914646149, 0.010496000200510025, 0.010649599879980088]}, "median_ms": {"baseline": 0.01082880012691021, "candidate": 0.010700799897313118}, "baseline_over_candidate": 1.0119617440588933}
{"case": {"B": 4, "SEQ_LEN": 128, "H": 1, "HQ": 16, "D": 128, "S": 1, "block_size": 16, "is_causal": true}, "candidate": "baseline", "phase": "compile_correctness"}
{"case": {"B": 4, "SEQ_LEN": 128, "H": 1, "HQ": 16, "D": 128, "S": 1, "block_size": 16, "is_causal": true}, "candidate": "candidate", "phase": "compile_correctness"}
2026-09-07 10:15:14  [TileLang:tilelang.jit.kernel:INFO] (kernel.py:129): TileLang begins to compile kernel `kernel` with `out_idx=None`
2026-09-07 10:15:17  [TileLang:tilelang.jit.kernel:INFO] (kernel.py:137): TileLang completes to compile kernel `kernel`
{"case": {"B": 4, "SEQ_LEN": 128, "H": 1, "HQ": 16, "D": 128, "S": 1, "block_size": 16, "is_causal": true}, "seed": 359, "status": "PASS", "call_event_ms": {"baseline": [0.015462400019168853, 0.013337600231170654, 0.013235199451446533, 0.013465599715709686], "candidate": [0.011724799871444702, 0.011212799698114395, 0.011187200248241425, 0.011007999628782272]}, "median_ms": {"baseline": 0.013401599973440169, "candidate": 0.01119999997317791}, "baseline_over_candidate": 1.1965714290655995}
{"case": {"B": 4, "SEQ_LEN": 256, "H": 1, "HQ": 16, "D": 32, "S": 1, "block_size": 16, "is_causal": true}, "candidate": "baseline", "phase": "compile_correctness"}
{"case": {"B": 4, "SEQ_LEN": 256, "H": 1, "HQ": 16, "D": 32, "S": 1, "block_size": 16, "is_causal": true}, "candidate": "candidate", "phase": "compile_correctness"}
2026-09-07 10:15:18  [TileLang:tilelang.cache.kernel_cache:WARNING] (kernel_cache.py:342): Found kernel 'kernel' in memory cache. For better performance, consider using `@tilelang.jit` instead of direct kernel caching.
{"case": {"B": 4, "SEQ_LEN": 256, "H": 1, "HQ": 16, "D": 32, "S": 1, "block_size": 16, "is_causal": true}, "seed": 359, "status": "PASS", "call_event_ms": {"baseline": [0.011622399836778641, 0.010598400235176086, 0.011443199962377549, 0.010777600109577179], "candidate": [0.010931199789047242, 0.010649599879980088, 0.010572800040245056, 0.010675200074911118]}, "median_ms": {"baseline": 0.011110400035977363, "candidate": 0.010662399977445603}, "baseline_over_candidate": 1.0420168123011164}
{"case": {"B": 4, "SEQ_LEN": 256, "H": 1, "HQ": 16, "D": 64, "S": 1, "block_size": 16, "is_causal": true}, "candidate": "baseline", "phase": "compile_correctness"}
{"case": {"B": 4, "SEQ_LEN": 256, "H": 1, "HQ": 16, "D": 64, "S": 1, "block_size": 16, "is_causal": true}, "candidate": "candidate", "phase": "compile_correctness"}
2026-09-07 10:15:18  [TileLang:tilelang.cache.kernel_cache:WARNING] (kernel_cache.py:342): Found kernel 'kernel' in memory cache. For better performance, consider using `@tilelang.jit` instead of direct kernel caching.
{"case": {"B": 4, "SEQ_LEN": 256, "H": 1, "HQ": 16, "D": 64, "S": 1, "block_size": 16, "is_causal": true}, "seed": 359, "status": "PASS", "call_event_ms": {"baseline": [0.011468800157308579, 0.010777600109577179, 0.011699199676513672, 0.01080320030450821], "candidate": [0.011161600053310395, 0.010828799754381179, 0.01088000014424324, 0.010777600109577179]}, "median_ms": {"baseline": 0.011136000230908393, "candidate": 0.01085439994931221}, "baseline_over_candidate": 1.02594342229061}
{"case": {"B": 4, "SEQ_LEN": 256, "H": 1, "HQ": 16, "D": 128, "S": 1, "block_size": 16, "is_causal": true}, "candidate": "baseline", "phase": "compile_correctness"}
{"case": {"B": 4, "SEQ_LEN": 256, "H": 1, "HQ": 16, "D": 128, "S": 1, "block_size": 16, "is_causal": true}, "candidate": "candidate", "phase": "compile_correctness"}
2026-09-07 10:15:19  [TileLang:tilelang.jit.kernel:INFO] (kernel.py:129): TileLang begins to compile kernel `kernel` with `out_idx=None`
2026-09-07 10:15:22  [TileLang:tilelang.jit.kernel:INFO] (kernel.py:137): TileLang completes to compile kernel `kernel`
{"case": {"B": 4, "SEQ_LEN": 256, "H": 1, "HQ": 16, "D": 128, "S": 1, "block_size": 16, "is_causal": true}, "seed": 359, "status": "PASS", "call_event_ms": {"baseline": [0.020608000457286835, 0.018559999763965607, 0.018483200669288637, 0.018559999763965607], "candidate": [0.01646080017089844, 0.015615999698638916, 0.015564799308776855, 0.015436799824237823]}, "median_ms": {"baseline": 0.018559999763965607, "candidate": 0.015590399503707886}, "baseline_over_candidate": 1.1904762132331155}
{"case": {"B": 4, "SEQ_LEN": 512, "H": 1, "HQ": 16, "D": 32, "S": 1, "block_size": 16, "is_causal": true}, "candidate": "baseline", "phase": "compile_correctness"}
{"case": {"B": 4, "SEQ_LEN": 512, "H": 1, "HQ": 16, "D": 32, "S": 1, "block_size": 16, "is_causal": true}, "candidate": "candidate", "phase": "compile_correctness"}
2026-09-07 10:15:23  [TileLang:tilelang.cache.kernel_cache:WARNING] (kernel_cache.py:342): Found kernel 'kernel' in memory cache. For better performance, consider using `@tilelang.jit` instead of direct kernel caching.
{"case": {"B": 4, "SEQ_LEN": 512, "H": 1, "HQ": 16, "D": 32, "S": 1, "block_size": 16, "is_causal": true}, "seed": 359, "status": "PASS", "call_event_ms": {"baseline": [0.011878400295972823, 0.010675200074911118, 0.01154559999704361, 0.010444799810647965], "candidate": [0.01090560033917427, 0.010623999685049058, 0.010572800040245056, 0.010367999970912933]}, "median_ms": {"baseline": 0.011110400035977363, "candidate": 0.010598399862647056}, "baseline_over_candidate": 1.0483091957244224}
{"case": {"B": 4, "SEQ_LEN": 512, "H": 1, "HQ": 16, "D": 64, "S": 1, "block_size": 16, "is_causal": true}, "candidate": "baseline", "phase": "compile_correctness"}
{"case": {"B": 4, "SEQ_LEN": 512, "H": 1, "HQ": 16, "D": 64, "S": 1, "block_size": 16, "is_causal": true}, "candidate": "candidate", "phase": "compile_correctness"}
2026-09-07 10:15:23  [TileLang:tilelang.cache.kernel_cache:WARNING] (kernel_cache.py:342): Found kernel 'kernel' in memory cache. For better performance, consider using `@tilelang.jit` instead of direct kernel caching.
{"case": {"B": 4, "SEQ_LEN": 512, "H": 1, "HQ": 16, "D": 64, "S": 1, "block_size": 16, "is_causal": true}, "seed": 359, "status": "PASS", "call_event_ms": {"baseline": [0.017689600586891174, 0.017587199807167053, 0.017382399737834932, 0.0173567995429039], "candidate": [0.01807360053062439, 0.017766399681568144, 0.01804800033569336, 0.017484800517559053]}, "median_ms": {"baseline": 0.017484799772500993, "candidate": 0.017907200008630754}, "baseline_over_candidate": 0.9764117094841083}
{"case": {"B": 4, "SEQ_LEN": 512, "H": 1, "HQ": 16, "D": 128, "S": 1, "block_size": 16, "is_causal": true}, "candidate": "baseline", "phase": "compile_correctness"}
{"case": {"B": 4, "SEQ_LEN": 512, "H": 1, "HQ": 16, "D": 128, "S": 1, "block_size": 16, "is_causal": true}, "candidate": "candidate", "phase": "compile_correctness"}
2026-09-07 10:15:23  [TileLang:tilelang.jit.kernel:INFO] (kernel.py:129): TileLang begins to compile kernel `kernel` with `out_idx=None`
2026-09-07 10:15:26  [TileLang:tilelang.jit.kernel:INFO] (kernel.py:137): TileLang completes to compile kernel `kernel`
{"case": {"B": 4, "SEQ_LEN": 512, "H": 1, "HQ": 16, "D": 128, "S": 1, "block_size": 16, "is_causal": true}, "seed": 359, "status": "PASS", "call_event_ms": {"baseline": [0.03686400055885315, 0.034867200255393985, 0.034790399670600894, 0.035046398639678955], "candidate": [0.02913280129432678, 0.028825598955154418, 0.028646400570869444, 0.028672000765800475]}, "median_ms": {"baseline": 0.03495679944753647, "candidate": 0.028748799860477445}, "baseline_over_candidate": 1.215939434591616}
{"case": {"B": 4, "SEQ_LEN": 1024, "H": 1, "HQ": 16, "D": 32, "S": 1, "block_size": 16, "is_causal": true}, "candidate": "baseline", "phase": "compile_correctness"}
{"case": {"B": 4, "SEQ_LEN": 1024, "H": 1, "HQ": 16, "D": 32, "S": 1, "block_size": 16, "is_causal": true}, "candidate": "candidate", "phase": "compile_correctness"}
{"case": {"B": 4, "SEQ_LEN": 1024, "H": 1, "HQ": 16, "D": 32, "S": 1, "block_size": 16, "is_causal": true}, "seed": 359, "status": "PASS", "call_event_ms": {"baseline": [0.015744000673294067, 0.01515520066022873, 0.01510400027036667, 0.015052799880504609], "candidate": [0.014720000326633453, 0.014412799477577209, 0.01454080045223236, 0.0144896000623703]}, "median_ms": {"baseline": 0.0151296004652977, "candidate": 0.01451520025730133}, "baseline_over_candidate": 1.0423280559072767}
{"case": {"B": 4, "SEQ_LEN": 1024, "H": 1, "HQ": 16, "D": 64, "S": 1, "block_size": 16, "is_causal": true}, "candidate": "baseline", "phase": "compile_correctness"}
{"case": {"B": 4, "SEQ_LEN": 1024, "H": 1, "HQ": 16, "D": 64, "S": 1, "block_size": 16, "is_causal": true}, "candidate": "candidate", "phase": "compile_correctness"}
2026-09-07 10:15:28  [TileLang:tilelang.cache.kernel_cache:WARNING] (kernel_cache.py:342): Found kernel 'kernel' in memory cache. For better performance, consider using `@tilelang.jit` instead of direct kernel caching.
{"case": {"B": 4, "SEQ_LEN": 1024, "H": 1, "HQ": 16, "D": 64, "S": 1, "block_size": 16, "is_causal": true}, "seed": 359, "status": "PASS", "call_event_ms": {"baseline": [0.02913280129432678, 0.02887679934501648, 0.02905600070953369, 0.029286399483680725], "candidate": [0.03059200048446655, 0.03036159873008728, 0.030899199843406677, 0.030771198868751525]}, "median_ms": {"baseline": 0.029094401001930236, "candidate": 0.030681599676609037}, "baseline_over_candidate": 0.9482687118204972}
{"case": {"B": 4, "SEQ_LEN": 1024, "H": 1, "HQ": 16, "D": 128, "S": 1, "block_size": 16, "is_causal": true}, "candidate": "baseline", "phase": "compile_correctness"}
{"case": {"B": 4, "SEQ_LEN": 1024, "H": 1, "HQ": 16, "D": 128, "S": 1, "block_size": 16, "is_causal": true}, "candidate": "candidate", "phase": "compile_correctness"}
{"case": {"B": 4, "SEQ_LEN": 1024, "H": 1, "HQ": 16, "D": 128, "S": 1, "block_size": 16, "is_causal": true}, "seed": 359, "status": "PASS", "call_event_ms": {"baseline": [0.05537279844284058, 0.055193597078323366, 0.05552639961242676, 0.05537279844284058], "candidate": [0.048588800430297854, 0.0484607994556427, 0.04787200093269348, 0.048127999901771544]}, "median_ms": {"baseline": 0.05537279844284058, "candidate": 0.04829439967870712}, "baseline_over_candidate": 1.1465676933811086}
{"case": {"B": 8, "SEQ_LEN": 64, "H": 1, "HQ": 16, "D": 32, "S": 1, "block_size": 16, "is_causal": true}, "candidate": "baseline", "phase": "compile_correctness"}
{"case": {"B": 8, "SEQ_LEN": 64, "H": 1, "HQ": 16, "D": 32, "S": 1, "block_size": 16, "is_causal": true}, "candidate": "candidate", "phase": "compile_correctness"}
2026-09-07 10:15:28  [TileLang:tilelang.cache.kernel_cache:WARNING] (kernel_cache.py:342): Found kernel 'kernel' in memory cache. For better performance, consider using `@tilelang.jit` instead of direct kernel caching.
{"case": {"B": 8, "SEQ_LEN": 64, "H": 1, "HQ": 16, "D": 32, "S": 1, "block_size": 16, "is_causal": true}, "seed": 359, "status": "PASS", "call_event_ms": {"baseline": [0.01157120019197464, 0.010700800269842149, 0.010521599650382995, 0.010572800040245056], "candidate": [0.010751999914646149, 0.010496000200510025, 0.010623999685049058, 0.010444799810647965]}, "median_ms": {"baseline": 0.010636800155043601, "candidate": 0.010559999942779542}, "baseline_over_candidate": 1.0072727474128986}
{"case": {"B": 8, "SEQ_LEN": 64, "H": 1, "HQ": 16, "D": 64, "S": 1, "block_size": 16, "is_causal": true}, "candidate": "baseline", "phase": "compile_correctness"}
{"case": {"B": 8, "SEQ_LEN": 64, "H": 1, "HQ": 16, "D": 64, "S": 1, "block_size": 16, "is_causal": true}, "candidate": "candidate", "phase": "compile_correctness"}
2026-09-07 10:15:28  [TileLang:tilelang.cache.kernel_cache:WARNING] (kernel_cache.py:342): Found kernel 'kernel' in memory cache. For better performance, consider using `@tilelang.jit` instead of direct kernel caching.
{"case": {"B": 8, "SEQ_LEN": 64, "H": 1, "HQ": 16, "D": 64, "S": 1, "block_size": 16, "is_causal": true}, "seed": 359, "status": "PASS", "call_event_ms": {"baseline": [0.01157120019197464, 0.010700800269842149, 0.010675200074911118, 0.010675200074911118], "candidate": [0.010931199789047242, 0.010623999685049058, 0.010828799754381179, 0.010393600165843963]}, "median_ms": {"baseline": 0.010688000172376633, "candidate": 0.010726399719715118}, "baseline_over_candidate": 0.9964200898398456}
{"case": {"B": 8, "SEQ_LEN": 64, "H": 1, "HQ": 16, "D": 128, "S": 1, "block_size": 16, "is_causal": true}, "candidate": "baseline", "phase": "compile_correctness"}
{"case": {"B": 8, "SEQ_LEN": 64, "H": 1, "HQ": 16, "D": 128, "S": 1, "block_size": 16, "is_causal": true}, "candidate": "candidate", "phase": "compile_correctness"}
2026-09-07 10:15:29  [TileLang:tilelang.jit.kernel:INFO] (kernel.py:129): TileLang begins to compile kernel `kernel` with `out_idx=None`
2026-09-07 10:15:32  [TileLang:tilelang.jit.kernel:INFO] (kernel.py:137): TileLang completes to compile kernel `kernel`
{"case": {"B": 8, "SEQ_LEN": 64, "H": 1, "HQ": 16, "D": 128, "S": 1, "block_size": 16, "is_causal": true}, "seed": 359, "status": "PASS", "call_event_ms": {"baseline": [0.015564799308776855, 0.013209599256515502, 0.013132800161838532, 0.013158400356769562], "candidate": [0.012544000148773193, 0.011059200018644333, 0.011264000087976456, 0.011289600282907486]}, "median_ms": {"baseline": 0.013183999806642532, "candidate": 0.01127680018544197}, "baseline_over_candidate": 1.1691259568173162}
{"case": {"B": 8, "SEQ_LEN": 128, "H": 1, "HQ": 16, "D": 32, "S": 1, "block_size": 16, "is_causal": true}, "candidate": "baseline", "phase": "compile_correctness"}
{"case": {"B": 8, "SEQ_LEN": 128, "H": 1, "HQ": 16, "D": 32, "S": 1, "block_size": 16, "is_causal": true}, "candidate": "candidate", "phase": "compile_correctness"}
2026-09-07 10:15:33  [TileLang:tilelang.cache.kernel_cache:WARNING] (kernel_cache.py:342): Found kernel 'kernel' in memory cache. For better performance, consider using `@tilelang.jit` instead of direct kernel caching.
{"case": {"B": 8, "SEQ_LEN": 128, "H": 1, "HQ": 16, "D": 32, "S": 1, "block_size": 16, "is_causal": true}, "seed": 359, "status": "PASS", "call_event_ms": {"baseline": [0.011699199676513672, 0.011596799641847611, 0.010521599650382995, 0.010265599936246872], "candidate": [0.010675200074911118, 0.010444799810647965, 0.010444799810647965, 0.010521599650382995]}, "median_ms": {"baseline": 0.011059199646115302, "candidate": 0.01048319973051548}, "baseline_over_candidate": 1.0549450483064964}
{"case": {"B": 8, "SEQ_LEN": 128, "H": 1, "HQ": 16, "D": 64, "S": 1, "block_size": 16, "is_causal": true}, "candidate": "baseline", "phase": "compile_correctness"}
{"case": {"B": 8, "SEQ_LEN": 128, "H": 1, "HQ": 16, "D": 64, "S": 1, "block_size": 16, "is_causal": true}, "candidate": "candidate", "phase": "compile_correctness"}
2026-09-07 10:15:33  [TileLang:tilelang.cache.kernel_cache:WARNING] (kernel_cache.py:342): Found kernel 'kernel' in memory cache. For better performance, consider using `@tilelang.jit` instead of direct kernel caching.
{"case": {"B": 8, "SEQ_LEN": 128, "H": 1, "HQ": 16, "D": 64, "S": 1, "block_size": 16, "is_causal": true}, "seed": 359, "status": "PASS", "call_event_ms": {"baseline": [0.011596799641847611, 0.010777600109577179, 0.010598400235176086, 0.010496000200510025], "candidate": [0.011007999628782272, 0.010982400178909302, 0.011776000261306763, 0.010572800040245056]}, "median_ms": {"baseline": 0.010688000172376633, "candidate": 0.010995199903845787}, "baseline_over_candidate": 0.9720605596846216}
{"case": {"B": 8, "SEQ_LEN": 128, "H": 1, "HQ": 16, "D": 128, "S": 1, "block_size": 16, "is_causal": true}, "candidate": "baseline", "phase": "compile_correctness"}
{"case": {"B": 8, "SEQ_LEN": 128, "H": 1, "HQ": 16, "D": 128, "S": 1, "block_size": 16, "is_causal": true}, "candidate": "candidate", "phase": "compile_correctness"}
2026-09-07 10:15:33  [TileLang:tilelang.jit.kernel:INFO] (kernel.py:129): TileLang begins to compile kernel `kernel` with `out_idx=None`
2026-09-07 10:15:37  [TileLang:tilelang.jit.kernel:INFO] (kernel.py:137): TileLang completes to compile kernel `kernel`
{"case": {"B": 8, "SEQ_LEN": 128, "H": 1, "HQ": 16, "D": 128, "S": 1, "block_size": 16, "is_causal": true}, "seed": 359, "status": "PASS", "call_event_ms": {"baseline": [0.020608000457286835, 0.018739199638366698, 0.019046400487422944, 0.018636800348758698], "candidate": [0.016076800227165223, 0.015974399447441102, 0.015897600352764128, 0.01594880074262619]}, "median_ms": {"baseline": 0.018892800062894823, "candidate": 0.015961600095033647}, "baseline_over_candidate": 1.1836407346637634}
{"case": {"B": 8, "SEQ_LEN": 256, "H": 1, "HQ": 16, "D": 32, "S": 1, "block_size": 16, "is_causal": true}, "candidate": "baseline", "phase": "compile_correctness"}
{"case": {"B": 8, "SEQ_LEN": 256, "H": 1, "HQ": 16, "D": 32, "S": 1, "block_size": 16, "is_causal": true}, "candidate": "candidate", "phase": "compile_correctness"}
2026-09-07 10:15:38  [TileLang:tilelang.cache.kernel_cache:WARNING] (kernel_cache.py:342): Found kernel 'kernel' in memory cache. For better performance, consider using `@tilelang.jit` instead of direct kernel caching.
{"case": {"B": 8, "SEQ_LEN": 256, "H": 1, "HQ": 16, "D": 32, "S": 1, "block_size": 16, "is_causal": true}, "seed": 359, "status": "PASS", "call_event_ms": {"baseline": [0.01154559999704361, 0.010726399719715118, 0.010547199845314026, 0.012825599312782288], "candidate": [0.01080320030450821, 0.01080320030450821, 0.010649599879980088, 0.010521599650382995]}, "median_ms": {"baseline": 0.011135999858379365, "candidate": 0.010726400092244149}, "baseline_over_candidate": 1.0381861353867812}
{"case": {"B": 8, "SEQ_LEN": 256, "H": 1, "HQ": 16, "D": 64, "S": 1, "block_size": 16, "is_causal": true}, "candidate": "baseline", "phase": "compile_correctness"}
{"case": {"B": 8, "SEQ_LEN": 256, "H": 1, "HQ": 16, "D": 64, "S": 1, "block_size": 16, "is_causal": true}, "candidate": "candidate", "phase": "compile_correctness"}
2026-09-07 10:15:38  [TileLang:tilelang.cache.kernel_cache:WARNING] (kernel_cache.py:342): Found kernel 'kernel' in memory cache. For better performance, consider using `@tilelang.jit` instead of direct kernel caching.
{"case": {"B": 8, "SEQ_LEN": 256, "H": 1, "HQ": 16, "D": 64, "S": 1, "block_size": 16, "is_causal": true}, "seed": 359, "status": "PASS", "call_event_ms": {"baseline": [0.01794559955596924, 0.01797119975090027, 0.017843200266361235, 0.017561599612236023], "candidate": [0.01825280040502548, 0.01807360053062439, 0.018483200669288637, 0.01807360053062439]}, "median_ms": {"baseline": 0.01789439991116524, "candidate": 0.018163200467824936}, "baseline_over_candidate": 0.9852008153994742}
{"case": {"B": 8, "SEQ_LEN": 256, "H": 1, "HQ": 16, "D": 128, "S": 1, "block_size": 16, "is_causal": true}, "candidate": "baseline", "phase": "compile_correctness"}
{"case": {"B": 8, "SEQ_LEN": 256, "H": 1, "HQ": 16, "D": 128, "S": 1, "block_size": 16, "is_causal": true}, "candidate": "candidate", "phase": "compile_correctness"}
2026-09-07 10:15:38  [TileLang:tilelang.jit.kernel:INFO] (kernel.py:129): TileLang begins to compile kernel `kernel` with `out_idx=None`
2026-09-07 10:15:41  [TileLang:tilelang.jit.kernel:INFO] (kernel.py:137): TileLang completes to compile kernel `kernel`
{"case": {"B": 8, "SEQ_LEN": 256, "H": 1, "HQ": 16, "D": 128, "S": 1, "block_size": 16, "is_causal": true}, "seed": 359, "status": "PASS", "call_event_ms": {"baseline": [0.03671039938926697, 0.034329599142074584, 0.034585601091384886, 0.03427839875221252], "candidate": [0.0289792001247406, 0.02892799973487854, 0.02895359992980957, 0.02913280129432678]}, "median_ms": {"baseline": 0.034457600116729735, "candidate": 0.028966400027275085}, "baseline_over_candidate": 1.1895713683538194}
{"case": {"B": 8, "SEQ_LEN": 512, "H": 1, "HQ": 16, "D": 32, "S": 1, "block_size": 16, "is_causal": true}, "candidate": "baseline", "phase": "compile_correctness"}
{"case": {"B": 8, "SEQ_LEN": 512, "H": 1, "HQ": 16, "D": 32, "S": 1, "block_size": 16, "is_causal": true}, "candidate": "candidate", "phase": "compile_correctness"}
{"case": {"B": 8, "SEQ_LEN": 512, "H": 1, "HQ": 16, "D": 32, "S": 1, "block_size": 16, "is_causal": true}, "seed": 359, "status": "PASS", "call_event_ms": {"baseline": [0.015564799308776855, 0.015001599490642548, 0.015078400075435639, 0.015052799880504609], "candidate": [0.014796799421310425, 0.01454080045223236, 0.01454080045223236, 0.01454080045223236]}, "median_ms": {"baseline": 0.015065599977970124, "candidate": 0.01454080045223236}, "baseline_over_candidate": 1.0360915155573291}
{"case": {"B": 8, "SEQ_LEN": 512, "H": 1, "HQ": 16, "D": 64, "S": 1, "block_size": 16, "is_causal": true}, "candidate": "baseline", "phase": "compile_correctness"}
{"case": {"B": 8, "SEQ_LEN": 512, "H": 1, "HQ": 16, "D": 64, "S": 1, "block_size": 16, "is_causal": true}, "candidate": "candidate", "phase": "compile_correctness"}
2026-09-07 10:15:42  [TileLang:tilelang.cache.kernel_cache:WARNING] (kernel_cache.py:342): Found kernel 'kernel' in memory cache. For better performance, consider using `@tilelang.jit` instead of direct kernel caching.
{"case": {"B": 8, "SEQ_LEN": 512, "H": 1, "HQ": 16, "D": 64, "S": 1, "block_size": 16, "is_causal": true}, "seed": 359, "status": "PASS", "call_event_ms": {"baseline": [0.02887679934501648, 0.029286399483680725, 0.029465600848197937, 0.02895359992980957], "candidate": [0.03018240034580231, 0.030822399258613586, 0.03041279911994934, 0.03033599853515625]}, "median_ms": {"baseline": 0.02911999970674515, "candidate": 0.030374398827552794}, "baseline_over_candidate": 0.9587020922478383}
{"case": {"B": 8, "SEQ_LEN": 512, "H": 1, "HQ": 16, "D": 128, "S": 1, "block_size": 16, "is_causal": true}, "candidate": "baseline", "phase": "compile_correctness"}
{"case": {"B": 8, "SEQ_LEN": 512, "H": 1, "HQ": 16, "D": 128, "S": 1, "block_size": 16, "is_causal": true}, "candidate": "candidate", "phase": "compile_correctness"}
2026-09-07 10:15:43  [TileLang:tilelang.jit.kernel:INFO] (kernel.py:129): TileLang begins to compile kernel `kernel` with `out_idx=None`
2026-09-07 10:15:46  [TileLang:tilelang.jit.kernel:INFO] (kernel.py:137): TileLang completes to compile kernel `kernel`
{"case": {"B": 8, "SEQ_LEN": 512, "H": 1, "HQ": 16, "D": 128, "S": 1, "block_size": 16, "is_causal": true}, "seed": 359, "status": "PASS", "call_event_ms": {"baseline": [0.0579584002494812, 0.05539839863777161, 0.05624319911003113, 0.05580800175666809], "candidate": [0.04730879962444305, 0.04787200093269348, 0.04702720046043396, 0.04756479859352112]}, "median_ms": {"baseline": 0.056025600433349615, "candidate": 0.04743679910898209}, "baseline_over_candidate": 1.1810577755180207}
{"case": {"B": 8, "SEQ_LEN": 1024, "H": 1, "HQ": 16, "D": 32, "S": 1, "block_size": 16, "is_causal": true}, "candidate": "baseline", "phase": "compile_correctness"}
{"case": {"B": 8, "SEQ_LEN": 1024, "H": 1, "HQ": 16, "D": 32, "S": 1, "block_size": 16, "is_causal": true}, "candidate": "candidate", "phase": "compile_correctness"}
{"case": {"B": 8, "SEQ_LEN": 1024, "H": 1, "HQ": 16, "D": 32, "S": 1, "block_size": 16, "is_causal": true}, "seed": 359, "status": "PASS", "call_event_ms": {"baseline": [0.024934400618076325, 0.024345600605010988, 0.024371199309825897, 0.024268800020217897], "candidate": [0.023705600202083586, 0.023321600258350374, 0.023193599283695222, 0.023244799673557283]}, "median_ms": {"baseline": 0.024358399957418442, "candidate": 0.02328319996595383}, "baseline_over_candidate": 1.046179219052228}
{"case": {"B": 8, "SEQ_LEN": 1024, "H": 1, "HQ": 16, "D": 64, "S": 1, "block_size": 16, "is_causal": true}, "candidate": "baseline", "phase": "compile_correctness"}
{"case": {"B": 8, "SEQ_LEN": 1024, "H": 1, "HQ": 16, "D": 64, "S": 1, "block_size": 16, "is_causal": true}, "candidate": "candidate", "phase": "compile_correctness"}
2026-09-07 10:15:47  [TileLang:tilelang.cache.kernel_cache:WARNING] (kernel_cache.py:342): Found kernel 'kernel' in memory cache. For better performance, consider using `@tilelang.jit` instead of direct kernel caching.
{"case": {"B": 8, "SEQ_LEN": 1024, "H": 1, "HQ": 16, "D": 64, "S": 1, "block_size": 16, "is_causal": true}, "seed": 359, "status": "PASS", "call_event_ms": {"baseline": [0.04930559992790222, 0.048204800486564635, 0.04835839867591858, 0.048691201210021975], "candidate": [0.048588800430297854, 0.0489984005689621, 0.0494592010974884, 0.04917759895324707]}, "median_ms": {"baseline": 0.04852479994297028, "candidate": 0.04908799976110458}, "baseline_over_candidate": 0.9885267311588328}
{"case": {"B": 8, "SEQ_LEN": 1024, "H": 1, "HQ": 16, "D": 128, "S": 1, "block_size": 16, "is_causal": true}, "candidate": "baseline", "phase": "compile_correctness"}
{"case": {"B": 8, "SEQ_LEN": 1024, "H": 1, "HQ": 16, "D": 128, "S": 1, "block_size": 16, "is_causal": true}, "candidate": "candidate", "phase": "compile_correctness"}
2026-09-07 10:15:48  [TileLang:tilelang.jit.kernel:INFO] (kernel.py:129): TileLang begins to compile kernel `kernel` with `out_idx=None`
2026-09-07 10:15:51  [TileLang:tilelang.jit.kernel:INFO] (kernel.py:137): TileLang completes to compile kernel `kernel`
{"case": {"B": 8, "SEQ_LEN": 1024, "H": 1, "HQ": 16, "D": 128, "S": 1, "block_size": 16, "is_causal": true}, "seed": 359, "status": "PASS", "call_event_ms": {"baseline": [0.09876480102539062, 0.09758719801902771, 0.09710080027580262, 0.09730560183525086], "candidate": [0.08611840009689331, 0.08529919981956482, 0.08581119775772095, 0.0851967990398407]}, "median_ms": {"baseline": 0.09744639992713929, "candidate": 0.08555519878864289}, "baseline_over_candidate": 1.1389886448382014}
{"case": {"B": 1, "SEQ_LEN": 256, "H": 1, "HQ": 16, "D": 64, "S": 1, "block_size": 32, "is_causal": true}, "candidate": "baseline", "phase": "compile_correctness"}
{"case": {"B": 1, "SEQ_LEN": 256, "H": 1, "HQ": 16, "D": 64, "S": 1, "block_size": 32, "is_causal": true}, "candidate": "candidate", "phase": "compile_correctness"}
2026-09-07 10:15:52  [TileLang:tilelang.cache.kernel_cache:WARNING] (kernel_cache.py:342): Found kernel 'kernel' in memory cache. For better performance, consider using `@tilelang.jit` instead of direct kernel caching.
{"case": {"B": 1, "SEQ_LEN": 256, "H": 1, "HQ": 16, "D": 64, "S": 1, "block_size": 32, "is_causal": true}, "seed": 359, "status": "PASS", "call_event_ms": {"baseline": [0.011366400122642516, 0.010547199845314026, 0.010547199845314026, 0.010572800040245056], "candidate": [0.01088000014424324, 0.010496000200510025, 0.011724799871444702, 0.010623999685049058]}, "median_ms": {"baseline": 0.01055999994277954, "candidate": 0.010751999914646149}, "baseline_over_candidate": 0.9821428596176727}
{"case": {"B": 1, "SEQ_LEN": 256, "H": 1, "HQ": 16, "D": 64, "S": 1, "block_size": 64, "is_causal": true}, "candidate": "baseline", "phase": "compile_correctness"}
{"case": {"B": 1, "SEQ_LEN": 256, "H": 1, "HQ": 16, "D": 64, "S": 1, "block_size": 64, "is_causal": true}, "candidate": "candidate", "phase": "compile_correctness"}
2026-09-07 10:15:52  [TileLang:tilelang.cache.kernel_cache:WARNING] (kernel_cache.py:342): Found kernel 'kernel' in memory cache. For better performance, consider using `@tilelang.jit` instead of direct kernel caching.
{"case": {"B": 1, "SEQ_LEN": 256, "H": 1, "HQ": 16, "D": 64, "S": 1, "block_size": 64, "is_causal": true}, "seed": 359, "status": "PASS", "call_event_ms": {"baseline": [0.014028799533843995, 0.014079999923706055, 0.015001599490642548, 0.014105600118637086], "candidate": [0.014079999923706055, 0.014028799533843995, 0.014054399728775025, 0.014105600118637086]}, "median_ms": {"baseline": 0.01409280002117157, "candidate": 0.01406719982624054}, "baseline_over_candidate": 1.0018198500943505}
{"case": {"B": 1, "SEQ_LEN": 512, "H": 1, "HQ": 16, "D": 64, "S": 1, "block_size": 32, "is_causal": true}, "candidate": "baseline", "phase": "compile_correctness"}
{"case": {"B": 1, "SEQ_LEN": 512, "H": 1, "HQ": 16, "D": 64, "S": 1, "block_size": 32, "is_causal": true}, "candidate": "candidate", "phase": "compile_correctness"}
2026-09-07 10:15:52  [TileLang:tilelang.cache.kernel_cache:WARNING] (kernel_cache.py:342): Found kernel 'kernel' in memory cache. For better performance, consider using `@tilelang.jit` instead of direct kernel caching.
{"case": {"B": 1, "SEQ_LEN": 512, "H": 1, "HQ": 16, "D": 64, "S": 1, "block_size": 32, "is_causal": true}, "seed": 359, "status": "PASS", "call_event_ms": {"baseline": [0.011852800101041793, 0.01080320030450821, 0.01080320030450821, 0.011776000261306763], "candidate": [0.010956799983978272, 0.010828799754381179, 0.010828799754381179, 0.010777600109577179]}, "median_ms": {"baseline": 0.011289600282907486, "candidate": 0.010828799754381179}, "baseline_over_candidate": 1.042553241262022}
{"case": {"B": 1, "SEQ_LEN": 512, "H": 1, "HQ": 16, "D": 64, "S": 1, "block_size": 64, "is_causal": true}, "candidate": "baseline", "phase": "compile_correctness"}
{"case": {"B": 1, "SEQ_LEN": 512, "H": 1, "HQ": 16, "D": 64, "S": 1, "block_size": 64, "is_causal": true}, "candidate": "candidate", "phase": "compile_correctness"}
2026-09-07 10:15:52  [TileLang:tilelang.cache.kernel_cache:WARNING] (kernel_cache.py:342): Found kernel 'kernel' in memory cache. For better performance, consider using `@tilelang.jit` instead of direct kernel caching.
{"case": {"B": 1, "SEQ_LEN": 512, "H": 1, "HQ": 16, "D": 64, "S": 1, "block_size": 64, "is_causal": true}, "seed": 359, "status": "PASS", "call_event_ms": {"baseline": [0.01664000004529953, 0.01643519997596741, 0.01730560064315796, 0.01646080017089844], "candidate": [0.01666560024023056, 0.0165120005607605, 0.01646080017089844, 0.0165120005607605]}, "median_ms": {"baseline": 0.016550400108098984, "candidate": 0.0165120005607605}, "baseline_over_candidate": 1.0023255539022775}
{"case": {"B": 1, "SEQ_LEN": 512, "H": 1, "HQ": 16, "D": 128, "S": 1, "block_size": 32, "is_causal": true}, "candidate": "baseline", "phase": "compile_correctness"}
{"case": {"B": 1, "SEQ_LEN": 512, "H": 1, "HQ": 16, "D": 128, "S": 1, "block_size": 32, "is_causal": true}, "candidate": "candidate", "phase": "compile_correctness"}
2026-09-07 10:15:53  [TileLang:tilelang.jit.kernel:INFO] (kernel.py:129): TileLang begins to compile kernel `kernel` with `out_idx=None`
2026-09-07 10:15:56  [TileLang:tilelang.jit.kernel:INFO] (kernel.py:137): TileLang completes to compile kernel `kernel`
{"case": {"B": 1, "SEQ_LEN": 512, "H": 1, "HQ": 16, "D": 128, "S": 1, "block_size": 32, "is_causal": true}, "seed": 359, "status": "PASS", "call_event_ms": {"baseline": [0.019968000054359437, 0.017715199291706084, 0.01812479943037033, 0.017587199807167053], "candidate": [0.014745600521564484, 0.014412799477577209, 0.014361600577831268, 0.0144896000623703]}, "median_ms": {"baseline": 0.017919999361038205, "candidate": 0.014451199769973755}, "baseline_over_candidate": 1.2400354051067657}
{"case": {"B": 2, "SEQ_LEN": 256, "H": 1, "HQ": 16, "D": 64, "S": 1, "block_size": 64, "is_causal": true}, "candidate": "baseline", "phase": "compile_correctness"}
{"case": {"B": 2, "SEQ_LEN": 256, "H": 1, "HQ": 16, "D": 64, "S": 1, "block_size": 64, "is_causal": true}, "candidate": "candidate", "phase": "compile_correctness"}
2026-09-07 10:15:57  [TileLang:tilelang.cache.kernel_cache:WARNING] (kernel_cache.py:342): Found kernel 'kernel' in memory cache. For better performance, consider using `@tilelang.jit` instead of direct kernel caching.
{"case": {"B": 2, "SEQ_LEN": 256, "H": 1, "HQ": 16, "D": 64, "S": 1, "block_size": 64, "is_causal": true}, "seed": 359, "status": "PASS", "call_event_ms": {"baseline": [0.016179199516773223, 0.016204799711704253, 0.016153599321842193, 0.016281600296497344], "candidate": [0.016256000101566314, 0.016256000101566314, 0.016153599321842193, 0.016281600296497344]}, "median_ms": {"baseline": 0.01619199961423874, "candidate": 0.016256000101566314}, "baseline_over_candidate": 0.9960629621722622}
{"case": {"B": 4, "SEQ_LEN": 128, "H": 1, "HQ": 16, "D": 64, "S": 1, "block_size": 32, "is_causal": true}, "candidate": "baseline", "phase": "compile_correctness"}
{"case": {"B": 4, "SEQ_LEN": 128, "H": 1, "HQ": 16, "D": 64, "S": 1, "block_size": 32, "is_causal": true}, "candidate": "candidate", "phase": "compile_correctness"}
2026-09-07 10:15:57  [TileLang:tilelang.cache.kernel_cache:WARNING] (kernel_cache.py:342): Found kernel 'kernel' in memory cache. For better performance, consider using `@tilelang.jit` instead of direct kernel caching.
{"case": {"B": 4, "SEQ_LEN": 128, "H": 1, "HQ": 16, "D": 64, "S": 1, "block_size": 32, "is_causal": true}, "seed": 359, "status": "PASS", "call_event_ms": {"baseline": [0.011750400066375732, 0.010777600109577179, 0.010777600109577179, 0.01090560033917427], "candidate": [0.011084800213575363, 0.01085439994931221, 0.01085439994931221, 0.010931199789047242]}, "median_ms": {"baseline": 0.010841600224375724, "candidate": 0.010892799869179726}, "baseline_over_candidate": 0.9952996800254389}
{"case": {"B": 4, "SEQ_LEN": 128, "H": 1, "HQ": 16, "D": 64, "S": 1, "block_size": 64, "is_causal": true}, "candidate": "baseline", "phase": "compile_correctness"}
{"case": {"B": 4, "SEQ_LEN": 128, "H": 1, "HQ": 16, "D": 64, "S": 1, "block_size": 64, "is_causal": true}, "candidate": "candidate", "phase": "compile_correctness"}
2026-09-07 10:15:57  [TileLang:tilelang.cache.kernel_cache:WARNING] (kernel_cache.py:342): Found kernel 'kernel' in memory cache. For better performance, consider using `@tilelang.jit` instead of direct kernel caching.
{"case": {"B": 4, "SEQ_LEN": 128, "H": 1, "HQ": 16, "D": 64, "S": 1, "block_size": 64, "is_causal": true}, "seed": 359, "status": "PASS", "call_event_ms": {"baseline": [0.016153599321842193, 0.016281600296497344, 0.016256000101566314, 0.016256000101566314], "candidate": [0.016332800686359405, 0.016153599321842193, 0.016230399906635284, 0.016179199516773223]}, "median_ms": {"baseline": 0.016256000101566314, "candidate": 0.016204799711704253}, "baseline_over_candidate": 1.0031595817765695}
{"case": {"B": 2, "SEQ_LEN": 512, "H": 1, "HQ": 16, "D": 128, "S": 1, "block_size": 32, "is_causal": true}, "candidate": "baseline", "phase": "compile_correctness"}
{"case": {"B": 2, "SEQ_LEN": 512, "H": 1, "HQ": 16, "D": 128, "S": 1, "block_size": 32, "is_causal": true}, "candidate": "candidate", "phase": "compile_correctness"}
2026-09-07 10:15:58  [TileLang:tilelang.jit.kernel:INFO] (kernel.py:129): TileLang begins to compile kernel `kernel` with `out_idx=None`
2026-09-07 10:16:01  [TileLang:tilelang.jit.kernel:INFO] (kernel.py:137): TileLang completes to compile kernel `kernel`
{"case": {"B": 2, "SEQ_LEN": 512, "H": 1, "HQ": 16, "D": 128, "S": 1, "block_size": 32, "is_causal": true}, "seed": 359, "status": "PASS", "call_event_ms": {"baseline": [0.026521599292755126, 0.02449920028448105, 0.024166400730609893, 0.024268800020217897], "candidate": [0.02910720109939575, 0.028825598955154418, 0.028723201155662535, 0.028748801350593566]}, "median_ms": {"baseline": 0.024384000152349473, "candidate": 0.02878720015287399}, "baseline_over_candidate": 0.8470431310741792}
{"case": {"B": 4, "SEQ_LEN": 1024, "H": 1, "HQ": 16, "D": 128, "S": 1, "block_size": 32, "is_causal": true}, "candidate": "baseline", "phase": "compile_correctness"}
{"case": {"B": 4, "SEQ_LEN": 1024, "H": 1, "HQ": 16, "D": 128, "S": 1, "block_size": 32, "is_causal": true}, "candidate": "candidate", "phase": "compile_correctness"}
{"case": {"B": 4, "SEQ_LEN": 1024, "H": 1, "HQ": 16, "D": 128, "S": 1, "block_size": 32, "is_causal": true}, "seed": 359, "status": "PASS", "call_event_ms": {"baseline": [0.08010240197181702, 0.08007680177688599, 0.07984640002250672, 0.08020480275154114], "candidate": [0.06115840077400207, 0.06064640283584595, 0.06097919940948486, 0.06097919940948486]}, "median_ms": {"baseline": 0.0800896018743515, "candidate": 0.06097919940948486}, "baseline_over_candidate": 1.3133921509289963}
{"case": {"B": 8, "SEQ_LEN": 512, "H": 1, "HQ": 16, "D": 128, "S": 1, "block_size": 32, "is_causal": true}, "candidate": "baseline", "phase": "compile_correctness"}
{"case": {"B": 8, "SEQ_LEN": 512, "H": 1, "HQ": 16, "D": 128, "S": 1, "block_size": 32, "is_causal": true}, "candidate": "candidate", "phase": "compile_correctness"}
{"case": {"B": 8, "SEQ_LEN": 512, "H": 1, "HQ": 16, "D": 128, "S": 1, "block_size": 32, "is_causal": true}, "seed": 359, "status": "PASS", "call_event_ms": {"baseline": [0.08143360018730164, 0.08110079765319825, 0.08079360127449035, 0.08104959726333619], "candidate": [0.061363202333450315, 0.06110720038414001, 0.06172159910202026, 0.0611840009689331]}, "median_ms": {"baseline": 0.08107519745826722, "candidate": 0.06127360165119171}, "baseline_over_candidate": 1.3231668332440907}
{"case": {"B": 1, "SEQ_LEN": 256, "H": 2, "HQ": 32, "D": 64, "S": 1, "block_size": 16, "is_causal": true}, "candidate": "baseline", "phase": "compile_correctness"}
{"case": {"B": 1, "SEQ_LEN": 256, "H": 2, "HQ": 32, "D": 64, "S": 1, "block_size": 16, "is_causal": true}, "candidate": "candidate", "phase": "compile_correctness"}
2026-09-07 10:16:03  [TileLang:tilelang.cache.kernel_cache:WARNING] (kernel_cache.py:342): Found kernel 'kernel' in memory cache. For better performance, consider using `@tilelang.jit` instead of direct kernel caching.
{"case": {"B": 1, "SEQ_LEN": 256, "H": 2, "HQ": 32, "D": 64, "S": 1, "block_size": 16, "is_causal": true}, "seed": 359, "status": "PASS", "call_event_ms": {"baseline": [0.01157120019197464, 0.010214400291442872, 0.010367999970912933, 0.01080320030450821], "candidate": [0.010623999685049058, 0.010188800096511842, 0.010060799866914749, 0.010430700331926345]}, "median_ms": {"baseline": 0.010585600137710571, "candidate": 0.010309750214219093}, "baseline_over_candidate": 1.026756217925729}
{"case": {"B": 2, "SEQ_LEN": 512, "H": 2, "HQ": 32, "D": 64, "S": 1, "block_size": 16, "is_causal": true}, "candidate": "baseline", "phase": "compile_correctness"}
{"case": {"B": 2, "SEQ_LEN": 512, "H": 2, "HQ": 32, "D": 64, "S": 1, "block_size": 16, "is_causal": true}, "candidate": "candidate", "phase": "compile_correctness"}
2026-09-07 10:16:03  [TileLang:tilelang.cache.kernel_cache:WARNING] (kernel_cache.py:342): Found kernel 'kernel' in memory cache. For better performance, consider using `@tilelang.jit` instead of direct kernel caching.
{"case": {"B": 2, "SEQ_LEN": 512, "H": 2, "HQ": 32, "D": 64, "S": 1, "block_size": 16, "is_causal": true}, "seed": 359, "status": "PASS", "call_event_ms": {"baseline": [0.018483200669288637, 0.018355199694633485, 0.018329599499702455, 0.01797119975090027], "candidate": [0.018406400084495546, 0.01820160001516342, 0.017817600071430205, 0.017561599612236023]}, "median_ms": {"baseline": 0.01834239959716797, "candidate": 0.01800960004329681}, "baseline_over_candidate": 1.0184790085882571}
{"case": {"B": 1, "SEQ_LEN": 512, "H": 2, "HQ": 32, "D": 128, "S": 1, "block_size": 16, "is_causal": true}, "candidate": "baseline", "phase": "compile_correctness"}
{"case": {"B": 1, "SEQ_LEN": 512, "H": 2, "HQ": 32, "D": 128, "S": 1, "block_size": 16, "is_causal": true}, "candidate": "candidate", "phase": "compile_correctness"}
2026-09-07 10:16:03  [TileLang:tilelang.jit.kernel:INFO] (kernel.py:129): TileLang begins to compile kernel `kernel` with `out_idx=None`
2026-09-07 10:16:06  [TileLang:tilelang.jit.kernel:INFO] (kernel.py:137): TileLang completes to compile kernel `kernel`
{"case": {"B": 1, "SEQ_LEN": 512, "H": 2, "HQ": 32, "D": 128, "S": 1, "block_size": 16, "is_causal": true}, "seed": 359, "status": "PASS", "call_event_ms": {"baseline": [0.0208639994263649, 0.01879040002822876, 0.018688000738620758, 0.018636800348758698], "candidate": [0.017023999989032746, 0.01679359972476959, 0.01676799952983856, 0.01658879965543747]}, "median_ms": {"baseline": 0.018739200383424758, "candidate": 0.016780799627304076}, "baseline_over_candidate": 1.1167048531426456}
{"case": {"B": 1, "SEQ_LEN": 256, "H": 1, "HQ": 16, "D": 64, "S": 2, "block_size": 16, "is_causal": true}, "candidate": "baseline", "phase": "compile_correctness"}
{"case": {"B": 1, "SEQ_LEN": 256, "H": 1, "HQ": 16, "D": 64, "S": 2, "block_size": 16, "is_causal": true}, "candidate": "candidate", "phase": "compile_correctness"}
2026-09-07 10:16:07  [TileLang:tilelang.cache.kernel_cache:WARNING] (kernel_cache.py:342): Found kernel 'kernel' in memory cache. For better performance, consider using `@tilelang.jit` instead of direct kernel caching.
{"case": {"B": 1, "SEQ_LEN": 256, "H": 1, "HQ": 16, "D": 64, "S": 2, "block_size": 16, "is_causal": true}, "seed": 359, "status": "PASS", "call_event_ms": {"baseline": [0.011468800157308579, 0.010572800040245056, 0.010367999970912933, 0.010521599650382995], "candidate": [0.010931199789047242, 0.010547199845314026, 0.011187200248241425, 0.010444799810647965]}, "median_ms": {"baseline": 0.010547199845314026, "candidate": 0.010739199817180634}, "baseline_over_candidate": 0.9821215756168867}
{"case": {"B": 2, "SEQ_LEN": 512, "H": 1, "HQ": 16, "D": 64, "S": 2, "block_size": 16, "is_causal": true}, "candidate": "baseline", "phase": "compile_correctness"}
{"case": {"B": 2, "SEQ_LEN": 512, "H": 1, "HQ": 16, "D": 64, "S": 2, "block_size": 16, "is_causal": true}, "candidate": "candidate", "phase": "compile_correctness"}
{"case": {"B": 2, "SEQ_LEN": 512, "H": 1, "HQ": 16, "D": 64, "S": 2, "block_size": 16, "is_causal": true}, "seed": 359, "status": "PASS", "call_event_ms": {"baseline": [0.019840000569820403, 0.0193792000412941, 0.0194815993309021, 0.019225600361824035], "candidate": [0.013465599715709686, 0.013414399325847625, 0.013286399841308593, 0.013209599256515502]}, "median_ms": {"baseline": 0.0194303996860981, "candidate": 0.013350399583578108}, "baseline_over_candidate": 1.455417088039732}
{"case": {"B": 4, "SEQ_LEN": 1024, "H": 1, "HQ": 16, "D": 64, "S": 2, "block_size": 16, "is_causal": true}, "candidate": "baseline", "phase": "compile_correctness"}
{"case": {"B": 4, "SEQ_LEN": 1024, "H": 1, "HQ": 16, "D": 64, "S": 2, "block_size": 16, "is_causal": true}, "candidate": "candidate", "phase": "compile_correctness"}
{"case": {"B": 4, "SEQ_LEN": 1024, "H": 1, "HQ": 16, "D": 64, "S": 2, "block_size": 16, "is_causal": true}, "seed": 359, "status": "PASS", "call_event_ms": {"baseline": [0.050892800092697144, 0.05030400156974792, 0.050483202934265135, 0.05017600059509277], "candidate": [0.04129279851913452, 0.04134399890899658, 0.04083200097084046, 0.04121600091457367]}, "median_ms": {"baseline": 0.05039360225200653, "candidate": 0.041254399716854094}, "baseline_over_candidate": 1.2215327964502827}
{"case": {"B": 1, "SEQ_LEN": 256, "H": 1, "HQ": 16, "D": 64, "S": 4, "block_size": 16, "is_causal": true}, "candidate": "baseline", "phase": "compile_correctness"}
{"case": {"B": 1, "SEQ_LEN": 256, "H": 1, "HQ": 16, "D": 64, "S": 4, "block_size": 16, "is_causal": true}, "candidate": "candidate", "phase": "compile_correctness"}
2026-09-07 10:16:08  [TileLang:tilelang.cache.kernel_cache:WARNING] (kernel_cache.py:342): Found kernel 'kernel' in memory cache. For better performance, consider using `@tilelang.jit` instead of direct kernel caching.
{"case": {"B": 1, "SEQ_LEN": 256, "H": 1, "HQ": 16, "D": 64, "S": 4, "block_size": 16, "is_causal": true}, "seed": 359, "status": "PASS", "call_event_ms": {"baseline": [0.015795199573040007, 0.015462400019168853, 0.015667200088500977, 0.015539200603961944], "candidate": [0.015667200088500977, 0.015590399503707886, 0.015564799308776855, 0.015615999698638916]}, "median_ms": {"baseline": 0.015603200346231461, "candidate": 0.015603199601173401}, "baseline_over_candidate": 1.0000000477503384}
{"case": {"B": 2, "SEQ_LEN": 512, "H": 1, "HQ": 16, "D": 64, "S": 4, "block_size": 16, "is_causal": true}, "candidate": "baseline", "phase": "compile_correctness"}
{"case": {"B": 2, "SEQ_LEN": 512, "H": 1, "HQ": 16, "D": 64, "S": 4, "block_size": 16, "is_causal": true}, "candidate": "candidate", "phase": "compile_correctness"}
2026-09-07 10:16:08  [TileLang:tilelang.cache.kernel_cache:WARNING] (kernel_cache.py:342): Found kernel 'kernel' in memory cache. For better performance, consider using `@tilelang.jit` instead of direct kernel caching.
{"case": {"B": 2, "SEQ_LEN": 512, "H": 1, "HQ": 16, "D": 64, "S": 4, "block_size": 16, "is_causal": true}, "seed": 359, "status": "PASS", "call_event_ms": {"baseline": [0.02903040051460266, 0.02895359992980957, 0.02885119915008545, 0.02903040051460266], "candidate": [0.02900480031967163, 0.028799998760223388, 0.02887679934501648, 0.02885119915008545]}, "median_ms": {"baseline": 0.028992000222206115, "candidate": 0.028863999247550964}, "baseline_over_candidate": 1.0044346236832034}
{"case": {"B": 4, "SEQ_LEN": 1024, "H": 1, "HQ": 16, "D": 64, "S": 4, "block_size": 16, "is_causal": true}, "candidate": "baseline", "phase": "compile_correctness"}
{"case": {"B": 4, "SEQ_LEN": 1024, "H": 1, "HQ": 16, "D": 64, "S": 4, "block_size": 16, "is_causal": true}, "candidate": "candidate", "phase": "compile_correctness"}
2026-09-07 10:16:08  [TileLang:tilelang.cache.kernel_cache:WARNING] (kernel_cache.py:342): Found kernel 'kernel' in memory cache. For better performance, consider using `@tilelang.jit` instead of direct kernel caching.
{"case": {"B": 4, "SEQ_LEN": 1024, "H": 1, "HQ": 16, "D": 64, "S": 4, "block_size": 16, "is_causal": true}, "seed": 359, "status": "PASS", "call_event_ms": {"baseline": [0.07787520289421082, 0.07761920094490052, 0.0779263973236084, 0.07782400250434876], "candidate": [0.07823359966278076, 0.07764480113983155, 0.07805439829826355, 0.07784960269927979]}, "median_ms": {"baseline": 0.07784960269927979, "candidate": 0.07795200049877167}, "baseline_over_candidate": 0.9986863993375835}
{"case": {"B": 1, "SEQ_LEN": 256, "H": 1, "HQ": 16, "D": 64, "S": 8, "block_size": 16, "is_causal": true}, "candidate": "baseline", "phase": "compile_correctness"}
{"case": {"B": 1, "SEQ_LEN": 256, "H": 1, "HQ": 16, "D": 64, "S": 8, "block_size": 16, "is_causal": true}, "candidate": "candidate", "phase": "compile_correctness"}
2026-09-07 10:16:09  [TileLang:tilelang.cache.kernel_cache:WARNING] (kernel_cache.py:342): Found kernel 'kernel' in memory cache. For better performance, consider using `@tilelang.jit` instead of direct kernel caching.
{"case": {"B": 1, "SEQ_LEN": 256, "H": 1, "HQ": 16, "D": 64, "S": 8, "block_size": 16, "is_causal": true}, "seed": 359, "status": "PASS", "call_event_ms": {"baseline": [0.02447360008955002, 0.024422399699687958, 0.024371199309825897, 0.02447360008955002], "candidate": [0.02455040067434311, 0.02534399926662445, 0.02449920028448105, 0.024345600605010988]}, "median_ms": {"baseline": 0.024447999894618988, "candidate": 0.02452480047941208}, "baseline_over_candidate": 0.9968684522078961}
{"case": {"B": 2, "SEQ_LEN": 512, "H": 1, "HQ": 16, "D": 64, "S": 8, "block_size": 16, "is_causal": true}, "candidate": "baseline", "phase": "compile_correctness"}
{"case": {"B": 2, "SEQ_LEN": 512, "H": 1, "HQ": 16, "D": 64, "S": 8, "block_size": 16, "is_causal": true}, "candidate": "candidate", "phase": "compile_correctness"}
2026-09-07 10:16:09  [TileLang:tilelang.cache.kernel_cache:WARNING] (kernel_cache.py:342): Found kernel 'kernel' in memory cache. For better performance, consider using `@tilelang.jit` instead of direct kernel caching.
{"case": {"B": 2, "SEQ_LEN": 512, "H": 1, "HQ": 16, "D": 64, "S": 8, "block_size": 16, "is_causal": true}, "seed": 359, "status": "PASS", "call_event_ms": {"baseline": [0.04116480052471161, 0.04083200097084046, 0.04095999896526337, 0.040601599216461184], "candidate": [0.04085760116577149, 0.0409855991601944, 0.04080640077590943, 0.040934398770332336]}, "median_ms": {"baseline": 0.04089599996805191, "candidate": 0.04089599996805191}, "baseline_over_candidate": 1.0}
{"case": {"B": 4, "SEQ_LEN": 1024, "H": 1, "HQ": 16, "D": 64, "S": 8, "block_size": 16, "is_causal": true}, "candidate": "baseline", "phase": "compile_correctness"}
{"case": {"B": 4, "SEQ_LEN": 1024, "H": 1, "HQ": 16, "D": 64, "S": 8, "block_size": 16, "is_causal": true}, "candidate": "candidate", "phase": "compile_correctness"}
2026-09-07 10:16:09  [TileLang:tilelang.cache.kernel_cache:WARNING] (kernel_cache.py:342): Found kernel 'kernel' in memory cache. For better performance, consider using `@tilelang.jit` instead of direct kernel caching.
{"case": {"B": 4, "SEQ_LEN": 1024, "H": 1, "HQ": 16, "D": 64, "S": 8, "block_size": 16, "is_causal": true}, "seed": 359, "status": "PASS", "call_event_ms": {"baseline": [0.12385280132293701, 0.12328959703445434, 0.1235200047492981, 0.12339199781417846], "candidate": [0.1235967993736267, 0.12313599586486816, 0.12344319820404052, 0.1233407974243164]}, "median_ms": {"baseline": 0.12345600128173828, "candidate": 0.12339199781417846}, "baseline_over_candidate": 1.000518700310341}
{"case": {"B": 1, "SEQ_LEN": 1024, "H": 1, "HQ": 16, "D": 128, "S": 1, "block_size": 32, "is_causal": true}, "candidate": "baseline", "phase": "compile_correctness"}
{"case": {"B": 1, "SEQ_LEN": 1024, "H": 1, "HQ": 16, "D": 128, "S": 1, "block_size": 32, "is_causal": true}, "candidate": "candidate", "phase": "compile_correctness"}
2026-09-07 10:16:09  [TileLang:tilelang.jit.kernel:INFO] (kernel.py:129): TileLang begins to compile kernel `kernel` with `out_idx=None`
2026-09-07 10:16:13  [TileLang:tilelang.jit.kernel:INFO] (kernel.py:137): TileLang completes to compile kernel `kernel`
{"case": {"B": 1, "SEQ_LEN": 1024, "H": 1, "HQ": 16, "D": 128, "S": 1, "block_size": 32, "is_causal": true}, "seed": 359, "status": "PASS", "call_event_ms": {"baseline": [0.025830399990081788, 0.023526400327682495, 0.02378239929676056, 0.023756800591945647], "candidate": [0.027775999903678895, 0.027724799513816834, 0.027289599180221558, 0.027212798595428467]}, "median_ms": {"baseline": 0.023769599944353105, "candidate": 0.027507199347019194}, "baseline_over_candidate": 0.8641228663262255}
{"case": {"B": 2, "SEQ_LEN": 1024, "H": 1, "HQ": 16, "D": 128, "S": 1, "block_size": 32, "is_causal": true}, "candidate": "baseline", "phase": "compile_correctness"}
{"case": {"B": 2, "SEQ_LEN": 1024, "H": 1, "HQ": 16, "D": 128, "S": 1, "block_size": 32, "is_causal": true}, "candidate": "candidate", "phase": "compile_correctness"}
{"case": {"B": 2, "SEQ_LEN": 1024, "H": 1, "HQ": 16, "D": 128, "S": 1, "block_size": 32, "is_causal": true}, "seed": 359, "status": "PASS", "call_event_ms": {"baseline": [0.04500479996204376, 0.04413439929485321, 0.04418559968471527, 0.043724799156188966], "candidate": [0.0347135990858078, 0.034585601091384886, 0.034457600116729735, 0.034508800506591795]}, "median_ms": {"baseline": 0.04415999948978424, "candidate": 0.03454720079898834}, "baseline_over_candidate": 1.278251159818349}
{"case": {"B": 4, "SEQ_LEN": 512, "H": 1, "HQ": 16, "D": 128, "S": 1, "block_size": 32, "is_causal": true}, "candidate": "baseline", "phase": "compile_correctness"}
{"case": {"B": 4, "SEQ_LEN": 512, "H": 1, "HQ": 16, "D": 128, "S": 1, "block_size": 32, "is_causal": true}, "candidate": "candidate", "phase": "compile_correctness"}
{"case": {"B": 4, "SEQ_LEN": 512, "H": 1, "HQ": 16, "D": 128, "S": 1, "block_size": 32, "is_causal": true}, "seed": 359, "status": "PASS", "call_event_ms": {"baseline": [0.0444927990436554, 0.043699198961257936, 0.043699198961257936, 0.04395520091056824], "candidate": [0.035071998834609985, 0.03468799889087677, 0.03463680148124695, 0.034790399670600894]}, "median_ms": {"baseline": 0.04382719993591309, "candidate": 0.03473919928073883}, "baseline_over_candidate": 1.261606509169401}
{"case": {"B": 8, "SEQ_LEN": 256, "H": 1, "HQ": 16, "D": 128, "S": 1, "block_size": 32, "is_causal": true}, "candidate": "baseline", "phase": "compile_correctness"}
{"case": {"B": 8, "SEQ_LEN": 256, "H": 1, "HQ": 16, "D": 128, "S": 1, "block_size": 32, "is_causal": true}, "candidate": "candidate", "phase": "compile_correctness"}
{"case": {"B": 8, "SEQ_LEN": 256, "H": 1, "HQ": 16, "D": 128, "S": 1, "block_size": 32, "is_causal": true}, "seed": 359, "status": "PASS", "call_event_ms": {"baseline": [0.046540799736976626, 0.045977601408958436, 0.045440000295639035, 0.04564479887485504], "candidate": [0.0354559987783432, 0.03532800078392029, 0.03522560000419617, 0.03548159897327423]}, "median_ms": {"baseline": 0.04581120014190674, "candidate": 0.03539199978113174}, "baseline_over_candidate": 1.2943942253958112}
{"case": {"B": 1, "SEQ_LEN": 2048, "H": 1, "HQ": 16, "D": 32, "S": 1, "block_size": 16, "is_causal": true}, "candidate": "baseline", "phase": "compile_correctness"}
{"case": {"B": 1, "SEQ_LEN": 2048, "H": 1, "HQ": 16, "D": 32, "S": 1, "block_size": 16, "is_causal": true}, "candidate": "candidate", "phase": "compile_correctness"}
2026-09-07 10:16:14  [TileLang:tilelang.cache.kernel_cache:WARNING] (kernel_cache.py:342): Found kernel 'kernel' in memory cache. For better performance, consider using `@tilelang.jit` instead of direct kernel caching.
{"case": {"B": 1, "SEQ_LEN": 2048, "H": 1, "HQ": 16, "D": 32, "S": 1, "block_size": 16, "is_causal": true}, "seed": 359, "status": "PASS", "call_event_ms": {"baseline": [0.011699199676513672, 0.010982400178909302, 0.010623999685049058, 0.010444799810647965], "candidate": [0.011059200018644333, 0.010700800269842149, 0.010751999914646149, 0.010598400235176086]}, "median_ms": {"baseline": 0.01080319993197918, "candidate": 0.010726400092244149}, "baseline_over_candidate": 1.007159889531863}
{"case": {"B": 4, "SEQ_LEN": 2048, "H": 1, "HQ": 16, "D": 32, "S": 1, "block_size": 16, "is_causal": true}, "candidate": "baseline", "phase": "compile_correctness"}
{"case": {"B": 4, "SEQ_LEN": 2048, "H": 1, "HQ": 16, "D": 32, "S": 1, "block_size": 16, "is_causal": true}, "candidate": "candidate", "phase": "compile_correctness"}
{"case": {"B": 4, "SEQ_LEN": 2048, "H": 1, "HQ": 16, "D": 32, "S": 1, "block_size": 16, "is_causal": true}, "seed": 359, "status": "PASS", "call_event_ms": {"baseline": [0.024985599517822265, 0.024294400215148927, 0.024294400215148927, 0.024268800020217897], "candidate": [0.023603199422359465, 0.023321600258350374, 0.023321600258350374, 0.023449599742889404]}, "median_ms": {"baseline": 0.024294400215148927, "candidate": 0.02338560000061989}, "baseline_over_candidate": 1.038861530792665}
{"case": {"B": 8, "SEQ_LEN": 2048, "H": 1, "HQ": 16, "D": 32, "S": 1, "block_size": 16, "is_causal": true}, "candidate": "baseline", "phase": "compile_correctness"}
{"case": {"B": 8, "SEQ_LEN": 2048, "H": 1, "HQ": 16, "D": 32, "S": 1, "block_size": 16, "is_causal": true}, "candidate": "candidate", "phase": "compile_correctness"}
{"case": {"B": 8, "SEQ_LEN": 2048, "H": 1, "HQ": 16, "D": 32, "S": 1, "block_size": 16, "is_causal": true}, "seed": 359, "status": "PASS", "call_event_ms": {"baseline": [0.04136959910392761, 0.040703999996185306, 0.040652799606323245, 0.04101119935512543], "candidate": [0.039552000164985654, 0.040038400888442995, 0.03932160139083862, 0.039577600359916684]}, "median_ms": {"baseline": 0.040857599675655366, "candidate": 0.03956480026245117}, "baseline_over_candidate": 1.0326754944958265}
{"case": {"B": 1, "SEQ_LEN": 48, "H": 1, "HQ": 16, "D": 32, "S": 1, "block_size": 16, "is_causal": true}, "candidate": "baseline", "phase": "compile_correctness"}
{"case": {"B": 1, "SEQ_LEN": 48, "H": 1, "HQ": 16, "D": 32, "S": 1, "block_size": 16, "is_causal": true}, "candidate": "candidate", "phase": "compile_correctness"}
2026-09-07 10:16:15  [TileLang:tilelang.cache.kernel_cache:WARNING] (kernel_cache.py:342): Found kernel 'kernel' in memory cache. For better performance, consider using `@tilelang.jit` instead of direct kernel caching.
{"case": {"B": 1, "SEQ_LEN": 48, "H": 1, "HQ": 16, "D": 32, "S": 1, "block_size": 16, "is_causal": true}, "seed": 359, "status": "PASS", "call_event_ms": {"baseline": [0.011443199962377549, 0.010649599879980088, 0.010393600165843963, 0.010751999914646149], "candidate": [0.010623999685049058, 0.010547199845314026, 0.010393600165843963, 0.010470400005578995]}, "median_ms": {"baseline": 0.010700799897313118, "candidate": 0.01050879992544651}, "baseline_over_candidate": 1.0182703994013331}
{"case": {"B": 2, "SEQ_LEN": 48, "H": 1, "HQ": 16, "D": 32, "S": 1, "block_size": 16, "is_causal": true}, "candidate": "baseline", "phase": "compile_correctness"}
{"case": {"B": 2, "SEQ_LEN": 48, "H": 1, "HQ": 16, "D": 32, "S": 1, "block_size": 16, "is_causal": true}, "candidate": "candidate", "phase": "compile_correctness"}
2026-09-07 10:16:15  [TileLang:tilelang.cache.kernel_cache:WARNING] (kernel_cache.py:342): Found kernel 'kernel' in memory cache. For better performance, consider using `@tilelang.jit` instead of direct kernel caching.
{"case": {"B": 2, "SEQ_LEN": 48, "H": 1, "HQ": 16, "D": 32, "S": 1, "block_size": 16, "is_causal": true}, "seed": 359, "status": "PASS", "call_event_ms": {"baseline": [0.01154559999704361, 0.010521599650382995, 0.010623999685049058, 0.010675200074911118], "candidate": [0.01088000014424324, 0.010675200074911118, 0.010572800040245056, 0.010598400235176086]}, "median_ms": {"baseline": 0.010649599879980088, "candidate": 0.010636800155043601}, "baseline_over_candidate": 1.001203343557265}
{"case": {"B": 4, "SEQ_LEN": 48, "H": 1, "HQ": 16, "D": 32, "S": 1, "block_size": 16, "is_causal": true}, "candidate": "baseline", "phase": "compile_correctness"}
{"case": {"B": 4, "SEQ_LEN": 48, "H": 1, "HQ": 16, "D": 32, "S": 1, "block_size": 16, "is_causal": true}, "candidate": "candidate", "phase": "compile_correctness"}
2026-09-07 10:16:16  [TileLang:tilelang.cache.kernel_cache:WARNING] (kernel_cache.py:342): Found kernel 'kernel' in memory cache. For better performance, consider using `@tilelang.jit` instead of direct kernel caching.
{"case": {"B": 4, "SEQ_LEN": 48, "H": 1, "HQ": 16, "D": 32, "S": 1, "block_size": 16, "is_causal": true}, "seed": 359, "status": "PASS", "call_event_ms": {"baseline": [0.011161600053310395, 0.010316800326108932, 0.010316800326108932, 0.010367999970912933], "candidate": [0.01080320030450821, 0.010367999970912933, 0.010367999970912933, 0.010265599936246872]}, "median_ms": {"baseline": 0.010342400148510933, "candidate": 0.010367999970912933}, "baseline_over_candidate": 0.9975308813200405}
{"case": {"B": 8, "SEQ_LEN": 48, "H": 1, "HQ": 16, "D": 32, "S": 1, "block_size": 16, "is_causal": true}, "candidate": "baseline", "phase": "compile_correctness"}
{"case": {"B": 8, "SEQ_LEN": 48, "H": 1, "HQ": 16, "D": 32, "S": 1, "block_size": 16, "is_causal": true}, "candidate": "candidate", "phase": "compile_correctness"}
2026-09-07 10:16:16  [TileLang:tilelang.cache.kernel_cache:WARNING] (kernel_cache.py:342): Found kernel 'kernel' in memory cache. For better performance, consider using `@tilelang.jit` instead of direct kernel caching.
{"case": {"B": 8, "SEQ_LEN": 48, "H": 1, "HQ": 16, "D": 32, "S": 1, "block_size": 16, "is_causal": true}, "seed": 359, "status": "PASS", "call_event_ms": {"baseline": [0.011494400352239609, 0.010675200074911118, 0.010726399719715118, 0.010367999970912933], "candidate": [0.010931199789047242, 0.010623999685049058, 0.010751999914646149, 0.010649599879980088]}, "median_ms": {"baseline": 0.010700799897313118, "candidate": 0.010700799897313118}, "baseline_over_candidate": 1.0}
{"case": {"B": 1, "SEQ_LEN": 96, "H": 1, "HQ": 16, "D": 32, "S": 1, "block_size": 16, "is_causal": true}, "candidate": "baseline", "phase": "compile_correctness"}
{"case": {"B": 1, "SEQ_LEN": 96, "H": 1, "HQ": 16, "D": 32, "S": 1, "block_size": 16, "is_causal": true}, "candidate": "candidate", "phase": "compile_correctness"}
2026-09-07 10:16:16  [TileLang:tilelang.cache.kernel_cache:WARNING] (kernel_cache.py:342): Found kernel 'kernel' in memory cache. For better performance, consider using `@tilelang.jit` instead of direct kernel caching.
{"case": {"B": 1, "SEQ_LEN": 96, "H": 1, "HQ": 16, "D": 32, "S": 1, "block_size": 16, "is_causal": true}, "seed": 359, "status": "PASS", "call_event_ms": {"baseline": [0.011392000317573547, 0.010393600165843963, 0.010291200131177902, 0.010470400005578995], "candidate": [0.01080320030450821, 0.010470400005578995, 0.010649599879980088, 0.010291200131177902]}, "median_ms": {"baseline": 0.01043200008571148, "candidate": 0.010559999942779542}, "baseline_over_candidate": 0.9878788013483293}
{"case": {"B": 2, "SEQ_LEN": 96, "H": 1, "HQ": 16, "D": 32, "S": 1, "block_size": 16, "is_causal": true}, "candidate": "baseline", "phase": "compile_correctness"}
{"case": {"B": 2, "SEQ_LEN": 96, "H": 1, "HQ": 16, "D": 32, "S": 1, "block_size": 16, "is_causal": true}, "candidate": "candidate", "phase": "compile_correctness"}
2026-09-07 10:16:16  [TileLang:tilelang.cache.kernel_cache:WARNING] (kernel_cache.py:342): Found kernel 'kernel' in memory cache. For better performance, consider using `@tilelang.jit` instead of direct kernel caching.
{"case": {"B": 2, "SEQ_LEN": 96, "H": 1, "HQ": 16, "D": 32, "S": 1, "block_size": 16, "is_causal": true}, "seed": 359, "status": "PASS", "call_event_ms": {"baseline": [0.013465599715709686, 0.012748800218105316, 0.012646399438381195, 0.012544000148773193], "candidate": [0.013107199966907502, 0.012646399438381195, 0.012723200023174286, 0.012748800218105316]}, "median_ms": {"baseline": 0.012697599828243256, "candidate": 0.012736000120639801}, "baseline_over_candidate": 0.9969849016934041}
{"case": {"B": 4, "SEQ_LEN": 96, "H": 1, "HQ": 16, "D": 32, "S": 1, "block_size": 16, "is_causal": true}, "candidate": "baseline", "phase": "compile_correctness"}
{"case": {"B": 4, "SEQ_LEN": 96, "H": 1, "HQ": 16, "D": 32, "S": 1, "block_size": 16, "is_causal": true}, "candidate": "candidate", "phase": "compile_correctness"}
2026-09-07 10:16:16  [TileLang:tilelang.cache.kernel_cache:WARNING] (kernel_cache.py:342): Found kernel 'kernel' in memory cache. For better performance, consider using `@tilelang.jit` instead of direct kernel caching.
{"case": {"B": 4, "SEQ_LEN": 96, "H": 1, "HQ": 16, "D": 32, "S": 1, "block_size": 16, "is_causal": true}, "seed": 359, "status": "PASS", "call_event_ms": {"baseline": [0.011392000317573547, 0.010367999970912933, 0.010547199845314026, 0.09277439713478089], "candidate": [0.010777600109577179, 0.010598400235176086, 0.010700800269842149, 0.014771200716495514]}, "median_ms": {"baseline": 0.010969600081443785, "candidate": 0.010739200189709664}, "baseline_over_candidate": 1.0214541015777778}
{"case": {"B": 8, "SEQ_LEN": 96, "H": 1, "HQ": 16, "D": 32, "S": 1, "block_size": 16, "is_causal": true}, "candidate": "baseline", "phase": "compile_correctness"}
{"case": {"B": 8, "SEQ_LEN": 96, "H": 1, "HQ": 16, "D": 32, "S": 1, "block_size": 16, "is_causal": true}, "candidate": "candidate", "phase": "compile_correctness"}
2026-09-07 10:16:17  [TileLang:tilelang.cache.kernel_cache:WARNING] (kernel_cache.py:342): Found kernel 'kernel' in memory cache. For better performance, consider using `@tilelang.jit` instead of direct kernel caching.
{"case": {"B": 8, "SEQ_LEN": 96, "H": 1, "HQ": 16, "D": 32, "S": 1, "block_size": 16, "is_causal": true}, "seed": 359, "status": "PASS", "call_event_ms": {"baseline": [0.011315199732780456, 0.010547199845314026, 0.010265599936246872, 0.010214400291442872], "candidate": [0.01088000014424324, 0.010496000200510025, 0.011673600226640702, 0.010444799810647965]}, "median_ms": {"baseline": 0.01040639989078045, "candidate": 0.010688000172376633}, "baseline_over_candidate": 0.9736526686887613}
{"case": {"B": 1, "SEQ_LEN": 4096, "H": 1, "HQ": 16, "D": 64, "S": 1, "block_size": 16, "is_causal": true}, "candidate": "baseline", "phase": "compile_correctness"}
{"case": {"B": 1, "SEQ_LEN": 4096, "H": 1, "HQ": 16, "D": 64, "S": 1, "block_size": 16, "is_causal": true}, "candidate": "candidate", "phase": "compile_correctness"}
2026-09-07 10:16:17  [TileLang:tilelang.cache.kernel_cache:WARNING] (kernel_cache.py:342): Found kernel 'kernel' in memory cache. For better performance, consider using `@tilelang.jit` instead of direct kernel caching.
{"case": {"B": 1, "SEQ_LEN": 4096, "H": 1, "HQ": 16, "D": 64, "S": 1, "block_size": 16, "is_causal": true}, "seed": 359, "status": "PASS", "call_event_ms": {"baseline": [0.029209598898887634, 0.029516801238059998, 0.02913280129432678, 0.02964479923248291], "candidate": [0.029542401432991028, 0.029747200012207032, 0.029824000597000123, 0.030028799176216127]}, "median_ms": {"baseline": 0.029363200068473816, "candidate": 0.029785600304603577}, "baseline_over_candidate": 0.9858186428404978}
{"case": {"B": 1, "SEQ_LEN": 4096, "H": 1, "HQ": 16, "D": 128, "S": 1, "block_size": 16, "is_causal": true}, "candidate": "baseline", "phase": "compile_correctness"}
{"case": {"B": 1, "SEQ_LEN": 4096, "H": 1, "HQ": 16, "D": 128, "S": 1, "block_size": 16, "is_causal": true}, "candidate": "candidate", "phase": "compile_correctness"}
2026-09-07 10:16:17  [TileLang:tilelang.jit.kernel:INFO] (kernel.py:129): TileLang begins to compile kernel `kernel` with `out_idx=None`
2026-09-07 10:16:21  [TileLang:tilelang.jit.kernel:INFO] (kernel.py:137): TileLang completes to compile kernel `kernel`
{"case": {"B": 1, "SEQ_LEN": 4096, "H": 1, "HQ": 16, "D": 128, "S": 1, "block_size": 16, "is_causal": true}, "seed": 359, "status": "PASS", "call_event_ms": {"baseline": [0.059673601388931276, 0.056704002618789676, 0.056831997632980344, 0.056652802228927615], "candidate": [0.04991999864578247, 0.04935680031776428, 0.04958719909191132, 0.0494592010974884]}, "median_ms": {"baseline": 0.05676800012588501, "candidate": 0.04952320009469986}, "baseline_over_candidate": 1.1462910316241965}
{"case": {"B": 2, "SEQ_LEN": 4096, "H": 1, "HQ": 16, "D": 64, "S": 1, "block_size": 16, "is_causal": true}, "candidate": "baseline", "phase": "compile_correctness"}
{"case": {"B": 2, "SEQ_LEN": 4096, "H": 1, "HQ": 16, "D": 64, "S": 1, "block_size": 16, "is_causal": true}, "candidate": "candidate", "phase": "compile_correctness"}
2026-09-07 10:16:22  [TileLang:tilelang.cache.kernel_cache:WARNING] (kernel_cache.py:342): Found kernel 'kernel' in memory cache. For better performance, consider using `@tilelang.jit` instead of direct kernel caching.
{"case": {"B": 2, "SEQ_LEN": 4096, "H": 1, "HQ": 16, "D": 64, "S": 1, "block_size": 16, "is_causal": true}, "seed": 359, "status": "PASS", "call_event_ms": {"baseline": [0.05004799962043762, 0.05004799962043762, 0.05027840137481689, 0.04989440143108368], "candidate": [0.05017600059509277, 0.04976640045642853, 0.04943360090255737, 0.04961279928684235]}, "median_ms": {"baseline": 0.05004799962043762, "candidate": 0.04968959987163544}, "baseline_over_candidate": 1.0072127718824069}
{"case": {"B": 4, "SEQ_LEN": 4096, "H": 1, "HQ": 16, "D": 64, "S": 1, "block_size": 16, "is_causal": true}, "candidate": "baseline", "phase": "compile_correctness"}
{"case": {"B": 4, "SEQ_LEN": 4096, "H": 1, "HQ": 16, "D": 64, "S": 1, "block_size": 16, "is_causal": true}, "candidate": "candidate", "phase": "compile_correctness"}
2026-09-07 10:16:22  [TileLang:tilelang.cache.kernel_cache:WARNING] (kernel_cache.py:342): Found kernel 'kernel' in memory cache. For better performance, consider using `@tilelang.jit` instead of direct kernel caching.
{"case": {"B": 4, "SEQ_LEN": 4096, "H": 1, "HQ": 16, "D": 64, "S": 1, "block_size": 16, "is_causal": true}, "seed": 359, "status": "PASS", "call_event_ms": {"baseline": [0.08972799777984619, 0.08906239867210389, 0.0899071991443634, 0.08970239758491516], "candidate": [0.08872960209846496, 0.08860160112380981, 0.0892416000366211, 0.08865280151367187]}, "median_ms": {"baseline": 0.08971519768238068, "candidate": 0.08869120180606842}, "baseline_over_candidate": 1.0115456308569515}
{"case": {"B": 8, "SEQ_LEN": 4096, "H": 1, "HQ": 16, "D": 64, "S": 1, "block_size": 16, "is_causal": true}, "candidate": "baseline", "phase": "compile_correctness"}
{"case": {"B": 8, "SEQ_LEN": 4096, "H": 1, "HQ": 16, "D": 64, "S": 1, "block_size": 16, "is_causal": true}, "candidate": "candidate", "phase": "compile_correctness"}
2026-09-07 10:16:23  [TileLang:tilelang.cache.kernel_cache:WARNING] (kernel_cache.py:342): Found kernel 'kernel' in memory cache. For better performance, consider using `@tilelang.jit` instead of direct kernel caching.
{"case": {"B": 8, "SEQ_LEN": 4096, "H": 1, "HQ": 16, "D": 64, "S": 1, "block_size": 16, "is_causal": true}, "seed": 359, "status": "PASS", "call_event_ms": {"baseline": [0.1684991955757141, 0.16747519969940186, 0.1689087986946106, 0.16929279565811156], "candidate": [0.16660480499267577, 0.16980479955673217, 0.16770559549331665, 0.1690111994743347]}, "median_ms": {"baseline": 0.16870399713516235, "candidate": 0.1683583974838257}, "baseline_over_candidate": 1.0020527615877899}
{"case": {"B": 1, "SEQ_LEN": 8192, "H": 1, "HQ": 16, "D": 64, "S": 1, "block_size": 16, "is_causal": true}, "candidate": "baseline", "phase": "compile_correctness"}
{"case": {"B": 1, "SEQ_LEN": 8192, "H": 1, "HQ": 16, "D": 64, "S": 1, "block_size": 16, "is_causal": true}, "candidate": "candidate", "phase": "compile_correctness"}
2026-09-07 10:16:23  [TileLang:tilelang.cache.kernel_cache:WARNING] (kernel_cache.py:342): Found kernel 'kernel' in memory cache. For better performance, consider using `@tilelang.jit` instead of direct kernel caching.
{"case": {"B": 1, "SEQ_LEN": 8192, "H": 1, "HQ": 16, "D": 64, "S": 1, "block_size": 16, "is_causal": true}, "seed": 359, "status": "PASS", "call_event_ms": {"baseline": [0.04986880123615265, 0.0494592010974884, 0.0492031991481781, 0.04956159889698029], "candidate": [0.04961279928684235, 0.04981760084629059, 0.04986880123615265, 0.04979200065135956]}, "median_ms": {"baseline": 0.04951039999723435, "candidate": 0.049804800748825075}, "baseline_over_candidate": 0.9940889081541467}
{"case": {"B": 1, "SEQ_LEN": 8192, "H": 1, "HQ": 16, "D": 128, "S": 1, "block_size": 16, "is_causal": true}, "candidate": "baseline", "phase": "compile_correctness"}
{"case": {"B": 1, "SEQ_LEN": 8192, "H": 1, "HQ": 16, "D": 128, "S": 1, "block_size": 16, "is_causal": true}, "candidate": "candidate", "phase": "compile_correctness"}
2026-09-07 10:16:23  [TileLang:tilelang.jit.kernel:INFO] (kernel.py:129): TileLang begins to compile kernel `kernel` with `out_idx=None`
2026-09-07 10:16:27  [TileLang:tilelang.jit.kernel:INFO] (kernel.py:137): TileLang completes to compile kernel `kernel`
{"case": {"B": 1, "SEQ_LEN": 8192, "H": 1, "HQ": 16, "D": 128, "S": 1, "block_size": 16, "is_causal": true}, "seed": 359, "status": "PASS", "call_event_ms": {"baseline": [0.10542080402374268, 0.10426880121231079, 0.10240000486373901, 0.10224640369415283], "candidate": [0.0932096004486084, 0.09254400134086609, 0.09292799830436707, 0.09259520173072815]}, "median_ms": {"baseline": 0.10333440303802491, "candidate": 0.0927616000175476}, "baseline_over_candidate": 1.1139782304151422}
{"case": {"B": 2, "SEQ_LEN": 8192, "H": 1, "HQ": 16, "D": 64, "S": 1, "block_size": 16, "is_causal": true}, "candidate": "baseline", "phase": "compile_correctness"}
{"case": {"B": 2, "SEQ_LEN": 8192, "H": 1, "HQ": 16, "D": 64, "S": 1, "block_size": 16, "is_causal": true}, "candidate": "candidate", "phase": "compile_correctness"}
2026-09-07 10:16:28  [TileLang:tilelang.cache.kernel_cache:WARNING] (kernel_cache.py:342): Found kernel 'kernel' in memory cache. For better performance, consider using `@tilelang.jit` instead of direct kernel caching.
{"case": {"B": 2, "SEQ_LEN": 8192, "H": 1, "HQ": 16, "D": 64, "S": 1, "block_size": 16, "is_causal": true}, "seed": 359, "status": "PASS", "call_event_ms": {"baseline": [0.08939520120620728, 0.08931840062141419, 0.08870400190353393, 0.08911359906196595], "candidate": [0.08954880237579346, 0.08878080248832702, 0.08934400081634522, 0.08913919925689698]}, "median_ms": {"baseline": 0.08921599984169007, "candidate": 0.0892416000366211}, "baseline_over_candidate": 0.9997131360831661}
{"case": {"B": 4, "SEQ_LEN": 8192, "H": 1, "HQ": 16, "D": 32, "S": 1, "block_size": 16, "is_causal": true}, "candidate": "baseline", "phase": "compile_correctness"}
{"case": {"B": 4, "SEQ_LEN": 8192, "H": 1, "HQ": 16, "D": 32, "S": 1, "block_size": 16, "is_causal": true}, "candidate": "candidate", "phase": "compile_correctness"}
{"case": {"B": 4, "SEQ_LEN": 8192, "H": 1, "HQ": 16, "D": 32, "S": 1, "block_size": 16, "is_causal": true}, "seed": 359, "status": "PASS", "call_event_ms": {"baseline": [0.07557119727134705, 0.07470080256462097, 0.07452160120010376, 0.07444480061531067], "candidate": [0.07114239931106567, 0.07088639736175537, 0.07272959947586059, 0.07111679911613464]}, "median_ms": {"baseline": 0.07461120188236237, "candidate": 0.07112959921360015}, "baseline_over_candidate": 1.0489473117697046}
{"case": {"B": 1, "SEQ_LEN": 16384, "H": 1, "HQ": 16, "D": 32, "S": 1, "block_size": 16, "is_causal": true}, "candidate": "baseline", "phase": "compile_correctness"}
{"case": {"B": 1, "SEQ_LEN": 16384, "H": 1, "HQ": 16, "D": 32, "S": 1, "block_size": 16, "is_causal": true}, "candidate": "candidate", "phase": "compile_correctness"}
{"case": {"B": 1, "SEQ_LEN": 16384, "H": 1, "HQ": 16, "D": 32, "S": 1, "block_size": 16, "is_causal": true}, "seed": 359, "status": "PASS", "call_event_ms": {"baseline": [0.04195840060710907, 0.0412416011095047, 0.04131839871406555, 0.04190720021724701], "candidate": [0.039705601334571836, 0.03934719860553741, 0.03919360041618347, 0.039705601334571836]}, "median_ms": {"baseline": 0.04161279946565628, "candidate": 0.039526399970054624}, "baseline_over_candidate": 1.0527849613722051}
{"case": {"B": 1, "SEQ_LEN": 16384, "H": 1, "HQ": 16, "D": 64, "S": 1, "block_size": 16, "is_causal": true}, "candidate": "baseline", "phase": "compile_correctness"}
{"case": {"B": 1, "SEQ_LEN": 16384, "H": 1, "HQ": 16, "D": 64, "S": 1, "block_size": 16, "is_causal": true}, "candidate": "candidate", "phase": "compile_correctness"}
2026-09-07 10:16:30  [TileLang:tilelang.cache.kernel_cache:WARNING] (kernel_cache.py:342): Found kernel 'kernel' in memory cache. For better performance, consider using `@tilelang.jit` instead of direct kernel caching.
{"case": {"B": 1, "SEQ_LEN": 16384, "H": 1, "HQ": 16, "D": 64, "S": 1, "block_size": 16, "is_causal": true}, "seed": 359, "status": "PASS", "call_event_ms": {"baseline": [0.09277439713478089, 0.09292799830436707, 0.091212797164917, 0.09195520281791687], "candidate": [0.09134079813957215, 0.09205759763717651, 0.09187840223312378, 0.09085440039634704]}, "median_ms": {"baseline": 0.09236479997634889, "candidate": 0.09160960018634796}, "baseline_over_candidate": 1.0082436752094184}
{"case": {"B": 2, "SEQ_LEN": 16384, "H": 1, "HQ": 16, "D": 32, "S": 1, "block_size": 16, "is_causal": true}, "candidate": "baseline", "phase": "compile_correctness"}
{"case": {"B": 2, "SEQ_LEN": 16384, "H": 1, "HQ": 16, "D": 32, "S": 1, "block_size": 16, "is_causal": true}, "candidate": "candidate", "phase": "compile_correctness"}
{"case": {"B": 2, "SEQ_LEN": 16384, "H": 1, "HQ": 16, "D": 32, "S": 1, "block_size": 16, "is_causal": true}, "seed": 359, "status": "PASS", "call_event_ms": {"baseline": [0.07567359805107117, 0.0756991982460022, 0.07503359913825988, 0.07495679855346679], "candidate": [0.07170559763908387, 0.07167999744415283, 0.07260159850120544, 0.07150080204010009]}, "median_ms": {"baseline": 0.07535359859466553, "candidate": 0.07169279754161835}, "baseline_over_candidate": 1.0510623267410097}
