Loading tilelang libs from dev root: /opt/tilelang-metax-v0.1.10/build
{"case": {"B": 1, "SEQ_LEN": 64, "H": 1, "HQ": 16, "D": 32, "S": 1, "block_size": 16, "is_causal": true}, "candidate": "baseline", "phase": "compile_correctness"}
{"case": {"B": 1, "SEQ_LEN": 64, "H": 1, "HQ": 16, "D": 32, "S": 1, "block_size": 16, "is_causal": true}, "candidate": "candidate", "phase": "compile_correctness"}
2026-09-07 10:09:14  [TileLang:tilelang.cache.kernel_cache:WARNING] (kernel_cache.py:342): Found kernel 'kernel' in memory cache. For better performance, consider using `@tilelang.jit` instead of direct kernel caching.
{"case": {"B": 1, "SEQ_LEN": 64, "H": 1, "HQ": 16, "D": 32, "S": 1, "block_size": 16, "is_causal": true}, "seed": 355, "status": "PASS", "call_event_ms": {"baseline": [0.01231359988451004, 0.010623999685049058, 0.010623999685049058, 0.010828799754381179], "candidate": [0.012006399780511856, 0.01090560033917427, 0.011135999858379365, 0.010623999685049058]}, "median_ms": {"baseline": 0.010726399719715118, "candidate": 0.011020800098776817}, "baseline_over_candidate": 0.9732868415702074}
{"case": {"B": 1, "SEQ_LEN": 64, "H": 1, "HQ": 16, "D": 64, "S": 1, "block_size": 16, "is_causal": true}, "candidate": "baseline", "phase": "compile_correctness"}
{"case": {"B": 1, "SEQ_LEN": 64, "H": 1, "HQ": 16, "D": 64, "S": 1, "block_size": 16, "is_causal": true}, "candidate": "candidate", "phase": "compile_correctness"}
2026-09-07 10:09:14  [TileLang:tilelang.cache.kernel_cache:WARNING] (kernel_cache.py:342): Found kernel 'kernel' in memory cache. For better performance, consider using `@tilelang.jit` instead of direct kernel caching.
{"case": {"B": 1, "SEQ_LEN": 64, "H": 1, "HQ": 16, "D": 64, "S": 1, "block_size": 16, "is_causal": true}, "seed": 355, "status": "PASS", "call_event_ms": {"baseline": [0.011724799871444702, 0.010700800269842149, 0.010777600109577179, 0.012031999975442886], "candidate": [0.011033599823713302, 0.011007999628782272, 0.010623999685049058, 0.01157120019197464]}, "median_ms": {"baseline": 0.01125119999051094, "candidate": 0.011020799726247787}, "baseline_over_candidate": 1.0209059478428248}
{"case": {"B": 1, "SEQ_LEN": 64, "H": 1, "HQ": 16, "D": 128, "S": 1, "block_size": 16, "is_causal": true}, "candidate": "baseline", "phase": "compile_correctness"}
{"case": {"B": 1, "SEQ_LEN": 64, "H": 1, "HQ": 16, "D": 128, "S": 1, "block_size": 16, "is_causal": true}, "candidate": "candidate", "phase": "compile_correctness"}
{"case": {"B": 1, "SEQ_LEN": 64, "H": 1, "HQ": 16, "D": 128, "S": 1, "block_size": 16, "is_causal": true}, "seed": 355, "status": "PASS", "call_event_ms": {"baseline": [0.014361600577831268, 0.01228799968957901, 0.012211199849843979, 0.012160000205039979], "candidate": [0.012595200538635254, 0.012211199849843979, 0.011980800330638886, 0.012083200365304947]}, "median_ms": {"baseline": 0.012249599769711494, "candidate": 0.012147200107574464}, "baseline_over_candidate": 1.0084298983494293}
{"case": {"B": 1, "SEQ_LEN": 128, "H": 1, "HQ": 16, "D": 32, "S": 1, "block_size": 16, "is_causal": true}, "candidate": "baseline", "phase": "compile_correctness"}
{"case": {"B": 1, "SEQ_LEN": 128, "H": 1, "HQ": 16, "D": 32, "S": 1, "block_size": 16, "is_causal": true}, "candidate": "candidate", "phase": "compile_correctness"}
2026-09-07 10:09:15  [TileLang:tilelang.cache.kernel_cache:WARNING] (kernel_cache.py:342): Found kernel 'kernel' in memory cache. For better performance, consider using `@tilelang.jit` instead of direct kernel caching.
{"case": {"B": 1, "SEQ_LEN": 128, "H": 1, "HQ": 16, "D": 32, "S": 1, "block_size": 16, "is_causal": true}, "seed": 355, "status": "PASS", "call_event_ms": {"baseline": [0.01377280056476593, 0.012211199849843979, 0.012928000092506409, 0.012006399780511856], "candidate": [0.012441600114107132, 0.01223680004477501, 0.012134400010108948, 0.012057600170373916]}, "median_ms": {"baseline": 0.012569599971175193, "candidate": 0.012185600027441979}, "baseline_over_candidate": 1.0315126003535686}
{"case": {"B": 1, "SEQ_LEN": 128, "H": 1, "HQ": 16, "D": 64, "S": 1, "block_size": 16, "is_causal": true}, "candidate": "baseline", "phase": "compile_correctness"}
{"case": {"B": 1, "SEQ_LEN": 128, "H": 1, "HQ": 16, "D": 64, "S": 1, "block_size": 16, "is_causal": true}, "candidate": "candidate", "phase": "compile_correctness"}
2026-09-07 10:09:15  [TileLang:tilelang.cache.kernel_cache:WARNING] (kernel_cache.py:342): Found kernel 'kernel' in memory cache. For better performance, consider using `@tilelang.jit` instead of direct kernel caching.
{"case": {"B": 1, "SEQ_LEN": 128, "H": 1, "HQ": 16, "D": 64, "S": 1, "block_size": 16, "is_causal": true}, "seed": 355, "status": "PASS", "call_event_ms": {"baseline": [0.013593600690364837, 0.012108799815177918, 0.012031999975442886, 0.011903999745845795], "candidate": [0.012697599828243256, 0.012134400010108948, 0.012083200365304947, 0.011955200135707856]}, "median_ms": {"baseline": 0.012070399895310401, "candidate": 0.012108800187706947}, "baseline_over_candidate": 0.9968287285444243}
{"case": {"B": 1, "SEQ_LEN": 128, "H": 1, "HQ": 16, "D": 128, "S": 1, "block_size": 16, "is_causal": true}, "candidate": "baseline", "phase": "compile_correctness"}
{"case": {"B": 1, "SEQ_LEN": 128, "H": 1, "HQ": 16, "D": 128, "S": 1, "block_size": 16, "is_causal": true}, "candidate": "candidate", "phase": "compile_correctness"}
{"case": {"B": 1, "SEQ_LEN": 128, "H": 1, "HQ": 16, "D": 128, "S": 1, "block_size": 16, "is_causal": true}, "seed": 355, "status": "PASS", "call_event_ms": {"baseline": [0.013952000439167023, 0.012057600170373916, 0.011929599940776825, 0.012006399780511856], "candidate": [0.012441600114107132, 0.012057600170373916, 0.012006399780511856, 0.012057600170373916]}, "median_ms": {"baseline": 0.012031999975442886, "candidate": 0.012057600170373916}, "baseline_over_candidate": 0.9978768416128169}
{"case": {"B": 1, "SEQ_LEN": 256, "H": 1, "HQ": 16, "D": 32, "S": 1, "block_size": 16, "is_causal": true}, "candidate": "baseline", "phase": "compile_correctness"}
{"case": {"B": 1, "SEQ_LEN": 256, "H": 1, "HQ": 16, "D": 32, "S": 1, "block_size": 16, "is_causal": true}, "candidate": "candidate", "phase": "compile_correctness"}
2026-09-07 10:09:15  [TileLang:tilelang.cache.kernel_cache:WARNING] (kernel_cache.py:342): Found kernel 'kernel' in memory cache. For better performance, consider using `@tilelang.jit` instead of direct kernel caching.
{"case": {"B": 1, "SEQ_LEN": 256, "H": 1, "HQ": 16, "D": 32, "S": 1, "block_size": 16, "is_causal": true}, "seed": 355, "status": "PASS", "call_event_ms": {"baseline": [0.01372160017490387, 0.012185599654912949, 0.012031999975442886, 0.011929599940776825], "candidate": [0.012876799702644348, 0.012415999919176102, 0.012108799815177918, 0.012671999633312225]}, "median_ms": {"baseline": 0.012108799815177918, "candidate": 0.012543999776244163}, "baseline_over_candidate": 0.9653061249338966}
{"case": {"B": 1, "SEQ_LEN": 256, "H": 1, "HQ": 16, "D": 64, "S": 1, "block_size": 16, "is_causal": true}, "candidate": "baseline", "phase": "compile_correctness"}
{"case": {"B": 1, "SEQ_LEN": 256, "H": 1, "HQ": 16, "D": 64, "S": 1, "block_size": 16, "is_causal": true}, "candidate": "candidate", "phase": "compile_correctness"}
2026-09-07 10:09:16  [TileLang:tilelang.cache.kernel_cache:WARNING] (kernel_cache.py:342): Found kernel 'kernel' in memory cache. For better performance, consider using `@tilelang.jit` instead of direct kernel caching.
{"case": {"B": 1, "SEQ_LEN": 256, "H": 1, "HQ": 16, "D": 64, "S": 1, "block_size": 16, "is_causal": true}, "seed": 355, "status": "PASS", "call_event_ms": {"baseline": [0.013644799590110779, 0.012108799815177918, 0.012006399780511856, 0.011903999745845795], "candidate": [0.012620800733566284, 0.012160000205039979, 0.012031999975442886, 0.012876799702644348]}, "median_ms": {"baseline": 0.012057599797844886, "candidate": 0.01239040046930313}, "baseline_over_candidate": 0.9731404426932972}
{"case": {"B": 1, "SEQ_LEN": 256, "H": 1, "HQ": 16, "D": 128, "S": 1, "block_size": 16, "is_causal": true}, "candidate": "baseline", "phase": "compile_correctness"}
{"case": {"B": 1, "SEQ_LEN": 256, "H": 1, "HQ": 16, "D": 128, "S": 1, "block_size": 16, "is_causal": true}, "candidate": "candidate", "phase": "compile_correctness"}
{"case": {"B": 1, "SEQ_LEN": 256, "H": 1, "HQ": 16, "D": 128, "S": 1, "block_size": 16, "is_causal": true}, "seed": 355, "status": "PASS", "call_event_ms": {"baseline": [0.0123648002743721, 0.011852800101041793, 0.011699199676513672, 0.011724799871444702], "candidate": [0.010931199789047242, 0.010598400235176086, 0.010623999685049058, 0.010828799754381179]}, "median_ms": {"baseline": 0.011788799986243248, "candidate": 0.010726399719715118}, "baseline_over_candidate": 1.0990453734980097}
{"case": {"B": 1, "SEQ_LEN": 512, "H": 1, "HQ": 16, "D": 32, "S": 1, "block_size": 16, "is_causal": true}, "candidate": "baseline", "phase": "compile_correctness"}
{"case": {"B": 1, "SEQ_LEN": 512, "H": 1, "HQ": 16, "D": 32, "S": 1, "block_size": 16, "is_causal": true}, "candidate": "candidate", "phase": "compile_correctness"}
2026-09-07 10:09:16  [TileLang:tilelang.cache.kernel_cache:WARNING] (kernel_cache.py:342): Found kernel 'kernel' in memory cache. For better performance, consider using `@tilelang.jit` instead of direct kernel caching.
{"case": {"B": 1, "SEQ_LEN": 512, "H": 1, "HQ": 16, "D": 32, "S": 1, "block_size": 16, "is_causal": true}, "seed": 355, "status": "PASS", "call_event_ms": {"baseline": [0.01157120019197464, 0.010623999685049058, 0.010726399719715118, 0.010751999914646149], "candidate": [0.01085439994931221, 0.01080320030450821, 0.010777600109577179, 0.011750400066375732]}, "median_ms": {"baseline": 0.010739199817180634, "candidate": 0.01082880012691021}, "baseline_over_candidate": 0.9917257398160935}
{"case": {"B": 1, "SEQ_LEN": 512, "H": 1, "HQ": 16, "D": 64, "S": 1, "block_size": 16, "is_causal": true}, "candidate": "baseline", "phase": "compile_correctness"}
{"case": {"B": 1, "SEQ_LEN": 512, "H": 1, "HQ": 16, "D": 64, "S": 1, "block_size": 16, "is_causal": true}, "candidate": "candidate", "phase": "compile_correctness"}
2026-09-07 10:09:16  [TileLang:tilelang.cache.kernel_cache:WARNING] (kernel_cache.py:342): Found kernel 'kernel' in memory cache. For better performance, consider using `@tilelang.jit` instead of direct kernel caching.
{"case": {"B": 1, "SEQ_LEN": 512, "H": 1, "HQ": 16, "D": 64, "S": 1, "block_size": 16, "is_causal": true}, "seed": 355, "status": "PASS", "call_event_ms": {"baseline": [0.011724799871444702, 0.011212799698114395, 0.010777600109577179, 0.01080320030450821], "candidate": [0.011110399663448334, 0.010751999914646149, 0.010726399719715118, 0.011494400352239609]}, "median_ms": {"baseline": 0.011008000001311302, "candidate": 0.010931199789047242}, "baseline_over_candidate": 1.0070257806778915}
{"case": {"B": 1, "SEQ_LEN": 512, "H": 1, "HQ": 16, "D": 128, "S": 1, "block_size": 16, "is_causal": true}, "candidate": "baseline", "phase": "compile_correctness"}
{"case": {"B": 1, "SEQ_LEN": 512, "H": 1, "HQ": 16, "D": 128, "S": 1, "block_size": 16, "is_causal": true}, "candidate": "candidate", "phase": "compile_correctness"}
{"case": {"B": 1, "SEQ_LEN": 512, "H": 1, "HQ": 16, "D": 128, "S": 1, "block_size": 16, "is_causal": true}, "seed": 355, "status": "PASS", "call_event_ms": {"baseline": [0.013952000439167023, 0.013337600231170654, 0.013312000036239623, 0.013388800621032714], "candidate": [0.0123648002743721, 0.012134400010108948, 0.012108799815177918, 0.012185599654912949]}, "median_ms": {"baseline": 0.013363200426101684, "candidate": 0.012159999832510949}, "baseline_over_candidate": 1.0989474185989592}
{"case": {"B": 1, "SEQ_LEN": 1024, "H": 1, "HQ": 16, "D": 32, "S": 1, "block_size": 16, "is_causal": true}, "candidate": "baseline", "phase": "compile_correctness"}
{"case": {"B": 1, "SEQ_LEN": 1024, "H": 1, "HQ": 16, "D": 32, "S": 1, "block_size": 16, "is_causal": true}, "candidate": "candidate", "phase": "compile_correctness"}
2026-09-07 10:09:17  [TileLang:tilelang.cache.kernel_cache:WARNING] (kernel_cache.py:342): Found kernel 'kernel' in memory cache. For better performance, consider using `@tilelang.jit` instead of direct kernel caching.
{"case": {"B": 1, "SEQ_LEN": 1024, "H": 1, "HQ": 16, "D": 32, "S": 1, "block_size": 16, "is_causal": true}, "seed": 355, "status": "PASS", "call_event_ms": {"baseline": [0.01154559999704361, 0.011315199732780456, 0.011392000317573547, 0.010572800040245056], "candidate": [0.010828799754381179, 0.01157120019197464, 0.011059200018644333, 0.011878400295972823]}, "median_ms": {"baseline": 0.011353600025177001, "candidate": 0.011315200105309486}, "baseline_over_candidate": 1.0033936580449423}
{"case": {"B": 1, "SEQ_LEN": 1024, "H": 1, "HQ": 16, "D": 64, "S": 1, "block_size": 16, "is_causal": true}, "candidate": "baseline", "phase": "compile_correctness"}
{"case": {"B": 1, "SEQ_LEN": 1024, "H": 1, "HQ": 16, "D": 64, "S": 1, "block_size": 16, "is_causal": true}, "candidate": "candidate", "phase": "compile_correctness"}
2026-09-07 10:09:17  [TileLang:tilelang.cache.kernel_cache:WARNING] (kernel_cache.py:342): Found kernel 'kernel' in memory cache. For better performance, consider using `@tilelang.jit` instead of direct kernel caching.
{"case": {"B": 1, "SEQ_LEN": 1024, "H": 1, "HQ": 16, "D": 64, "S": 1, "block_size": 16, "is_causal": true}, "seed": 355, "status": "PASS", "call_event_ms": {"baseline": [0.012083200365304947, 0.01085439994931221, 0.010828799754381179, 0.01080320030450821], "candidate": [0.011238399893045425, 0.01090560033917427, 0.01085439994931221, 0.01090560033917427]}, "median_ms": {"baseline": 0.010841599851846694, "candidate": 0.01090560033917427}, "baseline_over_candidate": 0.9941314108955857}
{"case": {"B": 1, "SEQ_LEN": 1024, "H": 1, "HQ": 16, "D": 128, "S": 1, "block_size": 16, "is_causal": true}, "candidate": "baseline", "phase": "compile_correctness"}
{"case": {"B": 1, "SEQ_LEN": 1024, "H": 1, "HQ": 16, "D": 128, "S": 1, "block_size": 16, "is_causal": true}, "candidate": "candidate", "phase": "compile_correctness"}
{"case": {"B": 1, "SEQ_LEN": 1024, "H": 1, "HQ": 16, "D": 128, "S": 1, "block_size": 16, "is_causal": true}, "seed": 355, "status": "PASS", "call_event_ms": {"baseline": [0.01935359984636307, 0.018611200153827667, 0.018611200153827667, 0.018559999763965607], "candidate": [0.017049600183963776, 0.016896000504493712, 0.01676799952983856, 0.01674239933490753]}, "median_ms": {"baseline": 0.018611200153827667, "candidate": 0.016832000017166136}, "baseline_over_candidate": 1.10570343006458}
{"case": {"B": 2, "SEQ_LEN": 64, "H": 1, "HQ": 16, "D": 64, "S": 1, "block_size": 16, "is_causal": true}, "candidate": "baseline", "phase": "compile_correctness"}
{"case": {"B": 2, "SEQ_LEN": 64, "H": 1, "HQ": 16, "D": 64, "S": 1, "block_size": 16, "is_causal": true}, "candidate": "candidate", "phase": "compile_correctness"}
2026-09-07 10:09:17  [TileLang:tilelang.cache.kernel_cache:WARNING] (kernel_cache.py:342): Found kernel 'kernel' in memory cache. For better performance, consider using `@tilelang.jit` instead of direct kernel caching.
{"case": {"B": 2, "SEQ_LEN": 64, "H": 1, "HQ": 16, "D": 64, "S": 1, "block_size": 16, "is_causal": true}, "seed": 355, "status": "PASS", "call_event_ms": {"baseline": [0.011494400352239609, 0.01088000014424324, 0.010521599650382995, 0.010572800040245056], "candidate": [0.010982400178909302, 0.010700800269842149, 0.010521599650382995, 0.010700800269842149]}, "median_ms": {"baseline": 0.010726400092244147, "candidate": 0.010700800269842149}, "baseline_over_candidate": 1.002392327840577}
{"case": {"B": 2, "SEQ_LEN": 64, "H": 1, "HQ": 16, "D": 128, "S": 1, "block_size": 16, "is_causal": true}, "candidate": "baseline", "phase": "compile_correctness"}
{"case": {"B": 2, "SEQ_LEN": 64, "H": 1, "HQ": 16, "D": 128, "S": 1, "block_size": 16, "is_causal": true}, "candidate": "candidate", "phase": "compile_correctness"}
{"case": {"B": 2, "SEQ_LEN": 64, "H": 1, "HQ": 16, "D": 128, "S": 1, "block_size": 16, "is_causal": true}, "seed": 355, "status": "PASS", "call_event_ms": {"baseline": [0.01231359988451004, 0.011494400352239609, 0.011519999802112579, 0.011519999802112579], "candidate": [0.011007999628782272, 0.010419200360774993, 0.010726399719715118, 0.010623999685049058]}, "median_ms": {"baseline": 0.011519999802112579, "candidate": 0.010675199702382088}, "baseline_over_candidate": 1.0791367021960236}
{"case": {"B": 2, "SEQ_LEN": 128, "H": 1, "HQ": 16, "D": 32, "S": 1, "block_size": 16, "is_causal": true}, "candidate": "baseline", "phase": "compile_correctness"}
{"case": {"B": 2, "SEQ_LEN": 128, "H": 1, "HQ": 16, "D": 32, "S": 1, "block_size": 16, "is_causal": true}, "candidate": "candidate", "phase": "compile_correctness"}
2026-09-07 10:09:18  [TileLang:tilelang.cache.kernel_cache:WARNING] (kernel_cache.py:342): Found kernel 'kernel' in memory cache. For better performance, consider using `@tilelang.jit` instead of direct kernel caching.
{"case": {"B": 2, "SEQ_LEN": 128, "H": 1, "HQ": 16, "D": 32, "S": 1, "block_size": 16, "is_causal": true}, "seed": 355, "status": "PASS", "call_event_ms": {"baseline": [0.011724799871444702, 0.010572800040245056, 0.010444799810647965, 0.010393600165843963], "candidate": [0.010828799754381179, 0.010700800269842149, 0.010342399775981902, 0.010623999685049058]}, "median_ms": {"baseline": 0.01050879992544651, "candidate": 0.010662399977445603}, "baseline_over_candidate": 0.9855942327877395}
{"case": {"B": 2, "SEQ_LEN": 128, "H": 1, "HQ": 16, "D": 64, "S": 1, "block_size": 16, "is_causal": true}, "candidate": "baseline", "phase": "compile_correctness"}
{"case": {"B": 2, "SEQ_LEN": 128, "H": 1, "HQ": 16, "D": 64, "S": 1, "block_size": 16, "is_causal": true}, "candidate": "candidate", "phase": "compile_correctness"}
2026-09-07 10:09:18  [TileLang:tilelang.cache.kernel_cache:WARNING] (kernel_cache.py:342): Found kernel 'kernel' in memory cache. For better performance, consider using `@tilelang.jit` instead of direct kernel caching.
{"case": {"B": 2, "SEQ_LEN": 128, "H": 1, "HQ": 16, "D": 64, "S": 1, "block_size": 16, "is_causal": true}, "seed": 355, "status": "PASS", "call_event_ms": {"baseline": [0.011494400352239609, 0.010777600109577179, 0.010777600109577179, 0.010393600165843963], "candidate": [0.010956799983978272, 0.010828799754381179, 0.010726399719715118, 0.010444799810647965]}, "median_ms": {"baseline": 0.010777600109577179, "candidate": 0.010777599737048149}, "baseline_over_candidate": 1.00000003456512}
{"case": {"B": 2, "SEQ_LEN": 128, "H": 1, "HQ": 16, "D": 128, "S": 1, "block_size": 16, "is_causal": true}, "candidate": "baseline", "phase": "compile_correctness"}
{"case": {"B": 2, "SEQ_LEN": 128, "H": 1, "HQ": 16, "D": 128, "S": 1, "block_size": 16, "is_causal": true}, "candidate": "candidate", "phase": "compile_correctness"}
{"case": {"B": 2, "SEQ_LEN": 128, "H": 1, "HQ": 16, "D": 128, "S": 1, "block_size": 16, "is_causal": true}, "seed": 355, "status": "PASS", "call_event_ms": {"baseline": [0.0123648002743721, 0.011852800101041793, 0.011776000261306763, 0.011801599711179733], "candidate": [0.011212799698114395, 0.010751999914646149, 0.010598400235176086, 0.010649599879980088]}, "median_ms": {"baseline": 0.011827199906110763, "candidate": 0.010700799897313118}, "baseline_over_candidate": 1.1052631597270102}
{"case": {"B": 2, "SEQ_LEN": 256, "H": 1, "HQ": 16, "D": 32, "S": 1, "block_size": 16, "is_causal": true}, "candidate": "baseline", "phase": "compile_correctness"}
{"case": {"B": 2, "SEQ_LEN": 256, "H": 1, "HQ": 16, "D": 32, "S": 1, "block_size": 16, "is_causal": true}, "candidate": "candidate", "phase": "compile_correctness"}
2026-09-07 10:09:18  [TileLang:tilelang.cache.kernel_cache:WARNING] (kernel_cache.py:342): Found kernel 'kernel' in memory cache. For better performance, consider using `@tilelang.jit` instead of direct kernel caching.
{"case": {"B": 2, "SEQ_LEN": 256, "H": 1, "HQ": 16, "D": 32, "S": 1, "block_size": 16, "is_causal": true}, "seed": 355, "status": "PASS", "call_event_ms": {"baseline": [0.011699199676513672, 0.01088000014424324, 0.010623999685049058, 0.010649599879980088], "candidate": [0.010982400178909302, 0.010623999685049058, 0.010496000200510025, 0.010547199845314026]}, "median_ms": {"baseline": 0.010764800012111664, "candidate": 0.01058559976518154}, "baseline_over_candidate": 1.0169286815017844}
{"case": {"B": 2, "SEQ_LEN": 256, "H": 1, "HQ": 16, "D": 64, "S": 1, "block_size": 16, "is_causal": true}, "candidate": "baseline", "phase": "compile_correctness"}
{"case": {"B": 2, "SEQ_LEN": 256, "H": 1, "HQ": 16, "D": 64, "S": 1, "block_size": 16, "is_causal": true}, "candidate": "candidate", "phase": "compile_correctness"}
2026-09-07 10:09:19  [TileLang:tilelang.cache.kernel_cache:WARNING] (kernel_cache.py:342): Found kernel 'kernel' in memory cache. For better performance, consider using `@tilelang.jit` instead of direct kernel caching.
{"case": {"B": 2, "SEQ_LEN": 256, "H": 1, "HQ": 16, "D": 64, "S": 1, "block_size": 16, "is_causal": true}, "seed": 355, "status": "PASS", "call_event_ms": {"baseline": [0.011596799641847611, 0.01085439994931221, 0.010777600109577179, 0.010751999914646149], "candidate": [0.011187200248241425, 0.010931199789047242, 0.01085439994931221, 0.010700800269842149]}, "median_ms": {"baseline": 0.010816000029444694, "candidate": 0.010892799869179726}, "baseline_over_candidate": 0.9929494858385922}
{"case": {"B": 2, "SEQ_LEN": 256, "H": 1, "HQ": 16, "D": 128, "S": 1, "block_size": 16, "is_causal": true}, "candidate": "baseline", "phase": "compile_correctness"}
{"case": {"B": 2, "SEQ_LEN": 256, "H": 1, "HQ": 16, "D": 128, "S": 1, "block_size": 16, "is_causal": true}, "candidate": "candidate", "phase": "compile_correctness"}
{"case": {"B": 2, "SEQ_LEN": 256, "H": 1, "HQ": 16, "D": 128, "S": 1, "block_size": 16, "is_causal": true}, "seed": 355, "status": "PASS", "call_event_ms": {"baseline": [0.013977600634098053, 0.013388800621032714, 0.013363200426101684, 0.013337600231170654], "candidate": [0.012006399780511856, 0.011980800330638886, 0.01154559999704361, 0.011596799641847611]}, "median_ms": {"baseline": 0.013376000523567199, "candidate": 0.01178879998624325}, "baseline_over_candidate": 1.1346363106657258}
{"case": {"B": 2, "SEQ_LEN": 512, "H": 1, "HQ": 16, "D": 32, "S": 1, "block_size": 16, "is_causal": true}, "candidate": "baseline", "phase": "compile_correctness"}
{"case": {"B": 2, "SEQ_LEN": 512, "H": 1, "HQ": 16, "D": 32, "S": 1, "block_size": 16, "is_causal": true}, "candidate": "candidate", "phase": "compile_correctness"}
2026-09-07 10:09:19  [TileLang:tilelang.cache.kernel_cache:WARNING] (kernel_cache.py:342): Found kernel 'kernel' in memory cache. For better performance, consider using `@tilelang.jit` instead of direct kernel caching.
{"case": {"B": 2, "SEQ_LEN": 512, "H": 1, "HQ": 16, "D": 32, "S": 1, "block_size": 16, "is_causal": true}, "seed": 355, "status": "PASS", "call_event_ms": {"baseline": [0.011801599711179733, 0.01085439994931221, 0.010675200074911118, 0.010751999914646149], "candidate": [0.011110399663448334, 0.01085439994931221, 0.010982400178909302, 0.010572800040245056]}, "median_ms": {"baseline": 0.010803199931979179, "candidate": 0.010918400064110757}, "baseline_over_candidate": 0.9894489914772179}
{"case": {"B": 2, "SEQ_LEN": 512, "H": 1, "HQ": 16, "D": 64, "S": 1, "block_size": 16, "is_causal": true}, "candidate": "baseline", "phase": "compile_correctness"}
{"case": {"B": 2, "SEQ_LEN": 512, "H": 1, "HQ": 16, "D": 64, "S": 1, "block_size": 16, "is_causal": true}, "candidate": "candidate", "phase": "compile_correctness"}
2026-09-07 10:09:19  [TileLang:tilelang.cache.kernel_cache:WARNING] (kernel_cache.py:342): Found kernel 'kernel' in memory cache. For better performance, consider using `@tilelang.jit` instead of direct kernel caching.
{"case": {"B": 2, "SEQ_LEN": 512, "H": 1, "HQ": 16, "D": 64, "S": 1, "block_size": 16, "is_causal": true}, "seed": 355, "status": "PASS", "call_event_ms": {"baseline": [0.01233920007944107, 0.010956799983978272, 0.01085439994931221, 0.010931199789047242], "candidate": [0.011494400352239609, 0.011007999628782272, 0.010931199789047242, 0.01090560033917427]}, "median_ms": {"baseline": 0.010943999886512757, "candidate": 0.010969599708914757}, "baseline_over_candidate": 0.9976662938410419}
{"case": {"B": 2, "SEQ_LEN": 512, "H": 1, "HQ": 16, "D": 128, "S": 1, "block_size": 16, "is_causal": true}, "candidate": "baseline", "phase": "compile_correctness"}
{"case": {"B": 2, "SEQ_LEN": 512, "H": 1, "HQ": 16, "D": 128, "S": 1, "block_size": 16, "is_causal": true}, "candidate": "candidate", "phase": "compile_correctness"}
{"case": {"B": 2, "SEQ_LEN": 512, "H": 1, "HQ": 16, "D": 128, "S": 1, "block_size": 16, "is_causal": true}, "seed": 355, "status": "PASS", "call_event_ms": {"baseline": [0.01930239945650101, 0.018636800348758698, 0.018636800348758698, 0.018995200097560883], "candidate": [0.017023999989032746, 0.01653759926557541, 0.016921600699424742, 0.01669120043516159]}, "median_ms": {"baseline": 0.01881600022315979, "candidate": 0.016806400567293166}, "baseline_over_candidate": 1.1195734712986367}
{"case": {"B": 2, "SEQ_LEN": 1024, "H": 1, "HQ": 16, "D": 32, "S": 1, "block_size": 16, "is_causal": true}, "candidate": "baseline", "phase": "compile_correctness"}
{"case": {"B": 2, "SEQ_LEN": 1024, "H": 1, "HQ": 16, "D": 32, "S": 1, "block_size": 16, "is_causal": true}, "candidate": "candidate", "phase": "compile_correctness"}
2026-09-07 10:09:20  [TileLang:tilelang.cache.kernel_cache:WARNING] (kernel_cache.py:342): Found kernel 'kernel' in memory cache. For better performance, consider using `@tilelang.jit` instead of direct kernel caching.
{"case": {"B": 2, "SEQ_LEN": 1024, "H": 1, "HQ": 16, "D": 32, "S": 1, "block_size": 16, "is_causal": true}, "seed": 355, "status": "PASS", "call_event_ms": {"baseline": [0.012108799815177918, 0.011033599823713302, 0.011161600053310395, 0.01080320030450821], "candidate": [0.011264000087976456, 0.01090560033917427, 0.01090560033917427, 0.01080320030450821]}, "median_ms": {"baseline": 0.011097599938511848, "candidate": 0.01090560033917427}, "baseline_over_candidate": 1.0176055965161213}
{"case": {"B": 2, "SEQ_LEN": 1024, "H": 1, "HQ": 16, "D": 64, "S": 1, "block_size": 16, "is_causal": true}, "candidate": "baseline", "phase": "compile_correctness"}
{"case": {"B": 2, "SEQ_LEN": 1024, "H": 1, "HQ": 16, "D": 64, "S": 1, "block_size": 16, "is_causal": true}, "candidate": "candidate", "phase": "compile_correctness"}
2026-09-07 10:09:20  [TileLang:tilelang.cache.kernel_cache:WARNING] (kernel_cache.py:342): Found kernel 'kernel' in memory cache. For better performance, consider using `@tilelang.jit` instead of direct kernel caching.
{"case": {"B": 2, "SEQ_LEN": 1024, "H": 1, "HQ": 16, "D": 64, "S": 1, "block_size": 16, "is_causal": true}, "seed": 355, "status": "PASS", "call_event_ms": {"baseline": [0.018662400543689728, 0.018508799374103546, 0.018380799889564516, 0.018483200669288637], "candidate": [0.018739199638366698, 0.018662400543689728, 0.018559999763965607, 0.018380799889564516]}, "median_ms": {"baseline": 0.01849600002169609, "candidate": 0.018611200153827667}, "baseline_over_candidate": 0.9938101717686442}
{"case": {"B": 2, "SEQ_LEN": 1024, "H": 1, "HQ": 16, "D": 128, "S": 1, "block_size": 16, "is_causal": true}, "candidate": "baseline", "phase": "compile_correctness"}
{"case": {"B": 2, "SEQ_LEN": 1024, "H": 1, "HQ": 16, "D": 128, "S": 1, "block_size": 16, "is_causal": true}, "candidate": "candidate", "phase": "compile_correctness"}
{"case": {"B": 2, "SEQ_LEN": 1024, "H": 1, "HQ": 16, "D": 128, "S": 1, "block_size": 16, "is_causal": true}, "seed": 355, "status": "PASS", "call_event_ms": {"baseline": [0.03581439852714539, 0.03532800078392029, 0.035046398639678955, 0.03678719997406006], "candidate": [0.031692799925804135, 0.03031040132045746, 0.030720001459121703, 0.030924800038337707]}, "median_ms": {"baseline": 0.035571199655532834, "candidate": 0.030822400748729703}, "baseline_over_candidate": 1.1540697282316286}
{"case": {"B": 4, "SEQ_LEN": 64, "H": 1, "HQ": 16, "D": 32, "S": 1, "block_size": 16, "is_causal": true}, "candidate": "baseline", "phase": "compile_correctness"}
{"case": {"B": 4, "SEQ_LEN": 64, "H": 1, "HQ": 16, "D": 32, "S": 1, "block_size": 16, "is_causal": true}, "candidate": "candidate", "phase": "compile_correctness"}
2026-09-07 10:09:20  [TileLang:tilelang.cache.kernel_cache:WARNING] (kernel_cache.py:342): Found kernel 'kernel' in memory cache. For better performance, consider using `@tilelang.jit` instead of direct kernel caching.
{"case": {"B": 4, "SEQ_LEN": 64, "H": 1, "HQ": 16, "D": 32, "S": 1, "block_size": 16, "is_causal": true}, "seed": 355, "status": "PASS", "call_event_ms": {"baseline": [0.011622399836778641, 0.010700800269842149, 0.010700800269842149, 0.010700800269842149], "candidate": [0.01085439994931221, 0.010675200074911118, 0.010521599650382995, 0.01088000014424324]}, "median_ms": {"baseline": 0.010700800269842149, "candidate": 0.010764800012111664}, "baseline_over_candidate": 0.9940547207381922}
{"case": {"B": 4, "SEQ_LEN": 64, "H": 1, "HQ": 16, "D": 64, "S": 1, "block_size": 16, "is_causal": true}, "candidate": "baseline", "phase": "compile_correctness"}
{"case": {"B": 4, "SEQ_LEN": 64, "H": 1, "HQ": 16, "D": 64, "S": 1, "block_size": 16, "is_causal": true}, "candidate": "candidate", "phase": "compile_correctness"}
2026-09-07 10:09:20  [TileLang:tilelang.cache.kernel_cache:WARNING] (kernel_cache.py:342): Found kernel 'kernel' in memory cache. For better performance, consider using `@tilelang.jit` instead of direct kernel caching.
{"case": {"B": 4, "SEQ_LEN": 64, "H": 1, "HQ": 16, "D": 64, "S": 1, "block_size": 16, "is_causal": true}, "seed": 355, "status": "PASS", "call_event_ms": {"baseline": [0.011264000087976456, 0.010623999685049058, 0.010470400005578995, 0.010572800040245056], "candidate": [0.01088000014424324, 0.010931199789047242, 0.010931199789047242, 0.010623999685049058]}, "median_ms": {"baseline": 0.010598399862647056, "candidate": 0.010905599966645241}, "baseline_over_candidate": 0.9718309762931194}
{"case": {"B": 4, "SEQ_LEN": 64, "H": 1, "HQ": 16, "D": 128, "S": 1, "block_size": 16, "is_causal": true}, "candidate": "baseline", "phase": "compile_correctness"}
{"case": {"B": 4, "SEQ_LEN": 64, "H": 1, "HQ": 16, "D": 128, "S": 1, "block_size": 16, "is_causal": true}, "candidate": "candidate", "phase": "compile_correctness"}
{"case": {"B": 4, "SEQ_LEN": 64, "H": 1, "HQ": 16, "D": 128, "S": 1, "block_size": 16, "is_causal": true}, "seed": 355, "status": "PASS", "call_event_ms": {"baseline": [0.012441600114107132, 0.011750400066375732, 0.011699199676513672, 0.011724799871444702], "candidate": [0.011187200248241425, 0.010675200074911118, 0.010777600109577179, 0.010675200074911118]}, "median_ms": {"baseline": 0.011737599968910217, "candidate": 0.010726400092244149}, "baseline_over_candidate": 1.0942720640634345}
{"case": {"B": 4, "SEQ_LEN": 128, "H": 1, "HQ": 16, "D": 32, "S": 1, "block_size": 16, "is_causal": true}, "candidate": "baseline", "phase": "compile_correctness"}
{"case": {"B": 4, "SEQ_LEN": 128, "H": 1, "HQ": 16, "D": 32, "S": 1, "block_size": 16, "is_causal": true}, "candidate": "candidate", "phase": "compile_correctness"}
2026-09-07 10:09:21  [TileLang:tilelang.cache.kernel_cache:WARNING] (kernel_cache.py:342): Found kernel 'kernel' in memory cache. For better performance, consider using `@tilelang.jit` instead of direct kernel caching.
{"case": {"B": 4, "SEQ_LEN": 128, "H": 1, "HQ": 16, "D": 32, "S": 1, "block_size": 16, "is_causal": true}, "seed": 355, "status": "PASS", "call_event_ms": {"baseline": [0.01157120019197464, 0.010777600109577179, 0.010623999685049058, 0.010623999685049058], "candidate": [0.011084800213575363, 0.010700800269842149, 0.010572800040245056, 0.010751999914646149]}, "median_ms": {"baseline": 0.010700799897313118, "candidate": 0.010726400092244149}, "baseline_over_candidate": 0.9976133470026406}
{"case": {"B": 4, "SEQ_LEN": 128, "H": 1, "HQ": 16, "D": 64, "S": 1, "block_size": 16, "is_causal": true}, "candidate": "baseline", "phase": "compile_correctness"}
{"case": {"B": 4, "SEQ_LEN": 128, "H": 1, "HQ": 16, "D": 64, "S": 1, "block_size": 16, "is_causal": true}, "candidate": "candidate", "phase": "compile_correctness"}
2026-09-07 10:09:21  [TileLang:tilelang.cache.kernel_cache:WARNING] (kernel_cache.py:342): Found kernel 'kernel' in memory cache. For better performance, consider using `@tilelang.jit` instead of direct kernel caching.
{"case": {"B": 4, "SEQ_LEN": 128, "H": 1, "HQ": 16, "D": 64, "S": 1, "block_size": 16, "is_causal": true}, "seed": 355, "status": "PASS", "call_event_ms": {"baseline": [0.012134400010108948, 0.01088000014424324, 0.010726399719715118, 0.010726399719715118], "candidate": [0.011161600053310395, 0.010777600109577179, 0.01090560033917427, 0.013107199966907502]}, "median_ms": {"baseline": 0.010803199931979179, "candidate": 0.011033600196242332}, "baseline_over_candidate": 0.9791183058869923}
{"case": {"B": 4, "SEQ_LEN": 128, "H": 1, "HQ": 16, "D": 128, "S": 1, "block_size": 16, "is_causal": true}, "candidate": "baseline", "phase": "compile_correctness"}
{"case": {"B": 4, "SEQ_LEN": 128, "H": 1, "HQ": 16, "D": 128, "S": 1, "block_size": 16, "is_causal": true}, "candidate": "candidate", "phase": "compile_correctness"}
{"case": {"B": 4, "SEQ_LEN": 128, "H": 1, "HQ": 16, "D": 128, "S": 1, "block_size": 16, "is_causal": true}, "seed": 355, "status": "PASS", "call_event_ms": {"baseline": [0.013952000439167023, 0.013439999520778656, 0.013388800621032714, 0.013900800049304963], "candidate": [0.01231359988451004, 0.011827199906110763, 0.011750400066375732, 0.011801599711179733]}, "median_ms": {"baseline": 0.013670399785041809, "candidate": 0.011814399808645248}, "baseline_over_candidate": 1.1570964252486549}
{"case": {"B": 4, "SEQ_LEN": 256, "H": 1, "HQ": 16, "D": 32, "S": 1, "block_size": 16, "is_causal": true}, "candidate": "baseline", "phase": "compile_correctness"}
{"case": {"B": 4, "SEQ_LEN": 256, "H": 1, "HQ": 16, "D": 32, "S": 1, "block_size": 16, "is_causal": true}, "candidate": "candidate", "phase": "compile_correctness"}
2026-09-07 10:09:21  [TileLang:tilelang.cache.kernel_cache:WARNING] (kernel_cache.py:342): Found kernel 'kernel' in memory cache. For better performance, consider using `@tilelang.jit` instead of direct kernel caching.
{"case": {"B": 4, "SEQ_LEN": 256, "H": 1, "HQ": 16, "D": 32, "S": 1, "block_size": 16, "is_causal": true}, "seed": 355, "status": "PASS", "call_event_ms": {"baseline": [0.011852800101041793, 0.010700800269842149, 0.010828799754381179, 0.010700800269842149], "candidate": [0.010982400178909302, 0.010623999685049058, 0.010598400235176086, 0.010982400178909302]}, "median_ms": {"baseline": 0.010764800012111664, "candidate": 0.01080319993197918}, "baseline_over_candidate": 0.996445505025428}
{"case": {"B": 4, "SEQ_LEN": 256, "H": 1, "HQ": 16, "D": 64, "S": 1, "block_size": 16, "is_causal": true}, "candidate": "baseline", "phase": "compile_correctness"}
{"case": {"B": 4, "SEQ_LEN": 256, "H": 1, "HQ": 16, "D": 64, "S": 1, "block_size": 16, "is_causal": true}, "candidate": "candidate", "phase": "compile_correctness"}
2026-09-07 10:09:22  [TileLang:tilelang.cache.kernel_cache:WARNING] (kernel_cache.py:342): Found kernel 'kernel' in memory cache. For better performance, consider using `@tilelang.jit` instead of direct kernel caching.
{"case": {"B": 4, "SEQ_LEN": 256, "H": 1, "HQ": 16, "D": 64, "S": 1, "block_size": 16, "is_causal": true}, "seed": 355, "status": "PASS", "call_event_ms": {"baseline": [0.011622399836778641, 0.010931199789047242, 0.01090560033917427, 0.010828799754381179], "candidate": [0.011110399663448334, 0.011007999628782272, 0.01088000014424324, 0.011007999628782272]}, "median_ms": {"baseline": 0.010918400064110757, "candidate": 0.011007999628782272}, "baseline_over_candidate": 0.9918605043883503}
{"case": {"B": 4, "SEQ_LEN": 256, "H": 1, "HQ": 16, "D": 128, "S": 1, "block_size": 16, "is_causal": true}, "candidate": "baseline", "phase": "compile_correctness"}
{"case": {"B": 4, "SEQ_LEN": 256, "H": 1, "HQ": 16, "D": 128, "S": 1, "block_size": 16, "is_causal": true}, "candidate": "candidate", "phase": "compile_correctness"}
{"case": {"B": 4, "SEQ_LEN": 256, "H": 1, "HQ": 16, "D": 128, "S": 1, "block_size": 16, "is_causal": true}, "seed": 355, "status": "PASS", "call_event_ms": {"baseline": [0.019200000166893005, 0.018662400543689728, 0.018585599958896637, 0.018406400084495546], "candidate": [0.016921600699424742, 0.01676799952983856, 0.01658879965543747, 0.01666560024023056]}, "median_ms": {"baseline": 0.018624000251293182, "candidate": 0.01671679988503456}, "baseline_over_candidate": 1.114088843521182}
{"case": {"B": 4, "SEQ_LEN": 512, "H": 1, "HQ": 16, "D": 32, "S": 1, "block_size": 16, "is_causal": true}, "candidate": "baseline", "phase": "compile_correctness"}
{"case": {"B": 4, "SEQ_LEN": 512, "H": 1, "HQ": 16, "D": 32, "S": 1, "block_size": 16, "is_causal": true}, "candidate": "candidate", "phase": "compile_correctness"}
2026-09-07 10:09:22  [TileLang:tilelang.cache.kernel_cache:WARNING] (kernel_cache.py:342): Found kernel 'kernel' in memory cache. For better performance, consider using `@tilelang.jit` instead of direct kernel caching.
{"case": {"B": 4, "SEQ_LEN": 512, "H": 1, "HQ": 16, "D": 32, "S": 1, "block_size": 16, "is_causal": true}, "seed": 355, "status": "PASS", "call_event_ms": {"baseline": [0.012083200365304947, 0.011238399893045425, 0.010982400178909302, 0.010982400178909302], "candidate": [0.011212799698114395, 0.011007999628782272, 0.010931199789047242, 0.011724799871444702]}, "median_ms": {"baseline": 0.011110400035977363, "candidate": 0.011110399663448334}, "baseline_over_candidate": 1.0000000335297594}
{"case": {"B": 4, "SEQ_LEN": 512, "H": 1, "HQ": 16, "D": 64, "S": 1, "block_size": 16, "is_causal": true}, "candidate": "baseline", "phase": "compile_correctness"}
{"case": {"B": 4, "SEQ_LEN": 512, "H": 1, "HQ": 16, "D": 64, "S": 1, "block_size": 16, "is_causal": true}, "candidate": "candidate", "phase": "compile_correctness"}
2026-09-07 10:09:22  [TileLang:tilelang.cache.kernel_cache:WARNING] (kernel_cache.py:342): Found kernel 'kernel' in memory cache. For better performance, consider using `@tilelang.jit` instead of direct kernel caching.
{"case": {"B": 4, "SEQ_LEN": 512, "H": 1, "HQ": 16, "D": 64, "S": 1, "block_size": 16, "is_causal": true}, "seed": 355, "status": "PASS", "call_event_ms": {"baseline": [0.01802240014076233, 0.017612800002098083, 0.017791999876499175, 0.01797119975090027], "candidate": [0.018585599958896637, 0.0179967999458313, 0.017868800461292265, 0.01815039962530136]}, "median_ms": {"baseline": 0.017881599813699724, "candidate": 0.01807359978556633}, "baseline_over_candidate": 0.9893767719688062}
{"case": {"B": 4, "SEQ_LEN": 512, "H": 1, "HQ": 16, "D": 128, "S": 1, "block_size": 16, "is_causal": true}, "candidate": "baseline", "phase": "compile_correctness"}
{"case": {"B": 4, "SEQ_LEN": 512, "H": 1, "HQ": 16, "D": 128, "S": 1, "block_size": 16, "is_causal": true}, "candidate": "candidate", "phase": "compile_correctness"}
{"case": {"B": 4, "SEQ_LEN": 512, "H": 1, "HQ": 16, "D": 128, "S": 1, "block_size": 16, "is_causal": true}, "seed": 355, "status": "PASS", "call_event_ms": {"baseline": [0.03576320111751556, 0.03555839955806732, 0.035174399614334106, 0.0352512001991272], "candidate": [0.0302592009305954, 0.029900801181793214, 0.029875200986862183, 0.030028799176216127]}, "median_ms": {"baseline": 0.03540479987859726, "candidate": 0.029964800179004672}, "baseline_over_candidate": 1.1815463366047811}
{"case": {"B": 4, "SEQ_LEN": 1024, "H": 1, "HQ": 16, "D": 32, "S": 1, "block_size": 16, "is_causal": true}, "candidate": "baseline", "phase": "compile_correctness"}
{"case": {"B": 4, "SEQ_LEN": 1024, "H": 1, "HQ": 16, "D": 32, "S": 1, "block_size": 16, "is_causal": true}, "candidate": "candidate", "phase": "compile_correctness"}
{"case": {"B": 4, "SEQ_LEN": 1024, "H": 1, "HQ": 16, "D": 32, "S": 1, "block_size": 16, "is_causal": true}, "seed": 355, "status": "PASS", "call_event_ms": {"baseline": [0.015846399962902068, 0.01518079936504364, 0.01515520066022873, 0.01530880033969879], "candidate": [0.014847999811172486, 0.01456640064716339, 0.014643199741840363, 0.014591999351978302]}, "median_ms": {"baseline": 0.015244799852371215, "candidate": 0.014617599546909332}, "baseline_over_candidate": 1.0429072026121071}
{"case": {"B": 4, "SEQ_LEN": 1024, "H": 1, "HQ": 16, "D": 64, "S": 1, "block_size": 16, "is_causal": true}, "candidate": "baseline", "phase": "compile_correctness"}
{"case": {"B": 4, "SEQ_LEN": 1024, "H": 1, "HQ": 16, "D": 64, "S": 1, "block_size": 16, "is_causal": true}, "candidate": "candidate", "phase": "compile_correctness"}
2026-09-07 10:09:23  [TileLang:tilelang.cache.kernel_cache:WARNING] (kernel_cache.py:342): Found kernel 'kernel' in memory cache. For better performance, consider using `@tilelang.jit` instead of direct kernel caching.
{"case": {"B": 4, "SEQ_LEN": 1024, "H": 1, "HQ": 16, "D": 64, "S": 1, "block_size": 16, "is_causal": true}, "seed": 355, "status": "PASS", "call_event_ms": {"baseline": [0.029824000597000123, 0.029260799288749695, 0.029747200012207032, 0.02964479923248291], "candidate": [0.03036159873008728, 0.03059200048446655, 0.031052801012992858, 0.030694401264190672]}, "median_ms": {"baseline": 0.02969599962234497, "candidate": 0.030643200874328612}, "baseline_over_candidate": 0.9690893501671635}
{"case": {"B": 4, "SEQ_LEN": 1024, "H": 1, "HQ": 16, "D": 128, "S": 1, "block_size": 16, "is_causal": true}, "candidate": "baseline", "phase": "compile_correctness"}
{"case": {"B": 4, "SEQ_LEN": 1024, "H": 1, "HQ": 16, "D": 128, "S": 1, "block_size": 16, "is_causal": true}, "candidate": "candidate", "phase": "compile_correctness"}
{"case": {"B": 4, "SEQ_LEN": 1024, "H": 1, "HQ": 16, "D": 128, "S": 1, "block_size": 16, "is_causal": true}, "seed": 355, "status": "PASS", "call_event_ms": {"baseline": [0.05580800175666809, 0.05542399883270264, 0.056857597827911374, 0.0549888014793396], "candidate": [0.04956159889698029, 0.04951040148735046, 0.04971520006656647, 0.0497408002614975]}, "median_ms": {"baseline": 0.055616000294685365, "candidate": 0.04963839948177338}, "baseline_over_candidate": 1.120422916035133}
{"case": {"B": 8, "SEQ_LEN": 64, "H": 1, "HQ": 16, "D": 32, "S": 1, "block_size": 16, "is_causal": true}, "candidate": "baseline", "phase": "compile_correctness"}
{"case": {"B": 8, "SEQ_LEN": 64, "H": 1, "HQ": 16, "D": 32, "S": 1, "block_size": 16, "is_causal": true}, "candidate": "candidate", "phase": "compile_correctness"}
2026-09-07 10:09:23  [TileLang:tilelang.cache.kernel_cache:WARNING] (kernel_cache.py:342): Found kernel 'kernel' in memory cache. For better performance, consider using `@tilelang.jit` instead of direct kernel caching.
{"case": {"B": 8, "SEQ_LEN": 64, "H": 1, "HQ": 16, "D": 32, "S": 1, "block_size": 16, "is_causal": true}, "seed": 355, "status": "PASS", "call_event_ms": {"baseline": [0.011929599940776825, 0.01080320030450821, 0.01080320030450821, 0.01085439994931221], "candidate": [0.011264000087976456, 0.010777600109577179, 0.01085439994931221, 0.010777600109577179]}, "median_ms": {"baseline": 0.01082880012691021, "candidate": 0.010816000029444694}, "baseline_over_candidate": 1.0011834409606757}
{"case": {"B": 8, "SEQ_LEN": 64, "H": 1, "HQ": 16, "D": 64, "S": 1, "block_size": 16, "is_causal": true}, "candidate": "baseline", "phase": "compile_correctness"}
{"case": {"B": 8, "SEQ_LEN": 64, "H": 1, "HQ": 16, "D": 64, "S": 1, "block_size": 16, "is_causal": true}, "candidate": "candidate", "phase": "compile_correctness"}
2026-09-07 10:09:24  [TileLang:tilelang.cache.kernel_cache:WARNING] (kernel_cache.py:342): Found kernel 'kernel' in memory cache. For better performance, consider using `@tilelang.jit` instead of direct kernel caching.
{"case": {"B": 8, "SEQ_LEN": 64, "H": 1, "HQ": 16, "D": 64, "S": 1, "block_size": 16, "is_causal": true}, "seed": 355, "status": "PASS", "call_event_ms": {"baseline": [0.011366400122642516, 0.01085439994931221, 0.010700800269842149, 0.010700800269842149], "candidate": [0.011084800213575363, 0.010649599879980088, 0.010700800269842149, 0.010623999685049058]}, "median_ms": {"baseline": 0.010777600109577179, "candidate": 0.010675200074911118}, "baseline_over_candidate": 1.0095923293191218}
{"case": {"B": 8, "SEQ_LEN": 64, "H": 1, "HQ": 16, "D": 128, "S": 1, "block_size": 16, "is_causal": true}, "candidate": "baseline", "phase": "compile_correctness"}
{"case": {"B": 8, "SEQ_LEN": 64, "H": 1, "HQ": 16, "D": 128, "S": 1, "block_size": 16, "is_causal": true}, "candidate": "candidate", "phase": "compile_correctness"}
{"case": {"B": 8, "SEQ_LEN": 64, "H": 1, "HQ": 16, "D": 128, "S": 1, "block_size": 16, "is_causal": true}, "seed": 355, "status": "PASS", "call_event_ms": {"baseline": [0.013823999464511872, 0.013286399841308593, 0.013235199451446533, 0.013209599256515502], "candidate": [0.01226240023970604, 0.011776000261306763, 0.011724799871444702, 0.011699199676513672]}, "median_ms": {"baseline": 0.013260799646377563, "candidate": 0.011750400066375732}, "baseline_over_candidate": 1.1285402685414858}
{"case": {"B": 8, "SEQ_LEN": 128, "H": 1, "HQ": 16, "D": 32, "S": 1, "block_size": 16, "is_causal": true}, "candidate": "baseline", "phase": "compile_correctness"}
{"case": {"B": 8, "SEQ_LEN": 128, "H": 1, "HQ": 16, "D": 32, "S": 1, "block_size": 16, "is_causal": true}, "candidate": "candidate", "phase": "compile_correctness"}
2026-09-07 10:09:24  [TileLang:tilelang.cache.kernel_cache:WARNING] (kernel_cache.py:342): Found kernel 'kernel' in memory cache. For better performance, consider using `@tilelang.jit` instead of direct kernel caching.
{"case": {"B": 8, "SEQ_LEN": 128, "H": 1, "HQ": 16, "D": 32, "S": 1, "block_size": 16, "is_causal": true}, "seed": 355, "status": "PASS", "call_event_ms": {"baseline": [0.011852800101041793, 0.010982400178909302, 0.01080320030450821, 0.010726399719715118], "candidate": [0.011059200018644333, 0.010675200074911118, 0.010931199789047242, 0.010751999914646149]}, "median_ms": {"baseline": 0.010892800241708755, "candidate": 0.010841599851846694}, "baseline_over_candidate": 1.004722586201458}
{"case": {"B": 8, "SEQ_LEN": 128, "H": 1, "HQ": 16, "D": 64, "S": 1, "block_size": 16, "is_causal": true}, "candidate": "baseline", "phase": "compile_correctness"}
{"case": {"B": 8, "SEQ_LEN": 128, "H": 1, "HQ": 16, "D": 64, "S": 1, "block_size": 16, "is_causal": true}, "candidate": "candidate", "phase": "compile_correctness"}
2026-09-07 10:09:24  [TileLang:tilelang.cache.kernel_cache:WARNING] (kernel_cache.py:342): Found kernel 'kernel' in memory cache. For better performance, consider using `@tilelang.jit` instead of direct kernel caching.
{"case": {"B": 8, "SEQ_LEN": 128, "H": 1, "HQ": 16, "D": 64, "S": 1, "block_size": 16, "is_causal": true}, "seed": 355, "status": "PASS", "call_event_ms": {"baseline": [0.011392000317573547, 0.01080320030450821, 0.010828799754381179, 0.010726399719715118], "candidate": [0.011135999858379365, 0.010931199789047242, 0.01090560033917427, 0.011110399663448334]}, "median_ms": {"baseline": 0.010816000029444694, "candidate": 0.011020799726247789}, "baseline_over_candidate": 0.9814169840764522}
{"case": {"B": 8, "SEQ_LEN": 128, "H": 1, "HQ": 16, "D": 128, "S": 1, "block_size": 16, "is_causal": true}, "candidate": "baseline", "phase": "compile_correctness"}
{"case": {"B": 8, "SEQ_LEN": 128, "H": 1, "HQ": 16, "D": 128, "S": 1, "block_size": 16, "is_causal": true}, "candidate": "candidate", "phase": "compile_correctness"}
{"case": {"B": 8, "SEQ_LEN": 128, "H": 1, "HQ": 16, "D": 128, "S": 1, "block_size": 16, "is_causal": true}, "seed": 355, "status": "PASS", "call_event_ms": {"baseline": [0.01935359984636307, 0.01884160041809082, 0.018688000738620758, 0.018611200153827667], "candidate": [0.017049600183963776, 0.01669120043516159, 0.01664000004529953, 0.01679359972476959]}, "median_ms": {"baseline": 0.01876480057835579, "candidate": 0.01674240007996559}, "baseline_over_candidate": 1.120795136224839}
{"case": {"B": 8, "SEQ_LEN": 256, "H": 1, "HQ": 16, "D": 32, "S": 1, "block_size": 16, "is_causal": true}, "candidate": "baseline", "phase": "compile_correctness"}
{"case": {"B": 8, "SEQ_LEN": 256, "H": 1, "HQ": 16, "D": 32, "S": 1, "block_size": 16, "is_causal": true}, "candidate": "candidate", "phase": "compile_correctness"}
2026-09-07 10:09:25  [TileLang:tilelang.cache.kernel_cache:WARNING] (kernel_cache.py:342): Found kernel 'kernel' in memory cache. For better performance, consider using `@tilelang.jit` instead of direct kernel caching.
{"case": {"B": 8, "SEQ_LEN": 256, "H": 1, "HQ": 16, "D": 32, "S": 1, "block_size": 16, "is_causal": true}, "seed": 355, "status": "PASS", "call_event_ms": {"baseline": [0.011878400295972823, 0.010726399719715118, 0.010931199789047242, 0.01085439994931221], "candidate": [0.011238399893045425, 0.010726399719715118, 0.010700800269842149, 0.011980800330638886]}, "median_ms": {"baseline": 0.010892799869179726, "candidate": 0.010982399806380272}, "baseline_over_candidate": 0.9918414974158478}
{"case": {"B": 8, "SEQ_LEN": 256, "H": 1, "HQ": 16, "D": 64, "S": 1, "block_size": 16, "is_causal": true}, "candidate": "baseline", "phase": "compile_correctness"}
{"case": {"B": 8, "SEQ_LEN": 256, "H": 1, "HQ": 16, "D": 64, "S": 1, "block_size": 16, "is_causal": true}, "candidate": "candidate", "phase": "compile_correctness"}
2026-09-07 10:09:25  [TileLang:tilelang.cache.kernel_cache:WARNING] (kernel_cache.py:342): Found kernel 'kernel' in memory cache. For better performance, consider using `@tilelang.jit` instead of direct kernel caching.
{"case": {"B": 8, "SEQ_LEN": 256, "H": 1, "HQ": 16, "D": 64, "S": 1, "block_size": 16, "is_causal": true}, "seed": 355, "status": "PASS", "call_event_ms": {"baseline": [0.01807360053062439, 0.017843200266361235, 0.01802240014076233, 0.01807360053062439], "candidate": [0.018508799374103546, 0.018483200669288637, 0.018457600474357606, 0.018534399569034576]}, "median_ms": {"baseline": 0.01804800033569336, "candidate": 0.01849600002169609}, "baseline_over_candidate": 0.9757785637177108}
{"case": {"B": 8, "SEQ_LEN": 256, "H": 1, "HQ": 16, "D": 128, "S": 1, "block_size": 16, "is_causal": true}, "candidate": "baseline", "phase": "compile_correctness"}
{"case": {"B": 8, "SEQ_LEN": 256, "H": 1, "HQ": 16, "D": 128, "S": 1, "block_size": 16, "is_causal": true}, "candidate": "candidate", "phase": "compile_correctness"}
{"case": {"B": 8, "SEQ_LEN": 256, "H": 1, "HQ": 16, "D": 128, "S": 1, "block_size": 16, "is_causal": true}, "seed": 355, "status": "PASS", "call_event_ms": {"baseline": [0.03532800078392029, 0.034585601091384886, 0.03473919928073883, 0.03468799889087677], "candidate": [0.03023360073566437, 0.03020800054073334, 0.0304639995098114, 0.030028799176216127]}, "median_ms": {"baseline": 0.0347135990858078, "candidate": 0.030220800638198854}, "baseline_over_candidate": 1.148665765060178}
{"case": {"B": 8, "SEQ_LEN": 512, "H": 1, "HQ": 16, "D": 32, "S": 1, "block_size": 16, "is_causal": true}, "candidate": "baseline", "phase": "compile_correctness"}
{"case": {"B": 8, "SEQ_LEN": 512, "H": 1, "HQ": 16, "D": 32, "S": 1, "block_size": 16, "is_causal": true}, "candidate": "candidate", "phase": "compile_correctness"}
{"case": {"B": 8, "SEQ_LEN": 512, "H": 1, "HQ": 16, "D": 32, "S": 1, "block_size": 16, "is_causal": true}, "seed": 355, "status": "PASS", "call_event_ms": {"baseline": [0.016179199516773223, 0.0152319997549057, 0.01528320014476776, 0.01528320014476776], "candidate": [0.015027199685573579, 0.014720000326633453, 0.014771200716495514, 0.014720000326633453]}, "median_ms": {"baseline": 0.01528320014476776, "candidate": 0.014745600521564484}, "baseline_over_candidate": 1.0364583064906088}
{"case": {"B": 8, "SEQ_LEN": 512, "H": 1, "HQ": 16, "D": 64, "S": 1, "block_size": 16, "is_causal": true}, "candidate": "baseline", "phase": "compile_correctness"}
{"case": {"B": 8, "SEQ_LEN": 512, "H": 1, "HQ": 16, "D": 64, "S": 1, "block_size": 16, "is_causal": true}, "candidate": "candidate", "phase": "compile_correctness"}
2026-09-07 10:09:26  [TileLang:tilelang.cache.kernel_cache:WARNING] (kernel_cache.py:342): Found kernel 'kernel' in memory cache. For better performance, consider using `@tilelang.jit` instead of direct kernel caching.
{"case": {"B": 8, "SEQ_LEN": 512, "H": 1, "HQ": 16, "D": 64, "S": 1, "block_size": 16, "is_causal": true}, "seed": 355, "status": "PASS", "call_event_ms": {"baseline": [0.029440000653266907, 0.029849600791931153, 0.029951998591423036, 0.029542401432991028], "candidate": [0.031564798951148984, 0.030771198868751525, 0.030720001459121703, 0.03054080009460449]}, "median_ms": {"baseline": 0.02969600111246109, "candidate": 0.030745600163936612}, "baseline_over_candidate": 0.9658618128812245}
{"case": {"B": 8, "SEQ_LEN": 512, "H": 1, "HQ": 16, "D": 128, "S": 1, "block_size": 16, "is_causal": true}, "candidate": "baseline", "phase": "compile_correctness"}
{"case": {"B": 8, "SEQ_LEN": 512, "H": 1, "HQ": 16, "D": 128, "S": 1, "block_size": 16, "is_causal": true}, "candidate": "candidate", "phase": "compile_correctness"}
{"case": {"B": 8, "SEQ_LEN": 512, "H": 1, "HQ": 16, "D": 128, "S": 1, "block_size": 16, "is_causal": true}, "seed": 355, "status": "PASS", "call_event_ms": {"baseline": [0.056601601839065555, 0.05585920214653015, 0.05619199872016907, 0.05606399774551392], "candidate": [0.0494592010974884, 0.04894720017910004, 0.048767998814582825, 0.04910080134868622]}, "median_ms": {"baseline": 0.056127998232841494, "candidate": 0.04902400076389313}, "baseline_over_candidate": 1.1449085623011936}
{"case": {"B": 8, "SEQ_LEN": 1024, "H": 1, "HQ": 16, "D": 32, "S": 1, "block_size": 16, "is_causal": true}, "candidate": "baseline", "phase": "compile_correctness"}
{"case": {"B": 8, "SEQ_LEN": 1024, "H": 1, "HQ": 16, "D": 32, "S": 1, "block_size": 16, "is_causal": true}, "candidate": "candidate", "phase": "compile_correctness"}
{"case": {"B": 8, "SEQ_LEN": 1024, "H": 1, "HQ": 16, "D": 32, "S": 1, "block_size": 16, "is_causal": true}, "seed": 355, "status": "PASS", "call_event_ms": {"baseline": [0.025036799907684325, 0.024345600605010988, 0.024294400215148927, 0.024422399699687958], "candidate": [0.023577600717544556, 0.023398399353027344, 0.023296000063419343, 0.023552000522613525]}, "median_ms": {"baseline": 0.024384000152349473, "candidate": 0.023475199937820435}, "baseline_over_candidate": 1.038713204442825}
{"case": {"B": 8, "SEQ_LEN": 1024, "H": 1, "HQ": 16, "D": 64, "S": 1, "block_size": 16, "is_causal": true}, "candidate": "baseline", "phase": "compile_correctness"}
{"case": {"B": 8, "SEQ_LEN": 1024, "H": 1, "HQ": 16, "D": 64, "S": 1, "block_size": 16, "is_causal": true}, "candidate": "candidate", "phase": "compile_correctness"}
2026-09-07 10:09:27  [TileLang:tilelang.cache.kernel_cache:WARNING] (kernel_cache.py:342): Found kernel 'kernel' in memory cache. For better performance, consider using `@tilelang.jit` instead of direct kernel caching.
{"case": {"B": 8, "SEQ_LEN": 1024, "H": 1, "HQ": 16, "D": 64, "S": 1, "block_size": 16, "is_causal": true}, "seed": 355, "status": "PASS", "call_event_ms": {"baseline": [0.048819199204444885, 0.04843519926071167, 0.048281601071357726, 0.048614400625228885], "candidate": [0.04958719909191132, 0.04848639965057373, 0.04912639856338501, 0.04912639856338501]}, "median_ms": {"baseline": 0.04852479994297028, "candidate": 0.04912639856338501}, "baseline_over_candidate": 0.9877540662860006}
{"case": {"B": 8, "SEQ_LEN": 1024, "H": 1, "HQ": 16, "D": 128, "S": 1, "block_size": 16, "is_causal": true}, "candidate": "baseline", "phase": "compile_correctness"}
{"case": {"B": 8, "SEQ_LEN": 1024, "H": 1, "HQ": 16, "D": 128, "S": 1, "block_size": 16, "is_causal": true}, "candidate": "candidate", "phase": "compile_correctness"}
{"case": {"B": 8, "SEQ_LEN": 1024, "H": 1, "HQ": 16, "D": 128, "S": 1, "block_size": 16, "is_causal": true}, "seed": 355, "status": "PASS", "call_event_ms": {"baseline": [0.09715200066566468, 0.0976639986038208, 0.09743360280990601, 0.09704959988594056], "candidate": [0.08711680173873901, 0.08711680173873901, 0.08724480271339416, 0.08744959831237793]}, "median_ms": {"baseline": 0.09729280173778534, "candidate": 0.08718080222606658}, "baseline_over_candidate": 1.1159888330173604}
{"case": {"B": 1, "SEQ_LEN": 256, "H": 1, "HQ": 16, "D": 64, "S": 1, "block_size": 32, "is_causal": true}, "candidate": "baseline", "phase": "compile_correctness"}
{"case": {"B": 1, "SEQ_LEN": 256, "H": 1, "HQ": 16, "D": 64, "S": 1, "block_size": 32, "is_causal": true}, "candidate": "candidate", "phase": "compile_correctness"}
2026-09-07 10:09:27  [TileLang:tilelang.cache.kernel_cache:WARNING] (kernel_cache.py:342): Found kernel 'kernel' in memory cache. For better performance, consider using `@tilelang.jit` instead of direct kernel caching.
{"case": {"B": 1, "SEQ_LEN": 256, "H": 1, "HQ": 16, "D": 64, "S": 1, "block_size": 32, "is_causal": true}, "seed": 355, "status": "PASS", "call_event_ms": {"baseline": [0.011673600226640702, 0.01088000014424324, 0.01085439994931221, 0.010751999914646149], "candidate": [0.010982400178909302, 0.010700800269842149, 0.010572800040245056, 0.010828799754381179]}, "median_ms": {"baseline": 0.010867200046777725, "candidate": 0.010764800012111664}, "baseline_over_candidate": 1.0095124883463555}
{"case": {"B": 1, "SEQ_LEN": 256, "H": 1, "HQ": 16, "D": 64, "S": 1, "block_size": 64, "is_causal": true}, "candidate": "baseline", "phase": "compile_correctness"}
{"case": {"B": 1, "SEQ_LEN": 256, "H": 1, "HQ": 16, "D": 64, "S": 1, "block_size": 64, "is_causal": true}, "candidate": "candidate", "phase": "compile_correctness"}
2026-09-07 10:09:27  [TileLang:tilelang.cache.kernel_cache:WARNING] (kernel_cache.py:342): Found kernel 'kernel' in memory cache. For better performance, consider using `@tilelang.jit` instead of direct kernel caching.
{"case": {"B": 1, "SEQ_LEN": 256, "H": 1, "HQ": 16, "D": 64, "S": 1, "block_size": 64, "is_causal": true}, "seed": 355, "status": "PASS", "call_event_ms": {"baseline": [0.014156800508499146, 0.014207999408245086, 0.014182400703430176, 0.014233599603176116], "candidate": [0.01443839967250824, 0.014259199798107147, 0.014207999408245086, 0.014105600118637086]}, "median_ms": {"baseline": 0.014195200055837631, "candidate": 0.014233599603176116}, "baseline_over_candidate": 0.9973021900004889}
{"case": {"B": 1, "SEQ_LEN": 512, "H": 1, "HQ": 16, "D": 64, "S": 1, "block_size": 32, "is_causal": true}, "candidate": "baseline", "phase": "compile_correctness"}
{"case": {"B": 1, "SEQ_LEN": 512, "H": 1, "HQ": 16, "D": 64, "S": 1, "block_size": 32, "is_causal": true}, "candidate": "candidate", "phase": "compile_correctness"}
2026-09-07 10:09:27  [TileLang:tilelang.cache.kernel_cache:WARNING] (kernel_cache.py:342): Found kernel 'kernel' in memory cache. For better performance, consider using `@tilelang.jit` instead of direct kernel caching.
{"case": {"B": 1, "SEQ_LEN": 512, "H": 1, "HQ": 16, "D": 64, "S": 1, "block_size": 32, "is_causal": true}, "seed": 355, "status": "PASS", "call_event_ms": {"baseline": [0.011673600226640702, 0.01088000014424324, 0.01085439994931221, 0.01090560033917427], "candidate": [0.011161600053310395, 0.01090560033917427, 0.01090560033917427, 0.010956799983978272]}, "median_ms": {"baseline": 0.010892800241708755, "candidate": 0.010931200161576272}, "baseline_over_candidate": 0.9964871268204845}
{"case": {"B": 1, "SEQ_LEN": 512, "H": 1, "HQ": 16, "D": 64, "S": 1, "block_size": 64, "is_causal": true}, "candidate": "baseline", "phase": "compile_correctness"}
{"case": {"B": 1, "SEQ_LEN": 512, "H": 1, "HQ": 16, "D": 64, "S": 1, "block_size": 64, "is_causal": true}, "candidate": "candidate", "phase": "compile_correctness"}
2026-09-07 10:09:28  [TileLang:tilelang.cache.kernel_cache:WARNING] (kernel_cache.py:342): Found kernel 'kernel' in memory cache. For better performance, consider using `@tilelang.jit` instead of direct kernel caching.
{"case": {"B": 1, "SEQ_LEN": 512, "H": 1, "HQ": 16, "D": 64, "S": 1, "block_size": 64, "is_causal": true}, "seed": 355, "status": "PASS", "call_event_ms": {"baseline": [0.016896000504493712, 0.01664000004529953, 0.01666560024023056, 0.0165120005607605], "candidate": [0.01681919991970062, 0.01676799952983856, 0.01664000004529953, 0.01664000004529953]}, "median_ms": {"baseline": 0.016652800142765045, "candidate": 0.016703999787569045}, "baseline_over_candidate": 0.9969348871255314}
{"case": {"B": 1, "SEQ_LEN": 512, "H": 1, "HQ": 16, "D": 128, "S": 1, "block_size": 32, "is_causal": true}, "candidate": "baseline", "phase": "compile_correctness"}
{"case": {"B": 1, "SEQ_LEN": 512, "H": 1, "HQ": 16, "D": 128, "S": 1, "block_size": 32, "is_causal": true}, "candidate": "candidate", "phase": "compile_correctness"}
{"case": {"B": 1, "SEQ_LEN": 512, "H": 1, "HQ": 16, "D": 128, "S": 1, "block_size": 32, "is_causal": true}, "seed": 355, "status": "PASS", "call_event_ms": {"baseline": [0.018432000279426576, 0.017843200266361235, 0.017817600071430205, 0.017791999876499175], "candidate": [0.015488000214099884, 0.01530880033969879, 0.015334400534629821, 0.01528320014476776]}, "median_ms": {"baseline": 0.01783040016889572, "candidate": 0.015321600437164306}, "baseline_over_candidate": 1.1637426678773082}
{"case": {"B": 2, "SEQ_LEN": 256, "H": 1, "HQ": 16, "D": 64, "S": 1, "block_size": 64, "is_causal": true}, "candidate": "baseline", "phase": "compile_correctness"}
{"case": {"B": 2, "SEQ_LEN": 256, "H": 1, "HQ": 16, "D": 64, "S": 1, "block_size": 64, "is_causal": true}, "candidate": "candidate", "phase": "compile_correctness"}
2026-09-07 10:09:28  [TileLang:tilelang.cache.kernel_cache:WARNING] (kernel_cache.py:342): Found kernel 'kernel' in memory cache. For better performance, consider using `@tilelang.jit` instead of direct kernel caching.
{"case": {"B": 2, "SEQ_LEN": 256, "H": 1, "HQ": 16, "D": 64, "S": 1, "block_size": 64, "is_causal": true}, "seed": 355, "status": "PASS", "call_event_ms": {"baseline": [0.01646080017089844, 0.016383999586105348, 0.016307200491428375, 0.01648640036582947], "candidate": [0.01656319946050644, 0.016383999586105348, 0.01646080017089844, 0.016256000101566314]}, "median_ms": {"baseline": 0.016422399878501893, "candidate": 0.016422399878501893}, "baseline_over_candidate": 1.0}
{"case": {"B": 4, "SEQ_LEN": 128, "H": 1, "HQ": 16, "D": 64, "S": 1, "block_size": 32, "is_causal": true}, "candidate": "baseline", "phase": "compile_correctness"}
{"case": {"B": 4, "SEQ_LEN": 128, "H": 1, "HQ": 16, "D": 64, "S": 1, "block_size": 32, "is_causal": true}, "candidate": "candidate", "phase": "compile_correctness"}
2026-09-07 10:09:28  [TileLang:tilelang.cache.kernel_cache:WARNING] (kernel_cache.py:342): Found kernel 'kernel' in memory cache. For better performance, consider using `@tilelang.jit` instead of direct kernel caching.
{"case": {"B": 4, "SEQ_LEN": 128, "H": 1, "HQ": 16, "D": 64, "S": 1, "block_size": 32, "is_causal": true}, "seed": 355, "status": "PASS", "call_event_ms": {"baseline": [0.011724799871444702, 0.011033599823713302, 0.011007999628782272, 0.010828799754381179], "candidate": [0.011135999858379365, 0.010982400178909302, 0.010982400178909302, 0.01090560033917427]}, "median_ms": {"baseline": 0.011020799726247787, "candidate": 0.010982400178909302}, "baseline_over_candidate": 1.0034964622225502}
{"case": {"B": 4, "SEQ_LEN": 128, "H": 1, "HQ": 16, "D": 64, "S": 1, "block_size": 64, "is_causal": true}, "candidate": "baseline", "phase": "compile_correctness"}
{"case": {"B": 4, "SEQ_LEN": 128, "H": 1, "HQ": 16, "D": 64, "S": 1, "block_size": 64, "is_causal": true}, "candidate": "candidate", "phase": "compile_correctness"}
2026-09-07 10:09:28  [TileLang:tilelang.cache.kernel_cache:WARNING] (kernel_cache.py:342): Found kernel 'kernel' in memory cache. For better performance, consider using `@tilelang.jit` instead of direct kernel caching.
{"case": {"B": 4, "SEQ_LEN": 128, "H": 1, "HQ": 16, "D": 64, "S": 1, "block_size": 64, "is_causal": true}, "seed": 355, "status": "PASS", "call_event_ms": {"baseline": [0.01658879965543747, 0.01640959978103638, 0.01640959978103638, 0.01648640036582947], "candidate": [0.01664000004529953, 0.016383999586105348, 0.016281600296497344, 0.016383999586105348]}, "median_ms": {"baseline": 0.016448000073432924, "candidate": 0.016383999586105348}, "baseline_over_candidate": 1.0039062798427956}
{"case": {"B": 2, "SEQ_LEN": 512, "H": 1, "HQ": 16, "D": 128, "S": 1, "block_size": 32, "is_causal": true}, "candidate": "baseline", "phase": "compile_correctness"}
{"case": {"B": 2, "SEQ_LEN": 512, "H": 1, "HQ": 16, "D": 128, "S": 1, "block_size": 32, "is_causal": true}, "candidate": "candidate", "phase": "compile_correctness"}
{"case": {"B": 2, "SEQ_LEN": 512, "H": 1, "HQ": 16, "D": 128, "S": 1, "block_size": 32, "is_causal": true}, "seed": 355, "status": "PASS", "call_event_ms": {"baseline": [0.025036799907684325, 0.02447360008955002, 0.024345600605010988, 0.024243199825286867], "candidate": [0.021913599967956544, 0.021631999313831328, 0.021631999313831328, 0.02176000028848648]}, "median_ms": {"baseline": 0.024409600347280503, "candidate": 0.021695999801158904}, "baseline_over_candidate": 1.1250737726305036}
{"case": {"B": 4, "SEQ_LEN": 1024, "H": 1, "HQ": 16, "D": 128, "S": 1, "block_size": 32, "is_causal": true}, "candidate": "baseline", "phase": "compile_correctness"}
{"case": {"B": 4, "SEQ_LEN": 1024, "H": 1, "HQ": 16, "D": 128, "S": 1, "block_size": 32, "is_causal": true}, "candidate": "candidate", "phase": "compile_correctness"}
{"case": {"B": 4, "SEQ_LEN": 1024, "H": 1, "HQ": 16, "D": 128, "S": 1, "block_size": 32, "is_causal": true}, "seed": 355, "status": "PASS", "call_event_ms": {"baseline": [0.08007680177688599, 0.07920640110969543, 0.07953919768333435, 0.07956479787826538], "candidate": [0.059520000219345094, 0.05934079885482788, 0.059008002281188965, 0.05911039710044861]}, "median_ms": {"baseline": 0.07955199778079987, "candidate": 0.059225597977638246}, "baseline_over_candidate": 1.343202947665235}
{"case": {"B": 8, "SEQ_LEN": 512, "H": 1, "HQ": 16, "D": 128, "S": 1, "block_size": 32, "is_causal": true}, "candidate": "baseline", "phase": "compile_correctness"}
{"case": {"B": 8, "SEQ_LEN": 512, "H": 1, "HQ": 16, "D": 128, "S": 1, "block_size": 32, "is_causal": true}, "candidate": "candidate", "phase": "compile_correctness"}
{"case": {"B": 8, "SEQ_LEN": 512, "H": 1, "HQ": 16, "D": 128, "S": 1, "block_size": 32, "is_causal": true}, "seed": 355, "status": "PASS", "call_event_ms": {"baseline": [0.0814848005771637, 0.08048639893531799, 0.08035839796066284, 0.08089600205421447], "candidate": [0.05928959846496582, 0.058905601501464844, 0.05934079885482788, 0.05911039710044861]}, "median_ms": {"baseline": 0.08069120049476623, "candidate": 0.059199997782707216}, "baseline_over_candidate": 1.3630270864357492}
{"case": {"B": 1, "SEQ_LEN": 256, "H": 2, "HQ": 32, "D": 64, "S": 1, "block_size": 16, "is_causal": true}, "candidate": "baseline", "phase": "compile_correctness"}
{"case": {"B": 1, "SEQ_LEN": 256, "H": 2, "HQ": 32, "D": 64, "S": 1, "block_size": 16, "is_causal": true}, "candidate": "candidate", "phase": "compile_correctness"}
2026-09-07 10:09:29  [TileLang:tilelang.cache.kernel_cache:WARNING] (kernel_cache.py:342): Found kernel 'kernel' in memory cache. For better performance, consider using `@tilelang.jit` instead of direct kernel caching.
{"case": {"B": 1, "SEQ_LEN": 256, "H": 2, "HQ": 32, "D": 64, "S": 1, "block_size": 16, "is_causal": true}, "seed": 355, "status": "PASS", "call_event_ms": {"baseline": [0.011673600226640702, 0.011059200018644333, 0.010649599879980088, 0.010777600109577179], "candidate": [0.011315199732780456, 0.01088000014424324, 0.01090560033917427, 0.011007999628782272]}, "median_ms": {"baseline": 0.010918400064110757, "candidate": 0.01095679998397827}, "baseline_over_candidate": 0.9964953344111726}
{"case": {"B": 2, "SEQ_LEN": 512, "H": 2, "HQ": 32, "D": 64, "S": 1, "block_size": 16, "is_causal": true}, "candidate": "baseline", "phase": "compile_correctness"}
{"case": {"B": 2, "SEQ_LEN": 512, "H": 2, "HQ": 32, "D": 64, "S": 1, "block_size": 16, "is_causal": true}, "candidate": "candidate", "phase": "compile_correctness"}
2026-09-07 10:09:30  [TileLang:tilelang.cache.kernel_cache:WARNING] (kernel_cache.py:342): Found kernel 'kernel' in memory cache. For better performance, consider using `@tilelang.jit` instead of direct kernel caching.
{"case": {"B": 2, "SEQ_LEN": 512, "H": 2, "HQ": 32, "D": 64, "S": 1, "block_size": 16, "is_causal": true}, "seed": 355, "status": "PASS", "call_event_ms": {"baseline": [0.01881600022315979, 0.018406400084495546, 0.018559999763965607, 0.018688000738620758], "candidate": [0.01820160001516342, 0.0179967999458313, 0.017664000391960144, 0.01797119975090027]}, "median_ms": {"baseline": 0.018624000251293182, "candidate": 0.017983999848365784}, "baseline_over_candidate": 1.0355872113169282}
{"case": {"B": 1, "SEQ_LEN": 512, "H": 2, "HQ": 32, "D": 128, "S": 1, "block_size": 16, "is_causal": true}, "candidate": "baseline", "phase": "compile_correctness"}
{"case": {"B": 1, "SEQ_LEN": 512, "H": 2, "HQ": 32, "D": 128, "S": 1, "block_size": 16, "is_causal": true}, "candidate": "candidate", "phase": "compile_correctness"}
{"case": {"B": 1, "SEQ_LEN": 512, "H": 2, "HQ": 32, "D": 128, "S": 1, "block_size": 16, "is_causal": true}, "seed": 355, "status": "PASS", "call_event_ms": {"baseline": [0.01963520050048828, 0.01879040002822876, 0.018764799833297728, 0.01881600022315979], "candidate": [0.017894400656223296, 0.017612800002098083, 0.017843200266361235, 0.017766399681568144]}, "median_ms": {"baseline": 0.018803200125694274, "candidate": 0.01780479997396469}, "baseline_over_candidate": 1.0560747749589723}
{"case": {"B": 1, "SEQ_LEN": 256, "H": 1, "HQ": 16, "D": 64, "S": 2, "block_size": 16, "is_causal": true}, "candidate": "baseline", "phase": "compile_correctness"}
{"case": {"B": 1, "SEQ_LEN": 256, "H": 1, "HQ": 16, "D": 64, "S": 2, "block_size": 16, "is_causal": true}, "candidate": "candidate", "phase": "compile_correctness"}
2026-09-07 10:09:30  [TileLang:tilelang.cache.kernel_cache:WARNING] (kernel_cache.py:342): Found kernel 'kernel' in memory cache. For better performance, consider using `@tilelang.jit` instead of direct kernel caching.
{"case": {"B": 1, "SEQ_LEN": 256, "H": 1, "HQ": 16, "D": 64, "S": 2, "block_size": 16, "is_causal": true}, "seed": 355, "status": "PASS", "call_event_ms": {"baseline": [0.011494400352239609, 0.010828799754381179, 0.011648000031709672, 0.01085439994931221], "candidate": [0.01090560033917427, 0.010726399719715118, 0.01080320030450821, 0.010675200074911118]}, "median_ms": {"baseline": 0.01117440015077591, "candidate": 0.010764800012111664}, "baseline_over_candidate": 1.0380499533854226}
{"case": {"B": 2, "SEQ_LEN": 512, "H": 1, "HQ": 16, "D": 64, "S": 2, "block_size": 16, "is_causal": true}, "candidate": "baseline", "phase": "compile_correctness"}
{"case": {"B": 2, "SEQ_LEN": 512, "H": 1, "HQ": 16, "D": 64, "S": 2, "block_size": 16, "is_causal": true}, "candidate": "candidate", "phase": "compile_correctness"}
{"case": {"B": 2, "SEQ_LEN": 512, "H": 1, "HQ": 16, "D": 64, "S": 2, "block_size": 16, "is_causal": true}, "seed": 355, "status": "PASS", "call_event_ms": {"baseline": [0.020454399287700653, 0.01930239945650101, 0.018943999707698823, 0.018943999707698823], "candidate": [0.013363200426101684, 0.013107199966907502, 0.013055999577045441, 0.013081599771976472]}, "median_ms": {"baseline": 0.019123199582099917, "candidate": 0.013094399869441987}, "baseline_over_candidate": 1.4604105398313947}
{"case": {"B": 4, "SEQ_LEN": 1024, "H": 1, "HQ": 16, "D": 64, "S": 2, "block_size": 16, "is_causal": true}, "candidate": "baseline", "phase": "compile_correctness"}
{"case": {"B": 4, "SEQ_LEN": 1024, "H": 1, "HQ": 16, "D": 64, "S": 2, "block_size": 16, "is_causal": true}, "candidate": "candidate", "phase": "compile_correctness"}
{"case": {"B": 4, "SEQ_LEN": 1024, "H": 1, "HQ": 16, "D": 64, "S": 2, "block_size": 16, "is_causal": true}, "seed": 355, "status": "PASS", "call_event_ms": {"baseline": [0.051123201847076416, 0.051046401262283325, 0.05081599950790405, 0.05081599950790405], "candidate": [0.04160000085830688, 0.04195840060710907, 0.04136959910392761, 0.04170239865779877]}, "median_ms": {"baseline": 0.05093120038509369, "candidate": 0.04165119975805283}, "baseline_over_candidate": 1.2228027207126648}
{"case": {"B": 1, "SEQ_LEN": 256, "H": 1, "HQ": 16, "D": 64, "S": 4, "block_size": 16, "is_causal": true}, "candidate": "baseline", "phase": "compile_correctness"}
{"case": {"B": 1, "SEQ_LEN": 256, "H": 1, "HQ": 16, "D": 64, "S": 4, "block_size": 16, "is_causal": true}, "candidate": "candidate", "phase": "compile_correctness"}
2026-09-07 10:09:31  [TileLang:tilelang.cache.kernel_cache:WARNING] (kernel_cache.py:342): Found kernel 'kernel' in memory cache. For better performance, consider using `@tilelang.jit` instead of direct kernel caching.
{"case": {"B": 1, "SEQ_LEN": 256, "H": 1, "HQ": 16, "D": 64, "S": 4, "block_size": 16, "is_causal": true}, "seed": 355, "status": "PASS", "call_event_ms": {"baseline": [0.015692800283432007, 0.015744000673294067, 0.015641599893569946, 0.015692800283432007], "candidate": [0.015820799767971037, 0.015615999698638916, 0.01592320054769516, 0.015692800283432007]}, "median_ms": {"baseline": 0.015692800283432007, "candidate": 0.015756800025701522}, "baseline_over_candidate": 0.9959382779393581}
{"case": {"B": 2, "SEQ_LEN": 512, "H": 1, "HQ": 16, "D": 64, "S": 4, "block_size": 16, "is_causal": true}, "candidate": "baseline", "phase": "compile_correctness"}
{"case": {"B": 2, "SEQ_LEN": 512, "H": 1, "HQ": 16, "D": 64, "S": 4, "block_size": 16, "is_causal": true}, "candidate": "candidate", "phase": "compile_correctness"}
2026-09-07 10:09:31  [TileLang:tilelang.cache.kernel_cache:WARNING] (kernel_cache.py:342): Found kernel 'kernel' in memory cache. For better performance, consider using `@tilelang.jit` instead of direct kernel caching.
{"case": {"B": 2, "SEQ_LEN": 512, "H": 1, "HQ": 16, "D": 64, "S": 4, "block_size": 16, "is_causal": true}, "seed": 355, "status": "PASS", "call_event_ms": {"baseline": [0.029209598898887634, 0.0289792001247406, 0.0289792001247406, 0.02885119915008545], "candidate": [0.02890239953994751, 0.02890239953994751, 0.02887679934501648, 0.028825598955154418]}, "median_ms": {"baseline": 0.0289792001247406, "candidate": 0.028889599442481994}, "baseline_over_candidate": 1.0031014857937715}
{"case": {"B": 4, "SEQ_LEN": 1024, "H": 1, "HQ": 16, "D": 64, "S": 4, "block_size": 16, "is_causal": true}, "candidate": "baseline", "phase": "compile_correctness"}
{"case": {"B": 4, "SEQ_LEN": 1024, "H": 1, "HQ": 16, "D": 64, "S": 4, "block_size": 16, "is_causal": true}, "candidate": "candidate", "phase": "compile_correctness"}
2026-09-07 10:09:31  [TileLang:tilelang.cache.kernel_cache:WARNING] (kernel_cache.py:342): Found kernel 'kernel' in memory cache. For better performance, consider using `@tilelang.jit` instead of direct kernel caching.
{"case": {"B": 4, "SEQ_LEN": 1024, "H": 1, "HQ": 16, "D": 64, "S": 4, "block_size": 16, "is_causal": true}, "seed": 355, "status": "PASS", "call_event_ms": {"baseline": [0.07933440208435058, 0.07905279994010925, 0.07900159955024719, 0.07897599935531616], "candidate": [0.07915520071983337, 0.07900159955024719, 0.07897599935531616, 0.07920640110969543]}, "median_ms": {"baseline": 0.07902719974517822, "candidate": 0.07907840013504028}, "baseline_over_candidate": 0.9993525363465292}
{"case": {"B": 1, "SEQ_LEN": 256, "H": 1, "HQ": 16, "D": 64, "S": 8, "block_size": 16, "is_causal": true}, "candidate": "baseline", "phase": "compile_correctness"}
{"case": {"B": 1, "SEQ_LEN": 256, "H": 1, "HQ": 16, "D": 64, "S": 8, "block_size": 16, "is_causal": true}, "candidate": "candidate", "phase": "compile_correctness"}
2026-09-07 10:09:32  [TileLang:tilelang.cache.kernel_cache:WARNING] (kernel_cache.py:342): Found kernel 'kernel' in memory cache. For better performance, consider using `@tilelang.jit` instead of direct kernel caching.
{"case": {"B": 1, "SEQ_LEN": 256, "H": 1, "HQ": 16, "D": 64, "S": 8, "block_size": 16, "is_causal": true}, "seed": 355, "status": "PASS", "call_event_ms": {"baseline": [0.024831999838352204, 0.02475520074367523, 0.024780799448490144, 0.024780799448490144], "candidate": [0.024831999838352204, 0.0247296005487442, 0.02467840015888214, 0.02470400035381317]}, "median_ms": {"baseline": 0.024780799448490144, "candidate": 0.024716800451278685}, "baseline_over_candidate": 1.0025892913339496}
{"case": {"B": 2, "SEQ_LEN": 512, "H": 1, "HQ": 16, "D": 64, "S": 8, "block_size": 16, "is_causal": true}, "candidate": "baseline", "phase": "compile_correctness"}
{"case": {"B": 2, "SEQ_LEN": 512, "H": 1, "HQ": 16, "D": 64, "S": 8, "block_size": 16, "is_causal": true}, "candidate": "candidate", "phase": "compile_correctness"}
2026-09-07 10:09:32  [TileLang:tilelang.cache.kernel_cache:WARNING] (kernel_cache.py:342): Found kernel 'kernel' in memory cache. For better performance, consider using `@tilelang.jit` instead of direct kernel caching.
{"case": {"B": 2, "SEQ_LEN": 512, "H": 1, "HQ": 16, "D": 64, "S": 8, "block_size": 16, "is_causal": true}, "seed": 355, "status": "PASS", "call_event_ms": {"baseline": [0.04157440066337585, 0.04108799993991852, 0.04103679955005646, 0.04103679955005646], "candidate": [0.04106239974498749, 0.04116480052471161, 0.04111360013484955, 0.04103679955005646]}, "median_ms": {"baseline": 0.04106239974498749, "candidate": 0.04108799993991852}, "baseline_over_candidate": 0.9993769422953548}
{"case": {"B": 4, "SEQ_LEN": 1024, "H": 1, "HQ": 16, "D": 64, "S": 8, "block_size": 16, "is_causal": true}, "candidate": "baseline", "phase": "compile_correctness"}
{"case": {"B": 4, "SEQ_LEN": 1024, "H": 1, "HQ": 16, "D": 64, "S": 8, "block_size": 16, "is_causal": true}, "candidate": "candidate", "phase": "compile_correctness"}
2026-09-07 10:09:32  [TileLang:tilelang.cache.kernel_cache:WARNING] (kernel_cache.py:342): Found kernel 'kernel' in memory cache. For better performance, consider using `@tilelang.jit` instead of direct kernel caching.
{"case": {"B": 4, "SEQ_LEN": 1024, "H": 1, "HQ": 16, "D": 64, "S": 8, "block_size": 16, "is_causal": true}, "seed": 355, "status": "PASS", "call_event_ms": {"baseline": [0.12364799976348877, 0.1230847954750061, 0.12311040163040161, 0.12290560007095337], "candidate": [0.1230847954750061, 0.12300800085067749, 0.12298239469528198, 0.12323839664459228]}, "median_ms": {"baseline": 0.12309759855270386, "candidate": 0.1230463981628418}, "baseline_over_candidate": 1.0004161063682198}
{"case": {"B": 1, "SEQ_LEN": 1024, "H": 1, "HQ": 16, "D": 128, "S": 1, "block_size": 32, "is_causal": true}, "candidate": "baseline", "phase": "compile_correctness"}
{"case": {"B": 1, "SEQ_LEN": 1024, "H": 1, "HQ": 16, "D": 128, "S": 1, "block_size": 32, "is_causal": true}, "candidate": "candidate", "phase": "compile_correctness"}
{"case": {"B": 1, "SEQ_LEN": 1024, "H": 1, "HQ": 16, "D": 128, "S": 1, "block_size": 32, "is_causal": true}, "seed": 355, "status": "PASS", "call_event_ms": {"baseline": [0.02462719976902008, 0.024089600145816802, 0.024140800535678863, 0.02398719936609268], "candidate": [0.021657599508762358, 0.021299199759960176, 0.021376000344753267, 0.021273599565029146]}, "median_ms": {"baseline": 0.024115200340747833, "candidate": 0.02133760005235672}, "baseline_over_candidate": 1.130173978403177}
{"case": {"B": 2, "SEQ_LEN": 1024, "H": 1, "HQ": 16, "D": 128, "S": 1, "block_size": 32, "is_causal": true}, "candidate": "baseline", "phase": "compile_correctness"}
{"case": {"B": 2, "SEQ_LEN": 1024, "H": 1, "HQ": 16, "D": 128, "S": 1, "block_size": 32, "is_causal": true}, "candidate": "candidate", "phase": "compile_correctness"}
{"case": {"B": 2, "SEQ_LEN": 1024, "H": 1, "HQ": 16, "D": 128, "S": 1, "block_size": 32, "is_causal": true}, "seed": 355, "status": "PASS", "call_event_ms": {"baseline": [0.04492799937725067, 0.04439040124416351, 0.04436480104923248, 0.04410879909992218], "candidate": [0.03409920036792755, 0.0336896002292633, 0.03402239978313446, 0.034355199337005614]}, "median_ms": {"baseline": 0.044377601146698, "candidate": 0.03406080007553101}, "baseline_over_candidate": 1.3028936797811304}
{"case": {"B": 4, "SEQ_LEN": 512, "H": 1, "HQ": 16, "D": 128, "S": 1, "block_size": 32, "is_causal": true}, "candidate": "baseline", "phase": "compile_correctness"}
{"case": {"B": 4, "SEQ_LEN": 512, "H": 1, "HQ": 16, "D": 128, "S": 1, "block_size": 32, "is_causal": true}, "candidate": "candidate", "phase": "compile_correctness"}
{"case": {"B": 4, "SEQ_LEN": 512, "H": 1, "HQ": 16, "D": 128, "S": 1, "block_size": 32, "is_causal": true}, "seed": 355, "status": "PASS", "call_event_ms": {"baseline": [0.045388799905776975, 0.0444927990436554, 0.04477440118789673, 0.04415999948978424], "candidate": [0.03412480056285858, 0.033843201398849485, 0.03394559919834137, 0.03404799997806549]}, "median_ms": {"baseline": 0.044633600115776065, "candidate": 0.03399679958820343}, "baseline_over_candidate": 1.312876525332211}
{"case": {"B": 8, "SEQ_LEN": 256, "H": 1, "HQ": 16, "D": 128, "S": 1, "block_size": 32, "is_causal": true}, "candidate": "baseline", "phase": "compile_correctness"}
{"case": {"B": 8, "SEQ_LEN": 256, "H": 1, "HQ": 16, "D": 128, "S": 1, "block_size": 32, "is_causal": true}, "candidate": "candidate", "phase": "compile_correctness"}
{"case": {"B": 8, "SEQ_LEN": 256, "H": 1, "HQ": 16, "D": 128, "S": 1, "block_size": 32, "is_causal": true}, "seed": 355, "status": "PASS", "call_event_ms": {"baseline": [0.0462336003780365, 0.04523519873619079, 0.045414400100708005, 0.045311999320983884], "candidate": [0.03466239869594574, 0.03399679958820343, 0.03409920036792755, 0.03399679958820343]}, "median_ms": {"baseline": 0.045363199710845944, "candidate": 0.03404799997806549}, "baseline_over_candidate": 1.3323308194334458}
{"case": {"B": 1, "SEQ_LEN": 2048, "H": 1, "HQ": 16, "D": 32, "S": 1, "block_size": 16, "is_causal": true}, "candidate": "baseline", "phase": "compile_correctness"}
{"case": {"B": 1, "SEQ_LEN": 2048, "H": 1, "HQ": 16, "D": 32, "S": 1, "block_size": 16, "is_causal": true}, "candidate": "candidate", "phase": "compile_correctness"}
2026-09-07 10:09:33  [TileLang:tilelang.cache.kernel_cache:WARNING] (kernel_cache.py:342): Found kernel 'kernel' in memory cache. For better performance, consider using `@tilelang.jit` instead of direct kernel caching.
{"case": {"B": 1, "SEQ_LEN": 2048, "H": 1, "HQ": 16, "D": 32, "S": 1, "block_size": 16, "is_causal": true}, "seed": 355, "status": "PASS", "call_event_ms": {"baseline": [0.011801599711179733, 0.010751999914646149, 0.01085439994931221, 0.010777600109577179], "candidate": [0.011059200018644333, 0.01090560033917427, 0.010931199789047242, 0.01090560033917427]}, "median_ms": {"baseline": 0.010816000029444694, "candidate": 0.010918400064110757}, "baseline_over_candidate": 0.9906213333396112}
{"case": {"B": 4, "SEQ_LEN": 2048, "H": 1, "HQ": 16, "D": 32, "S": 1, "block_size": 16, "is_causal": true}, "candidate": "baseline", "phase": "compile_correctness"}
{"case": {"B": 4, "SEQ_LEN": 2048, "H": 1, "HQ": 16, "D": 32, "S": 1, "block_size": 16, "is_causal": true}, "candidate": "candidate", "phase": "compile_correctness"}
{"case": {"B": 4, "SEQ_LEN": 2048, "H": 1, "HQ": 16, "D": 32, "S": 1, "block_size": 16, "is_causal": true}, "seed": 355, "status": "PASS", "call_event_ms": {"baseline": [0.025113600492477416, 0.024422399699687958, 0.02455040067434311, 0.024320000410079957], "candidate": [0.023756800591945647, 0.023423999547958374, 0.023577600717544556, 0.023628799617290495]}, "median_ms": {"baseline": 0.024486400187015533, "candidate": 0.023603200167417526}, "baseline_over_candidate": 1.037418655662515}
{"case": {"B": 8, "SEQ_LEN": 2048, "H": 1, "HQ": 16, "D": 32, "S": 1, "block_size": 16, "is_causal": true}, "candidate": "baseline", "phase": "compile_correctness"}
{"case": {"B": 8, "SEQ_LEN": 2048, "H": 1, "HQ": 16, "D": 32, "S": 1, "block_size": 16, "is_causal": true}, "candidate": "candidate", "phase": "compile_correctness"}
{"case": {"B": 8, "SEQ_LEN": 2048, "H": 1, "HQ": 16, "D": 32, "S": 1, "block_size": 16, "is_causal": true}, "seed": 355, "status": "PASS", "call_event_ms": {"baseline": [0.04157440066337585, 0.04103679955005646, 0.04080640077590943, 0.0419840008020401], "candidate": [0.03975679874420166, 0.039526399970054624, 0.039654400944709775, 0.03985919952392578]}, "median_ms": {"baseline": 0.041305600106716155, "candidate": 0.03970559984445572}, "baseline_over_candidate": 1.0402965896127583}
{"case": {"B": 1, "SEQ_LEN": 48, "H": 1, "HQ": 16, "D": 32, "S": 1, "block_size": 16, "is_causal": true}, "candidate": "baseline", "phase": "compile_correctness"}
{"case": {"B": 1, "SEQ_LEN": 48, "H": 1, "HQ": 16, "D": 32, "S": 1, "block_size": 16, "is_causal": true}, "candidate": "candidate", "phase": "compile_correctness"}
2026-09-07 10:09:34  [TileLang:tilelang.cache.kernel_cache:WARNING] (kernel_cache.py:342): Found kernel 'kernel' in memory cache. For better performance, consider using `@tilelang.jit` instead of direct kernel caching.
{"case": {"B": 1, "SEQ_LEN": 48, "H": 1, "HQ": 16, "D": 32, "S": 1, "block_size": 16, "is_causal": true}, "seed": 355, "status": "PASS", "call_event_ms": {"baseline": [0.011852800101041793, 0.010751999914646149, 0.010675200074911118, 0.010700800269842149], "candidate": [0.010956799983978272, 0.010777600109577179, 0.010777600109577179, 0.01088000014424324]}, "median_ms": {"baseline": 0.010726400092244149, "candidate": 0.01082880012691021}, "baseline_over_candidate": 0.9905437321341272}
{"case": {"B": 2, "SEQ_LEN": 48, "H": 1, "HQ": 16, "D": 32, "S": 1, "block_size": 16, "is_causal": true}, "candidate": "baseline", "phase": "compile_correctness"}
{"case": {"B": 2, "SEQ_LEN": 48, "H": 1, "HQ": 16, "D": 32, "S": 1, "block_size": 16, "is_causal": true}, "candidate": "candidate", "phase": "compile_correctness"}
2026-09-07 10:09:34  [TileLang:tilelang.cache.kernel_cache:WARNING] (kernel_cache.py:342): Found kernel 'kernel' in memory cache. For better performance, consider using `@tilelang.jit` instead of direct kernel caching.
{"case": {"B": 2, "SEQ_LEN": 48, "H": 1, "HQ": 16, "D": 32, "S": 1, "block_size": 16, "is_causal": true}, "seed": 355, "status": "PASS", "call_event_ms": {"baseline": [0.011596799641847611, 0.010777600109577179, 0.010598400235176086, 0.010470400005578995], "candidate": [0.011007999628782272, 0.011392000317573547, 0.010675200074911118, 0.011494400352239609]}, "median_ms": {"baseline": 0.010688000172376633, "candidate": 0.011199999973177908}, "baseline_over_candidate": 0.9542857319618369}
{"case": {"B": 4, "SEQ_LEN": 48, "H": 1, "HQ": 16, "D": 32, "S": 1, "block_size": 16, "is_causal": true}, "candidate": "baseline", "phase": "compile_correctness"}
{"case": {"B": 4, "SEQ_LEN": 48, "H": 1, "HQ": 16, "D": 32, "S": 1, "block_size": 16, "is_causal": true}, "candidate": "candidate", "phase": "compile_correctness"}
2026-09-07 10:09:34  [TileLang:tilelang.cache.kernel_cache:WARNING] (kernel_cache.py:342): Found kernel 'kernel' in memory cache. For better performance, consider using `@tilelang.jit` instead of direct kernel caching.
{"case": {"B": 4, "SEQ_LEN": 48, "H": 1, "HQ": 16, "D": 32, "S": 1, "block_size": 16, "is_causal": true}, "seed": 355, "status": "PASS", "call_event_ms": {"baseline": [0.011827199906110763, 0.010828799754381179, 0.01085439994931221, 0.010598400235176086], "candidate": [0.010931199789047242, 0.010828799754381179, 0.01088000014424324, 0.010623999685049058]}, "median_ms": {"baseline": 0.010841599851846694, "candidate": 0.01085439994931221}, "baseline_over_candidate": 0.9988207457321189}
{"case": {"B": 8, "SEQ_LEN": 48, "H": 1, "HQ": 16, "D": 32, "S": 1, "block_size": 16, "is_causal": true}, "candidate": "baseline", "phase": "compile_correctness"}
{"case": {"B": 8, "SEQ_LEN": 48, "H": 1, "HQ": 16, "D": 32, "S": 1, "block_size": 16, "is_causal": true}, "candidate": "candidate", "phase": "compile_correctness"}
2026-09-07 10:09:35  [TileLang:tilelang.cache.kernel_cache:WARNING] (kernel_cache.py:342): Found kernel 'kernel' in memory cache. For better performance, consider using `@tilelang.jit` instead of direct kernel caching.
{"case": {"B": 8, "SEQ_LEN": 48, "H": 1, "HQ": 16, "D": 32, "S": 1, "block_size": 16, "is_causal": true}, "seed": 355, "status": "PASS", "call_event_ms": {"baseline": [0.011468800157308579, 0.010751999914646149, 0.010726399719715118, 0.010726399719715118], "candidate": [0.010777600109577179, 0.010649599879980088, 0.01085439994931221, 0.010751999914646149]}, "median_ms": {"baseline": 0.010739199817180634, "candidate": 0.010764800012111664}, "baseline_over_candidate": 0.9976218606103014}
{"case": {"B": 1, "SEQ_LEN": 96, "H": 1, "HQ": 16, "D": 32, "S": 1, "block_size": 16, "is_causal": true}, "candidate": "baseline", "phase": "compile_correctness"}
{"case": {"B": 1, "SEQ_LEN": 96, "H": 1, "HQ": 16, "D": 32, "S": 1, "block_size": 16, "is_causal": true}, "candidate": "candidate", "phase": "compile_correctness"}
2026-09-07 10:09:35  [TileLang:tilelang.cache.kernel_cache:WARNING] (kernel_cache.py:342): Found kernel 'kernel' in memory cache. For better performance, consider using `@tilelang.jit` instead of direct kernel caching.
{"case": {"B": 1, "SEQ_LEN": 96, "H": 1, "HQ": 16, "D": 32, "S": 1, "block_size": 16, "is_causal": true}, "seed": 355, "status": "PASS", "call_event_ms": {"baseline": [0.011648000031709672, 0.010828799754381179, 0.010572800040245056, 0.010623999685049058], "candidate": [0.010726399719715118, 0.010623999685049058, 0.010700800269842149, 0.010623999685049058]}, "median_ms": {"baseline": 0.010726399719715118, "candidate": 0.010662399977445603}, "baseline_over_candidate": 1.0060023768011794}
{"case": {"B": 2, "SEQ_LEN": 96, "H": 1, "HQ": 16, "D": 32, "S": 1, "block_size": 16, "is_causal": true}, "candidate": "baseline", "phase": "compile_correctness"}
{"case": {"B": 2, "SEQ_LEN": 96, "H": 1, "HQ": 16, "D": 32, "S": 1, "block_size": 16, "is_causal": true}, "candidate": "candidate", "phase": "compile_correctness"}
2026-09-07 10:09:35  [TileLang:tilelang.cache.kernel_cache:WARNING] (kernel_cache.py:342): Found kernel 'kernel' in memory cache. For better performance, consider using `@tilelang.jit` instead of direct kernel caching.
{"case": {"B": 2, "SEQ_LEN": 96, "H": 1, "HQ": 16, "D": 32, "S": 1, "block_size": 16, "is_causal": true}, "seed": 355, "status": "PASS", "call_event_ms": {"baseline": [0.011852800101041793, 0.010572800040245056, 0.010751999914646149, 0.010598400235176086], "candidate": [0.010982400178909302, 0.01228799968957901, 0.010572800040245056, 0.010700800269842149]}, "median_ms": {"baseline": 0.010675200074911118, "candidate": 0.010841600224375726}, "baseline_over_candidate": 0.9846516984558716}
{"case": {"B": 4, "SEQ_LEN": 96, "H": 1, "HQ": 16, "D": 32, "S": 1, "block_size": 16, "is_causal": true}, "candidate": "baseline", "phase": "compile_correctness"}
{"case": {"B": 4, "SEQ_LEN": 96, "H": 1, "HQ": 16, "D": 32, "S": 1, "block_size": 16, "is_causal": true}, "candidate": "candidate", "phase": "compile_correctness"}
2026-09-07 10:09:35  [TileLang:tilelang.cache.kernel_cache:WARNING] (kernel_cache.py:342): Found kernel 'kernel' in memory cache. For better performance, consider using `@tilelang.jit` instead of direct kernel caching.
{"case": {"B": 4, "SEQ_LEN": 96, "H": 1, "HQ": 16, "D": 32, "S": 1, "block_size": 16, "is_causal": true}, "seed": 355, "status": "PASS", "call_event_ms": {"baseline": [0.011724799871444702, 0.010623999685049058, 0.010470400005578995, 0.010572800040245056], "candidate": [0.010956799983978272, 0.010572800040245056, 0.012160000205039979, 0.010547199845314026]}, "median_ms": {"baseline": 0.010598399862647056, "candidate": 0.010764800012111664}, "baseline_over_candidate": 0.9845421977856171}
{"case": {"B": 8, "SEQ_LEN": 96, "H": 1, "HQ": 16, "D": 32, "S": 1, "block_size": 16, "is_causal": true}, "candidate": "baseline", "phase": "compile_correctness"}
{"case": {"B": 8, "SEQ_LEN": 96, "H": 1, "HQ": 16, "D": 32, "S": 1, "block_size": 16, "is_causal": true}, "candidate": "candidate", "phase": "compile_correctness"}
2026-09-07 10:09:35  [TileLang:tilelang.cache.kernel_cache:WARNING] (kernel_cache.py:342): Found kernel 'kernel' in memory cache. For better performance, consider using `@tilelang.jit` instead of direct kernel caching.
{"case": {"B": 8, "SEQ_LEN": 96, "H": 1, "HQ": 16, "D": 32, "S": 1, "block_size": 16, "is_causal": true}, "seed": 355, "status": "PASS", "call_event_ms": {"baseline": [0.01157120019197464, 0.010675200074911118, 0.010751999914646149, 0.010700800269842149], "candidate": [0.010982400178909302, 0.010700800269842149, 0.01088000014424324, 0.011110399663448334]}, "median_ms": {"baseline": 0.010726400092244149, "candidate": 0.010931200161576272}, "baseline_over_candidate": 0.9812646309366829}
{"case": {"B": 1, "SEQ_LEN": 4096, "H": 1, "HQ": 16, "D": 64, "S": 1, "block_size": 16, "is_causal": true}, "candidate": "baseline", "phase": "compile_correctness"}
{"case": {"B": 1, "SEQ_LEN": 4096, "H": 1, "HQ": 16, "D": 64, "S": 1, "block_size": 16, "is_causal": true}, "candidate": "candidate", "phase": "compile_correctness"}
2026-09-07 10:09:36  [TileLang:tilelang.cache.kernel_cache:WARNING] (kernel_cache.py:342): Found kernel 'kernel' in memory cache. For better performance, consider using `@tilelang.jit` instead of direct kernel caching.
{"case": {"B": 1, "SEQ_LEN": 4096, "H": 1, "HQ": 16, "D": 64, "S": 1, "block_size": 16, "is_causal": true}, "seed": 355, "status": "PASS", "call_event_ms": {"baseline": [0.029747200012207032, 0.029209598898887634, 0.02900480031967163, 0.02910720109939575], "candidate": [0.029721599817276, 0.029747200012207032, 0.029311999678611755, 0.02959359884262085]}, "median_ms": {"baseline": 0.029158399999141695, "candidate": 0.029657599329948426}, "baseline_over_candidate": 0.9831679116959869}
{"case": {"B": 1, "SEQ_LEN": 4096, "H": 1, "HQ": 16, "D": 128, "S": 1, "block_size": 16, "is_causal": true}, "candidate": "baseline", "phase": "compile_correctness"}
{"case": {"B": 1, "SEQ_LEN": 4096, "H": 1, "HQ": 16, "D": 128, "S": 1, "block_size": 16, "is_causal": true}, "candidate": "candidate", "phase": "compile_correctness"}
{"case": {"B": 1, "SEQ_LEN": 4096, "H": 1, "HQ": 16, "D": 128, "S": 1, "block_size": 16, "is_causal": true}, "seed": 355, "status": "PASS", "call_event_ms": {"baseline": [0.05726720094680786, 0.05719040036201477, 0.056985598802566526, 0.05675519704818725], "candidate": [0.05137919783592224, 0.05055999755859375, 0.05012480020523071, 0.050995200872421265]}, "median_ms": {"baseline": 0.05708799958229065, "candidate": 0.05077759921550751}, "baseline_over_candidate": 1.1242752801289577}
{"case": {"B": 2, "SEQ_LEN": 4096, "H": 1, "HQ": 16, "D": 64, "S": 1, "block_size": 16, "is_causal": true}, "candidate": "baseline", "phase": "compile_correctness"}
{"case": {"B": 2, "SEQ_LEN": 4096, "H": 1, "HQ": 16, "D": 64, "S": 1, "block_size": 16, "is_causal": true}, "candidate": "candidate", "phase": "compile_correctness"}
2026-09-07 10:09:36  [TileLang:tilelang.cache.kernel_cache:WARNING] (kernel_cache.py:342): Found kernel 'kernel' in memory cache. For better performance, consider using `@tilelang.jit` instead of direct kernel caching.
{"case": {"B": 2, "SEQ_LEN": 4096, "H": 1, "HQ": 16, "D": 64, "S": 1, "block_size": 16, "is_causal": true}, "seed": 355, "status": "PASS", "call_event_ms": {"baseline": [0.05071359872817993, 0.04984320104122162, 0.04971520006656647, 0.04963839948177338], "candidate": [0.04971520006656647, 0.04961279928684235, 0.04927999973297119, 0.05017600059509277]}, "median_ms": {"baseline": 0.049779200553894044, "candidate": 0.04966399967670441}, "baseline_over_candidate": 1.0023196053064505}
{"case": {"B": 4, "SEQ_LEN": 4096, "H": 1, "HQ": 16, "D": 64, "S": 1, "block_size": 16, "is_causal": true}, "candidate": "baseline", "phase": "compile_correctness"}
{"case": {"B": 4, "SEQ_LEN": 4096, "H": 1, "HQ": 16, "D": 64, "S": 1, "block_size": 16, "is_causal": true}, "candidate": "candidate", "phase": "compile_correctness"}
2026-09-07 10:09:37  [TileLang:tilelang.cache.kernel_cache:WARNING] (kernel_cache.py:342): Found kernel 'kernel' in memory cache. For better performance, consider using `@tilelang.jit` instead of direct kernel caching.
{"case": {"B": 4, "SEQ_LEN": 4096, "H": 1, "HQ": 16, "D": 64, "S": 1, "block_size": 16, "is_causal": true}, "seed": 355, "status": "PASS", "call_event_ms": {"baseline": [0.09047039747238159, 0.09008640050888062, 0.08972799777984619, 0.08942080140113831], "candidate": [0.08901119828224183, 0.08921599984169007, 0.08911359906196595, 0.08895999789237977]}, "median_ms": {"baseline": 0.0899071991443634, "candidate": 0.08906239867210389}, "baseline_over_candidate": 1.0094854897785739}
{"case": {"B": 8, "SEQ_LEN": 4096, "H": 1, "HQ": 16, "D": 64, "S": 1, "block_size": 16, "is_causal": true}, "candidate": "baseline", "phase": "compile_correctness"}
{"case": {"B": 8, "SEQ_LEN": 4096, "H": 1, "HQ": 16, "D": 64, "S": 1, "block_size": 16, "is_causal": true}, "candidate": "candidate", "phase": "compile_correctness"}
2026-09-07 10:09:37  [TileLang:tilelang.cache.kernel_cache:WARNING] (kernel_cache.py:342): Found kernel 'kernel' in memory cache. For better performance, consider using `@tilelang.jit` instead of direct kernel caching.
{"case": {"B": 8, "SEQ_LEN": 4096, "H": 1, "HQ": 16, "D": 64, "S": 1, "block_size": 16, "is_causal": true}, "seed": 355, "status": "PASS", "call_event_ms": {"baseline": [0.17023999691009523, 0.16680959463119507, 0.16880639791488647, 0.16862720251083374], "candidate": [0.1690111994743347, 0.1687551975250244, 0.1686784029006958, 0.16860159635543823]}, "median_ms": {"baseline": 0.16871680021286012, "candidate": 0.16871680021286012}, "baseline_over_candidate": 1.0}
{"case": {"B": 1, "SEQ_LEN": 8192, "H": 1, "HQ": 16, "D": 64, "S": 1, "block_size": 16, "is_causal": true}, "candidate": "baseline", "phase": "compile_correctness"}
{"case": {"B": 1, "SEQ_LEN": 8192, "H": 1, "HQ": 16, "D": 64, "S": 1, "block_size": 16, "is_causal": true}, "candidate": "candidate", "phase": "compile_correctness"}
2026-09-07 10:09:38  [TileLang:tilelang.cache.kernel_cache:WARNING] (kernel_cache.py:342): Found kernel 'kernel' in memory cache. For better performance, consider using `@tilelang.jit` instead of direct kernel caching.
{"case": {"B": 1, "SEQ_LEN": 8192, "H": 1, "HQ": 16, "D": 64, "S": 1, "block_size": 16, "is_causal": true}, "seed": 355, "status": "PASS", "call_event_ms": {"baseline": [0.04966399967670441, 0.05004799962043762, 0.04956159889698029, 0.0499455988407135], "candidate": [0.05002239942550659, 0.04981760084629059, 0.0499455988407135, 0.05025280117988586]}, "median_ms": {"baseline": 0.049804799258708954, "candidate": 0.049983999133110045}, "baseline_over_candidate": 0.9964148552034847}
{"case": {"B": 1, "SEQ_LEN": 8192, "H": 1, "HQ": 16, "D": 128, "S": 1, "block_size": 16, "is_causal": true}, "candidate": "baseline", "phase": "compile_correctness"}
{"case": {"B": 1, "SEQ_LEN": 8192, "H": 1, "HQ": 16, "D": 128, "S": 1, "block_size": 16, "is_causal": true}, "candidate": "candidate", "phase": "compile_correctness"}
{"case": {"B": 1, "SEQ_LEN": 8192, "H": 1, "HQ": 16, "D": 128, "S": 1, "block_size": 16, "is_causal": true}, "seed": 355, "status": "PASS", "call_event_ms": {"baseline": [0.10368000268936158, 0.10493439435958862, 0.1018623948097229, 0.10270719528198242], "candidate": [0.09359359741210938, 0.09402880072593689, 0.09244160056114196, 0.0932096004486084]}, "median_ms": {"baseline": 0.103193598985672, "candidate": 0.09340159893035889}, "baseline_over_candidate": 1.1048376062878122}
{"case": {"B": 2, "SEQ_LEN": 8192, "H": 1, "HQ": 16, "D": 64, "S": 1, "block_size": 16, "is_causal": true}, "candidate": "baseline", "phase": "compile_correctness"}
{"case": {"B": 2, "SEQ_LEN": 8192, "H": 1, "HQ": 16, "D": 64, "S": 1, "block_size": 16, "is_causal": true}, "candidate": "candidate", "phase": "compile_correctness"}
2026-09-07 10:09:38  [TileLang:tilelang.cache.kernel_cache:WARNING] (kernel_cache.py:342): Found kernel 'kernel' in memory cache. For better performance, consider using `@tilelang.jit` instead of direct kernel caching.
{"case": {"B": 2, "SEQ_LEN": 8192, "H": 1, "HQ": 16, "D": 64, "S": 1, "block_size": 16, "is_causal": true}, "seed": 355, "status": "PASS", "call_event_ms": {"baseline": [0.08947200179100037, 0.09059839844703674, 0.08821759819984436, 0.08988159894943237], "candidate": [0.0901632010936737, 0.09003520011901855, 0.08908799886703492, 0.08960000276565552]}, "median_ms": {"baseline": 0.08967680037021637, "candidate": 0.08981760144233704}, "baseline_over_candidate": 0.9984323665978649}
{"case": {"B": 4, "SEQ_LEN": 8192, "H": 1, "HQ": 16, "D": 32, "S": 1, "block_size": 16, "is_causal": true}, "candidate": "baseline", "phase": "compile_correctness"}
{"case": {"B": 4, "SEQ_LEN": 8192, "H": 1, "HQ": 16, "D": 32, "S": 1, "block_size": 16, "is_causal": true}, "candidate": "candidate", "phase": "compile_correctness"}
{"case": {"B": 4, "SEQ_LEN": 8192, "H": 1, "HQ": 16, "D": 32, "S": 1, "block_size": 16, "is_causal": true}, "seed": 355, "status": "PASS", "call_event_ms": {"baseline": [0.0754688024520874, 0.07498239874839782, 0.07464960217475891, 0.07457280158996582], "candidate": [0.07134720087051391, 0.07124480009078979, 0.07201279997825623, 0.07106559872627258]}, "median_ms": {"baseline": 0.07481600046157837, "candidate": 0.07129600048065185}, "baseline_over_candidate": 1.0493716331518732}
{"case": {"B": 1, "SEQ_LEN": 16384, "H": 1, "HQ": 16, "D": 32, "S": 1, "block_size": 16, "is_causal": true}, "candidate": "baseline", "phase": "compile_correctness"}
{"case": {"B": 1, "SEQ_LEN": 16384, "H": 1, "HQ": 16, "D": 32, "S": 1, "block_size": 16, "is_causal": true}, "candidate": "candidate", "phase": "compile_correctness"}
{"case": {"B": 1, "SEQ_LEN": 16384, "H": 1, "HQ": 16, "D": 32, "S": 1, "block_size": 16, "is_causal": true}, "seed": 355, "status": "PASS", "call_event_ms": {"baseline": [0.04193280041217804, 0.04142079949378967, 0.0417279988527298, 0.04175359904766083], "candidate": [0.039705601334571836, 0.039552000164985654, 0.039603200554847715, 0.040217599272727965]}, "median_ms": {"baseline": 0.041740798950195314, "candidate": 0.039654400944709775}, "baseline_over_candidate": 1.052614538507204}
{"case": {"B": 1, "SEQ_LEN": 16384, "H": 1, "HQ": 16, "D": 64, "S": 1, "block_size": 16, "is_causal": true}, "candidate": "baseline", "phase": "compile_correctness"}
{"case": {"B": 1, "SEQ_LEN": 16384, "H": 1, "HQ": 16, "D": 64, "S": 1, "block_size": 16, "is_causal": true}, "candidate": "candidate", "phase": "compile_correctness"}
2026-09-07 10:09:40  [TileLang:tilelang.cache.kernel_cache:WARNING] (kernel_cache.py:342): Found kernel 'kernel' in memory cache. For better performance, consider using `@tilelang.jit` instead of direct kernel caching.
{"case": {"B": 1, "SEQ_LEN": 16384, "H": 1, "HQ": 16, "D": 64, "S": 1, "block_size": 16, "is_causal": true}, "seed": 355, "status": "PASS", "call_event_ms": {"baseline": [0.09274880290031433, 0.09198079705238342, 0.09164800047874451, 0.092467200756073], "candidate": [0.09123839735984803, 0.09141759872436524, 0.09054719805717468, 0.09072639942169189]}, "median_ms": {"baseline": 0.09222399890422821, "candidate": 0.09098239839076996}, "baseline_over_candidate": 1.013646601270342}
{"case": {"B": 2, "SEQ_LEN": 16384, "H": 1, "HQ": 16, "D": 32, "S": 1, "block_size": 16, "is_causal": true}, "candidate": "baseline", "phase": "compile_correctness"}
{"case": {"B": 2, "SEQ_LEN": 16384, "H": 1, "HQ": 16, "D": 32, "S": 1, "block_size": 16, "is_causal": true}, "candidate": "candidate", "phase": "compile_correctness"}
{"case": {"B": 2, "SEQ_LEN": 16384, "H": 1, "HQ": 16, "D": 32, "S": 1, "block_size": 16, "is_causal": true}, "seed": 355, "status": "PASS", "call_event_ms": {"baseline": [0.07554559707641602, 0.0762112021446228, 0.075135999917984, 0.07516160011291503], "candidate": [0.07167999744415283, 0.07162879705429077, 0.07137280106544494, 0.07162879705429077]}, "median_ms": {"baseline": 0.07535359859466553, "candidate": 0.07162879705429077}, "baseline_over_candidate": 1.0520014532360715}
