{"command": ["/opt/mcProfiler-ubuntu18.04/mcProfiler", "perf_exec", "--cmdline", "python tests/profile_controlled_kernel.py --module submissions/nsa128.py --case-id 6 --prefix results/profile128_d128_source --seed 0 --mode public --cold", "--cwd", "/data/nsa_codex_20260909_r1", "--kernelname", "kernel", "--casename", "nsa128_d128_pressure", "--custom", "--counts", "1", "--metrics", "AP MMA Duty ratio", "ISU stall cycles layout", "shared memory access efficiency", "Global Memory Read bytes", "Global Memory Write bytes", "Private Read Instructions", "Private Write Instructions", "--output", "/data/nsa_codex_20260909_r1/results/profile128_d128"], "limitation": "Counters are not qualified latency or causal proof"}
profiler http listen to 127.0.0.1:50123
try to connect to server...
 * Serving Flask app 'Profiler' (lazy loading)
 * Environment: production
   WARNING: This is a development server. Do not use it in a production deployment.
   Use a production WSGI server instead.
 * Debug mode: off
connect to server success
cmdline is: python tests/profile_controlled_kernel.py --module submissions/nsa128.py --case-id 6 --prefix results/profile128_d128_source --seed 0 --mode public --cold
casename is: nsa128_d128_pressure
metrics is: ['AP MMA Duty ratio', 'ISU stall cycles layout', 'shared memory access efficiency', 'Global Memory Read bytes', 'Global Memory Write bytes', 'Private Read Instructions', 'Private Write Instructions']
start a local task...
[info] start a new perf exec thread
[info] start perf_exec
[info] new exec 0039d064-1654-4b9c-b866-1114b566beca:('python tests/profile_controlled_kernel.py --module submissions/nsa128.py --case-id 6 --prefix results/profile128_d128_source --seed 0 --mode public --cold', 'nsa128_d128_pressure', ['AP MMA Duty ratio', 'ISU stall cycles layout', 'shared memory access efficiency', 'Global Memory Read bytes', 'Global Memory Write bytes', 'Private Read Instructions', 'Private Write Instructions'])
########## exec_id: 0039d064-1654-4b9c-b866-1114b566beca ##########
[info] start generate batch files
[info] output path is: /data/nsa_codex_20260909_r1/results/profile128_d128
[info] generate event_batch_1.json successfully!
[info] generate event_batch_2.json successfully!
[info] generate batch files done
[warning] get_srvrpc_port get rpc server ports failed: cannot retrieve rpc server port.
[warning] get_srvrpc_port get rpc server ports failed: cannot retrieve rpc server port.
[warning] get_srvrpc_port get rpc server ports failed: cannot retrieve rpc server port.
[warning] get_srvrpc_port get rpc server ports failed: cannot retrieve rpc server port.
Loading tilelang libs from dev root: /opt/tilelang-metax-v0.1.10/build
[14:33:08.523][MXS][W]| MCTX_TARGET_INIT               | 1               | 0               |
[14:33:08.526][MCR][I]mc_device.cpp            :562 : Signal SIGUSR1 now has a custom handler to enable mctx at runtime!
[14:33:08.526][MCR][I]mc_device.cpp            :309 : mcSnapShotCtx: Attempting to open shared memory: /shm_snapshot_187425
mctxAutoStart called!
[14:33:08.526][MCTX][I]mctxTPImpl.cpp           :201 : MACA configuration file path redirected from ${MACA_PATH}/etc to MACA_ETC_PATH
[14:33:08.526][MCTX][I]mctxTPImpl.cpp           :201 : MACA configuration file path redirected from ${MACA_PATH}/etc to MACA_ETC_PATH
[14:33:08.526][MCTX][I]mctxTPImpl.cpp           :300 : profiler target ENV file[/data/nsa_codex_20260909_r1/results/profile128_d128/mcProfiler.json] exist!
[14:33:08.526][MCR][I]mc_device.cpp            :849 : Init enter!
[14:33:08.526][MXC][I]MxcInit: entering
[14:33:08.530][MXKW][I]topology.c              :1358: [topology_sysfs_get_system_props]PlatformCpuNodes:2 ,num_sysfs_nodes:23
[14:33:08.530][MXKW][I]topology.c              :283 : [get_directory_socket_id]fscanf path:/sys/devices/virtual/mxcd/mxcd/layout/nodes/2/gpu_id,res: 0,errno:1
[14:33:08.530][MXKW][W]topology.c              :1424: [topology_sysfs_get_system_props]err_node_num is 1,ret is 0,is_node_supported is 0
[14:33:08.530][MXKW][I]topology.c              :283 : [get_directory_socket_id]fscanf path:/sys/devices/virtual/mxcd/mxcd/layout/nodes/3/gpu_id,res: 0,errno:1
[14:33:08.530][MXKW][W]topology.c              :1424: [topology_sysfs_get_system_props]err_node_num is 2,ret is 0,is_node_supported is 0
[14:33:08.530][MXKW][I]topology.c              :283 : [get_directory_socket_id]fscanf path:/sys/devices/virtual/mxcd/mxcd/layout/nodes/4/gpu_id,res: 0,errno:1
[14:33:08.530][MXKW][W]topology.c              :1424: [topology_sysfs_get_system_props]err_node_num is 3,ret is 0,is_node_supported is 0
[14:33:08.530][MXKW][I]topology.c              :283 : [get_directory_socket_id]fscanf path:/sys/devices/virtual/mxcd/mxcd/layout/nodes/5/gpu_id,res: 0,errno:1
[14:33:08.530][MXKW][W]topology.c              :1424: [topology_sysfs_get_system_props]err_node_num is 4,ret is 0,is_node_supported is 0
[14:33:08.530][MXKW][I]topology.c              :283 : [get_directory_socket_id]fscanf path:/sys/devices/virtual/mxcd/mxcd/layout/nodes/6/gpu_id,res: 0,errno:1
[14:33:08.530][MXKW][W]topology.c              :1424: [topology_sysfs_get_system_props]err_node_num is 5,ret is 0,is_node_supported is 0
[14:33:08.530][MXKW][I]topology.c              :283 : [get_directory_socket_id]fscanf path:/sys/devices/virtual/mxcd/mxcd/layout/nodes/7/gpu_id,res: 0,errno:1
[14:33:08.530][MXKW][W]topology.c              :1424: [topology_sysfs_get_system_props]err_node_num is 6,ret is 0,is_node_supported is 0
[14:33:08.530][MXKW][I]topology.c              :283 : [get_directory_socket_id]fscanf path:/sys/devices/virtual/mxcd/mxcd/layout/nodes/8/gpu_id,res: 0,errno:1
[14:33:08.530][MXKW][W]topology.c              :1424: [topology_sysfs_get_system_props]err_node_num is 7,ret is 0,is_node_supported is 0
[14:33:08.530][MXKW][I]topology.c              :283 : [get_directory_socket_id]fscanf path:/sys/devices/virtual/mxcd/mxcd/layout/nodes/9/gpu_id,res: 0,errno:1
[14:33:08.530][MXKW][W]topology.c              :1424: [topology_sysfs_get_system_props]err_node_num is 8,ret is 0,is_node_supported is 0
[14:33:08.530][MXKW][I]topology.c              :283 : [get_directory_socket_id]fscanf path:/sys/devices/virtual/mxcd/mxcd/layout/nodes/301/gpu_id,res: 0,errno:1
[14:33:08.530][MXKW][W]topology.c              :1424: [topology_sysfs_get_system_props]err_node_num is 9,ret is 0,is_node_supported is 0
[14:33:08.530][MXKW][I]topology.c              :283 : [get_directory_socket_id]fscanf path:/sys/devices/virtual/mxcd/mxcd/layout/nodes/303/gpu_id,res: 0,errno:1
[14:33:08.530][MXKW][W]topology.c              :1424: [topology_sysfs_get_system_props]err_node_num is 10,ret is 0,is_node_supported is 0
[14:33:08.530][MXKW][I]topology.c              :283 : [get_directory_socket_id]fscanf path:/sys/devices/virtual/mxcd/mxcd/layout/nodes/304/gpu_id,res: 0,errno:1
[14:33:08.530][MXKW][W]topology.c              :1424: [topology_sysfs_get_system_props]err_node_num is 11,ret is 0,is_node_supported is 0
[14:33:08.530][MXKW][I]topology.c              :283 : [get_directory_socket_id]fscanf path:/sys/devices/virtual/mxcd/mxcd/layout/nodes/306/gpu_id,res: 0,errno:1
[14:33:08.530][MXKW][W]topology.c              :1424: [topology_sysfs_get_system_props]err_node_num is 12,ret is 0,is_node_supported is 0
[14:33:08.530][MXKW][I]topology.c              :283 : [get_directory_socket_id]fscanf path:/sys/devices/virtual/mxcd/mxcd/layout/nodes/307/gpu_id,res: 0,errno:1
[14:33:08.530][MXKW][W]topology.c              :1424: [topology_sysfs_get_system_props]err_node_num is 13,ret is 0,is_node_supported is 0
[14:33:08.530][MXKW][I]topology.c              :283 : [get_directory_socket_id]fscanf path:/sys/devices/virtual/mxcd/mxcd/layout/nodes/308/gpu_id,res: 0,errno:1
[14:33:08.530][MXKW][W]topology.c              :1424: [topology_sysfs_get_system_props]err_node_num is 14,ret is 0,is_node_supported is 0
[14:33:08.530][MXKW][I]topology.c              :283 : [get_directory_socket_id]fscanf path:/sys/devices/virtual/mxcd/mxcd/layout/nodes/309/gpu_id,res: 0,errno:1
[14:33:08.530][MXKW][W]topology.c              :1424: [topology_sysfs_get_system_props]err_node_num is 15,ret is 0,is_node_supported is 0
[14:33:08.530][MXKW][I]topology.c              :283 : [get_directory_socket_id]fscanf path:/sys/devices/virtual/mxcd/mxcd/layout/nodes/312/gpu_id,res: 0,errno:1
[14:33:08.530][MXKW][W]topology.c              :1424: [topology_sysfs_get_system_props]err_node_num is 16,ret is 0,is_node_supported is 0
[14:33:08.530][MXKW][I]topology.c              :283 : [get_directory_socket_id]fscanf path:/sys/devices/virtual/mxcd/mxcd/layout/nodes/313/gpu_id,res: 0,errno:1
[14:33:08.530][MXKW][W]topology.c              :1424: [topology_sysfs_get_system_props]err_node_num is 17,ret is 0,is_node_supported is 0
[14:33:08.530][MXKW][I]topology.c              :283 : [get_directory_socket_id]fscanf path:/sys/devices/virtual/mxcd/mxcd/layout/nodes/314/gpu_id,res: 0,errno:1
[14:33:08.530][MXKW][W]topology.c              :1424: [topology_sysfs_get_system_props]err_node_num is 18,ret is 0,is_node_supported is 0
[14:33:08.530][MXKW][I]topology.c              :283 : [get_directory_socket_id]fscanf path:/sys/devices/virtual/mxcd/mxcd/layout/nodes/315/gpu_id,res: 0,errno:1
[14:33:08.530][MXKW][W]topology.c              :1424: [topology_sysfs_get_system_props]err_node_num is 19,ret is 0,is_node_supported is 0
[14:33:08.530][MXKW][I]topology.c              :283 : [get_directory_socket_id]fscanf path:/sys/devices/virtual/mxcd/mxcd/layout/nodes/317/gpu_id,res: 0,errno:1
[14:33:08.530][MXKW][W]topology.c              :1424: [topology_sysfs_get_system_props]err_node_num is 20,ret is 0,is_node_supported is 0
[14:33:08.530][MXKW][I]topology.c              :1460: [topology_sysfs_get_system_props]cpu total 2 nodes, map list:
[14:33:08.530][MXKW][I]topology.c              :1463: [topology_sysfs_get_system_props]map_cpu[0]:0
[14:33:08.530][MXKW][I]topology.c              :1463: [topology_sysfs_get_system_props]map_cpu[1]:1
[14:33:08.530][MXKW][I]topology.c              :1465: [topology_sysfs_get_system_props]gpu total 1 nodes, map list:
[14:33:08.530][MXKW][I]topology.c              :1468: [topology_sysfs_get_system_props]map_gpu[0]:11
[14:33:08.530][MXKW][I]topology.c              :1516: [topology_sysfs_init_gpu_page_size]XCORE_PAGE_SIZE: 0x200000, GPU_PAGE_SIZE: 0x200000
[14:33:08.530][MXKW][I]topology.c              :954 : [find_pci_info]create pci_info_array. It has 23 element. directory_name is 0.
[14:33:08.530][MXKW][I]topology.c              :962 : [find_pci_info]node 0 's pci info is not found
[14:33:08.530][MXKW][I]topology.c              :911 : [read_pci_info_from_file]can't open /sys/devices/virtual/mxcd/mxcd/layout/nodes/0/location file!
[14:33:08.530][MXKW][I]topology.c              :962 : [find_pci_info]node 0 's pci info is not found
[14:33:08.530][MXKW][I]topology.c              :911 : [read_pci_info_from_file]can't open /sys/devices/virtual/mxcd/mxcd/layout/nodes/0/location file!
[14:33:08.530][MXKW][I]topology.c              :1944: [topology_sysfs_get_node_props]Device isa_major is 0, isa_minor is 0, MXName is
[14:33:08.530][MXKW][I]topology.c              :962 : [find_pci_info]node 1 's pci info is not found
[14:33:08.530][MXKW][I]topology.c              :911 : [read_pci_info_from_file]can't open /sys/devices/virtual/mxcd/mxcd/layout/nodes/1/location file!
[14:33:08.530][MXKW][I]topology.c              :962 : [find_pci_info]node 1 's pci info is not found
[14:33:08.530][MXKW][I]topology.c              :911 : [read_pci_info_from_file]can't open /sys/devices/virtual/mxcd/mxcd/layout/nodes/1/location file!
[14:33:08.530][MXKW][I]topology.c              :1944: [topology_sysfs_get_node_props]Device isa_major is 0, isa_minor is 0, MXName is
[14:33:08.530][MXKW][I]topology.c              :962 : [find_pci_info]node 302 's pci info is not found
[14:33:08.530][MXKW][I]topology.c              :984 : [add_pci_info]added node 302 pci info , bdf_value:3584, domain_value:0
[14:33:08.530][MXKW][I]topology.c              :1944: [topology_sysfs_get_node_props]Device isa_major is 10, isa_minor is 0, MXName is
[14:33:08.531][MXKW][I]fmm.c                   :2445: [init_mmap_apertures]Initialized unreserved SVM apertures: 0xa00000000 - 0x7fffffffffff
[14:33:08.531][MXKW][I]topology.c              :1358: [topology_sysfs_get_system_props]PlatformCpuNodes:2 ,num_sysfs_nodes:23
[14:33:08.531][MXKW][I]topology.c              :283 : [get_directory_socket_id]fscanf path:/sys/devices/virtual/mxcd/mxcd/layout/nodes/2/gpu_id,res: 0,errno:1
[14:33:08.531][MXKW][W]topology.c              :1424: [topology_sysfs_get_system_props]err_node_num is 1,ret is 0,is_node_supported is 0
[14:33:08.531][MXKW][I]topology.c              :283 : [get_directory_socket_id]fscanf path:/sys/devices/virtual/mxcd/mxcd/layout/nodes/3/gpu_id,res: 0,errno:1
[14:33:08.531][MXKW][W]topology.c              :1424: [topology_sysfs_get_system_props]err_node_num is 2,ret is 0,is_node_supported is 0
[14:33:08.531][MXKW][I]topology.c              :283 : [get_directory_socket_id]fscanf path:/sys/devices/virtual/mxcd/mxcd/layout/nodes/4/gpu_id,res: 0,errno:1
[14:33:08.531][MXKW][W]topology.c              :1424: [topology_sysfs_get_system_props]err_node_num is 3,ret is 0,is_node_supported is 0
[14:33:08.531][MXKW][I]topology.c              :283 : [get_directory_socket_id]fscanf path:/sys/devices/virtual/mxcd/mxcd/layout/nodes/5/gpu_id,res: 0,errno:1
[14:33:08.531][MXKW][W]topology.c              :1424: [topology_sysfs_get_system_props]err_node_num is 4,ret is 0,is_node_supported is 0
[14:33:08.531][MXKW][I]topology.c              :283 : [get_directory_socket_id]fscanf path:/sys/devices/virtual/mxcd/mxcd/layout/nodes/6/gpu_id,res: 0,errno:1
[14:33:08.531][MXKW][W]topology.c              :1424: [topology_sysfs_get_system_props]err_node_num is 5,ret is 0,is_node_supported is 0
[14:33:08.531][MXKW][I]topology.c              :283 : [get_directory_socket_id]fscanf path:/sys/devices/virtual/mxcd/mxcd/layout/nodes/7/gpu_id,res: 0,errno:1
[14:33:08.531][MXKW][W]topology.c              :1424: [topology_sysfs_get_system_props]err_node_num is 6,ret is 0,is_node_supported is 0
[14:33:08.531][MXKW][I]topology.c              :283 : [get_directory_socket_id]fscanf path:/sys/devices/virtual/mxcd/mxcd/layout/nodes/8/gpu_id,res: 0,errno:1
[14:33:08.531][MXKW][W]topology.c              :1424: [topology_sysfs_get_system_props]err_node_num is 7,ret is 0,is_node_supported is 0
[14:33:08.531][MXKW][I]topology.c              :283 : [get_directory_socket_id]fscanf path:/sys/devices/virtual/mxcd/mxcd/layout/nodes/9/gpu_id,res: 0,errno:1
[14:33:08.531][MXKW][W]topology.c              :1424: [topology_sysfs_get_system_props]err_node_num is 8,ret is 0,is_node_supported is 0
[14:33:08.531][MXKW][I]topology.c              :283 : [get_directory_socket_id]fscanf path:/sys/devices/virtual/mxcd/mxcd/layout/nodes/301/gpu_id,res: 0,errno:1
[14:33:08.531][MXKW][W]topology.c              :1424: [topology_sysfs_get_system_props]err_node_num is 9,ret is 0,is_node_supported is 0
[14:33:08.531][MXKW][I]topology.c              :283 : [get_directory_socket_id]fscanf path:/sys/devices/virtual/mxcd/mxcd/layout/nodes/303/gpu_id,res: 0,errno:1
[14:33:08.531][MXKW][W]topology.c              :1424: [topology_sysfs_get_system_props]err_node_num is 10,ret is 0,is_node_supported is 0
[14:33:08.531][MXKW][I]topology.c              :283 : [get_directory_socket_id]fscanf path:/sys/devices/virtual/mxcd/mxcd/layout/nodes/304/gpu_id,res: 0,errno:1
[14:33:08.531][MXKW][W]topology.c              :1424: [topology_sysfs_get_system_props]err_node_num is 11,ret is 0,is_node_supported is 0
[14:33:08.531][MXKW][I]topology.c              :283 : [get_directory_socket_id]fscanf path:/sys/devices/virtual/mxcd/mxcd/layout/nodes/306/gpu_id,res: 0,errno:1
[14:33:08.531][MXKW][W]topology.c              :1424: [topology_sysfs_get_system_props]err_node_num is 12,ret is 0,is_node_supported is 0
[14:33:08.531][MXKW][I]topology.c              :283 : [get_directory_socket_id]fscanf path:/sys/devices/virtual/mxcd/mxcd/layout/nodes/307/gpu_id,res: 0,errno:1
[14:33:08.531][MXKW][W]topology.c              :1424: [topology_sysfs_get_system_props]err_node_num is 13,ret is 0,is_node_supported is 0
[14:33:08.531][MXKW][I]topology.c              :283 : [get_directory_socket_id]fscanf path:/sys/devices/virtual/mxcd/mxcd/layout/nodes/308/gpu_id,res: 0,errno:1
[14:33:08.531][MXKW][W]topology.c              :1424: [topology_sysfs_get_system_props]err_node_num is 14,ret is 0,is_node_supported is 0
[14:33:08.531][MXKW][I]topology.c              :283 : [get_directory_socket_id]fscanf path:/sys/devices/virtual/mxcd/mxcd/layout/nodes/309/gpu_id,res: 0,errno:1
[14:33:08.531][MXKW][W]topology.c              :1424: [topology_sysfs_get_system_props]err_node_num is 15,ret is 0,is_node_supported is 0
[14:33:08.531][MXKW][I]topology.c              :283 : [get_directory_socket_id]fscanf path:/sys/devices/virtual/mxcd/mxcd/layout/nodes/312/gpu_id,res: 0,errno:1
[14:33:08.531][MXKW][W]topology.c              :1424: [topology_sysfs_get_system_props]err_node_num is 16,ret is 0,is_node_supported is 0
[14:33:08.531][MXKW][I]topology.c              :283 : [get_directory_socket_id]fscanf path:/sys/devices/virtual/mxcd/mxcd/layout/nodes/313/gpu_id,res: 0,errno:1
[14:33:08.531][MXKW][W]topology.c              :1424: [topology_sysfs_get_system_props]err_node_num is 17,ret is 0,is_node_supported is 0
[14:33:08.531][MXKW][I]topology.c              :283 : [get_directory_socket_id]fscanf path:/sys/devices/virtual/mxcd/mxcd/layout/nodes/314/gpu_id,res: 0,errno:1
[14:33:08.531][MXKW][W]topology.c              :1424: [topology_sysfs_get_system_props]err_node_num is 18,ret is 0,is_node_supported is 0
[14:33:08.531][MXKW][I]topology.c              :283 : [get_directory_socket_id]fscanf path:/sys/devices/virtual/mxcd/mxcd/layout/nodes/315/gpu_id,res: 0,errno:1
[14:33:08.531][MXKW][W]topology.c              :1424: [topology_sysfs_get_system_props]err_node_num is 19,ret is 0,is_node_supported is 0
[14:33:08.531][MXKW][I]topology.c              :283 : [get_directory_socket_id]fscanf path:/sys/devices/virtual/mxcd/mxcd/layout/nodes/317/gpu_id,res: 0,errno:1
[14:33:08.531][MXKW][W]topology.c              :1424: [topology_sysfs_get_system_props]err_node_num is 20,ret is 0,is_node_supported is 0
[14:33:08.531][MXKW][I]topology.c              :1460: [topology_sysfs_get_system_props]cpu total 2 nodes, map list:
[14:33:08.531][MXKW][I]topology.c              :1463: [topology_sysfs_get_system_props]map_cpu[0]:0
[14:33:08.531][MXKW][I]topology.c              :1463: [topology_sysfs_get_system_props]map_cpu[1]:1
[14:33:08.531][MXKW][I]topology.c              :1465: [topology_sysfs_get_system_props]gpu total 1 nodes, map list:
[14:33:08.531][MXKW][I]topology.c              :1468: [topology_sysfs_get_system_props]map_gpu[0]:11
[14:33:08.531][MXKW][I]topology.c              :962 : [find_pci_info]node 0 's pci info is not found
[14:33:08.531][MXKW][I]topology.c              :911 : [read_pci_info_from_file]can't open /sys/devices/virtual/mxcd/mxcd/layout/nodes/0/location file!
[14:33:08.531][MXKW][I]topology.c              :962 : [find_pci_info]node 0 's pci info is not found
[14:33:08.531][MXKW][I]topology.c              :911 : [read_pci_info_from_file]can't open /sys/devices/virtual/mxcd/mxcd/layout/nodes/0/location file!
[14:33:08.531][MXKW][I]topology.c              :1944: [topology_sysfs_get_node_props]Device isa_major is 0, isa_minor is 0, MXName is
[14:33:08.531][MXKW][I]topology.c              :2548: [topology_take_snapshot]node0 direct_links route:
[14:33:08.531][MXKW][I]topology.c              :2562: [topology_take_snapshot]link0 type:2,  0--->1
[14:33:08.531][MXKW][I]topology.c              :962 : [find_pci_info]node 1 's pci info is not found
[14:33:08.531][MXKW][I]topology.c              :911 : [read_pci_info_from_file]can't open /sys/devices/virtual/mxcd/mxcd/layout/nodes/1/location file!
[14:33:08.531][MXKW][I]topology.c              :962 : [find_pci_info]node 1 's pci info is not found
[14:33:08.531][MXKW][I]topology.c              :911 : [read_pci_info_from_file]can't open /sys/devices/virtual/mxcd/mxcd/layout/nodes/1/location file!
[14:33:08.531][MXKW][I]topology.c              :1944: [topology_sysfs_get_node_props]Device isa_major is 0, isa_minor is 0, MXName is
[14:33:08.531][MXKW][I]topology.c              :2548: [topology_take_snapshot]node1 direct_links route:
[14:33:08.531][MXKW][I]topology.c              :2562: [topology_take_snapshot]link0 type:2,  1--->0
[14:33:08.531][MXKW][I]topology.c              :2573: [topology_take_snapshot]node1 indirect_links route:
[14:33:08.532][MXKW][I]topology.c              :1944: [topology_sysfs_get_node_props]Device isa_major is 10, isa_minor is 0, MXName is
[14:33:08.534][MXC][I]MxcInit: leaving
[14:33:08.534][MXC][I]InitDma: Entering
[14:33:08.534][MXC][I]InitDma: Leaving
[14:33:08.534][MCR][I]mx_device.cpp            :2294: Device xcore1000 create, major:10, minor:0
[14:33:08.535][MCR][I]mx_device.cpp            :2795: private_mem:436207616, info_.globalMemSize_:16341008384, gpu_single_alloc_percent:0.990000
[14:33:08.535][MCR][I]mx_device.cpp            :2865: get registersPerMtreg_:64,info_dpcNum_:8,info_wavePerDpc_:416, wavefrontWidth_:64
[14:33:08.535][MCR][I]mx_device.cpp            :3042: rmNum_:8, isuNum_:13, sl1Num_:7, vlsNum_:13, vl1Num_:13, l2cNum_:32, l2aNum_:4, l2xNum_:4

[14:33:08.535][MCR][I]mx_device.cpp            :1091: getQueueCnt hwQueueNum:16
[14:33:08.535][MCR][I]mx_device.cpp            :1153: agent_handle=0x557679835010,hardware queues number:16, queue count configuration: 8-4-4(H-N-L), highForMccl:0
[14:33:08.535][MCR][I]mx_device.cpp            :2445: Device xcore1000 create fininshed!

[14:33:08.535][MCR][I]mx_device.cpp            :2294: Device xcore1000 create, major:10, minor:0
[14:33:08.535][MCR][I]mx_device.cpp            :2795: private_mem:436207616, info_.globalMemSize_:16341008384, gpu_single_alloc_percent:0.990000
[14:33:08.535][MCR][I]mx_device.cpp            :2865: get registersPerMtreg_:64,info_dpcNum_:8,info_wavePerDpc_:416, wavefrontWidth_:64
[14:33:08.535][MCR][I]mx_device.cpp            :3042: rmNum_:8, isuNum_:13, sl1Num_:7, vlsNum_:13, vl1Num_:13, l2cNum_:32, l2aNum_:4, l2xNum_:4

[14:33:08.536][MCR][I]mx_device.cpp            :1091: getQueueCnt hwQueueNum:16
[14:33:08.536][MCR][I]mx_device.cpp            :1153: agent_handle=0x557679835010,hardware queues number:16, queue count configuration: 8-4-4(H-N-L), highForMccl:0
[14:33:08.536][MCR][I]mx_device.cpp            :2445: Device xcore1000 create fininshed!

[14:33:08.536][MCR][I]mc_vpu_impl.cpp          :80  : mcVpuLoad mxvpu lib version: 1.0.20260512_081136

[14:33:08.536][MCR][I]mc_vpu_impl.cpp          :86  : mcVpuLoad load mxvpu lib path: /opt/maca-3.7.1/lib/libmxvpu.so

[14:33:08.536][MCC][I]AddDevice device_id:0, arch:xcore1000
[14:33:08.536][MCC][I]Get compiler from environment variable MACA_PATH: /opt/maca/mxgpu_llvm/bin.
[warning] get_srvrpc_port get rpc server ports failed: cannot retrieve rpc server port.
[warning] get_srvrpc_port get rpc server ports failed: cannot retrieve rpc server port.
[warning] get_srvrpc_port get rpc server ports failed: cannot retrieve rpc server port.
[warning] get_srvrpc_port get rpc server ports failed: cannot retrieve rpc server port.
[warning] get_srvrpc_port get rpc server ports failed: cannot retrieve rpc server port.
[warning] get_srvrpc_port get rpc server ports failed: cannot retrieve rpc server port.
[warning] get_srvrpc_port get rpc server ports failed: cannot retrieve rpc server port.
[warning] get_srvrpc_port get rpc server ports failed: cannot retrieve rpc server port.
[warning] get_srvrpc_port get rpc server ports failed: cannot retrieve rpc server port.
[warning] get_srvrpc_port get rpc server ports failed: cannot retrieve rpc server port.
[warning] get_srvrpc_port get rpc server ports failed: cannot retrieve rpc server port.
[warning] get_srvrpc_port get rpc server ports failed: cannot retrieve rpc server port.
[warning] get_srvrpc_port get rpc server ports failed: cannot retrieve rpc server port.
[warning] get_srvrpc_port get rpc server ports failed: cannot retrieve rpc server port.
[warning] get_srvrpc_port get rpc server ports failed: cannot retrieve rpc server port.
[warning] get_srvrpc_port get rpc server ports failed: cannot retrieve rpc server port.
[warning] get_srvrpc_port get rpc server ports failed: cannot retrieve rpc server port.
[warning] get_srvrpc_port get rpc server ports failed: cannot retrieve rpc server port.
[warning] get_srvrpc_port get rpc server ports failed: cannot retrieve rpc server port.
[warning] get_srvrpc_port get rpc server ports failed: cannot retrieve rpc server port.
[warning] get_srvrpc_port get rpc server ports failed: cannot retrieve rpc server port.
[warning] get_srvrpc_port get rpc server ports failed: cannot retrieve rpc server port.
[14:33:30.368][MXS][I]                    Node0     Node1
[14:33:30.368][MXS][I]Gpu0                X
[14:33:30.368][MXS][I]CpuBind             X         X
get_mempolicy: Operation not permitted
[14:33:30.368][MXS][I]MemBind             X         X
[warning] get_srvrpc_port get rpc server ports failed: cannot retrieve rpc server port.
[14:33:31.151][MXS][I]mcruntime           3%        97%
[14:33:31.930][MXS][I]mccompiler          10%       90%
[warning] get_srvrpc_port get rpc server ports failed: cannot retrieve rpc server port.
[14:33:32.718][MXS][I]mxc-runtime         3%        97%
[warning] get_srvrpc_port get rpc server ports failed: cannot retrieve rpc server port.
[14:33:33.495][MXS][I]mxkw                3%        97%
[14:33:33.495][PTI][I]mcpti_profiler.cpp       :618 : getModuleInfo:1,8,13,7,13,13,32,4,4

[14:33:33.496][MCR][I]mx_device.cpp            :5792: agent_handle=0x557679835010
[14:33:33.498][MCR][I]mx_device.cpp            :1446: created hardware queue 0x7fda06c0b000(HWq=0x7fd618001a90) with size 1024 with priority 0(L), cooperative: 0, is_exclusive: 0
[14:33:33.498][MCR][I]mx_device.cpp            :1458: number of allocated hardware queues 0-0-1(H-N-L), number of users 0-0-1
[14:33:33.503][MCR][W]mx_perf_counter.cpp      :568 : Perf is not exclusive, can not be disabled!
[14:33:33.507][MCTX][I]mctxTPImpl.cpp           :186 : Automatically acquire a port.
[14:33:33.507][MCTX][I]mcRpcAsyncImpl.cpp       :421 : mcRpcServerAsyncInit 0x5576798203a0 0
[14:33:33.507][MCTX][I]mcRpcAsyncImpl.cpp       :500 : mcRpcAsyncServerTask start!
[14:33:33.508][MCTX][I]mcRpcAsyncImpl.cpp       :472 : mcRpcServerAsyncRun start
[14:33:33.508][MCTX][I]server.cpp               :69  : Server thread num: 1, listening on: 32839.
[info] MctxStreamProfilerCountDataGet Start
[info] MctxStreamProfilerCountDataGet Loop
mcToolsExtPid_UsedPort:187425-32839
[14:33:38.719][MCR][I]mc_memory.cpp            :1671: copy strategy - H2DCpuCopy:0,D2HCpuCopy:0,cpuCopy:0,d2dCrossDevices:0,pageableHToDAsync:0
[14:33:38.719][MCR][I]mc_memory.cpp            :1672: copy strategy - isAsync:0,waitComplete:1
[14:33:38.719][MXC][I]GpuDevice 0x79835010 enable profiling, sdm_counter:68734697685926, sys_time:1788964418719393233
[14:33:38.719][MXC][I]raw dispatch ts:[113232539089768,113232539089863]
[14:33:38.719][MXC][I]dispatch ts translate ret [1788964418719436178, 1788964418719437128]
[14:33:38.719][MXC][I]raw async_copy ts:[68734697788222,68734697794638]
[14:33:38.719][MXC][I]sdma_ts_.sdma_counter:68734697685926
[14:33:38.719][MXC][I]DNOCfreq:900000000, async_copy ts translate ret [1788964418719506895, 1788964418719514023]
[14:33:38.719][MXC][I]raw dispatch ts:[113232530333399,113232530349120]
[14:33:38.719][MXC][I]dispatch ts translate ret [1788964418631872149, 1788964418632029359]
[14:33:38.719][MXC][I]raw dispatch ts:[113232530349511,113232530352167]
[14:33:38.719][MXC][I]dispatch ts translate ret [1788964418632033269, 1788964418632059830]
[14:33:38.719][MXC][I]raw dispatch ts:[113232530355171,113232530357711]
[14:33:38.719][MXC][I]dispatch ts translate ret [1788964418632089870, 1788964418632115270]
[14:33:38.732][MCBLASLT][I]The handle of mcBlas/mcBlasLt is not thread-safe and cannot be shared across threads.
[14:33:38.732][MCBLASLT][I]Looking for the module path
[14:33:38.733][MCBLASLT][I]found mcblaslt lib path: /opt/maca-3.7.1/lib
[14:33:38.989][MCBLASLT][I]load module mcblas_xcore1000.mcfb successed
[14:33:38.989][MCBLASLT][I]xcore_major_ : 10, xcore_minor_ : 0, page_size_: 2097152
[14:33:39.230][MCBLASLT][I]Kernsel: Succeed init xcore_major: 10 with ap num: 104 !
[14:33:39.230][MCBLASLT][I]Kernsel: Kernsel not set MCBLAS_CUSTOMIZED_CONFIG_PATH
[14:33:39.230][MCBLASLT][I]xcore_major_ : 10, xcore_minor_ : 0, page_size_: 2097152
[14:33:39.498][MCBLASLT][I]Gemv Kernsel: Succeed init xcore_major: 10 with ap num: 104 !
[14:33:39.498][MCBLASLT][I]Gemv kernsel: Kernsel not set MCBLAS_GEMV_CUSTOMIZED_CONFIG_PATH
[14:33:39.498][MCBLASLT][I]allocated memory for signal buffer
[14:33:39.498][MCR][I]mc_memory.cpp            :2132: [mcMemset] dst:0x7fd5dde00000 value:0 valueSize:1 sizeBytes:262144 isAsync:false
[14:33:39.498][MXC][I]raw dispatch ts:[113232539212245,113232539214968]
[14:33:39.498][MXC][I]dispatch ts translate ret [1788964418720660954, 1788964418720688184]
[14:33:39.498][MCBLASLT][I]set_workspace is called ! user allocated size: 67108864B = 64.000000MB
[14:33:39.498][MXC][I]raw dispatch ts:[113232539386197,113232539386974]
[14:33:39.498][MXC][I]dispatch ts translate ret [1788964418722400481, 1788964418722408251]
[14:33:39.498][MXC][I]raw dispatch ts:[113232539567893,113232539568447]
[14:33:39.498][MXC][I]dispatch ts translate ret [1788964418724217448, 1788964418724222988]
[14:33:39.498][MXC][I]raw dispatch ts:[113232539593623,113232539593909]
[14:33:39.498][MXC][I]dispatch ts translate ret [1788964418724474749, 1788964418724477609]
[14:33:39.498][MXC][I]raw dispatch ts:[113232539790045,113232539790717]
[14:33:39.498][MXC][I]dispatch ts translate ret [1788964418726438978, 1788964418726445698]
[14:33:39.498][MXC][I]raw dispatch ts:[113232539892898,113232539893521]
[14:33:39.498][MXC][I]dispatch ts translate ret [1788964418727467512, 1788964418727473742]
[14:33:39.498][MXC][I]raw dispatch ts:[113232539898097,113232539898568]
[14:33:39.498][MXC][I]dispatch ts translate ret [1788964418727519502, 1788964418727524212]
[14:33:39.498][MXC][I]raw dispatch ts:[113232539956905,113232539957415]
[14:33:39.498][MXC][I]dispatch ts translate ret [1788964418728107585, 1788964418728112685]
[14:33:39.498][MXC][I]raw dispatch ts:[113232539960014,113232539960329]
[14:33:39.498][MXC][I]dispatch ts translate ret [1788964418728138675, 1788964418728141825]
[14:33:39.498][MXC][I]raw dispatch ts:[113232539971686,113232539972494]
[14:33:39.498][MXC][I]dispatch ts translate ret [1788964418728255395, 1788964418728263475]
[14:33:39.498][MXC][I]raw dispatch ts:[113232539977480,113232539977814]
[14:33:39.498][MXC][I]dispatch ts translate ret [1788964418728313335, 1788964418728316675]
[14:33:39.498][MXC][I]raw dispatch ts:[113232540080128,113232540080868]
[14:33:39.498][MXC][I]dispatch ts translate ret [1788964418729339820, 1788964418729347220]
[14:33:39.498][MXC][I]raw dispatch ts:[113232540091395,113232540092863]
[14:33:39.498][MXC][I]dispatch ts translate ret [1788964418729452490, 1788964418729467170]
[14:33:39.498][MXC][I]raw dispatch ts:[113232540095546,113232540096838]
[14:33:39.498][MXC][I]dispatch ts translate ret [1788964418729494000, 1788964418729506920]
[14:33:39.498][MXC][I]raw dispatch ts:[113232540336048,113232540338030]
[14:33:39.498][MXC][I]dispatch ts translate ret [1788964418731899030, 1788964418731918851]
[14:33:39.498][MXC][I]raw dispatch ts:[113232616993928,113232616997389]
[14:33:39.498][MXC][I]dispatch ts translate ret [1788964419498481027, 1788964419498515637]
[14:33:39.498][MCBLAS][I]mcblasSgemmStridedBatched 1 0 32 16 128 128 128 32 256 4096 2048 512 1.000000 0.000000
[14:33:39.499][MCBLASLT][I]Kernsel found best solution: Kernel name: mcblas__Mck_sgemm_full_1m1n1k_xt_fp32_fp32_fp32_sb_tn_0_256_64x32_0, slt:0, swap:0, ksplit:0
[14:33:39.499][MCBLASLT][I]module get function mcblas__Mck_sgemm_full_1m1n1k_xt_fp32_fp32_fp32_sb_tn_0_256_64x32_0 successed
[14:33:39.520][MCBLASLT][I]mcModuleLaunchKernel successed, ret = 0
[14:33:39.522][MCR][I]mc_memory.cpp            :1671: copy strategy - H2DCpuCopy:0,D2HCpuCopy:0,cpuCopy:0,d2dCrossDevices:0,pageableHToDAsync:0
[14:33:39.522][MCR][I]mc_memory.cpp            :1672: copy strategy - isAsync:0,waitComplete:0
[14:33:39.522][MXC][I]raw dispatch ts:[113232619398580,113232619398672]
[14:33:39.522][MXC][I]dispatch ts translate ret [1788964419522527754, 1788964419522528674]
[14:33:39.527][MCBLASLT][I]set_workspace is called ! user allocated size: 67108864B = 64.000000MB
[14:33:39.527][MCBLAS][I]mcblasSgemmStridedBatched 0 0 128 16 32 128 32 128 256 4096 512 2048 1.000000 0.000000
[14:33:39.528][MCBLASLT][I]Kernsel found best solution: Kernel name: mcblas__Mck_sgemm_full_1m1n1k_xt_fp32_fp32_fp32_sb_nn_0_256_64x32_0, slt:0, swap:0, ksplit:0
[14:33:39.528][MCBLASLT][I]module get function mcblas__Mck_sgemm_full_1m1n1k_xt_fp32_fp32_fp32_sb_nn_0_256_64x32_0 successed
[14:33:39.528][MCBLASLT][I]mcModuleLaunchKernel successed, ret = 0
[14:33:39.528][MCR][I]mc_memory.cpp            :1671: copy strategy - H2DCpuCopy:0,D2HCpuCopy:0,cpuCopy:0,d2dCrossDevices:0,pageableHToDAsync:0
[14:33:39.528][MCR][I]mc_memory.cpp            :1672: copy strategy - isAsync:0,waitComplete:0
[14:33:39.528][MXC][I]raw dispatch ts:[113232620014780,113232620014873]
[14:33:39.528][MXC][I]dispatch ts translate ret [1788964419528689770, 1788964419528690700]
[14:33:39.528][MXC][I]raw async_copy ts:[68735668871007,68735668895506]
[14:33:39.528][MXC][I]sdma_ts_.sdma_counter:68734697685926
[14:33:39.528][MXC][I]DNOCfreq:900000000, async_copy ts translate ret [1788964419798487767, 1788964419798514988]
[14:33:39.528][MXC][I]raw dispatch ts:[113232619248681,113232619252897]
[14:33:39.528][MXC][I]dispatch ts translate ret [1788964419521028761, 1788964419521070921]
[14:33:39.528][MXC][I]raw dispatch ts:[113232619274540,113232619274927]
[14:33:39.528][MXC][I]dispatch ts translate ret [1788964419521287351, 1788964419521291221]
[14:33:39.528][MXC][I]raw dispatch ts:[113232619382155,113232619382654]
[14:33:39.528][MXC][I]dispatch ts translate ret [1788964419522363504, 1788964419522368494]
[14:33:39.528][MXC][I]raw async_copy ts:[68735661499179,68735661513738]
[14:33:39.528][MXC][I]sdma_ts_.sdma_counter:68734697685926
[14:33:39.528][MXC][I]DNOCfreq:900000000, async_copy ts translate ret [1788964419790296847, 1788964419790313023]
[14:33:39.528][MXC][I]raw dispatch ts:[113232619796919,113232619797818]
[14:33:39.528][MXC][I]dispatch ts translate ret [1788964419526511155, 1788964419526520145]
[14:33:39.529][MXC][I]raw dispatch ts:[113232619913929,113232619915472]
[14:33:39.529][MXC][I]dispatch ts translate ret [1788964419527681258, 1788964419527696688]
[14:33:39.529][MXC][I]raw dispatch ts:[113232619923222,113232619924553]
[14:33:39.529][MXC][I]dispatch ts translate ret [1788964419527774188, 1788964419527787498]
[14:33:39.529][MXC][I]raw dispatch ts:[113232619928860,113232619930786]
[14:33:39.529][MXC][I]dispatch ts translate ret [1788964419527830568, 1788964419527849828]
[14:33:39.529][MXC][I]raw dispatch ts:[113232619998116,113232619999194]
[14:33:39.529][MXC][I]dispatch ts translate ret [1788964419528523130, 1788964419528533910]
[14:33:39.529][MXC][I]raw dispatch ts:[113232620010932,113232620012370]
[14:33:39.529][MXC][I]dispatch ts translate ret [1788964419528651290, 1788964419528665670]
[14:33:39.529][MCBLASLT][I]set_workspace is called ! user allocated size: 67108864B = 64.000000MB
[14:33:39.529][MCBLAS][I]mcblasSgemmStridedBatched 1 0 32 16 128 128 128 32 256 4096 2048 512 1.000000 0.000000
[14:33:39.529][MCBLASLT][I]Kernsel found best solution: Kernel name: mcblas__Mck_sgemm_full_1m1n1k_xt_fp32_fp32_fp32_sb_tn_0_256_64x32_0, slt:0, swap:0, ksplit:0
[14:33:39.529][MCBLASLT][I]module get function mcblas__Mck_sgemm_full_1m1n1k_xt_fp32_fp32_fp32_sb_tn_0_256_64x32_0 successed
[14:33:39.529][MCBLASLT][I]mcModuleLaunchKernel successed, ret = 0
[14:33:39.529][MXC][I]raw dispatch ts:[113232620022488,113232620023029]
[14:33:39.529][MXC][I]dispatch ts translate ret [1788964419528766850, 1788964419528772260]
[14:33:39.529][MXC][I]raw dispatch ts:[113232620025506,113232620025869]
[14:33:39.529][MXC][I]dispatch ts translate ret [1788964419528797013, 1788964419528800642]
[14:33:39.529][MCR][I]mc_memory.cpp            :1671: copy strategy - H2DCpuCopy:0,D2HCpuCopy:0,cpuCopy:0,d2dCrossDevices:0,pageableHToDAsync:0
[14:33:39.529][MCR][I]mc_memory.cpp            :1672: copy strategy - isAsync:0,waitComplete:0
[14:33:39.529][MXC][I]raw dispatch ts:[113232620029668,113232620029951]
[14:33:39.529][MXC][I]dispatch ts translate ret [1788964419528838626, 1788964419528841455]
[14:33:39.529][MXC][I]raw dispatch ts:[113232620088049,113232620088142]
[14:33:39.529][MXC][I]dispatch ts translate ret [1788964419529422332, 1788964419529423262]
[14:33:39.529][MXC][I]raw dispatch ts:[113232620033119,113232620033617]
[14:33:39.529][MXC][I]dispatch ts translate ret [1788964419528873130, 1788964419528878109]
[14:33:39.529][MXC][I]raw async_copy ts:[68735669746068,68735669758177]
[14:33:39.529][MXC][I]sdma_ts_.sdma_counter:68734697685926
[14:33:39.529][MXC][I]DNOCfreq:900000000, async_copy ts translate ret [1788964419799460057, 1788964419799473511]
[14:33:39.529][MXC][I]raw dispatch ts:[113232620037771,113232620038217]
[14:33:39.529][MXC][I]dispatch ts translate ret [1788964419528919641, 1788964419528924101]
[14:33:39.529][MXC][I]raw dispatch ts:[113232620040630,113232620041087]
[14:33:39.529][MXC][I]dispatch ts translate ret [1788964419528948226, 1788964419528952796]
[14:33:39.529][MXC][I]raw dispatch ts:[113232620043611,113232620043945]
[14:33:39.529][MXC][I]dispatch ts translate ret [1788964419528978031, 1788964419528981371]
[14:33:39.529][MXC][I]raw dispatch ts:[113232620046375,113232620046634]
[14:33:39.529][MXC][I]dispatch ts translate ret [1788964419529005666, 1788964419529008256]
[14:33:39.529][MCBLASLT][I]set_workspace is called ! user allocated size: 67108864B = 64.000000MB
[14:33:39.529][MCBLAS][I]mcblasSgemmStridedBatched 0 0 128 16 32 128 32 128 256 4096 512 2048 1.000000 0.000000
[14:33:39.529][MCBLASLT][I]Kernsel found best solution: Kernel name: mcblas__Mck_sgemm_full_1m1n1k_xt_fp32_fp32_fp32_sb_nn_0_256_64x32_0, slt:0, swap:0, ksplit:0
[14:33:39.529][MCBLASLT][I]module get function mcblas__Mck_sgemm_full_1m1n1k_xt_fp32_fp32_fp32_sb_nn_0_256_64x32_0 successed
[14:33:39.529][MCBLASLT][I]mcModuleLaunchKernel successed, ret = 0
[14:33:39.529][MXC][I]raw dispatch ts:[113232620049051,113232620049849]
[14:33:39.529][MXC][I]dispatch ts translate ret [1788964419529032422, 1788964419529040400]
[14:33:39.529][MXC][I]raw dispatch ts:[113232620052276,113232620052586]
[14:33:39.529][MXC][I]dispatch ts translate ret [1788964419529064666, 1788964419529067765]
[14:33:39.529][MCR][I]mc_memory.cpp            :1671: copy strategy - H2DCpuCopy:0,D2HCpuCopy:0,cpuCopy:0,d2dCrossDevices:0,pageableHToDAsync:0
[14:33:39.529][MCR][I]mc_memory.cpp            :1672: copy strategy - isAsync:0,waitComplete:0
[14:33:39.529][MXC][I]raw dispatch ts:[113232620055016,113232620055576]
[14:33:39.529][MXC][I]dispatch ts translate ret [1788964419529092061, 1788964419529097660]
[14:33:39.529][MXC][I]raw dispatch ts:[113232620117236,113232620117328]
[14:33:39.529][MXC][I]dispatch ts translate ret [1788964419529714184, 1788964419529715104]
[14:33:39.529][MXC][I]raw dispatch ts:[113232620057989,113232620059280]
[14:33:39.529][MXC][I]dispatch ts translate ret [1788964419529121743, 1788964419529134653]
[14:33:39.529][MXC][I]raw async_copy ts:[68735670103126,68735670127621]
[14:33:39.529][MXC][I]sdma_ts_.sdma_counter:68734697685926
[14:33:39.529][MXC][I]DNOCfreq:900000000, async_copy ts translate ret [1788964419799856788, 1788964419799884004]
[14:33:39.529][MXC][I]raw dispatch ts:[113232620061829,113232620063111]
[14:33:39.529][MXC][I]dispatch ts translate ret [1788964419529160143, 1788964419529172963]
[14:33:39.529][MXC][I]raw dispatch ts:[113232620065673,113232620067708]
[14:33:39.529][MXC][I]dispatch ts translate ret [1788964419529198583, 1788964419529218933]
[14:33:39.529][MXC][I]raw dispatch ts:[113232620075748,113232620079683]
[14:33:39.529][MXC][I]dispatch ts translate ret [1788964419529299333, 1788964419529338683]
[14:33:39.529][MXC][I]raw dispatch ts:[113232620082143,113232620082493]
[14:33:39.529][MXC][I]dispatch ts translate ret [1788964419529363283, 1788964419529366783]
[14:33:39.529][MXC][I]raw dispatch ts:[113232620085182,113232620085481]
[14:33:39.529][MXC][I]dispatch ts translate ret [1788964419529393671, 1788964419529396661]
[14:33:39.529][MXC][I]raw dispatch ts:[113232620093749,113232620094474]
[14:33:39.529][MXC][I]dispatch ts translate ret [1788964419529479334, 1788964419529486583]
[14:33:39.529][MXC][I]raw dispatch ts:[113232620096890,113232620098211]
[14:33:39.529][MXC][I]dispatch ts translate ret [1788964419529510741, 1788964419529523950]
[14:33:39.529][MXC][I]raw dispatch ts:[113232620098494,113232620099764]
[14:33:39.529][MXC][I]dispatch ts translate ret [1788964419529526780, 1788964419529539479]
[14:33:39.529][MXC][I]raw dispatch ts:[113232620100040,113232620101896]
[14:33:39.529][MXC][I]dispatch ts translate ret [1788964419529542238, 1788964419529560797]
[14:33:39.529][MXC][I]raw dispatch ts:[113232620104539,113232620105551]
[14:33:39.529][MXC][I]dispatch ts translate ret [1788964419529587225, 1788964419529597344]
[14:33:39.529][MXC][I]raw dispatch ts:[113232620113330,113232620114661]
[14:33:39.529][MXC][I]dispatch ts translate ret [1788964419529675127, 1788964419529688436]
[14:33:39.530][MCBLASLT][I]set_workspace is called ! user allocated size: 67108864B = 64.000000MB
[14:33:39.530][MCBLAS][I]mcblasSgemmStridedBatched 1 0 32 16 128 128 128 32 256 4096 2048 512 1.000000 0.000000
[14:33:39.530][MCBLASLT][I]Kernsel found best solution: Kernel name: mcblas__Mck_sgemm_full_1m1n1k_xt_fp32_fp32_fp32_sb_tn_0_256_64x32_0, slt:0, swap:0, ksplit:0
[14:33:39.530][MCBLASLT][I]module get function mcblas__Mck_sgemm_full_1m1n1k_xt_fp32_fp32_fp32_sb_tn_0_256_64x32_0 successed
[14:33:39.530][MCBLASLT][I]mcModuleLaunchKernel successed, ret = 0
[14:33:39.530][MXC][I]raw dispatch ts:[113232620124430,113232620125034]
[14:33:39.530][MXC][I]dispatch ts translate ret [1788964419529786117, 1788964419529792157]
[14:33:39.530][MXC][I]raw dispatch ts:[113232620127786,113232620128192]
[14:33:39.530][MXC][I]dispatch ts translate ret [1788964419529819699, 1788964419529823760]
[14:33:39.530][MCR][I]mc_memory.cpp            :1671: copy strategy - H2DCpuCopy:0,D2HCpuCopy:0,cpuCopy:0,d2dCrossDevices:0,pageableHToDAsync:0
[14:33:39.530][MCR][I]mc_memory.cpp            :1672: copy strategy - isAsync:0,waitComplete:0
[14:33:39.530][MXC][I]raw dispatch ts:[113232620128480,113232620128772]
[14:33:39.530][MXC][I]dispatch ts translate ret [1788964419529826640, 1788964419529829561]
[14:33:39.530][MXC][I]raw dispatch ts:[113232620167666,113232620167759]
[14:33:39.530][MXC][I]dispatch ts translate ret [1788964419530218562, 1788964419530219492]
[14:33:39.530][MXC][I]raw dispatch ts:[113232620129120,113232620129533]
[14:33:39.530][MXC][I]dispatch ts translate ret [1788964419529833041, 1788964419529837172]
[14:33:39.530][MXC][I]raw async_copy ts:[68735670698730,68735670711323]
[14:33:39.530][MXC][I]sdma_ts_.sdma_counter:68734697685926
[14:33:39.530][MXC][I]DNOCfreq:900000000, async_copy ts translate ret [1788964419800518570, 1788964419800532562]
[14:33:39.530][MXC][I]raw dispatch ts:[113232620131878,113232620132325]
[14:33:39.530][MXC][I]dispatch ts translate ret [1788964419529860626, 1788964419529865096]
[14:33:39.530][MXC][I]raw dispatch ts:[113232620132615,113232620132980]
[14:33:39.530][MXC][I]dispatch ts translate ret [1788964419529867997, 1788964419529871647]
[14:33:39.530][MXC][I]raw dispatch ts:[113232620135690,113232620136042]
[14:33:39.530][MXC][I]dispatch ts translate ret [1788964419529898752, 1788964419529902272]
[14:33:39.530][MXC][I]raw dispatch ts:[113232620136350,113232620136614]
[14:33:39.530][MXC][I]dispatch ts translate ret [1788964419529905353, 1788964419529907993]
[14:33:39.530][MCBLASLT][I]set_workspace is called ! user allocated size: 67108864B = 64.000000MB
[14:33:39.530][MCBLAS][I]mcblasSgemmStridedBatched 0 0 128 16 32 128 32 128 256 4096 512 2048 1.000000 0.000000
[14:33:39.530][MCBLASLT][I]Kernsel found best solution: Kernel name: mcblas__Mck_sgemm_full_1m1n1k_xt_fp32_fp32_fp32_sb_nn_0_256_64x32_0, slt:0, swap:0, ksplit:0
[14:33:39.530][MCBLASLT][I]module get function mcblas__Mck_sgemm_full_1m1n1k_xt_fp32_fp32_fp32_sb_nn_0_256_64x32_0 successed
[14:33:39.530][MCBLASLT][I]mcModuleLaunchKernel successed, ret = 0
[14:33:39.530][MXC][I]raw dispatch ts:[113232620138944,113232620139764]
[14:33:39.530][MXC][I]dispatch ts translate ret [1788964419529931297, 1788964419529939498]
[14:33:39.530][MXC][I]raw dispatch ts:[113232620140050,113232620140299]
[14:33:39.530][MXC][I]dispatch ts translate ret [1788964419529942359, 1788964419529944849]
[14:33:39.530][MCR][I]mc_memory.cpp            :1671: copy strategy - H2DCpuCopy:0,D2HCpuCopy:0,cpuCopy:0,d2dCrossDevices:0,pageableHToDAsync:0
[14:33:39.530][MCR][I]mc_memory.cpp            :1672: copy strategy - isAsync:0,waitComplete:0
[14:33:39.530][MXC][I]raw dispatch ts:[113232620142580,113232620143112]
[14:33:39.530][MXC][I]dispatch ts translate ret [1788964419529967663, 1788964419529972984]
[14:33:39.530][MXC][I]raw dispatch ts:[113232620191833,113232620191925]
[14:33:39.530][MXC][I]dispatch ts translate ret [1788964419530460217, 1788964419530461137]
[14:33:39.530][MXC][I]raw dispatch ts:[113232620143395,113232620144784]
[14:33:39.530][MXC][I]dispatch ts translate ret [1788964419529975843, 1788964419529989733]
[14:33:39.530][MXC][I]raw async_copy ts:[68735670990879,68735671012727]
[14:33:39.530][MXC][I]sdma_ts_.sdma_counter:68734697685926
[14:33:39.530][MXC][I]DNOCfreq:900000000, async_copy ts translate ret [1788964419800843180, 1788964419800867455]
[14:33:39.530][MXC][I]raw dispatch ts:[113232620147330,113232620148681]
[14:33:39.530][MXC][I]dispatch ts translate ret [1788964419530015193, 1788964419530028703]
[14:33:39.530][MXC][I]raw dispatch ts:[113232620148964,113232620150937]
[14:33:39.530][MXC][I]dispatch ts translate ret [1788964419530031533, 1788964419530051263]
[14:33:39.530][MXC][I]raw dispatch ts:[113232620155739,113232620159669]
[14:33:39.530][MXC][I]dispatch ts translate ret [1788964419530099283, 1788964419530138583]
[14:33:39.530][MXC][I]raw dispatch ts:[113232620162134,113232620162470]
[14:33:39.530][MXC][I]dispatch ts translate ret [1788964419530163233, 1788964419530166593]
[14:33:39.530][MXC][I]raw dispatch ts:[113232620164854,113232620165190]
[14:33:39.530][MXC][I]dispatch ts translate ret [1788964419530190433, 1788964419530193793]
[14:33:39.530][MXC][I]raw dispatch ts:[113232620173225,113232620173920]
[14:33:39.530][MXC][I]dispatch ts translate ret [1788964419530274141, 1788964419530281091]
[14:33:39.530][MXC][I]raw dispatch ts:[113232620176406,113232620177750]
[14:33:39.530][MXC][I]dispatch ts translate ret [1788964419530305950, 1788964419530319390]
[14:33:39.530][MXC][I]raw dispatch ts:[113232620178040,113232620179378]
[14:33:39.530][MXC][I]dispatch ts translate ret [1788964419530322290, 1788964419530335669]
[14:33:39.530][MXC][I]raw dispatch ts:[113232620179665,113232620181536]
[14:33:39.530][MXC][I]dispatch ts translate ret [1788964419530338539, 1788964419530357249]
[14:33:39.530][MXC][I]raw dispatch ts:[113232620184348,113232620185441]
[14:33:39.530][MXC][I]dispatch ts translate ret [1788964419530385368, 1788964419530396298]
[14:33:39.530][MXC][I]raw dispatch ts:[113232620187985,113232620189288]
[14:33:39.530][MXC][I]dispatch ts translate ret [1788964419530421738, 1788964419530434767]
[14:33:39.530][MCBLASLT][I]set_workspace is called ! user allocated size: 67108864B = 64.000000MB
[14:33:39.530][MCBLAS][I]mcblasSgemmStridedBatched 1 0 32 16 128 128 128 32 256 4096 2048 512 1.000000 0.000000
[14:33:39.530][MCBLASLT][I]Kernsel found best solution: Kernel name: mcblas__Mck_sgemm_full_1m1n1k_xt_fp32_fp32_fp32_sb_tn_0_256_64x32_0, slt:0, swap:0, ksplit:0
[14:33:39.530][MCBLASLT][I]module get function mcblas__Mck_sgemm_full_1m1n1k_xt_fp32_fp32_fp32_sb_tn_0_256_64x32_0 successed
[14:33:39.530][MCBLASLT][I]mcModuleLaunchKernel successed, ret = 0
[14:33:39.530][MXC][I]raw dispatch ts:[113232620198539,113232620199080]
[14:33:39.530][MXC][I]dispatch ts translate ret [1788964419530527274, 1788964419530532684]
[14:33:39.530][MXC][I]raw dispatch ts:[113232620201496,113232620201883]
[14:33:39.530][MXC][I]dispatch ts translate ret [1788964419530556843, 1788964419530560713]
[14:33:39.530][MCR][I]mc_memory.cpp            :1671: copy strategy - H2DCpuCopy:0,D2HCpuCopy:0,cpuCopy:0,d2dCrossDevices:0,pageableHToDAsync:0
[14:33:39.530][MCR][I]mc_memory.cpp            :1672: copy strategy - isAsync:0,waitComplete:0
[14:33:39.530][MXC][I]raw dispatch ts:[113232620202166,113232620202429]
[14:33:39.530][MXC][I]dispatch ts translate ret [1788964419530563543, 1788964419530566173]
[14:33:39.530][MXC][I]raw dispatch ts:[113232620234402,113232620234495]
[14:33:39.530][MXC][I]dispatch ts translate ret [1788964419530885908, 1788964419530886838]
[14:33:39.530][MXC][I]raw dispatch ts:[113232620202698,113232620203160]
[14:33:39.530][MXC][I]dispatch ts translate ret [1788964419530568867, 1788964419530573487]
[14:33:39.530][MXC][I]raw async_copy ts:[68735671501886,68735671513485]
[14:33:39.530][MXC][I]sdma_ts_.sdma_counter:68734697685926
[14:33:39.530][MXC][I]DNOCfreq:900000000, async_copy ts translate ret [1788964419801410966, 1788964419801423853]
[14:33:39.530][MXC][I]raw dispatch ts:[113232620205466,113232620205914]
[14:33:39.530][MXC][I]dispatch ts translate ret [1788964419530596547, 1788964419530601027]
[14:33:39.530][MXC][I]raw dispatch ts:[113232620206190,113232620206548]
[14:33:39.530][MXC][I]dispatch ts translate ret [1788964419530603787, 1788964419530607367]
[14:33:39.530][MXC][I]raw dispatch ts:[113232620206831,113232620207117]
[14:33:39.530][MXC][I]dispatch ts translate ret [1788964419530610197, 1788964419530613057]
[14:33:39.530][MXC][I]raw dispatch ts:[113232620207398,113232620207591]
[14:33:39.530][MXC][I]dispatch ts translate ret [1788964419530615867, 1788964419530617797]
[14:33:39.530][MCBLASLT][I]set_workspace is called ! user allocated size: 67108864B = 64.000000MB
[14:33:39.530][MCBLAS][I]mcblasSgemmStridedBatched 0 0 128 16 32 128 32 128 256 4096 512 2048 1.000000 0.000000
[14:33:39.530][MCBLASLT][I]Kernsel found best solution: Kernel name: mcblas__Mck_sgemm_full_1m1n1k_xt_fp32_fp32_fp32_sb_nn_0_256_64x32_0, slt:0, swap:0, ksplit:0
[14:33:39.530][MCBLASLT][I]module get function mcblas__Mck_sgemm_full_1m1n1k_xt_fp32_fp32_fp32_sb_nn_0_256_64x32_0 successed
[14:33:39.530][MCBLASLT][I]mcModuleLaunchKernel successed, ret = 0
[14:33:39.530][MXC][I]raw dispatch ts:[113232620209933,113232620210720]
[14:33:39.530][MXC][I]dispatch ts translate ret [1788964419530641217, 1788964419530649087]
[14:33:39.531][MXC][I]raw dispatch ts:[113232620211013,113232620211250]
[14:33:39.531][MXC][I]dispatch ts translate ret [1788964419530652017, 1788964419530654387]
[14:33:39.531][MCR][I]mc_memory.cpp            :1671: copy strategy - H2DCpuCopy:0,D2HCpuCopy:0,cpuCopy:0,d2dCrossDevices:0,pageableHToDAsync:0
[14:33:39.531][MCR][I]mc_memory.cpp            :1672: copy strategy - isAsync:0,waitComplete:0
[14:33:39.531][MXC][I]raw dispatch ts:[113232620213655,113232620214168]
[14:33:39.531][MXC][I]dispatch ts translate ret [1788964419530678437, 1788964419530683568]
[14:33:39.531][MXC][I]raw dispatch ts:[113232620253985,113232620254309]
[14:33:39.531][MXC][I]dispatch ts translate ret [1788964419531081827, 1788964419531085068]
[14:33:39.531][MXC][I]raw dispatch ts:[113232620214462,113232620215878]
[14:33:39.531][MXC][I]dispatch ts translate ret [1788964419530686508, 1788964419530700668]
[14:33:39.531][MXC][I]raw async_copy ts:[68735671739336,68735671761167]
[14:33:39.531][MXC][I]sdma_ts_.sdma_counter:68734697685926
[14:33:39.531][MXC][I]DNOCfreq:900000000, async_copy ts translate ret [1788964419801674799, 1788964419801699055]
[14:33:39.531][MXC][I]raw dispatch ts:[113232620218359,113232620219600]
[14:33:39.531][MXC][I]dispatch ts translate ret [1788964419530725478, 1788964419530737888]
[14:33:39.531][MXC][I]raw dispatch ts:[113232620220086,113232620222049]
[14:33:39.531][MXC][I]dispatch ts translate ret [1788964419530742748, 1788964419530762378]
[14:33:39.531][MXC][I]raw dispatch ts:[113232620224702,113232620228580]
[14:33:39.531][MXC][I]dispatch ts translate ret [1788964419530788908, 1788964419530827688]
[14:33:39.531][MXC][I]raw dispatch ts:[113232620231029,113232620231449]
[14:33:39.531][MXC][I]dispatch ts translate ret [1788964419530852178, 1788964419530856378]
[14:33:39.531][MXC][I]raw dispatch ts:[113232620231731,113232620231963]
[14:33:39.531][MXC][I]dispatch ts translate ret [1788964419530859198, 1788964419530861518]
[14:33:39.531][MXC][I]raw dispatch ts:[113232620239741,113232620240459]
[14:33:39.531][MXC][I]dispatch ts translate ret [1788964419530939320, 1788964419530946504]
[14:33:39.531][MXC][I]raw dispatch ts:[113232620243042,113232620244470]
[14:33:39.531][MXC][I]dispatch ts translate ret [1788964419530972346, 1788964419530986632]
[14:33:39.531][MXC][I]raw dispatch ts:[113232620244751,113232620245985]
[14:33:39.531][MXC][I]dispatch ts translate ret [1788964419530989444, 1788964419531001789]
[14:33:39.531][MXC][I]raw dispatch ts:[113232620246504,113232620248339]
[14:33:39.531][MXC][I]dispatch ts translate ret [1788964419531006982, 1788964419531025340]
[14:33:39.531][MXC][I]raw dispatch ts:[113232620251028,113232620252029]
[14:33:39.531][MXC][I]dispatch ts translate ret [1788964419531052243, 1788964419531062258]
[14:33:39.531][MXC][I]raw dispatch ts:[113232620252362,113232620253614]
[14:33:39.531][MXC][I]dispatch ts translate ret [1788964419531065589, 1788964419531078115]
[14:33:39.531][MCBLASLT][I]set_workspace is called ! user allocated size: 67108864B = 64.000000MB
[14:33:39.531][MCBLAS][I]mcblasSgemmStridedBatched 1 0 32 16 128 128 128 32 256 4096 2048 512 1.000000 0.000000
[14:33:39.531][MCBLASLT][I]Kernsel found best solution: Kernel name: mcblas__Mck_sgemm_full_1m1n1k_xt_fp32_fp32_fp32_sb_tn_0_256_64x32_0, slt:0, swap:0, ksplit:0
[14:33:39.531][MCBLASLT][I]module get function mcblas__Mck_sgemm_full_1m1n1k_xt_fp32_fp32_fp32_sb_tn_0_256_64x32_0 successed
[14:33:39.531][MCBLASLT][I]mcModuleLaunchKernel successed, ret = 0
[14:33:39.531][MXC][I]raw dispatch ts:[113232620260473,113232620261012]
[14:33:39.531][MXC][I]dispatch ts translate ret [1788964419531146736, 1788964419531152128]
[14:33:39.531][MXC][I]raw dispatch ts:[113232620263388,113232620263764]
[14:33:39.531][MXC][I]dispatch ts translate ret [1788964419531175899, 1788964419531179661]
[14:33:39.531][MCR][I]mc_memory.cpp            :1671: copy strategy - H2DCpuCopy:0,D2HCpuCopy:0,cpuCopy:0,d2dCrossDevices:0,pageableHToDAsync:0
[14:33:39.531][MCR][I]mc_memory.cpp            :1672: copy strategy - isAsync:0,waitComplete:0
[14:33:39.531][MXC][I]raw dispatch ts:[113232620264051,113232620264327]
[14:33:39.531][MXC][I]dispatch ts translate ret [1788964419531182532, 1788964419531185294]
[14:33:39.531][MXC][I]raw dispatch ts:[113232620296094,113232620296187]
[14:33:39.531][MXC][I]dispatch ts translate ret [1788964419531502810, 1788964419531503740]
[14:33:39.531][MXC][I]raw dispatch ts:[113232620264603,113232620265068]
[14:33:39.531][MXC][I]dispatch ts translate ret [1788964419531187984, 1788964419531192633]
[14:33:39.531][MXC][I]raw async_copy ts:[68735672243866,68735672255564]
[14:33:39.531][MXC][I]sdma_ts_.sdma_counter:68734697685926
[14:33:39.531][MXC][I]DNOCfreq:900000000, async_copy ts translate ret [1788964419802235388, 1788964419802248385]
[14:33:39.531][MXC][I]raw dispatch ts:[113232620267416,113232620267827]
[14:33:39.531][MXC][I]dispatch ts translate ret [1788964419531216107, 1788964419531220216]
[14:33:39.531][MXC][I]raw dispatch ts:[113232620268106,113232620268472]
[14:33:39.531][MXC][I]dispatch ts translate ret [1788964419531223005, 1788964419531226664]
[14:33:39.531][MXC][I]raw dispatch ts:[113232620268746,113232620269035]
[14:33:39.531][MXC][I]dispatch ts translate ret [1788964419531229403, 1788964419531232293]
[14:33:39.531][MCBLASLT][I]set_workspace is called ! user allocated size: 67108864B = 64.000000MB
[14:33:39.531][MXC][I]raw dispatch ts:[113232620269305,113232620269498]
[14:33:39.531][MXC][I]dispatch ts translate ret [1788964419531234992, 1788964419531236921]
[14:33:39.531][MCBLAS][I]mcblasSgemmStridedBatched 0 0 128 16 32 128 32 128 256 4096 512 2048 1.000000 0.000000
[14:33:39.531][MCBLASLT][I]Kernsel found best solution: Kernel name: mcblas__Mck_sgemm_full_1m1n1k_xt_fp32_fp32_fp32_sb_nn_0_256_64x32_0, slt:0, swap:0, ksplit:0
[14:33:39.531][MCBLASLT][I]module get function mcblas__Mck_sgemm_full_1m1n1k_xt_fp32_fp32_fp32_sb_nn_0_256_64x32_0 successed
[14:33:39.531][MCBLASLT][I]mcModuleLaunchKernel successed, ret = 0
[14:33:39.531][MXC][I]raw dispatch ts:[113232620271609,113232620272380]
[14:33:39.531][MXC][I]dispatch ts translate ret [1788964419531258026, 1788964419531265734]
[14:33:39.531][MXC][I]raw dispatch ts:[113232620272868,113232620273116]
[14:33:39.531][MXC][I]dispatch ts translate ret [1788964419531270612, 1788964419531273092]
[14:33:39.531][MCR][I]mc_memory.cpp            :1671: copy strategy - H2DCpuCopy:0,D2HCpuCopy:0,cpuCopy:0,d2dCrossDevices:0,pageableHToDAsync:0
[14:33:39.531][MCR][I]mc_memory.cpp            :1672: copy strategy - isAsync:0,waitComplete:0
[14:33:39.531][MXC][I]raw dispatch ts:[113232620275278,113232620275811]
[14:33:39.531][MXC][I]dispatch ts translate ret [1788964419531294706, 1788964419531300035]
[14:33:39.531][MXC][I]raw dispatch ts:[113232620315377,113232620315696]
[14:33:39.531][MXC][I]dispatch ts translate ret [1788964419531695662, 1788964419531698853]
[14:33:39.531][MXC][I]raw dispatch ts:[113232620276103,113232620277395]
[14:33:39.531][MXC][I]dispatch ts translate ret [1788964419531302898, 1788964419531315818]
[14:33:39.531][MXC][I]raw async_copy ts:[68735672476288,68735672498163]
[14:33:39.531][MXC][I]sdma_ts_.sdma_counter:68734697685926
[14:33:39.531][MXC][I]DNOCfreq:900000000, async_copy ts translate ret [1788964419802493635, 1788964419802517940]
[14:33:39.531][MXC][I]raw dispatch ts:[113232620279840,113232620281115]
[14:33:39.531][MXC][I]dispatch ts translate ret [1788964419531340268, 1788964419531353018]
[14:33:39.531][MXC][I]raw dispatch ts:[113232620281475,113232620283516]
[14:33:39.531][MXC][I]dispatch ts translate ret [1788964419531356618, 1788964419531377028]
[14:33:39.531][MXC][I]raw dispatch ts:[113232620286110,113232620289988]
[14:33:39.531][MXC][I]dispatch ts translate ret [1788964419531402968, 1788964419531441748]
[14:33:39.531][MXC][I]raw dispatch ts:[113232620292315,113232620292645]
[14:33:39.531][MXC][I]dispatch ts translate ret [1788964419531465018, 1788964419531468318]
[14:33:39.531][MXC][I]raw dispatch ts:[113232620292934,113232620293264]
[14:33:39.531][MXC][I]dispatch ts translate ret [1788964419531471208, 1788964419531474508]
[14:33:39.531][MXC][I]raw dispatch ts:[113232620301555,113232620302243]
[14:33:39.531][MXC][I]dispatch ts translate ret [1788964419531557425, 1788964419531564306]
[14:33:39.531][MXC][I]raw dispatch ts:[113232620304736,113232620306275]
[14:33:39.531][MXC][I]dispatch ts translate ret [1788964419531589239, 1788964419531604631]
[14:33:39.531][MXC][I]raw dispatch ts:[113232620306556,113232620307759]
[14:33:39.531][MXC][I]dispatch ts translate ret [1788964419531607441, 1788964419531619473]
[14:33:39.531][MXC][I]raw dispatch ts:[113232620308118,113232620309921]
[14:33:39.531][MXC][I]dispatch ts translate ret [1788964419531623063, 1788964419531641095]
[14:33:39.531][MXC][I]raw dispatch ts:[113232620312620,113232620313643]
[14:33:39.531][MXC][I]dispatch ts translate ret [1788964419531668089, 1788964419531678320]
[14:33:39.531][MXC][I]raw dispatch ts:[113232620313925,113232620315107]
[14:33:39.531][MXC][I]dispatch ts translate ret [1788964419531681141, 1788964419531692962]
[14:33:39.531][MCBLASLT][I]set_workspace is called ! user allocated size: 67108864B = 64.000000MB
[14:33:39.531][MCBLAS][I]mcblasSgemmStridedBatched 1 0 32 16 128 128 128 32 256 4096 2048 512 1.000000 0.000000
[14:33:39.531][MCBLASLT][I]Kernsel found best solution: Kernel name: mcblas__Mck_sgemm_full_1m1n1k_xt_fp32_fp32_fp32_sb_tn_0_256_64x32_0, slt:0, swap:0, ksplit:0
[14:33:39.531][MCBLASLT][I]module get function mcblas__Mck_sgemm_full_1m1n1k_xt_fp32_fp32_fp32_sb_tn_0_256_64x32_0 successed
[14:33:39.531][MCBLASLT][I]mcModuleLaunchKernel successed, ret = 0
[14:33:39.532][MXC][I]raw dispatch ts:[113232620322437,113232620322971]
[14:33:39.532][MXC][I]dispatch ts translate ret [1788964419531766271, 1788964419531771611]
[14:33:39.532][MXC][I]raw dispatch ts:[113232620325183,113232620325590]
[14:33:39.532][MXC][I]dispatch ts translate ret [1788964419531793734, 1788964419531797805]
[14:33:39.532][MCR][I]mc_memory.cpp            :1671: copy strategy - H2DCpuCopy:0,D2HCpuCopy:0,cpuCopy:0,d2dCrossDevices:0,pageableHToDAsync:0
[14:33:39.532][MCR][I]mc_memory.cpp            :1672: copy strategy - isAsync:0,waitComplete:0
[14:33:39.532][MXC][I]raw dispatch ts:[113232620325875,113232620326067]
[14:33:39.532][MXC][I]dispatch ts translate ret [1788964419531800655, 1788964419531802575]
[14:33:39.532][MXC][I]raw dispatch ts:[113232620356273,113232620356365]
[14:33:39.532][MXC][I]dispatch ts translate ret [1788964419532104629, 1788964419532105549]
[14:33:39.532][MXC][I]raw dispatch ts:[113232620326344,113232620326818]
[14:33:39.532][MXC][I]dispatch ts translate ret [1788964419531805335, 1788964419531810075]
[14:33:39.532][MXC][I]raw async_copy ts:[68735672965165,68735672976765]
[14:33:39.532][MXC][I]sdma_ts_.sdma_counter:68734697685926
[14:33:39.532][MXC][I]DNOCfreq:900000000, async_copy ts translate ret [1788964419803036831, 1788964419803049719]
[14:33:39.532][MXC][I]raw dispatch ts:[113232620329201,113232620329620]
[14:33:39.532][MXC][I]dispatch ts translate ret [1788964419531833905, 1788964419531838095]
[14:33:39.532][MXC][I]raw dispatch ts:[113232620329909,113232620330277]
[14:33:39.532][MXC][I]dispatch ts translate ret [1788964419531840986, 1788964419531844666]
[14:33:39.532][MCBLASLT][I]set_workspace is called ! user allocated size: 67108864B = 64.000000MB
[14:33:39.532][MXC][I]raw dispatch ts:[113232620330761,113232620331047]
[14:33:39.532][MXC][I]dispatch ts translate ret [1788964419531849506, 1788964419531852366]
[14:33:39.532][MCBLAS][I]mcblasSgemmStridedBatched 0 0 128 16 32 128 32 128 256 4096 512 2048 1.000000 0.000000
[14:33:39.532][MCBLASLT][I]Kernsel found best solution: Kernel name: mcblas__Mck_sgemm_full_1m1n1k_xt_fp32_fp32_fp32_sb_nn_0_256_64x32_0, slt:0, swap:0, ksplit:0
[14:33:39.532][MXC][I]raw dispatch ts:[113232620331363,113232620331555]
[14:33:39.532][MXC][I]dispatch ts translate ret [1788964419531855526, 1788964419531857446]
[14:33:39.532][MCBLASLT][I]module get function mcblas__Mck_sgemm_full_1m1n1k_xt_fp32_fp32_fp32_sb_nn_0_256_64x32_0 successed
[14:33:39.532][MCBLASLT][I]mcModuleLaunchKernel successed, ret = 0
[14:33:39.532][MXC][I]raw dispatch ts:[113232620331827,113232620332551]
[14:33:39.532][MXC][I]dispatch ts translate ret [1788964419531860166, 1788964419531867406]
[14:33:39.532][MXC][I]raw dispatch ts:[113232620335055,113232620335384]
[14:33:39.532][MXC][I]dispatch ts translate ret [1788964419531892446, 1788964419531895736]
[14:33:39.532][MCR][I]mc_memory.cpp            :1671: copy strategy - H2DCpuCopy:0,D2HCpuCopy:0,cpuCopy:0,d2dCrossDevices:0,pageableHToDAsync:0
[14:33:39.532][MCR][I]mc_memory.cpp            :1672: copy strategy - isAsync:0,waitComplete:0
[14:33:39.532][MXC][I]raw dispatch ts:[113232620335660,113232620336214]
[14:33:39.532][MXC][I]dispatch ts translate ret [1788964419531898496, 1788964419531904036]
[14:33:39.532][MXC][I]raw dispatch ts:[113232620377678,113232620377861]
[14:33:39.532][MXC][I]dispatch ts translate ret [1788964419532318648, 1788964419532320477]
[14:33:39.532][MXC][I]raw dispatch ts:[113232620336488,113232620337884]
[14:33:39.532][MXC][I]dispatch ts translate ret [1788964419531906779, 1788964419531920739]
[14:33:39.532][MXC][I]raw async_copy ts:[68735673222425,68735673244258]
[14:33:39.532][MXC][I]sdma_ts_.sdma_counter:68734697685926
[14:33:39.532][MXC][I]DNOCfreq:900000000, async_copy ts translate ret [1788964419803322676, 1788964419803346934]
[14:33:39.532][MXC][I]raw dispatch ts:[113232620340329,113232620341606]
[14:33:39.532][MXC][I]dispatch ts translate ret [1788964419531945189, 1788964419531957959]
[14:33:39.532][MXC][I]raw dispatch ts:[113232620341909,113232620343778]
[14:33:39.532][MXC][I]dispatch ts translate ret [1788964419531960989, 1788964419531979679]
[14:33:39.532][MXC][I]raw dispatch ts:[113232620346360,113232620350222]
[14:33:39.532][MXC][I]dispatch ts translate ret [1788964419532005499, 1788964419532044119]
[14:33:39.532][MXC][I]raw dispatch ts:[113232620352619,113232620352962]
[14:33:39.532][MXC][I]dispatch ts translate ret [1788964419532068089, 1788964419532071519]
[14:33:39.532][MXC][I]raw dispatch ts:[113232620353249,113232620353577]
[14:33:39.532][MXC][I]dispatch ts translate ret [1788964419532074389, 1788964419532077669]
[14:33:39.532][MXC][I]raw dispatch ts:[113232620361756,113232620362433]
[14:33:39.532][MXC][I]dispatch ts translate ret [1788964419532159452, 1788964419532166221]
[14:33:39.532][MXC][I]raw dispatch ts:[113232620364845,113232620366201]
[14:33:39.532][MXC][I]dispatch ts translate ret [1788964419532190337, 1788964419532203895]
[14:33:39.532][MXC][I]raw dispatch ts:[113232620366493,113232620367853]
[14:33:39.532][MXC][I]dispatch ts translate ret [1788964419532206815, 1788964419532220413]
[14:33:39.532][MXC][I]raw dispatch ts:[113232620370303,113232620372152]
[14:33:39.532][MXC][I]dispatch ts translate ret [1788964419532244909, 1788964419532263396]
[14:33:39.532][MXC][I]raw dispatch ts:[113232620372437,113232620373401]
[14:33:39.532][MXC][I]dispatch ts translate ret [1788964419532266246, 1788964419532275884]
[14:33:39.532][MXC][I]raw dispatch ts:[113232620376014,113232620377398]
[14:33:39.532][MXC][I]dispatch ts translate ret [1788964419532302010, 1788964419532315848]
[14:33:39.532][MCBLASLT][I]set_workspace is called ! user allocated size: 67108864B = 64.000000MB
[14:33:39.532][MCBLAS][I]mcblasSgemmStridedBatched 1 0 32 16 128 128 128 32 256 4096 2048 512 1.000000 0.000000
[14:33:39.532][MCBLASLT][I]Kernsel found best solution: Kernel name: mcblas__Mck_sgemm_full_1m1n1k_xt_fp32_fp32_fp32_sb_tn_0_256_64x32_0, slt:0, swap:0, ksplit:0
[14:33:39.532][MCBLASLT][I]module get function mcblas__Mck_sgemm_full_1m1n1k_xt_fp32_fp32_fp32_sb_tn_0_256_64x32_0 successed
[14:33:39.532][MCBLASLT][I]mcModuleLaunchKernel successed, ret = 0
[14:33:39.532][MXC][I]raw dispatch ts:[113232620384103,113232620384668]
[14:33:39.532][MXC][I]dispatch ts translate ret [1788964419532382887, 1788964419532388536]
[14:33:39.532][MXC][I]raw dispatch ts:[113232620387189,113232620387566]
[14:33:39.532][MXC][I]dispatch ts translate ret [1788964419532413742, 1788964419532417511]
[14:33:39.532][MCR][I]mc_memory.cpp            :1671: copy strategy - H2DCpuCopy:0,D2HCpuCopy:0,cpuCopy:0,d2dCrossDevices:0,pageableHToDAsync:0
[14:33:39.532][MCR][I]mc_memory.cpp            :1672: copy strategy - isAsync:0,waitComplete:0
[14:33:39.532][MXC][I]raw dispatch ts:[113232620387846,113232620388139]
[14:33:39.532][MXC][I]dispatch ts translate ret [1788964419532420311, 1788964419532423241]
[14:33:39.532][MXC][I]raw dispatch ts:[113232620415408,113232620415543]
[14:33:39.532][MXC][I]dispatch ts translate ret [1788964419532695987, 1788964419532697337]
[14:33:39.532][MXC][I]raw dispatch ts:[113232620388415,113232620388793]
[14:33:39.532][MXC][I]dispatch ts translate ret [1788964419532426027, 1788964419532429808]
[14:33:39.532][MXC][I]raw async_copy ts:[68735673674416,68735673686229]
[14:33:39.532][MXC][I]sdma_ts_.sdma_counter:68734697685926
[14:33:39.532][MXC][I]DNOCfreq:900000000, async_copy ts translate ret [1788964419803824888, 1788964419803838013]
[14:33:39.532][MXC][I]raw dispatch ts:[113232620391092,113232620391502]
[14:33:39.532][MXC][I]dispatch ts translate ret [1788964419532452800, 1788964419532456901]
[14:33:39.532][MXC][I]raw dispatch ts:[113232620391791,113232620392145]
[14:33:39.532][MXC][I]dispatch ts translate ret [1788964419532459791, 1788964419532463331]
[14:33:39.532][MXC][I]raw dispatch ts:[113232620392426,113232620392711]
[14:33:39.532][MXC][I]dispatch ts translate ret [1788964419532466142, 1788964419532468992]
[14:33:39.532][MXC][I]raw dispatch ts:[113232620392995,113232620393184]
[14:33:39.532][MXC][I]dispatch ts translate ret [1788964419532471832, 1788964419532473723]
[14:33:39.532][MCBLASLT][I]set_workspace is called ! user allocated size: 67108864B = 64.000000MB
[14:33:39.532][MCBLAS][I]mcblasSgemmStridedBatched 0 0 128 16 32 128 32 128 256 4096 512 2048 1.000000 0.000000
[14:33:39.532][MCBLASLT][I]Kernsel found best solution: Kernel name: mcblas__Mck_sgemm_full_1m1n1k_xt_fp32_fp32_fp32_sb_nn_0_256_64x32_0, slt:0, swap:0, ksplit:0
[14:33:39.532][MCBLASLT][I]module get function mcblas__Mck_sgemm_full_1m1n1k_xt_fp32_fp32_fp32_sb_nn_0_256_64x32_0 successed
[14:33:39.532][MCBLASLT][I]mcModuleLaunchKernel successed, ret = 0
[14:33:39.532][MXC][I]raw dispatch ts:[113232620393466,113232620394211]
[14:33:39.532][MXC][I]dispatch ts translate ret [1788964419532476543, 1788964419532483994]
[14:33:39.532][MXC][I]raw dispatch ts:[113232620396535,113232620396839]
[14:33:39.532][MXC][I]dispatch ts translate ret [1788964419532507236, 1788964419532510277]
[14:33:39.532][MCR][I]mc_memory.cpp            :1671: copy strategy - H2DCpuCopy:0,D2HCpuCopy:0,cpuCopy:0,d2dCrossDevices:0,pageableHToDAsync:0
[14:33:39.532][MCR][I]mc_memory.cpp            :1672: copy strategy - isAsync:0,waitComplete:0
[14:33:39.532][MXC][I]raw dispatch ts:[113232620397125,113232620397661]
[14:33:39.532][MXC][I]dispatch ts translate ret [1788964419532513137, 1788964419532518497]
[14:33:39.532][MXC][I]raw dispatch ts:[113232620436881,113232620436973]
[14:33:39.532][MXC][I]dispatch ts translate ret [1788964419532910661, 1788964419532911581]
[14:33:39.532][MXC][I]raw dispatch ts:[113232620398128,113232620399369]
[14:33:39.532][MXC][I]dispatch ts translate ret [1788964419532523187, 1788964419532535597]
[14:33:39.532][MXC][I]raw async_copy ts:[68735673935638,68735673957559]
[14:33:39.532][MXC][I]sdma_ts_.sdma_counter:68734697685926
[14:33:39.532][MXC][I]DNOCfreq:900000000, async_copy ts translate ret [1788964419804115135, 1788964419804139491]
[14:33:39.532][MXC][I]raw dispatch ts:[113232620401808,113232620403138]
[14:33:39.532][MXC][I]dispatch ts translate ret [1788964419532559987, 1788964419532573287]
[14:33:39.532][MXC][I]raw dispatch ts:[113232620403424,113232620405376]
[14:33:39.532][MXC][I]dispatch ts translate ret [1788964419532576147, 1788964419532595667]
[14:33:39.532][MXC][I]raw dispatch ts:[113232620407937,113232620411842]
[14:33:39.532][MXC][I]dispatch ts translate ret [1788964419532621277, 1788964419532660327]
[14:33:39.532][MXC][I]raw dispatch ts:[113232620414193,113232620414614]
[14:33:39.532][MXC][I]dispatch ts translate ret [1788964419532683837, 1788964419532688047]
[14:33:39.532][MXC][I]raw dispatch ts:[113232620414892,113232620415146]
[14:33:39.532][MXC][I]dispatch ts translate ret [1788964419532690827, 1788964419532693367]
[14:33:39.533][MXC][I]raw dispatch ts:[113232620420979,113232620421655]
[14:33:39.533][MXC][I]dispatch ts translate ret [1788964419532751684, 1788964419532758442]
[14:33:39.533][MXC][I]raw dispatch ts:[113232620424012,113232620425339]
[14:33:39.533][MXC][I]dispatch ts translate ret [1788964419532782006, 1788964419532795272]
[14:33:39.533][MXC][I]raw dispatch ts:[113232620425630,113232620427012]
[14:33:39.533][MXC][I]dispatch ts translate ret [1788964419532798182, 1788964419532811998]
[14:33:39.533][MXC][I]raw dispatch ts:[113232620427296,113232620429176]
[14:33:39.533][MXC][I]dispatch ts translate ret [1788964419532814837, 1788964419532833632]
[14:33:39.533][MXC][I]raw dispatch ts:[113232620431741,113232620432780]
[14:33:39.533][MXC][I]dispatch ts translate ret [1788964419532859275, 1788964419532869662]
[14:33:39.533][MXC][I]raw dispatch ts:[113232620433071,113232620434399]
[14:33:39.533][MXC][I]dispatch ts translate ret [1788964419532872571, 1788964419532885848]
[14:33:39.533][MCBLASLT][I]set_workspace is called ! user allocated size: 67108864B = 64.000000MB
[14:33:39.533][MCBLAS][I]mcblasSgemmStridedBatched 1 0 32 16 128 128 128 32 256 4096 2048 512 1.000000 0.000000
[14:33:39.533][MCBLASLT][I]Kernsel found best solution: Kernel name: mcblas__Mck_sgemm_full_1m1n1k_xt_fp32_fp32_fp32_sb_tn_0_256_64x32_0, slt:0, swap:0, ksplit:0
[14:33:39.533][MCBLASLT][I]module get function mcblas__Mck_sgemm_full_1m1n1k_xt_fp32_fp32_fp32_sb_tn_0_256_64x32_0 successed
[14:33:39.533][MCBLASLT][I]mcModuleLaunchKernel successed, ret = 0
[14:33:39.533][MXC][I]raw dispatch ts:[113232620443607,113232620444161]
[14:33:39.533][MXC][I]dispatch ts translate ret [1788964419532977902, 1788964419532983440]
[14:33:39.533][MXC][I]raw dispatch ts:[113232620446490,113232620446898]
[14:33:39.533][MXC][I]dispatch ts translate ret [1788964419533006724, 1788964419533010803]
[14:33:39.533][MCR][I]mc_memory.cpp            :1671: copy strategy - H2DCpuCopy:0,D2HCpuCopy:0,cpuCopy:0,d2dCrossDevices:0,pageableHToDAsync:0
[14:33:39.533][MCR][I]mc_memory.cpp            :1672: copy strategy - isAsync:0,waitComplete:0
[14:33:39.533][MXC][I]raw dispatch ts:[113232620447176,113232620447369]
[14:33:39.533][MXC][I]dispatch ts translate ret [1788964419533013582, 1788964419533015512]
[14:33:39.533][MXC][I]raw dispatch ts:[113232620474805,113232620474925]
[14:33:39.533][MXC][I]dispatch ts translate ret [1788964419533289960, 1788964419533291161]
[14:33:39.533][MXC][I]raw dispatch ts:[113232620447638,113232620448109]
[14:33:39.533][MXC][I]dispatch ts translate ret [1788964419533018246, 1788964419533022957]
[14:33:39.533][MXC][I]raw async_copy ts:[68735674387216,68735674398785]
[14:33:39.533][MXC][I]sdma_ts_.sdma_counter:68734697685926
[14:33:39.533][MXC][I]DNOCfreq:900000000, async_copy ts translate ret [1788964419804616888, 1788964419804629742]
[14:33:39.533][MXC][I]raw dispatch ts:[113232620450437,113232620450844]
[14:33:39.533][MXC][I]dispatch ts translate ret [1788964419533046241, 1788964419533050311]
[14:33:39.533][MXC][I]raw dispatch ts:[113232620451172,113232620451528]
[14:33:39.533][MXC][I]dispatch ts translate ret [1788964419533053592, 1788964419533057152]
[14:33:39.533][MXC][I]raw dispatch ts:[113232620451801,113232620452088]
[14:33:39.533][MCBLASLT][I]set_workspace is called ! user allocated size: 67108864B = 64.000000MB
[14:33:39.533][MXC][I]dispatch ts translate ret [1788964419533059883, 1788964419533062753]
[14:33:39.533][MCBLAS][I]mcblasSgemmStridedBatched 0 0 128 16 32 128 32 128 256 4096 512 2048 1.000000 0.000000
[14:33:39.533][MXC][I]raw dispatch ts:[113232620452360,113232620452552]
[14:33:39.533][MXC][I]dispatch ts translate ret [1788964419533065474, 1788964419533067394]
[14:33:39.533][MCBLASLT][I]Kernsel found best solution: Kernel name: mcblas__Mck_sgemm_full_1m1n1k_xt_fp32_fp32_fp32_sb_nn_0_256_64x32_0, slt:0, swap:0, ksplit:0
[14:33:39.533][MCBLASLT][I]module get function mcblas__Mck_sgemm_full_1m1n1k_xt_fp32_fp32_fp32_sb_nn_0_256_64x32_0 successed
[14:33:39.533][MCBLASLT][I]mcModuleLaunchKernel successed, ret = 0
[14:33:39.533][MXC][I]raw dispatch ts:[113232620452824,113232620453562]
[14:33:39.533][MXC][I]dispatch ts translate ret [1788964419533070115, 1788964419533077496]
[14:33:39.533][MXC][I]raw dispatch ts:[113232620453834,113232620454041]
[14:33:39.533][MXC][I]dispatch ts translate ret [1788964419533080216, 1788964419533082287]
[14:33:39.533][MCR][I]mc_memory.cpp            :1671: copy strategy - H2DCpuCopy:0,D2HCpuCopy:0,cpuCopy:0,d2dCrossDevices:0,pageableHToDAsync:0
[14:33:39.533][MCR][I]mc_memory.cpp            :1672: copy strategy - isAsync:0,waitComplete:0
[14:33:39.533][MXC][I]raw dispatch ts:[113232620456743,113232620457260]
[14:33:39.533][MXC][I]dispatch ts translate ret [1788964419533109311, 1788964419533114482]
[14:33:39.533][MXC][I]raw dispatch ts:[113232620497119,113232620497303]
[14:33:39.533][MXC][I]dispatch ts translate ret [1788964419533513274, 1788964419533515115]
[14:33:39.533][MXC][I]raw dispatch ts:[113232620457549,113232620458888]
[14:33:39.533][MXC][I]dispatch ts translate ret [1788964419533117401, 1788964419533130791]
[14:33:39.533][MXC][I]raw async_copy ts:[68735674656365,68735674678174]
[14:33:39.533][MXC][I]sdma_ts_.sdma_counter:68734697685926
[14:33:39.533][MXC][I]DNOCfreq:900000000, async_copy ts translate ret [1788964419804915943, 1788964419804940175]
[14:33:39.533][MXC][I]raw dispatch ts:[113232620459172,113232620460321]
[14:33:39.533][MXC][I]dispatch ts translate ret [1788964419533133631, 1788964419533145121]
[14:33:39.533][MXC][I]raw dispatch ts:[113232620462930,113232620464691]
[14:33:39.533][MXC][I]dispatch ts translate ret [1788964419533171211, 1788964419533188821]
[14:33:39.533][MXC][I]raw dispatch ts:[113232620467283,113232620471168]
[14:33:39.533][MXC][I]dispatch ts translate ret [1788964419533214741, 1788964419533253591]
[14:33:39.533][MXC][I]raw dispatch ts:[113232620471461,113232620471704]
[14:33:39.533][MXC][I]dispatch ts translate ret [1788964419533256521, 1788964419533258951]
[14:33:39.533][MXC][I]raw dispatch ts:[113232620474222,113232620474523]
[14:33:39.533][MXC][I]dispatch ts translate ret [1788964419533284131, 1788964419533287141]
[14:33:39.533][MXC][I]raw dispatch ts:[113232620480780,113232620481487]
[14:33:39.533][MXC][I]dispatch ts translate ret [1788964419533349754, 1788964419533356830]
[14:33:39.533][MXC][I]raw dispatch ts:[113232620483818,113232620485256]
[14:33:39.533][MXC][I]dispatch ts translate ret [1788964419533380158, 1788964419533394550]
[14:33:39.533][MXC][I]raw dispatch ts:[113232620485536,113232620487110]
[14:33:39.533][MXC][I]dispatch ts translate ret [1788964419533397352, 1788964419533413104]
[14:33:39.533][MXC][I]raw dispatch ts:[113232620489525,113232620491317]
[14:33:39.533][MXC][I]dispatch ts translate ret [1788964419533437274, 1788964419533455208]
[14:33:39.533][MXC][I]raw dispatch ts:[113232620491598,113232620492581]
[14:33:39.533][MXC][I]dispatch ts translate ret [1788964419533458020, 1788964419533467858]
[14:33:39.533][MXC][I]raw dispatch ts:[113232620495494,113232620496841]
[14:33:39.533][MXC][I]dispatch ts translate ret [1788964419533497011, 1788964419533510492]
[14:33:39.533][MCBLASLT][I]set_workspace is called ! user allocated size: 67108864B = 64.000000MB
[14:33:39.533][MCBLAS][I]mcblasSgemmStridedBatched 1 0 32 16 128 128 128 32 256 4096 2048 512 1.000000 0.000000
[14:33:39.533][MCBLASLT][I]Kernsel found best solution: Kernel name: mcblas__Mck_sgemm_full_1m1n1k_xt_fp32_fp32_fp32_sb_tn_0_256_64x32_0, slt:0, swap:0, ksplit:0
[14:33:39.533][MCBLASLT][I]module get function mcblas__Mck_sgemm_full_1m1n1k_xt_fp32_fp32_fp32_sb_tn_0_256_64x32_0 successed
[14:33:39.533][MCBLASLT][I]mcModuleLaunchKernel successed, ret = 0
[14:33:39.533][MXC][I]raw dispatch ts:[113232620503542,113232620504092]
[14:33:39.533][MXC][I]dispatch ts translate ret [1788964419533577554, 1788964419533583058]
[14:33:39.533][MXC][I]raw dispatch ts:[113232620506443,113232620506849]
[14:33:39.533][MXC][I]dispatch ts translate ret [1788964419533606587, 1788964419533610650]
[14:33:39.533][MCR][I]mc_memory.cpp            :1671: copy strategy - H2DCpuCopy:0,D2HCpuCopy:0,cpuCopy:0,d2dCrossDevices:0,pageableHToDAsync:0
[14:33:39.533][MCR][I]mc_memory.cpp            :1672: copy strategy - isAsync:0,waitComplete:0
[14:33:39.533][MXC][I]raw dispatch ts:[113232620507138,113232620507315]
[14:33:39.533][MXC][I]dispatch ts translate ret [1788964419533613543, 1788964419533615314]
[14:33:39.533][MXC][I]raw dispatch ts:[113232620536462,113232620536554]
[14:33:39.533][MXC][I]dispatch ts translate ret [1788964419533906473, 1788964419533907393]
[14:33:39.533][MXC][I]raw dispatch ts:[113232620507580,113232620508044]
[14:33:39.533][MXC][I]dispatch ts translate ret [1788964419533617830, 1788964419533622467]
[14:33:39.533][MXC][I]raw async_copy ts:[68735675125703,68735675137290]
[14:33:39.533][MXC][I]sdma_ts_.sdma_counter:68734697685926
[14:33:39.533][MXC][I]DNOCfreq:900000000, async_copy ts translate ret [1788964419805437429, 1788964419805450303]
[14:33:39.533][MXC][I]raw dispatch ts:[113232620510364,113232620510775]
[14:33:39.533][MXC][I]dispatch ts translate ret [1788964419533645653, 1788964419533649760]
[14:33:39.533][MXC][I]raw dispatch ts:[113232620511062,113232620511427]
[14:33:39.533][MXC][I]dispatch ts translate ret [1788964419533652629, 1788964419533656276]
[14:33:39.533][MXC][I]raw dispatch ts:[113232620511700,113232620511989]
[14:33:39.533][MXC][I]dispatch ts translate ret [1788964419533659005, 1788964419533661893]
[14:33:39.533][MCBLASLT][I]set_workspace is called ! user allocated size: 67108864B = 64.000000MB
[14:33:39.533][MXC][I]raw dispatch ts:[113232620512264,113232620512440]
[14:33:39.533][MXC][I]dispatch ts translate ret [1788964419533664641, 1788964419533666400]
[14:33:39.533][MCBLAS][I]mcblasSgemmStridedBatched 0 0 128 16 32 128 32 128 256 4096 512 2048 1.000000 0.000000
[14:33:39.533][MCBLASLT][I]Kernsel found best solution: Kernel name: mcblas__Mck_sgemm_full_1m1n1k_xt_fp32_fp32_fp32_sb_nn_0_256_64x32_0, slt:0, swap:0, ksplit:0
[14:33:39.533][MCBLASLT][I]module get function mcblas__Mck_sgemm_full_1m1n1k_xt_fp32_fp32_fp32_sb_nn_0_256_64x32_0 successed
[14:33:39.533][MCBLASLT][I]mcModuleLaunchKernel successed, ret = 0
[14:33:39.534][MXC][I]raw dispatch ts:[113232620512701,113232620513426]
[14:33:39.534][MXC][I]dispatch ts translate ret [1788964419533669009, 1788964419533676254]
[14:33:39.534][MXC][I]raw dispatch ts:[113232620515751,113232620516053]
[14:33:39.534][MXC][I]dispatch ts translate ret [1788964419533699490, 1788964419533702508]
[14:33:39.534][MCR][I]mc_memory.cpp            :1671: copy strategy - H2DCpuCopy:0,D2HCpuCopy:0,cpuCopy:0,d2dCrossDevices:0,pageableHToDAsync:0
[14:33:39.534][MCR][I]mc_memory.cpp            :1672: copy strategy - isAsync:0,waitComplete:0
[14:33:39.534][MXC][I]raw dispatch ts:[113232620516329,113232620516864]
[14:33:39.534][MXC][I]dispatch ts translate ret [1788964419533705266, 1788964419533710613]
[14:33:39.534][MXC][I]raw dispatch ts:[113232620555273,113232620555596]
[14:33:39.534][MXC][I]dispatch ts translate ret [1788964419534094674, 1788964419534097906]
[14:33:39.534][MXC][I]raw dispatch ts:[113232620517137,113232620518383]
[14:33:39.534][MXC][I]dispatch ts translate ret [1788964419533713219, 1788964419533725679]
[14:33:39.534][MXC][I]raw async_copy ts:[68735675357403,68735675379266]
[14:33:39.534][MXC][I]sdma_ts_.sdma_counter:68734697685926
[14:33:39.534][MXC][I]DNOCfreq:900000000, async_copy ts translate ret [1788964419805694874, 1788964419805719166]
[14:33:39.534][MXC][I]raw dispatch ts:[113232620520816,113232620522170]
[14:33:39.534][MXC][I]dispatch ts translate ret [1788964419533750009, 1788964419533763549]
[14:33:39.534][MXC][I]raw dispatch ts:[113232620522455,113232620524323]
[14:33:39.534][MXC][I]dispatch ts translate ret [1788964419533766399, 1788964419533785079]
[14:33:39.534][MXC][I]raw dispatch ts:[113232620526902,113232620530782]
[14:33:39.534][MXC][I]dispatch ts translate ret [1788964419533810869, 1788964419533849669]
[14:33:39.534][MXC][I]raw dispatch ts:[113232620533130,113232620533487]
[14:33:39.534][MXC][I]dispatch ts translate ret [1788964419533873149, 1788964419533876719]
[14:33:39.534][MXC][I]raw dispatch ts:[113232620533789,113232620534107]
[14:33:39.534][MXC][I]dispatch ts translate ret [1788964419533879739, 1788964419533882919]
[14:33:39.534][MXC][I]raw dispatch ts:[113232620541822,113232620542480]
[14:33:39.534][MXC][I]dispatch ts translate ret [1788964419533960094, 1788964419533966678]
[14:33:39.534][MXC][I]raw dispatch ts:[113232620544831,113232620546165]
[14:33:39.534][MXC][I]dispatch ts translate ret [1788964419533990200, 1788964419534003547]
[14:33:39.534][MXC][I]raw dispatch ts:[113232620546456,113232620547646]
[14:33:39.534][MXC][I]dispatch ts translate ret [1788964419534006458, 1788964419534018364]
[14:33:39.534][MXC][I]raw dispatch ts:[113232620548040,113232620549920]
[14:33:39.534][MXC][I]dispatch ts translate ret [1788964419534022307, 1788964419534041116]
[14:33:39.534][MXC][I]raw dispatch ts:[113232620552491,113232620553537]
[14:33:39.534][MXC][I]dispatch ts translate ret [1788964419534066840, 1788964419534077305]
[14:33:39.534][MXC][I]raw dispatch ts:[113232620553819,113232620555006]
[14:33:39.534][MXC][I]dispatch ts translate ret [1788964419534080127, 1788964419534092003]
[14:33:39.534][MCBLASLT][I]set_workspace is called ! user allocated size: 67108864B = 64.000000MB
[14:33:39.534][MCBLAS][I]mcblasSgemmStridedBatched 1 0 32 16 128 128 128 32 256 4096 2048 512 1.000000 0.000000
[14:33:39.534][MCBLASLT][I]Kernsel found best solution: Kernel name: mcblas__Mck_sgemm_full_1m1n1k_xt_fp32_fp32_fp32_sb_tn_0_256_64x32_0, slt:0, swap:0, ksplit:0
[14:33:39.534][MCBLASLT][I]module get function mcblas__Mck_sgemm_full_1m1n1k_xt_fp32_fp32_fp32_sb_tn_0_256_64x32_0 successed
[14:33:39.534][MCBLASLT][I]mcModuleLaunchKernel successed, ret = 0
[14:33:39.534][MXC][I]raw dispatch ts:[113232620561942,113232620562491]
[14:33:39.534][MXC][I]dispatch ts translate ret [1788964419534161398, 1788964419534166891]
[14:33:39.534][MXC][I]raw dispatch ts:[113232620564787,113232620565208]
[14:33:39.534][MXC][I]dispatch ts translate ret [1788964419534189863, 1788964419534194075]
[14:33:39.534][MCR][I]mc_memory.cpp            :1671: copy strategy - H2DCpuCopy:0,D2HCpuCopy:0,cpuCopy:0,d2dCrossDevices:0,pageableHToDAsync:0
[14:33:39.534][MCR][I]mc_memory.cpp            :1672: copy strategy - isAsync:0,waitComplete:0
[14:33:39.534][MXC][I]raw dispatch ts:[113232620565491,113232620565668]
[14:33:39.534][MXC][I]dispatch ts translate ret [1788964419534196906, 1788964419534198677]
[14:33:39.534][MXC][I]raw dispatch ts:[113232620593077,113232620593193]
[14:33:39.534][MXC][I]dispatch ts translate ret [1788964419534472704, 1788964419534473864]
[14:33:39.534][MXC][I]raw dispatch ts:[113232620565925,113232620566412]
[14:33:39.534][MXC][I]dispatch ts translate ret [1788964419534201195, 1788964419534206064]
[14:33:39.534][MXC][I]raw async_copy ts:[68735675806172,68735675817943]
[14:33:39.534][MXC][I]sdma_ts_.sdma_counter:68734697685926
[14:33:39.534][MXC][I]DNOCfreq:900000000, async_copy ts translate ret [1788964419806193506, 1788964419806206584]
[14:33:39.534][MXC][I]raw dispatch ts:[113232620568729,113232620569135]
[14:33:39.534][MXC][I]dispatch ts translate ret [1788964419534229233, 1788964419534233293]
[14:33:39.534][MXC][I]raw dispatch ts:[113232620569420,113232620569775]
[14:33:39.534][MXC][I]dispatch ts translate ret [1788964419534236143, 1788964419534239693]
[14:33:39.534][MXC][I]raw dispatch ts:[113232620570111,113232620570398]
[14:33:39.534][MXC][I]dispatch ts translate ret [1788964419534243053, 1788964419534245923]
[14:33:39.534][MXC][I]raw dispatch ts:[113232620570691,113232620570883]
[14:33:39.534][MXC][I]dispatch ts translate ret [1788964419534248853, 1788964419534250773]
[14:33:39.534][MCBLASLT][I]set_workspace is called ! user allocated size: 67108864B = 64.000000MB
[14:33:39.534][MCBLAS][I]mcblasSgemmStridedBatched 0 0 128 16 32 128 32 128 256 4096 512 2048 1.000000 0.000000
[14:33:39.534][MCBLASLT][I]Kernsel found best solution: Kernel name: mcblas__Mck_sgemm_full_1m1n1k_xt_fp32_fp32_fp32_sb_nn_0_256_64x32_0, slt:0, swap:0, ksplit:0
[14:33:39.534][MCBLASLT][I]module get function mcblas__Mck_sgemm_full_1m1n1k_xt_fp32_fp32_fp32_sb_nn_0_256_64x32_0 successed
[14:33:39.534][MCBLASLT][I]mcModuleLaunchKernel successed, ret = 0
[14:33:39.534][MXC][I]raw dispatch ts:[113232620571157,113232620571870]
[14:33:39.534][MXC][I]dispatch ts translate ret [1788964419534253512, 1788964419534260642]
[14:33:39.534][MXC][I]raw dispatch ts:[113232620572155,113232620572361]
[14:33:39.534][MXC][I]dispatch ts translate ret [1788964419534263492, 1788964419534265552]
[14:33:39.534][MCR][I]mc_memory.cpp            :1671: copy strategy - H2DCpuCopy:0,D2HCpuCopy:0,cpuCopy:0,d2dCrossDevices:0,pageableHToDAsync:0
[14:33:39.534][MCR][I]mc_memory.cpp            :1672: copy strategy - isAsync:0,waitComplete:0
[14:33:39.534][MXC][I]raw dispatch ts:[113232620574851,113232620575369]
[14:33:39.534][MXC][I]dispatch ts translate ret [1788964419534290451, 1788964419534295631]
[14:33:39.534][MXC][I]raw dispatch ts:[113232620612501,113232620612800]
[14:33:39.534][MXC][I]dispatch ts translate ret [1788964419534666926, 1788964419534669916]
[14:33:39.534][MXC][I]raw dispatch ts:[113232620575651,113232620576915]
[14:33:39.534][MXC][I]dispatch ts translate ret [1788964419534298443, 1788964419534311083]
[14:33:39.534][MXC][I]raw async_copy ts:[68735676043970,68735676065896]
[14:33:39.534][MXC][I]sdma_ts_.sdma_counter:68734697685926
[14:33:39.534][MXC][I]DNOCfreq:900000000, async_copy ts translate ret [1788964419806457726, 1788964419806482088]
[14:33:39.534][MXC][I]raw dispatch ts:[113232620577193,113232620578410]
[14:33:39.534][MXC][I]dispatch ts translate ret [1788964419534313863, 1788964419534326033]
[14:33:39.534][MXC][I]raw dispatch ts:[113232620581006,113232620582916]
[14:33:39.534][MXC][I]dispatch ts translate ret [1788964419534351993, 1788964419534371093]
[14:33:39.534][MXC][I]raw dispatch ts:[113232620585601,113232620589481]
[14:33:39.534][MXC][I]dispatch ts translate ret [1788964419534397943, 1788964419534436743]
[14:33:39.534][MXC][I]raw dispatch ts:[113232620589764,113232620590019]
[14:33:39.534][MXC][I]dispatch ts translate ret [1788964419534439573, 1788964419534442123]
[14:33:39.534][MXC][I]raw dispatch ts:[113232620592482,113232620592783]
[14:33:39.534][MXC][I]dispatch ts translate ret [1788964419534466753, 1788964419534469763]
[14:33:39.534][MXC][I]raw dispatch ts:[113232620598922,113232620599613]
[14:33:39.534][MXC][I]dispatch ts translate ret [1788964419534531149, 1788964419534538058]
[14:33:39.534][MXC][I]raw dispatch ts:[113232620602056,113232620603363]
[14:33:39.534][MXC][I]dispatch ts translate ret [1788964419534562486, 1788964419534575555]
[14:33:39.534][MXC][I]raw dispatch ts:[113232620603651,113232620604873]
[14:33:39.534][MXC][I]dispatch ts translate ret [1788964419534578434, 1788964419534590653]
[14:33:39.534][MXC][I]raw dispatch ts:[113232620605164,113232620606974]
[14:33:39.534][MXC][I]dispatch ts translate ret [1788964419534593563, 1788964419534611661]
[14:33:39.534][MXC][I]raw dispatch ts:[113232620609608,113232620610666]
[14:33:39.534][MXC][I]dispatch ts translate ret [1788964419534637999, 1788964419534648578]
[14:33:39.534][MXC][I]raw dispatch ts:[113232620610955,113232620612222]
[14:33:39.534][MXC][I]dispatch ts translate ret [1788964419534651468, 1788964419534664137]
[14:33:39.534][MCBLASLT][I]set_workspace is called ! user allocated size: 67108864B = 64.000000MB
[14:33:39.534][MCBLAS][I]mcblasSgemmStridedBatched 1 0 32 16 128 128 128 32 256 4096 2048 512 1.000000 0.000000
[14:33:39.534][MCBLASLT][I]Kernsel found best solution: Kernel name: mcblas__Mck_sgemm_full_1m1n1k_xt_fp32_fp32_fp32_sb_tn_0_256_64x32_0, slt:0, swap:0, ksplit:0
[14:33:39.534][MCBLASLT][I]module get function mcblas__Mck_sgemm_full_1m1n1k_xt_fp32_fp32_fp32_sb_tn_0_256_64x32_0 successed
[14:33:39.534][MCBLASLT][I]mcModuleLaunchKernel successed, ret = 0
[14:33:39.534][MXC][I]raw dispatch ts:[113232620619202,113232620619753]
[14:33:39.534][MXC][I]dispatch ts translate ret [1788964419534733929, 1788964419534739439]
[14:33:39.534][MXC][I]raw dispatch ts:[113232620622255,113232620622675]
[14:33:39.534][MXC][I]dispatch ts translate ret [1788964419534764456, 1788964419534768656]
[14:33:39.534][MCR][I]mc_memory.cpp            :1671: copy strategy - H2DCpuCopy:0,D2HCpuCopy:0,cpuCopy:0,d2dCrossDevices:0,pageableHToDAsync:0
[14:33:39.535][MCR][I]mc_memory.cpp            :1672: copy strategy - isAsync:0,waitComplete:0
[14:33:39.535][MXC][I]raw dispatch ts:[113232620622953,113232620623146]
[14:33:39.535][MXC][I]dispatch ts translate ret [1788964419534771436, 1788964419534773366]
[14:33:39.535][MXC][I]raw dispatch ts:[113232620650611,113232620650732]
[14:33:39.535][MXC][I]dispatch ts translate ret [1788964419535047982, 1788964419535049192]
[14:33:39.535][MXC][I]raw dispatch ts:[113232620623413,113232620623870]
[14:33:39.535][MXC][I]dispatch ts translate ret [1788964419534776034, 1788964419534780603]
[14:33:39.535][MXC][I]raw async_copy ts:[68735676499011,68735676510556]
[14:33:39.535][MXC][I]sdma_ts_.sdma_counter:68734697685926
[14:33:39.535][MXC][I]DNOCfreq:900000000, async_copy ts translate ret [1788964419806963327, 1788964419806976154]
[14:33:39.535][MXC][I]raw dispatch ts:[113232620624144,113232620624477]
[14:33:39.535][MXC][I]dispatch ts translate ret [1788964419534783343, 1788964419534786673]
[14:33:39.535][MXC][I]raw dispatch ts:[113232620627220,113232620627692]
[14:33:39.535][MXC][I]dispatch ts translate ret [1788964419534814099, 1788964419534818819]
[14:33:39.535][MCBLASLT][I]set_workspace is called ! user allocated size: 67108864B = 64.000000MB
[14:33:39.535][MXC][I]raw dispatch ts:[113232620628016,113232620628307]
[14:33:39.535][MCBLAS][I]mcblasSgemmStridedBatched 0 0 128 16 32 128 32 128 256 4096 512 2048 1.000000 0.000000
[14:33:39.535][MXC][I]dispatch ts translate ret [1788964419534822058, 1788964419534824968]
[14:33:39.535][MCBLASLT][I]Kernsel found best solution: Kernel name: mcblas__Mck_sgemm_full_1m1n1k_xt_fp32_fp32_fp32_sb_nn_0_256_64x32_0, slt:0, swap:0, ksplit:0
[14:33:39.535][MCBLASLT][I]module get function mcblas__Mck_sgemm_full_1m1n1k_xt_fp32_fp32_fp32_sb_nn_0_256_64x32_0 successed
[14:33:39.535][MXC][I]raw dispatch ts:[113232620628583,113232620628759]
[14:33:39.535][MXC][I]dispatch ts translate ret [1788964419534827728, 1788964419534829488]
[14:33:39.535][MCBLASLT][I]mcModuleLaunchKernel successed, ret = 0
[14:33:39.535][MXC][I]raw dispatch ts:[113232620629011,113232620629771]
[14:33:39.535][MXC][I]dispatch ts translate ret [1788964419534832007, 1788964419534839606]
[14:33:39.535][MXC][I]raw dispatch ts:[113232620630057,113232620630251]
[14:33:39.535][MXC][I]dispatch ts translate ret [1788964419534842466, 1788964419534844406]
[14:33:39.535][MCR][I]mc_memory.cpp            :1671: copy strategy - H2DCpuCopy:0,D2HCpuCopy:0,cpuCopy:0,d2dCrossDevices:0,pageableHToDAsync:0
[14:33:39.535][MCR][I]mc_memory.cpp            :1672: copy strategy - isAsync:0,waitComplete:0
[14:33:39.535][MXC][I]raw dispatch ts:[113232620632281,113232620632821]
[14:33:39.535][MXC][I]dispatch ts translate ret [1788964419534864704, 1788964419534870103]
[14:33:39.535][MXC][I]raw dispatch ts:[113232620671755,113232620671941]
[14:33:39.535][MXC][I]dispatch ts translate ret [1788964419535259617, 1788964419535261479]
[14:33:39.535][MXC][I]raw dispatch ts:[113232620633109,113232620634416]
[14:33:39.535][MXC][I]dispatch ts translate ret [1788964419534872961, 1788964419534886031]
[14:33:39.535][MXC][I]raw async_copy ts:[68735676755652,68735676777631]
[14:33:39.535][MXC][I]sdma_ts_.sdma_counter:68734697685926
[14:33:39.535][MXC][I]DNOCfreq:900000000, async_copy ts translate ret [1788964419807248484, 1788964419807272905]
[14:33:39.535][MXC][I]raw dispatch ts:[113232620634771,113232620636009]
[14:33:39.535][MXC][I]dispatch ts translate ret [1788964419534889581, 1788964419534901961]
[14:33:39.535][MXC][I]raw dispatch ts:[113232620638526,113232620640397]
[14:33:39.535][MXC][I]dispatch ts translate ret [1788964419534927131, 1788964419534945841]
[14:33:39.535][MXC][I]raw dispatch ts:[113232620642940,113232620646811]
[14:33:39.535][MXC][I]dispatch ts translate ret [1788964419534971271, 1788964419535009981]
[14:33:39.535][MXC][I]raw dispatch ts:[113232620647102,113232620647343]
[14:33:39.535][MXC][I]dispatch ts translate ret [1788964419535012891, 1788964419535015301]
[14:33:39.535][MXC][I]raw dispatch ts:[113232620650029,113232620650331]
[14:33:39.535][MXC][I]dispatch ts translate ret [1788964419535042161, 1788964419535045181]
[14:33:39.535][MXC][I]raw dispatch ts:[113232620656162,113232620656829]
[14:33:39.535][MXC][I]dispatch ts translate ret [1788964419535103538, 1788964419535110215]
[14:33:39.535][MXC][I]raw dispatch ts:[113232620659182,113232620660597]
[14:33:39.535][MXC][I]dispatch ts translate ret [1788964419535133767, 1788964419535147931]
[14:33:39.535][MXC][I]raw dispatch ts:[113232620662956,113232620664168]
[14:33:39.535][MXC][I]dispatch ts translate ret [1788964419535171543, 1788964419535183675]
[14:33:39.535][MXC][I]raw dispatch ts:[113232620664447,113232620666244]
[14:33:39.535][MXC][I]dispatch ts translate ret [1788964419535186467, 1788964419535204454]
[14:33:39.535][MXC][I]raw dispatch ts:[113232620666522,113232620667492]
[14:33:39.535][MXC][I]dispatch ts translate ret [1788964419535207237, 1788964419535216946]
[14:33:39.535][MXC][I]raw dispatch ts:[113232620670095,113232620671467]
[14:33:39.535][MXC][I]dispatch ts translate ret [1788964419535243001, 1788964419535256734]
[14:33:39.535][MCBLASLT][I]set_workspace is called ! user allocated size: 67108864B = 64.000000MB
[14:33:39.535][MCBLAS][I]mcblasSgemmStridedBatched 1 0 32 16 128 128 128 32 256 4096 2048 512 1.000000 0.000000
[14:33:39.535][MCBLASLT][I]Kernsel found best solution: Kernel name: mcblas__Mck_sgemm_full_1m1n1k_xt_fp32_fp32_fp32_sb_tn_0_256_64x32_0, slt:0, swap:0, ksplit:0
[14:33:39.535][MCBLASLT][I]module get function mcblas__Mck_sgemm_full_1m1n1k_xt_fp32_fp32_fp32_sb_tn_0_256_64x32_0 successed
[14:33:39.535][MCBLASLT][I]mcModuleLaunchKernel successed, ret = 0
[14:33:39.535][MXC][I]raw dispatch ts:[113232620678522,113232620679087]
[14:33:39.535][MXC][I]dispatch ts translate ret [1788964419535327350, 1788964419535333006]
[14:33:39.535][MXC][I]raw dispatch ts:[113232620681490,113232620681897]
[14:33:39.535][MXC][I]dispatch ts translate ret [1788964419535357059, 1788964419535361132]
[14:33:39.535][MCR][I]mc_memory.cpp            :1671: copy strategy - H2DCpuCopy:0,D2HCpuCopy:0,cpuCopy:0,d2dCrossDevices:0,pageableHToDAsync:0
[14:33:39.535][MCR][I]mc_memory.cpp            :1672: copy strategy - isAsync:0,waitComplete:0
[14:33:39.535][MXC][I]raw dispatch ts:[113232620682212,113232620682404]
[14:33:39.535][MXC][I]dispatch ts translate ret [1788964419535364285, 1788964419535366207]
[14:33:39.535][MXC][I]raw dispatch ts:[113232620707444,113232620707570]
[14:33:39.535][MXC][I]dispatch ts translate ret [1788964419535616308, 1788964419535617568]
[14:33:39.535][MXC][I]raw dispatch ts:[113232620682828,113232620683291]
[14:33:39.535][MXC][I]dispatch ts translate ret [1788964419535370294, 1788964419535374921]
[14:33:39.535][MXC][I]raw async_copy ts:[68735677180524,68735677192277]
[14:33:39.535][MXC][I]sdma_ts_.sdma_counter:68734697685926
[14:33:39.535][MXC][I]DNOCfreq:900000000, async_copy ts translate ret [1788964419807720564, 1788964419807733622]
[14:33:39.535][MXC][I]raw dispatch ts:[113232620685603,113232620686021]
[14:33:39.535][MXC][I]dispatch ts translate ret [1788964419535398027, 1788964419535402205]
[14:33:39.535][MCBLASLT][I]set_workspace is called ! user allocated size: 67108864B = 64.000000MB
[14:33:39.535][MXC][I]raw dispatch ts:[113232620686300,113232620686657]
[14:33:39.535][MXC][I]dispatch ts translate ret [1788964419535404993, 1788964419535408561]
[14:33:39.535][MCBLAS][I]mcblasSgemmStridedBatched 0 0 128 16 32 128 32 128 256 4096 512 2048 1.000000 0.000000
[14:33:39.535][MXC][I]raw dispatch ts:[113232620686932,113232620687219]
[14:33:39.535][MXC][I]dispatch ts translate ret [1788964419535411310, 1788964419535414178]
[14:33:39.535][MCBLASLT][I]Kernsel found best solution: Kernel name: mcblas__Mck_sgemm_full_1m1n1k_xt_fp32_fp32_fp32_sb_nn_0_256_64x32_0, slt:0, swap:0, ksplit:0
[14:33:39.535][MXC][I]raw dispatch ts:[113232620687601,113232620687793]
[14:33:39.535][MXC][I]dispatch ts translate ret [1788964419535417996, 1788964419535419914]
[14:33:39.535][MCBLASLT][I]module get function mcblas__Mck_sgemm_full_1m1n1k_xt_fp32_fp32_fp32_sb_nn_0_256_64x32_0 successed
[14:33:39.535][MCBLASLT][I]mcModuleLaunchKernel successed, ret = 0
[14:33:39.535][MXC][I]raw dispatch ts:[113232620688096,113232620688809]
[14:33:39.535][MXC][I]dispatch ts translate ret [1788964419535422943, 1788964419535430068]
[14:33:39.535][MXC][I]raw dispatch ts:[113232620689083,113232620689288]
[14:33:39.535][MXC][I]dispatch ts translate ret [1788964419535432807, 1788964419535434856]
[14:33:39.535][MCR][I]mc_memory.cpp            :1671: copy strategy - H2DCpuCopy:0,D2HCpuCopy:0,cpuCopy:0,d2dCrossDevices:0,pageableHToDAsync:0
[14:33:39.535][MCR][I]mc_memory.cpp            :1672: copy strategy - isAsync:0,waitComplete:0
[14:33:39.535][MXC][I]raw dispatch ts:[113232620691354,113232620691871]
[14:33:39.535][MXC][I]dispatch ts translate ret [1788964419535455503, 1788964419535460670]
[14:33:39.535][MXC][I]raw dispatch ts:[113232620730034,113232620730126]
[14:33:39.535][MXC][I]dispatch ts translate ret [1788964419535842202, 1788964419535843122]
[14:33:39.535][MXC][I]raw dispatch ts:[113232620692161,113232620693424]
[14:33:39.535][MXC][I]dispatch ts translate ret [1788964419535463474, 1788964419535476104]
[14:33:39.535][MXC][I]raw async_copy ts:[68735677449714,68735677471702]
[14:33:39.535][MXC][I]sdma_ts_.sdma_counter:68734697685926
[14:33:39.535][MXC][I]DNOCfreq:900000000, async_copy ts translate ret [1788964419808019664, 1788964419808044095]
[14:33:39.535][MXC][I]raw dispatch ts:[113232620693702,113232620695004]
[14:33:39.535][MXC][I]dispatch ts translate ret [1788964419535478884, 1788964419535491904]
[14:33:39.535][MXC][I]raw dispatch ts:[113232620695281,113232620697088]
[14:33:39.535][MXC][I]dispatch ts translate ret [1788964419535494674, 1788964419535512744]
[14:33:39.535][MXC][I]raw dispatch ts:[113232620699654,113232620703529]
[14:33:39.535][MXC][I]dispatch ts translate ret [1788964419535538404, 1788964419535577154]
[14:33:39.535][MXC][I]raw dispatch ts:[113232620703820,113232620704065]
[14:33:39.535][MXC][I]dispatch ts translate ret [1788964419535580064, 1788964419535582514]
[14:33:39.535][MXC][I]raw dispatch ts:[113232620706838,113232620707157]
[14:33:39.535][MXC][I]dispatch ts translate ret [1788964419535610244, 1788964419535613434]
[14:33:39.535][MXC][I]raw dispatch ts:[113232620713876,113232620714568]
[14:33:39.535][MXC][I]dispatch ts translate ret [1788964419535680624, 1788964419535687544]
[14:33:39.535][MXC][I]raw dispatch ts:[113232620717112,113232620718467]
[14:33:39.535][MXC][I]dispatch ts translate ret [1788964419535712983, 1788964419535726533]
[14:33:39.535][MXC][I]raw dispatch ts:[113232620718751,113232620719975]
[14:33:39.535][MXC][I]dispatch ts translate ret [1788964419535729373, 1788964419535741613]
[14:33:39.535][MXC][I]raw dispatch ts:[113232620720320,113232620722085]
[14:33:39.535][MXC][I]dispatch ts translate ret [1788964419535745063, 1788964419535762713]
[14:33:39.536][MXC][I]raw dispatch ts:[113232620724741,113232620725746]
[14:33:39.536][MXC][I]dispatch ts translate ret [1788964419535789272, 1788964419535799322]
[14:33:39.536][MXC][I]raw dispatch ts:[113232620726027,113232620727416]
[14:33:39.536][MXC][I]dispatch ts translate ret [1788964419535802132, 1788964419535816022]
[14:33:39.536][MCBLASLT][I]set_workspace is called ! user allocated size: 67108864B = 64.000000MB
[14:33:39.536][MCBLAS][I]mcblasSgemmStridedBatched 1 0 32 16 128 128 128 32 256 4096 2048 512 1.000000 0.000000
[14:33:39.536][MCBLASLT][I]Kernsel found best solution: Kernel name: mcblas__Mck_sgemm_full_1m1n1k_xt_fp32_fp32_fp32_sb_tn_0_256_64x32_0, slt:0, swap:0, ksplit:0
[14:33:39.536][MCBLASLT][I]module get function mcblas__Mck_sgemm_full_1m1n1k_xt_fp32_fp32_fp32_sb_tn_0_256_64x32_0 successed
[14:33:39.536][MCBLASLT][I]mcModuleLaunchKernel successed, ret = 0
[14:33:39.536][MXC][I]raw dispatch ts:[113232620736307,113232620736873]
[14:33:39.536][MXC][I]dispatch ts translate ret [1788964419535904930, 1788964419535910590]
[14:33:39.536][MXC][I]raw dispatch ts:[113232620739303,113232620739669]
[14:33:39.536][MXC][I]dispatch ts translate ret [1788964419535934889, 1788964419535938549]
[14:33:39.536][MCR][I]mc_memory.cpp            :1671: copy strategy - H2DCpuCopy:0,D2HCpuCopy:0,cpuCopy:0,d2dCrossDevices:0,pageableHToDAsync:0
[14:33:39.536][MCR][I]mc_memory.cpp            :1672: copy strategy - isAsync:0,waitComplete:0
[14:33:39.536][MXC][I]raw dispatch ts:[113232620739950,113232620740154]
[14:33:39.536][MXC][I]dispatch ts translate ret [1788964419535941359, 1788964419535943399]
[14:33:39.536][MXC][I]raw dispatch ts:[113232620771288,113232620771382]
[14:33:39.536][MXC][I]dispatch ts translate ret [1788964419536254729, 1788964419536255669]
[14:33:39.536][MXC][I]raw dispatch ts:[113232620740432,113232620740915]
[14:33:39.536][MXC][I]dispatch ts translate ret [1788964419535946178, 1788964419535951008]
[14:33:39.536][MXC][I]raw async_copy ts:[68735677943911,68735677955554]
[14:33:39.536][MXC][I]sdma_ts_.sdma_counter:68734697685926
[14:33:39.536][MXC][I]DNOCfreq:900000000, async_copy ts translate ret [1788964419808568771, 1788964419808581707]
[14:33:39.536][MXC][I]raw dispatch ts:[113232620743237,113232620743690]
[14:33:39.536][MXC][I]dispatch ts translate ret [1788964419535974228, 1788964419535978757]
[14:33:39.536][MXC][I]raw dispatch ts:[113232620743973,113232620744328]
[14:33:39.536][MXC][I]dispatch ts translate ret [1788964419535981587, 1788964419535985137]
[14:33:39.536][MXC][I]raw dispatch ts:[113232620744610,113232620744898]
[14:33:39.536][MXC][I]dispatch ts translate ret [1788964419535987957, 1788964419535990837]
[14:33:39.536][MXC][I]raw dispatch ts:[113232620745180,113232620745357]
[14:33:39.536][MCBLASLT][I]set_workspace is called ! user allocated size: 67108864B = 64.000000MB
[14:33:39.536][MXC][I]dispatch ts translate ret [1788964419535993657, 1788964419535995427]
[14:33:39.536][MCBLAS][I]mcblasSgemmStridedBatched 0 0 128 16 32 128 32 128 256 4096 512 2048 1.000000 0.000000
[14:33:39.536][MCBLASLT][I]Kernsel found best solution: Kernel name: mcblas__Mck_sgemm_full_1m1n1k_xt_fp32_fp32_fp32_sb_nn_0_256_64x32_0, slt:0, swap:0, ksplit:0
[14:33:39.536][MCBLASLT][I]module get function mcblas__Mck_sgemm_full_1m1n1k_xt_fp32_fp32_fp32_sb_nn_0_256_64x32_0 successed
[14:33:39.536][MCBLASLT][I]mcModuleLaunchKernel successed, ret = 0
[14:33:39.536][MXC][I]raw dispatch ts:[113232620747419,113232620748286]
[14:33:39.536][MXC][I]dispatch ts translate ret [1788964419536016046, 1788964419536024716]
[14:33:39.536][MXC][I]raw dispatch ts:[113232620748578,113232620748870]
[14:33:39.536][MXC][I]dispatch ts translate ret [1788964419536027636, 1788964419536030556]
[14:33:39.536][MCR][I]mc_memory.cpp            :1671: copy strategy - H2DCpuCopy:0,D2HCpuCopy:0,cpuCopy:0,d2dCrossDevices:0,pageableHToDAsync:0
[14:33:39.536][MCR][I]mc_memory.cpp            :1672: copy strategy - isAsync:0,waitComplete:0
[14:33:39.536][MXC][I]raw dispatch ts:[113232620749148,113232620749575]
[14:33:39.536][MXC][I]dispatch ts translate ret [1788964419536033336, 1788964419536037606]
[14:33:39.536][MXC][I]raw dispatch ts:[113232620790439,113232620790764]
[14:33:39.536][MXC][I]dispatch ts translate ret [1788964419536446236, 1788964419536449486]
[14:33:39.536][MXC][I]raw dispatch ts:[113232620751852,113232620753154]
[14:33:39.536][MXC][I]dispatch ts translate ret [1788964419536060368, 1788964419536073388]
[14:33:39.536][MXC][I]raw async_copy ts:[68735678180761,68735678202649]
[14:33:39.536][MXC][I]sdma_ts_.sdma_counter:68734697685926
[14:33:39.536][MXC][I]DNOCfreq:900000000, async_copy ts translate ret [1788964419808831938, 1788964419808856258]
[14:33:39.536][MXC][I]raw dispatch ts:[113232620753439,113232620754678]
[14:33:39.536][MXC][I]dispatch ts translate ret [1788964419536076238, 1788964419536088628]
[14:33:39.536][MXC][I]raw dispatch ts:[113232620757135,113232620758920]
[14:33:39.536][MXC][I]dispatch ts translate ret [1788964419536113198, 1788964419536131048]
[14:33:39.536][MXC][I]raw dispatch ts:[113232620761467,113232620765345]
[14:33:39.536][MXC][I]dispatch ts translate ret [1788964419536156518, 1788964419536195298]
[14:33:39.536][MXC][I]raw dispatch ts:[113232620767657,113232620767999]
[14:33:39.536][MXC][I]dispatch ts translate ret [1788964419536218418, 1788964419536221838]
[14:33:39.536][MXC][I]raw dispatch ts:[113232620768277,113232620768594]
[14:33:39.536][MXC][I]dispatch ts translate ret [1788964419536224618, 1788964419536227788]
[14:33:39.536][MXC][I]raw dispatch ts:[113232620776731,113232620777385]
[14:33:39.536][MXC][I]dispatch ts translate ret [1788964419536309158, 1788964419536315698]
[14:33:39.536][MXC][I]raw dispatch ts:[113232620779843,113232620781286]
[14:33:39.536][MXC][I]dispatch ts translate ret [1788964419536340277, 1788964419536354707]
[14:33:39.536][MXC][I]raw dispatch ts:[113232620781573,113232620782766]
[14:33:39.536][MXC][I]dispatch ts translate ret [1788964419536357577, 1788964419536369507]
[14:33:39.536][MXC][I]raw dispatch ts:[113232620783050,113232620784937]
[14:33:39.536][MXC][I]dispatch ts translate ret [1788964419536372347, 1788964419536391216]
[14:33:39.536][MXC][I]raw dispatch ts:[113232620787595,113232620788633]
[14:33:39.536][MXC][I]dispatch ts translate ret [1788964419536417796, 1788964419536428176]
[14:33:39.536][MXC][I]raw dispatch ts:[113232620788925,113232620790160]
[14:33:39.536][MXC][I]dispatch ts translate ret [1788964419536431096, 1788964419536443446]
[14:33:39.536][MCBLASLT][I]set_workspace is called ! user allocated size: 67108864B = 64.000000MB
[14:33:39.536][MCBLAS][I]mcblasSgemmStridedBatched 1 0 32 16 128 128 128 32 256 4096 2048 512 1.000000 0.000000
[14:33:39.536][MCBLASLT][I]Kernsel found best solution: Kernel name: mcblas__Mck_sgemm_full_1m1n1k_xt_fp32_fp32_fp32_sb_tn_0_256_64x32_0, slt:0, swap:0, ksplit:0
[14:33:39.536][MCBLASLT][I]module get function mcblas__Mck_sgemm_full_1m1n1k_xt_fp32_fp32_fp32_sb_tn_0_256_64x32_0 successed
[14:33:39.536][MCBLASLT][I]mcModuleLaunchKernel successed, ret = 0
[14:33:39.536][MXC][I]raw dispatch ts:[113232620797210,113232620797747]
[14:33:39.536][MXC][I]dispatch ts translate ret [1788964419536513944, 1788964419536519314]
[14:33:39.536][MXC][I]raw dispatch ts:[113232620800063,113232620800471]
[14:33:39.536][MXC][I]dispatch ts translate ret [1788964419536542473, 1788964419536546553]
[14:33:39.536][MCR][I]mc_memory.cpp            :1671: copy strategy - H2DCpuCopy:0,D2HCpuCopy:0,cpuCopy:0,d2dCrossDevices:0,pageableHToDAsync:0
[14:33:39.536][MCR][I]mc_memory.cpp            :1672: copy strategy - isAsync:0,waitComplete:0
[14:33:39.536][MXC][I]raw dispatch ts:[113232620800987,113232620801164]
[14:33:39.536][MXC][I]dispatch ts translate ret [1788964419536551713, 1788964419536553483]
[14:33:39.536][MXC][I]raw dispatch ts:[113232620828412,113232620828545]
[14:33:39.536][MXC][I]dispatch ts translate ret [1788964419536826165, 1788964419536827496]
[14:33:39.536][MXC][I]raw dispatch ts:[113232620801608,113232620802083]
[14:33:39.536][MXC][I]dispatch ts translate ret [1788964419536557981, 1788964419536562734]
[14:33:39.536][MXC][I]raw async_copy ts:[68735678629371,68735678640972]
[14:33:39.536][MXC][I]sdma_ts_.sdma_counter:68734697685926
[14:33:39.536][MXC][I]DNOCfreq:900000000, async_copy ts translate ret [1788964419809330394, 1788964419809343284]
[14:33:39.536][MXC][I]raw dispatch ts:[113232620804392,113232620804841]
[14:33:39.536][MXC][I]dispatch ts translate ret [1788964419536585836, 1788964419536590328]
[14:33:39.536][MXC][I]raw dispatch ts:[113232620805117,113232620805475]
[14:33:39.536][MXC][I]dispatch ts translate ret [1788964419536593090, 1788964419536596672]
[14:33:39.536][MXC][I]raw dispatch ts:[113232620805752,113232620806038]
[14:33:39.536][MXC][I]dispatch ts translate ret [1788964419536599443, 1788964419536602305]
[14:33:39.536][MXC][I]raw dispatch ts:[113232620806332,113232620806508]
[14:33:39.536][MXC][I]dispatch ts translate ret [1788964419536605246, 1788964419536607007]
[14:33:39.536][MCBLASLT][I]set_workspace is called ! user allocated size: 67108864B = 64.000000MB
[14:33:39.536][MCBLAS][I]mcblasSgemmStridedBatched 0 0 128 16 32 128 32 128 256 4096 512 2048 1.000000 0.000000
[14:33:39.536][MCBLASLT][I]Kernsel found best solution: Kernel name: mcblas__Mck_sgemm_full_1m1n1k_xt_fp32_fp32_fp32_sb_nn_0_256_64x32_0, slt:0, swap:0, ksplit:0
[14:33:39.536][MCBLASLT][I]module get function mcblas__Mck_sgemm_full_1m1n1k_xt_fp32_fp32_fp32_sb_nn_0_256_64x32_0 successed
[14:33:39.536][MCBLASLT][I]mcModuleLaunchKernel successed, ret = 0
[14:33:39.536][MXC][I]raw dispatch ts:[113232620806777,113232620807502]
[14:33:39.536][MXC][I]dispatch ts translate ret [1788964419536609699, 1788964419536616953]
[14:33:39.536][MXC][I]raw dispatch ts:[113232620807784,113232620807977]
[14:33:39.536][MXC][I]dispatch ts translate ret [1788964419536619774, 1788964419536621705]
[14:33:39.536][MCR][I]mc_memory.cpp            :1671: copy strategy - H2DCpuCopy:0,D2HCpuCopy:0,cpuCopy:0,d2dCrossDevices:0,pageableHToDAsync:0
[14:33:39.536][MCR][I]mc_memory.cpp            :1672: copy strategy - isAsync:0,waitComplete:0
[14:33:39.536][MXC][I]raw dispatch ts:[113232620810060,113232620810563]
[14:33:39.536][MXC][I]dispatch ts translate ret [1788964419536642546, 1788964419536647579]
[14:33:39.537][MXC][I]raw dispatch ts:[113232620847676,113232620847978]
[14:33:39.537][MXC][I]dispatch ts translate ret [1788964419537018752, 1788964419537021771]
[14:33:39.537][MXC][I]raw dispatch ts:[113232620810854,113232620812086]
[14:33:39.537][MXC][I]dispatch ts translate ret [1788964419536650588, 1788964419536662908]
[14:33:39.537][MXC][I]raw async_copy ts:[68735678864758,68735678886605]
[14:33:39.537][MXC][I]sdma_ts_.sdma_counter:68734697685926
[14:33:39.537][MXC][I]DNOCfreq:900000000, async_copy ts translate ret [1788964419809591935, 1788964419809616209]
[14:33:39.537][MXC][I]raw dispatch ts:[113232620814683,113232620816184]
[14:33:39.537][MXC][I]dispatch ts translate ret [1788964419536688878, 1788964419536703888]
[14:33:39.537][MXC][I]raw dispatch ts:[113232620816515,113232620818255]
[14:33:39.537][MXC][I]dispatch ts translate ret [1788964419536707198, 1788964419536724598]
[14:33:39.537][MXC][I]raw dispatch ts:[113232620820831,113232620824719]
[14:33:39.537][MXC][I]dispatch ts translate ret [1788964419536750358, 1788964419536789238]
[14:33:39.537][MXC][I]raw dispatch ts:[113232620827065,113232620827439]
[14:33:39.537][MXC][I]dispatch ts translate ret [1788964419536812698, 1788964419536816438]
[14:33:39.537][MXC][I]raw dispatch ts:[113232620827826,113232620828140]
[14:33:39.537][MXC][I]dispatch ts translate ret [1788964419536820308, 1788964419536823448]
[14:33:39.537][MXC][I]raw dispatch ts:[113232620834091,113232620834765]
[14:33:39.537][MXC][I]dispatch ts translate ret [1788964419536882943, 1788964419536889681]
[14:33:39.537][MXC][I]raw dispatch ts:[113232620837195,113232620838602]
[14:33:39.537][MXC][I]dispatch ts translate ret [1788964419536913974, 1788964419536928040]
[14:33:39.537][MXC][I]raw dispatch ts:[113232620838881,113232620840094]
[14:33:39.537][MXC][I]dispatch ts translate ret [1788964419536930829, 1788964419536942955]
[14:33:39.537][MXC][I]raw dispatch ts:[113232620840442,113232620842195]
[14:33:39.537][MXC][I]dispatch ts translate ret [1788964419536946434, 1788964419536963959]
[14:33:39.537][MXC][I]raw dispatch ts:[113232620844815,113232620845845]
[14:33:39.537][MXC][I]dispatch ts translate ret [1788964419536990151, 1788964419537000448]
[14:33:39.537][MXC][I]raw dispatch ts:[113232620846134,113232620847400]
[14:33:39.537][MXC][I]dispatch ts translate ret [1788964419537003337, 1788964419537015993]
[14:33:39.537][MCBLASLT][I]set_workspace is called ! user allocated size: 67108864B = 64.000000MB
[14:33:39.537][MCBLAS][I]mcblasSgemmStridedBatched 1 0 32 16 128 128 128 32 256 4096 2048 512 1.000000 0.000000
[14:33:39.537][MCBLASLT][I]Kernsel found best solution: Kernel name: mcblas__Mck_sgemm_full_1m1n1k_xt_fp32_fp32_fp32_sb_tn_0_256_64x32_0, slt:0, swap:0, ksplit:0
[14:33:39.537][MCBLASLT][I]module get function mcblas__Mck_sgemm_full_1m1n1k_xt_fp32_fp32_fp32_sb_tn_0_256_64x32_0 successed
[14:33:39.537][MCBLASLT][I]mcModuleLaunchKernel successed, ret = 0
[14:33:39.537][MXC][I]raw dispatch ts:[113232620854294,113232620854868]
[14:33:39.537][MXC][I]dispatch ts translate ret [1788964419537084911, 1788964419537090649]
[14:33:39.537][MXC][I]raw dispatch ts:[113232620857264,113232620857671]
[14:33:39.537][MXC][I]dispatch ts translate ret [1788964419537114602, 1788964419537118671]
[14:33:39.537][MCR][I]mc_memory.cpp            :1671: copy strategy - H2DCpuCopy:0,D2HCpuCopy:0,cpuCopy:0,d2dCrossDevices:0,pageableHToDAsync:0
[14:33:39.537][MCR][I]mc_memory.cpp            :1672: copy strategy - isAsync:0,waitComplete:0
[14:33:39.537][MXC][I]raw dispatch ts:[113232620857963,113232620858140]
[14:33:39.537][MXC][I]dispatch ts translate ret [1788964419537121590, 1788964419537123359]
[14:33:39.537][MXC][I]raw dispatch ts:[113232620885360,113232620885495]
[14:33:39.537][MXC][I]dispatch ts translate ret [1788964419537395631, 1788964419537396981]
[14:33:39.537][MXC][I]raw dispatch ts:[113232620858408,113232620858870]
[14:33:39.537][MXC][I]dispatch ts translate ret [1788964419537126081, 1788964419537130701]
[14:33:39.537][MXC][I]raw async_copy ts:[68735679315681,68735679327466]
[14:33:39.537][MXC][I]sdma_ts_.sdma_counter:68734697685926
[14:33:39.537][MXC][I]DNOCfreq:900000000, async_copy ts translate ret [1788964419810092960, 1788964419810106054]
[14:33:39.537][MXC][I]raw dispatch ts:[113232620859146,113232620859475]
[14:33:39.537][MXC][I]dispatch ts translate ret [1788964419537133461, 1788964419537136752]
[14:33:39.537][MXC][I]raw dispatch ts:[113232620861863,113232620862313]
[14:33:39.537][MXC][I]dispatch ts translate ret [1788964419537160634, 1788964419537165135]
[14:33:39.537][MXC][I]raw dispatch ts:[113232620862593,113232620862885]
[14:33:39.537][MXC][I]dispatch ts translate ret [1788964419537167935, 1788964419537170856]
[14:33:39.537][MXC][I]raw dispatch ts:[113232620863160,113232620863344]
[14:33:39.537][MXC][I]dispatch ts translate ret [1788964419537173606, 1788964419537175446]
[14:33:39.537][MCBLASLT][I]set_workspace is called ! user allocated size: 67108864B = 64.000000MB
[14:33:39.537][MCBLAS][I]mcblasSgemmStridedBatched 0 0 128 16 32 128 32 128 256 4096 512 2048 1.000000 0.000000
[14:33:39.537][MCBLASLT][I]Kernsel found best solution: Kernel name: mcblas__Mck_sgemm_full_1m1n1k_xt_fp32_fp32_fp32_sb_nn_0_256_64x32_0, slt:0, swap:0, ksplit:0
[14:33:39.537][MCBLASLT][I]module get function mcblas__Mck_sgemm_full_1m1n1k_xt_fp32_fp32_fp32_sb_nn_0_256_64x32_0 successed
[14:33:39.537][MCBLASLT][I]mcModuleLaunchKernel successed, ret = 0
[14:33:39.537][MXC][I]raw dispatch ts:[113232620863609,113232620864361]
[14:33:39.537][MXC][I]dispatch ts translate ret [1788964419537178096, 1788964419537185617]
[14:33:39.537][MXC][I]raw dispatch ts:[113232620864639,113232620864844]
[14:33:39.537][MXC][I]dispatch ts translate ret [1788964419537188398, 1788964419537190448]
[14:33:39.537][MCR][I]mc_memory.cpp            :1671: copy strategy - H2DCpuCopy:0,D2HCpuCopy:0,cpuCopy:0,d2dCrossDevices:0,pageableHToDAsync:0
[14:33:39.537][MCR][I]mc_memory.cpp            :1672: copy strategy - isAsync:0,waitComplete:0
[14:33:39.537][MXC][I]raw dispatch ts:[113232620867163,113232620867679]
[14:33:39.537][MXC][I]dispatch ts translate ret [1788964419537213640, 1788964419537218801]
[14:33:39.537][MXC][I]raw dispatch ts:[113232620904893,113232620905230]
[14:33:39.537][MXC][I]dispatch ts translate ret [1788964419537590942, 1788964419537594312]
[14:33:39.537][MXC][I]raw dispatch ts:[113232620867964,113232620869373]
[14:33:39.537][MXC][I]dispatch ts translate ret [1788964419537221671, 1788964419537235761]
[14:33:39.537][MXC][I]raw async_copy ts:[68735679557236,68735679579162]
[14:33:39.537][MXC][I]sdma_ts_.sdma_counter:68734697685926
[14:33:39.537][MXC][I]DNOCfreq:900000000, async_copy ts translate ret [1788964419810361355, 1788964419810385717]
[14:33:39.537][MXC][I]raw dispatch ts:[113232620871883,113232620873114]
[14:33:39.537][MXC][I]dispatch ts translate ret [1788964419537260861, 1788964419537273171]
[14:33:39.537][MXC][I]raw dispatch ts:[113232620873407,113232620875218]
[14:33:39.537][MXC][I]dispatch ts translate ret [1788964419537276101, 1788964419537294211]
[14:33:39.537][MXC][I]raw dispatch ts:[113232620877869,113232620881768]
[14:33:39.537][MXC][I]dispatch ts translate ret [1788964419537320721, 1788964419537359711]
[14:33:39.537][MXC][I]raw dispatch ts:[113232620884151,113232620884481]
[14:33:39.537][MXC][I]dispatch ts translate ret [1788964419537383541, 1788964419537386841]
[14:33:39.537][MXC][I]raw dispatch ts:[113232620884767,113232620885082]
[14:33:39.537][MXC][I]dispatch ts translate ret [1788964419537389701, 1788964419537392851]
[14:33:39.537][MXC][I]raw dispatch ts:[113232620891241,113232620891905]
[14:33:39.537][MXC][I]dispatch ts translate ret [1788964419537454436, 1788964419537461075]
[14:33:39.537][MXC][I]raw dispatch ts:[113232620894394,113232620895724]
[14:33:39.537][MXC][I]dispatch ts translate ret [1788964419537485963, 1788964419537499261]
[14:33:39.537][MXC][I]raw dispatch ts:[113232620896006,113232620897174]
[14:33:39.537][MXC][I]dispatch ts translate ret [1788964419537502081, 1788964419537513760]
[14:33:39.537][MXC][I]raw dispatch ts:[113232620897452,113232620899450]
[14:33:39.537][MXC][I]dispatch ts translate ret [1788964419537516540, 1788964419537536518]
[14:33:39.537][MXC][I]raw dispatch ts:[113232620902176,113232620903235]
[14:33:39.537][MXC][I]dispatch ts translate ret [1788964419537563775, 1788964419537574364]
[14:33:39.537][MXC][I]raw dispatch ts:[113232620903517,113232620904625]
[14:33:39.537][MXC][I]dispatch ts translate ret [1788964419537577183, 1788964419537588262]
[14:33:39.537][MCBLASLT][I]set_workspace is called ! user allocated size: 67108864B = 64.000000MB
[14:33:39.537][MCBLAS][I]mcblasSgemmStridedBatched 1 0 32 16 128 128 128 32 256 4096 2048 512 1.000000 0.000000
[14:33:39.537][MCBLASLT][I]Kernsel found best solution: Kernel name: mcblas__Mck_sgemm_full_1m1n1k_xt_fp32_fp32_fp32_sb_tn_0_256_64x32_0, slt:0, swap:0, ksplit:0
[14:33:39.537][MCBLASLT][I]module get function mcblas__Mck_sgemm_full_1m1n1k_xt_fp32_fp32_fp32_sb_tn_0_256_64x32_0 successed
[14:33:39.537][MCBLASLT][I]mcModuleLaunchKernel successed, ret = 0
[14:33:39.537][MXC][I]raw dispatch ts:[113232620911931,113232620912467]
[14:33:39.537][MXC][I]dispatch ts translate ret [1788964419537661314, 1788964419537666673]
[14:33:39.537][MXC][I]raw dispatch ts:[113232620914801,113232620915177]
[14:33:39.537][MXC][I]dispatch ts translate ret [1788964419537690011, 1788964419537693770]
[14:33:39.537][MCR][I]mc_memory.cpp            :1671: copy strategy - H2DCpuCopy:0,D2HCpuCopy:0,cpuCopy:0,d2dCrossDevices:0,pageableHToDAsync:0
[14:33:39.537][MCR][I]mc_memory.cpp            :1672: copy strategy - isAsync:0,waitComplete:0
[14:33:39.537][MXC][I]raw dispatch ts:[113232620915463,113232620915728]
[14:33:39.537][MXC][I]dispatch ts translate ret [1788964419537696630, 1788964419537699280]
[14:33:39.537][MXC][I]raw dispatch ts:[113232620943449,113232620943570]
[14:33:39.537][MXC][I]dispatch ts translate ret [1788964419537976499, 1788964419537977709]
[14:33:39.537][MXC][I]raw dispatch ts:[113232620916005,113232620916470]
[14:33:39.537][MXC][I]dispatch ts translate ret [1788964419537702060, 1788964419537706710]
[14:33:39.538][MXC][I]raw async_copy ts:[68735680010539,68735680022149]
[14:33:39.538][MXC][I]sdma_ts_.sdma_counter:68734697685926
[14:33:39.538][MXC][I]DNOCfreq:900000000, async_copy ts translate ret [1788964419810865025, 1788964419810877925]
[14:33:39.538][MXC][I]raw dispatch ts:[113232620918813,113232620919224]
[14:33:39.538][MXC][I]dispatch ts translate ret [1788964419537730140, 1788964419537734250]
[14:33:39.538][MCBLASLT][I]set_workspace is called ! user allocated size: 67108864B = 64.000000MB
[14:33:39.538][MXC][I]raw dispatch ts:[113232620919578,113232620919999]
[14:33:39.538][MXC][I]dispatch ts translate ret [1788964419537737790, 1788964419537742000]
[14:33:39.538][MCBLAS][I]mcblasSgemmStridedBatched 0 0 128 16 32 128 32 128 256 4096 512 2048 1.000000 0.000000
[14:33:39.538][MCBLASLT][I]Kernsel found best solution: Kernel name: mcblas__Mck_sgemm_full_1m1n1k_xt_fp32_fp32_fp32_sb_nn_0_256_64x32_0, slt:0, swap:0, ksplit:0
[14:33:39.538][MXC][I]raw dispatch ts:[113232620920280,113232620920566]
[14:33:39.538][MXC][I]dispatch ts translate ret [1788964419537744810, 1788964419537747670]
[14:33:39.538][MCBLASLT][I]module get function mcblas__Mck_sgemm_full_1m1n1k_xt_fp32_fp32_fp32_sb_nn_0_256_64x32_0 successed
[14:33:39.538][MXC][I]raw dispatch ts:[113232620920849,113232620921026]
[14:33:39.538][MXC][I]dispatch ts translate ret [1788964419537750500, 1788964419537752270]
[14:33:39.538][MCBLASLT][I]mcModuleLaunchKernel successed, ret = 0
[14:33:39.538][MXC][I]raw dispatch ts:[113232620921298,113232620922011]
[14:33:39.538][MXC][I]dispatch ts translate ret [1788964419537754990, 1788964419537762120]
[14:33:39.538][MXC][I]raw dispatch ts:[113232620922287,113232620922494]
[14:33:39.538][MXC][I]dispatch ts translate ret [1788964419537764880, 1788964419537766950]
[14:33:39.538][MCR][I]mc_memory.cpp            :1671: copy strategy - H2DCpuCopy:0,D2HCpuCopy:0,cpuCopy:0,d2dCrossDevices:0,pageableHToDAsync:0
[14:33:39.538][MCR][I]mc_memory.cpp            :1672: copy strategy - isAsync:0,waitComplete:0
[14:33:39.538][MXC][I]raw dispatch ts:[113232620924888,113232620925452]
[14:33:39.538][MXC][I]dispatch ts translate ret [1788964419537790890, 1788964419537796529]
[14:33:39.538][MXC][I]raw dispatch ts:[113232620964747,113232620964839]
[14:33:39.538][MXC][I]dispatch ts translate ret [1788964419538189387, 1788964419538190307]
[14:33:39.538][MXC][I]raw dispatch ts:[113232620925737,113232620926994]
[14:33:39.538][MXC][I]dispatch ts translate ret [1788964419537799378, 1788964419537811948]
[14:33:39.538][MXC][I]raw async_copy ts:[68735680265346,68735680287386]
[14:33:39.538][MXC][I]sdma_ts_.sdma_counter:68734697685926
[14:33:39.538][MXC][I]DNOCfreq:900000000, async_copy ts translate ret [1788964419811148144, 1788964419811172632]
[14:33:39.538][MXC][I]raw dispatch ts:[113232620929469,113232620930751]
[14:33:39.538][MXC][I]dispatch ts translate ret [1788964419537836698, 1788964419537849518]
[14:33:39.538][MXC][I]raw dispatch ts:[113232620931034,113232620932953]
[14:33:39.538][MXC][I]dispatch ts translate ret [1788964419537852348, 1788964419537871538]
[14:33:39.538][MXC][I]raw dispatch ts:[113232620935865,113232620939734]
[14:33:39.538][MXC][I]dispatch ts translate ret [1788964419537900658, 1788964419537939348]
[14:33:39.538][MXC][I]raw dispatch ts:[113232620940011,113232620940258]
[14:33:39.538][MXC][I]dispatch ts translate ret [1788964419537942118, 1788964419537944588]
[14:33:39.538][MXC][I]raw dispatch ts:[113232620942855,113232620943171]
[14:33:39.538][MXC][I]dispatch ts translate ret [1788964419537970558, 1788964419537973718]
[14:33:39.538][MXC][I]raw dispatch ts:[113232620949088,113232620949799]
[14:33:39.538][MXC][I]dispatch ts translate ret [1788964419538032866, 1788964419538039973]
[14:33:39.538][MXC][I]raw dispatch ts:[113232620952147,113232620953562]
[14:33:39.538][MXC][I]dispatch ts translate ret [1788964419538063443, 1788964419538077587]
[14:33:39.538][MXC][I]raw dispatch ts:[113232620953853,113232620955161]
[14:33:39.538][MXC][I]dispatch ts translate ret [1788964419538080495, 1788964419538093570]
[14:33:39.538][MXC][I]raw dispatch ts:[113232620957593,113232620959412]
[14:33:39.538][MXC][I]dispatch ts translate ret [1788964419538117879, 1788964419538136061]
[14:33:39.538][MXC][I]raw dispatch ts:[113232620959705,113232620960681]
[14:33:39.538][MXC][I]dispatch ts translate ret [1788964419538138990, 1788964419538148745]
[14:33:39.538][MXC][I]raw dispatch ts:[113232620960968,113232620962184]
[14:33:39.538][MXC][I]dispatch ts translate ret [1788964419538151614, 1788964419538163769]
[14:33:39.538][MCBLASLT][I]set_workspace is called ! user allocated size: 67108864B = 64.000000MB
[14:33:39.538][MCBLAS][I]mcblasSgemmStridedBatched 1 0 32 16 128 128 128 32 256 4096 2048 512 1.000000 0.000000
[14:33:39.538][MCBLASLT][I]Kernsel found best solution: Kernel name: mcblas__Mck_sgemm_full_1m1n1k_xt_fp32_fp32_fp32_sb_tn_0_256_64x32_0, slt:0, swap:0, ksplit:0
[14:33:39.538][MCBLASLT][I]module get function mcblas__Mck_sgemm_full_1m1n1k_xt_fp32_fp32_fp32_sb_tn_0_256_64x32_0 successed
[14:33:39.538][MCBLASLT][I]mcModuleLaunchKernel successed, ret = 0
[14:33:39.538][MXC][I]raw dispatch ts:[113232620970973,113232620971513]
[14:33:39.538][MXC][I]dispatch ts translate ret [1788964419538251619, 1788964419538257016]
[14:33:39.538][MXC][I]raw dispatch ts:[113232620974041,113232620974406]
[14:33:39.538][MXC][I]dispatch ts translate ret [1788964419538282285, 1788964419538285934]
[14:33:39.538][MCR][I]mc_memory.cpp            :1671: copy strategy - H2DCpuCopy:0,D2HCpuCopy:0,cpuCopy:0,d2dCrossDevices:0,pageableHToDAsync:0
[14:33:39.538][MCR][I]mc_memory.cpp            :1672: copy strategy - isAsync:0,waitComplete:0
[14:33:39.538][MXC][I]raw dispatch ts:[113232620974687,113232620974864]
[14:33:39.538][MXC][I]dispatch ts translate ret [1788964419538288742, 1788964419538290512]
[14:33:39.538][MXC][I]raw dispatch ts:[113232621002777,113232621002897]
[14:33:39.538][MXC][I]dispatch ts translate ret [1788964419538569689, 1788964419538570889]
[14:33:39.538][MXC][I]raw dispatch ts:[113232620975123,113232620975586]
[14:33:39.538][MXC][I]dispatch ts translate ret [1788964419538293146, 1788964419538297776]
[14:33:39.538][MXC][I]raw async_copy ts:[68735680722595,68735680734252]
[14:33:39.538][MXC][I]sdma_ts_.sdma_counter:68734697685926
[14:33:39.538][MXC][I]DNOCfreq:900000000, async_copy ts translate ret [1788964419811656198, 1788964419811669150]
[14:33:39.538][MXC][I]raw dispatch ts:[113232620977875,113232620978285]
[14:33:39.538][MXC][I]dispatch ts translate ret [1788964419538320666, 1788964419538324766]
[14:33:39.538][MXC][I]raw dispatch ts:[113232620978564,113232620978918]
[14:33:39.538][MXC][I]dispatch ts translate ret [1788964419538327556, 1788964419538331096]
[14:33:39.538][MXC][I]raw dispatch ts:[113232620979191,113232620979480]
[14:33:39.538][MCBLASLT][I]set_workspace is called ! user allocated size: 67108864B = 64.000000MB
[14:33:39.538][MXC][I]dispatch ts translate ret [1788964419538333826, 1788964419538336716]
[14:33:39.538][MCBLAS][I]mcblasSgemmStridedBatched 0 0 128 16 32 128 32 128 256 4096 512 2048 1.000000 0.000000
[14:33:39.538][MCBLASLT][I]Kernsel found best solution: Kernel name: mcblas__Mck_sgemm_full_1m1n1k_xt_fp32_fp32_fp32_sb_nn_0_256_64x32_0, slt:0, swap:0, ksplit:0
[14:33:39.538][MXC][I]raw dispatch ts:[113232620979758,113232620979934]
[14:33:39.538][MXC][I]dispatch ts translate ret [1788964419538339496, 1788964419538341256]
[14:33:39.538][MCBLASLT][I]module get function mcblas__Mck_sgemm_full_1m1n1k_xt_fp32_fp32_fp32_sb_nn_0_256_64x32_0 successed
[14:33:39.538][MCBLASLT][I]mcModuleLaunchKernel successed, ret = 0
[14:33:39.538][MXC][I]raw dispatch ts:[113232620980356,113232620981075]
[14:33:39.538][MXC][I]dispatch ts translate ret [1788964419538345476, 1788964419538352667]
[14:33:39.538][MXC][I]raw dispatch ts:[113232620981357,113232620981560]
[14:33:39.538][MXC][I]dispatch ts translate ret [1788964419538355487, 1788964419538357517]
[14:33:39.538][MCR][I]mc_memory.cpp            :1671: copy strategy - H2DCpuCopy:0,D2HCpuCopy:0,cpuCopy:0,d2dCrossDevices:0,pageableHToDAsync:0
[14:33:39.538][MCR][I]mc_memory.cpp            :1672: copy strategy - isAsync:0,waitComplete:0
[14:33:39.538][MXC][I]raw dispatch ts:[113232620983625,113232620984154]
[14:33:39.538][MXC][I]dispatch ts translate ret [1788964419538378167, 1788964419538383457]
[14:33:39.538][MXC][I]raw dispatch ts:[113232621024044,113232621024229]
[14:33:39.538][MXC][I]dispatch ts translate ret [1788964419538782372, 1788964419538784222]
[14:33:39.538][MXC][I]raw dispatch ts:[113232620984443,113232620985794]
[14:33:39.538][MXC][I]dispatch ts translate ret [1788964419538386349, 1788964419538399859]
[14:33:39.538][MXC][I]raw async_copy ts:[68735680981467,68735681003318]
[14:33:39.538][MXC][I]sdma_ts_.sdma_counter:68734697685926
[14:33:39.538][MXC][I]DNOCfreq:900000000, async_copy ts translate ret [1788964419811943834, 1788964419811968112]
[14:33:39.538][MXC][I]raw dispatch ts:[113232620986081,113232620987362]
[14:33:39.538][MXC][I]dispatch ts translate ret [1788964419538402729, 1788964419538415539]
[14:33:39.538][MXC][I]raw dispatch ts:[113232620989875,113232620992043]
[14:33:39.538][MXC][I]dispatch ts translate ret [1788964419538440669, 1788964419538462349]
[14:33:39.538][MXC][I]raw dispatch ts:[113232620994609,113232620998491]
[14:33:39.538][MXC][I]dispatch ts translate ret [1788964419538488009, 1788964419538526829]
[14:33:39.538][MXC][I]raw dispatch ts:[113232620998775,113232620999016]
[14:33:39.538][MXC][I]dispatch ts translate ret [1788964419538529669, 1788964419538532079]
[14:33:39.538][MXC][I]raw dispatch ts:[113232621002052,113232621002350]
[14:33:39.538][MXC][I]dispatch ts translate ret [1788964419538562439, 1788964419538565419]
[14:33:39.538][MXC][I]raw dispatch ts:[113232621008157,113232621008833]
[14:33:39.538][MXC][I]dispatch ts translate ret [1788964419538623492, 1788964419538630253]
[14:33:39.538][MXC][I]raw dispatch ts:[113232621011181,113232621012591]
[14:33:39.538][MXC][I]dispatch ts translate ret [1788964419538653734, 1788964419538667835]
[14:33:39.538][MXC][I]raw dispatch ts:[113232621012875,113232621014063]
[14:33:39.538][MXC][I]dispatch ts translate ret [1788964419538670675, 1788964419538682556]
[14:33:39.538][MXC][I]raw dispatch ts:[113232621016406,113232621018584]
[14:33:39.538][MXC][I]dispatch ts translate ret [1788964419538705987, 1788964419538727769]
[14:33:39.538][MXC][I]raw dispatch ts:[113232621018889,113232621019876]
[14:33:39.538][MXC][I]dispatch ts translate ret [1788964419538730819, 1788964419538740689]
[14:33:39.538][MXC][I]raw dispatch ts:[113232621022450,113232621023757]
[14:33:39.538][MXC][I]dispatch ts translate ret [1788964419538766431, 1788964419538779502]
[14:33:39.539][MCBLASLT][I]set_workspace is called ! user allocated size: 67108864B = 64.000000MB
[14:33:39.539][MCBLAS][I]mcblasSgemmStridedBatched 1 0 32 16 128 128 128 32 256 4096 2048 512 1.000000 0.000000
[14:33:39.539][MCBLASLT][I]Kernsel found best solution: Kernel name: mcblas__Mck_sgemm_full_1m1n1k_xt_fp32_fp32_fp32_sb_tn_0_256_64x32_0, slt:0, swap:0, ksplit:0
[14:33:39.539][MCBLASLT][I]module get function mcblas__Mck_sgemm_full_1m1n1k_xt_fp32_fp32_fp32_sb_tn_0_256_64x32_0 successed
[14:33:39.539][MCBLASLT][I]mcModuleLaunchKernel successed, ret = 0
[14:33:39.539][MXC][I]raw dispatch ts:[113232621030664,113232621031204]
[14:33:39.539][MXC][I]dispatch ts translate ret [1788964419538848575, 1788964419538853975]
[14:33:39.539][MXC][I]raw dispatch ts:[113232621033714,113232621034088]
[14:33:39.539][MXC][I]dispatch ts translate ret [1788964419538879077, 1788964419538882817]
[14:33:39.539][MCR][I]mc_memory.cpp            :1671: copy strategy - H2DCpuCopy:0,D2HCpuCopy:0,cpuCopy:0,d2dCrossDevices:0,pageableHToDAsync:0
[14:33:39.539][MCR][I]mc_memory.cpp            :1672: copy strategy - isAsync:0,waitComplete:0
[14:33:39.539][MXC][I]raw dispatch ts:[113232621034377,113232621034653]
[14:33:39.539][MXC][I]dispatch ts translate ret [1788964419538885707, 1788964419538888467]
[14:33:39.539][MXC][I]raw dispatch ts:[113232621062095,113232621062189]
[14:33:39.539][MXC][I]dispatch ts translate ret [1788964419539162879, 1788964419539163819]
[14:33:39.539][MXC][I]raw dispatch ts:[113232621034928,113232621035393]
[14:33:39.539][MXC][I]dispatch ts translate ret [1788964419538891211, 1788964419538895861]
[14:33:39.539][MXC][I]raw async_copy ts:[68735681436071,68735681447634]
[14:33:39.539][MXC][I]sdma_ts_.sdma_counter:68734697685926
[14:33:39.539][MXC][I]DNOCfreq:900000000, async_copy ts translate ret [1788964419812448949, 1788964419812461796]
[14:33:39.539][MXC][I]raw dispatch ts:[113232621037733,113232621038152]
[14:33:39.539][MXC][I]dispatch ts translate ret [1788964419538919261, 1788964419538923451]
[14:33:39.539][MCBLASLT][I]set_workspace is called ! user allocated size: 67108864B = 64.000000MB
[14:33:39.539][MXC][I]raw dispatch ts:[113232621038430,113232621038786]
[14:33:39.539][MXC][I]dispatch ts translate ret [1788964419538926231, 1788964419538929791]
[14:33:39.539][MCBLAS][I]mcblasSgemmStridedBatched 0 0 128 16 32 128 32 128 256 4096 512 2048 1.000000 0.000000
[14:33:39.539][MCBLASLT][I]Kernsel found best solution: Kernel name: mcblas__Mck_sgemm_full_1m1n1k_xt_fp32_fp32_fp32_sb_nn_0_256_64x32_0, slt:0, swap:0, ksplit:0
[14:33:39.539][MCBLASLT][I]module get function mcblas__Mck_sgemm_full_1m1n1k_xt_fp32_fp32_fp32_sb_nn_0_256_64x32_0 successed
[14:33:39.539][MXC][I]raw dispatch ts:[113232621039059,113232621039345]
[14:33:39.539][MXC][I]dispatch ts translate ret [1788964419538932521, 1788964419538935381]
[14:33:39.539][MCBLASLT][I]mcModuleLaunchKernel successed, ret = 0
[14:33:39.539][MXC][I]raw dispatch ts:[113232621039680,113232621039871]
[14:33:39.539][MXC][I]dispatch ts translate ret [1788964419538938731, 1788964419538940641]
[14:33:39.539][MXC][I]raw dispatch ts:[113232621040309,113232621041033]
[14:33:39.539][MXC][I]dispatch ts translate ret [1788964419538945021, 1788964419538952261]
[14:33:39.539][MXC][I]raw dispatch ts:[113232621041306,113232621041512]
[14:33:39.539][MXC][I]dispatch ts translate ret [1788964419538954991, 1788964419538957051]
[14:33:39.539][MCR][I]mc_memory.cpp            :1671: copy strategy - H2DCpuCopy:0,D2HCpuCopy:0,cpuCopy:0,d2dCrossDevices:0,pageableHToDAsync:0
[14:33:39.539][MCR][I]mc_memory.cpp            :1672: copy strategy - isAsync:0,waitComplete:0
[14:33:39.539][MXC][I]raw dispatch ts:[113232621043922,113232621044426]
[14:33:39.539][MXC][I]dispatch ts translate ret [1788964419538981150, 1788964419538986190]
[14:33:39.539][MXC][I]raw dispatch ts:[113232621083876,113232621083970]
[14:33:39.539][MXC][I]dispatch ts translate ret [1788964419539380682, 1788964419539381622]
[14:33:39.539][MXC][I]raw dispatch ts:[113232621044706,113232621046077]
[14:33:39.539][MXC][I]dispatch ts translate ret [1788964419538988988, 1788964419539002698]
[14:33:39.539][MXC][I]raw async_copy ts:[68735681696162,68735681718057]
[14:33:39.539][MXC][I]sdma_ts_.sdma_counter:68734697685926
[14:33:39.539][MXC][I]DNOCfreq:900000000, async_copy ts translate ret [1788964419812737939, 1788964419812762266]
[14:33:39.539][MXC][I]raw dispatch ts:[113232621046362,113232621047553]
[14:33:39.539][MXC][I]dispatch ts translate ret [1788964419539005548, 1788964419539017458]
[14:33:39.539][MXC][I]raw dispatch ts:[113232621047878,113232621049594]
[14:33:39.539][MXC][I]dispatch ts translate ret [1788964419539020708, 1788964419539037868]
[14:33:39.539][MXC][I]raw dispatch ts:[113232621052270,113232621056147]
[14:33:39.539][MXC][I]dispatch ts translate ret [1788964419539064628, 1788964419539103398]
[14:33:39.539][MXC][I]raw dispatch ts:[113232621058563,113232621058905]
[14:33:39.539][MXC][I]dispatch ts translate ret [1788964419539127558, 1788964419539130978]
[14:33:39.539][MXC][I]raw dispatch ts:[113232621059214,113232621059530]
[14:33:39.539][MXC][I]dispatch ts translate ret [1788964419539134068, 1788964419539137228]
[14:33:39.539][MXC][I]raw dispatch ts:[113232621067897,113232621068595]
[14:33:39.539][MXC][I]dispatch ts translate ret [1788964419539220897, 1788964419539227877]
[14:33:39.539][MXC][I]raw dispatch ts:[113232621070997,113232621072408]
[14:33:39.539][MXC][I]dispatch ts translate ret [1788964419539251896, 1788964419539266005]
[14:33:39.539][MXC][I]raw dispatch ts:[113232621074735,113232621076019]
[14:33:39.539][MXC][I]dispatch ts translate ret [1788964419539289275, 1788964419539302114]
[14:33:39.539][MXC][I]raw dispatch ts:[113232621076299,113232621078344]
[14:33:39.539][MXC][I]dispatch ts translate ret [1788964419539304914, 1788964419539325363]
[14:33:39.539][MXC][I]raw dispatch ts:[113232621078620,113232621079616]
[14:33:39.539][MXC][I]dispatch ts translate ret [1788964419539328123, 1788964419539338083]
[14:33:39.539][MXC][I]raw dispatch ts:[113232621079889,113232621081037]
[14:33:39.539][MXC][I]dispatch ts translate ret [1788964419539340813, 1788964419539352293]
[14:33:39.539][MCBLASLT][I]set_workspace is called ! user allocated size: 67108864B = 64.000000MB
[14:33:39.539][MCBLAS][I]mcblasSgemmStridedBatched 1 0 32 16 128 128 128 32 256 4096 2048 512 1.000000 0.000000
[14:33:39.539][MCBLASLT][I]Kernsel found best solution: Kernel name: mcblas__Mck_sgemm_full_1m1n1k_xt_fp32_fp32_fp32_sb_tn_0_256_64x32_0, slt:0, swap:0, ksplit:0
[14:33:39.539][MCBLASLT][I]module get function mcblas__Mck_sgemm_full_1m1n1k_xt_fp32_fp32_fp32_sb_tn_0_256_64x32_0 successed
[14:33:39.539][MCBLASLT][I]mcModuleLaunchKernel successed, ret = 0
[14:33:39.539][MXC][I]raw dispatch ts:[113232621090222,113232621090751]
[14:33:39.539][MXC][I]dispatch ts translate ret [1788964419539444139, 1788964419539449429]
[14:33:39.539][MXC][I]raw dispatch ts:[113232621093157,113232621093520]
[14:33:39.539][MXC][I]dispatch ts translate ret [1788964419539473488, 1788964419539477118]
[14:33:39.539][MCR][I]mc_memory.cpp            :1671: copy strategy - H2DCpuCopy:0,D2HCpuCopy:0,cpuCopy:0,d2dCrossDevices:0,pageableHToDAsync:0
[14:33:39.539][MCR][I]mc_memory.cpp            :1672: copy strategy - isAsync:0,waitComplete:0
[14:33:39.539][MXC][I]raw dispatch ts:[113232621093804,113232621094067]
[14:33:39.539][MXC][I]dispatch ts translate ret [1788964419539479958, 1788964419539482587]
[14:33:39.539][MXC][I]raw dispatch ts:[113232621119687,113232621119800]
[14:33:39.539][MXC][I]dispatch ts translate ret [1788964419539738807, 1788964419539739937]
[14:33:39.539][MXC][I]raw dispatch ts:[113232621094342,113232621094795]
[14:33:39.539][MXC][I]dispatch ts translate ret [1788964419539485346, 1788964419539489876]
[14:33:39.539][MXC][I]raw async_copy ts:[68735682126919,68735682138523]
[14:33:39.539][MXC][I]sdma_ts_.sdma_counter:68734697685926
[14:33:39.539][MXC][I]DNOCfreq:900000000, async_copy ts translate ret [1788964419813216558, 1788964419813229451]
[14:33:39.539][MXC][I]raw dispatch ts:[113232621097177,113232621097588]
[14:33:39.539][MCBLASLT][I]set_workspace is called ! user allocated size: 67108864B = 64.000000MB
[14:33:39.539][MXC][I]dispatch ts translate ret [1788964419539513697, 1788964419539517807]
[14:33:39.539][MCBLAS][I]mcblasSgemmStridedBatched 0 0 128 16 32 128 32 128 256 4096 512 2048 1.000000 0.000000
[14:33:39.539][MCBLASLT][I]Kernsel found best solution: Kernel name: mcblas__Mck_sgemm_full_1m1n1k_xt_fp32_fp32_fp32_sb_nn_0_256_64x32_0, slt:0, swap:0, ksplit:0
[14:33:39.539][MXC][I]raw dispatch ts:[113232621097873,113232621098229]
[14:33:39.539][MCBLASLT][I]module get function mcblas__Mck_sgemm_full_1m1n1k_xt_fp32_fp32_fp32_sb_nn_0_256_64x32_0 successed
[14:33:39.539][MXC][I]dispatch ts translate ret [1788964419539520657, 1788964419539524218]
[14:33:39.539][MCBLASLT][I]mcModuleLaunchKernel successed, ret = 0
[14:33:39.539][MXC][I]raw dispatch ts:[113232621098514,113232621098804]
[14:33:39.539][MXC][I]dispatch ts translate ret [1788964419539527068, 1788964419539529968]
[14:33:39.539][MXC][I]raw dispatch ts:[113232621099089,113232621099266]
[14:33:39.539][MXC][I]dispatch ts translate ret [1788964419539532818, 1788964419539534588]
[14:33:39.539][MXC][I]raw dispatch ts:[113232621099713,113232621100447]
[14:33:39.539][MXC][I]dispatch ts translate ret [1788964419539539058, 1788964419539546399]
[14:33:39.539][MXC][I]raw dispatch ts:[113232621100722,113232621100927]
[14:33:39.539][MXC][I]dispatch ts translate ret [1788964419539549149, 1788964419539551199]
[14:33:39.539][MCR][I]mc_memory.cpp            :1671: copy strategy - H2DCpuCopy:0,D2HCpuCopy:0,cpuCopy:0,d2dCrossDevices:0,pageableHToDAsync:0
[14:33:39.539][MCR][I]mc_memory.cpp            :1672: copy strategy - isAsync:0,waitComplete:0
[14:33:39.539][MXC][I]raw dispatch ts:[113232621103394,113232621103912]
[14:33:39.539][MXC][I]dispatch ts translate ret [1788964419539575870, 1788964419539581050]
[14:33:39.539][MXC][I]raw dispatch ts:[113232621140343,113232621140753]
[14:33:39.539][MXC][I]dispatch ts translate ret [1788964419539945331, 1788964419539949430]
[14:33:39.539][MXC][I]raw dispatch ts:[113232621104191,113232621105481]
[14:33:39.539][MXC][I]dispatch ts translate ret [1788964419539583847, 1788964419539596747]
[14:33:39.539][MXC][I]raw async_copy ts:[68735682382109,68735682404053]
[14:33:39.539][MXC][I]sdma_ts_.sdma_counter:68734697685926
[14:33:39.539][MXC][I]DNOCfreq:900000000, async_copy ts translate ret [1788964419813500103, 1788964419813524485]
[14:33:39.540][MXC][I]raw dispatch ts:[113232621105758,113232621107033]
[14:33:39.540][MXC][I]dispatch ts translate ret [1788964419539599517, 1788964419539612267]
[14:33:39.540][MXC][I]raw dispatch ts:[113232621107308,113232621109174]
[14:33:39.540][MXC][I]dispatch ts translate ret [1788964419539615017, 1788964419539633677]
[14:33:39.540][MXC][I]raw dispatch ts:[113232621111955,113232621115832]
[14:33:39.540][MXC][I]dispatch ts translate ret [1788964419539661487, 1788964419539700257]
[14:33:39.540][MXC][I]raw dispatch ts:[113232621116118,113232621116362]
[14:33:39.540][MXC][I]dispatch ts translate ret [1788964419539703117, 1788964419539705557]
[14:33:39.540][MXC][I]raw dispatch ts:[113232621118821,113232621119119]
[14:33:39.540][MXC][I]dispatch ts translate ret [1788964419539730147, 1788964419539733127]
[14:33:39.540][MXC][I]raw dispatch ts:[113232621126626,113232621127285]
[14:33:39.540][MXC][I]dispatch ts translate ret [1788964419539808186, 1788964419539814775]
[14:33:39.540][MXC][I]raw dispatch ts:[113232621129762,113232621131070]
[14:33:39.540][MXC][I]dispatch ts translate ret [1788964419539839540, 1788964419539852618]
[14:33:39.540][MXC][I]raw dispatch ts:[113232621131359,113232621132531]
[14:33:39.540][MXC][I]dispatch ts translate ret [1788964419539855508, 1788964419539867225]
[14:33:39.540][MXC][I]raw dispatch ts:[113232621135067,113232621136987]
[14:33:39.540][MXC][I]dispatch ts translate ret [1788964419539892581, 1788964419539911777]
[14:33:39.540][MXC][I]raw dispatch ts:[113232621137279,113232621138242]
[14:33:39.540][MXC][I]dispatch ts translate ret [1788964419539914697, 1788964419539924325]
[14:33:39.540][MXC][I]raw dispatch ts:[113232621138519,113232621139976]
[14:33:39.540][MXC][I]dispatch ts translate ret [1788964419539927095, 1788964419539941662]
[14:33:39.540][MCBLASLT][I]set_workspace is called ! user allocated size: 67108864B = 64.000000MB
[14:33:39.540][MCBLAS][I]mcblasSgemmStridedBatched 1 0 32 16 128 128 128 32 256 4096 2048 512 1.000000 0.000000
[14:33:39.540][MCBLASLT][I]Kernsel found best solution: Kernel name: mcblas__Mck_sgemm_full_1m1n1k_xt_fp32_fp32_fp32_sb_tn_0_256_64x32_0, slt:0, swap:0, ksplit:0
[14:33:39.540][MCBLASLT][I]module get function mcblas__Mck_sgemm_full_1m1n1k_xt_fp32_fp32_fp32_sb_tn_0_256_64x32_0 successed
[14:33:39.540][MCBLASLT][I]mcModuleLaunchKernel successed, ret = 0
[14:33:39.540][MXC][I]raw dispatch ts:[113232621147320,113232621147873]
[14:33:39.540][MXC][I]dispatch ts translate ret [1788964419540015088, 1788964419540020617]
[14:33:39.540][MXC][I]raw dispatch ts:[113232621150281,113232621150645]
[14:33:39.540][MXC][I]dispatch ts translate ret [1788964419540044692, 1788964419540048332]
[14:33:39.540][MCR][I]mc_memory.cpp            :1671: copy strategy - H2DCpuCopy:0,D2HCpuCopy:0,cpuCopy:0,d2dCrossDevices:0,pageableHToDAsync:0
[14:33:39.540][MCR][I]mc_memory.cpp            :1672: copy strategy - isAsync:0,waitComplete:0
[14:33:39.540][MXC][I]raw dispatch ts:[113232621150924,113232621151100]
[14:33:39.540][MXC][I]dispatch ts translate ret [1788964419540051121, 1788964419540052881]
[14:33:39.540][MXC][I]raw dispatch ts:[113232621175736,113232621175876]
[14:33:39.540][MXC][I]dispatch ts translate ret [1788964419540299304, 1788964419540300704]
[14:33:39.540][MXC][I]raw dispatch ts:[113232621151356,113232621151812]
[14:33:39.540][MXC][I]dispatch ts translate ret [1788964419540055472, 1788964419540060033]
[14:33:39.540][MXC][I]raw async_copy ts:[68735682798824,68735682810413]
[14:33:39.540][MXC][I]sdma_ts_.sdma_counter:68734697685926
[14:33:39.540][MXC][I]DNOCfreq:900000000, async_copy ts translate ret [1788964419813963119, 1788964419813975995]
[14:33:39.540][MXC][I]raw dispatch ts:[113232621152087,113232621152422]
[14:33:39.540][MXC][I]dispatch ts translate ret [1788964419540062783, 1788964419540066134]
[14:33:39.540][MXC][I]raw dispatch ts:[113232621154561,113232621155014]
[14:33:39.540][MXC][I]dispatch ts translate ret [1788964419540087526, 1788964419540092057]
[14:33:39.540][MXC][I]raw dispatch ts:[113232621155303,113232621155602]
[14:33:39.540][MXC][I]dispatch ts translate ret [1788964419540094947, 1788964419540097938]
[14:33:39.540][MXC][I]raw dispatch ts:[113232621155885,113232621156070]
[14:33:39.540][MXC][I]dispatch ts translate ret [1788964419540100768, 1788964419540102618]
[14:33:39.540][MCBLASLT][I]set_workspace is called ! user allocated size: 67108864B = 64.000000MB
[14:33:39.540][MCBLAS][I]mcblasSgemmStridedBatched 0 0 128 16 32 128 32 128 256 4096 512 2048 1.000000 0.000000
[14:33:39.540][MCBLASLT][I]Kernsel found best solution: Kernel name: mcblas__Mck_sgemm_full_1m1n1k_xt_fp32_fp32_fp32_sb_nn_0_256_64x32_0, slt:0, swap:0, ksplit:0
[14:33:39.540][MCBLASLT][I]module get function mcblas__Mck_sgemm_full_1m1n1k_xt_fp32_fp32_fp32_sb_nn_0_256_64x32_0 successed
[14:33:39.540][MCBLASLT][I]mcModuleLaunchKernel successed, ret = 0
[14:33:39.540][MXC][I]raw dispatch ts:[113232621156340,113232621157077]
[14:33:39.540][MXC][I]dispatch ts translate ret [1788964419540105319, 1788964419540112690]
[14:33:39.540][MXC][I]raw dispatch ts:[113232621157362,113232621157556]
[14:33:39.540][MXC][I]dispatch ts translate ret [1788964419540115540, 1788964419540117480]
[14:33:39.540][MCR][I]mc_memory.cpp            :1671: copy strategy - H2DCpuCopy:0,D2HCpuCopy:0,cpuCopy:0,d2dCrossDevices:0,pageableHToDAsync:0
[14:33:39.540][MCR][I]mc_memory.cpp            :1672: copy strategy - isAsync:0,waitComplete:0
[14:33:39.540][MXC][I]raw dispatch ts:[113232621157829,113232621158368]
[14:33:39.540][MXC][I]dispatch ts translate ret [1788964419540120211, 1788964419540125601]
[14:33:39.540][MXC][I]raw dispatch ts:[113232621197534,113232621197626]
[14:33:39.540][MXC][I]dispatch ts translate ret [1788964419540517278, 1788964419540518198]
[14:33:39.540][MXC][I]raw dispatch ts:[113232621160778,113232621162148]
[14:33:39.540][MXC][I]dispatch ts translate ret [1788964419540149724, 1788964419540163424]
[14:33:39.540][MXC][I]raw async_copy ts:[68735683060701,68735683082542]
[14:33:39.540][MXC][I]sdma_ts_.sdma_counter:68734697685926
[14:33:39.540][MXC][I]DNOCfreq:900000000, async_copy ts translate ret [1788964419814254094, 1788964419814278361]
[14:33:39.540][MXC][I]raw dispatch ts:[113232621162440,113232621163615]
[14:33:39.540][MXC][I]dispatch ts translate ret [1788964419540166344, 1788964419540178094]
[14:33:39.540][MXC][I]raw dispatch ts:[113232621163894,113232621165761]
[14:33:39.540][MXC][I]dispatch ts translate ret [1788964419540180884, 1788964419540199554]
[14:33:39.540][MXC][I]raw dispatch ts:[113232621168340,113232621172247]
[14:33:39.540][MXC][I]dispatch ts translate ret [1788964419540225344, 1788964419540264414]
[14:33:39.540][MXC][I]raw dispatch ts:[113232621174540,113232621174962]
[14:33:39.540][MXC][I]dispatch ts translate ret [1788964419540287344, 1788964419540291564]
[14:33:39.540][MXC][I]raw dispatch ts:[113232621175238,113232621175470]
[14:33:39.540][MXC][I]dispatch ts translate ret [1788964419540294324, 1788964419540296644]
[14:33:39.540][MXC][I]raw dispatch ts:[113232621181542,113232621182215]
[14:33:39.540][MXC][I]dispatch ts translate ret [1788964419540357363, 1788964419540364093]
[14:33:39.540][MXC][I]raw dispatch ts:[113232621184619,113232621185768]
[14:33:39.540][MXC][I]dispatch ts translate ret [1788964419540388132, 1788964419540399621]
[14:33:39.540][MXC][I]raw dispatch ts:[113232621186178,113232621187421]
[14:33:39.540][MXC][I]dispatch ts translate ret [1788964419540403721, 1788964419540416151]
[14:33:39.540][MXC][I]raw dispatch ts:[113232621187705,113232621189487]
[14:33:39.540][MXC][I]dispatch ts translate ret [1788964419540418991, 1788964419540436810]
[14:33:39.540][MXC][I]raw dispatch ts:[113232621192214,113232621193253]
[14:33:39.540][MXC][I]dispatch ts translate ret [1788964419540464079, 1788964419540474469]
[14:33:39.540][MXC][I]raw dispatch ts:[113232621193541,113232621194942]
[14:33:39.540][MXC][I]dispatch ts translate ret [1788964419540477349, 1788964419540491359]
[14:33:39.540][MCBLASLT][I]set_workspace is called ! user allocated size: 67108864B = 64.000000MB
[14:33:39.540][MCBLAS][I]mcblasSgemmStridedBatched 1 0 32 16 128 128 128 32 256 4096 2048 512 1.000000 0.000000
[14:33:39.540][MCBLASLT][I]Kernsel found best solution: Kernel name: mcblas__Mck_sgemm_full_1m1n1k_xt_fp32_fp32_fp32_sb_tn_0_256_64x32_0, slt:0, swap:0, ksplit:0
[14:33:39.540][MCBLASLT][I]module get function mcblas__Mck_sgemm_full_1m1n1k_xt_fp32_fp32_fp32_sb_tn_0_256_64x32_0 successed
[14:33:39.540][MCBLASLT][I]mcModuleLaunchKernel successed, ret = 0
[14:33:39.540][MXC][I]raw dispatch ts:[113232621203887,113232621204426]
[14:33:39.540][MXC][I]dispatch ts translate ret [1788964419540580805, 1788964419540586194]
[14:33:39.540][MXC][I]raw dispatch ts:[113232621206901,113232621207275]
[14:33:39.540][MXC][I]dispatch ts translate ret [1788964419540610944, 1788964419540614684]
[14:33:39.540][MCR][I]mc_memory.cpp            :1671: copy strategy - H2DCpuCopy:0,D2HCpuCopy:0,cpuCopy:0,d2dCrossDevices:0,pageableHToDAsync:0
[14:33:39.540][MCR][I]mc_memory.cpp            :1672: copy strategy - isAsync:0,waitComplete:0
[14:33:39.540][MXC][I]raw dispatch ts:[113232621207555,113232621207819]
[14:33:39.540][MXC][I]dispatch ts translate ret [1788964419540617483, 1788964419540620123]
[14:33:39.540][MXC][I]raw dispatch ts:[113232621232742,113232621232868]
[14:33:39.540][MXC][I]dispatch ts translate ret [1788964419540869353, 1788964419540870613]
[14:33:39.540][MXC][I]raw dispatch ts:[113232621208088,113232621208554]
[14:33:39.540][MXC][I]dispatch ts translate ret [1788964419540622816, 1788964419540627476]
[14:33:39.540][MXC][I]raw async_copy ts:[68735683483594,68735683495225]
[14:33:39.540][MXC][I]sdma_ts_.sdma_counter:68734697685926
[14:33:39.540][MXC][I]DNOCfreq:900000000, async_copy ts translate ret [1788964419814723975, 1788964419814736898]
[14:33:39.540][MXC][I]raw dispatch ts:[113232621210875,113232621211299]
[14:33:39.540][MXC][I]dispatch ts translate ret [1788964419540650686, 1788964419540654926]
[14:33:39.540][MXC][I]raw dispatch ts:[113232621211579,113232621211930]
[14:33:39.540][MXC][I]dispatch ts translate ret [1788964419540657726, 1788964419540661236]
[14:33:39.540][MCBLASLT][I]set_workspace is called ! user allocated size: 67108864B = 64.000000MB
[14:33:39.540][MXC][I]raw dispatch ts:[113232621212204,113232621212493]
[14:33:39.540][MXC][I]dispatch ts translate ret [1788964419540663976, 1788964419540666865]
[14:33:39.540][MCBLAS][I]mcblasSgemmStridedBatched 0 0 128 16 32 128 32 128 256 4096 512 2048 1.000000 0.000000
[14:33:39.540][MXC][I]raw dispatch ts:[113232621212766,113232621212942]
[14:33:39.540][MXC][I]dispatch ts translate ret [1788964419540669595, 1788964419540671355]
[14:33:39.540][MCBLASLT][I]Kernsel found best solution: Kernel name: mcblas__Mck_sgemm_full_1m1n1k_xt_fp32_fp32_fp32_sb_nn_0_256_64x32_0, slt:0, swap:0, ksplit:0
[14:33:39.540][MCBLASLT][I]module get function mcblas__Mck_sgemm_full_1m1n1k_xt_fp32_fp32_fp32_sb_nn_0_256_64x32_0 successed
[14:33:39.540][MCBLASLT][I]mcModuleLaunchKernel successed, ret = 0
[14:33:39.540][MXC][I]raw dispatch ts:[113232621213202,113232621213923]
[14:33:39.540][MXC][I]dispatch ts translate ret [1788964419540673955, 1788964419540681165]
[14:33:39.540][MXC][I]raw dispatch ts:[113232621214198,113232621214401]
[14:33:39.540][MXC][I]dispatch ts translate ret [1788964419540683915, 1788964419540685945]
[14:33:39.540][MCR][I]mc_memory.cpp            :1671: copy strategy - H2DCpuCopy:0,D2HCpuCopy:0,cpuCopy:0,d2dCrossDevices:0,pageableHToDAsync:0
[14:33:39.540][MCR][I]mc_memory.cpp            :1672: copy strategy - isAsync:0,waitComplete:0
[14:33:39.540][MXC][I]raw dispatch ts:[113232621216716,113232621217233]
[14:33:39.541][MXC][I]dispatch ts translate ret [1788964419540709095, 1788964419540714265]
[14:33:39.541][MXC][I]raw dispatch ts:[113232621251705,113232621252013]
[14:33:39.541][MXC][I]dispatch ts translate ret [1788964419541059131, 1788964419541062213]
[14:33:39.541][MXC][I]raw dispatch ts:[113232621217523,113232621218790]
[14:33:39.541][MXC][I]dispatch ts translate ret [1788964419540717162, 1788964419540729832]
[14:33:39.541][MXC][I]raw async_copy ts:[68735683711788,68735683733712]
[14:33:39.541][MXC][I]sdma_ts_.sdma_counter:68734697685926
[14:33:39.541][MXC][I]DNOCfreq:900000000, async_copy ts translate ret [1788964419814977524, 1788964419815001884]
[14:33:39.541][MXC][I]raw dispatch ts:[113232621219070,113232621220371]
[14:33:39.541][MXC][I]dispatch ts translate ret [1788964419540732632, 1788964419540745642]
[14:33:39.541][MXC][I]raw dispatch ts:[113232621220650,113232621222692]
[14:33:39.541][MXC][I]dispatch ts translate ret [1788964419540748432, 1788964419540768852]
[14:33:39.541][MXC][I]raw dispatch ts:[113232621225350,113232621229238]
[14:33:39.541][MXC][I]dispatch ts translate ret [1788964419540795432, 1788964419540834312]
[14:33:39.541][MXC][I]raw dispatch ts:[113232621229530,113232621229774]
[14:33:39.541][MXC][I]dispatch ts translate ret [1788964419540837232, 1788964419540839672]
[14:33:39.541][MXC][I]raw dispatch ts:[113232621232149,113232621232452]
[14:33:39.541][MXC][I]dispatch ts translate ret [1788964419540863422, 1788964419540866452]
[14:33:39.541][MXC][I]raw dispatch ts:[113232621238246,113232621238942]
[14:33:39.541][MXC][I]dispatch ts translate ret [1788964419540924432, 1788964419540931397]
[14:33:39.541][MXC][I]raw dispatch ts:[113232621241312,113232621242704]
[14:33:39.541][MXC][I]dispatch ts translate ret [1788964419540955116, 1788964419540969048]
[14:33:39.541][MXC][I]raw dispatch ts:[113232621242984,113232621244084]
[14:33:39.541][MXC][I]dispatch ts translate ret [1788964419540971850, 1788964419540982859]
[14:33:39.541][MXC][I]raw dispatch ts:[113232621244361,113232621246156]
[14:33:39.541][MXC][I]dispatch ts translate ret [1788964419540985631, 1788964419541003596]
[14:33:39.541][MXC][I]raw dispatch ts:[113232621248786,113232621249820]
[14:33:39.541][MXC][I]dispatch ts translate ret [1788964419541029917, 1788964419541040265]
[14:33:39.541][MXC][I]raw dispatch ts:[113232621250100,113232621251436]
[14:33:39.541][MXC][I]dispatch ts translate ret [1788964419541043068, 1788964419541056439]
[14:33:39.541][MCBLASLT][I]set_workspace is called ! user allocated size: 67108864B = 64.000000MB
[14:33:39.541][MCBLAS][I]mcblasSgemmStridedBatched 1 0 32 16 128 128 128 32 256 4096 2048 512 1.000000 0.000000
[14:33:39.541][MCBLASLT][I]Kernsel found best solution: Kernel name: mcblas__Mck_sgemm_full_1m1n1k_xt_fp32_fp32_fp32_sb_tn_0_256_64x32_0, slt:0, swap:0, ksplit:0
[14:33:39.541][MCBLASLT][I]module get function mcblas__Mck_sgemm_full_1m1n1k_xt_fp32_fp32_fp32_sb_tn_0_256_64x32_0 successed
[14:33:39.541][MCBLASLT][I]mcModuleLaunchKernel successed, ret = 0
[14:33:39.541][MXC][I]raw dispatch ts:[113232621258629,113232621259156]
[14:33:39.541][MXC][I]dispatch ts translate ret [1788964419541128426, 1788964419541133700]
[14:33:39.541][MXC][I]raw dispatch ts:[113232621261526,113232621261900]
[14:33:39.541][MXC][I]dispatch ts translate ret [1788964419541157419, 1788964419541161162]
[14:33:39.541][MCR][I]mc_memory.cpp            :1671: copy strategy - H2DCpuCopy:0,D2HCpuCopy:0,cpuCopy:0,d2dCrossDevices:0,pageableHToDAsync:0
[14:33:39.541][MCR][I]mc_memory.cpp            :1672: copy strategy - isAsync:0,waitComplete:0
[14:33:39.541][MXC][I]raw dispatch ts:[113232621262182,113232621262453]
[14:33:39.541][MXC][I]dispatch ts translate ret [1788964419541163985, 1788964419541166697]
[14:33:39.541][MXC][I]raw dispatch ts:[113232621287456,113232621287573]
[14:33:39.541][MXC][I]dispatch ts translate ret [1788964419541416520, 1788964419541417689]
[14:33:39.541][MXC][I]raw dispatch ts:[113232621262733,113232621263210]
[14:33:39.541][MXC][I]dispatch ts translate ret [1788964419541169380, 1788964419541174148]
[14:33:39.541][MXC][I]raw async_copy ts:[68735684138511,68735684150081]
[14:33:39.541][MXC][I]sdma_ts_.sdma_counter:68734697685926
[14:33:39.541][MXC][I]DNOCfreq:900000000, async_copy ts translate ret [1788964419815451660, 1788964419815464515]
[14:33:39.541][MXC][I]raw dispatch ts:[113232621265604,113232621266052]
[14:33:39.541][MXC][I]dispatch ts translate ret [1788964419541198080, 1788964419541202558]
[14:33:39.541][MCBLASLT][I]set_workspace is called ! user allocated size: 67108864B = 64.000000MB
[14:33:39.541][MXC][I]raw dispatch ts:[113232621266343,113232621266700]
[14:33:39.541][MXC][I]dispatch ts translate ret [1788964419541205467, 1788964419541209036]
[14:33:39.541][MCBLAS][I]mcblasSgemmStridedBatched 0 0 128 16 32 128 32 128 256 4096 512 2048 1.000000 0.000000
[14:33:39.541][MCBLASLT][I]Kernsel found best solution: Kernel name: mcblas__Mck_sgemm_full_1m1n1k_xt_fp32_fp32_fp32_sb_nn_0_256_64x32_0, slt:0, swap:0, ksplit:0
[14:33:39.541][MXC][I]raw dispatch ts:[113232621266981,113232621267267]
[14:33:39.541][MCBLASLT][I]module get function mcblas__Mck_sgemm_full_1m1n1k_xt_fp32_fp32_fp32_sb_nn_0_256_64x32_0 successed
[14:33:39.541][MXC][I]dispatch ts translate ret [1788964419541211845, 1788964419541214704]
[14:33:39.541][MCBLASLT][I]mcModuleLaunchKernel successed, ret = 0
[14:33:39.541][MXC][I]raw dispatch ts:[113232621267544,113232621267720]
[14:33:39.541][MXC][I]dispatch ts translate ret [1788964419541217473, 1788964419541219232]
[14:33:39.541][MXC][I]raw dispatch ts:[113232621267981,113232621268718]
[14:33:39.541][MXC][I]dispatch ts translate ret [1788964419541221841, 1788964419541229208]
[14:33:39.541][MXC][I]raw dispatch ts:[113232621269021,113232621269227]
[14:33:39.541][MXC][I]dispatch ts translate ret [1788964419541232237, 1788964419541234296]
[14:33:39.541][MCR][I]mc_memory.cpp            :1671: copy strategy - H2DCpuCopy:0,D2HCpuCopy:0,cpuCopy:0,d2dCrossDevices:0,pageableHToDAsync:0
[14:33:39.541][MCR][I]mc_memory.cpp            :1672: copy strategy - isAsync:0,waitComplete:0
[14:33:39.541][MXC][I]raw dispatch ts:[113232621271290,113232621271808]
[14:33:39.541][MXC][I]dispatch ts translate ret [1788964419541254919, 1788964419541260097]
[14:33:39.541][MXC][I]raw dispatch ts:[113232621309181,113232621309273]
[14:33:39.541][MXC][I]dispatch ts translate ret [1788964419541633744, 1788964419541634664]
[14:33:39.541][MXC][I]raw dispatch ts:[113232621272087,113232621273344]
[14:33:39.541][MXC][I]dispatch ts translate ret [1788964419541262827, 1788964419541275397]
[14:33:39.541][MXC][I]raw async_copy ts:[68735684399678,68735684421560]
[14:33:39.541][MXC][I]sdma_ts_.sdma_counter:68734697685926
[14:33:39.541][MXC][I]DNOCfreq:900000000, async_copy ts translate ret [1788964419815741846, 1788964419815766159]
[14:33:39.541][MXC][I]raw dispatch ts:[113232621273620,113232621274930]
[14:33:39.541][MXC][I]dispatch ts translate ret [1788964419541278157, 1788964419541291257]
[14:33:39.541][MXC][I]raw dispatch ts:[113232621275204,113232621277169]
[14:33:39.541][MXC][I]dispatch ts translate ret [1788964419541293997, 1788964419541313647]
[14:33:39.541][MXC][I]raw dispatch ts:[113232621279731,113232621283598]
[14:33:39.541][MXC][I]dispatch ts translate ret [1788964419541339267, 1788964419541377937]
[14:33:39.541][MXC][I]raw dispatch ts:[113232621283881,113232621284126]
[14:33:39.541][MXC][I]dispatch ts translate ret [1788964419541380767, 1788964419541383217]
[14:33:39.541][MXC][I]raw dispatch ts:[113232621286863,113232621287150]
[14:33:39.541][MXC][I]dispatch ts translate ret [1788964419541410587, 1788964419541413457]
[14:33:39.541][MXC][I]raw dispatch ts:[113232621293144,113232621293839]
[14:33:39.541][MXC][I]dispatch ts translate ret [1788964419541473392, 1788964419541480341]
[14:33:39.541][MXC][I]raw dispatch ts:[113232621296281,113232621297975]
[14:33:39.541][MXC][I]dispatch ts translate ret [1788964419541504758, 1788964419541521697]
[14:33:39.541][MXC][I]raw dispatch ts:[113232621300373,113232621301707]
[14:33:39.541][MXC][I]dispatch ts translate ret [1788964419541545674, 1788964419541559012]
[14:33:39.541][MXC][I]raw dispatch ts:[113232621301997,113232621303693]
[14:33:39.541][MXC][I]dispatch ts translate ret [1788964419541561912, 1788964419541578870]
[14:33:39.541][MXC][I]raw dispatch ts:[113232621303972,113232621304934]
[14:33:39.541][MXC][I]dispatch ts translate ret [1788964419541581660, 1788964419541591279]
[14:33:39.541][MXC][I]raw dispatch ts:[113232621305209,113232621306423]
[14:33:39.541][MXC][I]dispatch ts translate ret [1788964419541594029, 1788964419541606167]
[14:33:39.541][MCBLASLT][I]set_workspace is called ! user allocated size: 67108864B = 64.000000MB
[14:33:39.541][MCBLAS][I]mcblasSgemmStridedBatched 1 0 32 16 128 128 128 32 256 4096 2048 512 1.000000 0.000000
[14:33:39.541][MCBLASLT][I]Kernsel found best solution: Kernel name: mcblas__Mck_sgemm_full_1m1n1k_xt_fp32_fp32_fp32_sb_tn_0_256_64x32_0, slt:0, swap:0, ksplit:0
[14:33:39.541][MCBLASLT][I]module get function mcblas__Mck_sgemm_full_1m1n1k_xt_fp32_fp32_fp32_sb_tn_0_256_64x32_0 successed
[14:33:39.541][MCBLASLT][I]mcModuleLaunchKernel successed, ret = 0
[14:33:39.541][MXC][I]raw dispatch ts:[113232621315461,113232621316002]
[14:33:39.541][MXC][I]dispatch ts translate ret [1788964419541696536, 1788964419541701946]
[14:33:39.541][MXC][I]raw dispatch ts:[113232621318392,113232621318768]
[14:33:39.541][MXC][I]dispatch ts translate ret [1788964419541725843, 1788964419541729603]
[14:33:39.541][MCR][I]mc_memory.cpp            :1671: copy strategy - H2DCpuCopy:0,D2HCpuCopy:0,cpuCopy:0,d2dCrossDevices:0,pageableHToDAsync:0
[14:33:39.541][MCR][I]mc_memory.cpp            :1672: copy strategy - isAsync:0,waitComplete:0
[14:33:39.541][MXC][I]raw dispatch ts:[113232621319045,113232621319298]
[14:33:39.541][MXC][I]dispatch ts translate ret [1788964419541732372, 1788964419541734902]
[14:33:39.541][MXC][I]raw dispatch ts:[113232621344610,113232621344702]
[14:33:39.541][MXC][I]dispatch ts translate ret [1788964419541987999, 1788964419541988919]
[14:33:39.541][MXC][I]raw dispatch ts:[113232621319571,113232621320025]
[14:33:39.541][MXC][I]dispatch ts translate ret [1788964419541737634, 1788964419541742173]
[14:33:39.542][MCBLASLT][I]set_workspace is called ! user allocated size: 67108864B = 64.000000MB
[14:33:39.542][MXC][I]raw async_copy ts:[68735684824433,68735684835957]
[14:33:39.542][MXC][I]sdma_ts_.sdma_counter:68734697685926
[14:33:39.542][MCBLAS][I]mcblasSgemmStridedBatched 0 0 128 16 32 128 32 128 256 4096 512 2048 1.000000 0.000000
[14:33:39.542][MXC][I]DNOCfreq:900000000, async_copy ts translate ret [1788964419816213796, 1788964419816226600]
[14:33:39.542][MXC][I]raw dispatch ts:[113232621322517,113232621322935]
[14:33:39.542][MXC][I]dispatch ts translate ret [1788964419541767091, 1788964419541771271]
[14:33:39.542][MCBLASLT][I]Kernsel found best solution: Kernel name: mcblas__Mck_sgemm_full_1m1n1k_xt_fp32_fp32_fp32_sb_nn_0_256_64x32_0, slt:0, swap:0, ksplit:0
[14:33:39.542][MCBLASLT][I]module get function mcblas__Mck_sgemm_full_1m1n1k_xt_fp32_fp32_fp32_sb_nn_0_256_64x32_0 successed
[14:33:39.542][MXC][I]raw dispatch ts:[113232621323277,113232621323627]
[14:33:39.542][MXC][I]dispatch ts translate ret [1788964419541774690, 1788964419541778190]
[14:33:39.542][MCBLASLT][I]mcModuleLaunchKernel successed, ret = 0
[14:33:39.542][MXC][I]raw dispatch ts:[113232621323906,113232621324195]
[14:33:39.542][MXC][I]dispatch ts translate ret [1788964419541780980, 1788964419541783869]
[14:33:39.542][MXC][I]raw dispatch ts:[113232621324475,113232621324667]
[14:33:39.542][MXC][I]dispatch ts translate ret [1788964419541786669, 1788964419541788589]
[14:33:39.542][MXC][I]raw dispatch ts:[113232621324946,113232621325666]
[14:33:39.542][MXC][I]dispatch ts translate ret [1788964419541791379, 1788964419541798578]
[14:33:39.542][MXC][I]raw dispatch ts:[113232621326065,113232621326268]
[14:33:39.542][MXC][I]dispatch ts translate ret [1788964419541802567, 1788964419541804597]
[14:33:39.542][MCR][I]mc_memory.cpp            :1671: copy strategy - H2DCpuCopy:0,D2HCpuCopy:0,cpuCopy:0,d2dCrossDevices:0,pageableHToDAsync:0
[14:33:39.542][MCR][I]mc_memory.cpp            :1672: copy strategy - isAsync:0,waitComplete:0
[14:33:39.542][MXC][I]raw dispatch ts:[113232621328632,113232621329148]
[14:33:39.542][MXC][I]dispatch ts translate ret [1788964419541828235, 1788964419541833394]
[14:33:39.542][MXC][I]raw dispatch ts:[113232621365515,113232621365832]
[14:33:39.542][MXC][I]dispatch ts translate ret [1788964419542197064, 1788964419542200234]
[14:33:39.542][MXC][I]raw dispatch ts:[113232621329439,113232621330790]
[14:33:39.542][MXC][I]dispatch ts translate ret [1788964419541836288, 1788964419541849798]
[14:33:39.542][MXC][I]raw async_copy ts:[68735685078996,68735685100839]
[14:33:39.542][MXC][I]sdma_ts_.sdma_counter:68734697685926
[14:33:39.542][MXC][I]DNOCfreq:900000000, async_copy ts translate ret [1788964419816496644, 1788964419816520914]
[14:33:39.542][MXC][I]raw dispatch ts:[113232621331067,113232621332123]
[14:33:39.542][MXC][I]dispatch ts translate ret [1788964419541852568, 1788964419541863128]
[14:33:39.542][MXC][I]raw dispatch ts:[113232621332418,113232621334386]
[14:33:39.542][MXC][I]dispatch ts translate ret [1788964419541866078, 1788964419541885758]
[14:33:39.542][MXC][I]raw dispatch ts:[113232621337048,113232621340930]
[14:33:39.542][MXC][I]dispatch ts translate ret [1788964419541912378, 1788964419541951198]
[14:33:39.542][MXC][I]raw dispatch ts:[113232621341210,113232621341512]
[14:33:39.542][MXC][I]dispatch ts translate ret [1788964419541953998, 1788964419541957018]
[14:33:39.542][MXC][I]raw dispatch ts:[113232621341786,113232621342013]
[14:33:39.542][MXC][I]dispatch ts translate ret [1788964419541959758, 1788964419541962028]
[14:33:39.542][MXC][I]raw dispatch ts:[113232621351527,113232621352210]
[14:33:39.542][MXC][I]dispatch ts translate ret [1788964419542057173, 1788964419542064004]
[14:33:39.542][MXC][I]raw dispatch ts:[113232621354671,113232621356032]
[14:33:39.542][MXC][I]dispatch ts translate ret [1788964419542088616, 1788964419542102227]
[14:33:39.542][MXC][I]raw dispatch ts:[113232621356323,113232621357754]
[14:33:39.542][MXC][I]dispatch ts translate ret [1788964419542105137, 1788964419542119448]
[14:33:39.542][MXC][I]raw dispatch ts:[113232621358156,113232621360028]
[14:33:39.542][MXC][I]dispatch ts translate ret [1788964419542123468, 1788964419542142190]
[14:33:39.542][MXC][I]raw dispatch ts:[113232621362632,113232621363682]
[14:33:39.542][MXC][I]dispatch ts translate ret [1788964419542168232, 1788964419542178732]
[14:33:39.542][MXC][I]raw dispatch ts:[113232621363972,113232621365237]
[14:33:39.542][MXC][I]dispatch ts translate ret [1788964419542181633, 1788964419542194284]
[14:33:39.542][MCBLASLT][I]set_workspace is called ! user allocated size: 67108864B = 64.000000MB
[14:33:39.542][MCBLAS][I]mcblasSgemmStridedBatched 1 0 32 16 128 128 128 32 256 4096 2048 512 1.000000 0.000000
[14:33:39.542][MCBLASLT][I]Kernsel found best solution: Kernel name: mcblas__Mck_sgemm_full_1m1n1k_xt_fp32_fp32_fp32_sb_tn_0_256_64x32_0, slt:0, swap:0, ksplit:0
[14:33:39.542][MCBLASLT][I]module get function mcblas__Mck_sgemm_full_1m1n1k_xt_fp32_fp32_fp32_sb_tn_0_256_64x32_0 successed
[14:33:39.542][MCBLASLT][I]mcModuleLaunchKernel successed, ret = 0
[14:33:39.542][MXC][I]raw dispatch ts:[113232621372009,113232621372583]
[14:33:39.542][MXC][I]dispatch ts translate ret [1788964419542262008, 1788964419542267748]
[14:33:39.542][MXC][I]raw dispatch ts:[113232621374902,113232621375265]
[14:33:39.542][MXC][I]dispatch ts translate ret [1788964419542290940, 1788964419542294570]
[14:33:39.542][MCR][I]mc_memory.cpp            :1671: copy strategy - H2DCpuCopy:0,D2HCpuCopy:0,cpuCopy:0,d2dCrossDevices:0,pageableHToDAsync:0
[14:33:39.542][MCR][I]mc_memory.cpp            :1672: copy strategy - isAsync:0,waitComplete:0
[14:33:39.542][MXC][I]raw dispatch ts:[113232621375542,113232621375813]
[14:33:39.542][MXC][I]dispatch ts translate ret [1788964419542297340, 1788964419542300051]
[14:33:39.542][MXC][I]raw dispatch ts:[113232621400691,113232621400816]
[14:33:39.542][MXC][I]dispatch ts translate ret [1788964419542548826, 1788964419542550076]
[14:33:39.542][MXC][I]raw dispatch ts:[113232621376089,113232621376553]
[14:33:39.542][MXC][I]dispatch ts translate ret [1788964419542302805, 1788964419542307445]
[14:33:39.542][MXC][I]raw async_copy ts:[68735685501796,68735685513527]
[14:33:39.542][MXC][I]sdma_ts_.sdma_counter:68734697685926
[14:33:39.542][MXC][I]DNOCfreq:900000000, async_copy ts translate ret [1788964419816966421, 1788964419816979455]
[14:33:39.542][MXC][I]raw dispatch ts:[113232621378947,113232621379354]
[14:33:39.542][MXC][I]dispatch ts translate ret [1788964419542331385, 1788964419542335455]
[14:33:39.542][MCBLASLT][I]set_workspace is called ! user allocated size: 67108864B = 64.000000MB
[14:33:39.542][MXC][I]raw dispatch ts:[113232621379632,113232621379989]
[14:33:39.542][MXC][I]dispatch ts translate ret [1788964419542338235, 1788964419542341805]
[14:33:39.542][MCBLAS][I]mcblasSgemmStridedBatched 0 0 128 16 32 128 32 128 256 4096 512 2048 1.000000 0.000000
[14:33:39.542][MCBLASLT][I]Kernsel found best solution: Kernel name: mcblas__Mck_sgemm_full_1m1n1k_xt_fp32_fp32_fp32_sb_nn_0_256_64x32_0, slt:0, swap:0, ksplit:0
[14:33:39.542][MXC][I]raw dispatch ts:[113232621380294,113232621380580]
[14:33:39.542][MCBLASLT][I]module get function mcblas__Mck_sgemm_full_1m1n1k_xt_fp32_fp32_fp32_sb_nn_0_256_64x32_0 successed
[14:33:39.542][MXC][I]dispatch ts translate ret [1788964419542344855, 1788964419542347715]
[14:33:39.542][MCBLASLT][I]mcModuleLaunchKernel successed, ret = 0
[14:33:39.542][MXC][I]raw dispatch ts:[113232621380938,113232621381114]
[14:33:39.542][MXC][I]dispatch ts translate ret [1788964419542351295, 1788964419542353055]
[14:33:39.542][MXC][I]raw dispatch ts:[113232621381375,113232621382099]
[14:33:39.542][MXC][I]dispatch ts translate ret [1788964419542355665, 1788964419542362905]
[14:33:39.542][MXC][I]raw dispatch ts:[113232621382372,113232621382578]
[14:33:39.542][MXC][I]dispatch ts translate ret [1788964419542365635, 1788964419542367695]
[14:33:39.542][MCR][I]mc_memory.cpp            :1671: copy strategy - H2DCpuCopy:0,D2HCpuCopy:0,cpuCopy:0,d2dCrossDevices:0,pageableHToDAsync:0
[14:33:39.542][MCR][I]mc_memory.cpp            :1672: copy strategy - isAsync:0,waitComplete:0
[14:33:39.542][MXC][I]raw dispatch ts:[113232621384940,113232621385507]
[14:33:39.542][MXC][I]dispatch ts translate ret [1788964419542391316, 1788964419542396986]
[14:33:39.542][MXC][I]raw dispatch ts:[113232621420011,113232621420399]
[14:33:39.542][MXC][I]dispatch ts translate ret [1788964419542742042, 1788964419542745922]
[14:33:39.542][MXC][I]raw dispatch ts:[113232621385835,113232621387058]
[14:33:39.542][MXC][I]dispatch ts translate ret [1788964419542400266, 1788964419542412496]
[14:33:39.542][MXC][I]raw async_copy ts:[68735685733652,68735685755588]
[14:33:39.542][MXC][I]sdma_ts_.sdma_counter:68734697685926
[14:33:39.542][MXC][I]DNOCfreq:900000000, async_copy ts translate ret [1788964419817224039, 1788964419817248412]
[14:33:39.542][MXC][I]raw dispatch ts:[113232621387342,113232621388585]
[14:33:39.542][MXC][I]dispatch ts translate ret [1788964419542415336, 1788964419542427766]
[14:33:39.542][MXC][I]raw dispatch ts:[113232621388869,113232621390666]
[14:33:39.542][MXC][I]dispatch ts translate ret [1788964419542430606, 1788964419542448576]
[14:33:39.542][MXC][I]raw dispatch ts:[113232621393235,113232621397120]
[14:33:39.542][MXC][I]dispatch ts translate ret [1788964419542474266, 1788964419542513116]
[14:33:39.542][MXC][I]raw dispatch ts:[113232621397450,113232621397695]
[14:33:39.542][MXC][I]dispatch ts translate ret [1788964419542516416, 1788964419542518866]
[14:33:39.542][MXC][I]raw dispatch ts:[113232621400106,113232621400409]
[14:33:39.542][MXC][I]dispatch ts translate ret [1788964419542542976, 1788964419542546006]
[14:33:39.542][MXC][I]raw dispatch ts:[113232621406728,113232621407385]
[14:33:39.542][MXC][I]dispatch ts translate ret [1788964419542609201, 1788964419542615771]
[14:33:39.542][MXC][I]raw dispatch ts:[113232621409877,113232621411256]
[14:33:39.542][MXC][I]dispatch ts translate ret [1788964419542640693, 1788964419542654485]
[14:33:39.542][MXC][I]raw dispatch ts:[113232621411536,113232621412696]
[14:33:39.542][MXC][I]dispatch ts translate ret [1788964419542657285, 1788964419542668886]
[14:33:39.542][MXC][I]raw dispatch ts:[113232621415162,113232621416895]
[14:33:39.542][MXC][I]dispatch ts translate ret [1788964419542693548, 1788964419542710879]
[14:33:39.542][MXC][I]raw dispatch ts:[113232621417175,113232621418180]
[14:33:39.542][MXC][I]dispatch ts translate ret [1788964419542713679, 1788964419542723730]
[14:33:39.542][MXC][I]raw dispatch ts:[113232621418459,113232621419749]
[14:33:39.542][MXC][I]dispatch ts translate ret [1788964419542726520, 1788964419542739422]
[14:33:39.542][MCBLASLT][I]set_workspace is called ! user allocated size: 67108864B = 64.000000MB
[14:33:39.542][MCBLAS][I]mcblasSgemmStridedBatched 1 0 32 16 128 128 128 32 256 4096 2048 512 1.000000 0.000000
[14:33:39.542][MCBLASLT][I]Kernsel found best solution: Kernel name: mcblas__Mck_sgemm_full_1m1n1k_xt_fp32_fp32_fp32_sb_tn_0_256_64x32_0, slt:0, swap:0, ksplit:0
[14:33:39.542][MCBLASLT][I]module get function mcblas__Mck_sgemm_full_1m1n1k_xt_fp32_fp32_fp32_sb_tn_0_256_64x32_0 successed
[14:33:39.542][MCBLASLT][I]mcModuleLaunchKernel successed, ret = 0
[14:33:39.543][MXC][I]raw dispatch ts:[113232621426646,113232621427197]
[14:33:39.543][MXC][I]dispatch ts translate ret [1788964419542808396, 1788964419542813907]
[14:33:39.543][MXC][I]raw dispatch ts:[113232621429538,113232621429944]
[14:33:39.543][MXC][I]dispatch ts translate ret [1788964419542837319, 1788964419542841379]
[14:33:39.543][MCR][I]mc_memory.cpp            :1671: copy strategy - H2DCpuCopy:0,D2HCpuCopy:0,cpuCopy:0,d2dCrossDevices:0,pageableHToDAsync:0
[14:33:39.543][MCR][I]mc_memory.cpp            :1672: copy strategy - isAsync:0,waitComplete:0
[14:33:39.543][MXC][I]raw dispatch ts:[113232621430229,113232621430406]
[14:33:39.543][MXC][I]dispatch ts translate ret [1788964419542844229, 1788964419542845999]
[14:33:39.543][MXC][I]raw dispatch ts:[113232621457566,113232621457682]
[14:33:39.543][MXC][I]dispatch ts translate ret [1788964419543117593, 1788964419543118753]
[14:33:39.543][MXC][I]raw dispatch ts:[113232621430671,113232621431135]
[14:33:39.543][MXC][I]dispatch ts translate ret [1788964419542848643, 1788964419542853283]
[14:33:39.543][MXC][I]raw async_copy ts:[68735686180660,68735686192338]
[14:33:39.543][MXC][I]sdma_ts_.sdma_counter:68734697685926
[14:33:39.543][MXC][I]DNOCfreq:900000000, async_copy ts translate ret [1788964419817720715, 1788964419817733690]
[14:33:39.543][MXC][I]raw dispatch ts:[113232621433567,113232621433978]
[14:33:39.543][MXC][I]dispatch ts translate ret [1788964419542877603, 1788964419542881713]
[14:33:39.543][MXC][I]raw dispatch ts:[113232621434264,113232621434617]
[14:33:39.543][MXC][I]dispatch ts translate ret [1788964419542884573, 1788964419542888103]
[14:33:39.543][MCBLASLT][I]set_workspace is called ! user allocated size: 67108864B = 64.000000MB
[14:33:39.543][MXC][I]raw dispatch ts:[113232621434894,113232621435183]
[14:33:39.543][MXC][I]dispatch ts translate ret [1788964419542890873, 1788964419542893763]
[14:33:39.543][MCBLAS][I]mcblasSgemmStridedBatched 0 0 128 16 32 128 32 128 256 4096 512 2048 1.000000 0.000000
[14:33:39.543][MXC][I]raw dispatch ts:[113232621435459,113232621435634]
[14:33:39.543][MXC][I]dispatch ts translate ret [1788964419542896523, 1788964419542898273]
[14:33:39.543][MCBLASLT][I]Kernsel found best solution: Kernel name: mcblas__Mck_sgemm_full_1m1n1k_xt_fp32_fp32_fp32_sb_nn_0_256_64x32_0, slt:0, swap:0, ksplit:0
[14:33:39.543][MCBLASLT][I]module get function mcblas__Mck_sgemm_full_1m1n1k_xt_fp32_fp32_fp32_sb_nn_0_256_64x32_0 successed
[14:33:39.543][MCBLASLT][I]mcModuleLaunchKernel successed, ret = 0
[14:33:39.543][MXC][I]raw dispatch ts:[113232621435895,113232621436614]
[14:33:39.543][MXC][I]dispatch ts translate ret [1788964419542900883, 1788964419542908073]
[14:33:39.543][MXC][I]raw dispatch ts:[113232621436888,113232621437091]
[14:33:39.543][MXC][I]dispatch ts translate ret [1788964419542910813, 1788964419542912843]
[14:33:39.543][MCR][I]mc_memory.cpp            :1671: copy strategy - H2DCpuCopy:0,D2HCpuCopy:0,cpuCopy:0,d2dCrossDevices:0,pageableHToDAsync:0
[14:33:39.543][MCR][I]mc_memory.cpp            :1672: copy strategy - isAsync:0,waitComplete:0
[14:33:39.543][MXC][I]raw dispatch ts:[113232621439232,113232621439799]
[14:33:39.543][MXC][I]dispatch ts translate ret [1788964419542934253, 1788964419542939923]
[14:33:39.543][MXC][I]raw dispatch ts:[113232621476901,113232621477229]
[14:33:39.543][MXC][I]dispatch ts translate ret [1788964419543311013, 1788964419543314294]
[14:33:39.543][MXC][I]raw dispatch ts:[113232621440114,113232621441389]
[14:33:39.543][MXC][I]dispatch ts translate ret [1788964419542943073, 1788964419542955823]
[14:33:39.543][MXC][I]raw async_copy ts:[68735686415072,68735686436923]
[14:33:39.543][MXC][I]sdma_ts_.sdma_counter:68734697685926
[14:33:39.543][MXC][I]DNOCfreq:900000000, async_copy ts translate ret [1788964419817981173, 1788964419818005451]
[14:33:39.543][MXC][I]raw dispatch ts:[113232621441665,113232621442830]
[14:33:39.543][MXC][I]dispatch ts translate ret [1788964419542958583, 1788964419542970233]
[14:33:39.543][MXC][I]raw dispatch ts:[113232621445308,113232621447251]
[14:33:39.543][MXC][I]dispatch ts translate ret [1788964419542995013, 1788964419543014443]
[14:33:39.543][MXC][I]raw dispatch ts:[113232621449779,113232621453659]
[14:33:39.543][MXC][I]dispatch ts translate ret [1788964419543039723, 1788964419543078523]
[14:33:39.543][MXC][I]raw dispatch ts:[113232621453949,113232621454191]
[14:33:39.543][MXC][I]dispatch ts translate ret [1788964419543081423, 1788964419543083843]
[14:33:39.543][MXC][I]raw dispatch ts:[113232621456977,113232621457263]
[14:33:39.543][MXC][I]dispatch ts translate ret [1788964419543111703, 1788964419543114563]
[14:33:39.543][MXC][I]raw dispatch ts:[113232621463052,113232621463721]
[14:33:39.543][MXC][I]dispatch ts translate ret [1788964419543172472, 1788964419543179164]
[14:33:39.543][MXC][I]raw dispatch ts:[113232621466144,113232621467650]
[14:33:39.543][MXC][I]dispatch ts translate ret [1788964419543203403, 1788964419543218469]
[14:33:39.543][MXC][I]raw dispatch ts:[113232621467942,113232621469175]
[14:33:39.543][MXC][I]dispatch ts translate ret [1788964419543221390, 1788964419543233724]
[14:33:39.543][MXC][I]raw dispatch ts:[113232621469454,113232621471313]
[14:33:39.543][MXC][I]dispatch ts translate ret [1788964419543236515, 1788964419543255112]
[14:33:39.543][MXC][I]raw dispatch ts:[113232621473968,113232621475043]
[14:33:39.543][MXC][I]dispatch ts translate ret [1788964419543281672, 1788964419543292426]
[14:33:39.543][MXC][I]raw dispatch ts:[113232621475325,113232621476547]
[14:33:39.543][MXC][I]dispatch ts translate ret [1788964419543295247, 1788964419543307472]
[14:33:39.543][MCBLASLT][I]set_workspace is called ! user allocated size: 67108864B = 64.000000MB
[14:33:39.543][MCBLAS][I]mcblasSgemmStridedBatched 1 0 32 16 128 128 128 32 256 4096 2048 512 1.000000 0.000000
[14:33:39.543][MCBLASLT][I]Kernsel found best solution: Kernel name: mcblas__Mck_sgemm_full_1m1n1k_xt_fp32_fp32_fp32_sb_tn_0_256_64x32_0, slt:0, swap:0, ksplit:0
[14:33:39.543][MCBLASLT][I]module get function mcblas__Mck_sgemm_full_1m1n1k_xt_fp32_fp32_fp32_sb_tn_0_256_64x32_0 successed
[14:33:39.543][MCBLASLT][I]mcModuleLaunchKernel successed, ret = 0
[14:33:39.543][MXC][I]raw dispatch ts:[113232621483461,113232621484007]
[14:33:39.543][MXC][I]dispatch ts translate ret [1788964419543376637, 1788964419543382099]
[14:33:39.543][MXC][I]raw dispatch ts:[113232621486617,113232621487024]
[14:33:39.543][MXC][I]dispatch ts translate ret [1788964419543408208, 1788964419543412280]
[14:33:39.543][MCR][I]mc_memory.cpp            :1671: copy strategy - H2DCpuCopy:0,D2HCpuCopy:0,cpuCopy:0,d2dCrossDevices:0,pageableHToDAsync:0
[14:33:39.543][MCR][I]mc_memory.cpp            :1672: copy strategy - isAsync:0,waitComplete:0
[14:33:39.543][MXC][I]raw dispatch ts:[113232621487308,113232621487501]
[14:33:39.543][MXC][I]dispatch ts translate ret [1788964419543415121, 1788964419543417052]
[14:33:39.543][MXC][I]raw dispatch ts:[113232621514852,113232621514987]
[14:33:39.543][MXC][I]dispatch ts translate ret [1788964419543690553, 1788964419543691903]
[14:33:39.543][MXC][I]raw dispatch ts:[113232621487768,113232621488225]
[14:33:39.543][MXC][I]dispatch ts translate ret [1788964419543419694, 1788964419543424264]
[14:33:39.543][MXC][I]raw async_copy ts:[68735686870627,68735686882235]
[14:33:39.543][MXC][I]sdma_ts_.sdma_counter:68734697685926
[14:33:39.543][MXC][I]DNOCfreq:900000000, async_copy ts translate ret [1788964419818487345, 1788964419818500242]
[14:33:39.543][MXC][I]raw dispatch ts:[113232621490554,113232621490961]
[14:33:39.543][MXC][I]dispatch ts translate ret [1788964419543447556, 1788964419543451626]
[14:33:39.543][MXC][I]raw dispatch ts:[113232621491244,113232621491602]
[14:33:39.543][MXC][I]dispatch ts translate ret [1788964419543454456, 1788964419543458036]
[14:33:39.543][MXC][I]raw dispatch ts:[113232621491884,113232621492176]
[14:33:39.543][MXC][I]dispatch ts translate ret [1788964419543460857, 1788964419543463777]
[14:33:39.543][MCBLASLT][I]set_workspace is called ! user allocated size: 67108864B = 64.000000MB
[14:33:39.543][MXC][I]raw dispatch ts:[113232621492458,113232621492634]
[14:33:39.543][MXC][I]dispatch ts translate ret [1788964419543466597, 1788964419543468357]
[14:33:39.543][MCBLAS][I]mcblasSgemmStridedBatched 0 0 128 16 32 128 32 128 256 4096 512 2048 1.000000 0.000000
[14:33:39.543][MCBLASLT][I]Kernsel found best solution: Kernel name: mcblas__Mck_sgemm_full_1m1n1k_xt_fp32_fp32_fp32_sb_nn_0_256_64x32_0, slt:0, swap:0, ksplit:0
[14:33:39.543][MCBLASLT][I]module get function mcblas__Mck_sgemm_full_1m1n1k_xt_fp32_fp32_fp32_sb_nn_0_256_64x32_0 successed
[14:33:39.543][MCBLASLT][I]mcModuleLaunchKernel successed, ret = 0
[14:33:39.543][MXC][I]raw dispatch ts:[113232621492903,113232621493628]
[14:33:39.543][MXC][I]dispatch ts translate ret [1788964419543471047, 1788964419543478298]
[14:33:39.543][MXC][I]raw dispatch ts:[113232621493912,113232621494118]
[14:33:39.543][MXC][I]dispatch ts translate ret [1788964419543481138, 1788964419543483198]
[14:33:39.543][MCR][I]mc_memory.cpp            :1671: copy strategy - H2DCpuCopy:0,D2HCpuCopy:0,cpuCopy:0,d2dCrossDevices:0,pageableHToDAsync:0
[14:33:39.543][MCR][I]mc_memory.cpp            :1672: copy strategy - isAsync:0,waitComplete:0
[14:33:39.543][MXC][I]raw dispatch ts:[113232621496249,113232621496770]
[14:33:39.543][MXC][I]dispatch ts translate ret [1788964419543504510, 1788964419543509720]
[14:33:39.543][MXC][I]raw dispatch ts:[113232621534829,113232621535138]
[14:33:39.543][MXC][I]dispatch ts translate ret [1788964419543890229, 1788964419543893317]
[14:33:39.543][MXC][I]raw dispatch ts:[113232621497117,113232621498749]
[14:33:39.543][MXC][I]dispatch ts translate ret [1788964419543513203, 1788964419543529523]
[14:33:39.543][MXC][I]raw async_copy ts:[68735687112086,68735687134014]
[14:33:39.543][MXC][I]sdma_ts_.sdma_counter:68734697685926
[14:33:39.543][MXC][I]DNOCfreq:900000000, async_copy ts translate ret [1788964419818755633, 1788964419818779997]
[14:33:39.543][MXC][I]raw dispatch ts:[113232621501202,113232621502526]
[14:33:39.543][MXC][I]dispatch ts translate ret [1788964419543554053, 1788964419543567293]
[14:33:39.543][MXC][I]raw dispatch ts:[113232621502808,113232621504905]
[14:33:39.543][MXC][I]dispatch ts translate ret [1788964419543570113, 1788964419543591083]
[14:33:39.543][MXC][I]raw dispatch ts:[113232621507474,113232621511341]
[14:33:39.543][MXC][I]dispatch ts translate ret [1788964419543616773, 1788964419543655443]
[14:33:39.543][MXC][I]raw dispatch ts:[113232621513663,113232621514006]
[14:33:39.543][MXC][I]dispatch ts translate ret [1788964419543678663, 1788964419543682093]
[14:33:39.543][MXC][I]raw dispatch ts:[113232621514281,113232621514583]
[14:33:39.543][MXC][I]dispatch ts translate ret [1788964419543684843, 1788964419543687863]
[14:33:39.543][MXC][I]raw dispatch ts:[113232621521025,113232621521734]
[14:33:39.543][MXC][I]dispatch ts translate ret [1788964419543752256, 1788964419543759343]
[14:33:39.544][MXC][I]raw dispatch ts:[113232621524416,113232621525747]
[14:33:39.544][MXC][I]dispatch ts translate ret [1788964419543786150, 1788964419543799453]
[14:33:39.544][MXC][I]raw dispatch ts:[113232621526037,113232621527293]
[14:33:39.544][MXC][I]dispatch ts translate ret [1788964419543802352, 1788964419543814906]
[14:33:39.544][MXC][I]raw dispatch ts:[113232621527575,113232621529400]
[14:33:39.544][MXC][I]dispatch ts translate ret [1788964419543817724, 1788964419543835965]
[14:33:39.544][MXC][I]raw dispatch ts:[113232621532048,113232621533092]
[14:33:39.544][MXC][I]dispatch ts translate ret [1788964419543862432, 1788964419543872867]
[14:33:39.544][MXC][I]raw dispatch ts:[113232621533381,113232621534549]
[14:33:39.544][MXC][I]dispatch ts translate ret [1788964419543875756, 1788964419543887430]
[14:33:39.544][MCBLASLT][I]set_workspace is called ! user allocated size: 67108864B = 64.000000MB
[14:33:39.544][MCBLAS][I]mcblasSgemmStridedBatched 1 0 32 16 128 128 128 32 256 4096 2048 512 1.000000 0.000000
[14:33:39.544][MCBLASLT][I]Kernsel found best solution: Kernel name: mcblas__Mck_sgemm_full_1m1n1k_xt_fp32_fp32_fp32_sb_tn_0_256_64x32_0, slt:0, swap:0, ksplit:0
[14:33:39.544][MCBLASLT][I]module get function mcblas__Mck_sgemm_full_1m1n1k_xt_fp32_fp32_fp32_sb_tn_0_256_64x32_0 successed
[14:33:39.544][MCBLASLT][I]mcModuleLaunchKernel successed, ret = 0
[14:33:39.544][MXC][I]raw dispatch ts:[113232621541476,113232621542026]
[14:33:39.544][MXC][I]dispatch ts translate ret [1788964419543956665, 1788964419543962162]
[14:33:39.544][MXC][I]raw dispatch ts:[113232621544408,113232621544783]
[14:33:39.544][MXC][I]dispatch ts translate ret [1788964419543985971, 1788964419543989719]
[14:33:39.544][MCR][I]mc_memory.cpp            :1671: copy strategy - H2DCpuCopy:0,D2HCpuCopy:0,cpuCopy:0,d2dCrossDevices:0,pageableHToDAsync:0
[14:33:39.544][MCR][I]mc_memory.cpp            :1672: copy strategy - isAsync:0,waitComplete:0
[14:33:39.544][MXC][I]raw dispatch ts:[113232621545062,113232621545326]
[14:33:39.544][MXC][I]dispatch ts translate ret [1788964419543992507, 1788964419543995146]
[14:33:39.544][MXC][I]raw dispatch ts:[113232621572682,113232621572824]
[14:33:39.544][MXC][I]dispatch ts translate ret [1788964419544268760, 1788964419544270180]
[14:33:39.544][MXC][I]raw dispatch ts:[113232621545594,113232621546059]
[14:33:39.544][MXC][I]dispatch ts translate ret [1788964419543997876, 1788964419544002526]
[14:33:39.544][MXC][I]raw async_copy ts:[68735687561324,68735687572867]
[14:33:39.544][MXC][I]sdma_ts_.sdma_counter:68734697685926
[14:33:39.544][MXC][I]DNOCfreq:900000000, async_copy ts translate ret [1788964419819254786, 1788964419819267611]
[14:33:39.544][MXC][I]raw dispatch ts:[113232621548433,113232621548843]
[14:33:39.544][MXC][I]dispatch ts translate ret [1788964419544026267, 1788964419544030367]
[14:33:39.544][MXC][I]raw dispatch ts:[113232621549122,113232621549475]
[14:33:39.544][MXC][I]dispatch ts translate ret [1788964419544033157, 1788964419544036687]
[14:33:39.544][MXC][I]raw dispatch ts:[113232621549745,113232621550033]
[14:33:39.544][MXC][I]dispatch ts translate ret [1788964419544039387, 1788964419544042267]
[14:33:39.544][MXC][I]raw dispatch ts:[113232621550309,113232621550485]
[14:33:39.544][MXC][I]dispatch ts translate ret [1788964419544045027, 1788964419544046787]
[14:33:39.544][MCBLASLT][I]set_workspace is called ! user allocated size: 67108864B = 64.000000MB
[14:33:39.544][MCBLAS][I]mcblasSgemmStridedBatched 0 0 128 16 32 128 32 128 256 4096 512 2048 1.000000 0.000000
[14:33:39.544][MCBLASLT][I]Kernsel found best solution: Kernel name: mcblas__Mck_sgemm_full_1m1n1k_xt_fp32_fp32_fp32_sb_nn_0_256_64x32_0, slt:0, swap:0, ksplit:0
[14:33:39.544][MCBLASLT][I]module get function mcblas__Mck_sgemm_full_1m1n1k_xt_fp32_fp32_fp32_sb_nn_0_256_64x32_0 successed
[14:33:39.544][MCBLASLT][I]mcModuleLaunchKernel successed, ret = 0
[14:33:39.544][MXC][I]raw dispatch ts:[113232621550748,113232621551474]
[14:33:39.544][MXC][I]dispatch ts translate ret [1788964419544049417, 1788964419544056677]
[14:33:39.544][MXC][I]raw dispatch ts:[113232621555259,113232621555561]
[14:33:39.544][MXC][I]dispatch ts translate ret [1788964419544094528, 1788964419544097548]
[14:33:39.544][MCR][I]mc_memory.cpp            :1671: copy strategy - H2DCpuCopy:0,D2HCpuCopy:0,cpuCopy:0,d2dCrossDevices:0,pageableHToDAsync:0
[14:33:39.544][MCR][I]mc_memory.cpp            :1672: copy strategy - isAsync:0,waitComplete:0
[14:33:39.544][MXC][I]raw dispatch ts:[113232621555846,113232621556381]
[14:33:39.544][MXC][I]dispatch ts translate ret [1788964419544100398, 1788964419544105748]
[14:33:39.544][MXC][I]raw dispatch ts:[113232621592440,113232621592751]
[14:33:39.544][MXC][I]dispatch ts translate ret [1788964419544466352, 1788964419544469462]
[14:33:39.544][MXC][I]raw dispatch ts:[113232621556663,113232621557973]
[14:33:39.544][MXC][I]dispatch ts translate ret [1788964419544108570, 1788964419544121670]
[14:33:39.544][MXC][I]raw async_copy ts:[68735687801179,68735687823102]
[14:33:39.544][MXC][I]sdma_ts_.sdma_counter:68734697685926
[14:33:39.544][MXC][I]DNOCfreq:900000000, async_copy ts translate ret [1788964419819521291, 1788964419819545649]
[14:33:39.544][MXC][I]raw dispatch ts:[113232621558256,113232621559511]
[14:33:39.544][MXC][I]dispatch ts translate ret [1788964419544124500, 1788964419544137050]
[14:33:39.544][MXC][I]raw dispatch ts:[113232621562512,113232621564378]
[14:33:39.544][MXC][I]dispatch ts translate ret [1788964419544167060, 1788964419544185720]
[14:33:39.544][MXC][I]raw dispatch ts:[113232621564672,113232621568467]
[14:33:39.544][MXC][I]dispatch ts translate ret [1788964419544188660, 1788964419544226610]
[14:33:39.544][MXC][I]raw dispatch ts:[113232621571464,113232621571805]
[14:33:39.544][MXC][I]dispatch ts translate ret [1788964419544256580, 1788964419544259990]
[14:33:39.544][MXC][I]raw dispatch ts:[113232621572104,113232621572408]
[14:33:39.544][MXC][I]dispatch ts translate ret [1788964419544262980, 1788964419544266020]
[14:33:39.544][MXC][I]raw dispatch ts:[113232621577992,113232621578675]
[14:33:39.544][MXC][I]dispatch ts translate ret [1788964419544321863, 1788964419544328694]
[14:33:39.544][MXC][I]raw dispatch ts:[113232621581468,113232621582806]
[14:33:39.544][MXC][I]dispatch ts translate ret [1788964419544356625, 1788964419544370006]
[14:33:39.544][MXC][I]raw dispatch ts:[113232621583086,113232621584480]
[14:33:39.544][MXC][I]dispatch ts translate ret [1788964419544372806, 1788964419544386747]
[14:33:39.544][MXC][I]raw dispatch ts:[113232621584761,113232621586437]
[14:33:39.544][MXC][I]dispatch ts translate ret [1788964419544389557, 1788964419544406318]
[14:33:39.544][MXC][I]raw dispatch ts:[113232621589504,113232621590557]
[14:33:39.544][MXC][I]dispatch ts translate ret [1788964419544436990, 1788964419544447521]
[14:33:39.544][MXC][I]raw dispatch ts:[113232621590846,113232621592164]
[14:33:39.544][MXC][I]dispatch ts translate ret [1788964419544450411, 1788964419544463592]
[14:33:39.544][MCBLASLT][I]set_workspace is called ! user allocated size: 67108864B = 64.000000MB
[14:33:39.544][MCBLAS][I]mcblasSgemmStridedBatched 1 0 32 16 128 128 128 32 256 4096 2048 512 1.000000 0.000000
[14:33:39.544][MCBLASLT][I]Kernsel found best solution: Kernel name: mcblas__Mck_sgemm_full_1m1n1k_xt_fp32_fp32_fp32_sb_tn_0_256_64x32_0, slt:0, swap:0, ksplit:0
[14:33:39.544][MCBLASLT][I]module get function mcblas__Mck_sgemm_full_1m1n1k_xt_fp32_fp32_fp32_sb_tn_0_256_64x32_0 successed
[14:33:39.544][MCBLASLT][I]mcModuleLaunchKernel successed, ret = 0
[14:33:39.544][MXC][I]raw dispatch ts:[113232621598928,113232621599451]
[14:33:39.544][MXC][I]dispatch ts translate ret [1788964419544531235, 1788964419544536465]
[14:33:39.544][MXC][I]raw dispatch ts:[113232621602174,113232621602550]
[14:33:39.544][MXC][I]dispatch ts translate ret [1788964419544563697, 1788964419544567457]
[14:33:39.544][MCR][I]mc_memory.cpp            :1671: copy strategy - H2DCpuCopy:0,D2HCpuCopy:0,cpuCopy:0,d2dCrossDevices:0,pageableHToDAsync:0
[14:33:39.544][MCR][I]mc_memory.cpp            :1672: copy strategy - isAsync:0,waitComplete:0
[14:33:39.544][MXC][I]raw dispatch ts:[113232621602836,113232621603089]
[14:33:39.544][MXC][I]dispatch ts translate ret [1788964419544570317, 1788964419544572847]
[14:33:39.544][MXC][I]raw dispatch ts:[113232621630167,113232621630306]
[14:33:39.544][MXC][I]dispatch ts translate ret [1788964419544843682, 1788964419544845073]
[14:33:39.544][MXC][I]raw dispatch ts:[113232621603370,113232621603834]
[14:33:39.544][MXC][I]dispatch ts translate ret [1788964419544575669, 1788964419544580310]
[14:33:39.544][MXC][I]raw async_copy ts:[68735688257514,68735688269099]
[14:33:39.544][MXC][I]sdma_ts_.sdma_counter:68734697685926
[14:33:39.544][MXC][I]DNOCfreq:900000000, async_copy ts translate ret [1788964419820028330, 1788964419820041202]
[14:33:39.544][MXC][I]raw dispatch ts:[113232621607282,113232621607731]
[14:33:39.544][MXC][I]dispatch ts translate ret [1788964419544614795, 1788964419544619286]
[14:33:39.544][MCBLASLT][I]set_workspace is called ! user allocated size: 67108864B = 64.000000MB
[14:33:39.544][MXC][I]raw dispatch ts:[113232621608010,113232621608367]
[14:33:39.544][MXC][I]dispatch ts translate ret [1788964419544622076, 1788964419544625647]
[14:33:39.544][MCBLAS][I]mcblasSgemmStridedBatched 0 0 128 16 32 128 32 128 256 4096 512 2048 1.000000 0.000000
[14:33:39.544][MCBLASLT][I]Kernsel found best solution: Kernel name: mcblas__Mck_sgemm_full_1m1n1k_xt_fp32_fp32_fp32_sb_nn_0_256_64x32_0, slt:0, swap:0, ksplit:0
[14:33:39.544][MXC][I]raw dispatch ts:[113232621608645,113232621608932]
[14:33:39.544][MXC][I]dispatch ts translate ret [1788964419544628427, 1788964419544631298]
[14:33:39.544][MCBLASLT][I]module get function mcblas__Mck_sgemm_full_1m1n1k_xt_fp32_fp32_fp32_sb_nn_0_256_64x32_0 successed
[14:33:39.544][MXC][I]raw dispatch ts:[113232621609204,113232621609380]
[14:33:39.544][MXC][I]dispatch ts translate ret [1788964419544634018, 1788964419544635779]
[14:33:39.544][MCBLASLT][I]mcModuleLaunchKernel successed, ret = 0
[14:33:39.544][MXC][I]raw dispatch ts:[113232621609642,113232621610367]
[14:33:39.544][MXC][I]dispatch ts translate ret [1788964419544638399, 1788964419544645650]
[14:33:39.544][MXC][I]raw dispatch ts:[113232621610642,113232621610848]
[14:33:39.544][MXC][I]dispatch ts translate ret [1788964419544648401, 1788964419544650461]
[14:33:39.544][MCR][I]mc_memory.cpp            :1671: copy strategy - H2DCpuCopy:0,D2HCpuCopy:0,cpuCopy:0,d2dCrossDevices:0,pageableHToDAsync:0
[14:33:39.544][MCR][I]mc_memory.cpp            :1672: copy strategy - isAsync:0,waitComplete:0
[14:33:39.545][MXC][I]raw dispatch ts:[113232621613576,113232621614111]
[14:33:39.545][MXC][I]dispatch ts translate ret [1788964419544677745, 1788964419544683096]
[14:33:39.545][MXC][I]raw dispatch ts:[113232621651034,113232621651349]
[14:33:39.545][MXC][I]dispatch ts translate ret [1788964419545052246, 1788964419545055395]
[14:33:39.545][MXC][I]raw dispatch ts:[113232621614390,113232621615711]
[14:33:39.545][MXC][I]dispatch ts translate ret [1788964419544685913, 1788964419544699123]
[14:33:39.545][MXC][I]raw async_copy ts:[68735688506092,68735688527954]
[14:33:39.545][MXC][I]sdma_ts_.sdma_counter:68734697685926
[14:33:39.545][MXC][I]DNOCfreq:900000000, async_copy ts translate ret [1788964419820304528, 1788964419820328819]
[14:33:39.545][MXC][I]raw dispatch ts:[113232621615988,113232621617125]
[14:33:39.545][MXC][I]dispatch ts translate ret [1788964419544701893, 1788964419544713263]
[14:33:39.545][MXC][I]raw dispatch ts:[113232621619979,113232621621900]
[14:33:39.545][MXC][I]dispatch ts translate ret [1788964419544741803, 1788964419544761013]
[14:33:39.545][MXC][I]raw dispatch ts:[113232621622192,113232621625989]
[14:33:39.545][MXC][I]dispatch ts translate ret [1788964419544763933, 1788964419544801903]
[14:33:39.545][MXC][I]raw dispatch ts:[113232621628950,113232621629282]
[14:33:39.545][MXC][I]dispatch ts translate ret [1788964419544831513, 1788964419544834833]
[14:33:39.545][MXC][I]raw dispatch ts:[113232621629566,113232621629882]
[14:33:39.545][MXC][I]dispatch ts translate ret [1788964419544837673, 1788964419544840833]
[14:33:39.545][MXC][I]raw dispatch ts:[113232621636343,113232621637032]
[14:33:39.545][MXC][I]dispatch ts translate ret [1788964419544905414, 1788964419544912301]
[14:33:39.545][MXC][I]raw dispatch ts:[113232621639864,113232621641348]
[14:33:39.545][MXC][I]dispatch ts translate ret [1788964419544940606, 1788964419544955438]
[14:33:39.545][MXC][I]raw dispatch ts:[113232621641802,113232621643021]
[14:33:39.545][MXC][I]dispatch ts translate ret [1788964419544959975, 1788964419544972159]
[14:33:39.545][MXC][I]raw dispatch ts:[113232621643299,113232621645076]
[14:33:39.545][MXC][I]dispatch ts translate ret [1788964419544974937, 1788964419544992698]
[14:33:39.545][MXC][I]raw dispatch ts:[113232621648099,113232621649127]
[14:33:39.545][MXC][I]dispatch ts translate ret [1788964419545022912, 1788964419545033187]
[14:33:39.545][MXC][I]raw dispatch ts:[113232621649407,113232621650709]
[14:33:39.545][MXC][I]dispatch ts translate ret [1788964419545035985, 1788964419545048998]
[14:33:39.545][MCBLASLT][I]set_workspace is called ! user allocated size: 67108864B = 64.000000MB
[14:33:39.545][MCBLAS][I]mcblasSgemmStridedBatched 1 0 32 16 128 128 128 32 256 4096 2048 512 1.000000 0.000000
[14:33:39.545][MCBLASLT][I]Kernsel found best solution: Kernel name: mcblas__Mck_sgemm_full_1m1n1k_xt_fp32_fp32_fp32_sb_tn_0_256_64x32_0, slt:0, swap:0, ksplit:0
[14:33:39.545][MCBLASLT][I]module get function mcblas__Mck_sgemm_full_1m1n1k_xt_fp32_fp32_fp32_sb_tn_0_256_64x32_0 successed
[14:33:39.545][MCBLASLT][I]mcModuleLaunchKernel successed, ret = 0
[14:33:39.545][MXC][I]raw dispatch ts:[113232621657946,113232621658466]
[14:33:39.545][MXC][I]dispatch ts translate ret [1788964419545121329, 1788964419545126526]
[14:33:39.545][MXC][I]raw dispatch ts:[113232621661199,113232621661560]
[14:33:39.545][MXC][I]dispatch ts translate ret [1788964419545153842, 1788964419545157450]
[14:33:39.545][MCR][I]mc_memory.cpp            :1671: copy strategy - H2DCpuCopy:0,D2HCpuCopy:0,cpuCopy:0,d2dCrossDevices:0,pageableHToDAsync:0
[14:33:39.545][MCR][I]mc_memory.cpp            :1672: copy strategy - isAsync:0,waitComplete:0
[14:33:39.545][MXC][I]raw dispatch ts:[113232621661835,113232621662100]
[14:33:39.545][MXC][I]dispatch ts translate ret [1788964419545160261, 1788964419545162912]
[14:33:39.545][MXC][I]raw dispatch ts:[113232621689657,113232621689799]
[14:33:39.545][MXC][I]dispatch ts translate ret [1788964419545438508, 1788964419545439928]
[14:33:39.545][MXC][I]raw dispatch ts:[113232621662430,113232621662887]
[14:33:39.545][MXC][I]dispatch ts translate ret [1788964419545166212, 1788964419545170782]
[14:33:39.545][MXC][I]raw async_copy ts:[68735688962697,68735688974278]
[14:33:39.545][MXC][I]sdma_ts_.sdma_counter:68734697685926
[14:33:39.545][MXC][I]DNOCfreq:900000000, async_copy ts translate ret [1788964419820811867, 1788964419820824734]
[14:33:39.545][MXC][I]raw dispatch ts:[113232621663173,113232621663503]
[14:33:39.545][MXC][I]dispatch ts translate ret [1788964419545173643, 1788964419545176943]
[14:33:39.545][MXC][I]raw dispatch ts:[113232621666239,113232621666692]
[14:33:39.545][MXC][I]dispatch ts translate ret [1788964419545204306, 1788964419545208836]
[14:33:39.545][MXC][I]raw dispatch ts:[113232621666977,113232621667269]
[14:33:39.545][MXC][I]dispatch ts translate ret [1788964419545211686, 1788964419545214607]
[14:33:39.545][MXC][I]raw dispatch ts:[113232621667551,113232621667721]
[14:33:39.545][MXC][I]dispatch ts translate ret [1788964419545217427, 1788964419545219127]
[14:33:39.545][MCBLASLT][I]set_workspace is called ! user allocated size: 67108864B = 64.000000MB
[14:33:39.545][MCBLAS][I]mcblasSgemmStridedBatched 0 0 128 16 32 128 32 128 256 4096 512 2048 1.000000 0.000000
[14:33:39.545][MCBLASLT][I]Kernsel found best solution: Kernel name: mcblas__Mck_sgemm_full_1m1n1k_xt_fp32_fp32_fp32_sb_nn_0_256_64x32_0, slt:0, swap:0, ksplit:0
[14:33:39.545][MCBLASLT][I]module get function mcblas__Mck_sgemm_full_1m1n1k_xt_fp32_fp32_fp32_sb_nn_0_256_64x32_0 successed
[14:33:39.545][MCBLASLT][I]mcModuleLaunchKernel successed, ret = 0
[14:33:39.545][MXC][I]raw dispatch ts:[113232621667988,113232621668726]
[14:33:39.545][MXC][I]dispatch ts translate ret [1788964419545221797, 1788964419545229178]
[14:33:39.545][MXC][I]raw dispatch ts:[113232621669016,113232621669210]
[14:33:39.545][MXC][I]dispatch ts translate ret [1788964419545232078, 1788964419545234019]
[14:33:39.545][MCR][I]mc_memory.cpp            :1671: copy strategy - H2DCpuCopy:0,D2HCpuCopy:0,cpuCopy:0,d2dCrossDevices:0,pageableHToDAsync:0
[14:33:39.545][MCR][I]mc_memory.cpp            :1672: copy strategy - isAsync:0,waitComplete:0
[14:33:39.545][MXC][I]raw dispatch ts:[113232621672188,113232621672701]
[14:33:39.545][MXC][I]dispatch ts translate ret [1788964419545263802, 1788964419545268932]
[14:33:39.545][MXC][I]raw dispatch ts:[113232621709575,113232621709892]
[14:33:39.545][MXC][I]dispatch ts translate ret [1788964419545637931, 1788964419545641105]
[14:33:39.545][MXC][I]raw dispatch ts:[113232621672982,113232621674791]
[14:33:39.545][MXC][I]dispatch ts translate ret [1788964419545271755, 1788964419545289845]
[14:33:39.545][MXC][I]raw async_copy ts:[68735689207766,68735689229734]
[14:33:39.545][MXC][I]sdma_ts_.sdma_counter:68734697685926
[14:33:39.545][MXC][I]DNOCfreq:900000000, async_copy ts translate ret [1788964419821084166, 1788964419821108574]
[14:33:39.545][MXC][I]raw dispatch ts:[113232621675067,113232621676635]
[14:33:39.545][MXC][I]dispatch ts translate ret [1788964419545292605, 1788964419545308285]
[14:33:39.545][MXC][I]raw dispatch ts:[113232621679541,113232621681389]
[14:33:39.545][MXC][I]dispatch ts translate ret [1788964419545337345, 1788964419545355825]
[14:33:39.545][MXC][I]raw dispatch ts:[113232621681673,113232621685507]
[14:33:39.545][MXC][I]dispatch ts translate ret [1788964419545358665, 1788964419545397005]
[14:33:39.545][MXC][I]raw dispatch ts:[113232621688452,113232621688796]
[14:33:39.545][MXC][I]dispatch ts translate ret [1788964419545426478, 1788964419545429922]
[14:33:39.545][MXC][I]raw dispatch ts:[113232621689070,113232621689386]
[14:33:39.545][MXC][I]dispatch ts translate ret [1788964419545432665, 1788964419545435828]
[14:33:39.545][MXC][I]raw dispatch ts:[113232621694829,113232621695518]
[14:33:39.545][MXC][I]dispatch ts translate ret [1788964419545490315, 1788964419545497213]
[14:33:39.545][MXC][I]raw dispatch ts:[113232621698278,113232621699700]
[14:33:39.545][MXC][I]dispatch ts translate ret [1788964419545524842, 1788964419545539077]
[14:33:39.545][MXC][I]raw dispatch ts:[113232621699987,113232621701274]
[14:33:39.545][MXC][I]dispatch ts translate ret [1788964419545541950, 1788964419545554834]
[14:33:39.545][MXC][I]raw dispatch ts:[113232621701559,113232621703467]
[14:33:39.545][MXC][I]dispatch ts translate ret [1788964419545557687, 1788964419545576787]
[14:33:39.545][MXC][I]raw dispatch ts:[113232621706703,113232621707702]
[14:33:39.545][MXC][I]dispatch ts translate ret [1788964419545609181, 1788964419545619181]
[14:33:39.545][MXC][I]raw dispatch ts:[113232621707993,113232621709296]
[14:33:39.545][MXC][I]dispatch ts translate ret [1788964419545622095, 1788964419545635138]
[14:33:39.545][MCBLASLT][I]set_workspace is called ! user allocated size: 67108864B = 64.000000MB
[14:33:39.545][MCBLAS][I]mcblasSgemmStridedBatched 1 0 32 16 128 128 128 32 256 4096 2048 512 1.000000 0.000000
[14:33:39.545][MCBLASLT][I]Kernsel found best solution: Kernel name: mcblas__Mck_sgemm_full_1m1n1k_xt_fp32_fp32_fp32_sb_tn_0_256_64x32_0, slt:0, swap:0, ksplit:0
[14:33:39.545][MCBLASLT][I]module get function mcblas__Mck_sgemm_full_1m1n1k_xt_fp32_fp32_fp32_sb_tn_0_256_64x32_0 successed
[14:33:39.545][MCBLASLT][I]mcModuleLaunchKernel successed, ret = 0
[14:33:39.545][MXC][I]raw dispatch ts:[113232621716143,113232621716694]
[14:33:39.545][MXC][I]dispatch ts translate ret [1788964419545703680, 1788964419545709195]
[14:33:39.545][MXC][I]raw dispatch ts:[113232621719427,113232621719808]
[14:33:39.545][MXC][I]dispatch ts translate ret [1788964419545736554, 1788964419545740368]
[14:33:39.545][MCR][I]mc_memory.cpp            :1671: copy strategy - H2DCpuCopy:0,D2HCpuCopy:0,cpuCopy:0,d2dCrossDevices:0,pageableHToDAsync:0
[14:33:39.545][MCR][I]mc_memory.cpp            :1672: copy strategy - isAsync:0,waitComplete:0
[14:33:39.545][MXC][I]raw dispatch ts:[113232621720084,113232621720349]
[14:33:39.545][MXC][I]dispatch ts translate ret [1788964419545743131, 1788964419545745784]
[14:33:39.546][MXC][I]raw dispatch ts:[113232621746787,113232621746927]
[14:33:39.546][MXC][I]dispatch ts translate ret [1788964419546009775, 1788964419546011174]
[14:33:39.546][MXC][I]raw dispatch ts:[113232621720618,113232621721080]
[14:33:39.546][MXC][I]dispatch ts translate ret [1788964419545748291, 1788964419545752907]
[14:33:39.546][MXC][I]raw async_copy ts:[68735689655937,68735689667665]
[14:33:39.546][MXC][I]sdma_ts_.sdma_counter:68734697685926
[14:33:39.546][MXC][I]DNOCfreq:900000000, async_copy ts translate ret [1788964419821582134, 1788964419821595165]
[14:33:39.546][MXC][I]raw dispatch ts:[113232621721353,113232621721680]
[14:33:39.546][MXC][I]dispatch ts translate ret [1788964419545755635, 1788964419545758902]
[14:33:39.546][MXC][I]raw dispatch ts:[113232621723728,113232621724180]
[14:33:39.546][MXC][I]dispatch ts translate ret [1788964419545779366, 1788964419545783883]
[14:33:39.546][MXC][I]raw dispatch ts:[113232621724462,113232621724751]
[14:33:39.546][MXC][I]dispatch ts translate ret [1788964419545786700, 1788964419545789588]
[14:33:39.546][MCBLASLT][I]set_workspace is called ! user allocated size: 67108864B = 64.000000MB
[14:33:39.546][MXC][I]raw dispatch ts:[113232621725025,113232621725211]
[14:33:39.546][MXC][I]dispatch ts translate ret [1788964419545792326, 1788964419545794185]
[14:33:39.546][MCBLAS][I]mcblasSgemmStridedBatched 0 0 128 16 32 128 32 128 256 4096 512 2048 1.000000 0.000000
[14:33:39.546][MCBLASLT][I]Kernsel found best solution: Kernel name: mcblas__Mck_sgemm_full_1m1n1k_xt_fp32_fp32_fp32_sb_nn_0_256_64x32_0, slt:0, swap:0, ksplit:0
[14:33:39.546][MCBLASLT][I]module get function mcblas__Mck_sgemm_full_1m1n1k_xt_fp32_fp32_fp32_sb_nn_0_256_64x32_0 successed
[14:33:39.546][MCBLASLT][I]mcModuleLaunchKernel successed, ret = 0
[14:33:39.546][MXC][I]raw dispatch ts:[113232621725482,113232621726224]
[14:33:39.546][MXC][I]dispatch ts translate ret [1788964419545796892, 1788964419545804307]
[14:33:39.546][MXC][I]raw dispatch ts:[113232621726613,113232621726808]
[14:33:39.546][MXC][I]dispatch ts translate ret [1788964419545808193, 1788964419545810142]
[14:33:39.546][MCR][I]mc_memory.cpp            :1671: copy strategy - H2DCpuCopy:0,D2HCpuCopy:0,cpuCopy:0,d2dCrossDevices:0,pageableHToDAsync:0
[14:33:39.546][MCR][I]mc_memory.cpp            :1672: copy strategy - isAsync:0,waitComplete:0
[14:33:39.546][MXC][I]raw dispatch ts:[113232621727081,113232621727586]
[14:33:39.546][MXC][I]dispatch ts translate ret [1788964419545812870, 1788964419545817916]
[14:33:39.546][MXC][I]raw dispatch ts:[113232621767343,113232621767653]
[14:33:39.546][MXC][I]dispatch ts translate ret [1788964419546215376, 1788964419546218476]
[14:33:39.546][MXC][I]raw dispatch ts:[113232621730409,113232621731809]
[14:33:39.546][MXC][I]dispatch ts translate ret [1788964419545845989, 1788964419545859989]
[14:33:39.546][MXC][I]raw async_copy ts:[68735689900713,68735689922547]
[14:33:39.546][MXC][I]sdma_ts_.sdma_counter:68734697685926
[14:33:39.546][MXC][I]DNOCfreq:900000000, async_copy ts translate ret [1788964419821854107, 1788964419821878367]
[14:33:39.546][MXC][I]raw dispatch ts:[113232621732099,113232621733375]
[14:33:39.546][MXC][I]dispatch ts translate ret [1788964419545862889, 1788964419545875649]
[14:33:39.546][MXC][I]raw dispatch ts:[113232621733848,113232621735517]
[14:33:39.546][MXC][I]dispatch ts translate ret [1788964419545880379, 1788964419545897069]
[14:33:39.546][MXC][I]raw dispatch ts:[113232621738651,113232621742591]
[14:33:39.546][MXC][I]dispatch ts translate ret [1788964419545928409, 1788964419545967809]
[14:33:39.546][MXC][I]raw dispatch ts:[113232621745524,113232621745854]
[14:33:39.546][MXC][I]dispatch ts translate ret [1788964419545997139, 1788964419546000439]
[14:33:39.546][MXC][I]raw dispatch ts:[113232621746169,113232621746496]
[14:33:39.546][MXC][I]dispatch ts translate ret [1788964419546003589, 1788964419546006859]
[14:33:39.546][MXC][I]raw dispatch ts:[113232621752640,113232621753305]
[14:33:39.546][MXC][I]dispatch ts translate ret [1788964419546068311, 1788964419546074963]
[14:33:39.546][MXC][I]raw dispatch ts:[113232621756227,113232621757864]
[14:33:39.546][MXC][I]dispatch ts translate ret [1788964419546104190, 1788964419546120564]
[14:33:39.546][MXC][I]raw dispatch ts:[113232621758229,113232621759471]
[14:33:39.546][MXC][I]dispatch ts translate ret [1788964419546124214, 1788964419546136637]
[14:33:39.546][MXC][I]raw dispatch ts:[113232621759744,113232621761475]
[14:33:39.546][MXC][I]dispatch ts translate ret [1788964419546139368, 1788964419546156682]
[14:33:39.546][MXC][I]raw dispatch ts:[113232621764546,113232621765567]
[14:33:39.546][MXC][I]dispatch ts translate ret [1788964419546187399, 1788964419546197611]
[14:33:39.546][MXC][I]raw dispatch ts:[113232621765857,113232621767067]
[14:33:39.546][MXC][I]dispatch ts translate ret [1788964419546200512, 1788964419546212615]
[14:33:39.546][MCBLASLT][I]set_workspace is called ! user allocated size: 67108864B = 64.000000MB
[14:33:39.546][MCBLAS][I]mcblasSgemmStridedBatched 1 0 32 16 128 128 128 32 256 4096 2048 512 1.000000 0.000000
[14:33:39.546][MCBLASLT][I]Kernsel found best solution: Kernel name: mcblas__Mck_sgemm_full_1m1n1k_xt_fp32_fp32_fp32_sb_tn_0_256_64x32_0, slt:0, swap:0, ksplit:0
[14:33:39.546][MCBLASLT][I]module get function mcblas__Mck_sgemm_full_1m1n1k_xt_fp32_fp32_fp32_sb_tn_0_256_64x32_0 successed
[14:33:39.546][MCBLASLT][I]mcModuleLaunchKernel successed, ret = 0
[14:33:39.546][MXC][I]raw dispatch ts:[113232621773934,113232621774495]
[14:33:39.546][MXC][I]dispatch ts translate ret [1788964419546281300, 1788964419546286911]
[14:33:39.546][MXC][I]raw dispatch ts:[113232621777242,113232621777651]
[14:33:39.546][MXC][I]dispatch ts translate ret [1788964419546314387, 1788964419546318478]
[14:33:39.546][MCR][I]mc_memory.cpp            :1671: copy strategy - H2DCpuCopy:0,D2HCpuCopy:0,cpuCopy:0,d2dCrossDevices:0,pageableHToDAsync:0
[14:33:39.546][MCR][I]mc_memory.cpp            :1672: copy strategy - isAsync:0,waitComplete:0
[14:33:39.546][MXC][I]raw dispatch ts:[113232621777940,113232621778133]
[14:33:39.546][MXC][I]dispatch ts translate ret [1788964419546321369, 1788964419546323300]
[14:33:39.546][MXC][I]raw dispatch ts:[113232621804907,113232621805025]
[14:33:39.546][MXC][I]dispatch ts translate ret [1788964419546591025, 1788964419546592205]
[14:33:39.546][MXC][I]raw dispatch ts:[113232621778412,113232621778872]
[14:33:39.546][MXC][I]dispatch ts translate ret [1788964419546326070, 1788964419546330670]
[14:33:39.546][MXC][I]raw async_copy ts:[68735690350345,68735690361998]
[14:33:39.546][MXC][I]sdma_ts_.sdma_counter:68734697685926
[14:33:39.546][MXC][I]DNOCfreq:900000000, async_copy ts translate ret [1788964419822353698, 1788964419822366645]
[14:33:39.546][MCBLASLT][I]set_workspace is called ! user allocated size: 67108864B = 64.000000MB
[14:33:39.546][MXC][I]raw dispatch ts:[113232621779147,113232621779477]
[14:33:39.546][MXC][I]dispatch ts translate ret [1788964419546333420, 1788964419546336720]
[14:33:39.546][MCBLAS][I]mcblasSgemmStridedBatched 0 0 128 16 32 128 32 128 256 4096 512 2048 1.000000 0.000000
[14:33:39.546][MCBLASLT][I]Kernsel found best solution: Kernel name: mcblas__Mck_sgemm_full_1m1n1k_xt_fp32_fp32_fp32_sb_nn_0_256_64x32_0, slt:0, swap:0, ksplit:0
[14:33:39.546][MCBLASLT][I]module get function mcblas__Mck_sgemm_full_1m1n1k_xt_fp32_fp32_fp32_sb_nn_0_256_64x32_0 successed
[14:33:39.546][MXC][I]raw dispatch ts:[113232621782382,113232621782832]
[14:33:39.546][MXC][I]dispatch ts translate ret [1788964419546365771, 1788964419546370271]
[14:33:39.546][MCBLASLT][I]mcModuleLaunchKernel successed, ret = 0
[14:33:39.546][MXC][I]raw dispatch ts:[113232621783112,113232621783404]
[14:33:39.546][MXC][I]dispatch ts translate ret [1788964419546373071, 1788964419546375991]
[14:33:39.546][MXC][I]raw dispatch ts:[113232621783679,113232621783848]
[14:33:39.546][MXC][I]dispatch ts translate ret [1788964419546378741, 1788964419546380431]
[14:33:39.546][MXC][I]raw dispatch ts:[113232621784332,113232621785058]
[14:33:39.546][MXC][I]dispatch ts translate ret [1788964419546385271, 1788964419546392531]
[14:33:39.546][MXC][I]raw dispatch ts:[113232621785336,113232621785528]
[14:33:39.546][MXC][I]dispatch ts translate ret [1788964419546395311, 1788964419546397231]
[14:33:39.546][MCR][I]mc_memory.cpp            :1671: copy strategy - H2DCpuCopy:0,D2HCpuCopy:0,cpuCopy:0,d2dCrossDevices:0,pageableHToDAsync:0
[14:33:39.546][MCR][I]mc_memory.cpp            :1672: copy strategy - isAsync:0,waitComplete:0
[14:33:39.546][MXC][I]raw dispatch ts:[113232621785793,113232621786328]
[14:33:39.546][MXC][I]dispatch ts translate ret [1788964419546399881, 1788964419546405231]
[14:33:39.546][MXC][I]raw dispatch ts:[113232621826429,113232621826736]
[14:33:39.546][MXC][I]dispatch ts translate ret [1788964419546806245, 1788964419546809315]
[14:33:39.546][MXC][I]raw dispatch ts:[113232621786607,113232621787876]
[14:33:39.546][MXC][I]dispatch ts translate ret [1788964419546408025, 1788964419546420715]
[14:33:39.546][MXC][I]raw async_copy ts:[68735690612389,68735690634258]
[14:33:39.546][MXC][I]sdma_ts_.sdma_counter:68734697685926
[14:33:39.546][MXC][I]DNOCfreq:900000000, async_copy ts translate ret [1788964419822644858, 1788964419822669156]
[14:33:39.546][MXC][I]raw dispatch ts:[113232621790795,113232621792147]
[14:33:39.546][MXC][I]dispatch ts translate ret [1788964419546449905, 1788964419546463425]
[14:33:39.546][MXC][I]raw dispatch ts:[113232621792440,113232621794157]
[14:33:39.546][MXC][I]dispatch ts translate ret [1788964419546466355, 1788964419546483525]
[14:33:39.546][MXC][I]raw dispatch ts:[113232621797134,113232621801015]
[14:33:39.546][MXC][I]dispatch ts translate ret [1788964419546513295, 1788964419546552105]
[14:33:39.546][MXC][I]raw dispatch ts:[113232621801305,113232621801538]
[14:33:39.546][MXC][I]dispatch ts translate ret [1788964419546555005, 1788964419546557335]
[14:33:39.546][MXC][I]raw dispatch ts:[113232621804312,113232621804601]
[14:33:39.546][MXC][I]dispatch ts translate ret [1788964419546585075, 1788964419546587965]
[14:33:39.546][MXC][I]raw dispatch ts:[113232621811511,113232621812181]
[14:33:39.546][MXC][I]dispatch ts translate ret [1788964419546657065, 1788964419546663765]
[14:33:39.546][MXC][I]raw dispatch ts:[113232621815011,113232621816474]
[14:33:39.546][MXC][I]dispatch ts translate ret [1788964419546692065, 1788964419546706695]
[14:33:39.546][MXC][I]raw dispatch ts:[113232621816758,113232621818160]
[14:33:39.546][MXC][I]dispatch ts translate ret [1788964419546709535, 1788964419546723555]
[14:33:39.546][MXC][I]raw dispatch ts:[113232621818439,113232621820411]
[14:33:39.546][MXC][I]dispatch ts translate ret [1788964419546726345, 1788964419546746065]
[14:33:39.546][MXC][I]raw dispatch ts:[113232621823473,113232621824538]
[14:33:39.546][MXC][I]dispatch ts translate ret [1788964419546776685, 1788964419546787335]
[14:33:39.546][MXC][I]raw dispatch ts:[113232621824820,113232621826161]
[14:33:39.546][MXC][I]dispatch ts translate ret [1788964419546790155, 1788964419546803565]
[14:33:39.546][MCBLASLT][I]set_workspace is called ! user allocated size: 67108864B = 64.000000MB
[14:33:39.547][MCBLAS][I]mcblasSgemmStridedBatched 1 0 32 16 128 128 128 32 256 4096 2048 512 1.000000 0.000000
[14:33:39.547][MCBLASLT][I]Kernsel found best solution: Kernel name: mcblas__Mck_sgemm_full_1m1n1k_xt_fp32_fp32_fp32_sb_tn_0_256_64x32_0, slt:0, swap:0, ksplit:0
[14:33:39.547][MCBLASLT][I]module get function mcblas__Mck_sgemm_full_1m1n1k_xt_fp32_fp32_fp32_sb_tn_0_256_64x32_0 successed
[14:33:39.547][MCBLASLT][I]mcModuleLaunchKernel successed, ret = 0
[14:33:39.547][MXC][I]raw dispatch ts:[113232621833249,113232621833809]
[14:33:39.547][MXC][I]dispatch ts translate ret [1788964419546874445, 1788964419546880045]
[14:33:39.547][MXC][I]raw dispatch ts:[113232621836532,113232621836894]
[14:33:39.547][MXC][I]dispatch ts translate ret [1788964419546907275, 1788964419546910895]
[14:33:39.547][MCR][I]mc_memory.cpp            :1671: copy strategy - H2DCpuCopy:0,D2HCpuCopy:0,cpuCopy:0,d2dCrossDevices:0,pageableHToDAsync:0
[14:33:39.547][MCR][I]mc_memory.cpp            :1672: copy strategy - isAsync:0,waitComplete:0
[14:33:39.547][MXC][I]raw dispatch ts:[113232621837181,113232621837450]
[14:33:39.547][MXC][I]dispatch ts translate ret [1788964419546913746, 1788964419546916436]
[14:33:39.547][MXC][I]raw dispatch ts:[113232621861685,113232621861820]
[14:33:39.547][MXC][I]dispatch ts translate ret [1788964419547158738, 1788964419547160088]
[14:33:39.547][MXC][I]raw dispatch ts:[113232621837727,113232621838190]
[14:33:39.547][MXC][I]dispatch ts translate ret [1788964419546919205, 1788964419546923835]
[14:33:39.547][MXC][I]raw async_copy ts:[68735691030389,68735691042074]
[14:33:39.547][MXC][I]sdma_ts_.sdma_counter:68734697685926
[14:33:39.547][MXC][I]DNOCfreq:900000000, async_copy ts translate ret [1788964419823109303, 1788964419823122286]
[14:33:39.547][MCBLASLT][I]set_workspace is called ! user allocated size: 67108864B = 64.000000MB
[14:33:39.547][MXC][I]raw dispatch ts:[113232621838649,113232621838970]
[14:33:39.547][MXC][I]dispatch ts translate ret [1788964419546928424, 1788964419546931633]
[14:33:39.547][MCBLAS][I]mcblasSgemmStridedBatched 0 0 128 16 32 128 32 128 256 4096 512 2048 1.000000 0.000000
[14:33:39.547][MCBLASLT][I]Kernsel found best solution: Kernel name: mcblas__Mck_sgemm_full_1m1n1k_xt_fp32_fp32_fp32_sb_nn_0_256_64x32_0, slt:0, swap:0, ksplit:0
[14:33:39.547][MCBLASLT][I]module get function mcblas__Mck_sgemm_full_1m1n1k_xt_fp32_fp32_fp32_sb_nn_0_256_64x32_0 successed
[14:33:39.547][MXC][I]raw dispatch ts:[113232621841686,113232621842141]
[14:33:39.547][MXC][I]dispatch ts translate ret [1788964419546958788, 1788964419546963337]
[14:33:39.547][MCBLASLT][I]mcModuleLaunchKernel successed, ret = 0
[14:33:39.547][MXC][I]raw dispatch ts:[113232621842427,113232621842717]
[14:33:39.547][MXC][I]dispatch ts translate ret [1788964419546966196, 1788964419546969096]
[14:33:39.547][MXC][I]raw dispatch ts:[113232621843001,113232621843187]
[14:33:39.547][MXC][I]dispatch ts translate ret [1788964419546971935, 1788964419546973795]
[14:33:39.547][MXC][I]raw dispatch ts:[113232621843462,113232621844182]
[14:33:39.547][MXC][I]dispatch ts translate ret [1788964419546976544, 1788964419546983743]
[14:33:39.547][MXC][I]raw dispatch ts:[113232621844602,113232621844798]
[14:33:39.547][MXC][I]dispatch ts translate ret [1788964419546987942, 1788964419546989902]
[14:33:39.547][MCR][I]mc_memory.cpp            :1671: copy strategy - H2DCpuCopy:0,D2HCpuCopy:0,cpuCopy:0,d2dCrossDevices:0,pageableHToDAsync:0
[14:33:39.547][MCR][I]mc_memory.cpp            :1672: copy strategy - isAsync:0,waitComplete:0
[14:33:39.547][MXC][I]raw dispatch ts:[113232621845104,113232621845614]
[14:33:39.547][MXC][I]dispatch ts translate ret [1788964419546992961, 1788964419546998060]
[14:33:39.547][MXC][I]raw dispatch ts:[113232621882594,113232621882776]
[14:33:39.547][MXC][I]dispatch ts translate ret [1788964419547367957, 1788964419547369778]
[14:33:39.547][MXC][I]raw dispatch ts:[113232621845950,113232621847189]
[14:33:39.547][MXC][I]dispatch ts translate ret [1788964419547001399, 1788964419547013789]
[14:33:39.693][MXC][I]raw dispatch ts:[113232621849767,113232621851169]
[14:33:39.693][MXC][I]dispatch ts translate ret [1788964419547039569, 1788964419547053589]
[14:33:39.693][MXC][I]raw dispatch ts:[113232621851452,113232621853309]
[14:33:39.693][MXC][I]dispatch ts translate ret [1788964419547056419, 1788964419547074989]
[14:33:39.693][MCR][W]mx_command.cpp           :1883: HW exec timestamp will be adjusted!!!
[14:33:39.693][MCR][W]mx_command.cpp           :1885: floor:1788964419522514460, start:1788964419522527744, end:1788964419790312960, ceiling:1788964419693936129
[14:33:39.693][MCR][W]mx_command.cpp           :1883: HW exec timestamp will be adjusted!!!
[14:33:39.693][MCR][W]mx_command.cpp           :1885: floor:1788964419528676899, start:1788964419528689664, end:1788964419798514944, ceiling:1788964419693955230
[14:33:39.693][MCR][W]mx_command.cpp           :1883: HW exec timestamp will be adjusted!!!
[14:33:39.693][MCR][W]mx_command.cpp           :1885: floor:1788964419529390766, start:1788964419529422336, end:1788964419799473408, ceiling:1788964419693980117
[14:33:39.693][MCR][W]mx_command.cpp           :1883: HW exec timestamp will be adjusted!!!
[14:33:39.693][MCR][W]mx_command.cpp           :1885: floor:1788964419529677847, start:1788964419529714176, end:1788964419799884032, ceiling:1788964419693993954
[14:33:39.694][MCR][W]mx_command.cpp           :1883: HW exec timestamp will be adjusted!!!
[14:33:39.694][MCR][W]mx_command.cpp           :1885: floor:1788964419530188345, start:1788964419530218496, end:1788964419800532480, ceiling:1788964419694020354
[14:33:39.694][MCR][W]mx_command.cpp           :1883: HW exec timestamp will be adjusted!!!
[14:33:39.694][MCR][W]mx_command.cpp           :1885: floor:1788964419530419461, start:1788964419530460160, end:1788964419800867328, ceiling:1788964419694034473
[14:33:39.694][MCR][W]mx_command.cpp           :1883: HW exec timestamp will be adjusted!!!
[14:33:39.694][MCR][W]mx_command.cpp           :1885: floor:1788964419530850873, start:1788964419530885888, end:1788964419801423872, ceiling:1788964419694058748
[14:33:39.694][MCR][W]mx_command.cpp           :1883: HW exec timestamp will be adjusted!!!
[14:33:39.694][MCR][W]mx_command.cpp           :1885: floor:1788964419531040186, start:1788964419531081728, end:1788964419801699072, ceiling:1788964419694071858
[14:33:39.694][MCR][W]mx_command.cpp           :1883: HW exec timestamp will be adjusted!!!
[14:33:39.694][MCR][W]mx_command.cpp           :1885: floor:1788964419531464621, start:1788964419531502848, end:1788964419802248448, ceiling:1788964419694093557
[14:33:39.694][MCR][W]mx_command.cpp           :1883: HW exec timestamp will be adjusted!!!
[14:33:39.694][MCR][W]mx_command.cpp           :1885: floor:1788964419531652805, start:1788964419531695616, end:1788964419802518016, ceiling:1788964419694105301
[14:33:39.694][MCR][W]mx_command.cpp           :1883: HW exec timestamp will be adjusted!!!
[14:33:39.694][MCR][W]mx_command.cpp           :1885: floor:1788964419532062404, start:1788964419532104704, end:1788964419803049728, ceiling:1788964419694125424
[14:33:39.694][MCR][W]mx_command.cpp           :1883: HW exec timestamp will be adjusted!!!
[14:33:39.694][MCR][W]mx_command.cpp           :1885: floor:1788964419532267690, start:1788964419532318720, end:1788964419803346944, ceiling:1788964419694138109
[14:33:39.694][MCR][W]mx_command.cpp           :1883: HW exec timestamp will be adjusted!!!
[14:33:39.694][MCR][W]mx_command.cpp           :1885: floor:1788964419532671786, start:1788964419532696064, end:1788964419803837952, ceiling:1788964419694158457
[14:33:39.694][MCR][W]mx_command.cpp           :1883: HW exec timestamp will be adjusted!!!
[14:33:39.694][MCR][W]mx_command.cpp           :1885: floor:1788964419532859817, start:1788964419532910592, end:1788964419804139520, ceiling:1788964419694170906
[14:33:39.694][MCR][W]mx_command.cpp           :1883: HW exec timestamp will be adjusted!!!
[14:33:39.694][MCR][W]mx_command.cpp           :1885: floor:1788964419533250994, start:1788964419533289984, end:1788964419804629760, ceiling:1788964419694191194
[14:33:39.694][MCR][W]mx_command.cpp           :1883: HW exec timestamp will be adjusted!!!
[14:33:39.694][MCR][W]mx_command.cpp           :1885: floor:1788964419533459027, start:1788964419533513216, end:1788964419804940288, ceiling:1788964419694202864
[14:33:39.694][MCR][W]mx_command.cpp           :1883: HW exec timestamp will be adjusted!!!
[14:33:39.694][MCR][W]mx_command.cpp           :1885: floor:1788964419533867735, start:1788964419533906432, end:1788964419805450240, ceiling:1788964419694223613
[14:33:39.694][MCR][W]mx_command.cpp           :1883: HW exec timestamp will be adjusted!!!
[14:33:39.694][MCR][W]mx_command.cpp           :1885: floor:1788964419534050229, start:1788964419534094592, end:1788964419805719040, ceiling:1788964419694233767
[14:33:39.694][MCR][W]mx_command.cpp           :1883: HW exec timestamp will be adjusted!!!
[14:33:39.694][MCR][W]mx_command.cpp           :1885: floor:1788964419534433647, start:1788964419534472704, end:1788964419806206464, ceiling:1788964419694254083
[14:33:39.694][MCR][W]mx_command.cpp           :1883: HW exec timestamp will be adjusted!!!
[14:33:39.694][MCR][W]mx_command.cpp           :1885: floor:1788964419534621281, start:1788964419534667008, end:1788964419806482176, ceiling:1788964419694265678
[14:33:39.694][MCR][W]mx_command.cpp           :1883: HW exec timestamp will be adjusted!!!
[14:33:39.694][MCR][W]mx_command.cpp           :1885: floor:1788964419535005173, start:1788964419535047936, end:1788964419806976256, ceiling:1788964419694285164
[14:33:39.694][MCR][W]mx_command.cpp           :1883: HW exec timestamp will be adjusted!!!
[14:33:39.694][MCR][W]mx_command.cpp           :1885: floor:1788964419535194977, start:1788964419535259648, end:1788964419807272960, ceiling:1788964419694300009
[14:33:39.694][MCR][W]mx_command.cpp           :1883: HW exec timestamp will be adjusted!!!
[14:33:39.694][MCR][W]mx_command.cpp           :1885: floor:1788964419535567279, start:1788964419535616256, end:1788964419807733504, ceiling:1788964419694320090
[14:33:39.694][MCR][W]mx_command.cpp           :1883: HW exec timestamp will be adjusted!!!
[14:33:39.694][MCR][W]mx_command.cpp           :1885: floor:1788964419535787547, start:1788964419535842304, end:1788964419808044032, ceiling:1788964419694332937
[14:33:39.694][MCR][W]mx_command.cpp           :1883: HW exec timestamp will be adjusted!!!
[14:33:39.694][MCR][W]mx_command.cpp           :1885: floor:1788964419536217178, start:1788964419536254720, end:1788964419808581632, ceiling:1788964419694352336
[14:33:39.694][MCR][W]mx_command.cpp           :1883: HW exec timestamp will be adjusted!!!
[14:33:39.694][MCR][W]mx_command.cpp           :1885: floor:1788964419536404206, start:1788964419536446208, end:1788964419808856320, ceiling:1788964419694364748
[14:33:39.694][MCR][W]mx_command.cpp           :1883: HW exec timestamp will be adjusted!!!
[14:33:39.694][MCR][W]mx_command.cpp           :1885: floor:1788964419536791960, start:1788964419536826112, end:1788964419809343232, ceiling:1788964419694384852
[14:33:39.694][MCR][W]mx_command.cpp           :1883: HW exec timestamp will be adjusted!!!
[14:33:39.694][MCR][W]mx_command.cpp           :1885: floor:1788964419536976758, start:1788964419537018880, end:1788964419809616128, ceiling:1788964419694394378
[14:33:39.694][MCR][W]mx_command.cpp           :1883: HW exec timestamp will be adjusted!!!
[14:33:39.694][MCR][W]mx_command.cpp           :1885: floor:1788964419537366181, start:1788964419537395712, end:1788964419810106112, ceiling:1788964419694414664
[14:33:39.694][MCR][W]mx_command.cpp           :1883: HW exec timestamp will be adjusted!!!
[14:33:39.694][MCR][W]mx_command.cpp           :1885: floor:1788964419537549247, start:1788964419537591040, end:1788964419810385664, ceiling:1788964419694424650
[14:33:39.694][MCR][W]mx_command.cpp           :1883: HW exec timestamp will be adjusted!!!
[14:33:39.694][MCR][W]mx_command.cpp           :1885: floor:1788964419537928882, start:1788964419537976576, end:1788964419810877952, ceiling:1788964419694445674
[14:33:39.694][MCR][W]mx_command.cpp           :1883: HW exec timestamp will be adjusted!!!
[14:33:39.694][MCR][W]mx_command.cpp           :1885: floor:1788964419538128572, start:1788964419538189312, end:1788964419811172608, ceiling:1788964419694456518
[14:33:39.694][MCR][W]mx_command.cpp           :1883: HW exec timestamp will be adjusted!!!
[14:33:39.694][MCR][W]mx_command.cpp           :1885: floor:1788964419538523238, start:1788964419538569728, end:1788964419811669248, ceiling:1788964419694477737
[14:33:39.694][MCR][W]mx_command.cpp           :1883: HW exec timestamp will be adjusted!!!
[14:33:39.694][MCR][W]mx_command.cpp           :1885: floor:1788964419538724449, start:1788964419538782464, end:1788964419811968000, ceiling:1788964419694488124
[14:33:39.694][MCR][W]mx_command.cpp           :1883: HW exec timestamp will be adjusted!!!
[14:33:39.694][MCR][W]mx_command.cpp           :1885: floor:1788964419539117171, start:1788964419539162880, end:1788964419812461824, ceiling:1788964419694507829
[14:33:39.694][MCR][W]mx_command.cpp           :1883: HW exec timestamp will be adjusted!!!
[14:33:39.694][MCR][W]mx_command.cpp           :1885: floor:1788964419539296973, start:1788964419539380736, end:1788964419812762368, ceiling:1788964419694517958
[14:33:39.694][MCR][W]mx_command.cpp           :1883: HW exec timestamp will be adjusted!!!
[14:33:39.694][MCR][W]mx_command.cpp           :1885: floor:1788964419539668410, start:1788964419539738880, end:1788964419813229568, ceiling:1788964419694537710
[14:33:39.694][MCR][W]mx_command.cpp           :1883: HW exec timestamp will be adjusted!!!
[14:33:39.694][MCR][W]mx_command.cpp           :1885: floor:1788964419539877158, start:1788964419539945216, end:1788964419813524480, ceiling:1788964419694552700
[14:33:39.694][MCR][W]mx_command.cpp           :1883: HW exec timestamp will be adjusted!!!
[14:33:39.694][MCR][W]mx_command.cpp           :1885: floor:1788964419540268897, start:1788964419540299264, end:1788964419813976064, ceiling:1788964419694573604
[14:33:39.694][MCR][W]mx_command.cpp           :1883: HW exec timestamp will be adjusted!!!
[14:33:39.694][MCR][W]mx_command.cpp           :1885: floor:1788964419540452017, start:1788964419540517376, end:1788964419814278400, ceiling:1788964419694583561
[14:33:39.694][MCR][W]mx_command.cpp           :1883: HW exec timestamp will be adjusted!!!
[14:33:39.694][MCR][W]mx_command.cpp           :1885: floor:1788964419540827256, start:1788964419540869376, end:1788964419814736896, ceiling:1788964419694603431
[14:33:39.694][MCR][W]mx_command.cpp           :1883: HW exec timestamp will be adjusted!!!
[14:33:39.694][MCR][W]mx_command.cpp           :1885: floor:1788964419540997633, start:1788964419541059072, end:1788964419815001856, ceiling:1788964419694614660
[14:33:39.694][MCR][W]mx_command.cpp           :1883: HW exec timestamp will be adjusted!!!
[14:33:39.694][MCR][W]mx_command.cpp           :1885: floor:1788964419541369885, start:1788964419541416448, end:1788964419815464448, ceiling:1788964419694634660
[14:33:39.694][MCR][W]mx_command.cpp           :1883: HW exec timestamp will be adjusted!!!
[14:33:39.694][MCR][W]mx_command.cpp           :1885: floor:1788964419541547806, start:1788964419541633792, end:1788964419815766272, ceiling:1788964419694645341
[14:33:39.694][MCR][W]mx_command.cpp           :1883: HW exec timestamp will be adjusted!!!
[14:33:39.694][MCR][W]mx_command.cpp           :1885: floor:1788964419541919420, start:1788964419541988096, end:1788964419816226560, ceiling:1788964419694664584
[14:33:39.694][MCR][W]mx_command.cpp           :1883: HW exec timestamp will be adjusted!!!
[14:33:39.694][MCR][W]mx_command.cpp           :1885: floor:1788964419542117138, start:1788964419542196992, end:1788964419816520960, ceiling:1788964419694675228
[14:33:39.694][MCR][W]mx_command.cpp           :1883: HW exec timestamp will be adjusted!!!
[14:33:39.694][MCR][W]mx_command.cpp           :1885: floor:1788964419542494680, start:1788964419542548736, end:1788964419816979456, ceiling:1788964419694694643
[14:33:39.694][MCR][W]mx_command.cpp           :1883: HW exec timestamp will be adjusted!!!
[14:33:39.694][MCR][W]mx_command.cpp           :1885: floor:1788964419542676633, start:1788964419542742016, end:1788964419817248512, ceiling:1788964419694705169
[14:33:39.694][MCR][W]mx_command.cpp           :1883: HW exec timestamp will be adjusted!!!
[14:33:39.694][MCR][W]mx_command.cpp           :1885: floor:1788964419543070664, start:1788964419543117568, end:1788964419817733632, ceiling:1788964419694724066
[14:33:39.694][MCR][W]mx_command.cpp           :1883: HW exec timestamp will be adjusted!!!
[14:33:39.694][MCR][W]mx_command.cpp           :1885: floor:1788964419543258397, start:1788964419543311104, end:1788964419818005504, ceiling:1788964419694733981
[14:33:39.694][MCR][W]mx_command.cpp           :1883: HW exec timestamp will be adjusted!!!
[14:33:39.694][MCR][W]mx_command.cpp           :1885: floor:1788964419543653554, start:1788964419543690496, end:1788964419818500352, ceiling:1788964419694752388
[14:33:39.694][MCR][W]mx_command.cpp           :1883: HW exec timestamp will be adjusted!!!
[14:33:39.694][MCR][W]mx_command.cpp           :1885: floor:1788964419543839800, start:1788964419543890176, end:1788964419818779904, ceiling:1788964419694762461
[14:33:39.694][MCR][W]mx_command.cpp           :1883: HW exec timestamp will be adjusted!!!
[14:33:39.694][MCR][W]mx_command.cpp           :1885: floor:1788964419544231364, start:1788964419544268800, end:1788964419819267584, ceiling:1788964419694782475
[14:33:39.694][MCR][W]mx_command.cpp           :1883: HW exec timestamp will be adjusted!!!
[14:33:39.694][MCR][W]mx_command.cpp           :1885: floor:1788964419544422193, start:1788964419544466432, end:1788964419819545600, ceiling:1788964419694795353
[14:33:39.694][MCR][W]mx_command.cpp           :1883: HW exec timestamp will be adjusted!!!
[14:33:39.694][MCR][W]mx_command.cpp           :1885: floor:1788964419544798764, start:1788964419544843776, end:1788964419820041216, ceiling:1788964419694814395
[14:33:39.694][MCR][W]mx_command.cpp           :1883: HW exec timestamp will be adjusted!!!
[14:33:39.694][MCR][W]mx_command.cpp           :1885: floor:1788964419544999390, start:1788964419545052160, end:1788964419820328704, ceiling:1788964419694824319
[14:33:39.694][MCR][W]mx_command.cpp           :1883: HW exec timestamp will be adjusted!!!
[14:33:39.694][MCR][W]mx_command.cpp           :1885: floor:1788964419545400338, start:1788964419545438464, end:1788964419820824832, ceiling:1788964419694843126
[14:33:39.694][MCR][W]mx_command.cpp           :1883: HW exec timestamp will be adjusted!!!
[14:33:39.694][MCR][W]mx_command.cpp           :1885: floor:1788964419545589540, start:1788964419545637888, end:1788964419821108480, ceiling:1788964419694853514
[14:33:39.694][MCR][W]mx_command.cpp           :1883: HW exec timestamp will be adjusted!!!
[14:33:39.694][MCR][W]mx_command.cpp           :1885: floor:1788964419545974688, start:1788964419546009856, end:1788964419821595136, ceiling:1788964419694872201
[14:33:39.694][MCR][W]mx_command.cpp           :1883: HW exec timestamp will be adjusted!!!
[14:33:39.694][MCR][W]mx_command.cpp           :1885: floor:1788964419546149876, start:1788964419546215424, end:1788964419821878272, ceiling:1788964419694881667
[14:33:39.694][MCR][W]mx_command.cpp           :1883: HW exec timestamp will be adjusted!!!
[14:33:39.694][MCR][W]mx_command.cpp           :1885: floor:1788964419546532116, start:1788964419546590976, end:1788964419822366720, ceiling:1788964419694902263
[14:33:39.694][MCR][W]mx_command.cpp           :1883: HW exec timestamp will be adjusted!!!
[14:33:39.694][MCR][W]mx_command.cpp           :1885: floor:1788964419546723732, start:1788964419546806272, end:1788964419822669056, ceiling:1788964419694912638
[14:33:39.694][MXC][I]raw dispatch ts:[113232621853585,113232621857379]
[14:33:39.694][MXC][I]dispatch ts translate ret [1788964419547077749, 1788964419547115694]
[14:33:39.694][MXC][I]raw dispatch ts:[113232621860470,113232621860812]
[14:33:39.694][MXC][I]dispatch ts translate ret [1788964419547146618, 1788964419547150039]
[14:33:39.694][MXC][I]raw dispatch ts:[113232621861107,113232621861411]
[14:33:39.694][MXC][I]dispatch ts translate ret [1788964419547152991, 1788964419547156032]
[14:33:39.694][MCR][W]mx_command.cpp           :1883: HW exec timestamp will be adjusted!!!
[14:33:39.694][MCR][W]mx_command.cpp           :1885: floor:1788964419547101244, start:1788964419547158784, end:1788964419823122176, ceiling:1788964419694939536
[14:33:39.694][MXC][I]raw dispatch ts:[113232621867925,113232621868604]
[14:33:39.694][MXC][I]dispatch ts translate ret [1788964419547221201, 1788964419547227994]
[14:33:39.694][MXC][I]raw dispatch ts:[113232621871523,113232621872997]
[14:33:39.694][MXC][I]dispatch ts translate ret [1788964419547257198, 1788964419547271944]
[14:33:39.694][MXC][I]raw dispatch ts:[113232621873282,113232621874517]
[14:33:39.694][MXC][I]dispatch ts translate ret [1788964419547274796, 1788964419547287151]
[14:33:39.694][MXC][I]raw dispatch ts:[113232621874802,113232621876480]
[14:33:39.694][MXC][I]dispatch ts translate ret [1788964419547290002, 1788964419547306790]
[14:33:39.694][MXC][I]raw dispatch ts:[113232621876765,113232621877754]
[14:33:39.694][MXC][I]dispatch ts translate ret [1788964419547309641, 1788964419547319536]
[14:33:39.694][MXC][I]raw dispatch ts:[113232621880785,113232621882115]
[14:33:39.694][MXC][I]dispatch ts translate ret [1788964419547349859, 1788964419547363165]
[14:33:39.694][MXC][I]raw async_copy ts:[68735691285799,68735691307852]
[14:33:39.694][MXC][I]sdma_ts_.sdma_counter:68734697685926
[14:33:39.694][MXC][I]DNOCfreq:900000000, async_copy ts translate ret [1788964419823393091, 1788964419823417594]
[14:33:39.694][MCR][W]mx_command.cpp           :1883: HW exec timestamp will be adjusted!!!
[14:33:39.694][MCR][W]mx_command.cpp           :1885: floor:1788964419547275651, start:1788964419547367936, end:1788964419823417600, ceiling:1788964419694970812
[14:33:39.694][MXC][I]raw dispatch ts:[113232636526732,113232636534868]
[14:33:39.694][MXC][I]dispatch ts translate ret [1788964419693809922, 1788964419693891282]
[14:33:39.700][MCR][I]mc_memory.cpp            :1671: copy strategy - H2DCpuCopy:0,D2HCpuCopy:0,cpuCopy:0,d2dCrossDevices:0,pageableHToDAsync:0
[14:33:39.700][MCR][I]mc_memory.cpp            :1672: copy strategy - isAsync:0,waitComplete:0
[14:33:39.700][MXC][I]raw dispatch ts:[113232636786953,113232636793009]
[14:33:39.700][MXC][I]dispatch ts translate ret [1788964419696412124, 1788964419696472683]
[14:33:39.700][MXC][I]raw dispatch ts:[113232637167222,113232637167314]
[14:33:39.700][MXC][I]dispatch ts translate ret [1788964419700214779, 1788964419700215699]
[14:33:39.700][MXC][I]raw dispatch ts:[113232636802363,113232636807314]
[14:33:39.700][MXC][I]dispatch ts translate ret [1788964419696566223, 1788964419696615732]
[14:33:39.700][MXC][I]raw async_copy ts:[68735874697883,68735874699589]
[14:33:39.700][MXC][I]sdma_ts_.sdma_counter:68734697685926
[14:33:39.700][MXC][I]DNOCfreq:900000000, async_copy ts translate ret [1788964420027184296, 1788964420027186191]
[14:33:39.700][MXC][I]raw dispatch ts:[113232636836973,113232636841868]
[14:33:39.700][MXC][I]dispatch ts translate ret [1788964419696912319, 1788964419696961269]
[14:33:39.700][MXC][I]raw dispatch ts:[113232636848936,113232636853905]
[14:33:39.700][MXC][I]dispatch ts translate ret [1788964419697031948, 1788964419697081638]
[14:33:39.700][MXC][I]raw dispatch ts:[113232636857149,113232636863981]
[14:33:39.700][MXC][I]dispatch ts translate ret [1788964419697114078, 1788964419697182397]
[14:33:39.700][MXC][I]raw dispatch ts:[113232636864307,113232636869014]
[14:33:39.700][MXC][I]dispatch ts translate ret [1788964419697185657, 1788964419697232727]
[14:33:39.700][MXC][I]raw dispatch ts:[113232636872756,113232636877601]
[14:33:39.700][MXC][I]dispatch ts translate ret [1788964419697270146, 1788964419697318596]
[14:33:39.700][MXC][I]raw dispatch ts:[113232636877980,113232636881831]
[14:33:39.700][MXC][I]dispatch ts translate ret [1788964419697322386, 1788964419697360896]
[14:33:39.700][MXC][I]raw dispatch ts:[113232636885421,113232636889410]
[14:33:39.700][MXC][I]dispatch ts translate ret [1788964419697396795, 1788964419697436685]
[14:33:39.700][MXC][I]raw dispatch ts:[113232636889789,113232636893544]
[14:33:39.700][MXC][I]dispatch ts translate ret [1788964419697440475, 1788964419697478024]
[14:33:39.700][MXC][I]raw dispatch ts:[113232636896177,113232636902230]
[14:33:39.700][MXC][I]dispatch ts translate ret [1788964419697504354, 1788964419697564884]
[14:33:39.700][MXC][I]raw dispatch ts:[113232636902707,113232636906326]
[14:33:39.700][MXC][I]dispatch ts translate ret [1788964419697569654, 1788964419697605843]
[14:33:39.700][MXC][I]raw dispatch ts:[113232636908964,113232636912571]
[14:33:39.700][MXC][I]dispatch ts translate ret [1788964419697632223, 1788964419697668293]
[14:33:39.700][MXC][I]raw dispatch ts:[113232636919806,113232636920218]
[14:33:39.700][MXC][I]dispatch ts translate ret [1788964419697740642, 1788964419697744762]
[14:33:39.700][MXC][I]raw dispatch ts:[113232637152867,113232637156199]
[14:33:39.700][MXC][I]dispatch ts translate ret [1788964419700071232, 1788964419700104551]
[14:33:39.700][MCR][W]mx_command.cpp           :1883: HW exec timestamp will be adjusted!!!
[14:33:39.700][MCR][W]mx_command.cpp           :1885: floor:1788964419700193137, start:1788964419700214784, end:1788964420027186176, ceiling:1788964419700315330
[14:33:39.702][MCR][I]mc_memory.cpp            :1671: copy strategy - H2DCpuCopy:0,D2HCpuCopy:0,cpuCopy:0,d2dCrossDevices:0,pageableHToDAsync:0
[14:33:39.702][MCR][I]mc_memory.cpp            :1672: copy strategy - isAsync:0,waitComplete:0
[14:33:39.702][MXC][I]raw dispatch ts:[113232637419095,113232637419188]
[14:33:39.702][MXC][I]dispatch ts translate ret [1788964419702733574, 1788964419702734504]
[14:33:39.702][MXC][I]raw async_copy ts:[68735877718910,68735877720836]
[14:33:39.702][MXC][I]sdma_ts_.sdma_counter:68734697685926
[14:33:39.702][MXC][I]DNOCfreq:900000000, async_copy ts translate ret [1788964420030540993, 1788964420030543133]
[14:33:39.702][MXC][I]raw dispatch ts:[113232637190466,113232637197355]
[14:33:39.702][MXC][I]dispatch ts translate ret [1788964419700447227, 1788964419700516118]
[14:33:39.702][MXC][I]raw dispatch ts:[113232637200229,113232637204808]
[14:33:39.702][MXC][I]dispatch ts translate ret [1788964419700544859, 1788964419700590650]
[14:33:39.702][MXC][I]raw dispatch ts:[113232637207536,113232637207887]
[14:33:39.702][MXC][I]dispatch ts translate ret [1788964419700617931, 1788964419700621441]
[14:33:39.702][MXC][I]raw dispatch ts:[113232637412409,113232637416544]
[14:33:39.702][MXC][I]dispatch ts translate ret [1788964419702666713, 1788964419702708064]
[14:33:39.702][MCR][W]mx_command.cpp           :1883: HW exec timestamp will be adjusted!!!
[14:33:39.702][MCR][W]mx_command.cpp           :1885: floor:1788964419702713850, start:1788964419702733568, end:1788964420030543104, ceiling:1788964419702781154
[14:33:39.704][MXC][I]raw dispatch ts:[113232637515842,113232637524477]
[14:33:39.704][MXC][I]dispatch ts translate ret [1788964419703701053, 1788964419703787404]
[14:33:39.704][MXC][I]raw dispatch ts:[113232637527370,113232637535512]
[14:33:39.704][MXC][I]dispatch ts translate ret [1788964419703816334, 1788964419703897755]
[14:33:39.704][MXC][I]raw dispatch ts:[113232637535803,113232637543973]
[14:33:39.704][MXC][I]dispatch ts translate ret [1788964419703900665, 1788964419703982365]
[14:33:39.704][MXC][I]raw dispatch ts:[113232637546580,113232637554727]
[14:33:39.704][MXC][I]dispatch ts translate ret [1788964419704008436, 1788964419704089906]
[14:33:39.704][MXC][I]raw dispatch ts:[113232637555020,113232637563102]
[14:33:39.704][MXC][I]dispatch ts translate ret [1788964419704092836, 1788964419704173657]
[14:33:39.704][MXC][I]raw dispatch ts:[113232637563416,113232637571535]
[14:33:39.704][MXC][I]dispatch ts translate ret [1788964419704176797, 1788964419704257988]
[14:33:39.704][MXC][I]raw dispatch ts:[113232637571812,113232637579962]
[14:33:39.704][MXC][I]dispatch ts translate ret [1788964419704260758, 1788964419704342259]
[14:33:39.704][MXC][I]raw dispatch ts:[113232637582519,113232637590588]
[14:33:39.704][MXC][I]dispatch ts translate ret [1788964419704367829, 1788964419704448520]
[14:33:39.704][MXC][I]raw dispatch ts:[113232637590870,113232637598938]
[14:33:39.704][MXC][I]dispatch ts translate ret [1788964419704451340, 1788964419704532020]
[14:33:39.704][MXC][I]raw dispatch ts:[113232637599213,113232637607295]
[14:33:39.704][MXC][I]dispatch ts translate ret [1788964419704534770, 1788964419704615591]
[14:33:39.705][MXC][I]raw dispatch ts:[113232637632506,113232637650641]
[14:33:39.705][MXC][I]dispatch ts translate ret [1788964419704867704, 1788964419705049056]
[14:33:39.708][MXC][I]raw dispatch ts:[113232638007397,113232638015503]
[14:33:39.708][MXC][I]dispatch ts translate ret [1788964419708616638, 1788964419708697698]
[info] MctxStreamProfilerCountDataGet Loop
[14:33:40.412][MCR][I]mc_device.cpp            :1002: tearDown enter!

[14:33:40.412][MCR][I]mx_device.cpp            :1578: deleting hardware queue 0x7fda06c0b000 with refCount 0
[14:33:40.412][MCR][I]mx_device.cpp            :1601: number of allocated hardware queues 0-0-0(H-N-L), number of users 0-0-0
[14:33:40.413][MXC][I]~GpuDevice: Entering
[14:33:40.414][MCTX][I]mcRpcAsyncImpl.cpp       :550 : callback mcRpcAsyncDone!
[14:33:40.414][PTI][I]mcpti_tracer.hpp         :309 : stopProcessThread
[14:33:40.414][MCTX][I]mcRpcAsyncImpl.cpp       :491 : mcRpcServerAsync TearDown!
[14:33:40.414][MCTX][I]server.cpp               :116 : Server will tearDown[3].
[14:33:40.416][MCTX][I]mcRpcAsyncImpl.cpp       :250 : ProfilerCountDataGet the last msg:[
{
"ISU" : {
"43" : {
"dpcId0" : [
4385906614287,
4383889820288,
4384378542322,
4382526498056,
4382077758961,
4380545850696,
4379758420560,
4378430014430,
4378579248501,
4376552328116,
4376628184413,
4373991260469,
4376513380088
],
"dpcId1" : [
4386301630379,
4384461640371,
4384692503226,
4382287100623,
4382066265377,
4380650565030,
4380158220033,
4378816060250,
4379347950463,
4377202160098,
4377188639732,
4374633395287,
4376689603712
],
"dpcId2" : [
4385695355605,
4383487440410,
4383743884206,
4381765600663,
4381021433843,
4379682611306,
4378813784673,
4377733753722,
4377254814903,
4375630610108,
[info] MctxStreamProfilerCountDataGet Loop
4375891585752,
4373400501302,
4375116415008
],
"dpcId3" : [
4385765830954,
4383762465410,
4384008046027,
4382373084102,
4381768261942,
4380048532076,
4379841186039,
4378582313564,
4377863742663,
4375736874734,
4375996615309,
4373578521409,
4374947162958
],
"dpcId4" : [
4385340683398,
4383248650930,
4383885973308,
4382248168307,
4381557717688,
4379948665076,
4379[14:33:40.427][MCTX][I]server.cpp               :348 : HandleRpcs exit. thread_no=[0].
[14:33:41.427][MCTX][I]server.cpp               :89  : Server Shutdown!
[14:33:41.427][MCTX][I]mcRpcAsyncImpl.cpp       :477 : mcRpcServerAsyncRun stop
[14:33:41.514][MCTX][I]mctxTPImpl.cpp           :433 : clear port.
[warning] get_srvrpc_port get rpc server ports failed: cannot retrieve rpc server port.
[warning] get_srvrpc_port get rpc server ports failed: cannot retrieve rpc server port.
[warning] get_srvrpc_port get rpc server ports failed: cannot retrieve rpc server port.
[warning] get_srvrpc_port get rpc server ports failed: cannot retrieve rpc server port.
[warning] get_srvrpc_port get rpc server ports failed: cannot retrieve rpc server port.
[warning] get_srvrpc_port get rpc server ports failed: cannot retrieve rpc server port.
[warning] get_srvrpc_port get rpc server ports failed: cannot retrieve rpc server port.
[warning] get_srvrpc_port get rpc server ports failed: cannot retrieve rpc server port.
[warning] get_srvrpc_port get rpc server ports failed: cannot retrieve rpc server port.

[warning] get_srvrpc_port get rpc server ports failed: cannot retrieve rpc server port.
[warning] get_srvrpc_port get rpc server ports failed: cannot retrieve rpc server port.
[warning] get_srvrpc_port get rpc server ports failed: cannot retrieve rpc server port.
[warning] get_srvrpc_port get rpc server ports failed: cannot retrieve rpc server port.
Loading tilelang libs from dev root: /opt/tilelang-metax-v0.1.10/build
[14:33:52.850][MXS][W]| MCTX_TARGET_INIT               | 1               | 0               |
[14:33:52.853][MCR][I]mc_device.cpp            :562 : Signal SIGUSR1 now has a custom handler to enable mctx at runtime!
[14:33:52.853][MCR][I]mc_device.cpp            :309 : mcSnapShotCtx: Attempting to open shared memory: /shm_snapshot_187733
mctxAutoStart called!
[14:33:52.853][MCTX][I]mctxTPImpl.cpp           :201 : MACA configuration file path redirected from ${MACA_PATH}/etc to MACA_ETC_PATH
[14:33:52.853][MCTX][I]mctxTPImpl.cpp           :201 : MACA configuration file path redirected from ${MACA_PATH}/etc to MACA_ETC_PATH
[14:33:52.853][MCTX][I]mctxTPImpl.cpp           :300 : profiler target ENV file[/data/nsa_codex_20260909_r1/results/profile128_d128/mcProfiler.json] exist!
[14:33:52.853][MCR][I]mc_device.cpp            :849 : Init enter!
[14:33:52.853][MXC][I]MxcInit: entering
[14:33:52.857][MXKW][I]topology.c              :1358: [topology_sysfs_get_system_props]PlatformCpuNodes:2 ,num_sysfs_nodes:23
[14:33:52.857][MXKW][I]topology.c              :283 : [get_directory_socket_id]fscanf path:/sys/devices/virtual/mxcd/mxcd/layout/nodes/2/gpu_id,res: 0,errno:1
[14:33:52.857][MXKW][W]topology.c              :1424: [topology_sysfs_get_system_props]err_node_num is 1,ret is 0,is_node_supported is 0
[14:33:52.857][MXKW][I]topology.c              :283 : [get_directory_socket_id]fscanf path:/sys/devices/virtual/mxcd/mxcd/layout/nodes/3/gpu_id,res: 0,errno:1
[14:33:52.857][MXKW][W]topology.c              :1424: [topology_sysfs_get_system_props]err_node_num is 2,ret is 0,is_node_supported is 0
[14:33:52.857][MXKW][I]topology.c              :283 : [get_directory_socket_id]fscanf path:/sys/devices/virtual/mxcd/mxcd/layout/nodes/4/gpu_id,res: 0,errno:1
[14:33:52.857][MXKW][W]topology.c              :1424: [topology_sysfs_get_system_props]err_node_num is 3,ret is 0,is_node_supported is 0
[14:33:52.857][MXKW][I]topology.c              :283 : [get_directory_socket_id]fscanf path:/sys/devices/virtual/mxcd/mxcd/layout/nodes/5/gpu_id,res: 0,errno:1
[14:33:52.857][MXKW][W]topology.c              :1424: [topology_sysfs_get_system_props]err_node_num is 4,ret is 0,is_node_supported is 0
[14:33:52.857][MXKW][I]topology.c              :283 : [get_directory_socket_id]fscanf path:/sys/devices/virtual/mxcd/mxcd/layout/nodes/6/gpu_id,res: 0,errno:1
[14:33:52.857][MXKW][W]topology.c              :1424: [topology_sysfs_get_system_props]err_node_num is 5,ret is 0,is_node_supported is 0
[14:33:52.857][MXKW][I]topology.c              :283 : [get_directory_socket_id]fscanf path:/sys/devices/virtual/mxcd/mxcd/layout/nodes/7/gpu_id,res: 0,errno:1
[14:33:52.857][MXKW][W]topology.c              :1424: [topology_sysfs_get_system_props]err_node_num is 6,ret is 0,is_node_supported is 0
[14:33:52.857][MXKW][I]topology.c              :283 : [get_directory_socket_id]fscanf path:/sys/devices/virtual/mxcd/mxcd/layout/nodes/8/gpu_id,res: 0,errno:1
[14:33:52.857][MXKW][W]topology.c              :1424: [topology_sysfs_get_system_props]err_node_num is 7,ret is 0,is_node_supported is 0
[14:33:52.857][MXKW][I]topology.c              :283 : [get_directory_socket_id]fscanf path:/sys/devices/virtual/mxcd/mxcd/layout/nodes/9/gpu_id,res: 0,errno:1
[14:33:52.857][MXKW][W]topology.c              :1424: [topology_sysfs_get_system_props]err_node_num is 8,ret is 0,is_node_supported is 0
[14:33:52.857][MXKW][I]topology.c              :283 : [get_directory_socket_id]fscanf path:/sys/devices/virtual/mxcd/mxcd/layout/nodes/301/gpu_id,res: 0,errno:1
[14:33:52.857][MXKW][W]topology.c              :1424: [topology_sysfs_get_system_props]err_node_num is 9,ret is 0,is_node_supported is 0
[14:33:52.857][MXKW][I]topology.c              :283 : [get_directory_socket_id]fscanf path:/sys/devices/virtual/mxcd/mxcd/layout/nodes/303/gpu_id,res: 0,errno:1
[14:33:52.857][MXKW][W]topology.c              :1424: [topology_sysfs_get_system_props]err_node_num is 10,ret is 0,is_node_supported is 0
[14:33:52.857][MXKW][I]topology.c              :283 : [get_directory_socket_id]fscanf path:/sys/devices/virtual/mxcd/mxcd/layout/nodes/304/gpu_id,res: 0,errno:1
[14:33:52.857][MXKW][W]topology.c              :1424: [topology_sysfs_get_system_props]err_node_num is 11,ret is 0,is_node_supported is 0
[14:33:52.857][MXKW][I]topology.c              :283 : [get_directory_socket_id]fscanf path:/sys/devices/virtual/mxcd/mxcd/layout/nodes/306/gpu_id,res: 0,errno:1
[14:33:52.857][MXKW][W]topology.c              :1424: [topology_sysfs_get_system_props]err_node_num is 12,ret is 0,is_node_supported is 0
[14:33:52.857][MXKW][I]topology.c              :283 : [get_directory_socket_id]fscanf path:/sys/devices/virtual/mxcd/mxcd/layout/nodes/307/gpu_id,res: 0,errno:1
[14:33:52.857][MXKW][W]topology.c              :1424: [topology_sysfs_get_system_props]err_node_num is 13,ret is 0,is_node_supported is 0
[14:33:52.857][MXKW][I]topology.c              :283 : [get_directory_socket_id]fscanf path:/sys/devices/virtual/mxcd/mxcd/layout/nodes/308/gpu_id,res: 0,errno:1
[14:33:52.857][MXKW][W]topology.c              :1424: [topology_sysfs_get_system_props]err_node_num is 14,ret is 0,is_node_supported is 0
[14:33:52.857][MXKW][I]topology.c              :283 : [get_directory_socket_id]fscanf path:/sys/devices/virtual/mxcd/mxcd/layout/nodes/309/gpu_id,res: 0,errno:1
[14:33:52.857][MXKW][W]topology.c              :1424: [topology_sysfs_get_system_props]err_node_num is 15,ret is 0,is_node_supported is 0
[14:33:52.857][MXKW][I]topology.c              :283 : [get_directory_socket_id]fscanf path:/sys/devices/virtual/mxcd/mxcd/layout/nodes/312/gpu_id,res: 0,errno:1
[14:33:52.857][MXKW][W]topology.c              :1424: [topology_sysfs_get_system_props]err_node_num is 16,ret is 0,is_node_supported is 0
[14:33:52.857][MXKW][I]topology.c              :283 : [get_directory_socket_id]fscanf path:/sys/devices/virtual/mxcd/mxcd/layout/nodes/313/gpu_id,res: 0,errno:1
[14:33:52.857][MXKW][W]topology.c              :1424: [topology_sysfs_get_system_props]err_node_num is 17,ret is 0,is_node_supported is 0
[14:33:52.857][MXKW][I]topology.c              :283 : [get_directory_socket_id]fscanf path:/sys/devices/virtual/mxcd/mxcd/layout/nodes/314/gpu_id,res: 0,errno:1
[14:33:52.857][MXKW][W]topology.c              :1424: [topology_sysfs_get_system_props]err_node_num is 18,ret is 0,is_node_supported is 0
[14:33:52.857][MXKW][I]topology.c              :283 : [get_directory_socket_id]fscanf path:/sys/devices/virtual/mxcd/mxcd/layout/nodes/315/gpu_id,res: 0,errno:1
[14:33:52.857][MXKW][W]topology.c              :1424: [topology_sysfs_get_system_props]err_node_num is 19,ret is 0,is_node_supported is 0
[14:33:52.857][MXKW][I]topology.c              :283 : [get_directory_socket_id]fscanf path:/sys/devices/virtual/mxcd/mxcd/layout/nodes/317/gpu_id,res: 0,errno:1
[14:33:52.857][MXKW][W]topology.c              :1424: [topology_sysfs_get_system_props]err_node_num is 20,ret is 0,is_node_supported is 0
[14:33:52.857][MXKW][I]topology.c              :1460: [topology_sysfs_get_system_props]cpu total 2 nodes, map list:
[14:33:52.857][MXKW][I]topology.c              :1463: [topology_sysfs_get_system_props]map_cpu[0]:0
[14:33:52.857][MXKW][I]topology.c              :1463: [topology_sysfs_get_system_props]map_cpu[1]:1
[14:33:52.857][MXKW][I]topology.c              :1465: [topology_sysfs_get_system_props]gpu total 1 nodes, map list:
[14:33:52.857][MXKW][I]topology.c              :1468: [topology_sysfs_get_system_props]map_gpu[0]:11
[14:33:52.857][MXKW][I]topology.c              :1516: [topology_sysfs_init_gpu_page_size]XCORE_PAGE_SIZE: 0x200000, GPU_PAGE_SIZE: 0x200000
[14:33:52.857][MXKW][I]topology.c              :954 : [find_pci_info]create pci_info_array. It has 23 element. directory_name is 0.
[14:33:52.857][MXKW][I]topology.c              :962 : [find_pci_info]node 0 's pci info is not found
[14:33:52.857][MXKW][I]topology.c              :911 : [read_pci_info_from_file]can't open /sys/devices/virtual/mxcd/mxcd/layout/nodes/0/location file!
[14:33:52.857][MXKW][I]topology.c              :962 : [find_pci_info]node 0 's pci info is not found
[14:33:52.857][MXKW][I]topology.c              :911 : [read_pci_info_from_file]can't open /sys/devices/virtual/mxcd/mxcd/layout/nodes/0/location file!
[14:33:52.857][MXKW][I]topology.c              :1944: [topology_sysfs_get_node_props]Device isa_major is 0, isa_minor is 0, MXName is
[14:33:52.857][MXKW][I]topology.c              :962 : [find_pci_info]node 1 's pci info is not found
[14:33:52.857][MXKW][I]topology.c              :911 : [read_pci_info_from_file]can't open /sys/devices/virtual/mxcd/mxcd/layout/nodes/1/location file!
[14:33:52.857][MXKW][I]topology.c              :962 : [find_pci_info]node 1 's pci info is not found
[14:33:52.857][MXKW][I]topology.c              :911 : [read_pci_info_from_file]can't open /sys/devices/virtual/mxcd/mxcd/layout/nodes/1/location file!
[14:33:52.857][MXKW][I]topology.c              :1944: [topology_sysfs_get_node_props]Device isa_major is 0, isa_minor is 0, MXName is
[14:33:52.857][MXKW][I]topology.c              :962 : [find_pci_info]node 302 's pci info is not found
[14:33:52.857][MXKW][I]topology.c              :984 : [add_pci_info]added node 302 pci info , bdf_value:3584, domain_value:0
[14:33:52.857][MXKW][I]topology.c              :1944: [topology_sysfs_get_node_props]Device isa_major is 10, isa_minor is 0, MXName is
[14:33:52.858][MXKW][I]fmm.c                   :2445: [init_mmap_apertures]Initialized unreserved SVM apertures: 0xa00000000 - 0x7fffffffffff
[14:33:52.858][MXKW][I]topology.c              :1358: [topology_sysfs_get_system_props]PlatformCpuNodes:2 ,num_sysfs_nodes:23
[14:33:52.858][MXKW][I]topology.c              :283 : [get_directory_socket_id]fscanf path:/sys/devices/virtual/mxcd/mxcd/layout/nodes/2/gpu_id,res: 0,errno:1
[14:33:52.858][MXKW][W]topology.c              :1424: [topology_sysfs_get_system_props]err_node_num is 1,ret is 0,is_node_supported is 0
[14:33:52.858][MXKW][I]topology.c              :283 : [get_directory_socket_id]fscanf path:/sys/devices/virtual/mxcd/mxcd/layout/nodes/3/gpu_id,res: 0,errno:1
[14:33:52.858][MXKW][W]topology.c              :1424: [topology_sysfs_get_system_props]err_node_num is 2,ret is 0,is_node_supported is 0
[14:33:52.858][MXKW][I]topology.c              :283 : [get_directory_socket_id]fscanf path:/sys/devices/virtual/mxcd/mxcd/layout/nodes/4/gpu_id,res: 0,errno:1
[14:33:52.858][MXKW][W]topology.c              :1424: [topology_sysfs_get_system_props]err_node_num is 3,ret is 0,is_node_supported is 0
[14:33:52.858][MXKW][I]topology.c              :283 : [get_directory_socket_id]fscanf path:/sys/devices/virtual/mxcd/mxcd/layout/nodes/5/gpu_id,res: 0,errno:1
[14:33:52.858][MXKW][W]topology.c              :1424: [topology_sysfs_get_system_props]err_node_num is 4,ret is 0,is_node_supported is 0
[14:33:52.858][MXKW][I]topology.c              :283 : [get_directory_socket_id]fscanf path:/sys/devices/virtual/mxcd/mxcd/layout/nodes/6/gpu_id,res: 0,errno:1
[14:33:52.858][MXKW][W]topology.c              :1424: [topology_sysfs_get_system_props]err_node_num is 5,ret is 0,is_node_supported is 0
[14:33:52.858][MXKW][I]topology.c              :283 : [get_directory_socket_id]fscanf path:/sys/devices/virtual/mxcd/mxcd/layout/nodes/7/gpu_id,res: 0,errno:1
[14:33:52.858][MXKW][W]topology.c              :1424: [topology_sysfs_get_system_props]err_node_num is 6,ret is 0,is_node_supported is 0
[14:33:52.858][MXKW][I]topology.c              :283 : [get_directory_socket_id]fscanf path:/sys/devices/virtual/mxcd/mxcd/layout/nodes/8/gpu_id,res: 0,errno:1
[14:33:52.858][MXKW][W]topology.c              :1424: [topology_sysfs_get_system_props]err_node_num is 7,ret is 0,is_node_supported is 0
[14:33:52.858][MXKW][I]topology.c              :283 : [get_directory_socket_id]fscanf path:/sys/devices/virtual/mxcd/mxcd/layout/nodes/9/gpu_id,res: 0,errno:1
[14:33:52.858][MXKW][W]topology.c              :1424: [topology_sysfs_get_system_props]err_node_num is 8,ret is 0,is_node_supported is 0
[14:33:52.858][MXKW][I]topology.c              :283 : [get_directory_socket_id]fscanf path:/sys/devices/virtual/mxcd/mxcd/layout/nodes/301/gpu_id,res: 0,errno:1
[14:33:52.858][MXKW][W]topology.c              :1424: [topology_sysfs_get_system_props]err_node_num is 9,ret is 0,is_node_supported is 0
[14:33:52.858][MXKW][I]topology.c              :283 : [get_directory_socket_id]fscanf path:/sys/devices/virtual/mxcd/mxcd/layout/nodes/303/gpu_id,res: 0,errno:1
[14:33:52.858][MXKW][W]topology.c              :1424: [topology_sysfs_get_system_props]err_node_num is 10,ret is 0,is_node_supported is 0
[14:33:52.858][MXKW][I]topology.c              :283 : [get_directory_socket_id]fscanf path:/sys/devices/virtual/mxcd/mxcd/layout/nodes/304/gpu_id,res: 0,errno:1
[14:33:52.858][MXKW][W]topology.c              :1424: [topology_sysfs_get_system_props]err_node_num is 11,ret is 0,is_node_supported is 0
[14:33:52.858][MXKW][I]topology.c              :283 : [get_directory_socket_id]fscanf path:/sys/devices/virtual/mxcd/mxcd/layout/nodes/306/gpu_id,res: 0,errno:1
[14:33:52.858][MXKW][W]topology.c              :1424: [topology_sysfs_get_system_props]err_node_num is 12,ret is 0,is_node_supported is 0
[14:33:52.858][MXKW][I]topology.c              :283 : [get_directory_socket_id]fscanf path:/sys/devices/virtual/mxcd/mxcd/layout/nodes/307/gpu_id,res: 0,errno:1
[14:33:52.858][MXKW][W]topology.c              :1424: [topology_sysfs_get_system_props]err_node_num is 13,ret is 0,is_node_supported is 0
[14:33:52.858][MXKW][I]topology.c              :283 : [get_directory_socket_id]fscanf path:/sys/devices/virtual/mxcd/mxcd/layout/nodes/308/gpu_id,res: 0,errno:1
[14:33:52.858][MXKW][W]topology.c              :1424: [topology_sysfs_get_system_props]err_node_num is 14,ret is 0,is_node_supported is 0
[14:33:52.858][MXKW][I]topology.c              :283 : [get_directory_socket_id]fscanf path:/sys/devices/virtual/mxcd/mxcd/layout/nodes/309/gpu_id,res: 0,errno:1
[14:33:52.858][MXKW][W]topology.c              :1424: [topology_sysfs_get_system_props]err_node_num is 15,ret is 0,is_node_supported is 0
[14:33:52.858][MXKW][I]topology.c              :283 : [get_directory_socket_id]fscanf path:/sys/devices/virtual/mxcd/mxcd/layout/nodes/312/gpu_id,res: 0,errno:1
[14:33:52.858][MXKW][W]topology.c              :1424: [topology_sysfs_get_system_props]err_node_num is 16,ret is 0,is_node_supported is 0
[14:33:52.858][MXKW][I]topology.c              :283 : [get_directory_socket_id]fscanf path:/sys/devices/virtual/mxcd/mxcd/layout/nodes/313/gpu_id,res: 0,errno:1
[14:33:52.858][MXKW][W]topology.c              :1424: [topology_sysfs_get_system_props]err_node_num is 17,ret is 0,is_node_supported is 0
[14:33:52.858][MXKW][I]topology.c              :283 : [get_directory_socket_id]fscanf path:/sys/devices/virtual/mxcd/mxcd/layout/nodes/314/gpu_id,res: 0,errno:1
[14:33:52.858][MXKW][W]topology.c              :1424: [topology_sysfs_get_system_props]err_node_num is 18,ret is 0,is_node_supported is 0
[14:33:52.858][MXKW][I]topology.c              :283 : [get_directory_socket_id]fscanf path:/sys/devices/virtual/mxcd/mxcd/layout/nodes/315/gpu_id,res: 0,errno:1
[14:33:52.858][MXKW][W]topology.c              :1424: [topology_sysfs_get_system_props]err_node_num is 19,ret is 0,is_node_supported is 0
[14:33:52.858][MXKW][I]topology.c              :283 : [get_directory_socket_id]fscanf path:/sys/devices/virtual/mxcd/mxcd/layout/nodes/317/gpu_id,res: 0,errno:1
[14:33:52.858][MXKW][W]topology.c              :1424: [topology_sysfs_get_system_props]err_node_num is 20,ret is 0,is_node_supported is 0
[14:33:52.858][MXKW][I]topology.c              :1460: [topology_sysfs_get_system_props]cpu total 2 nodes, map list:
[14:33:52.858][MXKW][I]topology.c              :1463: [topology_sysfs_get_system_props]map_cpu[0]:0
[14:33:52.858][MXKW][I]topology.c              :1463: [topology_sysfs_get_system_props]map_cpu[1]:1
[14:33:52.858][MXKW][I]topology.c              :1465: [topology_sysfs_get_system_props]gpu total 1 nodes, map list:
[14:33:52.858][MXKW][I]topology.c              :1468: [topology_sysfs_get_system_props]map_gpu[0]:11
[14:33:52.858][MXKW][I]topology.c              :962 : [find_pci_info]node 0 's pci info is not found
[14:33:52.858][MXKW][I]topology.c              :911 : [read_pci_info_from_file]can't open /sys/devices/virtual/mxcd/mxcd/layout/nodes/0/location file!
[14:33:52.858][MXKW][I]topology.c              :962 : [find_pci_info]node 0 's pci info is not found
[14:33:52.858][MXKW][I]topology.c              :911 : [read_pci_info_from_file]can't open /sys/devices/virtual/mxcd/mxcd/layout/nodes/0/location file!
[14:33:52.858][MXKW][I]topology.c              :1944: [topology_sysfs_get_node_props]Device isa_major is 0, isa_minor is 0, MXName is
[14:33:52.858][MXKW][I]topology.c              :2548: [topology_take_snapshot]node0 direct_links route:
[14:33:52.858][MXKW][I]topology.c              :2562: [topology_take_snapshot]link0 type:2,  0--->1
[14:33:52.858][MXKW][I]topology.c              :962 : [find_pci_info]node 1 's pci info is not found
[14:33:52.858][MXKW][I]topology.c              :911 : [read_pci_info_from_file]can't open /sys/devices/virtual/mxcd/mxcd/layout/nodes/1/location file!
[14:33:52.858][MXKW][I]topology.c              :962 : [find_pci_info]node 1 's pci info is not found
[14:33:52.858][MXKW][I]topology.c              :911 : [read_pci_info_from_file]can't open /sys/devices/virtual/mxcd/mxcd/layout/nodes/1/location file!
[14:33:52.858][MXKW][I]topology.c              :1944: [topology_sysfs_get_node_props]Device isa_major is 0, isa_minor is 0, MXName is
[14:33:52.858][MXKW][I]topology.c              :2548: [topology_take_snapshot]node1 direct_links route:
[14:33:52.858][MXKW][I]topology.c              :2562: [topology_take_snapshot]link0 type:2,  1--->0
[14:33:52.858][MXKW][I]topology.c              :2573: [topology_take_snapshot]node1 indirect_links route:
[14:33:52.859][MXKW][I]topology.c              :1944: [topology_sysfs_get_node_props]Device isa_major is 10, isa_minor is 0, MXName is
[14:33:52.861][MXC][I]MxcInit: leaving
[14:33:52.861][MXC][I]InitDma: Entering
[14:33:52.861][MXC][I]InitDma: Leaving
[14:33:52.862][MCR][I]mx_device.cpp            :2294: Device xcore1000 create, major:10, minor:0
[14:33:52.862][MCR][I]mx_device.cpp            :2795: private_mem:436207616, info_.globalMemSize_:16341008384, gpu_single_alloc_percent:0.990000
[14:33:52.862][MCR][I]mx_device.cpp            :2865: get registersPerMtreg_:64,info_dpcNum_:8,info_wavePerDpc_:416, wavefrontWidth_:64
[14:33:52.862][MCR][I]mx_device.cpp            :3042: rmNum_:8, isuNum_:13, sl1Num_:7, vlsNum_:13, vl1Num_:13, l2cNum_:32, l2aNum_:4, l2xNum_:4

[14:33:52.862][MCR][I]mx_device.cpp            :1091: getQueueCnt hwQueueNum:16
[14:33:52.862][MCR][I]mx_device.cpp            :1153: agent_handle=0x563b5e9291d0,hardware queues number:16, queue count configuration: 8-4-4(H-N-L), highForMccl:0
[14:33:52.862][MCR][I]mx_device.cpp            :2445: Device xcore1000 create fininshed!

[14:33:52.862][MCR][I]mx_device.cpp            :2294: Device xcore1000 create, major:10, minor:0
[14:33:52.862][MCR][I]mx_device.cpp            :2795: private_mem:436207616, info_.globalMemSize_:16341008384, gpu_single_alloc_percent:0.990000
[14:33:52.862][MCR][I]mx_device.cpp            :2865: get registersPerMtreg_:64,info_dpcNum_:8,info_wavePerDpc_:416, wavefrontWidth_:64
[14:33:52.862][MCR][I]mx_device.cpp            :3042: rmNum_:8, isuNum_:13, sl1Num_:7, vlsNum_:13, vl1Num_:13, l2cNum_:32, l2aNum_:4, l2xNum_:4

[14:33:52.863][MCR][I]mx_device.cpp            :1091: getQueueCnt hwQueueNum:16
[14:33:52.863][MCR][I]mx_device.cpp            :1153: agent_handle=0x563b5e9291d0,hardware queues number:16, queue count configuration: 8-4-4(H-N-L), highForMccl:0
[14:33:52.863][MCR][I]mx_device.cpp            :2445: Device xcore1000 create fininshed!

[14:33:52.863][MCR][I]mc_vpu_impl.cpp          :80  : mcVpuLoad mxvpu lib version: 1.0.20260512_081136

[14:33:52.863][MCR][I]mc_vpu_impl.cpp          :86  : mcVpuLoad load mxvpu lib path: /opt/maca-3.7.1/lib/libmxvpu.so

[14:33:52.863][MCC][I]AddDevice device_id:0, arch:xcore1000
[14:33:52.863][MCC][I]Get compiler from environment variable MACA_PATH: /opt/maca/mxgpu_llvm/bin.
[warning] get_srvrpc_port get rpc server ports failed: cannot retrieve rpc server port.
[warning] get_srvrpc_port get rpc server ports failed: cannot retrieve rpc server port.
[warning] get_srvrpc_port get rpc server ports failed: cannot retrieve rpc server port.
[warning] get_srvrpc_port get rpc server ports failed: cannot retrieve rpc server port.
[warning] get_srvrpc_port get rpc server ports failed: cannot retrieve rpc server port.
[warning] get_srvrpc_port get rpc server ports failed: cannot retrieve rpc server port.
[warning] get_srvrpc_port get rpc server ports failed: cannot retrieve rpc server port.
[warning] get_srvrpc_port get rpc server ports failed: cannot retrieve rpc server port.
[warning] get_srvrpc_port get rpc server ports failed: cannot retrieve rpc server port.
[warning] get_srvrpc_port get rpc server ports failed: cannot retrieve rpc server port.
[warning] get_srvrpc_port get rpc server ports failed: cannot retrieve rpc server port.
[warning] get_srvrpc_port get rpc server ports failed: cannot retrieve rpc server port.
[warning] get_srvrpc_port get rpc server ports failed: cannot retrieve rpc server port.
[warning] get_srvrpc_port get rpc server ports failed: cannot retrieve rpc server port.
[warning] get_srvrpc_port get rpc server ports failed: cannot retrieve rpc server port.
[warning] get_srvrpc_port get rpc server ports failed: cannot retrieve rpc server port.
[warning] get_srvrpc_port get rpc server ports failed: cannot retrieve rpc server port.
[warning] get_srvrpc_port get rpc server ports failed: cannot retrieve rpc server port.
[warning] get_srvrpc_port get rpc server ports failed: cannot retrieve rpc server port.
[warning] get_srvrpc_port get rpc server ports failed: cannot retrieve rpc server port.
[warning] get_srvrpc_port get rpc server ports failed: cannot retrieve rpc server port.
[warning] get_srvrpc_port get rpc server ports failed: cannot retrieve rpc server port.
[14:34:14.788][MXS][I]                    Node0     Node1
[14:34:14.788][MXS][I]Gpu0                X
[14:34:14.788][MXS][I]CpuBind             X         X
get_mempolicy: Operation not permitted
[14:34:14.788][MXS][I]MemBind             X         X
[warning] get_srvrpc_port get rpc server ports failed: cannot retrieve rpc server port.
[14:34:15.574][MXS][I]mcruntime           3%        97%
[warning] get_srvrpc_port get rpc server ports failed: cannot retrieve rpc server port.
[14:34:16.358][MXS][I]mccompiler          10%       90%
[14:34:17.138][MXS][I]mxc-runtime         3%        97%
[warning] get_srvrpc_port get rpc server ports failed: cannot retrieve rpc server port.
[14:34:17.927][MXS][I]mxkw                3%        97%
[14:34:17.927][PTI][I]mcpti_profiler.cpp       :618 : getModuleInfo:1,8,13,7,13,13,32,4,4

[14:34:17.929][MCR][I]mx_device.cpp            :5792: agent_handle=0x563b5e9291d0
[14:34:17.930][MCR][I]mx_device.cpp            :1446: created hardware queue 0x7fa0c880b000(HWq=0x7f9cdc001a90) with size 1024 with priority 0(L), cooperative: 0, is_exclusive: 0
[14:34:17.930][MCR][I]mx_device.cpp            :1458: number of allocated hardware queues 0-0-1(H-N-L), number of users 0-0-1
[14:34:17.936][MCR][W]mx_perf_counter.cpp      :568 : Perf is not exclusive, can not be disabled!
[14:34:17.941][MCTX][I]mctxTPImpl.cpp           :186 : Automatically acquire a port.
[14:34:17.941][MCTX][I]mcRpcAsyncImpl.cpp       :421 : mcRpcServerAsyncInit 0x563b5e914560 0
[14:34:17.942][MCTX][I]mcRpcAsyncImpl.cpp       :500 : mcRpcAsyncServerTask start!
[14:34:17.942][MCTX][I]mcRpcAsyncImpl.cpp       :472 : mcRpcServerAsyncRun start
[14:34:17.942][MCTX][I]server.cpp               :69  : Server thread num: 1, listening on: 35209.
[info] MctxStreamProfilerCountDataGet Start
[info] MctxStreamProfilerCountDataGet Loop
mcToolsExtPid_UsedPort:187733-35209
[14:34:23.169][MCR][I]mc_memory.cpp            :1671: copy strategy - H2DCpuCopy:0,D2HCpuCopy:0,cpuCopy:0,d2dCrossDevices:0,pageableHToDAsync:0
[14:34:23.169][MCR][I]mc_memory.cpp            :1672: copy strategy - isAsync:0,waitComplete:1
[14:34:23.169][MXC][I]GpuDevice 0x5e9291d0 enable profiling, sdm_counter:68788037387253, sys_time:1788964463169332106
[14:34:23.169][MXC][I]raw dispatch ts:[113236984065883,113236984065977]
[14:34:23.169][MXC][I]dispatch ts translate ret [1788964463169384995, 1788964463169385935]
[14:34:23.169][MXC][I]raw async_copy ts:[68788037592676,68788037598198]
[14:34:23.169][MXC][I]sdma_ts_.sdma_counter:68788037387253
[14:34:23.169][MXC][I]DNOCfreq:900000000, async_copy ts translate ret [1788964463169560353, 1788964463169566488]
[14:34:23.169][MXC][I]raw dispatch ts:[113236975016678,113236975032421]
[14:34:23.169][MXC][I]dispatch ts translate ret [1788964463078892608, 1788964463079050039]
[14:34:23.169][MXC][I]raw dispatch ts:[113236975035700,113236975038077]
[14:34:23.169][MXC][I]dispatch ts translate ret [1788964463079082829, 1788964463079106599]
[14:34:23.169][MXC][I]raw dispatch ts:[113236975038345,113236975040639]
[14:34:23.169][MXC][I]dispatch ts translate ret [1788964463079109279, 1788964463079132219]
[14:34:23.194][MCBLASLT][I]The handle of mcBlas/mcBlasLt is not thread-safe and cannot be shared across threads.
[14:34:23.194][MCBLASLT][I]Looking for the module path
[14:34:23.195][MCBLASLT][I]found mcblaslt lib path: /opt/maca-3.7.1/lib
[14:34:23.449][MCBLASLT][I]load module mcblas_xcore1000.mcfb successed
[14:34:23.449][MCBLASLT][I]xcore_major_ : 10, xcore_minor_ : 0, page_size_: 2097152
[14:34:23.687][MCBLASLT][I]Kernsel: Succeed init xcore_major: 10 with ap num: 104 !
[14:34:23.688][MCBLASLT][I]Kernsel: Kernsel not set MCBLAS_CUSTOMIZED_CONFIG_PATH
[14:34:23.688][MCBLASLT][I]xcore_major_ : 10, xcore_minor_ : 0, page_size_: 2097152
[14:34:23.946][MCBLASLT][I]Gemv Kernsel: Succeed init xcore_major: 10 with ap num: 104 !
[14:34:23.946][MCBLASLT][I]Gemv kernsel: Kernsel not set MCBLAS_GEMV_CUSTOMIZED_CONFIG_PATH
[14:34:23.947][MCBLASLT][I]allocated memory for signal buffer
[14:34:23.947][MCR][I]mc_memory.cpp            :2132: [mcMemset] dst:0x7f9c9f600000 value:0 valueSize:1 sizeBytes:262144 isAsync:false
[14:34:23.947][MXC][I]raw dispatch ts:[113236984195298,113236984198177]
[14:34:23.947][MXC][I]dispatch ts translate ret [1788964463170679151, 1788964463170707941]
[14:34:23.947][MCBLASLT][I]set_workspace is called ! user allocated size: 67108864B = 64.000000MB
[14:34:23.947][MXC][I]raw dispatch ts:[113236984590434,113236984591221]
[14:34:23.947][MXC][I]dispatch ts translate ret [1788964463174630528, 1788964463174638398]
[14:34:23.947][MXC][I]raw dispatch ts:[113236984768962,113236984769513]
[14:34:23.947][MXC][I]dispatch ts translate ret [1788964463176415816, 1788964463176421326]
[14:34:23.947][MXC][I]raw dispatch ts:[113236984805359,113236984805671]
[14:34:23.947][MXC][I]dispatch ts translate ret [1788964463176779787, 1788964463176782907]
[14:34:23.947][MXC][I]raw dispatch ts:[113236985347912,113236985348586]
[14:34:23.947][MXC][I]dispatch ts translate ret [1788964463182205341, 1788964463182212081]
[14:34:23.947][MXC][I]raw dispatch ts:[113236985586797,113236985587410]
[14:34:23.947][MXC][I]dispatch ts translate ret [1788964463184594201, 1788964463184600331]
[14:34:23.947][MXC][I]raw dispatch ts:[113236985592132,113236985592618]
[14:34:23.947][MXC][I]dispatch ts translate ret [1788964463184647551, 1788964463184652411]
[14:34:23.947][MXC][I]raw dispatch ts:[113236985648612,113236985649113]
[14:34:23.947][MXC][I]dispatch ts translate ret [1788964463185212354, 1788964463185217364]
[14:34:23.947][MXC][I]raw dispatch ts:[113236985651765,113236985652063]
[14:34:23.947][MXC][I]dispatch ts translate ret [1788964463185243884, 1788964463185246864]
[14:34:23.947][MXC][I]raw dispatch ts:[113236985663212,113236985663985]
[14:34:23.947][MXC][I]dispatch ts translate ret [1788964463185358354, 1788964463185366084]
[14:34:23.947][MXC][I]raw dispatch ts:[113236985668955,113236985669277]
[14:34:23.947][MXC][I]dispatch ts translate ret [1788964463185415785, 1788964463185419005]
[14:34:23.947][MXC][I]raw dispatch ts:[113236985925357,113236985926084]
[14:34:23.947][MXC][I]dispatch ts translate ret [1788964463187979816, 1788964463187987086]
[14:34:23.947][MXC][I]raw dispatch ts:[113236985936042,113236985937582]
[14:34:23.947][MXC][I]dispatch ts translate ret [1788964463188086666, 1788964463188102066]
[14:34:23.947][MXC][I]raw dispatch ts:[113236985940316,113236985941705]
[14:34:23.947][MXC][I]dispatch ts translate ret [1788964463188129406, 1788964463188143296]
[14:34:23.947][MXC][I]raw dispatch ts:[113236986540502,113236986542508]
[14:34:23.947][MXC][I]dispatch ts translate ret [1788964463194131292, 1788964463194151352]
[14:34:23.947][MXC][I]raw dispatch ts:[113237061840596,113237061843815]
[14:34:23.947][MXC][I]dispatch ts translate ret [1788964463947135477, 1788964463947167667]
[14:34:23.947][MCBLAS][I]mcblasSgemmStridedBatched 1 0 32 16 128 128 128 32 256 4096 2048 512 1.000000 0.000000
[14:34:23.948][MCBLASLT][I]Kernsel found best solution: Kernel name: mcblas__Mck_sgemm_full_1m1n1k_xt_fp32_fp32_fp32_sb_tn_0_256_64x32_0, slt:0, swap:0, ksplit:0
[14:34:23.948][MCBLASLT][I]module get function mcblas__Mck_sgemm_full_1m1n1k_xt_fp32_fp32_fp32_sb_tn_0_256_64x32_0 successed
[14:34:23.966][MCBLASLT][I]mcModuleLaunchKernel successed, ret = 0
[14:34:23.969][MCR][I]mc_memory.cpp            :1671: copy strategy - H2DCpuCopy:0,D2HCpuCopy:0,cpuCopy:0,d2dCrossDevices:0,pageableHToDAsync:0
[14:34:23.969][MCR][I]mc_memory.cpp            :1672: copy strategy - isAsync:0,waitComplete:0
[14:34:23.969][MXC][I]raw dispatch ts:[113237064054401,113237064054493]
[14:34:23.969][MXC][I]dispatch ts translate ret [1788964463969273638, 1788964463969274558]
[14:34:23.974][MCBLASLT][I]set_workspace is called ! user allocated size: 67108864B = 64.000000MB
[14:34:23.974][MCBLAS][I]mcblasSgemmStridedBatched 0 0 128 16 32 128 32 128 256 4096 512 2048 1.000000 0.000000
[14:34:23.975][MCBLASLT][I]Kernsel found best solution: Kernel name: mcblas__Mck_sgemm_full_1m1n1k_xt_fp32_fp32_fp32_sb_nn_0_256_64x32_0, slt:0, swap:0, ksplit:0
[14:34:23.975][MCBLASLT][I]module get function mcblas__Mck_sgemm_full_1m1n1k_xt_fp32_fp32_fp32_sb_nn_0_256_64x32_0 successed
[14:34:23.975][MCBLASLT][I]mcModuleLaunchKernel successed, ret = 0
[14:34:23.975][MCR][I]mc_memory.cpp            :1671: copy strategy - H2DCpuCopy:0,D2HCpuCopy:0,cpuCopy:0,d2dCrossDevices:0,pageableHToDAsync:0
[14:34:23.975][MCR][I]mc_memory.cpp            :1672: copy strategy - isAsync:0,waitComplete:0
[14:34:23.975][MXC][I]raw dispatch ts:[113237064652892,113237064652985]
[14:34:23.975][MXC][I]dispatch ts translate ret [1788964463975258550, 1788964463975259480]
[14:34:23.975][MXC][I]raw async_copy ts:[68789004532657,68789004557054]
[14:34:23.975][MXC][I]sdma_ts_.sdma_counter:68788037387253
[14:34:23.975][MXC][I]DNOCfreq:900000000, async_copy ts translate ret [1788964464243938110, 1788964464243965217]
[14:34:23.975][MXC][I]raw dispatch ts:[113237063732726,113237063736940]
[14:34:23.975][MXC][I]dispatch ts translate ret [1788964463966056887, 1788964463966099027]
[14:34:23.975][MXC][I]raw dispatch ts:[113237063756101,113237063756507]
[14:34:23.975][MXC][I]dispatch ts translate ret [1788964463966290637, 1788964463966294698]
[14:34:23.975][MXC][I]raw dispatch ts:[113237064036126,113237064036649]
[14:34:23.975][MXC][I]dispatch ts translate ret [1788964463969090888, 1788964463969096118]
[14:34:23.975][MXC][I]raw async_copy ts:[68788997361399,68788997375561]
[14:34:23.975][MXC][I]sdma_ts_.sdma_counter:68788037387253
[14:34:23.975][MXC][I]DNOCfreq:900000000, async_copy ts translate ret [1788964464235970046, 1788964464235985781]
[14:34:23.975][MXC][I]raw dispatch ts:[113237064443510,113237064444401]
[14:34:23.975][MXC][I]dispatch ts translate ret [1788964463973164730, 1788964463973173640]
[14:34:23.975][MXC][I]raw dispatch ts:[113237064559828,113237064561424]
[14:34:23.975][MXC][I]dispatch ts translate ret [1788964463974327910, 1788964463974343870]
[14:34:23.975][MXC][I]raw dispatch ts:[113237064568745,113237064569972]
[14:34:23.975][MXC][I]dispatch ts translate ret [1788964463974417080, 1788964463974429350]
[14:34:23.975][MXC][I]raw dispatch ts:[113237064574119,113237064575963]
[14:34:23.975][MXC][I]dispatch ts translate ret [1788964463974470820, 1788964463974489260]
[14:34:23.975][MXC][I]raw dispatch ts:[113237064638198,113237064639247]
[14:34:23.975][MXC][I]dispatch ts translate ret [1788964463975111610, 1788964463975122100]
[14:34:23.975][MXC][I]raw dispatch ts:[113237064649023,113237064650372]
[14:34:23.975][MXC][I]dispatch ts translate ret [1788964463975219860, 1788964463975233350]
[14:34:23.975][MCBLASLT][I]set_workspace is called ! user allocated size: 67108864B = 64.000000MB
[14:34:23.975][MCBLAS][I]mcblasSgemmStridedBatched 1 0 32 16 128 128 128 32 256 4096 2048 512 1.000000 0.000000
[14:34:23.975][MCBLASLT][I]Kernsel found best solution: Kernel name: mcblas__Mck_sgemm_full_1m1n1k_xt_fp32_fp32_fp32_sb_tn_0_256_64x32_0, slt:0, swap:0, ksplit:0
[14:34:23.975][MCBLASLT][I]module get function mcblas__Mck_sgemm_full_1m1n1k_xt_fp32_fp32_fp32_sb_tn_0_256_64x32_0 successed
[14:34:23.975][MCBLASLT][I]mcModuleLaunchKernel successed, ret = 0
[14:34:23.975][MXC][I]raw dispatch ts:[113237064660941,113237064661494]
[14:34:23.975][MXC][I]dispatch ts translate ret [1788964463975339040, 1788964463975344570]
[14:34:23.975][MXC][I]raw dispatch ts:[113237064663873,113237064664283]
[14:34:23.975][MXC][I]dispatch ts translate ret [1788964463975368364, 1788964463975372464]
[14:34:23.975][MCR][I]mc_memory.cpp            :1671: copy strategy - H2DCpuCopy:0,D2HCpuCopy:0,cpuCopy:0,d2dCrossDevices:0,pageableHToDAsync:0
[14:34:23.975][MCR][I]mc_memory.cpp            :1672: copy strategy - isAsync:0,waitComplete:0
[14:34:23.975][MXC][I]raw dispatch ts:[113237064666695,113237064666981]
[14:34:23.975][MXC][I]dispatch ts translate ret [1788964463975396584, 1788964463975399444]
[14:34:23.975][MXC][I]raw dispatch ts:[113237064716991,113237064717084]
[14:34:23.975][MXC][I]dispatch ts translate ret [1788964463975899558, 1788964463975900488]
[14:34:23.975][MXC][I]raw dispatch ts:[113237064669418,113237064669942]
[14:34:23.975][MXC][I]dispatch ts translate ret [1788964463975423815, 1788964463975429055]
[14:34:23.975][MXC][I]raw async_copy ts:[68789005292663,68789005304794]
[14:34:23.975][MXC][I]sdma_ts_.sdma_counter:68788037387253
[14:34:23.975][MXC][I]DNOCfreq:900000000, async_copy ts translate ret [1788964464244782561, 1788964464244796039]
[14:34:23.975][MXC][I]raw dispatch ts:[113237064672265,113237064672735]
[14:34:23.975][MXC][I]dispatch ts translate ret [1788964463975452286, 1788964463975456986]
[14:34:23.975][MXC][I]raw dispatch ts:[113237064675163,113237064675622]
[14:34:23.975][MXC][I]dispatch ts translate ret [1788964463975481267, 1788964463975485857]
[14:34:23.975][MXC][I]raw dispatch ts:[113237064678087,113237064678401]
[14:34:23.975][MXC][I]dispatch ts translate ret [1788964463975510508, 1788964463975513648]
[14:34:23.975][MCBLASLT][I]set_workspace is called ! user allocated size: 67108864B = 64.000000MB
[14:34:23.975][MXC][I]raw dispatch ts:[113237064678707,113237064678988]
[14:34:23.975][MCBLAS][I]mcblasSgemmStridedBatched 0 0 128 16 32 128 32 128 256 4096 512 2048 1.000000 0.000000
[14:34:23.975][MCBLASLT][I]Kernsel found best solution: Kernel name: mcblas__Mck_sgemm_full_1m1n1k_xt_fp32_fp32_fp32_sb_nn_0_256_64x32_0, slt:0, swap:0, ksplit:0
[14:34:23.975][MCBLASLT][I]module get function mcblas__Mck_sgemm_full_1m1n1k_xt_fp32_fp32_fp32_sb_nn_0_256_64x32_0 successed
[14:34:23.975][MXC][I]dispatch ts translate ret [1788964463975516708, 1788964463975519518]
[14:34:23.975][MCBLASLT][I]mcModuleLaunchKernel successed, ret = 0
[14:34:23.975][MXC][I]raw dispatch ts:[113237064681334,113237064682131]
[14:34:23.975][MXC][I]dispatch ts translate ret [1788964463975542979, 1788964463975550949]
[14:34:23.976][MXC][I]raw dispatch ts:[113237064684587,113237064684909]
[14:34:23.976][MXC][I]dispatch ts translate ret [1788964463975575510, 1788964463975578730]
[14:34:23.976][MCR][I]mc_memory.cpp            :1671: copy strategy - H2DCpuCopy:0,D2HCpuCopy:0,cpuCopy:0,d2dCrossDevices:0,pageableHToDAsync:0
[14:34:23.976][MCR][I]mc_memory.cpp            :1672: copy strategy - isAsync:0,waitComplete:0
[14:34:23.976][MXC][I]raw dispatch ts:[113237064687313,113237064687836]
[14:34:23.976][MXC][I]dispatch ts translate ret [1788964463975602771, 1788964463975608001]
[14:34:23.976][MXC][I]raw dispatch ts:[113237064742009,113237064742101]
[14:34:23.976][MXC][I]dispatch ts translate ret [1788964463976149715, 1788964463976150635]
[14:34:23.976][MXC][I]raw dispatch ts:[113237064690279,113237064691654]
[14:34:23.976][MXC][I]dispatch ts translate ret [1788964463975632437, 1788964463975646187]
[14:34:23.976][MXC][I]raw async_copy ts:[68789005600632,68789005625394]
[14:34:23.976][MXC][I]sdma_ts_.sdma_counter:68788037387253
[14:34:23.976][MXC][I]DNOCfreq:900000000, async_copy ts translate ret [1788964464245124749, 1788964464245152262]
[14:34:23.976][MXC][I]raw dispatch ts:[113237064691937,113237064693117]
[14:34:23.976][MXC][I]dispatch ts translate ret [1788964463975649017, 1788964463975660817]
[14:34:23.976][MXC][I]raw dispatch ts:[113237064695608,113237064697573]
[14:34:23.976][MXC][I]dispatch ts translate ret [1788964463975685727, 1788964463975705377]
[14:34:23.976][MXC][I]raw dispatch ts:[113237064705068,113237064708981]
[14:34:23.976][MXC][I]dispatch ts translate ret [1788964463975780327, 1788964463975819457]
[14:34:23.976][MXC][I]raw dispatch ts:[113237064711505,113237064711866]
[14:34:23.976][MXC][I]dispatch ts translate ret [1788964463975844697, 1788964463975848307]
[14:34:23.976][MXC][I]raw dispatch ts:[113237064714319,113237064714631]
[14:34:23.976][MXC][I]dispatch ts translate ret [1788964463975872835, 1788964463975875955]
[14:34:23.976][MXC][I]raw dispatch ts:[113237064722667,113237064723385]
[14:34:23.976][MXC][I]dispatch ts translate ret [1788964463975956309, 1788964463975963488]
[14:34:23.976][MXC][I]raw dispatch ts:[113237064725824,113237064727181]
[14:34:23.976][MXC][I]dispatch ts translate ret [1788964463975987877, 1788964463976001446]
[14:34:23.976][MXC][I]raw dispatch ts:[113237064727470,113237064728709]
[14:34:23.976][MXC][I]dispatch ts translate ret [1788964463976004335, 1788964463976016725]
[14:34:23.976][MXC][I]raw dispatch ts:[113237064731178,113237064733095]
[14:34:23.976][MXC][I]dispatch ts translate ret [1788964463976041413, 1788964463976060581]
[14:34:23.976][MXC][I]raw dispatch ts:[113237064733486,113237064734479]
[14:34:23.976][MXC][I]dispatch ts translate ret [1788964463976064491, 1788964463976074420]
[14:34:23.976][MXC][I]raw dispatch ts:[113237064738022,113237064739521]
[14:34:23.976][MXC][I]dispatch ts translate ret [1788964463976109848, 1788964463976124837]
[14:34:23.976][MCBLASLT][I]set_workspace is called ! user allocated size: 67108864B = 64.000000MB
[14:34:23.976][MCBLAS][I]mcblasSgemmStridedBatched 1 0 32 16 128 128 128 32 256 4096 2048 512 1.000000 0.000000
[14:34:23.976][MCBLASLT][I]Kernsel found best solution: Kernel name: mcblas__Mck_sgemm_full_1m1n1k_xt_fp32_fp32_fp32_sb_tn_0_256_64x32_0, slt:0, swap:0, ksplit:0
[14:34:23.976][MCBLASLT][I]module get function mcblas__Mck_sgemm_full_1m1n1k_xt_fp32_fp32_fp32_sb_tn_0_256_64x32_0 successed
[14:34:23.976][MCBLASLT][I]mcModuleLaunchKernel successed, ret = 0
[14:34:23.976][MXC][I]raw dispatch ts:[113237064749426,113237064750089]
[14:34:23.976][MXC][I]dispatch ts translate ret [1788964463976223879, 1788964463976230508]
[14:34:23.976][MXC][I]raw dispatch ts:[113237064752469,113237064752876]
[14:34:23.976][MXC][I]dispatch ts translate ret [1788964463976254321, 1788964463976258391]
[14:34:23.976][MCR][I]mc_memory.cpp            :1671: copy strategy - H2DCpuCopy:0,D2HCpuCopy:0,cpuCopy:0,d2dCrossDevices:0,pageableHToDAsync:0
[14:34:23.976][MCR][I]mc_memory.cpp            :1672: copy strategy - isAsync:0,waitComplete:0
[14:34:23.976][MXC][I]raw dispatch ts:[113237064753151,113237064753445]
[14:34:23.976][MXC][I]dispatch ts translate ret [1788964463976261141, 1788964463976264081]
[14:34:23.976][MXC][I]raw dispatch ts:[113237064778865,113237064778983]
[14:34:23.976][MXC][I]dispatch ts translate ret [1788964463976518297, 1788964463976519477]
[14:34:23.976][MXC][I]raw dispatch ts:[113237064753859,113237064754285]
[14:34:23.976][MXC][I]dispatch ts translate ret [1788964463976268222, 1788964463976272482]
[14:34:23.976][MCBLASLT][I]set_workspace is called ! user allocated size: 67108864B = 64.000000MB
[14:34:23.976][MXC][I]raw async_copy ts:[68789006036022,68789006048587]
[14:34:23.976][MCBLAS][I]mcblasSgemmStridedBatched 0 0 128 16 32 128 32 128 256 4096 512 2048 1.000000 0.000000
[14:34:23.976][MXC][I]sdma_ts_.sdma_counter:68788037387253
[14:34:23.976][MXC][I]DNOCfreq:900000000, async_copy ts translate ret [1788964464245608516, 1788964464245622477]
[14:34:23.976][MXC][I]raw dispatch ts:[113237064756770,113237064757277]
[14:34:23.976][MXC][I]dispatch ts translate ret [1788964463976297334, 1788964463976302404]
[14:34:23.976][MCBLASLT][I]Kernsel found best solution: Kernel name: mcblas__Mck_sgemm_full_1m1n1k_xt_fp32_fp32_fp32_sb_nn_0_256_64x32_0, slt:0, swap:0, ksplit:0
[14:34:23.976][MCBLASLT][I]module get function mcblas__Mck_sgemm_full_1m1n1k_xt_fp32_fp32_fp32_sb_nn_0_256_64x32_0 successed
[14:34:23.976][MXC][I]raw dispatch ts:[113237064757551,113237064757907]
[14:34:23.976][MXC][I]dispatch ts translate ret [1788964463976305144, 1788964463976308704]
[14:34:23.976][MCBLASLT][I]mcModuleLaunchKernel successed, ret = 0
[14:34:23.976][MXC][I]raw dispatch ts:[113237064758181,113237064758465]
[14:34:23.976][MXC][I]dispatch ts translate ret [1788964463976311445, 1788964463976314285]
[14:34:23.976][MXC][I]raw dispatch ts:[113237064758736,113237064758925]
[14:34:23.976][MXC][I]dispatch ts translate ret [1788964463976316995, 1788964463976318885]
[14:34:23.976][MXC][I]raw dispatch ts:[113237064759201,113237064759924]
[14:34:23.976][MXC][I]dispatch ts translate ret [1788964463976321645, 1788964463976328876]
[14:34:23.976][MXC][I]raw dispatch ts:[113237064762367,113237064762685]
[14:34:23.976][MXC][I]dispatch ts translate ret [1788964463976353307, 1788964463976356487]
[14:34:23.976][MCR][I]mc_memory.cpp            :1671: copy strategy - H2DCpuCopy:0,D2HCpuCopy:0,cpuCopy:0,d2dCrossDevices:0,pageableHToDAsync:0
[14:34:23.976][MCR][I]mc_memory.cpp            :1672: copy strategy - isAsync:0,waitComplete:0
[14:34:23.976][MXC][I]raw dispatch ts:[113237064762972,113237064763513]
[14:34:23.976][MXC][I]dispatch ts translate ret [1788964463976359358, 1788964463976364768]
[14:34:23.976][MXC][I]raw dispatch ts:[113237064800193,113237064800513]
[14:34:23.976][MXC][I]dispatch ts translate ret [1788964463976731568, 1788964463976734768]
[14:34:23.976][MXC][I]raw dispatch ts:[113237064763793,113237064765033]
[14:34:23.976][MXC][I]dispatch ts translate ret [1788964463976367573, 1788964463976379973]
[14:34:23.976][MXC][I]raw async_copy ts:[68789006294769,68789006316708]
[14:34:23.976][MXC][I]sdma_ts_.sdma_counter:68788037387253
[14:34:23.976][MXC][I]DNOCfreq:900000000, async_copy ts translate ret [1788964464245896012, 1788964464245920388]
[14:34:23.976][MXC][I]raw dispatch ts:[113237064765317,113237064766462]
[14:34:23.976][MXC][I]dispatch ts translate ret [1788964463976382813, 1788964463976394263]
[14:34:23.976][MXC][I]raw dispatch ts:[113237064766835,113237064768569]
[14:34:23.976][MXC][I]dispatch ts translate ret [1788964463976397993, 1788964463976415333]
[14:34:23.976][MXC][I]raw dispatch ts:[113237064771310,113237064775240]
[14:34:23.976][MXC][I]dispatch ts translate ret [1788964463976442743, 1788964463976482043]
[14:34:23.976][MXC][I]raw dispatch ts:[113237064775533,113237064775778]
[14:34:23.976][MXC][I]dispatch ts translate ret [1788964463976484973, 1788964463976487423]
[14:34:23.976][MXC][I]raw dispatch ts:[113237064778258,113237064778566]
[14:34:23.976][MXC][I]dispatch ts translate ret [1788964463976512222, 1788964463976515302]
[14:34:23.976][MXC][I]raw dispatch ts:[113237064785907,113237064786610]
[14:34:23.976][MXC][I]dispatch ts translate ret [1788964463976588711, 1788964463976595740]
[14:34:23.976][MXC][I]raw dispatch ts:[113237064789055,113237064790400]
[14:34:23.976][MXC][I]dispatch ts translate ret [1788964463976620190, 1788964463976633640]
[14:34:23.976][MCBLASLT][I]set_workspace is called ! user allocated size: 67108864B = 64.000000MB
[14:34:23.976][MXC][I]raw dispatch ts:[113237064790671,113237064791912]
[14:34:23.976][MXC][I]dispatch ts translate ret [1788964463976636350, 1788964463976648759]
[14:34:23.976][MCBLAS][I]mcblasSgemmStridedBatched 1 0 32 16 128 128 128 32 256 4096 2048 512 1.000000 0.000000
[14:34:23.976][MCBLASLT][I]Kernsel found best solution: Kernel name: mcblas__Mck_sgemm_full_1m1n1k_xt_fp32_fp32_fp32_sb_tn_0_256_64x32_0, slt:0, swap:0, ksplit:0
[14:34:23.976][MCBLASLT][I]module get function mcblas__Mck_sgemm_full_1m1n1k_xt_fp32_fp32_fp32_sb_tn_0_256_64x32_0 successed
[14:34:23.976][MXC][I]raw dispatch ts:[113237064792189,113237064794192]
[14:34:23.976][MXC][I]dispatch ts translate ret [1788964463976651529, 1788964463976671559]
[14:34:23.976][MCBLASLT][I]mcModuleLaunchKernel successed, ret = 0
[14:34:23.976][MXC][I]raw dispatch ts:[113237064796931,113237064798030]
[14:34:23.976][MXC][I]dispatch ts translate ret [1788964463976698948, 1788964463976709938]
[14:34:23.976][MXC][I]raw dispatch ts:[113237064798316,113237064799920]
[14:34:23.976][MXC][I]dispatch ts translate ret [1788964463976712798, 1788964463976728838]
[14:34:23.976][MXC][I]raw dispatch ts:[113237064807270,113237064807806]
[14:34:23.976][MXC][I]dispatch ts translate ret [1788964463976802335, 1788964463976807695]
[14:34:23.976][MXC][I]raw dispatch ts:[113237064810333,113237064810697]
[14:34:23.976][MXC][I]dispatch ts translate ret [1788964463976832965, 1788964463976836605]
[14:34:23.976][MCR][I]mc_memory.cpp            :1671: copy strategy - H2DCpuCopy:0,D2HCpuCopy:0,cpuCopy:0,d2dCrossDevices:0,pageableHToDAsync:0
[14:34:23.976][MCR][I]mc_memory.cpp            :1672: copy strategy - isAsync:0,waitComplete:0
[14:34:23.976][MXC][I]raw dispatch ts:[113237064810986,113237064811178]
[14:34:23.976][MXC][I]dispatch ts translate ret [1788964463976839467, 1788964463976841387]
[14:34:23.977][MCBLASLT][I]set_workspace is called ! user allocated size: 67108864B = 64.000000MB
[14:34:23.977][MCBLAS][I]mcblasSgemmStridedBatched 0 0 128 16 32 128 32 128 256 4096 512 2048 1.000000 0.000000
[14:34:23.977][MCBLASLT][I]Kernsel found best solution: Kernel name: mcblas__Mck_sgemm_full_1m1n1k_xt_fp32_fp32_fp32_sb_nn_0_256_64x32_0, slt:0, swap:0, ksplit:0
[14:34:23.977][MCBLASLT][I]module get function mcblas__Mck_sgemm_full_1m1n1k_xt_fp32_fp32_fp32_sb_nn_0_256_64x32_0 successed
[14:34:23.977][MCBLASLT][I]mcModuleLaunchKernel successed, ret = 0
[14:34:23.977][MCR][I]mc_memory.cpp            :1671: copy strategy - H2DCpuCopy:0,D2HCpuCopy:0,cpuCopy:0,d2dCrossDevices:0,pageableHToDAsync:0
[14:34:23.977][MCR][I]mc_memory.cpp            :1672: copy strategy - isAsync:0,waitComplete:0
[14:34:23.977][MXC][I]raw dispatch ts:[113237064835007,113237064835123]
[14:34:23.977][MXC][I]dispatch ts translate ret [1788964463977079642, 1788964463977080802]
[14:34:23.977][MXC][I]raw dispatch ts:[113237064811451,113237064811928]
[14:34:23.977][MXC][I]dispatch ts translate ret [1788964463976844087, 1788964463976848857]
[14:34:23.977][MXC][I]raw async_copy ts:[68789006714853,68789006726431]
[14:34:23.977][MXC][I]sdma_ts_.sdma_counter:68788037387253
[14:34:23.977][MXC][I]DNOCfreq:900000000, async_copy ts translate ret [1788964464246362772, 1788964464246375636]
[14:34:23.977][MXC][I]raw dispatch ts:[113237064814505,113237064814955]
[14:34:23.977][MXC][I]dispatch ts translate ret [1788964463976874627, 1788964463976879127]
[14:34:23.977][MXC][I]raw dispatch ts:[113237064815237,113237064815596]
[14:34:23.977][MXC][I]dispatch ts translate ret [1788964463976881947, 1788964463976885537]
[14:34:23.977][MXC][I]raw dispatch ts:[113237064815869,113237064816156]
[14:34:23.977][MXC][I]dispatch ts translate ret [1788964463976888267, 1788964463976891137]
[14:34:23.977][MXC][I]raw dispatch ts:[113237064816425,113237064816617]
[14:34:23.977][MXC][I]dispatch ts translate ret [1788964463976893827, 1788964463976895747]
[14:34:23.977][MXC][I]raw dispatch ts:[113237064816884,113237064817596]
[14:34:23.977][MXC][I]dispatch ts translate ret [1788964463976898417, 1788964463976905537]
[14:34:23.977][MXC][I]raw dispatch ts:[113237064820055,113237064820357]
[14:34:23.977][MXC][I]dispatch ts translate ret [1788964463976930127, 1788964463976933147]
[14:34:23.977][MXC][I]raw dispatch ts:[113237064820864,113237064821402]
[14:34:23.977][MXC][I]dispatch ts translate ret [1788964463976938217, 1788964463976943597]
[14:34:23.977][MCBLASLT][I]set_workspace is called ! user allocated size: 67108864B = 64.000000MB
[14:34:23.977][MCBLAS][I]mcblasSgemmStridedBatched 1 0 32 16 128 128 128 32 256 4096 2048 512 1.000000 0.000000
[14:34:23.977][MCBLASLT][I]Kernsel found best solution: Kernel name: mcblas__Mck_sgemm_full_1m1n1k_xt_fp32_fp32_fp32_sb_tn_0_256_64x32_0, slt:0, swap:0, ksplit:0
[14:34:23.977][MCBLASLT][I]module get function mcblas__Mck_sgemm_full_1m1n1k_xt_fp32_fp32_fp32_sb_tn_0_256_64x32_0 successed
[14:34:23.977][MCBLASLT][I]mcModuleLaunchKernel successed, ret = 0
[14:34:23.977][MXC][I]raw dispatch ts:[113237064854950,113237064855263]
[14:34:23.977][MXC][I]dispatch ts translate ret [1788964463977279128, 1788964463977282259]
[14:34:23.977][MXC][I]raw dispatch ts:[113237064821677,113237064823116]
[14:34:23.977][MXC][I]dispatch ts translate ret [1788964463976946341, 1788964463976960731]
[14:34:23.977][MXC][I]raw async_copy ts:[68789006950011,68789006971843]
[14:34:23.977][MXC][I]sdma_ts_.sdma_counter:68788037387253
[14:34:23.977][MXC][I]DNOCfreq:900000000, async_copy ts translate ret [1788964464246624059, 1788964464246648316]
[14:34:23.977][MCR][I]mc_memory.cpp            :1671: copy strategy - H2DCpuCopy:0,D2HCpuCopy:0,cpuCopy:0,d2dCrossDevices:0,pageableHToDAsync:0
[14:34:23.977][MXC][I]raw dispatch ts:[113237064823386,113237064824625]
[14:34:23.977][MCR][I]mc_memory.cpp            :1672: copy strategy - isAsync:0,waitComplete:0
[14:34:23.977][MXC][I]dispatch ts translate ret [1788964463976963431, 1788964463976975821]
[14:34:23.977][MXC][I]raw dispatch ts:[113237064824905,113237064826803]
[14:34:23.977][MXC][I]dispatch ts translate ret [1788964463976978621, 1788964463976997601]
[14:34:23.977][MXC][I]raw dispatch ts:[113237064827084,113237064830885]
[14:34:23.977][MXC][I]dispatch ts translate ret [1788964463977000411, 1788964463977038421]
[14:34:23.977][MXC][I]raw dispatch ts:[113237064831379,113237064831621]
[14:34:23.977][MXC][I]dispatch ts translate ret [1788964463977043361, 1788964463977045781]
[14:34:23.977][MXC][I]raw dispatch ts:[113237064834411,113237064834702]
[14:34:23.977][MXC][I]dispatch ts translate ret [1788964463977073681, 1788964463977076591]
[14:34:23.977][MXC][I]raw dispatch ts:[113237064840965,113237064841649]
[14:34:23.977][MXC][I]dispatch ts translate ret [1788964463977139236, 1788964463977146078]
[14:34:23.977][MXC][I]raw dispatch ts:[113237064844132,113237064845481]
[14:34:23.977][MXC][I]dispatch ts translate ret [1788964463977170916, 1788964463977184410]
[14:34:23.977][MCBLASLT][I]set_workspace is called ! user allocated size: 67108864B = 64.000000MB
[14:34:23.977][MCBLAS][I]mcblasSgemmStridedBatched 0 0 128 16 32 128 32 128 256 4096 512 2048 1.000000 0.000000
[14:34:23.977][MXC][I]raw dispatch ts:[113237064845768,113237064847029]
[14:34:23.977][MXC][I]dispatch ts translate ret [1788964463977187281, 1788964463977199894]
[14:34:23.977][MCBLASLT][I]Kernsel found best solution: Kernel name: mcblas__Mck_sgemm_full_1m1n1k_xt_fp32_fp32_fp32_sb_nn_0_256_64x32_0, slt:0, swap:0, ksplit:0
[14:34:23.977][MXC][I]raw dispatch ts:[113237064847309,113237064849144]
[14:34:23.977][MCBLASLT][I]module get function mcblas__Mck_sgemm_full_1m1n1k_xt_fp32_fp32_fp32_sb_nn_0_256_64x32_0 successed
[14:34:23.977][MXC][I]dispatch ts translate ret [1788964463977202695, 1788964463977221051]
[14:34:23.977][MCBLASLT][I]mcModuleLaunchKernel successed, ret = 0
[14:34:23.977][MXC][I]raw dispatch ts:[113237064852026,113237064853051]
[14:34:23.977][MXC][I]dispatch ts translate ret [1788964463977249879, 1788964463977260132]
[14:34:23.977][MXC][I]raw dispatch ts:[113237064853333,113237064854678]
[14:34:23.977][MXC][I]dispatch ts translate ret [1788964463977262953, 1788964463977276407]
[14:34:23.977][MXC][I]raw dispatch ts:[113237064861692,113237064862253]
[14:34:23.977][MXC][I]dispatch ts translate ret [1788964463977346567, 1788964463977352179]
[14:34:23.977][MCR][I]mc_memory.cpp            :1671: copy strategy - H2DCpuCopy:0,D2HCpuCopy:0,cpuCopy:0,d2dCrossDevices:0,pageableHToDAsync:0
[14:34:23.977][MCR][I]mc_memory.cpp            :1672: copy strategy - isAsync:0,waitComplete:0
[14:34:23.977][MXC][I]raw dispatch ts:[113237064864730,113237064865137]
[14:34:23.977][MXC][I]dispatch ts translate ret [1788964463977376956, 1788964463977381028]
[14:34:23.977][MXC][I]raw dispatch ts:[113237064865422,113237064865614]
[14:34:23.977][MXC][I]dispatch ts translate ret [1788964463977383878, 1788964463977385799]
[14:34:23.977][MXC][I]raw dispatch ts:[113237064889057,113237064889173]
[14:34:23.977][MXC][I]dispatch ts translate ret [1788964463977620181, 1788964463977621341]
[14:34:23.977][MXC][I]raw dispatch ts:[113237064865887,113237064866352]
[14:34:23.977][MXC][I]dispatch ts translate ret [1788964463977388495, 1788964463977393144]
[14:34:23.977][MXC][I]raw async_copy ts:[68789007360684,68789007372266]
[14:34:23.977][MXC][I]sdma_ts_.sdma_counter:68788037387253
[14:34:23.977][MXC][I]DNOCfreq:900000000, async_copy ts translate ret [1788964464247080362, 1788964464247093230]
[14:34:23.977][MXC][I]raw dispatch ts:[113237064868837,113237064869261]
[14:34:23.977][MXC][I]dispatch ts translate ret [1788964463977417993, 1788964463977422233]
[14:34:23.977][MXC][I]raw dispatch ts:[113237064869544,113237064869907]
[14:34:23.977][MXC][I]dispatch ts translate ret [1788964463977425062, 1788964463977428692]
[14:34:23.977][MXC][I]raw dispatch ts:[113237064870189,113237064870478]
[14:34:23.977][MXC][I]dispatch ts translate ret [1788964463977431512, 1788964463977434402]
[14:34:23.977][MCBLASLT][I]set_workspace is called ! user allocated size: 67108864B = 64.000000MB
[14:34:23.977][MXC][I]raw dispatch ts:[113237064870756,113237064870932]
[14:34:23.977][MCBLAS][I]mcblasSgemmStridedBatched 1 0 32 16 128 128 128 32 256 4096 2048 512 1.000000 0.000000
[14:34:23.977][MCBLASLT][I]Kernsel found best solution: Kernel name: mcblas__Mck_sgemm_full_1m1n1k_xt_fp32_fp32_fp32_sb_tn_0_256_64x32_0, slt:0, swap:0, ksplit:0
[14:34:23.977][MCBLASLT][I]module get function mcblas__Mck_sgemm_full_1m1n1k_xt_fp32_fp32_fp32_sb_tn_0_256_64x32_0 successed
[14:34:23.977][MXC][I]dispatch ts translate ret [1788964463977437182, 1788964463977438942]
[14:34:23.977][MCBLASLT][I]mcModuleLaunchKernel successed, ret = 0
[14:34:23.977][MXC][I]raw dispatch ts:[113237064871198,113237064871913]
[14:34:23.977][MXC][I]dispatch ts translate ret [1788964463977441601, 1788964463977448751]
[14:34:23.977][MXC][I]raw dispatch ts:[113237064874401,113237064874707]
[14:34:23.977][MXC][I]dispatch ts translate ret [1788964463977473630, 1788964463977476689]
[14:34:23.977][MXC][I]raw dispatch ts:[113237064874990,113237064875530]
[14:34:23.977][MXC][I]dispatch ts translate ret [1788964463977479519, 1788964463977484919]
[14:34:23.977][MCR][I]mc_memory.cpp            :1671: copy strategy - H2DCpuCopy:0,D2HCpuCopy:0,cpuCopy:0,d2dCrossDevices:0,pageableHToDAsync:0
[14:34:23.977][MCR][I]mc_memory.cpp            :1672: copy strategy - isAsync:0,waitComplete:0
[14:34:23.977][MXC][I]raw dispatch ts:[113237064908812,113237064909205]
[14:34:23.977][MCBLASLT][I]set_workspace is called ! user allocated size: 67108864B = 64.000000MB
[14:34:23.977][MXC][I]dispatch ts translate ret [1788964463977817904, 1788964463977821837]
[14:34:23.977][MXC][I]raw dispatch ts:[113237064875805,113237064877115]
[14:34:23.977][MXC][I]dispatch ts translate ret [1788964463977487660, 1788964463977500760]
[14:34:23.977][MCBLAS][I]mcblasSgemmStridedBatched 0 0 128 16 32 128 32 128 256 4096 512 2048 1.000000 0.000000
[14:34:23.977][MCBLASLT][I]Kernsel found best solution: Kernel name: mcblas__Mck_sgemm_full_1m1n1k_xt_fp32_fp32_fp32_sb_nn_0_256_64x32_0, slt:0, swap:0, ksplit:0
[14:34:23.977][MCBLASLT][I]module get function mcblas__Mck_sgemm_full_1m1n1k_xt_fp32_fp32_fp32_sb_nn_0_256_64x32_0 successed
[14:34:23.977][MCBLASLT][I]mcModuleLaunchKernel successed, ret = 0
[14:34:23.977][MXC][I]raw async_copy ts:[68789007612651,68789007634446]
[14:34:23.977][MXC][I]sdma_ts_.sdma_counter:68788037387253
[14:34:23.977][MXC][I]DNOCfreq:900000000, async_copy ts translate ret [1788964464247360326, 1788964464247384542]
[14:34:23.977][MXC][I]raw dispatch ts:[113237064877388,113237064878774]
[14:34:23.977][MXC][I]dispatch ts translate ret [1788964463977503490, 1788964463977517350]
[14:34:23.977][MXC][I]raw dispatch ts:[113237064879048,113237064880921]
[14:34:23.977][MXC][I]dispatch ts translate ret [1788964463977520090, 1788964463977538820]
[14:34:23.977][MCR][I]mc_memory.cpp            :1671: copy strategy - H2DCpuCopy:0,D2HCpuCopy:0,cpuCopy:0,d2dCrossDevices:0,pageableHToDAsync:0
[14:34:23.977][MCR][I]mc_memory.cpp            :1672: copy strategy - isAsync:0,waitComplete:0
[14:34:23.977][MXC][I]raw dispatch ts:[113237064881197,113237064885008]
[14:34:23.977][MXC][I]dispatch ts translate ret [1788964463977541580, 1788964463977579690]
[14:34:23.977][MXC][I]raw dispatch ts:[113237064885455,113237064885694]
[14:34:23.977][MXC][I]dispatch ts translate ret [1788964463977584160, 1788964463977586550]
[14:34:23.977][MXC][I]raw dispatch ts:[113237064888448,113237064888764]
[14:34:23.977][MXC][I]dispatch ts translate ret [1788964463977614090, 1788964463977617250]
[14:34:23.977][MXC][I]raw dispatch ts:[113237064894763,113237064895428]
[14:34:23.977][MXC][I]dispatch ts translate ret [1788964463977677286, 1788964463977683942]
[14:34:23.977][MXC][I]raw dispatch ts:[113237064897878,113237064899442]
[14:34:23.977][MXC][I]dispatch ts translate ret [1788964463977708465, 1788964463977724119]
[14:34:23.977][MXC][I]raw dispatch ts:[113237064899727,113237064901092]
[14:34:23.977][MXC][I]dispatch ts translate ret [1788964463977726971, 1788964463977740634]
[14:34:23.977][MXC][I]raw dispatch ts:[113237064903637,113237064905613]
[14:34:23.977][MXC][I]dispatch ts translate ret [1788964463977766107, 1788964463977785885]
[14:34:23.977][MXC][I]raw dispatch ts:[113237064905902,113237064906848]
[14:34:23.977][MXC][I]dispatch ts translate ret [1788964463977788777, 1788964463977798246]
[14:34:23.977][MXC][I]raw dispatch ts:[113237064907127,113237064908469]
[14:34:23.977][MXC][I]dispatch ts translate ret [1788964463977801039, 1788964463977814471]
[14:34:23.978][MXC][I]raw dispatch ts:[113237064916669,113237064917228]
[14:34:23.978][MXC][I]dispatch ts translate ret [1788964463977896544, 1788964463977902139]
[14:34:23.978][MXC][I]raw dispatch ts:[113237064919749,113237064920155]
[14:34:23.978][MXC][I]dispatch ts translate ret [1788964463977927205, 1788964463977931262]
[14:34:23.978][MXC][I]raw dispatch ts:[113237064920436,113237064920628]
[14:34:23.978][MXC][I]dispatch ts translate ret [1788964463977934069, 1788964463977935988]
[14:34:23.978][MCBLASLT][I]set_workspace is called ! user allocated size: 67108864B = 64.000000MB
[14:34:23.978][MCBLAS][I]mcblasSgemmStridedBatched 1 0 32 16 128 128 128 32 256 4096 2048 512 1.000000 0.000000
[14:34:23.978][MCBLASLT][I]Kernsel found best solution: Kernel name: mcblas__Mck_sgemm_full_1m1n1k_xt_fp32_fp32_fp32_sb_tn_0_256_64x32_0, slt:0, swap:0, ksplit:0
[14:34:23.978][MCBLASLT][I]module get function mcblas__Mck_sgemm_full_1m1n1k_xt_fp32_fp32_fp32_sb_tn_0_256_64x32_0 successed
[14:34:23.978][MCBLASLT][I]mcModuleLaunchKernel successed, ret = 0
[14:34:23.978][MXC][I]raw dispatch ts:[113237064943988,113237064944109]
[14:34:23.978][MXC][I]dispatch ts translate ret [1788964463978169651, 1788964463978170862]
[14:34:23.978][MCR][I]mc_memory.cpp            :1671: copy strategy - H2DCpuCopy:0,D2HCpuCopy:0,cpuCopy:0,d2dCrossDevices:0,pageableHToDAsync:0
[14:34:23.978][MCR][I]mc_memory.cpp            :1672: copy strategy - isAsync:0,waitComplete:0
[14:34:23.978][MXC][I]raw dispatch ts:[113237064920897,113237064921361]
[14:34:23.978][MXC][I]dispatch ts translate ret [1788964463977938616, 1788964463977943256]
[14:34:23.978][MXC][I]raw async_copy ts:[68789008034413,68789008046110]
[14:34:23.978][MXC][I]sdma_ts_.sdma_counter:68788037387253
[14:34:23.978][MXC][I]DNOCfreq:900000000, async_copy ts translate ret [1788964464247828950, 1788964464247841946]
[14:34:23.978][MXC][I]raw dispatch ts:[113237064923915,113237064924323]
[14:34:23.978][MXC][I]dispatch ts translate ret [1788964463977968796, 1788964463977972876]
[14:34:23.978][MXC][I]raw dispatch ts:[113237064924596,113237064924953]
[14:34:23.978][MXC][I]dispatch ts translate ret [1788964463977975606, 1788964463977979176]
[14:34:23.978][MXC][I]raw dispatch ts:[113237064925220,113237064925507]
[14:34:23.978][MXC][I]dispatch ts translate ret [1788964463977981846, 1788964463977984716]
[14:34:23.978][MXC][I]raw dispatch ts:[113237064925787,113237064925963]
[14:34:23.978][MXC][I]dispatch ts translate ret [1788964463977987516, 1788964463977989276]
[14:34:23.978][MCBLASLT][I]set_workspace is called ! user allocated size: 67108864B = 64.000000MB
[14:34:23.978][MXC][I]raw dispatch ts:[113237064926231,113237064926986]
[14:34:23.978][MXC][I]dispatch ts translate ret [1788964463977991956, 1788964463977999506]
[14:34:23.978][MCBLAS][I]mcblasSgemmStridedBatched 0 0 128 16 32 128 32 128 256 4096 512 2048 1.000000 0.000000
[14:34:23.978][MCBLASLT][I]Kernsel found best solution: Kernel name: mcblas__Mck_sgemm_full_1m1n1k_xt_fp32_fp32_fp32_sb_nn_0_256_64x32_0, slt:0, swap:0, ksplit:0
[14:34:23.978][MCBLASLT][I]module get function mcblas__Mck_sgemm_full_1m1n1k_xt_fp32_fp32_fp32_sb_nn_0_256_64x32_0 successed
[14:34:23.978][MXC][I]raw dispatch ts:[113237064929651,113237064929981]
[14:34:23.978][MCBLASLT][I]mcModuleLaunchKernel successed, ret = 0
[14:34:23.978][MXC][I]dispatch ts translate ret [1788964463978026166, 1788964463978029468]
[14:34:23.978][MXC][I]raw dispatch ts:[113237064930260,113237064930833]
[14:34:23.978][MXC][I]dispatch ts translate ret [1788964463978032261, 1788964463978037995]
[14:34:23.978][MCR][I]mc_memory.cpp            :1671: copy strategy - H2DCpuCopy:0,D2HCpuCopy:0,cpuCopy:0,d2dCrossDevices:0,pageableHToDAsync:0
[14:34:23.978][MCR][I]mc_memory.cpp            :1672: copy strategy - isAsync:0,waitComplete:0
[14:34:23.978][MXC][I]raw dispatch ts:[113237064964727,113237064965034]
[14:34:23.978][MXC][I]dispatch ts translate ret [1788964463978376865, 1788964463978379932]
[14:34:23.978][MXC][I]raw dispatch ts:[113237064931112,113237064932326]
[14:34:23.978][MXC][I]dispatch ts translate ret [1788964463978040897, 1788964463978053037]
[14:34:23.978][MXC][I]raw async_copy ts:[68789008268975,68789008290857]
[14:34:23.978][MXC][I]sdma_ts_.sdma_counter:68788037387253
[14:34:23.978][MXC][I]DNOCfreq:900000000, async_copy ts translate ret [1788964464248089574, 1788964464248113887]
[14:34:23.978][MXC][I]raw dispatch ts:[113237064932610,113237064933920]
[14:34:23.978][MXC][I]dispatch ts translate ret [1788964463978055877, 1788964463978068977]
[14:34:23.978][MXC][I]raw dispatch ts:[113237064934199,113237064935980]
[14:34:23.978][MXC][I]dispatch ts translate ret [1788964463978071767, 1788964463978089577]
[14:34:23.978][MXC][I]raw dispatch ts:[113237064936368,113237064940165]
[14:34:23.978][MXC][I]dispatch ts translate ret [1788964463978093457, 1788964463978131427]
[14:34:23.978][MXC][I]raw dispatch ts:[113237064940446,113237064940687]
[14:34:23.978][MXC][I]dispatch ts translate ret [1788964463978134237, 1788964463978136647]
[14:34:23.978][MXC][I]raw dispatch ts:[113237064943415,113237064943709]
[14:34:23.978][MXC][I]dispatch ts translate ret [1788964463978163927, 1788964463978166867]
[14:34:23.978][MXC][I]raw dispatch ts:[113237064951010,113237064951685]
[14:34:23.978][MXC][I]dispatch ts translate ret [1788964463978239820, 1788964463978246564]
[14:34:23.978][MXC][I]raw dispatch ts:[113237064954194,113237064955520]
[14:34:23.978][MXC][I]dispatch ts translate ret [1788964463978271631, 1788964463978284879]
[14:34:23.978][MCBLASLT][I]set_workspace is called ! user allocated size: 67108864B = 64.000000MB
[14:34:23.978][MXC][I]raw dispatch ts:[113237064955798,113237064957111]
[14:34:23.978][MCBLAS][I]mcblasSgemmStridedBatched 1 0 32 16 128 128 128 32 256 4096 2048 512 1.000000 0.000000
[14:34:23.978][MCBLASLT][I]Kernsel found best solution: Kernel name: mcblas__Mck_sgemm_full_1m1n1k_xt_fp32_fp32_fp32_sb_tn_0_256_64x32_0, slt:0, swap:0, ksplit:0
[14:34:23.978][MXC][I]dispatch ts translate ret [1788964463978287656, 1788964463978300774]
[14:34:23.978][MCBLASLT][I]module get function mcblas__Mck_sgemm_full_1m1n1k_xt_fp32_fp32_fp32_sb_tn_0_256_64x32_0 successed
[14:34:23.978][MCBLASLT][I]mcModuleLaunchKernel successed, ret = 0
[14:34:23.978][MXC][I]raw dispatch ts:[113237064957382,113237064959122]
[14:34:23.978][MXC][I]dispatch ts translate ret [1788964463978303482, 1788964463978320866]
[14:34:23.978][MXC][I]raw dispatch ts:[113237064961887,113237064962911]
[14:34:23.978][MXC][I]dispatch ts translate ret [1788964463978348491, 1788964463978358721]
[14:34:23.978][MXC][I]raw dispatch ts:[113237064963196,113237064964452]
[14:34:23.978][MXC][I]dispatch ts translate ret [1788964463978361569, 1788964463978374117]
[14:34:23.978][MXC][I]raw dispatch ts:[113237064971484,113237064972069]
[14:34:23.978][MXC][I]dispatch ts translate ret [1788964463978444372, 1788964463978450216]
[14:34:23.978][MCR][I]mc_memory.cpp            :1671: copy strategy - H2DCpuCopy:0,D2HCpuCopy:0,cpuCopy:0,d2dCrossDevices:0,pageableHToDAsync:0
[14:34:23.978][MXC][I]raw dispatch ts:[113237064974575,113237064974948]
[14:34:23.978][MCR][I]mc_memory.cpp            :1672: copy strategy - isAsync:0,waitComplete:0
[14:34:23.978][MXC][I]dispatch ts translate ret [1788964463978475253, 1788964463978478980]
[14:34:23.978][MXC][I]raw dispatch ts:[113237064975227,113237064975504]
[14:34:23.978][MXC][I]dispatch ts translate ret [1788964463978481767, 1788964463978484535]
[14:34:23.978][MCBLASLT][I]set_workspace is called ! user allocated size: 67108864B = 64.000000MB
[14:34:23.978][MCBLAS][I]mcblasSgemmStridedBatched 0 0 128 16 32 128 32 128 256 4096 512 2048 1.000000 0.000000
[14:34:23.978][MCBLASLT][I]Kernsel found best solution: Kernel name: mcblas__Mck_sgemm_full_1m1n1k_xt_fp32_fp32_fp32_sb_nn_0_256_64x32_0, slt:0, swap:0, ksplit:0
[14:34:23.978][MCBLASLT][I]module get function mcblas__Mck_sgemm_full_1m1n1k_xt_fp32_fp32_fp32_sb_nn_0_256_64x32_0 successed
[14:34:23.978][MCBLASLT][I]mcModuleLaunchKernel successed, ret = 0
[14:34:23.978][MCR][I]mc_memory.cpp            :1671: copy strategy - H2DCpuCopy:0,D2HCpuCopy:0,cpuCopy:0,d2dCrossDevices:0,pageableHToDAsync:0
[14:34:23.978][MCR][I]mc_memory.cpp            :1672: copy strategy - isAsync:0,waitComplete:0
[14:34:23.978][MXC][I]raw dispatch ts:[113237064998747,113237064998867]
[14:34:23.978][MXC][I]dispatch ts translate ret [1788964463978717059, 1788964463978718259]
[14:34:23.978][MXC][I]raw dispatch ts:[113237064975781,113237064976273]
[14:34:23.978][MXC][I]dispatch ts translate ret [1788964463978487397, 1788964463978492317]
[14:34:23.978][MXC][I]raw async_copy ts:[68789008675082,68789008686679]
[14:34:23.978][MXC][I]sdma_ts_.sdma_counter:68788037387253
[14:34:23.978][MXC][I]DNOCfreq:900000000, async_copy ts translate ret [1788964464248540804, 1788964464248553689]
[14:34:23.978][MXC][I]raw dispatch ts:[113237064978947,113237064979360]
[14:34:23.978][MXC][I]dispatch ts translate ret [1788964463978519058, 1788964463978523188]
[14:34:23.978][MXC][I]raw dispatch ts:[113237064979639,113237064979993]
[14:34:23.978][MXC][I]dispatch ts translate ret [1788964463978525978, 1788964463978529518]
[14:34:23.978][MXC][I]raw dispatch ts:[113237064980262,113237064980551]
[14:34:23.978][MXC][I]dispatch ts translate ret [1788964463978532208, 1788964463978535098]
[14:34:23.978][MXC][I]raw dispatch ts:[113237064980824,113237064980999]
[14:34:23.978][MXC][I]dispatch ts translate ret [1788964463978537828, 1788964463978539578]
[14:34:23.978][MXC][I]raw dispatch ts:[113237064981267,113237064981994]
[14:34:23.978][MXC][I]dispatch ts translate ret [1788964463978542258, 1788964463978549528]
[14:34:23.978][MXC][I]raw dispatch ts:[113237064984406,113237064984723]
[14:34:23.978][MXC][I]dispatch ts translate ret [1788964463978573648, 1788964463978576818]
[14:34:23.978][MXC][I]raw dispatch ts:[113237064984998,113237064985539]
[14:34:23.978][MXC][I]dispatch ts translate ret [1788964463978579568, 1788964463978584978]
[14:34:23.978][MCBLASLT][I]set_workspace is called ! user allocated size: 67108864B = 64.000000MB
[14:34:23.978][MCBLAS][I]mcblasSgemmStridedBatched 1 0 32 16 128 128 128 32 256 4096 2048 512 1.000000 0.000000
[14:34:23.978][MCBLASLT][I]Kernsel found best solution: Kernel name: mcblas__Mck_sgemm_full_1m1n1k_xt_fp32_fp32_fp32_sb_tn_0_256_64x32_0, slt:0, swap:0, ksplit:0
[14:34:23.978][MCBLASLT][I]module get function mcblas__Mck_sgemm_full_1m1n1k_xt_fp32_fp32_fp32_sb_tn_0_256_64x32_0 successed
[14:34:23.978][MCBLASLT][I]mcModuleLaunchKernel successed, ret = 0
[14:34:23.978][MXC][I]raw dispatch ts:[113237065018620,113237065018798]
[14:34:23.978][MXC][I]dispatch ts translate ret [1788964463978915828, 1788964463978917608]
[14:34:23.978][MXC][I]raw dispatch ts:[113237064985808,113237064987153]
[14:34:23.978][MXC][I]dispatch ts translate ret [1788964463978587669, 1788964463978601119]
[14:34:23.978][MCR][I]mc_memory.cpp            :1671: copy strategy - H2DCpuCopy:0,D2HCpuCopy:0,cpuCopy:0,d2dCrossDevices:0,pageableHToDAsync:0
[14:34:23.978][MCR][I]mc_memory.cpp            :1672: copy strategy - isAsync:0,waitComplete:0
[14:34:23.978][MXC][I]raw async_copy ts:[68789008913644,68789008935597]
[14:34:23.978][MXC][I]sdma_ts_.sdma_counter:68788037387253
[14:34:23.978][MXC][I]DNOCfreq:900000000, async_copy ts translate ret [1788964464248805873, 1788964464248830265]
[14:34:23.978][MXC][I]raw dispatch ts:[113237064987434,113237064988641]
[14:34:23.978][MXC][I]dispatch ts translate ret [1788964463978603929, 1788964463978615999]
[14:34:23.978][MXC][I]raw dispatch ts:[113237064988921,113237064990865]
[14:34:23.978][MXC][I]dispatch ts translate ret [1788964463978618799, 1788964463978638239]
[14:34:23.978][MXC][I]raw dispatch ts:[113237064991148,113237064994949]
[14:34:23.978][MXC][I]dispatch ts translate ret [1788964463978641069, 1788964463978679079]
[14:34:23.978][MXC][I]raw dispatch ts:[113237064995231,113237064995470]
[14:34:23.978][MXC][I]dispatch ts translate ret [1788964463978681899, 1788964463978684289]
[14:34:23.978][MXC][I]raw dispatch ts:[113237064998153,113237064998459]
[14:34:23.979][MXC][I]dispatch ts translate ret [1788964463978711119, 1788964463978714179]
[14:34:23.979][MCBLASLT][I]set_workspace is called ! user allocated size: 67108864B = 64.000000MB
[14:34:23.979][MXC][I]raw dispatch ts:[113237065004658,113237065005327]
[14:34:23.979][MCBLAS][I]mcblasSgemmStridedBatched 0 0 128 16 32 128 32 128 256 4096 512 2048 1.000000 0.000000
[14:34:23.979][MXC][I]dispatch ts translate ret [1788964463978776180, 1788964463978782871]
[14:34:23.979][MCBLASLT][I]Kernsel found best solution: Kernel name: mcblas__Mck_sgemm_full_1m1n1k_xt_fp32_fp32_fp32_sb_nn_0_256_64x32_0, slt:0, swap:0, ksplit:0
[14:34:23.979][MCBLASLT][I]module get function mcblas__Mck_sgemm_full_1m1n1k_xt_fp32_fp32_fp32_sb_nn_0_256_64x32_0 successed
[14:34:23.979][MXC][I]raw dispatch ts:[113237065007850,113237065009197]
[14:34:23.979][MCBLASLT][I]mcModuleLaunchKernel successed, ret = 0
[14:34:23.979][MXC][I]dispatch ts translate ret [1788964463978808106, 1788964463978821579]
[14:34:23.979][MXC][I]raw dispatch ts:[113237065009480,113237065010809]
[14:34:23.979][MXC][I]dispatch ts translate ret [1788964463978824410, 1788964463978837702]
[14:34:23.979][MXC][I]raw dispatch ts:[113237065011143,113237065012946]
[14:34:23.979][MXC][I]dispatch ts translate ret [1788964463978841043, 1788964463978859077]
[14:34:23.979][MCR][I]mc_memory.cpp            :1671: copy strategy - H2DCpuCopy:0,D2HCpuCopy:0,cpuCopy:0,d2dCrossDevices:0,pageableHToDAsync:0
[14:34:23.979][MCR][I]mc_memory.cpp            :1672: copy strategy - isAsync:0,waitComplete:0
[14:34:23.979][MXC][I]raw dispatch ts:[113237065013217,113237065014181]
[14:34:23.979][MXC][I]dispatch ts translate ret [1788964463978861787, 1788964463978871429]
[14:34:23.979][MXC][I]raw dispatch ts:[113237065016939,113237065018349]
[14:34:23.979][MXC][I]dispatch ts translate ret [1788964463978899015, 1788964463978913117]
[14:34:23.979][MXC][I]raw dispatch ts:[113237065025079,113237065025616]
[14:34:23.979][MXC][I]dispatch ts translate ret [1788964463978980430, 1788964463978985801]
[14:34:23.979][MXC][I]raw dispatch ts:[113237065028229,113237065028637]
[14:34:23.979][MXC][I]dispatch ts translate ret [1788964463979011936, 1788964463979016017]
[14:34:23.979][MXC][I]raw dispatch ts:[113237065028919,113237065029111]
[14:34:23.979][MXC][I]dispatch ts translate ret [1788964463979018838, 1788964463979020758]
[14:34:23.979][MXC][I]raw dispatch ts:[113237065051633,113237065051992]
[14:34:23.979][MXC][I]dispatch ts translate ret [1788964463979246168, 1788964463979249760]
[14:34:23.979][MXC][I]raw dispatch ts:[113237065029386,113237065029875]
[14:34:23.979][MXC][I]dispatch ts translate ret [1788964463979023554, 1788964463979028447]
[14:34:23.979][MCBLASLT][I]set_workspace is called ! user allocated size: 67108864B = 64.000000MB
[14:34:23.979][MXC][I]raw async_copy ts:[68789009313640,68789009325243]
[14:34:23.979][MXC][I]sdma_ts_.sdma_counter:68788037387253
[14:34:23.979][MXC][I]DNOCfreq:900000000, async_copy ts translate ret [1788964464249250313, 1788964464249263205]
[14:34:23.979][MCBLAS][I]mcblasSgemmStridedBatched 1 0 32 16 128 128 128 32 256 4096 2048 512 1.000000 0.000000
[14:34:23.979][MXC][I]raw dispatch ts:[113237065030154,113237065030486]
[14:34:23.979][MCBLASLT][I]Kernsel found best solution: Kernel name: mcblas__Mck_sgemm_full_1m1n1k_xt_fp32_fp32_fp32_sb_tn_0_256_64x32_0, slt:0, swap:0, ksplit:0
[14:34:23.979][MCBLASLT][I]module get function mcblas__Mck_sgemm_full_1m1n1k_xt_fp32_fp32_fp32_sb_tn_0_256_64x32_0 successed
[14:34:23.979][MXC][I]dispatch ts translate ret [1788964463979031239, 1788964463979034561]
[14:34:23.979][MCBLASLT][I]mcModuleLaunchKernel successed, ret = 0
[14:34:23.979][MXC][I]raw dispatch ts:[113237065032880,113237065033339]
[14:34:23.979][MXC][I]dispatch ts translate ret [1788964463979058517, 1788964463979063110]
[14:34:23.979][MXC][I]raw dispatch ts:[113237065033622,113237065033912]
[14:34:23.979][MXC][I]dispatch ts translate ret [1788964463979065942, 1788964463979068844]
[14:34:23.979][MXC][I]raw dispatch ts:[113237065034192,113237065034378]
[14:34:23.979][MXC][I]dispatch ts translate ret [1788964463979071645, 1788964463979073507]
[14:34:23.979][MXC][I]raw dispatch ts:[113237065036741,113237065037517]
[14:34:23.979][MXC][I]dispatch ts translate ret [1788964463979097152, 1788964463979104917]
[14:34:23.979][MXC][I]raw dispatch ts:[113237065037803,113237065038099]
[14:34:23.979][MCR][I]mc_memory.cpp            :1671: copy strategy - H2DCpuCopy:0,D2HCpuCopy:0,cpuCopy:0,d2dCrossDevices:0,pageableHToDAsync:0
[14:34:23.979][MCR][I]mc_memory.cpp            :1672: copy strategy - isAsync:0,waitComplete:0
[14:34:23.979][MXC][I]dispatch ts translate ret [1788964463979107779, 1788964463979110741]
[14:34:23.979][MXC][I]raw dispatch ts:[113237065038375,113237065038791]
[14:34:23.979][MXC][I]dispatch ts translate ret [1788964463979113502, 1788964463979117665]
[14:34:23.979][MCBLASLT][I]set_workspace is called ! user allocated size: 67108864B = 64.000000MB
[14:34:23.979][MCBLAS][I]mcblasSgemmStridedBatched 0 0 128 16 32 128 32 128 256 4096 512 2048 1.000000 0.000000
[14:34:23.979][MCBLASLT][I]Kernsel found best solution: Kernel name: mcblas__Mck_sgemm_full_1m1n1k_xt_fp32_fp32_fp32_sb_nn_0_256_64x32_0, slt:0, swap:0, ksplit:0
[14:34:23.979][MCBLASLT][I]module get function mcblas__Mck_sgemm_full_1m1n1k_xt_fp32_fp32_fp32_sb_nn_0_256_64x32_0 successed
[14:34:23.979][MCBLASLT][I]mcModuleLaunchKernel successed, ret = 0
[14:34:23.979][MCR][I]mc_memory.cpp            :1671: copy strategy - H2DCpuCopy:0,D2HCpuCopy:0,cpuCopy:0,d2dCrossDevices:0,pageableHToDAsync:0
[14:34:23.979][MCR][I]mc_memory.cpp            :1672: copy strategy - isAsync:0,waitComplete:0
[14:34:23.979][MXC][I]raw dispatch ts:[113237065073234,113237065073412]
[14:34:23.979][MXC][I]dispatch ts translate ret [1788964463979462007, 1788964463979463785]
[14:34:23.979][MXC][I]raw dispatch ts:[113237065041198,113237065042473]
[14:34:23.979][MXC][I]dispatch ts translate ret [1788964463979141824, 1788964463979154574]
[14:34:23.979][MXC][I]raw async_copy ts:[68789009569955,68789009591847]
[14:34:23.979][MXC][I]sdma_ts_.sdma_counter:68788037387253
[14:34:23.979][MXC][I]DNOCfreq:900000000, async_copy ts translate ret [1788964464249535108, 1788964464249559432]
[14:34:23.979][MXC][I]raw dispatch ts:[113237065042753,113237065044066]
[14:34:23.979][MXC][I]dispatch ts translate ret [1788964463979157374, 1788964463979170504]
[14:34:23.979][MXC][I]raw dispatch ts:[113237065044345,113237065046233]
[14:34:23.979][MXC][I]dispatch ts translate ret [1788964463979173294, 1788964463979192174]
[14:34:23.979][MXC][I]raw dispatch ts:[113237065046503,113237065050297]
[14:34:23.979][MXC][I]dispatch ts translate ret [1788964463979194874, 1788964463979232814]
[14:34:23.979][MXC][I]raw dispatch ts:[113237065050569,113237065050871]
[14:34:23.979][MXC][I]dispatch ts translate ret [1788964463979235534, 1788964463979238554]
[14:34:23.979][MXC][I]raw dispatch ts:[113237065051139,113237065051359]
[14:34:23.979][MXC][I]dispatch ts translate ret [1788964463979241234, 1788964463979243434]
[14:34:23.979][MXC][I]raw dispatch ts:[113237065058531,113237065059199]
[14:34:23.979][MXC][I]dispatch ts translate ret [1788964463979315104, 1788964463979321778]
[14:34:23.979][MXC][I]raw dispatch ts:[113237065061985,113237065063424]
[14:34:23.979][MXC][I]dispatch ts translate ret [1788964463979349614, 1788964463979363992]
[14:34:23.979][MXC][I]raw dispatch ts:[113237065063715,113237065064924]
[14:34:23.979][MXC][I]dispatch ts translate ret [1788964463979366899, 1788964463979378979]
[14:34:23.979][MXC][I]raw dispatch ts:[113237065065208,113237065067349]
[14:34:23.979][MXC][I]dispatch ts translate ret [1788964463979381816, 1788964463979403208]
[14:34:23.979][MXC][I]raw dispatch ts:[113237065067628,113237065068633]
[14:34:23.979][MXC][I]dispatch ts translate ret [1788964463979405995, 1788964463979416037]
[14:34:23.979][MXC][I]raw dispatch ts:[113237065071464,113237065072952]
[14:34:23.979][MXC][I]dispatch ts translate ret [1788964463979444322, 1788964463979459189]
[14:34:23.979][MXC][I]raw dispatch ts:[113237065079691,113237065080228]
[14:34:23.979][MXC][I]dispatch ts translate ret [1788964463979526520, 1788964463979531886]
[14:34:23.979][MXC][I]raw dispatch ts:[113237065082728,113237065083134]
[14:34:23.979][MXC][I]dispatch ts translate ret [1788964463979556864, 1788964463979560921]
[14:34:23.979][MXC][I]raw dispatch ts:[113237065083416,113237065083608]
[14:34:23.979][MXC][I]dispatch ts translate ret [1788964463979563738, 1788964463979565656]
[14:34:23.979][MCBLASLT][I]set_workspace is called ! user allocated size: 67108864B = 64.000000MB
[14:34:23.979][MCBLAS][I]mcblasSgemmStridedBatched 1 0 32 16 128 128 128 32 256 4096 2048 512 1.000000 0.000000
[14:34:23.979][MCBLASLT][I]Kernsel found best solution: Kernel name: mcblas__Mck_sgemm_full_1m1n1k_xt_fp32_fp32_fp32_sb_tn_0_256_64x32_0, slt:0, swap:0, ksplit:0
[14:34:23.979][MCBLASLT][I]module get function mcblas__Mck_sgemm_full_1m1n1k_xt_fp32_fp32_fp32_sb_tn_0_256_64x32_0 successed
[14:34:23.979][MCBLASLT][I]mcModuleLaunchKernel successed, ret = 0
[14:34:23.979][MCR][I]mc_memory.cpp            :1671: copy strategy - H2DCpuCopy:0,D2HCpuCopy:0,cpuCopy:0,d2dCrossDevices:0,pageableHToDAsync:0
[14:34:23.979][MCR][I]mc_memory.cpp            :1672: copy strategy - isAsync:0,waitComplete:0
[14:34:23.979][MXC][I]raw dispatch ts:[113237065104318,113237065104708]
[14:34:23.979][MXC][I]dispatch ts translate ret [1788964463979772897, 1788964463979776797]
[14:34:23.979][MXC][I]raw dispatch ts:[113237065083868,113237065084332]
[14:34:23.979][MXC][I]dispatch ts translate ret [1788964463979568359, 1788964463979573000]
[14:34:23.979][MCBLASLT][I]set_workspace is called ! user allocated size: 67108864B = 64.000000MB
[14:34:23.979][MCBLAS][I]mcblasSgemmStridedBatched 0 0 128 16 32 128 32 128 256 4096 512 2048 1.000000 0.000000
[14:34:23.979][MXC][I]raw async_copy ts:[68789009945653,68789009957213]
[14:34:23.979][MXC][I]sdma_ts_.sdma_counter:68788037387253
[14:34:23.979][MXC][I]DNOCfreq:900000000, async_copy ts translate ret [1788964464249952550, 1788964464249965394]
[14:34:23.979][MCBLASLT][I]Kernsel found best solution: Kernel name: mcblas__Mck_sgemm_full_1m1n1k_xt_fp32_fp32_fp32_sb_nn_0_256_64x32_0, slt:0, swap:0, ksplit:0
[14:34:23.979][MCBLASLT][I]module get function mcblas__Mck_sgemm_full_1m1n1k_xt_fp32_fp32_fp32_sb_nn_0_256_64x32_0 successed
[14:34:23.979][MXC][I]raw dispatch ts:[113237065086692,113237065087104]
[14:34:23.979][MXC][I]dispatch ts translate ret [1788964463979596604, 1788964463979600725]
[14:34:23.979][MCBLASLT][I]mcModuleLaunchKernel successed, ret = 0
[14:34:23.979][MXC][I]raw dispatch ts:[113237065087378,113237065087733]
[14:34:23.979][MXC][I]dispatch ts translate ret [1788964463979603465, 1788964463979607016]
[14:34:23.979][MXC][I]raw dispatch ts:[113237065088012,113237065088300]
[14:34:23.979][MXC][I]dispatch ts translate ret [1788964463979609806, 1788964463979612687]
[14:34:23.979][MXC][I]raw dispatch ts:[113237065088578,113237065088754]
[14:34:23.979][MXC][I]dispatch ts translate ret [1788964463979615467, 1788964463979617228]
[14:34:23.979][MCR][I]mc_memory.cpp            :1671: copy strategy - H2DCpuCopy:0,D2HCpuCopy:0,cpuCopy:0,d2dCrossDevices:0,pageableHToDAsync:0
[14:34:23.979][MCR][I]mc_memory.cpp            :1672: copy strategy - isAsync:0,waitComplete:0
[14:34:23.979][MXC][I]raw dispatch ts:[113237065089024,113237065089771]
[14:34:23.979][MXC][I]dispatch ts translate ret [1788964463979619928, 1788964463979627400]
[14:34:23.979][MXC][I]raw dispatch ts:[113237065090300,113237065090504]
[14:34:23.979][MXC][I]dispatch ts translate ret [1788964463979632691, 1788964463979634731]
[14:34:23.979][MXC][I]raw dispatch ts:[113237065092913,113237065093434]
[14:34:23.979][MXC][I]dispatch ts translate ret [1788964463979658826, 1788964463979664036]
[14:34:23.979][MXC][I]raw dispatch ts:[113237065124936,113237065125239]
[14:34:23.979][MXC][I]dispatch ts translate ret [1788964463979979014, 1788964463979982043]
[14:34:23.979][MXC][I]raw dispatch ts:[113237065093722,113237065095011]
[14:34:23.979][MXC][I]dispatch ts translate ret [1788964463979666938, 1788964463979679828]
[14:34:23.980][MXC][I]raw async_copy ts:[68789010191682,68789010213544]
[14:34:23.980][MXC][I]sdma_ts_.sdma_counter:68788037387253
[14:34:23.980][MXC][I]DNOCfreq:900000000, async_copy ts translate ret [1788964464250225916, 1788964464250250207]
[14:34:23.980][MXC][I]raw dispatch ts:[113237065095290,113237065096747]
[14:34:23.980][MXC][I]dispatch ts translate ret [1788964463979682618, 1788964463979697188]
[14:34:23.980][MXC][I]raw dispatch ts:[113237065097107,113237065098904]
[14:34:23.980][MXC][I]dispatch ts translate ret [1788964463979700788, 1788964463979718758]
[14:34:23.980][MXC][I]raw dispatch ts:[113237065099183,113237065102991]
[14:34:23.980][MXC][I]dispatch ts translate ret [1788964463979721548, 1788964463979759628]
[14:34:23.980][MXC][I]raw dispatch ts:[113237065103269,113237065103568]
[14:34:23.980][MXC][I]dispatch ts translate ret [1788964463979762408, 1788964463979765398]
[14:34:23.980][MXC][I]raw dispatch ts:[113237065103836,113237065104057]
[14:34:23.980][MXC][I]dispatch ts translate ret [1788964463979768078, 1788964463979770288]
[14:34:23.980][MCBLASLT][I]set_workspace is called ! user allocated size: 67108864B = 64.000000MB
[14:34:23.980][MCBLAS][I]mcblasSgemmStridedBatched 1 0 32 16 128 128 128 32 256 4096 2048 512 1.000000 0.000000
[14:34:23.980][MCBLASLT][I]Kernsel found best solution: Kernel name: mcblas__Mck_sgemm_full_1m1n1k_xt_fp32_fp32_fp32_sb_tn_0_256_64x32_0, slt:0, swap:0, ksplit:0
[14:34:23.980][MCBLASLT][I]module get function mcblas__Mck_sgemm_full_1m1n1k_xt_fp32_fp32_fp32_sb_tn_0_256_64x32_0 successed
[14:34:23.980][MXC][I]raw dispatch ts:[113237065111366,113237065112015]
[14:34:23.980][MCBLASLT][I]mcModuleLaunchKernel successed, ret = 0
[14:34:23.980][MXC][I]dispatch ts translate ret [1788964463979843359, 1788964463979849847]
[14:34:23.980][MXC][I]raw dispatch ts:[113237065114393,113237065115696]
[14:34:23.980][MXC][I]dispatch ts translate ret [1788964463979873619, 1788964463979886645]
[14:34:23.980][MXC][I]raw dispatch ts:[113237065115973,113237065117280]
[14:34:23.980][MXC][I]dispatch ts translate ret [1788964463979889414, 1788964463979902479]
[14:34:23.980][MXC][I]raw dispatch ts:[113237065117562,113237065119470]
[14:34:23.980][MXC][I]dispatch ts translate ret [1788964463979905298, 1788964463979924372]
[14:34:23.980][MXC][I]raw dispatch ts:[113237065122102,113237065123135]
[14:34:23.980][MXC][I]dispatch ts translate ret [1788964463979950684, 1788964463979961010]
[14:34:23.980][MCR][I]mc_memory.cpp            :1671: copy strategy - H2DCpuCopy:0,D2HCpuCopy:0,cpuCopy:0,d2dCrossDevices:0,pageableHToDAsync:0
[14:34:23.980][MXC][I]raw dispatch ts:[113237065123424,113237065124662]
[14:34:23.980][MCR][I]mc_memory.cpp            :1672: copy strategy - isAsync:0,waitComplete:0
[14:34:23.980][MXC][I]dispatch ts translate ret [1788964463979963899, 1788964463979976275]
[14:34:23.980][MXC][I]raw dispatch ts:[113237065131503,113237065132038]
[14:34:23.980][MXC][I]dispatch ts translate ret [1788964463980044662, 1788964463980050010]
[14:34:23.980][MXC][I]raw dispatch ts:[113237065134589,113237065135013]
[14:34:23.980][MXC][I]dispatch ts translate ret [1788964463980075512, 1788964463980079750]
[14:34:23.980][MXC][I]raw dispatch ts:[113237065135304,113237065135496]
[14:34:23.980][MXC][I]dispatch ts translate ret [1788964463980082659, 1788964463980084579]
[14:34:23.980][MCBLASLT][I]set_workspace is called ! user allocated size: 67108864B = 64.000000MB
[14:34:23.980][MCBLAS][I]mcblasSgemmStridedBatched 0 0 128 16 32 128 32 128 256 4096 512 2048 1.000000 0.000000
[14:34:23.980][MCBLASLT][I]Kernsel found best solution: Kernel name: mcblas__Mck_sgemm_full_1m1n1k_xt_fp32_fp32_fp32_sb_nn_0_256_64x32_0, slt:0, swap:0, ksplit:0
[14:34:23.980][MCBLASLT][I]module get function mcblas__Mck_sgemm_full_1m1n1k_xt_fp32_fp32_fp32_sb_nn_0_256_64x32_0 successed
[14:34:23.980][MCBLASLT][I]mcModuleLaunchKernel successed, ret = 0
[14:34:23.980][MCR][I]mc_memory.cpp            :1671: copy strategy - H2DCpuCopy:0,D2HCpuCopy:0,cpuCopy:0,d2dCrossDevices:0,pageableHToDAsync:0
[14:34:23.980][MCR][I]mc_memory.cpp            :1672: copy strategy - isAsync:0,waitComplete:0
[14:34:23.980][MXC][I]raw dispatch ts:[113237065158759,113237065158943]
[14:34:23.980][MXC][I]dispatch ts translate ret [1788964463980317278, 1788964463980319119]
[14:34:23.980][MXC][I]raw dispatch ts:[113237065135961,113237065136427]
[14:34:23.980][MXC][I]dispatch ts translate ret [1788964463980089273, 1788964463980093933]
[14:34:23.980][MXC][I]raw async_copy ts:[68789010598691,68789010610250]
[14:34:23.980][MXC][I]sdma_ts_.sdma_counter:68788037387253
[14:34:23.980][MXC][I]DNOCfreq:900000000, async_copy ts translate ret [1788964464250678148, 1788964464250690991]
[14:34:23.980][MXC][I]raw dispatch ts:[113237065138876,113237065139284]
[14:34:23.980][MXC][I]dispatch ts translate ret [1788964463980118426, 1788964463980122507]
[14:34:23.980][MXC][I]raw dispatch ts:[113237065139562,113237065139919]
[14:34:23.980][MXC][I]dispatch ts translate ret [1788964463980125287, 1788964463980128857]
[14:34:23.980][MXC][I]raw dispatch ts:[113237065140190,113237065140480]
[14:34:23.980][MXC][I]dispatch ts translate ret [1788964463980131568, 1788964463980134468]
[14:34:23.980][MXC][I]raw dispatch ts:[113237065140753,113237065140972]
[14:34:23.980][MXC][I]dispatch ts translate ret [1788964463980137198, 1788964463980139389]
[14:34:23.980][MXC][I]raw dispatch ts:[113237065143740,113237065144521]
[14:34:23.980][MXC][I]dispatch ts translate ret [1788964463980167072, 1788964463980174882]
[14:34:23.980][MXC][I]raw dispatch ts:[113237065144796,113237065145092]
[14:34:23.980][MXC][I]dispatch ts translate ret [1788964463980177633, 1788964463980180593]
[14:34:23.980][MXC][I]raw dispatch ts:[113237065145406,113237065145855]
[14:34:23.980][MXC][I]dispatch ts translate ret [1788964463980183733, 1788964463980188224]
[14:34:23.980][MCBLASLT][I]set_workspace is called ! user allocated size: 67108864B = 64.000000MB
[14:34:23.980][MCBLAS][I]mcblasSgemmStridedBatched 1 0 32 16 128 128 128 32 256 4096 2048 512 1.000000 0.000000
[14:34:23.980][MCBLASLT][I]Kernsel found best solution: Kernel name: mcblas__Mck_sgemm_full_1m1n1k_xt_fp32_fp32_fp32_sb_tn_0_256_64x32_0, slt:0, swap:0, ksplit:0
[14:34:23.980][MCBLASLT][I]module get function mcblas__Mck_sgemm_full_1m1n1k_xt_fp32_fp32_fp32_sb_tn_0_256_64x32_0 successed
[14:34:23.980][MCBLASLT][I]mcModuleLaunchKernel successed, ret = 0
[14:34:23.980][MCR][I]mc_memory.cpp            :1671: copy strategy - H2DCpuCopy:0,D2HCpuCopy:0,cpuCopy:0,d2dCrossDevices:0,pageableHToDAsync:0
[14:34:23.980][MCR][I]mc_memory.cpp            :1672: copy strategy - isAsync:0,waitComplete:0
[14:34:23.980][MXC][I]raw dispatch ts:[113237065178497,113237065178811]
[14:34:23.980][MXC][I]dispatch ts translate ret [1788964463980514618, 1788964463980517757]
[14:34:23.980][MXC][I]raw dispatch ts:[113237065146148,113237065147352]
[14:34:23.980][MXC][I]dispatch ts translate ret [1788964463980191169, 1788964463980203209]
[14:34:23.980][MXC][I]raw async_copy ts:[68789010834309,68789010856262]
[14:34:23.980][MXC][I]sdma_ts_.sdma_counter:68788037387253
[14:34:23.980][MXC][I]DNOCfreq:900000000, async_copy ts translate ret [1788964464250939946, 1788964464250964338]
[14:34:23.980][MXC][I]raw dispatch ts:[113237065147634,113237065148807]
[14:34:23.980][MXC][I]dispatch ts translate ret [1788964463980206029, 1788964463980217759]
[14:34:23.980][MXC][I]raw dispatch ts:[113237065149090,113237065150816]
[14:34:23.980][MXC][I]dispatch ts translate ret [1788964463980220589, 1788964463980237849]
[14:34:23.980][MXC][I]raw dispatch ts:[113237065153511,113237065157400]
[14:34:23.980][MXC][I]dispatch ts translate ret [1788964463980264799, 1788964463980303689]
[14:34:23.980][MCBLASLT][I]set_workspace is called ! user allocated size: 67108864B = 64.000000MB
[14:34:23.980][MXC][I]raw dispatch ts:[113237065157685,113237065157989]
[14:34:23.980][MXC][I]dispatch ts translate ret [1788964463980306539, 1788964463980309579]
[14:34:23.980][MCBLAS][I]mcblasSgemmStridedBatched 0 0 128 16 32 128 32 128 256 4096 512 2048 1.000000 0.000000
[14:34:23.980][MCBLASLT][I]Kernsel found best solution: Kernel name: mcblas__Mck_sgemm_full_1m1n1k_xt_fp32_fp32_fp32_sb_nn_0_256_64x32_0, slt:0, swap:0, ksplit:0
[14:34:23.980][MCBLASLT][I]module get function mcblas__Mck_sgemm_full_1m1n1k_xt_fp32_fp32_fp32_sb_nn_0_256_64x32_0 successed
[14:34:23.980][MXC][I]raw dispatch ts:[113237065158269,113237065158494]
[14:34:23.980][MXC][I]dispatch ts translate ret [1788964463980312379, 1788964463980314629]
[14:34:23.980][MCBLASLT][I]mcModuleLaunchKernel successed, ret = 0
[14:34:23.980][MXC][I]raw dispatch ts:[113237065164652,113237065165317]
[14:34:23.980][MXC][I]dispatch ts translate ret [1788964463980376198, 1788964463980382847]
[14:34:23.980][MXC][I]raw dispatch ts:[113237065167738,113237065169038]
[14:34:23.980][MXC][I]dispatch ts translate ret [1788964463980407052, 1788964463980420049]
[14:34:23.980][MCR][I]mc_memory.cpp            :1671: copy strategy - H2DCpuCopy:0,D2HCpuCopy:0,cpuCopy:0,d2dCrossDevices:0,pageableHToDAsync:0
[14:34:23.980][MXC][I]raw dispatch ts:[113237065169318,113237065170687]
[14:34:23.980][MCR][I]mc_memory.cpp            :1672: copy strategy - isAsync:0,waitComplete:0
[14:34:23.980][MXC][I]dispatch ts translate ret [1788964463980422848, 1788964463980436535]
[14:34:23.980][MXC][I]raw dispatch ts:[113237065170964,113237065172866]
[14:34:23.980][MXC][I]dispatch ts translate ret [1788964463980439304, 1788964463980458320]
[14:34:23.980][MXC][I]raw dispatch ts:[113237065175558,113237065176613]
[14:34:23.980][MXC][I]dispatch ts translate ret [1788964463980485234, 1788964463980495782]
[14:34:23.980][MXC][I]raw dispatch ts:[113237065176888,113237065178150]
[14:34:23.980][MXC][I]dispatch ts translate ret [1788964463980498531, 1788964463980511148]
[14:34:23.980][MXC][I]raw dispatch ts:[113237065185090,113237065185661]
[14:34:23.980][MXC][I]dispatch ts translate ret [1788964463980580532, 1788964463980586241]
[14:34:23.980][MXC][I]raw dispatch ts:[113237065188083,113237065188489]
[14:34:23.980][MXC][I]dispatch ts translate ret [1788964463980610455, 1788964463980614514]
[14:34:23.980][MXC][I]raw dispatch ts:[113237065188774,113237065188966]
[14:34:23.980][MXC][I]dispatch ts translate ret [1788964463980617364, 1788964463980619283]
[14:34:23.980][MXC][I]raw dispatch ts:[113237065212209,113237065212570]
[14:34:23.980][MXC][I]dispatch ts translate ret [1788964463980851810, 1788964463980855421]
[14:34:23.980][MXC][I]raw dispatch ts:[113237065189241,113237065189719]
[14:34:23.980][MXC][I]dispatch ts translate ret [1788964463980622078, 1788964463980626859]
[14:34:23.980][MCBLASLT][I]set_workspace is called ! user allocated size: 67108864B = 64.000000MB
[14:34:23.980][MCBLAS][I]mcblasSgemmStridedBatched 1 0 32 16 128 128 128 32 256 4096 2048 512 1.000000 0.000000
[14:34:23.980][MCBLASLT][I]Kernsel found best solution: Kernel name: mcblas__Mck_sgemm_full_1m1n1k_xt_fp32_fp32_fp32_sb_tn_0_256_64x32_0, slt:0, swap:0, ksplit:0
[14:34:23.980][MCBLASLT][I]module get function mcblas__Mck_sgemm_full_1m1n1k_xt_fp32_fp32_fp32_sb_tn_0_256_64x32_0 successed
[14:34:23.980][MCBLASLT][I]mcModuleLaunchKernel successed, ret = 0
[14:34:23.980][MXC][I]raw async_copy ts:[68789011241649,68789011253342]
[14:34:23.980][MXC][I]sdma_ts_.sdma_counter:68788037387253
[14:34:23.980][MXC][I]DNOCfreq:900000000, async_copy ts translate ret [1788964464251392546, 1788964464251405538]
[14:34:23.980][MXC][I]raw dispatch ts:[113237065192300,113237065192708]
[14:34:23.980][MXC][I]dispatch ts translate ret [1788964463980652675, 1788964463980656756]
[14:34:23.980][MXC][I]raw dispatch ts:[113237065192997,113237065193349]
[14:34:23.980][MXC][I]dispatch ts translate ret [1788964463980659646, 1788964463980663167]
[14:34:23.980][MXC][I]raw dispatch ts:[113237065193625,113237065193913]
[14:34:23.980][MXC][I]dispatch ts translate ret [1788964463980665928, 1788964463980668809]
[14:34:23.980][MCR][I]mc_memory.cpp            :1671: copy strategy - H2DCpuCopy:0,D2HCpuCopy:0,cpuCopy:0,d2dCrossDevices:0,pageableHToDAsync:0
[14:34:23.980][MXC][I]raw dispatch ts:[113237065194193,113237065194370]
[14:34:23.980][MCR][I]mc_memory.cpp            :1672: copy strategy - isAsync:0,waitComplete:0
[14:34:23.980][MXC][I]dispatch ts translate ret [1788964463980671609, 1788964463980673380]
[14:34:23.980][MXC][I]raw dispatch ts:[113237065196831,113237065197610]
[14:34:23.980][MXC][I]dispatch ts translate ret [1788964463980697995, 1788964463980705787]
[14:34:23.980][MXC][I]raw dispatch ts:[113237065197889,113237065198182]
[14:34:23.980][MXC][I]dispatch ts translate ret [1788964463980708578, 1788964463980711508]
[14:34:23.980][MXC][I]raw dispatch ts:[113237065198454,113237065198880]
[14:34:23.980][MXC][I]dispatch ts translate ret [1788964463980714229, 1788964463980718490]
[14:34:23.981][MCBLASLT][I]set_workspace is called ! user allocated size: 67108864B = 64.000000MB
[14:34:23.981][MCBLAS][I]mcblasSgemmStridedBatched 0 0 128 16 32 128 32 128 256 4096 512 2048 1.000000 0.000000
[14:34:23.981][MCBLASLT][I]Kernsel found best solution: Kernel name: mcblas__Mck_sgemm_full_1m1n1k_xt_fp32_fp32_fp32_sb_nn_0_256_64x32_0, slt:0, swap:0, ksplit:0
[14:34:23.981][MCBLASLT][I]module get function mcblas__Mck_sgemm_full_1m1n1k_xt_fp32_fp32_fp32_sb_nn_0_256_64x32_0 successed
[14:34:23.981][MCBLASLT][I]mcModuleLaunchKernel successed, ret = 0
[14:34:23.981][MCR][I]mc_memory.cpp            :1671: copy strategy - H2DCpuCopy:0,D2HCpuCopy:0,cpuCopy:0,d2dCrossDevices:0,pageableHToDAsync:0
[14:34:23.981][MCR][I]mc_memory.cpp            :1672: copy strategy - isAsync:0,waitComplete:0
[14:34:23.981][MXC][I]raw dispatch ts:[113237065232486,113237065232820]
[14:34:23.981][MXC][I]dispatch ts translate ret [1788964463981054479, 1788964463981057817]
[14:34:23.981][MXC][I]raw dispatch ts:[113237065199153,113237065200521]
[14:34:23.981][MXC][I]dispatch ts translate ret [1788964463980721252, 1788964463980734932]
[14:34:23.981][MXC][I]raw async_copy ts:[68789011480697,68789011502571]
[14:34:23.981][MXC][I]sdma_ts_.sdma_counter:68788037387253
[14:34:23.981][MXC][I]DNOCfreq:900000000, async_copy ts translate ret [1788964464251658154, 1788964464251682458]
[14:34:23.981][MXC][I]raw dispatch ts:[113237065203263,113237065204704]
[14:34:23.981][MXC][I]dispatch ts translate ret [1788964463980762352, 1788964463980776762]
[14:34:23.981][MXC][I]raw dispatch ts:[113237065204977,113237065206806]
[14:34:23.981][MXC][I]dispatch ts translate ret [1788964463980779492, 1788964463980797782]
[14:34:23.981][MXC][I]raw dispatch ts:[113237065207079,113237065210873]
[14:34:23.981][MXC][I]dispatch ts translate ret [1788964463980800512, 1788964463980838452]
[14:34:23.981][MXC][I]raw dispatch ts:[113237065211145,113237065211445]
[14:34:23.981][MXC][I]dispatch ts translate ret [1788964463980841172, 1788964463980844172]
[14:34:23.981][MXC][I]raw dispatch ts:[113237065211724,113237065211943]
[14:34:23.981][MXC][I]dispatch ts translate ret [1788964463980846962, 1788964463980849152]
[14:34:23.981][MXC][I]raw dispatch ts:[113237065218282,113237065218974]
[14:34:23.981][MXC][I]dispatch ts translate ret [1788964463980912515, 1788964463980919432]
[14:34:23.981][MXC][I]raw dispatch ts:[113237065221626,113237065222979]
[14:34:23.981][MXC][I]dispatch ts translate ret [1788964463980945937, 1788964463980959460]
[14:34:23.981][MXC][I]raw dispatch ts:[113237065223401,113237065224658]
[14:34:23.981][MXC][I]dispatch ts translate ret [1788964463980963678, 1788964463980976241]
[14:34:23.981][MXC][I]raw dispatch ts:[113237065224940,113237065226839]
[14:34:23.981][MXC][I]dispatch ts translate ret [1788964463980979059, 1788964463980998039]
[14:34:23.981][MXC][I]raw dispatch ts:[113237065229542,113237065230576]
[14:34:23.981][MXC][I]dispatch ts translate ret [1788964463981025055, 1788964463981035389]
[14:34:23.981][MXC][I]raw dispatch ts:[113237065230861,113237065232217]
[14:34:23.981][MXC][I]dispatch ts translate ret [1788964463981038238, 1788964463981051790]
[14:34:23.981][MXC][I]raw dispatch ts:[113237065239003,113237065239549]
[14:34:23.981][MXC][I]dispatch ts translate ret [1788964463981119613, 1788964463981125070]
[14:34:23.981][MXC][I]raw dispatch ts:[113237065242088,113237065242499]
[14:34:23.981][MXC][I]dispatch ts translate ret [1788964463981150446, 1788964463981154554]
[14:34:23.981][MXC][I]raw dispatch ts:[113237065242773,113237065242965]
[14:34:23.981][MXC][I]dispatch ts translate ret [1788964463981157293, 1788964463981159212]
[14:34:23.981][MCBLASLT][I]set_workspace is called ! user allocated size: 67108864B = 64.000000MB
[14:34:23.981][MCBLAS][I]mcblasSgemmStridedBatched 1 0 32 16 128 128 128 32 256 4096 2048 512 1.000000 0.000000
[14:34:23.981][MCBLASLT][I]Kernsel found best solution: Kernel name: mcblas__Mck_sgemm_full_1m1n1k_xt_fp32_fp32_fp32_sb_tn_0_256_64x32_0, slt:0, swap:0, ksplit:0
[14:34:23.981][MCBLASLT][I]module get function mcblas__Mck_sgemm_full_1m1n1k_xt_fp32_fp32_fp32_sb_tn_0_256_64x32_0 successed
[14:34:23.981][MCBLASLT][I]mcModuleLaunchKernel successed, ret = 0
[14:34:23.981][MCR][I]mc_memory.cpp            :1671: copy strategy - H2DCpuCopy:0,D2HCpuCopy:0,cpuCopy:0,d2dCrossDevices:0,pageableHToDAsync:0
[14:34:23.981][MCR][I]mc_memory.cpp            :1672: copy strategy - isAsync:0,waitComplete:0
[14:34:23.981][MXC][I]raw dispatch ts:[113237065263306,113237065263695]
[14:34:23.981][MXC][I]dispatch ts translate ret [1788964463981362681, 1788964463981366571]
[14:34:23.981][MXC][I]raw dispatch ts:[113237065243230,113237065243697]
[14:34:23.981][MXC][I]dispatch ts translate ret [1788964463981161917, 1788964463981166587]
[14:34:23.981][MCBLASLT][I]set_workspace is called ! user allocated size: 67108864B = 64.000000MB
[14:34:23.981][MCBLAS][I]mcblasSgemmStridedBatched 0 0 128 16 32 128 32 128 256 4096 512 2048 1.000000 0.000000
[14:34:23.981][MCBLASLT][I]Kernsel found best solution: Kernel name: mcblas__Mck_sgemm_full_1m1n1k_xt_fp32_fp32_fp32_sb_nn_0_256_64x32_0, slt:0, swap:0, ksplit:0
[14:34:23.981][MCBLASLT][I]module get function mcblas__Mck_sgemm_full_1m1n1k_xt_fp32_fp32_fp32_sb_nn_0_256_64x32_0 successed
[14:34:23.981][MCBLASLT][I]mcModuleLaunchKernel successed, ret = 0
[14:34:23.981][MXC][I]raw async_copy ts:[68789011853086,68789011864809]
[14:34:23.981][MXC][I]sdma_ts_.sdma_counter:68788037387253
[14:34:23.981][MXC][I]DNOCfreq:900000000, async_copy ts translate ret [1788964464252071920, 1788964464252084945]
[14:34:23.981][MXC][I]raw dispatch ts:[113237065246123,113237065246532]
[14:34:23.981][MXC][I]dispatch ts translate ret [1788964463981190847, 1788964463981194937]
[14:34:23.981][MXC][I]raw dispatch ts:[113237065246817,113237065247162]
[14:34:23.981][MXC][I]dispatch ts translate ret [1788964463981197788, 1788964463981201238]
[14:34:23.981][MCR][I]mc_memory.cpp            :1671: copy strategy - H2DCpuCopy:0,D2HCpuCopy:0,cpuCopy:0,d2dCrossDevices:0,pageableHToDAsync:0
[14:34:23.981][MCR][I]mc_memory.cpp            :1672: copy strategy - isAsync:0,waitComplete:0
[14:34:23.981][MXC][I]raw dispatch ts:[113237065247440,113237065247727]
[14:34:23.981][MXC][I]dispatch ts translate ret [1788964463981204018, 1788964463981206888]
[14:34:23.981][MXC][I]raw dispatch ts:[113237065248009,113237065248201]
[14:34:23.981][MXC][I]dispatch ts translate ret [1788964463981209708, 1788964463981211628]
[14:34:23.981][MXC][I]raw dispatch ts:[113237065248477,113237065249192]
[14:34:23.981][MXC][I]dispatch ts translate ret [1788964463981214388, 1788964463981221538]
[14:34:23.981][MXC][I]raw dispatch ts:[113237065249474,113237065249693]
[14:34:23.981][MXC][I]dispatch ts translate ret [1788964463981224358, 1788964463981226548]
[14:34:23.981][MXC][I]raw dispatch ts:[113237065252077,113237065252597]
[14:34:23.981][MXC][I]dispatch ts translate ret [1788964463981250389, 1788964463981255589]
[14:34:23.981][MXC][I]raw dispatch ts:[113237065283465,113237065283781]
[14:34:23.981][MXC][I]dispatch ts translate ret [1788964463981564312, 1788964463981567472]
[14:34:23.981][MXC][I]raw dispatch ts:[113237065252882,113237065254122]
[14:34:23.981][MXC][I]dispatch ts translate ret [1788964463981258441, 1788964463981270841]
[14:34:23.981][MXC][I]raw async_copy ts:[68789012093909,68789012115801]
[14:34:23.981][MXC][I]sdma_ts_.sdma_counter:68788037387253
[14:34:23.981][MXC][I]DNOCfreq:900000000, async_copy ts translate ret [1788964464252339501, 1788964464252363825]
[14:34:23.981][MXC][I]raw dispatch ts:[113237065254406,113237065255688]
[14:34:23.981][MXC][I]dispatch ts translate ret [1788964463981273681, 1788964463981286501]
[14:34:23.981][MCBLASLT][I]set_workspace is called ! user allocated size: 67108864B = 64.000000MB
[14:34:23.981][MCBLAS][I]mcblasSgemmStridedBatched 1 0 32 16 128 128 128 32 256 4096 2048 512 1.000000 0.000000
[14:34:23.981][MXC][I]raw dispatch ts:[113237065255967,113237065257889]
[14:34:23.981][MCBLASLT][I]Kernsel found best solution: Kernel name: mcblas__Mck_sgemm_full_1m1n1k_xt_fp32_fp32_fp32_sb_tn_0_256_64x32_0, slt:0, swap:0, ksplit:0
[14:34:23.981][MXC][I]dispatch ts translate ret [1788964463981289291, 1788964463981308511]
[14:34:23.981][MCBLASLT][I]module get function mcblas__Mck_sgemm_full_1m1n1k_xt_fp32_fp32_fp32_sb_tn_0_256_64x32_0 successed
[14:34:23.981][MXC][I]raw dispatch ts:[113237065258165,113237065261961]
[14:34:23.981][MCBLASLT][I]mcModuleLaunchKernel successed, ret = 0
[14:34:23.981][MXC][I]dispatch ts translate ret [1788964463981311271, 1788964463981349231]
[14:34:23.981][MXC][I]raw dispatch ts:[113237065262233,113237065262537]
[14:34:23.981][MXC][I]dispatch ts translate ret [1788964463981351951, 1788964463981354991]
[14:34:23.981][MXC][I]raw dispatch ts:[113237065262809,113237065263042]
[14:34:23.981][MXC][I]dispatch ts translate ret [1788964463981357711, 1788964463981360041]
[14:34:23.981][MXC][I]raw dispatch ts:[113237065269136,113237065269802]
[14:34:23.981][MXC][I]dispatch ts translate ret [1788964463981420992, 1788964463981427653]
[14:34:23.981][MXC][I]raw dispatch ts:[113237065272168,113237065273557]
[14:34:23.981][MXC][I]dispatch ts translate ret [1788964463981451318, 1788964463981465211]
[14:34:23.981][MCR][I]mc_memory.cpp            :1671: copy strategy - H2DCpuCopy:0,D2HCpuCopy:0,cpuCopy:0,d2dCrossDevices:0,pageableHToDAsync:0
[14:34:23.981][MCR][I]mc_memory.cpp            :1672: copy strategy - isAsync:0,waitComplete:0
[14:34:23.981][MXC][I]raw dispatch ts:[113237065273843,113237065275245]
[14:34:23.981][MXC][I]dispatch ts translate ret [1788964463981468072, 1788964463981482094]
[14:34:23.981][MXC][I]raw dispatch ts:[113237065275527,113237065277425]
[14:34:23.981][MXC][I]dispatch ts translate ret [1788964463981484915, 1788964463981503899]
[14:34:23.981][MXC][I]raw dispatch ts:[113237065280402,113237065281458]
[14:34:23.981][MXC][I]dispatch ts translate ret [1788964463981533675, 1788964463981544237]
[14:34:23.981][MXC][I]raw dispatch ts:[113237065281745,113237065282984]
[14:34:23.981][MXC][I]dispatch ts translate ret [1788964463981547108, 1788964463981559501]
[14:34:23.981][MXC][I]raw dispatch ts:[113237065290555,113237065291090]
[14:34:23.981][MXC][I]dispatch ts translate ret [1788964463981635226, 1788964463981640577]
[14:34:23.981][MXC][I]raw dispatch ts:[113237065293620,113237065293990]
[14:34:23.981][MXC][I]dispatch ts translate ret [1788964463981665882, 1788964463981669583]
[14:34:23.981][MXC][I]raw dispatch ts:[113237065294274,113237065294552]
[14:34:23.981][MXC][I]dispatch ts translate ret [1788964463981672415, 1788964463981675195]
[14:34:23.981][MCBLASLT][I]set_workspace is called ! user allocated size: 67108864B = 64.000000MB
[14:34:23.981][MCBLAS][I]mcblasSgemmStridedBatched 0 0 128 16 32 128 32 128 256 4096 512 2048 1.000000 0.000000
[14:34:23.981][MCBLASLT][I]Kernsel found best solution: Kernel name: mcblas__Mck_sgemm_full_1m1n1k_xt_fp32_fp32_fp32_sb_nn_0_256_64x32_0, slt:0, swap:0, ksplit:0
[14:34:23.981][MCBLASLT][I]module get function mcblas__Mck_sgemm_full_1m1n1k_xt_fp32_fp32_fp32_sb_nn_0_256_64x32_0 successed
[14:34:23.981][MCBLASLT][I]mcModuleLaunchKernel successed, ret = 0
[14:34:23.981][MCR][I]mc_memory.cpp            :1671: copy strategy - H2DCpuCopy:0,D2HCpuCopy:0,cpuCopy:0,d2dCrossDevices:0,pageableHToDAsync:0
[14:34:23.981][MCR][I]mc_memory.cpp            :1672: copy strategy - isAsync:0,waitComplete:0
[14:34:23.981][MXC][I]raw dispatch ts:[113237065316987,113237065317353]
[14:34:23.981][MXC][I]dispatch ts translate ret [1788964463981899540, 1788964463981903199]
[14:34:23.981][MXC][I]raw dispatch ts:[113237065297003,113237065297472]
[14:34:23.981][MXC][I]dispatch ts translate ret [1788964463981699716, 1788964463981704406]
[14:34:23.981][MXC][I]raw async_copy ts:[68789012496739,68789012508383]
[14:34:23.981][MXC][I]sdma_ts_.sdma_counter:68788037387253
[14:34:23.981][MXC][I]DNOCfreq:900000000, async_copy ts translate ret [1788964464252787090, 1788964464252800027]
[14:34:23.981][MXC][I]raw dispatch ts:[113237065297750,113237065298074]
[14:34:23.981][MXC][I]dispatch ts translate ret [1788964463981707186, 1788964463981710426]
[14:34:23.981][MXC][I]raw dispatch ts:[113237065298345,113237065298693]
[14:34:23.981][MXC][I]dispatch ts translate ret [1788964463981713136, 1788964463981716616]
[14:34:23.981][MXC][I]raw dispatch ts:[113237065298968,113237065299187]
[14:34:23.981][MXC][I]dispatch ts translate ret [1788964463981719366, 1788964463981721556]
[14:34:23.981][MXC][I]raw dispatch ts:[113237065301500,113237065301746]
[14:34:23.981][MXC][I]dispatch ts translate ret [1788964463981744686, 1788964463981747146]
[14:34:23.981][MXC][I]raw dispatch ts:[113237065302038,113237065302814]
[14:34:23.981][MXC][I]dispatch ts translate ret [1788964463981750066, 1788964463981757826]
[14:34:23.981][MXC][I]raw dispatch ts:[113237065303089,113237065303382]
[14:34:23.981][MXC][I]dispatch ts translate ret [1788964463981760576, 1788964463981763506]
[14:34:23.982][MXC][I]raw dispatch ts:[113237065303661,113237065304098]
[14:34:23.982][MXC][I]dispatch ts translate ret [1788964463981766296, 1788964463981770666]
[14:34:23.982][MCBLASLT][I]set_workspace is called ! user allocated size: 67108864B = 64.000000MB
[14:34:23.982][MCBLAS][I]mcblasSgemmStridedBatched 1 0 32 16 128 128 128 32 256 4096 2048 512 1.000000 0.000000
[14:34:23.982][MCBLASLT][I]Kernsel found best solution: Kernel name: mcblas__Mck_sgemm_full_1m1n1k_xt_fp32_fp32_fp32_sb_tn_0_256_64x32_0, slt:0, swap:0, ksplit:0
[14:34:23.982][MCBLASLT][I]module get function mcblas__Mck_sgemm_full_1m1n1k_xt_fp32_fp32_fp32_sb_tn_0_256_64x32_0 successed
[14:34:23.982][MCBLASLT][I]mcModuleLaunchKernel successed, ret = 0
[14:34:23.982][MCR][I]mc_memory.cpp            :1671: copy strategy - H2DCpuCopy:0,D2HCpuCopy:0,cpuCopy:0,d2dCrossDevices:0,pageableHToDAsync:0
[14:34:23.982][MCR][I]mc_memory.cpp            :1672: copy strategy - isAsync:0,waitComplete:0
[14:34:23.982][MXC][I]raw dispatch ts:[113237065336498,113237065336809]
[14:34:23.982][MXC][I]dispatch ts translate ret [1788964463982094632, 1788964463982097742]
[14:34:23.982][MXC][I]raw dispatch ts:[113237065304374,113237065305630]
[14:34:23.982][MXC][I]dispatch ts translate ret [1788964463981773408, 1788964463981785968]
[14:34:23.982][MXC][I]raw async_copy ts:[68789012728814,68789012750671]
[14:34:23.982][MXC][I]sdma_ts_.sdma_counter:68788037387253
[14:34:23.982][MXC][I]DNOCfreq:900000000, async_copy ts translate ret [1788964464253044951, 1788964464253069236]
[14:34:23.982][MXC][I]raw dispatch ts:[113237065305914,113237065307123]
[14:34:23.982][MXC][I]dispatch ts translate ret [1788964463981788808, 1788964463981800898]
[14:34:23.982][MXC][I]raw dispatch ts:[113237065309807,113237065311514]
[14:34:23.982][MXC][I]dispatch ts translate ret [1788964463981827738, 1788964463981844808]
[14:34:23.982][MCBLASLT][I]set_workspace is called ! user allocated size: 67108864B = 64.000000MB
[14:34:23.982][MXC][I]raw dispatch ts:[113237065311804,113237065315604]
[14:34:23.982][MXC][I]dispatch ts translate ret [1788964463981847708, 1788964463981885708]
[14:34:23.982][MCBLAS][I]mcblasSgemmStridedBatched 0 0 128 16 32 128 32 128 256 4096 512 2048 1.000000 0.000000
[14:34:23.982][MCBLASLT][I]Kernsel found best solution: Kernel name: mcblas__Mck_sgemm_full_1m1n1k_xt_fp32_fp32_fp32_sb_nn_0_256_64x32_0, slt:0, swap:0, ksplit:0
[14:34:23.982][MCBLASLT][I]module get function mcblas__Mck_sgemm_full_1m1n1k_xt_fp32_fp32_fp32_sb_nn_0_256_64x32_0 successed
[14:34:23.982][MXC][I]raw dispatch ts:[113237065315888,113237065316187]
[14:34:23.982][MXC][I]dispatch ts translate ret [1788964463981888548, 1788964463981891538]
[14:34:23.982][MCBLASLT][I]mcModuleLaunchKernel successed, ret = 0
[14:34:23.982][MXC][I]raw dispatch ts:[113237065316462,113237065316707]
[14:34:23.982][MXC][I]dispatch ts translate ret [1788964463981894288, 1788964463981896738]
[14:34:23.982][MXC][I]raw dispatch ts:[113237065322903,113237065323547]
[14:34:23.982][MCR][I]mc_memory.cpp            :1671: copy strategy - H2DCpuCopy:0,D2HCpuCopy:0,cpuCopy:0,d2dCrossDevices:0,pageableHToDAsync:0
[14:34:23.982][MCR][I]mc_memory.cpp            :1672: copy strategy - isAsync:0,waitComplete:0
[14:34:23.982][MXC][I]dispatch ts translate ret [1788964463981958694, 1788964463981965134]
[14:34:23.982][MXC][I]raw dispatch ts:[113237065326049,113237065327431]
[14:34:23.982][MXC][I]dispatch ts translate ret [1788964463981990151, 1788964463982003970]
[14:34:23.982][MXC][I]raw dispatch ts:[113237065327711,113237065328834]
[14:34:23.982][MXC][I]dispatch ts translate ret [1788964463982006770, 1788964463982017999]
[14:34:23.982][MXC][I]raw dispatch ts:[113237065329112,113237065330917]
[14:34:23.982][MXC][I]dispatch ts translate ret [1788964463982020779, 1788964463982038827]
[14:34:23.982][MXC][I]raw dispatch ts:[113237065333739,113237065334774]
[14:34:23.982][MXC][I]dispatch ts translate ret [1788964463982067045, 1788964463982077394]
[14:34:23.982][MXC][I]raw dispatch ts:[113237065335052,113237065336236]
[14:34:23.982][MXC][I]dispatch ts translate ret [1788964463982080173, 1788964463982092012]
[14:34:23.982][MXC][I]raw dispatch ts:[113237065342932,113237065343468]
[14:34:23.982][MXC][I]dispatch ts translate ret [1788964463982158966, 1788964463982164325]
[14:34:23.982][MXC][I]raw dispatch ts:[113237065346558,113237065346931]
[14:34:23.982][MXC][I]dispatch ts translate ret [1788964463982195222, 1788964463982198952]
[14:34:23.982][MXC][I]raw dispatch ts:[113237065347210,113237065347487]
[14:34:23.982][MXC][I]dispatch ts translate ret [1788964463982201730, 1788964463982204499]
[14:34:23.982][MCBLASLT][I]set_workspace is called ! user allocated size: 67108864B = 64.000000MB
[14:34:23.982][MCBLAS][I]mcblasSgemmStridedBatched 1 0 32 16 128 128 128 32 256 4096 2048 512 1.000000 0.000000
[14:34:23.982][MCBLASLT][I]Kernsel found best solution: Kernel name: mcblas__Mck_sgemm_full_1m1n1k_xt_fp32_fp32_fp32_sb_tn_0_256_64x32_0, slt:0, swap:0, ksplit:0
[14:34:23.982][MCBLASLT][I]module get function mcblas__Mck_sgemm_full_1m1n1k_xt_fp32_fp32_fp32_sb_tn_0_256_64x32_0 successed
[14:34:23.982][MCBLASLT][I]mcModuleLaunchKernel successed, ret = 0
[14:34:23.982][MXC][I]raw dispatch ts:[113237065370180,113237065370274]
[14:34:23.982][MXC][I]dispatch ts translate ret [1788964463982431464, 1788964463982432404]
[14:34:23.982][MXC][I]raw dispatch ts:[113237065347767,113237065348232]
[14:34:23.982][MXC][I]dispatch ts translate ret [1788964463982207279, 1788964463982211929]
[14:34:23.982][MCR][I]mc_memory.cpp            :1671: copy strategy - H2DCpuCopy:0,D2HCpuCopy:0,cpuCopy:0,d2dCrossDevices:0,pageableHToDAsync:0
[14:34:23.982][MCR][I]mc_memory.cpp            :1672: copy strategy - isAsync:0,waitComplete:0
[14:34:23.982][MXC][I]raw async_copy ts:[68789013131501,68789013143232]
[14:34:23.982][MXC][I]sdma_ts_.sdma_counter:68788037387253
[14:34:23.982][MXC][I]DNOCfreq:900000000, async_copy ts translate ret [1788964464253492381, 1788964464253505415]
[14:34:23.982][MXC][I]raw dispatch ts:[113237065348509,113237065348838]
[14:34:23.982][MXC][I]dispatch ts translate ret [1788964463982214699, 1788964463982217989]
[14:34:23.982][MXC][I]raw dispatch ts:[113237065351158,113237065351614]
[14:34:23.982][MXC][I]dispatch ts translate ret [1788964463982241189, 1788964463982245749]
[14:34:23.982][MXC][I]raw dispatch ts:[113237065351901,113237065352191]
[14:34:23.982][MXC][I]dispatch ts translate ret [1788964463982248619, 1788964463982251519]
[14:34:23.982][MXC][I]raw dispatch ts:[113237065352471,113237065352656]
[14:34:23.982][MXC][I]dispatch ts translate ret [1788964463982254319, 1788964463982256169]
[14:34:23.982][MXC][I]raw dispatch ts:[113237065352923,113237065353643]
[14:34:23.982][MXC][I]dispatch ts translate ret [1788964463982258839, 1788964463982266039]
[14:34:23.982][MXC][I]raw dispatch ts:[113237065353917,113237065354112]
[14:34:23.982][MXC][I]dispatch ts translate ret [1788964463982268779, 1788964463982270729]
[14:34:23.982][MCBLASLT][I]set_workspace is called ! user allocated size: 67108864B = 64.000000MB
[14:34:23.982][MCBLAS][I]mcblasSgemmStridedBatched 0 0 128 16 32 128 32 128 256 4096 512 2048 1.000000 0.000000
[14:34:23.982][MCBLASLT][I]Kernsel found best solution: Kernel name: mcblas__Mck_sgemm_full_1m1n1k_xt_fp32_fp32_fp32_sb_nn_0_256_64x32_0, slt:0, swap:0, ksplit:0
[14:34:23.982][MXC][I]raw dispatch ts:[113237065356450,113237065356993]
[14:34:23.982][MXC][I]dispatch ts translate ret [1788964463982294110, 1788964463982299542]
[14:34:23.982][MCBLASLT][I]module get function mcblas__Mck_sgemm_full_1m1n1k_xt_fp32_fp32_fp32_sb_nn_0_256_64x32_0 successed
[14:34:23.982][MCBLASLT][I]mcModuleLaunchKernel successed, ret = 0
[14:34:23.982][MCR][I]mc_memory.cpp            :1671: copy strategy - H2DCpuCopy:0,D2HCpuCopy:0,cpuCopy:0,d2dCrossDevices:0,pageableHToDAsync:0
[14:34:23.982][MCR][I]mc_memory.cpp            :1672: copy strategy - isAsync:0,waitComplete:0
[14:34:23.982][MXC][I]raw dispatch ts:[113237065389719,113237065390065]
[14:34:23.982][MXC][I]dispatch ts translate ret [1788964463982626801, 1788964463982630260]
[14:34:23.982][MXC][I]raw dispatch ts:[113237065357276,113237065358626]
[14:34:23.982][MXC][I]dispatch ts translate ret [1788964463982302426, 1788964463982315926]
[14:34:23.982][MXC][I]raw async_copy ts:[68789013369842,68789013391711]
[14:34:23.982][MXC][I]sdma_ts_.sdma_counter:68788037387253
[14:34:23.982][MXC][I]DNOCfreq:900000000, async_copy ts translate ret [1788964464253757204, 1788964464253781502]
[14:34:23.982][MXC][I]raw dispatch ts:[113237065358896,113237065360107]
[14:34:23.982][MXC][I]dispatch ts translate ret [1788964463982318626, 1788964463982330736]
[14:34:23.982][MXC][I]raw dispatch ts:[113237065360379,113237065362294]
[14:34:23.982][MXC][I]dispatch ts translate ret [1788964463982333456, 1788964463982352606]
[14:34:23.982][MXC][I]raw dispatch ts:[113237065362565,113237065366357]
[14:34:23.982][MXC][I]dispatch ts translate ret [1788964463982355316, 1788964463982393236]
[14:34:23.982][MXC][I]raw dispatch ts:[113237065366638,113237065366940]
[14:34:23.982][MXC][I]dispatch ts translate ret [1788964463982396046, 1788964463982399066]
[14:34:23.982][MXC][I]raw dispatch ts:[113237065367217,113237065367440]
[14:34:23.982][MXC][I]dispatch ts translate ret [1788964463982401836, 1788964463982404066]
[14:34:23.982][MXC][I]raw dispatch ts:[113237065375764,113237065376456]
[14:34:23.982][MXC][I]dispatch ts translate ret [1788964463982487292, 1788964463982494210]
[14:34:23.982][MXC][I]raw dispatch ts:[113237065378992,113237065380404]
[14:34:23.982][MXC][I]dispatch ts translate ret [1788964463982519563, 1788964463982533679]
[14:34:23.982][MXC][I]raw dispatch ts:[113237065380690,113237065381797]
[14:34:23.982][MXC][I]dispatch ts translate ret [1788964463982536538, 1788964463982547604]
[14:34:23.982][MXC][I]raw dispatch ts:[113237065382083,113237065383985]
[14:34:23.982][MXC][I]dispatch ts translate ret [1788964463982550464, 1788964463982569478]
[14:34:23.982][MXC][I]raw dispatch ts:[113237065386770,113237065387806]
[14:34:23.982][MXC][I]dispatch ts translate ret [1788964463982597320, 1788964463982607677]
[14:34:23.982][MXC][I]raw dispatch ts:[113237065388089,113237065389436]
[14:34:23.982][MXC][I]dispatch ts translate ret [1788964463982610506, 1788964463982623972]
[14:34:23.982][MCBLASLT][I]set_workspace is called ! user allocated size: 67108864B = 64.000000MB
[14:34:23.982][MXC][I]raw dispatch ts:[113237065396428,113237065396966]
[14:34:23.982][MXC][I]dispatch ts translate ret [1788964463982693871, 1788964463982699249]
[14:34:23.982][MCBLAS][I]mcblasSgemmStridedBatched 1 0 32 16 128 128 128 32 256 4096 2048 512 1.000000 0.000000
[14:34:23.982][MCBLASLT][I]Kernsel found best solution: Kernel name: mcblas__Mck_sgemm_full_1m1n1k_xt_fp32_fp32_fp32_sb_tn_0_256_64x32_0, slt:0, swap:0, ksplit:0
[14:34:23.982][MXC][I]raw dispatch ts:[113237065399448,113237065399856]
[14:34:23.982][MXC][I]dispatch ts translate ret [1788964463982724062, 1788964463982728141]
[14:34:23.982][MCBLASLT][I]module get function mcblas__Mck_sgemm_full_1m1n1k_xt_fp32_fp32_fp32_sb_tn_0_256_64x32_0 successed
[14:34:23.982][MXC][I]raw dispatch ts:[113237065400133,113237065400310]
[14:34:23.982][MXC][I]dispatch ts translate ret [1788964463982730910, 1788964463982732679]
[14:34:23.982][MCBLASLT][I]mcModuleLaunchKernel successed, ret = 0
[14:34:23.982][MCR][I]mc_memory.cpp            :1671: copy strategy - H2DCpuCopy:0,D2HCpuCopy:0,cpuCopy:0,d2dCrossDevices:0,pageableHToDAsync:0
[14:34:23.982][MCR][I]mc_memory.cpp            :1672: copy strategy - isAsync:0,waitComplete:0
[14:34:23.982][MXC][I]raw dispatch ts:[113237065420847,113237065421224]
[14:34:23.982][MXC][I]dispatch ts translate ret [1788964463982938134, 1788964463982941904]
[14:34:23.982][MXC][I]raw dispatch ts:[113237065400567,113237065401037]
[14:34:23.982][MXC][I]dispatch ts translate ret [1788964463982735297, 1788964463982739998]
[14:34:23.982][MCBLASLT][I]set_workspace is called ! user allocated size: 67108864B = 64.000000MB
[14:34:23.982][MCBLAS][I]mcblasSgemmStridedBatched 0 0 128 16 32 128 32 128 256 4096 512 2048 1.000000 0.000000
[14:34:23.982][MCBLASLT][I]Kernsel found best solution: Kernel name: mcblas__Mck_sgemm_full_1m1n1k_xt_fp32_fp32_fp32_sb_nn_0_256_64x32_0, slt:0, swap:0, ksplit:0
[14:34:23.982][MCBLASLT][I]module get function mcblas__Mck_sgemm_full_1m1n1k_xt_fp32_fp32_fp32_sb_nn_0_256_64x32_0 successed
[14:34:23.982][MCBLASLT][I]mcModuleLaunchKernel successed, ret = 0
[14:34:23.982][MXC][I]raw async_copy ts:[68789013748010,68789013759718]
[14:34:23.982][MXC][I]sdma_ts_.sdma_counter:68788037387253
[14:34:23.982][MXC][I]DNOCfreq:900000000, async_copy ts translate ret [1788964464254177391, 1788964464254190399]
[14:34:23.982][MXC][I]raw dispatch ts:[113237065403530,113237065403943]
[14:34:23.982][MXC][I]dispatch ts translate ret [1788964463982764932, 1788964463982769063]
[14:34:23.982][MXC][I]raw dispatch ts:[113237065404226,113237065404581]
[14:34:23.982][MXC][I]dispatch ts translate ret [1788964463982771893, 1788964463982775444]
[14:34:23.983][MXC][I]raw dispatch ts:[113237065404861,113237065405150]
[14:34:23.983][MXC][I]dispatch ts translate ret [1788964463982778245, 1788964463982781135]
[14:34:23.983][MCR][I]mc_memory.cpp            :1671: copy strategy - H2DCpuCopy:0,D2HCpuCopy:0,cpuCopy:0,d2dCrossDevices:0,pageableHToDAsync:0
[14:34:23.983][MCR][I]mc_memory.cpp            :1672: copy strategy - isAsync:0,waitComplete:0
[14:34:23.983][MXC][I]raw dispatch ts:[113237065405428,113237065405604]
[14:34:23.983][MXC][I]dispatch ts translate ret [1788964463982783916, 1788964463982785676]
[14:34:23.983][MXC][I]raw dispatch ts:[113237065405875,113237065406597]
[14:34:23.983][MXC][I]dispatch ts translate ret [1788964463982788386, 1788964463982795608]
[14:34:23.983][MXC][I]raw dispatch ts:[113237065407077,113237065407281]
[14:34:23.983][MXC][I]dispatch ts translate ret [1788964463982800409, 1788964463982802449]
[14:34:23.983][MXC][I]raw dispatch ts:[113237065409837,113237065410367]
[14:34:23.983][MXC][I]dispatch ts translate ret [1788964463982828014, 1788964463982833315]
[14:34:23.983][MXC][I]raw dispatch ts:[113237065441242,113237065441548]
[14:34:23.983][MXC][I]dispatch ts translate ret [1788964463983142094, 1788964463983145154]
[14:34:23.983][MXC][I]raw dispatch ts:[113237065410720,113237065412050]
[14:34:23.983][MXC][I]dispatch ts translate ret [1788964463982836865, 1788964463982850165]
[14:34:23.983][MXC][I]raw async_copy ts:[68789013986116,68789014007939]
[14:34:23.983][MXC][I]sdma_ts_.sdma_counter:68788037387253
[14:34:23.983][MXC][I]DNOCfreq:900000000, async_copy ts translate ret [1788964464254441953, 1788964464254466200]
[14:34:23.983][MXC][I]raw dispatch ts:[113237065412331,113237065413438]
[14:34:23.983][MXC][I]dispatch ts translate ret [1788964463982852975, 1788964463982864045]
[14:34:23.983][MXC][I]raw dispatch ts:[113237065413715,113237065415422]
[14:34:23.983][MXC][I]dispatch ts translate ret [1788964463982866815, 1788964463982883885]
[14:34:23.983][MXC][I]raw dispatch ts:[113237065415696,113237065419510]
[14:34:23.983][MXC][I]dispatch ts translate ret [1788964463982886625, 1788964463982924765]
[14:34:23.983][MCBLASLT][I]set_workspace is called ! user allocated size: 67108864B = 64.000000MB
[14:34:23.983][MXC][I]raw dispatch ts:[113237065419785,113237065420084]
[14:34:23.983][MXC][I]dispatch ts translate ret [1788964463982927515, 1788964463982930505]
[14:34:23.983][MCBLAS][I]mcblasSgemmStridedBatched 1 0 32 16 128 128 128 32 256 4096 2048 512 1.000000 0.000000
[14:34:23.983][MXC][I]raw dispatch ts:[113237065420359,113237065420591]
[14:34:23.983][MCBLASLT][I]Kernsel found best solution: Kernel name: mcblas__Mck_sgemm_full_1m1n1k_xt_fp32_fp32_fp32_sb_tn_0_256_64x32_0, slt:0, swap:0, ksplit:0
[14:34:23.983][MCBLASLT][I]module get function mcblas__Mck_sgemm_full_1m1n1k_xt_fp32_fp32_fp32_sb_tn_0_256_64x32_0 successed
[14:34:23.983][MXC][I]dispatch ts translate ret [1788964463982933255, 1788964463982935575]
[14:34:23.983][MCBLASLT][I]mcModuleLaunchKernel successed, ret = 0
[14:34:23.983][MXC][I]raw dispatch ts:[113237065426957,113237065427651]
[14:34:23.983][MXC][I]dispatch ts translate ret [1788964463982999238, 1788964463983006178]
[14:34:23.983][MXC][I]raw dispatch ts:[113237065430133,113237065431573]
[14:34:23.983][MXC][I]dispatch ts translate ret [1788964463983030999, 1788964463983045400]
[14:34:23.983][MXC][I]raw dispatch ts:[113237065431861,113237065433136]
[14:34:23.983][MXC][I]dispatch ts translate ret [1788964463983048280, 1788964463983061031]
[14:34:23.983][MXC][I]raw dispatch ts:[113237065433423,113237065435441]
[14:34:23.983][MXC][I]dispatch ts translate ret [1788964463983063901, 1788964463983084082]
[14:34:23.983][MXC][I]raw dispatch ts:[113237065438140,113237065439196]
[14:34:23.983][MCR][I]mc_memory.cpp            :1671: copy strategy - H2DCpuCopy:0,D2HCpuCopy:0,cpuCopy:0,d2dCrossDevices:0,pageableHToDAsync:0
[14:34:23.983][MCR][I]mc_memory.cpp            :1672: copy strategy - isAsync:0,waitComplete:0
[14:34:23.983][MXC][I]dispatch ts translate ret [1788964463983111073, 1788964463983121633]
[14:34:23.983][MXC][I]raw dispatch ts:[113237065439485,113237065440951]
[14:34:23.983][MXC][I]dispatch ts translate ret [1788964463983124523, 1788964463983139184]
[14:34:23.983][MXC][I]raw dispatch ts:[113237065447727,113237065448260]
[14:34:23.983][MXC][I]dispatch ts translate ret [1788964463983206946, 1788964463983212276]
[14:34:23.983][MXC][I]raw dispatch ts:[113237065450785,113237065451192]
[14:34:23.983][MXC][I]dispatch ts translate ret [1788964463983237527, 1788964463983241598]
[14:34:23.983][MXC][I]raw dispatch ts:[113237065451470,113237065451662]
[14:34:23.983][MXC][I]dispatch ts translate ret [1788964463983244378, 1788964463983246298]
[14:34:23.983][MCBLASLT][I]set_workspace is called ! user allocated size: 67108864B = 64.000000MB
[14:34:23.983][MCBLAS][I]mcblasSgemmStridedBatched 0 0 128 16 32 128 32 128 256 4096 512 2048 1.000000 0.000000
[14:34:23.983][MCBLASLT][I]Kernsel found best solution: Kernel name: mcblas__Mck_sgemm_full_1m1n1k_xt_fp32_fp32_fp32_sb_nn_0_256_64x32_0, slt:0, swap:0, ksplit:0
[14:34:23.983][MCBLASLT][I]module get function mcblas__Mck_sgemm_full_1m1n1k_xt_fp32_fp32_fp32_sb_nn_0_256_64x32_0 successed
[14:34:23.983][MCBLASLT][I]mcModuleLaunchKernel successed, ret = 0
[14:34:23.983][MCR][I]mc_memory.cpp            :1671: copy strategy - H2DCpuCopy:0,D2HCpuCopy:0,cpuCopy:0,d2dCrossDevices:0,pageableHToDAsync:0
[14:34:23.983][MCR][I]mc_memory.cpp            :1672: copy strategy - isAsync:0,waitComplete:0
[14:34:23.983][MXC][I]raw dispatch ts:[113237065475033,113237065475398]
[14:34:23.983][MXC][I]dispatch ts translate ret [1788964463983480080, 1788964463983483731]
[14:34:23.983][MXC][I]raw dispatch ts:[113237065451929,113237065452394]
[14:34:23.983][MXC][I]dispatch ts translate ret [1788964463983248987, 1788964463983253638]
[14:34:23.983][MXC][I]raw async_copy ts:[68789014396611,68789014408318]
[14:34:23.983][MXC][I]sdma_ts_.sdma_counter:68788037387253
[14:34:23.983][MXC][I]DNOCfreq:900000000, async_copy ts translate ret [1788964464254898059, 1788964464254911066]
[14:34:23.983][MXC][I]raw dispatch ts:[113237065455127,113237065455576]
[14:34:23.983][MXC][I]dispatch ts translate ret [1788964463983280975, 1788964463983285466]
[14:34:23.983][MXC][I]raw dispatch ts:[113237065455859,113237065456218]
[14:34:23.983][MXC][I]dispatch ts translate ret [1788964463983288296, 1788964463983291887]
[14:34:23.983][MXC][I]raw dispatch ts:[113237065456482,113237065456770]
[14:34:23.983][MXC][I]dispatch ts translate ret [1788964463983294528, 1788964463983297408]
[14:34:23.983][MXC][I]raw dispatch ts:[113237065457037,113237065457214]
[14:34:23.983][MXC][I]dispatch ts translate ret [1788964463983300079, 1788964463983301849]
[14:34:23.983][MXC][I]raw dispatch ts:[113237065459613,113237065460407]
[14:34:23.983][MXC][I]dispatch ts translate ret [1788964463983325845, 1788964463983333787]
[14:34:23.983][MXC][I]raw dispatch ts:[113237065460693,113237065460988]
[14:34:23.983][MXC][I]dispatch ts translate ret [1788964463983336647, 1788964463983339598]
[14:34:23.983][MXC][I]raw dispatch ts:[113237065461268,113237065461704]
[14:34:23.983][MXC][I]dispatch ts translate ret [1788964463983342399, 1788964463983346760]
[14:34:23.983][MCBLASLT][I]set_workspace is called ! user allocated size: 67108864B = 64.000000MB
[14:34:23.983][MCBLAS][I]mcblasSgemmStridedBatched 1 0 32 16 128 128 128 32 256 4096 2048 512 1.000000 0.000000
[14:34:23.983][MCBLASLT][I]Kernsel found best solution: Kernel name: mcblas__Mck_sgemm_full_1m1n1k_xt_fp32_fp32_fp32_sb_tn_0_256_64x32_0, slt:0, swap:0, ksplit:0
[14:34:23.983][MCBLASLT][I]module get function mcblas__Mck_sgemm_full_1m1n1k_xt_fp32_fp32_fp32_sb_tn_0_256_64x32_0 successed
[14:34:23.983][MCBLASLT][I]mcModuleLaunchKernel successed, ret = 0
[14:34:23.983][MCR][I]mc_memory.cpp            :1671: copy strategy - H2DCpuCopy:0,D2HCpuCopy:0,cpuCopy:0,d2dCrossDevices:0,pageableHToDAsync:0
[14:34:23.983][MCR][I]mc_memory.cpp            :1672: copy strategy - isAsync:0,waitComplete:0
[14:34:23.983][MXC][I]raw dispatch ts:[113237065495096,113237065495425]
[14:34:23.983][MXC][I]dispatch ts translate ret [1788964463983680638, 1788964463983683927]
[14:34:23.983][MXC][I]raw dispatch ts:[113237065461985,113237065463259]
[14:34:23.983][MXC][I]dispatch ts translate ret [1788964463983349602, 1788964463983362342]
[14:34:23.983][MXC][I]raw async_copy ts:[68789014642016,68789014663852]
[14:34:23.983][MXC][I]sdma_ts_.sdma_counter:68788037387253
[14:34:23.983][MXC][I]DNOCfreq:900000000, async_copy ts translate ret [1788964464255170731, 1788964464255194993]
[14:34:23.983][MXC][I]raw dispatch ts:[113237065463541,113237065465076]
[14:34:23.983][MXC][I]dispatch ts translate ret [1788964463983365162, 1788964463983380512]
[14:34:23.983][MXC][I]raw dispatch ts:[113237065467675,113237065469519]
[14:34:23.983][MXC][I]dispatch ts translate ret [1788964463983406502, 1788964463983424942]
[14:34:23.983][MXC][I]raw dispatch ts:[113237065469811,113237065473610]
[14:34:23.983][MXC][I]dispatch ts translate ret [1788964463983427862, 1788964463983465852]
[14:34:23.983][MCBLASLT][I]set_workspace is called ! user allocated size: 67108864B = 64.000000MB
[14:34:23.983][MXC][I]raw dispatch ts:[113237065473918,113237065474221]
[14:34:23.983][MCBLAS][I]mcblasSgemmStridedBatched 0 0 128 16 32 128 32 128 256 4096 512 2048 1.000000 0.000000
[14:34:23.983][MXC][I]dispatch ts translate ret [1788964463983468932, 1788964463983471962]
[14:34:23.983][MCBLASLT][I]Kernsel found best solution: Kernel name: mcblas__Mck_sgemm_full_1m1n1k_xt_fp32_fp32_fp32_sb_nn_0_256_64x32_0, slt:0, swap:0, ksplit:0
[14:34:23.983][MCBLASLT][I]module get function mcblas__Mck_sgemm_full_1m1n1k_xt_fp32_fp32_fp32_sb_nn_0_256_64x32_0 successed
[14:34:23.983][MXC][I]raw dispatch ts:[113237065474530,113237065474761]
[14:34:23.983][MCBLASLT][I]mcModuleLaunchKernel successed, ret = 0
[14:34:23.983][MXC][I]dispatch ts translate ret [1788964463983475052, 1788964463983477362]
[14:34:23.983][MCR][I]mc_memory.cpp            :1671: copy strategy - H2DCpuCopy:0,D2HCpuCopy:0,cpuCopy:0,d2dCrossDevices:0,pageableHToDAsync:0
[14:34:23.983][MXC][I]raw dispatch ts:[113237065481112,113237065481795]
[14:34:23.983][MCR][I]mc_memory.cpp            :1672: copy strategy - isAsync:0,waitComplete:0
[14:34:23.983][MXC][I]dispatch ts translate ret [1788964463983540852, 1788964463983547680]
[14:34:23.983][MXC][I]raw dispatch ts:[113237065484242,113237065485496]
[14:34:23.983][MXC][I]dispatch ts translate ret [1788964463983572140, 1788964463983584675]
[14:34:23.983][MXC][I]raw dispatch ts:[113237065485779,113237065487278]
[14:34:23.983][MXC][I]dispatch ts translate ret [1788964463983587504, 1788964463983602488]
[14:34:23.983][MXC][I]raw dispatch ts:[113237065487625,113237065489441]
[14:34:23.983][MXC][I]dispatch ts translate ret [1788964463983605957, 1788964463983624110]
[14:34:23.983][MXC][I]raw dispatch ts:[113237065492080,113237065493125]
[14:34:23.983][MXC][I]dispatch ts translate ret [1788964463983650490, 1788964463983660936]
[14:34:23.983][MXC][I]raw dispatch ts:[113237065493403,113237065494693]
[14:34:23.983][MXC][I]dispatch ts translate ret [1788964463983663714, 1788964463983676609]
[14:34:23.983][MXC][I]raw dispatch ts:[113237065503343,113237065503891]
[14:34:23.983][MXC][I]dispatch ts translate ret [1788964463983763075, 1788964463983768552]
[14:34:23.983][MXC][I]raw dispatch ts:[113237065506322,113237065506728]
[14:34:23.983][MXC][I]dispatch ts translate ret [1788964463983792897, 1788964463983796958]
[14:34:23.983][MXC][I]raw dispatch ts:[113237065507017,113237065507193]
[14:34:23.983][MXC][I]dispatch ts translate ret [1788964463983799848, 1788964463983801608]
[14:34:23.984][MCBLASLT][I]set_workspace is called ! user allocated size: 67108864B = 64.000000MB
[14:34:23.984][MCBLAS][I]mcblasSgemmStridedBatched 1 0 32 16 128 128 128 32 256 4096 2048 512 1.000000 0.000000
[14:34:23.984][MCBLASLT][I]Kernsel found best solution: Kernel name: mcblas__Mck_sgemm_full_1m1n1k_xt_fp32_fp32_fp32_sb_tn_0_256_64x32_0, slt:0, swap:0, ksplit:0
[14:34:23.984][MCBLASLT][I]module get function mcblas__Mck_sgemm_full_1m1n1k_xt_fp32_fp32_fp32_sb_tn_0_256_64x32_0 successed
[14:34:23.984][MCBLASLT][I]mcModuleLaunchKernel successed, ret = 0
[14:34:23.984][MXC][I]raw dispatch ts:[113237065529745,113237065530106]
[14:34:23.984][MXC][I]dispatch ts translate ret [1788964463984027068, 1788964463984030676]
[14:34:23.984][MXC][I]raw dispatch ts:[113237065507458,113237065507911]
[14:34:23.984][MXC][I]dispatch ts translate ret [1788964463983804262, 1788964463983808792]
[14:34:23.984][MXC][I]raw async_copy ts:[68789015050679,68789015062319]
[14:34:23.984][MXC][I]sdma_ts_.sdma_counter:68788037387253
[14:34:23.984][MXC][I]DNOCfreq:900000000, async_copy ts translate ret [1788964464255624801, 1788964464255637734]
[14:34:23.984][MXC][I]raw dispatch ts:[113237065510271,113237065510723]
[14:34:23.984][MXC][I]dispatch ts translate ret [1788964463983832392, 1788964463983836912]
[14:34:23.984][MCR][I]mc_memory.cpp            :1671: copy strategy - H2DCpuCopy:0,D2HCpuCopy:0,cpuCopy:0,d2dCrossDevices:0,pageableHToDAsync:0
[14:34:23.984][MCR][I]mc_memory.cpp            :1672: copy strategy - isAsync:0,waitComplete:0
[14:34:23.984][MXC][I]raw dispatch ts:[113237065511012,113237065511364]
[14:34:23.984][MXC][I]dispatch ts translate ret [1788964463983839802, 1788964463983843322]
[14:34:23.984][MXC][I]raw dispatch ts:[113237065511643,113237065511931]
[14:34:23.984][MXC][I]dispatch ts translate ret [1788964463983846112, 1788964463983848992]
[14:34:23.984][MXC][I]raw dispatch ts:[113237065512202,113237065512379]
[14:34:23.984][MXC][I]dispatch ts translate ret [1788964463983851702, 1788964463983853472]
[14:34:23.984][MXC][I]raw dispatch ts:[113237065514738,113237065515511]
[14:34:23.984][MXC][I]dispatch ts translate ret [1788964463983877062, 1788964463983884792]
[14:34:23.984][MXC][I]raw dispatch ts:[113237065515792,113237065516085]
[14:34:23.984][MXC][I]dispatch ts translate ret [1788964463983887602, 1788964463983890532]
[14:34:23.984][MXC][I]raw dispatch ts:[113237065516358,113237065516796]
[14:34:23.984][MXC][I]dispatch ts translate ret [1788964463983893262, 1788964463983897642]
[14:34:23.984][MCBLASLT][I]set_workspace is called ! user allocated size: 67108864B = 64.000000MB
[14:34:23.984][MCBLAS][I]mcblasSgemmStridedBatched 0 0 128 16 32 128 32 128 256 4096 512 2048 1.000000 0.000000
[14:34:23.984][MCBLASLT][I]Kernsel found best solution: Kernel name: mcblas__Mck_sgemm_full_1m1n1k_xt_fp32_fp32_fp32_sb_nn_0_256_64x32_0, slt:0, swap:0, ksplit:0
[14:34:23.984][MCBLASLT][I]module get function mcblas__Mck_sgemm_full_1m1n1k_xt_fp32_fp32_fp32_sb_nn_0_256_64x32_0 successed
[14:34:23.984][MCBLASLT][I]mcModuleLaunchKernel successed, ret = 0
[14:34:23.984][MCR][I]mc_memory.cpp            :1671: copy strategy - H2DCpuCopy:0,D2HCpuCopy:0,cpuCopy:0,d2dCrossDevices:0,pageableHToDAsync:0
[14:34:23.984][MCR][I]mc_memory.cpp            :1672: copy strategy - isAsync:0,waitComplete:0
[14:34:23.984][MXC][I]raw dispatch ts:[113237065549532,113237065549832]
[14:34:23.984][MXC][I]dispatch ts translate ret [1788964463984225042, 1788964463984228044]
[14:34:23.984][MXC][I]raw dispatch ts:[113237065517062,113237065518412]
[14:34:23.984][MXC][I]dispatch ts translate ret [1788964463983900233, 1788964463983913733]
[14:34:23.984][MXC][I]raw async_copy ts:[68789015289840,68789015311756]
[14:34:23.984][MXC][I]sdma_ts_.sdma_counter:68788037387253
[14:34:23.984][MXC][I]DNOCfreq:900000000, async_copy ts translate ret [1788964464255890536, 1788964464255914887]
[14:34:23.984][MXC][I]raw dispatch ts:[113237065520910,113237065522201]
[14:34:23.984][MXC][I]dispatch ts translate ret [1788964463983938713, 1788964463983951623]
[14:34:23.984][MXC][I]raw dispatch ts:[113237065522477,113237065524308]
[14:34:23.984][MXC][I]dispatch ts translate ret [1788964463983954383, 1788964463983972693]
[14:34:23.984][MXC][I]raw dispatch ts:[113237065524589,113237065528385]
[14:34:23.984][MXC][I]dispatch ts translate ret [1788964463983975503, 1788964463984013463]
[14:34:23.984][MXC][I]raw dispatch ts:[113237065528664,113237065528965]
[14:34:23.984][MXC][I]dispatch ts translate ret [1788964463984016253, 1788964463984019263]
[14:34:23.984][MXC][I]raw dispatch ts:[113237065529245,113237065529478]
[14:34:23.984][MXC][I]dispatch ts translate ret [1788964463984022063, 1788964463984024393]
[14:34:23.984][MXC][I]raw dispatch ts:[113237065535465,113237065536140]
[14:34:23.984][MXC][I]dispatch ts translate ret [1788964463984084291, 1788964463984091045]
[14:34:23.984][MXC][I]raw dispatch ts:[113237065538554,113237065539937]
[14:34:23.984][MXC][I]dispatch ts translate ret [1788964463984115199, 1788964463984129037]
[14:34:23.984][MXC][I]raw dispatch ts:[113237065540226,113237065541551]
[14:34:23.984][MXC][I]dispatch ts translate ret [1788964463984131929, 1788964463984145186]
[14:34:23.984][MXC][I]raw dispatch ts:[113237065541911,113237065543983]
[14:34:23.984][MXC][I]dispatch ts translate ret [1788964463984148789, 1788964463984169520]
[14:34:23.984][MXC][I]raw dispatch ts:[113237065546624,113237065547639]
[14:34:23.984][MXC][I]dispatch ts translate ret [1788964463984195946, 1788964463984206102]
[14:34:23.984][MXC][I]raw dispatch ts:[113237065547919,113237065549265]
[14:34:23.984][MXC][I]dispatch ts translate ret [1788964463984208903, 1788964463984222371]
[14:34:23.984][MCBLASLT][I]set_workspace is called ! user allocated size: 67108864B = 64.000000MB
[14:34:23.984][MCBLAS][I]mcblasSgemmStridedBatched 1 0 32 16 128 128 128 32 256 4096 2048 512 1.000000 0.000000
[14:34:23.984][MCBLASLT][I]Kernsel found best solution: Kernel name: mcblas__Mck_sgemm_full_1m1n1k_xt_fp32_fp32_fp32_sb_tn_0_256_64x32_0, slt:0, swap:0, ksplit:0
[14:34:23.984][MCBLASLT][I]module get function mcblas__Mck_sgemm_full_1m1n1k_xt_fp32_fp32_fp32_sb_tn_0_256_64x32_0 successed
[14:34:23.984][MXC][I]raw dispatch ts:[113237065556443,113237065557030]
[14:34:23.984][MXC][I]dispatch ts translate ret [1788964463984294191, 1788964463984300065]
[14:34:23.984][MCBLASLT][I]mcModuleLaunchKernel successed, ret = 0
[14:34:23.984][MXC][I]raw dispatch ts:[113237065559386,113237065559791]
[14:34:23.984][MXC][I]dispatch ts translate ret [1788964463984323638, 1788964463984327691]
[14:34:23.984][MXC][I]raw dispatch ts:[113237065560066,113237065560243]
[14:34:23.984][MXC][I]dispatch ts translate ret [1788964463984330442, 1788964463984332213]
[14:34:23.984][MCR][I]mc_memory.cpp            :1671: copy strategy - H2DCpuCopy:0,D2HCpuCopy:0,cpuCopy:0,d2dCrossDevices:0,pageableHToDAsync:0
[14:34:23.984][MCR][I]mc_memory.cpp            :1672: copy strategy - isAsync:0,waitComplete:0
[14:34:23.984][MCBLASLT][I]set_workspace is called ! user allocated size: 67108864B = 64.000000MB
[14:34:23.984][MCBLAS][I]mcblasSgemmStridedBatched 0 0 128 16 32 128 32 128 256 4096 512 2048 1.000000 0.000000
[14:34:23.984][MCBLASLT][I]Kernsel found best solution: Kernel name: mcblas__Mck_sgemm_full_1m1n1k_xt_fp32_fp32_fp32_sb_nn_0_256_64x32_0, slt:0, swap:0, ksplit:0
[14:34:23.984][MCBLASLT][I]module get function mcblas__Mck_sgemm_full_1m1n1k_xt_fp32_fp32_fp32_sb_nn_0_256_64x32_0 successed
[14:34:23.984][MXC][I]raw dispatch ts:[113237065582831,113237065582967]
[14:34:23.984][MXC][I]dispatch ts translate ret [1788964463984557967, 1788964463984559327]
[14:34:23.984][MCBLASLT][I]mcModuleLaunchKernel successed, ret = 0
[14:34:23.984][MXC][I]raw dispatch ts:[113237065560505,113237065560958]
[14:34:23.984][MXC][I]dispatch ts translate ret [1788964463984334756, 1788964463984339285]
[14:34:23.984][MXC][I]raw async_copy ts:[68789015690532,68789015702103]
[14:34:23.984][MXC][I]sdma_ts_.sdma_counter:68788037387253
[14:34:23.984][MXC][I]DNOCfreq:900000000, async_copy ts translate ret [1788964464256335749, 1788964464256348605]
[14:34:23.984][MXC][I]raw dispatch ts:[113237065563370,113237065563792]
[14:34:23.984][MXC][I]dispatch ts translate ret [1788964463984363399, 1788964463984367618]
[14:34:23.984][MCR][I]mc_memory.cpp            :1671: copy strategy - H2DCpuCopy:0,D2HCpuCopy:0,cpuCopy:0,d2dCrossDevices:0,pageableHToDAsync:0
[14:34:23.984][MCR][I]mc_memory.cpp            :1672: copy strategy - isAsync:0,waitComplete:0
[14:34:23.984][MXC][I]raw dispatch ts:[113237065564081,113237065564437]
[14:34:23.984][MXC][I]dispatch ts translate ret [1788964463984370508, 1788964463984374067]
[14:34:23.984][MXC][I]raw dispatch ts:[113237065564715,113237065565003]
[14:34:23.984][MXC][I]dispatch ts translate ret [1788964463984376846, 1788964463984379726]
[14:34:23.984][MXC][I]raw dispatch ts:[113237065565290,113237065565466]
[14:34:23.984][MXC][I]dispatch ts translate ret [1788964463984382595, 1788964463984384355]
[14:34:23.984][MXC][I]raw dispatch ts:[113237065565733,113237065566447]
[14:34:23.984][MXC][I]dispatch ts translate ret [1788964463984387024, 1788964463984394163]
[14:34:23.984][MXC][I]raw dispatch ts:[113237065568894,113237065569200]
[14:34:23.984][MXC][I]dispatch ts translate ret [1788964463984418627, 1788964463984421687]
[14:34:23.984][MXC][I]raw dispatch ts:[113237065569486,113237065570037]
[14:34:23.984][MXC][I]dispatch ts translate ret [1788964463984424546, 1788964463984430055]
[14:34:23.984][MXC][I]raw dispatch ts:[113237065602228,113237065602620]
[14:34:23.984][MXC][I]dispatch ts translate ret [1788964463984751957, 1788964463984755878]
[14:34:23.984][MXC][I]raw dispatch ts:[113237065570313,113237065571544]
[14:34:23.984][MXC][I]dispatch ts translate ret [1788964463984432785, 1788964463984445095]
[14:34:23.984][MXC][I]raw async_copy ts:[68789015919652,68789015941597]
[14:34:23.984][MXC][I]sdma_ts_.sdma_counter:68788037387253
[14:34:23.984][MXC][I]DNOCfreq:900000000, async_copy ts translate ret [1788964464256590327, 1788964464256614710]
[14:34:23.984][MXC][I]raw dispatch ts:[113237065571817,113237065572925]
[14:34:23.984][MXC][I]dispatch ts translate ret [1788964463984447825, 1788964463984458905]
[14:34:23.984][MXC][I]raw dispatch ts:[113237065573197,113237065574998]
[14:34:23.984][MXC][I]dispatch ts translate ret [1788964463984461625, 1788964463984479635]
[14:34:23.984][MCBLASLT][I]set_workspace is called ! user allocated size: 67108864B = 64.000000MB
[14:34:23.984][MXC][I]raw dispatch ts:[113237065575272,113237065579077]
[14:34:23.984][MCBLAS][I]mcblasSgemmStridedBatched 1 0 32 16 128 128 128 32 256 4096 2048 512 1.000000 0.000000
[14:34:23.984][MCBLASLT][I]Kernsel found best solution: Kernel name: mcblas__Mck_sgemm_full_1m1n1k_xt_fp32_fp32_fp32_sb_tn_0_256_64x32_0, slt:0, swap:0, ksplit:0
[14:34:23.984][MXC][I]dispatch ts translate ret [1788964463984482375, 1788964463984520425]
[14:34:23.984][MCBLASLT][I]module get function mcblas__Mck_sgemm_full_1m1n1k_xt_fp32_fp32_fp32_sb_tn_0_256_64x32_0 successed
[14:34:23.984][MCBLASLT][I]mcModuleLaunchKernel successed, ret = 0
[14:34:23.984][MXC][I]raw dispatch ts:[113237065581653,113237065581995]
[14:34:23.984][MXC][I]dispatch ts translate ret [1788964463984546185, 1788964463984549605]
[14:34:23.984][MXC][I]raw dispatch ts:[113237065582266,113237065582565]
[14:34:23.984][MXC][I]dispatch ts translate ret [1788964463984552315, 1788964463984555305]
[14:34:23.984][MXC][I]raw dispatch ts:[113237065588892,113237065589548]
[14:34:23.984][MXC][I]dispatch ts translate ret [1788964463984618582, 1788964463984625143]
[14:34:23.984][MCR][I]mc_memory.cpp            :1671: copy strategy - H2DCpuCopy:0,D2HCpuCopy:0,cpuCopy:0,d2dCrossDevices:0,pageableHToDAsync:0
[14:34:23.984][MXC][I]raw dispatch ts:[113237065591965,113237065593229]
[14:34:23.984][MCR][I]mc_memory.cpp            :1672: copy strategy - isAsync:0,waitComplete:0
[14:34:23.984][MXC][I]dispatch ts translate ret [1788964463984649315, 1788964463984661957]
[14:34:23.984][MXC][I]raw dispatch ts:[113237065593517,113237065594677]
[14:34:23.984][MXC][I]dispatch ts translate ret [1788964463984664837, 1788964463984676439]
[14:34:23.984][MXC][I]raw dispatch ts:[113237065597104,113237065598977]
[14:34:23.984][MXC][I]dispatch ts translate ret [1788964463984700711, 1788964463984719444]
[14:34:23.984][MXC][I]raw dispatch ts:[113237065599267,113237065600252]
[14:34:23.984][MXC][I]dispatch ts translate ret [1788964463984722344, 1788964463984732195]
[14:34:23.984][MXC][I]raw dispatch ts:[113237065600535,113237065601960]
[14:34:23.984][MXC][I]dispatch ts translate ret [1788964463984735025, 1788964463984749277]
[14:34:23.984][MXC][I]raw dispatch ts:[113237065608951,113237065609500]
[14:34:23.984][MXC][I]dispatch ts translate ret [1788964463984819194, 1788964463984824685]
[14:34:23.984][MXC][I]raw dispatch ts:[113237065611964,113237065612370]
[14:34:23.984][MXC][I]dispatch ts translate ret [1788964463984849328, 1788964463984853388]
[14:34:23.984][MCBLASLT][I]set_workspace is called ! user allocated size: 67108864B = 64.000000MB
[14:34:23.984][MXC][I]raw dispatch ts:[113237065612646,113237065612823]
[14:34:23.984][MXC][I]dispatch ts translate ret [1788964463984856149, 1788964463984857919]
[14:34:23.984][MCBLAS][I]mcblasSgemmStridedBatched 0 0 128 16 32 128 32 128 256 4096 512 2048 1.000000 0.000000
[14:34:23.984][MCBLASLT][I]Kernsel found best solution: Kernel name: mcblas__Mck_sgemm_full_1m1n1k_xt_fp32_fp32_fp32_sb_nn_0_256_64x32_0, slt:0, swap:0, ksplit:0
[14:34:23.984][MCBLASLT][I]module get function mcblas__Mck_sgemm_full_1m1n1k_xt_fp32_fp32_fp32_sb_nn_0_256_64x32_0 successed
[14:34:23.984][MCBLASLT][I]mcModuleLaunchKernel successed, ret = 0
[14:34:23.985][MCR][I]mc_memory.cpp            :1671: copy strategy - H2DCpuCopy:0,D2HCpuCopy:0,cpuCopy:0,d2dCrossDevices:0,pageableHToDAsync:0
[14:34:23.985][MCR][I]mc_memory.cpp            :1672: copy strategy - isAsync:0,waitComplete:0
[14:34:23.985][MXC][I]raw dispatch ts:[113237065637871,113237065637963]
[14:34:23.985][MXC][I]dispatch ts translate ret [1788964463985108425, 1788964463985109345]
[14:34:23.985][MXC][I]raw dispatch ts:[113237065615105,113237065615577]
[14:34:23.985][MXC][I]dispatch ts translate ret [1788964463984880741, 1788964463984885461]
[14:34:23.985][MXC][I]raw async_copy ts:[68789016343820,68789016355507]
[14:34:23.985][MXC][I]sdma_ts_.sdma_counter:68788037387253
[14:34:23.985][MXC][I]DNOCfreq:900000000, async_copy ts translate ret [1788964464257061624, 1788964464257074609]
[14:34:23.985][MXC][I]raw dispatch ts:[113237065615859,113237065616195]
[14:34:23.985][MXC][I]dispatch ts translate ret [1788964463984888282, 1788964463984891642]
[14:34:23.985][MXC][I]raw dispatch ts:[113237065616464,113237065616811]
[14:34:23.985][MXC][I]dispatch ts translate ret [1788964463984894332, 1788964463984897803]
[14:34:23.985][MXC][I]raw dispatch ts:[113237065617084,113237065617299]
[14:34:23.985][MXC][I]dispatch ts translate ret [1788964463984900533, 1788964463984902683]
[14:34:23.985][MXC][I]raw dispatch ts:[113237065619879,113237065620142]
[14:34:23.985][MXC][I]dispatch ts translate ret [1788964463984928486, 1788964463984931116]
[14:34:23.985][MXC][I]raw dispatch ts:[113237065620421,113237065621192]
[14:34:23.985][MXC][I]dispatch ts translate ret [1788964463984933907, 1788964463984941617]
[14:34:23.985][MXC][I]raw dispatch ts:[113237065621474,113237065621766]
[14:34:23.985][MXC][I]dispatch ts translate ret [1788964463984944438, 1788964463984947358]
[14:34:23.985][MXC][I]raw dispatch ts:[113237065622049,113237065622480]
[14:34:23.985][MXC][I]dispatch ts translate ret [1788964463984950188, 1788964463984954499]
[14:34:23.985][MCBLASLT][I]set_workspace is called ! user allocated size: 67108864B = 64.000000MB
[14:34:23.985][MCBLAS][I]mcblasSgemmStridedBatched 1 0 32 16 128 128 128 32 256 4096 2048 512 1.000000 0.000000
[14:34:23.985][MCBLASLT][I]Kernsel found best solution: Kernel name: mcblas__Mck_sgemm_full_1m1n1k_xt_fp32_fp32_fp32_sb_tn_0_256_64x32_0, slt:0, swap:0, ksplit:0
[14:34:23.985][MCBLASLT][I]module get function mcblas__Mck_sgemm_full_1m1n1k_xt_fp32_fp32_fp32_sb_tn_0_256_64x32_0 successed
[14:34:23.985][MCBLASLT][I]mcModuleLaunchKernel successed, ret = 0
[14:34:23.985][MCR][I]mc_memory.cpp            :1671: copy strategy - H2DCpuCopy:0,D2HCpuCopy:0,cpuCopy:0,d2dCrossDevices:0,pageableHToDAsync:0
[14:34:23.985][MCR][I]mc_memory.cpp            :1672: copy strategy - isAsync:0,waitComplete:0
[14:34:23.985][MXC][I]raw dispatch ts:[113237065657351,113237065657531]
[14:34:23.985][MXC][I]dispatch ts translate ret [1788964463985303196, 1788964463985304995]
[14:34:23.985][MXC][I]raw dispatch ts:[113237065624851,113237065626393]
[14:34:23.985][MXC][I]dispatch ts translate ret [1788964463984978225, 1788964463984993645]
[14:34:23.985][MCBLASLT][I]set_workspace is called ! user allocated size: 67108864B = 64.000000MB
[14:34:23.985][MXC][I]raw async_copy ts:[68789016579394,68789016601240]
[14:34:23.985][MXC][I]sdma_ts_.sdma_counter:68788037387253
[14:34:23.985][MXC][I]DNOCfreq:900000000, async_copy ts translate ret [1788964464257323373, 1788964464257347646]
[14:34:23.985][MCBLAS][I]mcblasSgemmStridedBatched 0 0 128 16 32 128 32 128 256 4096 512 2048 1.000000 0.000000
[14:34:23.985][MXC][I]raw dispatch ts:[113237065626686,113237065627959]
[14:34:23.985][MXC][I]dispatch ts translate ret [1788964463984996575, 1788964463985009305]
[14:34:23.985][MCBLASLT][I]Kernsel found best solution: Kernel name: mcblas__Mck_sgemm_full_1m1n1k_xt_fp32_fp32_fp32_sb_nn_0_256_64x32_0, slt:0, swap:0, ksplit:0
[14:34:23.985][MCBLASLT][I]module get function mcblas__Mck_sgemm_full_1m1n1k_xt_fp32_fp32_fp32_sb_nn_0_256_64x32_0 successed
[14:34:23.985][MCBLASLT][I]mcModuleLaunchKernel successed, ret = 0
[14:34:23.985][MXC][I]raw dispatch ts:[113237065628245,113237065629969]
[14:34:23.985][MXC][I]dispatch ts translate ret [1788964463985012165, 1788964463985029405]
[14:34:23.985][MXC][I]raw dispatch ts:[113237065630249,113237065634047]
[14:34:23.985][MXC][I]dispatch ts translate ret [1788964463985032205, 1788964463985070185]
[14:34:23.985][MXC][I]raw dispatch ts:[113237065634330,113237065634624]
[14:34:23.985][MXC][I]dispatch ts translate ret [1788964463985073015, 1788964463985075955]
[14:34:23.985][MXC][I]raw dispatch ts:[113237065634901,113237065635147]
[14:34:23.985][MXC][I]dispatch ts translate ret [1788964463985078725, 1788964463985081185]
[14:34:23.985][MCR][I]mc_memory.cpp            :1671: copy strategy - H2DCpuCopy:0,D2HCpuCopy:0,cpuCopy:0,d2dCrossDevices:0,pageableHToDAsync:0
[14:34:23.985][MCR][I]mc_memory.cpp            :1672: copy strategy - isAsync:0,waitComplete:0
[14:34:23.985][MXC][I]raw dispatch ts:[113237065643374,113237065644054]
[14:34:23.985][MXC][I]dispatch ts translate ret [1788964463985163448, 1788964463985170247]
[14:34:23.985][MXC][I]raw dispatch ts:[113237065646584,113237065648050]
[14:34:23.985][MXC][I]dispatch ts translate ret [1788964463985195543, 1788964463985210200]
[14:34:23.985][MXC][I]raw dispatch ts:[113237065648325,113237065649412]
[14:34:23.985][MXC][I]dispatch ts translate ret [1788964463985212950, 1788964463985223818]
[14:34:23.985][MXC][I]raw dispatch ts:[113237065649685,113237065651636]
[14:34:23.985][MXC][I]dispatch ts translate ret [1788964463985226548, 1788964463985246055]
[14:34:23.985][MXC][I]raw dispatch ts:[113237065651906,113237065652850]
[14:34:23.985][MXC][I]dispatch ts translate ret [1788964463985248754, 1788964463985258193]
[14:34:23.985][MXC][I]raw dispatch ts:[113237065655724,113237065657067]
[14:34:23.985][MXC][I]dispatch ts translate ret [1788964463985286928, 1788964463985300356]
[14:34:23.985][MXC][I]raw dispatch ts:[113237065665787,113237065666309]
[14:34:23.985][MXC][I]dispatch ts translate ret [1788964463985387541, 1788964463985392761]
[14:34:23.985][MXC][I]raw dispatch ts:[113237065668826,113237065669189]
[14:34:23.985][MXC][I]dispatch ts translate ret [1788964463985417910, 1788964463985421539]
[14:34:23.985][MXC][I]raw dispatch ts:[113237065669475,113237065669651]
[14:34:23.985][MXC][I]dispatch ts translate ret [1788964463985424398, 1788964463985426157]
[14:34:23.985][MCBLASLT][I]set_workspace is called ! user allocated size: 67108864B = 64.000000MB
[14:34:23.985][MCBLAS][I]mcblasSgemmStridedBatched 1 0 32 16 128 128 128 32 256 4096 2048 512 1.000000 0.000000
[14:34:23.985][MCBLASLT][I]Kernsel found best solution: Kernel name: mcblas__Mck_sgemm_full_1m1n1k_xt_fp32_fp32_fp32_sb_tn_0_256_64x32_0, slt:0, swap:0, ksplit:0
[14:34:23.985][MCBLASLT][I]module get function mcblas__Mck_sgemm_full_1m1n1k_xt_fp32_fp32_fp32_sb_tn_0_256_64x32_0 successed
[14:34:23.985][MCBLASLT][I]mcModuleLaunchKernel successed, ret = 0
[14:34:23.985][MXC][I]raw dispatch ts:[113237065692401,113237065692494]
[14:34:23.985][MXC][I]dispatch ts translate ret [1788964463985653708, 1788964463985654639]
[14:34:23.985][MXC][I]raw dispatch ts:[113237065669990,113237065670440]
[14:34:23.985][MXC][I]dispatch ts translate ret [1788964463985429522, 1788964463985434022]
[14:34:23.985][MCR][I]mc_memory.cpp            :1671: copy strategy - H2DCpuCopy:0,D2HCpuCopy:0,cpuCopy:0,d2dCrossDevices:0,pageableHToDAsync:0
[14:34:23.985][MCR][I]mc_memory.cpp            :1672: copy strategy - isAsync:0,waitComplete:0
[14:34:23.985][MXC][I]raw async_copy ts:[68789016998325,68789017009891]
[14:34:23.985][MXC][I]sdma_ts_.sdma_counter:68788037387253
[14:34:23.985][MXC][I]DNOCfreq:900000000, async_copy ts translate ret [1788964464257788852, 1788964464257801703]
[14:34:23.985][MXC][I]raw dispatch ts:[113237065672936,113237065673344]
[14:34:23.985][MXC][I]dispatch ts translate ret [1788964463985458982, 1788964463985463062]
[14:34:23.985][MXC][I]raw dispatch ts:[113237065673625,113237065673983]
[14:34:23.985][MXC][I]dispatch ts translate ret [1788964463985465872, 1788964463985469452]
[14:34:23.985][MXC][I]raw dispatch ts:[113237065674259,113237065674560]
[14:34:23.985][MXC][I]dispatch ts translate ret [1788964463985472212, 1788964463985475222]
[14:34:23.985][MXC][I]raw dispatch ts:[113237065674832,113237065675024]
[14:34:23.985][MXC][I]dispatch ts translate ret [1788964463985477942, 1788964463985479862]
[14:34:23.985][MXC][I]raw dispatch ts:[113237065675293,113237065676035]
[14:34:23.985][MXC][I]dispatch ts translate ret [1788964463985482552, 1788964463985489972]
[14:34:23.985][MXC][I]raw dispatch ts:[113237065676307,113237065676513]
[14:34:23.985][MXC][I]dispatch ts translate ret [1788964463985492692, 1788964463985494752]
[14:34:23.985][MXC][I]raw dispatch ts:[113237065678871,113237065679379]
[14:34:23.985][MXC][I]dispatch ts translate ret [1788964463985518340, 1788964463985523422]
[14:34:23.985][MCBLASLT][I]set_workspace is called ! user allocated size: 67108864B = 64.000000MB
[14:34:23.985][MCBLAS][I]mcblasSgemmStridedBatched 0 0 128 16 32 128 32 128 256 4096 512 2048 1.000000 0.000000
[14:34:23.985][MCBLASLT][I]Kernsel found best solution: Kernel name: mcblas__Mck_sgemm_full_1m1n1k_xt_fp32_fp32_fp32_sb_nn_0_256_64x32_0, slt:0, swap:0, ksplit:0
[14:34:23.985][MCBLASLT][I]module get function mcblas__Mck_sgemm_full_1m1n1k_xt_fp32_fp32_fp32_sb_nn_0_256_64x32_0 successed
[14:34:23.985][MCBLASLT][I]mcModuleLaunchKernel successed, ret = 0
[14:34:23.985][MCR][I]mc_memory.cpp            :1671: copy strategy - H2DCpuCopy:0,D2HCpuCopy:0,cpuCopy:0,d2dCrossDevices:0,pageableHToDAsync:0
[14:34:23.985][MCR][I]mc_memory.cpp            :1672: copy strategy - isAsync:0,waitComplete:0
[14:34:23.985][MXC][I]raw dispatch ts:[113237065711496,113237065711688]
[14:34:23.985][MXC][I]dispatch ts translate ret [1788964463985844667, 1788964463985846587]
[14:34:23.985][MXC][I]raw dispatch ts:[113237065679656,113237065681051]
[14:34:23.985][MXC][I]dispatch ts translate ret [1788964463985526261, 1788964463985540211]
[14:34:23.985][MXC][I]raw async_copy ts:[68789017234804,68789017256637]
[14:34:23.985][MXC][I]sdma_ts_.sdma_counter:68788037387253
[14:34:23.985][MXC][I]DNOCfreq:900000000, async_copy ts translate ret [1788964464258051607, 1788964464258075865]
[14:34:23.985][MXC][I]raw dispatch ts:[113237065681323,113237065682553]
[14:34:23.985][MXC][I]dispatch ts translate ret [1788964463985542931, 1788964463985555231]
[14:34:23.985][MXC][I]raw dispatch ts:[113237065682833,113237065684662]
[14:34:23.985][MXC][I]dispatch ts translate ret [1788964463985558031, 1788964463985576321]
[14:34:23.985][MXC][I]raw dispatch ts:[113237065684943,113237065688736]
[14:34:23.985][MXC][I]dispatch ts translate ret [1788964463985579131, 1788964463985617061]
[14:34:23.985][MXC][I]raw dispatch ts:[113237065689020,113237065689324]
[14:34:23.985][MXC][I]dispatch ts translate ret [1788964463985619901, 1788964463985622941]
[14:34:23.985][MXC][I]raw dispatch ts:[113237065689602,113237065689824]
[14:34:23.985][MXC][I]dispatch ts translate ret [1788964463985625721, 1788964463985627941]
[14:34:23.985][MXC][I]raw dispatch ts:[113237065697822,113237065698506]
[14:34:23.985][MXC][I]dispatch ts translate ret [1788964463985707923, 1788964463985714763]
[14:34:23.985][MXC][I]raw dispatch ts:[113237065700996,113237065702364]
[14:34:23.985][MXC][I]dispatch ts translate ret [1788964463985739664, 1788964463985753344]
[14:34:23.985][MXC][I]raw dispatch ts:[113237065702650,113237065703899]
[14:34:23.985][MXC][I]dispatch ts translate ret [1788964463985756204, 1788964463985768695]
[14:34:23.985][MXC][I]raw dispatch ts:[113237065704176,113237065706072]
[14:34:23.985][MXC][I]dispatch ts translate ret [1788964463985771465, 1788964463985790426]
[14:34:23.985][MXC][I]raw dispatch ts:[113237065706345,113237065707308]
[14:34:23.985][MXC][I]dispatch ts translate ret [1788964463985793156, 1788964463985802786]
[14:34:23.985][MCBLASLT][I]set_workspace is called ! user allocated size: 67108864B = 64.000000MB
[14:34:23.986][MXC][I]raw dispatch ts:[113237065709908,113237065711215]
[14:34:23.986][MXC][I]dispatch ts translate ret [1788964463985828787, 1788964463985841857]
[14:34:23.986][MCBLAS][I]mcblasSgemmStridedBatched 1 0 32 16 128 128 128 32 256 4096 2048 512 1.000000 0.000000
[14:34:23.986][MCBLASLT][I]Kernsel found best solution: Kernel name: mcblas__Mck_sgemm_full_1m1n1k_xt_fp32_fp32_fp32_sb_tn_0_256_64x32_0, slt:0, swap:0, ksplit:0
[14:34:23.986][MCBLASLT][I]module get function mcblas__Mck_sgemm_full_1m1n1k_xt_fp32_fp32_fp32_sb_tn_0_256_64x32_0 successed
[14:34:23.986][MCBLASLT][I]mcModuleLaunchKernel successed, ret = 0
[14:34:23.986][MXC][I]raw dispatch ts:[113237065718774,113237065719334]
[14:34:23.986][MXC][I]dispatch ts translate ret [1788964463985917448, 1788964463985923049]
[14:34:23.986][MXC][I]raw dispatch ts:[113237065721737,113237065722109]
[14:34:23.986][MXC][I]dispatch ts translate ret [1788964463985947079, 1788964463985950799]
[14:34:23.986][MXC][I]raw dispatch ts:[113237065722391,113237065722671]
[14:34:23.986][MXC][I]dispatch ts translate ret [1788964463985953601, 1788964463985956401]
[14:34:23.986][MCR][I]mc_memory.cpp            :1671: copy strategy - H2DCpuCopy:0,D2HCpuCopy:0,cpuCopy:0,d2dCrossDevices:0,pageableHToDAsync:0
[14:34:23.986][MCR][I]mc_memory.cpp            :1672: copy strategy - isAsync:0,waitComplete:0
[14:34:23.986][MCBLASLT][I]set_workspace is called ! user allocated size: 67108864B = 64.000000MB
[14:34:23.986][MCBLAS][I]mcblasSgemmStridedBatched 0 0 128 16 32 128 32 128 256 4096 512 2048 1.000000 0.000000
[14:34:23.986][MCBLASLT][I]Kernsel found best solution: Kernel name: mcblas__Mck_sgemm_full_1m1n1k_xt_fp32_fp32_fp32_sb_nn_0_256_64x32_0, slt:0, swap:0, ksplit:0
[14:34:23.986][MCBLASLT][I]module get function mcblas__Mck_sgemm_full_1m1n1k_xt_fp32_fp32_fp32_sb_nn_0_256_64x32_0 successed
[14:34:23.986][MCBLASLT][I]mcModuleLaunchKernel successed, ret = 0
[14:34:23.986][MXC][I]raw dispatch ts:[113237065745294,113237065745387]
[14:34:23.986][MXC][I]dispatch ts translate ret [1788964463986182700, 1788964463986183630]
[14:34:23.986][MXC][I]raw dispatch ts:[113237065722946,113237065723411]
[14:34:23.986][MXC][I]dispatch ts translate ret [1788964463985959136, 1788964463985963786]
[14:34:23.986][MCR][I]mc_memory.cpp            :1671: copy strategy - H2DCpuCopy:0,D2HCpuCopy:0,cpuCopy:0,d2dCrossDevices:0,pageableHToDAsync:0
[14:34:23.986][MCR][I]mc_memory.cpp            :1672: copy strategy - isAsync:0,waitComplete:0
[14:34:23.986][MXC][I]raw async_copy ts:[68789017632702,68789017644398]
[14:34:23.986][MXC][I]sdma_ts_.sdma_counter:68788037387253
[14:34:23.986][MXC][I]DNOCfreq:900000000, async_copy ts translate ret [1788964464258493716, 1788964464258506711]
[14:34:23.986][MXC][I]raw dispatch ts:[113237065725750,113237065726187]
[14:34:23.986][MXC][I]dispatch ts translate ret [1788964463985987176, 1788964463985991546]
[14:34:23.986][MXC][I]raw dispatch ts:[113237065726471,113237065726825]
[14:34:23.986][MXC][I]dispatch ts translate ret [1788964463985994386, 1788964463985997926]
[14:34:23.986][MXC][I]raw dispatch ts:[113237065727105,113237065727393]
[14:34:23.986][MXC][I]dispatch ts translate ret [1788964463986000726, 1788964463986003606]
[14:34:23.986][MXC][I]raw dispatch ts:[113237065727674,113237065727850]
[14:34:23.986][MXC][I]dispatch ts translate ret [1788964463986006416, 1788964463986008176]
[14:34:23.986][MXC][I]raw dispatch ts:[113237065728116,113237065728838]
[14:34:23.986][MXC][I]dispatch ts translate ret [1788964463986010836, 1788964463986018056]
[14:34:23.986][MXC][I]raw dispatch ts:[113237065729176,113237065729379]
[14:34:23.986][MXC][I]dispatch ts translate ret [1788964463986021436, 1788964463986023466]
[14:34:23.986][MXC][I]raw dispatch ts:[113237065731728,113237065732244]
[14:34:23.986][MXC][I]dispatch ts translate ret [1788964463986046959, 1788964463986052122]
[14:34:23.986][MXC][I]raw dispatch ts:[113237065764325,113237065764635]
[14:34:23.986][MXC][I]dispatch ts translate ret [1788964463986372906, 1788964463986376004]
[14:34:23.986][MXC][I]raw dispatch ts:[113237065732527,113237065733863]
[14:34:23.986][MXC][I]dispatch ts translate ret [1788964463986055033, 1788964463986068393]
[14:34:23.986][MCBLASLT][I]set_workspace is called ! user allocated size: 67108864B = 64.000000MB
[14:34:23.986][MCBLAS][I]mcblasSgemmStridedBatched 1 0 32 16 128 128 128 32 256 4096 2048 512 1.000000 0.000000
[14:34:23.986][MCBLASLT][I]Kernsel found best solution: Kernel name: mcblas__Mck_sgemm_full_1m1n1k_xt_fp32_fp32_fp32_sb_tn_0_256_64x32_0, slt:0, swap:0, ksplit:0
[14:34:23.986][MCBLASLT][I]module get function mcblas__Mck_sgemm_full_1m1n1k_xt_fp32_fp32_fp32_sb_tn_0_256_64x32_0 successed
[14:34:23.986][MCBLASLT][I]mcModuleLaunchKernel successed, ret = 0
[14:34:23.986][MXC][I]raw async_copy ts:[68789017864819,68789017886651]
[14:34:23.986][MXC][I]sdma_ts_.sdma_counter:68788037387253
[14:34:23.986][MXC][I]DNOCfreq:900000000, async_copy ts translate ret [1788964464258751623, 1788964464258775880]
[14:34:23.986][MXC][I]raw dispatch ts:[113237065734138,113237065735329]
[14:34:23.986][MXC][I]dispatch ts translate ret [1788964463986071143, 1788964463986083053]
[14:34:23.986][MXC][I]raw dispatch ts:[113237065735603,113237065737468]
[14:34:23.986][MXC][I]dispatch ts translate ret [1788964463986085793, 1788964463986104443]
[14:34:23.986][MXC][I]raw dispatch ts:[113237065737745,113237065741544]
[14:34:23.986][MXC][I]dispatch ts translate ret [1788964463986107213, 1788964463986145203]
[14:34:23.986][MCR][I]mc_memory.cpp            :1671: copy strategy - H2DCpuCopy:0,D2HCpuCopy:0,cpuCopy:0,d2dCrossDevices:0,pageableHToDAsync:0
[14:34:23.986][MCR][I]mc_memory.cpp            :1672: copy strategy - isAsync:0,waitComplete:0
[14:34:23.986][MXC][I]raw dispatch ts:[113237065741814,113237065742112]
[14:34:23.986][MXC][I]dispatch ts translate ret [1788964463986147903, 1788964463986150883]
[14:34:23.986][MXC][I]raw dispatch ts:[113237065742382,113237065742603]
[14:34:23.986][MXC][I]dispatch ts translate ret [1788964463986153583, 1788964463986155793]
[14:34:23.986][MXC][I]raw dispatch ts:[113237065750834,113237065751491]
[14:34:23.986][MXC][I]dispatch ts translate ret [1788964463986238075, 1788964463986244641]
[14:34:23.986][MXC][I]raw dispatch ts:[113237065753762,113237065755054]
[14:34:23.986][MXC][I]dispatch ts translate ret [1788964463986267338, 1788964463986280250]
[14:34:23.986][MXC][I]raw dispatch ts:[113237065755341,113237065756661]
[14:34:23.986][MXC][I]dispatch ts translate ret [1788964463986283118, 1788964463986296311]
[14:34:23.986][MXC][I]raw dispatch ts:[113237065756947,113237065758880]
[14:34:23.986][MXC][I]dispatch ts translate ret [1788964463986299169, 1788964463986318488]
[14:34:23.986][MCBLASLT][I]set_workspace is called ! user allocated size: 67108864B = 64.000000MB
[14:34:23.986][MXC][I]raw dispatch ts:[113237065761480,113237065762533]
[14:34:23.986][MXC][I]dispatch ts translate ret [1788964463986344472, 1788964463986354996]
[14:34:23.986][MCBLAS][I]mcblasSgemmStridedBatched 0 0 128 16 32 128 32 128 256 4096 512 2048 1.000000 0.000000
[14:34:23.986][MCBLASLT][I]Kernsel found best solution: Kernel name: mcblas__Mck_sgemm_full_1m1n1k_xt_fp32_fp32_fp32_sb_nn_0_256_64x32_0, slt:0, swap:0, ksplit:0
[14:34:23.986][MXC][I]raw dispatch ts:[113237065762820,113237065764049]
[14:34:23.986][MXC][I]dispatch ts translate ret [1788964463986357865, 1788964463986370147]
[14:34:23.986][MCBLASLT][I]module get function mcblas__Mck_sgemm_full_1m1n1k_xt_fp32_fp32_fp32_sb_nn_0_256_64x32_0 successed
[14:34:23.986][MCBLASLT][I]mcModuleLaunchKernel successed, ret = 0
[14:34:23.986][MXC][I]raw dispatch ts:[113237065771375,113237065771921]
[14:34:23.986][MXC][I]dispatch ts translate ret [1788964463986443363, 1788964463986448820]
[14:34:23.986][MXC][I]raw dispatch ts:[113237065774335,113237065774694]
[14:34:23.986][MXC][I]dispatch ts translate ret [1788964463986472946, 1788964463986476534]
[14:34:23.986][MXC][I]raw dispatch ts:[113237065774972,113237065775225]
[14:34:23.986][MXC][I]dispatch ts translate ret [1788964463986479352, 1788964463986481882]
[14:34:23.986][MCR][I]mc_memory.cpp            :1671: copy strategy - H2DCpuCopy:0,D2HCpuCopy:0,cpuCopy:0,d2dCrossDevices:0,pageableHToDAsync:0
[14:34:23.986][MCR][I]mc_memory.cpp            :1672: copy strategy - isAsync:0,waitComplete:0
[14:34:23.986][MXC][I]raw dispatch ts:[113237065797462,113237065797835]
[14:34:23.986][MXC][I]dispatch ts translate ret [1788964463986704410, 1788964463986708146]
[14:34:23.986][MXC][I]raw dispatch ts:[113237065777538,113237065778011]
[14:34:23.986][MXC][I]dispatch ts translate ret [1788964463986504993, 1788964463986509723]
[14:34:23.986][MXC][I]raw async_copy ts:[68789018267151,68789018278843]
[14:34:23.986][MXC][I]sdma_ts_.sdma_counter:68788037387253
[14:34:23.986][MXC][I]DNOCfreq:900000000, async_copy ts translate ret [1788964464259198659, 1788964464259211650]
[14:34:23.986][MXC][I]raw dispatch ts:[113237065778288,113237065778607]
[14:34:23.986][MXC][I]dispatch ts translate ret [1788964463986512493, 1788964463986515683]
[14:34:23.986][MXC][I]raw dispatch ts:[113237065778878,113237065779242]
[14:34:23.986][MXC][I]dispatch ts translate ret [1788964463986518393, 1788964463986522033]
[14:34:23.986][MXC][I]raw dispatch ts:[113237065779512,113237065779728]
[14:34:23.986][MXC][I]dispatch ts translate ret [1788964463986524733, 1788964463986526893]
[14:34:23.986][MXC][I]raw dispatch ts:[113237065782080,113237065782327]
[14:34:23.986][MXC][I]dispatch ts translate ret [1788964463986550413, 1788964463986552883]
[14:34:23.986][MCBLASLT][I]set_workspace is called ! user allocated size: 67108864B = 64.000000MB
[14:34:23.986][MXC][I]raw dispatch ts:[113237065782625,113237065783410]
[14:34:23.986][MXC][I]dispatch ts translate ret [1788964463986555863, 1788964463986563713]
[14:34:23.986][MCBLAS][I]mcblasSgemmStridedBatched 1 0 32 16 128 128 128 32 256 4096 2048 512 1.000000 0.000000
[14:34:23.986][MCBLASLT][I]Kernsel found best solution: Kernel name: mcblas__Mck_sgemm_full_1m1n1k_xt_fp32_fp32_fp32_sb_tn_0_256_64x32_0, slt:0, swap:0, ksplit:0
[14:34:23.986][MCBLASLT][I]module get function mcblas__Mck_sgemm_full_1m1n1k_xt_fp32_fp32_fp32_sb_tn_0_256_64x32_0 successed
[14:34:23.986][MXC][I]raw dispatch ts:[113237065783697,113237065783991]
[14:34:23.986][MXC][I]dispatch ts translate ret [1788964463986566583, 1788964463986569523]
[14:34:23.986][MCBLASLT][I]mcModuleLaunchKernel successed, ret = 0
[14:34:23.986][MXC][I]raw dispatch ts:[113237065784272,113237065784720]
[14:34:23.986][MXC][I]dispatch ts translate ret [1788964463986572333, 1788964463986576813]
[14:34:23.986][MCR][I]mc_memory.cpp            :1671: copy strategy - H2DCpuCopy:0,D2HCpuCopy:0,cpuCopy:0,d2dCrossDevices:0,pageableHToDAsync:0
[14:34:23.986][MCR][I]mc_memory.cpp            :1672: copy strategy - isAsync:0,waitComplete:0
[14:34:23.986][MXC][I]raw dispatch ts:[113237065817380,113237065817692]
[14:34:23.986][MXC][I]dispatch ts translate ret [1788964463986903580, 1788964463986906699]
[14:34:23.986][MXC][I]raw dispatch ts:[113237065785002,113237065786262]
[14:34:23.986][MXC][I]dispatch ts translate ret [1788964463986579825, 1788964463986592425]
[14:34:23.986][MCBLASLT][I]set_workspace is called ! user allocated size: 67108864B = 64.000000MB
[14:34:23.986][MXC][I]raw async_copy ts:[68789018499796,68789018521844]
[14:34:23.986][MXC][I]sdma_ts_.sdma_counter:68788037387253
[14:34:23.986][MXC][I]DNOCfreq:900000000, async_copy ts translate ret [1788964464259457153, 1788964464259481650]
[14:34:23.986][MXC][I]raw dispatch ts:[113237065788793,113237065790026]
[14:34:23.986][MXC][I]dispatch ts translate ret [1788964463986617735, 1788964463986630065]
[14:34:23.986][MCBLAS][I]mcblasSgemmStridedBatched 0 0 128 16 32 128 32 128 256 4096 512 2048 1.000000 0.000000
[14:34:23.986][MCBLASLT][I]Kernsel found best solution: Kernel name: mcblas__Mck_sgemm_full_1m1n1k_xt_fp32_fp32_fp32_sb_nn_0_256_64x32_0, slt:0, swap:0, ksplit:0
[14:34:23.986][MCBLASLT][I]module get function mcblas__Mck_sgemm_full_1m1n1k_xt_fp32_fp32_fp32_sb_nn_0_256_64x32_0 successed
[14:34:23.986][MXC][I]raw dispatch ts:[113237065790313,113237065792018]
[14:34:23.986][MXC][I]dispatch ts translate ret [1788964463986632935, 1788964463986649985]
[14:34:23.986][MCBLASLT][I]mcModuleLaunchKernel successed, ret = 0
[14:34:23.986][MXC][I]raw dispatch ts:[113237065792303,113237065796115]
[14:34:23.986][MXC][I]dispatch ts translate ret [1788964463986652835, 1788964463986690955]
[14:34:23.986][MXC][I]raw dispatch ts:[113237065796394,113237065796696]
[14:34:23.986][MXC][I]dispatch ts translate ret [1788964463986693745, 1788964463986696765]
[14:34:23.986][MXC][I]raw dispatch ts:[113237065796971,113237065797203]
[14:34:23.987][MXC][I]dispatch ts translate ret [1788964463986699515, 1788964463986701835]
[14:34:23.987][MCR][I]mc_memory.cpp            :1671: copy strategy - H2DCpuCopy:0,D2HCpuCopy:0,cpuCopy:0,d2dCrossDevices:0,pageableHToDAsync:0
[14:34:23.987][MCR][I]mc_memory.cpp            :1672: copy strategy - isAsync:0,waitComplete:0
[14:34:23.987][MXC][I]raw dispatch ts:[113237065803725,113237065804430]
[14:34:23.987][MXC][I]dispatch ts translate ret [1788964463986767048, 1788964463986774097]
[14:34:23.987][MXC][I]raw dispatch ts:[113237065806989,113237065808385]
[14:34:23.987][MXC][I]dispatch ts translate ret [1788964463986799684, 1788964463986813642]
[14:34:23.987][MXC][I]raw dispatch ts:[113237065808662,113237065809935]
[14:34:23.987][MXC][I]dispatch ts translate ret [1788964463986816412, 1788964463986829140]
[14:34:23.987][MXC][I]raw dispatch ts:[113237065810205,113237065811941]
[14:34:23.987][MXC][I]dispatch ts translate ret [1788964463986831840, 1788964463986849197]
[14:34:23.987][MXC][I]raw dispatch ts:[113237065814578,113237065815591]
[14:34:23.987][MXC][I]dispatch ts translate ret [1788964463986875564, 1788964463986885692]
[14:34:23.987][MXC][I]raw dispatch ts:[113237065815877,113237065817104]
[14:34:23.987][MXC][I]dispatch ts translate ret [1788964463986888552, 1788964463986900820]
[14:34:23.987][MXC][I]raw dispatch ts:[113237065824812,113237065825344]
[14:34:23.987][MXC][I]dispatch ts translate ret [1788964463986977889, 1788964463986983208]
[14:34:23.987][MXC][I]raw dispatch ts:[113237065827826,113237065828187]
[14:34:23.987][MXC][I]dispatch ts translate ret [1788964463987008024, 1788964463987011634]
[14:34:23.987][MXC][I]raw dispatch ts:[113237065828468,113237065828734]
[14:34:23.987][MXC][I]dispatch ts translate ret [1788964463987014392, 1788964463987017051]
[14:34:23.987][MCBLASLT][I]set_workspace is called ! user allocated size: 67108864B = 64.000000MB
[14:34:23.987][MCBLAS][I]mcblasSgemmStridedBatched 1 0 32 16 128 128 128 32 256 4096 2048 512 1.000000 0.000000
[14:34:23.987][MCBLASLT][I]Kernsel found best solution: Kernel name: mcblas__Mck_sgemm_full_1m1n1k_xt_fp32_fp32_fp32_sb_tn_0_256_64x32_0, slt:0, swap:0, ksplit:0
[14:34:23.987][MCBLASLT][I]module get function mcblas__Mck_sgemm_full_1m1n1k_xt_fp32_fp32_fp32_sb_tn_0_256_64x32_0 successed
[14:34:23.987][MCBLASLT][I]mcModuleLaunchKernel successed, ret = 0
[14:34:23.987][MXC][I]raw dispatch ts:[113237065851729,113237065851822]
[14:34:23.987][MXC][I]dispatch ts translate ret [1788964463987246981, 1788964463987247911]
[14:34:23.987][MXC][I]raw dispatch ts:[113237065829011,113237065829464]
[14:34:23.987][MXC][I]dispatch ts translate ret [1788964463987019766, 1788964463987024296]
[14:34:23.987][MXC][I]raw async_copy ts:[68789018910676,68789018922300]
[14:34:23.987][MXC][I]sdma_ts_.sdma_counter:68788037387253
[14:34:23.987][MXC][I]DNOCfreq:900000000, async_copy ts translate ret [1788964464259913687, 1788964464259926602]
[14:34:23.987][MCR][I]mc_memory.cpp            :1671: copy strategy - H2DCpuCopy:0,D2HCpuCopy:0,cpuCopy:0,d2dCrossDevices:0,pageableHToDAsync:0
[14:34:23.987][MCR][I]mc_memory.cpp            :1672: copy strategy - isAsync:0,waitComplete:0
[14:34:23.987][MXC][I]raw dispatch ts:[113237065831962,113237065832368]
[14:34:23.987][MXC][I]dispatch ts translate ret [1788964463987049276, 1788964463987053336]
[14:34:23.987][MXC][I]raw dispatch ts:[113237065832650,113237065833003]
[14:34:23.987][MXC][I]dispatch ts translate ret [1788964463987056156, 1788964463987059686]
[14:34:23.987][MXC][I]raw dispatch ts:[113237065833284,113237065833573]
[14:34:23.987][MXC][I]dispatch ts translate ret [1788964463987062496, 1788964463987065386]
[14:34:23.987][MXC][I]raw dispatch ts:[113237065833847,113237065834023]
[14:34:23.987][MXC][I]dispatch ts translate ret [1788964463987068126, 1788964463987069886]
[14:34:23.987][MXC][I]raw dispatch ts:[113237065834286,113237065835040]
[14:34:23.987][MXC][I]dispatch ts translate ret [1788964463987072516, 1788964463987080056]
[14:34:23.987][MXC][I]raw dispatch ts:[113237065837535,113237065837853]
[14:34:23.987][MXC][I]dispatch ts translate ret [1788964463987105008, 1788964463987108188]
[14:34:23.987][MXC][I]raw dispatch ts:[113237065838288,113237065838864]
[14:34:23.987][MXC][I]dispatch ts translate ret [1788964463987112539, 1788964463987118301]
[14:34:23.987][MCBLASLT][I]set_workspace is called ! user allocated size: 67108864B = 64.000000MB
[14:34:23.987][MCBLAS][I]mcblasSgemmStridedBatched 0 0 128 16 32 128 32 128 256 4096 512 2048 1.000000 0.000000
[14:34:23.987][MCBLASLT][I]Kernsel found best solution: Kernel name: mcblas__Mck_sgemm_full_1m1n1k_xt_fp32_fp32_fp32_sb_nn_0_256_64x32_0, slt:0, swap:0, ksplit:0
[14:34:23.987][MCBLASLT][I]module get function mcblas__Mck_sgemm_full_1m1n1k_xt_fp32_fp32_fp32_sb_nn_0_256_64x32_0 successed
[14:34:23.987][MCBLASLT][I]mcModuleLaunchKernel successed, ret = 0
[14:34:23.987][MCR][I]mc_memory.cpp            :1671: copy strategy - H2DCpuCopy:0,D2HCpuCopy:0,cpuCopy:0,d2dCrossDevices:0,pageableHToDAsync:0
[14:34:23.987][MCR][I]mc_memory.cpp            :1672: copy strategy - isAsync:0,waitComplete:0
[14:34:23.987][MXC][I]raw dispatch ts:[113237065872630,113237065872959]
[14:34:23.987][MXC][I]dispatch ts translate ret [1788964463987455949, 1788964463987459238]
[14:34:23.987][MXC][I]raw dispatch ts:[113237065839128,113237065840529]
[14:34:23.987][MXC][I]dispatch ts translate ret [1788964463987120972, 1788964463987134982]
[14:34:23.987][MXC][I]raw async_copy ts:[68789019164590,68789019186411]
[14:34:23.987][MXC][I]sdma_ts_.sdma_counter:68788037387253
[14:34:23.987][MXC][I]DNOCfreq:900000000, async_copy ts translate ret [1788964464260195813, 1788964464260220058]
[14:34:23.987][MXC][I]raw dispatch ts:[113237065840810,113237065841980]
[14:34:23.987][MXC][I]dispatch ts translate ret [1788964463987137792, 1788964463987149492]
[14:34:23.987][MXC][I]raw dispatch ts:[113237065842261,113237065843944]
[14:34:23.987][MXC][I]dispatch ts translate ret [1788964463987152302, 1788964463987169132]
[14:34:23.987][MXC][I]raw dispatch ts:[113237065844226,113237065848020]
[14:34:23.987][MXC][I]dispatch ts translate ret [1788964463987171952, 1788964463987209892]
[14:34:23.987][MXC][I]raw dispatch ts:[113237065848301,113237065848596]
[14:34:23.987][MXC][I]dispatch ts translate ret [1788964463987212702, 1788964463987215652]
[14:34:23.987][MXC][I]raw dispatch ts:[113237065848878,113237065849113]
[14:34:23.987][MXC][I]dispatch ts translate ret [1788964463987218472, 1788964463987220822]
[14:34:23.987][MXC][I]raw dispatch ts:[113237065858044,113237065858719]
[14:34:23.987][MXC][I]dispatch ts translate ret [1788964463987310120, 1788964463987316869]
[14:34:23.987][MXC][I]raw dispatch ts:[113237065861188,113237065862854]
[14:34:23.987][MXC][I]dispatch ts translate ret [1788964463987341553, 1788964463987358210]
[14:34:23.987][MXC][I]raw dispatch ts:[113237065863204,113237065864461]
[14:34:23.987][MXC][I]dispatch ts translate ret [1788964463987361709, 1788964463987374276]
[14:34:23.987][MCBLASLT][I]set_workspace is called ! user allocated size: 67108864B = 64.000000MB
[14:34:23.987][MXC][I]raw dispatch ts:[113237065864735,113237065866663]
[14:34:23.987][MXC][I]dispatch ts translate ret [1788964463987377016, 1788964463987396292]
[14:34:23.987][MCBLAS][I]mcblasSgemmStridedBatched 1 0 32 16 128 128 128 32 256 4096 2048 512 1.000000 0.000000
[14:34:23.987][MXC][I]raw dispatch ts:[113237065869674,113237065870720]
[14:34:23.987][MXC][I]dispatch ts translate ret [1788964463987426395, 1788964463987436853]
[14:34:23.987][MCBLASLT][I]Kernsel found best solution: Kernel name: mcblas__Mck_sgemm_full_1m1n1k_xt_fp32_fp32_fp32_sb_tn_0_256_64x32_0, slt:0, swap:0, ksplit:0
[14:34:23.987][MXC][I]raw dispatch ts:[113237065871100,113237065872367]
[14:34:23.987][MXC][I]dispatch ts translate ret [1788964463987440652, 1788964463987453319]
[14:34:23.987][MCBLASLT][I]module get function mcblas__Mck_sgemm_full_1m1n1k_xt_fp32_fp32_fp32_sb_tn_0_256_64x32_0 successed
[14:34:23.987][MCBLASLT][I]mcModuleLaunchKernel successed, ret = 0
[14:34:23.987][MXC][I]raw dispatch ts:[113237065879394,113237065879954]
[14:34:23.987][MXC][I]dispatch ts translate ret [1788964463987523573, 1788964463987529172]
[14:34:23.987][MXC][I]raw dispatch ts:[113237065882478,113237065882885]
[14:34:23.987][MXC][I]dispatch ts translate ret [1788964463987554406, 1788964463987558475]
[14:34:23.987][MXC][I]raw dispatch ts:[113237065883168,113237065883361]
[14:34:23.987][MXC][I]dispatch ts translate ret [1788964463987561305, 1788964463987563234]
[14:34:23.987][MCR][I]mc_memory.cpp            :1671: copy strategy - H2DCpuCopy:0,D2HCpuCopy:0,cpuCopy:0,d2dCrossDevices:0,pageableHToDAsync:0
[14:34:23.987][MCR][I]mc_memory.cpp            :1672: copy strategy - isAsync:0,waitComplete:0
[14:34:23.987][MCBLASLT][I]set_workspace is called ! user allocated size: 67108864B = 64.000000MB
[14:34:23.987][MCBLAS][I]mcblasSgemmStridedBatched 0 0 128 16 32 128 32 128 256 4096 512 2048 1.000000 0.000000
[14:34:23.987][MCBLASLT][I]Kernsel found best solution: Kernel name: mcblas__Mck_sgemm_full_1m1n1k_xt_fp32_fp32_fp32_sb_nn_0_256_64x32_0, slt:0, swap:0, ksplit:0
[14:34:23.987][MCBLASLT][I]module get function mcblas__Mck_sgemm_full_1m1n1k_xt_fp32_fp32_fp32_sb_nn_0_256_64x32_0 successed
[14:34:23.987][MCBLASLT][I]mcModuleLaunchKernel successed, ret = 0
[14:34:23.987][MXC][I]raw dispatch ts:[113237065906312,113237065906428]
[14:34:23.987][MXC][I]dispatch ts translate ret [1788964463987792869, 1788964463987794029]
[14:34:23.987][MXC][I]raw dispatch ts:[113237065883637,113237065884104]
[14:34:23.987][MXC][I]dispatch ts translate ret [1788964463987566048, 1788964463987570719]
[14:34:23.987][MCR][I]mc_memory.cpp            :1671: copy strategy - H2DCpuCopy:0,D2HCpuCopy:0,cpuCopy:0,d2dCrossDevices:0,pageableHToDAsync:0
[14:34:23.987][MCR][I]mc_memory.cpp            :1672: copy strategy - isAsync:0,waitComplete:0
[14:34:23.987][MXC][I]raw async_copy ts:[68789019566439,68789019578193]
[14:34:23.987][MXC][I]sdma_ts_.sdma_counter:68788037387253
[14:34:23.987][MXC][I]DNOCfreq:900000000, async_copy ts translate ret [1788964464260642312, 1788964464260655372]
[14:34:23.987][MXC][I]raw dispatch ts:[113237065886553,113237065887003]
[14:34:23.987][MXC][I]dispatch ts translate ret [1788964463987595217, 1788964463987599718]
[14:34:23.987][MXC][I]raw dispatch ts:[113237065887289,113237065887648]
[14:34:23.987][MXC][I]dispatch ts translate ret [1788964463987602579, 1788964463987606170]
[14:34:23.987][MXC][I]raw dispatch ts:[113237065887929,113237065888216]
[14:34:23.987][MXC][I]dispatch ts translate ret [1788964463987608981, 1788964463987611852]
[14:34:23.987][MXC][I]raw dispatch ts:[113237065888495,113237065888671]
[14:34:23.987][MXC][I]dispatch ts translate ret [1788964463987614643, 1788964463987616404]
[14:34:23.987][MXC][I]raw dispatch ts:[113237065888940,113237065889668]
[14:34:23.987][MXC][I]dispatch ts translate ret [1788964463987619094, 1788964463987626377]
[14:34:23.987][MXC][I]raw dispatch ts:[113237065892096,113237065892402]
[14:34:23.987][MXC][I]dispatch ts translate ret [1788964463987650664, 1788964463987653725]
[14:34:23.987][MXC][I]raw dispatch ts:[113237065892784,113237065893323]
[14:34:23.987][MXC][I]dispatch ts translate ret [1788964463987657546, 1788964463987662938]
[14:34:23.987][MXC][I]raw dispatch ts:[113237065925935,113237065926241]
[14:34:23.987][MXC][I]dispatch ts translate ret [1788964463987989007, 1788964463987992065]
[14:34:23.988][MXC][I]raw dispatch ts:[113237065893595,113237065895070]
[14:34:23.988][MXC][I]dispatch ts translate ret [1788964463987665700, 1788964463987680450]
[14:34:23.988][MCBLASLT][I]set_workspace is called ! user allocated size: 67108864B = 64.000000MB
[14:34:23.988][MCBLAS][I]mcblasSgemmStridedBatched 1 0 32 16 128 128 128 32 256 4096 2048 512 1.000000 0.000000
[14:34:23.988][MCBLASLT][I]Kernsel found best solution: Kernel name: mcblas__Mck_sgemm_full_1m1n1k_xt_fp32_fp32_fp32_sb_tn_0_256_64x32_0, slt:0, swap:0, ksplit:0
[14:34:23.988][MCBLASLT][I]module get function mcblas__Mck_sgemm_full_1m1n1k_xt_fp32_fp32_fp32_sb_tn_0_256_64x32_0 successed
[14:34:23.988][MCBLASLT][I]mcModuleLaunchKernel successed, ret = 0
[14:34:23.988][MXC][I]raw async_copy ts:[68789019802977,68789019824791]
[14:34:23.988][MXC][I]sdma_ts_.sdma_counter:68788037387253
[14:34:23.988][MXC][I]DNOCfreq:900000000, async_copy ts translate ret [1788964464260905132, 1788964464260929369]
[14:34:23.988][MXC][I]raw dispatch ts:[113237065895346,113237065896441]
[14:34:23.988][MXC][I]dispatch ts translate ret [1788964463987683210, 1788964463987694160]
[14:34:23.988][MXC][I]raw dispatch ts:[113237065896726,113237065898533]
[14:34:23.988][MXC][I]dispatch ts translate ret [1788964463987697010, 1788964463987715080]
[14:34:23.988][MXC][I]raw dispatch ts:[113237065898802,113237065902611]
[14:34:23.988][MXC][I]dispatch ts translate ret [1788964463987717770, 1788964463987755860]
[14:34:23.988][MXC][I]raw dispatch ts:[113237065902882,113237065903123]
[14:34:23.988][MXC][I]dispatch ts translate ret [1788964463987758570, 1788964463987760980]
[14:34:23.988][MCR][I]mc_memory.cpp            :1671: copy strategy - H2DCpuCopy:0,D2HCpuCopy:0,cpuCopy:0,d2dCrossDevices:0,pageableHToDAsync:0
[14:34:23.988][MCR][I]mc_memory.cpp            :1672: copy strategy - isAsync:0,waitComplete:0
[14:34:23.988][MXC][I]raw dispatch ts:[113237065905715,113237065906006]
[14:34:23.988][MXC][I]dispatch ts translate ret [1788964463987786900, 1788964463987789810]
[14:34:23.988][MXC][I]raw dispatch ts:[113237065912461,113237065913132]
[14:34:23.988][MXC][I]dispatch ts translate ret [1788964463987854333, 1788964463987861040]
[14:34:23.988][MXC][I]raw dispatch ts:[113237065915570,113237065916939]
[14:34:23.988][MXC][I]dispatch ts translate ret [1788964463987885408, 1788964463987899091]
[14:34:23.988][MXC][I]raw dispatch ts:[113237065917230,113237065918265]
[14:34:23.988][MXC][I]dispatch ts translate ret [1788964463987902000, 1788964463987912345]
[14:34:23.988][MXC][I]raw dispatch ts:[113237065918550,113237065920294]
[14:34:23.988][MXC][I]dispatch ts translate ret [1788964463987915193, 1788964463987932625]
[14:34:23.988][MXC][I]raw dispatch ts:[113237065922953,113237065923975]
[14:34:23.988][MXC][I]dispatch ts translate ret [1788964463987959201, 1788964463987969416]
[14:34:23.988][MXC][I]raw dispatch ts:[113237065924411,113237065925663]
[14:34:23.988][MXC][I]dispatch ts translate ret [1788964463987973774, 1788964463987986288]
[14:34:23.988][MCBLASLT][I]set_workspace is called ! user allocated size: 67108864B = 64.000000MB
[14:34:23.988][MCBLAS][I]mcblasSgemmStridedBatched 0 0 128 16 32 128 32 128 256 4096 512 2048 1.000000 0.000000
[14:34:23.988][MCBLASLT][I]Kernsel found best solution: Kernel name: mcblas__Mck_sgemm_full_1m1n1k_xt_fp32_fp32_fp32_sb_nn_0_256_64x32_0, slt:0, swap:0, ksplit:0
[14:34:23.988][MCBLASLT][I]module get function mcblas__Mck_sgemm_full_1m1n1k_xt_fp32_fp32_fp32_sb_nn_0_256_64x32_0 successed
[14:34:23.988][MXC][I]raw dispatch ts:[113237065932447,113237065932981]
[14:34:23.988][MXC][I]dispatch ts translate ret [1788964463988054094, 1788964463988059431]
[14:34:23.988][MCBLASLT][I]mcModuleLaunchKernel successed, ret = 0
[14:34:23.988][MXC][I]raw dispatch ts:[113237065935358,113237065935717]
[14:34:23.988][MXC][I]dispatch ts translate ret [1788964463988083189, 1788964463988086777]
[14:34:23.988][MXC][I]raw dispatch ts:[113237065935996,113237065936261]
[14:34:23.988][MXC][I]dispatch ts translate ret [1788964463988089566, 1788964463988092215]
[14:34:23.988][MCR][I]mc_memory.cpp            :1671: copy strategy - H2DCpuCopy:0,D2HCpuCopy:0,cpuCopy:0,d2dCrossDevices:0,pageableHToDAsync:0
[14:34:23.988][MCR][I]mc_memory.cpp            :1672: copy strategy - isAsync:0,waitComplete:0
[14:34:23.988][MXC][I]raw dispatch ts:[113237065958857,113237065958973]
[14:34:23.988][MXC][I]dispatch ts translate ret [1788964463988318443, 1788964463988319604]
[14:34:23.988][MXC][I]raw dispatch ts:[113237065936527,113237065936992]
[14:34:23.988][MXC][I]dispatch ts translate ret [1788964463988094989, 1788964463988099643]
[14:34:23.988][MXC][I]raw async_copy ts:[68789020195822,68789020207487]
[14:34:23.988][MXC][I]sdma_ts_.sdma_counter:68788037387253
[14:34:23.988][MXC][I]DNOCfreq:900000000, async_copy ts translate ret [1788964464261341627, 1788964464261354588]
[14:34:23.988][MXC][I]raw dispatch ts:[113237065939359,113237065939759]
[14:34:23.988][MXC][I]dispatch ts translate ret [1788964463988123329, 1788964463988127332]
[14:34:23.988][MXC][I]raw dispatch ts:[113237065940030,113237065940385]
[14:34:23.988][MXC][I]dispatch ts translate ret [1788964463988130044, 1788964463988133596]
[14:34:23.988][MXC][I]raw dispatch ts:[113237065940661,113237065940951]
[14:34:23.988][MXC][I]dispatch ts translate ret [1788964463988136358, 1788964463988139260]
[14:34:23.988][MXC][I]raw dispatch ts:[113237065941227,113237065941403]
[14:34:23.988][MXC][I]dispatch ts translate ret [1788964463988142022, 1788964463988143783]
[14:34:23.988][MXC][I]raw dispatch ts:[113237065941673,113237065942400]
[14:34:23.988][MXC][I]dispatch ts translate ret [1788964463988146485, 1788964463988153760]
[14:34:23.988][MXC][I]raw dispatch ts:[113237065944742,113237065945058]
[14:34:23.988][MXC][I]dispatch ts translate ret [1788964463988177196, 1788964463988180358]
[14:34:23.988][MXC][I]raw dispatch ts:[113237065945345,113237065945885]
[14:34:23.988][MXC][I]dispatch ts translate ret [1788964463988183230, 1788964463988188634]
[14:34:23.988][MXC][I]raw dispatch ts:[113237065978454,113237065978632]
[14:34:23.988][MXC][I]dispatch ts translate ret [1788964463988514217, 1788964463988515995]
[14:34:23.988][MXC][I]raw dispatch ts:[113237065946168,113237065947499]
[14:34:23.988][MXC][I]dispatch ts translate ret [1788964463988191557, 1788964463988204867]
[14:34:23.988][MXC][I]raw async_copy ts:[68789020430243,68789020452240]
[14:34:23.988][MXC][I]sdma_ts_.sdma_counter:68788037387253
[14:34:23.988][MXC][I]DNOCfreq:900000000, async_copy ts translate ret [1788964464261602094, 1788964464261626535]
[14:34:23.988][MXC][I]raw dispatch ts:[113237065947781,113237065948964]
[14:34:23.988][MXC][I]dispatch ts translate ret [1788964463988207687, 1788964463988219517]
[14:34:23.988][MXC][I]raw dispatch ts:[113237065949247,113237065951086]
[14:34:23.988][MXC][I]dispatch ts translate ret [1788964463988222347, 1788964463988240737]
[14:34:23.988][MXC][I]raw dispatch ts:[113237065951366,113237065955173]
[14:34:23.988][MXC][I]dispatch ts translate ret [1788964463988243537, 1788964463988281607]
[14:34:23.988][MXC][I]raw dispatch ts:[113237065955450,113237065955689]
[14:34:23.988][MXC][I]dispatch ts translate ret [1788964463988284377, 1788964463988286767]
[14:34:23.988][MXC][I]raw dispatch ts:[113237065958265,113237065958560]
[14:34:23.988][MXC][I]dispatch ts translate ret [1788964463988312527, 1788964463988315477]
[14:34:23.988][MXC][I]raw dispatch ts:[113237065964563,113237065965252]
[14:34:23.988][MXC][I]dispatch ts translate ret [1788964463988375454, 1788964463988382337]
[14:34:23.988][MXC][I]raw dispatch ts:[113237065967626,113237065969009]
[14:34:23.988][MXC][I]dispatch ts translate ret [1788964463988406052, 1788964463988419867]
[14:34:23.988][MXC][I]raw dispatch ts:[113237065969292,113237065970725]
[14:34:23.988][MXC][I]dispatch ts translate ret [1788964463988422694, 1788964463988437009]
[14:34:23.988][MXC][I]raw dispatch ts:[113237065971023,113237065972952]
[14:34:23.988][MXC][I]dispatch ts translate ret [1788964463988439986, 1788964463988459256]
[14:34:23.988][MXC][I]raw dispatch ts:[113237065973233,113237065974207]
[14:34:23.988][MXC][I]dispatch ts translate ret [1788964463988462063, 1788964463988471792]
[14:34:23.988][MXC][I]raw dispatch ts:[113237065976798,113237065978130]
[14:34:23.988][MXC][I]dispatch ts translate ret [1788964463988497675, 1788964463988510981]
[14:34:23.988][MXC][I]raw dispatch ts:[113237065984715,113237065985264]
[14:34:23.988][MXC][I]dispatch ts translate ret [1788964463988576760, 1788964463988582244]
[14:34:23.988][MXC][I]raw dispatch ts:[113237065987620,113237065988025]
[14:34:23.988][MXC][I]dispatch ts translate ret [1788964463988605779, 1788964463988609825]
[14:34:23.988][MXC][I]raw dispatch ts:[113237065988314,113237065988490]
[14:34:23.988][MXC][I]dispatch ts translate ret [1788964463988612712, 1788964463988614470]
[14:34:23.988][MXC][I]raw dispatch ts:[113237066011186,113237066011279]
[14:34:23.988][MXC][I]dispatch ts translate ret [1788964463988841503, 1788964463988842433]
[14:34:23.988][MXC][I]raw dispatch ts:[113237065988753,113237065989219]
[14:34:23.988][MXC][I]dispatch ts translate ret [1788964463988617192, 1788964463988621851]
[14:34:23.988][MXC][I]raw async_copy ts:[68789020826478,68789020838076]
[14:34:23.988][MXC][I]sdma_ts_.sdma_counter:68788037387253
[14:34:23.988][MXC][I]DNOCfreq:900000000, async_copy ts translate ret [1788964464262042356, 1788964464262055242]
[14:34:23.988][MXC][I]raw dispatch ts:[113237065991591,113237065992000]
[14:34:23.988][MXC][I]dispatch ts translate ret [1788964463988645569, 1788964463988649659]
[14:34:23.988][MXC][I]raw dispatch ts:[113237065992286,113237065992644]
[14:34:23.988][MXC][I]dispatch ts translate ret [1788964463988652519, 1788964463988656098]
[14:34:23.988][MXC][I]raw dispatch ts:[113237065992920,113237065993218]
[14:34:23.988][MXC][I]dispatch ts translate ret [1788964463988658858, 1788964463988661838]
[14:34:23.988][MXC][I]raw dispatch ts:[113237065993494,113237065993686]
[14:34:23.988][MXC][I]dispatch ts translate ret [1788964463988664598, 1788964463988666518]
[14:34:23.988][MXC][I]raw dispatch ts:[113237065993951,113237065994689]
[14:34:23.988][MXC][I]dispatch ts translate ret [1788964463988669167, 1788964463988676547]
[14:34:23.988][MXC][I]raw dispatch ts:[113237065997218,113237065997519]
[14:34:23.988][MXC][I]dispatch ts translate ret [1788964463988701835, 1788964463988704844]
[14:34:23.988][MXC][I]raw dispatch ts:[113237065997810,113237065998338]
[14:34:23.988][MXC][I]dispatch ts translate ret [1788964463988707754, 1788964463988713034]
[14:34:23.989][MXC][I]raw dispatch ts:[113237066030701,113237066031018]
[14:34:23.989][MXC][I]dispatch ts translate ret [1788964463989036676, 1788964463989039847]
[14:34:23.989][MXC][I]raw dispatch ts:[113237065998619,113237065999819]
[14:34:23.989][MXC][I]dispatch ts translate ret [1788964463988715832, 1788964463988727832]
[14:34:23.989][MXC][I]raw async_copy ts:[68789021058992,68789021080841]
[14:34:23.989][MXC][I]sdma_ts_.sdma_counter:68788037387253
[14:34:23.989][MXC][I]DNOCfreq:900000000, async_copy ts translate ret [1788964464262300704, 1788964464262324980]
[14:34:23.989][MXC][I]raw dispatch ts:[113237066000101,113237066001328]
[14:34:23.989][MXC][I]dispatch ts translate ret [1788964463988730652, 1788964463988742922]
[14:34:23.989][MXC][I]raw dispatch ts:[113237066001611,113237066003451]
[14:34:23.989][MXC][I]dispatch ts translate ret [1788964463988745752, 1788964463988764152]
[14:34:23.989][MXC][I]raw dispatch ts:[113237066003733,113237066007535]
[14:34:23.989][MXC][I]dispatch ts translate ret [1788964463988766972, 1788964463988804992]
[14:34:23.989][MXC][I]raw dispatch ts:[113237066007818,113237066008115]
[14:34:23.989][MXC][I]dispatch ts translate ret [1788964463988807822, 1788964463988810792]
[14:34:23.989][MXC][I]raw dispatch ts:[113237066008395,113237066008629]
[14:34:23.989][MXC][I]dispatch ts translate ret [1788964463988813592, 1788964463988815932]
[14:34:23.989][MXC][I]raw dispatch ts:[113237066016913,113237066017599]
[14:34:23.989][MXC][I]dispatch ts translate ret [1788964463988898779, 1788964463988905640]
[14:34:23.989][MXC][I]raw dispatch ts:[113237066020036,113237066021480]
[14:34:23.989][MXC][I]dispatch ts translate ret [1788964463988930013, 1788964463988944455]
[14:34:23.989][MXC][I]raw dispatch ts:[113237066021760,113237066022872]
[14:34:23.989][MXC][I]dispatch ts translate ret [1788964463988947255, 1788964463988958377]
[14:34:23.989][MXC][I]raw dispatch ts:[113237066023235,113237066025158]
[14:34:23.989][MXC][I]dispatch ts translate ret [1788964463988962007, 1788964463988981239]
[14:34:23.989][MXC][I]raw dispatch ts:[113237066027808,113237066028844]
[14:34:23.989][MXC][I]dispatch ts translate ret [1788964463989007743, 1788964463989018104]
[14:34:23.989][MXC][I]raw dispatch ts:[113237066029119,113237066030436]
[14:34:23.989][MXC][I]dispatch ts translate ret [1788964463989020854, 1788964463989034026]
[14:34:23.989][MXC][I]raw dispatch ts:[113237066037348,113237066037907]
[14:34:23.989][MXC][I]dispatch ts translate ret [1788964463989103154, 1788964463989108745]
[14:34:23.989][MXC][I]raw dispatch ts:[113237066040236,113237066040597]
[14:34:23.989][MXC][I]dispatch ts translate ret [1788964463989132038, 1788964463989135648]
[14:34:23.989][MXC][I]raw dispatch ts:[113237066040882,113237066041147]
[14:34:23.989][MXC][I]dispatch ts translate ret [1788964463989138498, 1788964463989141149]
[14:34:23.989][MXC][I]raw dispatch ts:[113237066061381,113237066061761]
[14:34:23.989][MXC][I]dispatch ts translate ret [1788964463989343515, 1788964463989347316]
[14:34:23.989][MXC][I]raw dispatch ts:[113237066041421,113237066041877]
[14:34:23.989][MXC][I]dispatch ts translate ret [1788964463989143890, 1788964463989148451]
[14:34:23.989][MXC][I]raw async_copy ts:[68789021427838,68789021439526]
[14:34:23.989][MXC][I]sdma_ts_.sdma_counter:68788037387253
[14:34:23.989][MXC][I]DNOCfreq:900000000, async_copy ts translate ret [1788964464262710533, 1788964464262723519]
[14:34:23.989][MXC][I]raw dispatch ts:[113237066044237,113237066044649]
[14:34:23.989][MXC][I]dispatch ts translate ret [1788964463989172054, 1788964463989176174]
[14:34:23.989][MXC][I]raw dispatch ts:[113237066044932,113237066045287]
[14:34:23.989][MXC][I]dispatch ts translate ret [1788964463989179005, 1788964463989182555]
[14:34:23.989][MXC][I]raw dispatch ts:[113237066045566,113237066045855]
[14:34:23.989][MXC][I]dispatch ts translate ret [1788964463989185345, 1788964463989188236]
[14:34:23.989][MXC][I]raw dispatch ts:[113237066046137,113237066046313]
[14:34:23.989][MXC][I]dispatch ts translate ret [1788964463989191056, 1788964463989192816]
[14:34:23.989][MXC][I]raw dispatch ts:[113237066046579,113237066047351]
[14:34:23.989][MXC][I]dispatch ts translate ret [1788964463989195477, 1788964463989203198]
[14:34:23.989][MXC][I]raw dispatch ts:[113237066047626,113237066047830]
[14:34:23.989][MXC][I]dispatch ts translate ret [1788964463989205948, 1788964463989207988]
[14:34:23.989][MXC][I]raw dispatch ts:[113237066050165,113237066050674]
[14:34:23.989][MXC][I]dispatch ts translate ret [1788964463989231341, 1788964463989236432]
[14:34:23.989][MXC][I]raw dispatch ts:[113237066080605,113237066080781]
[14:34:23.989][MXC][I]dispatch ts translate ret [1788964463989535720, 1788964463989537480]
[14:34:23.989][MXC][I]raw dispatch ts:[113237066050954,113237066052473]
[14:34:23.989][MXC][I]dispatch ts translate ret [1788964463989239246, 1788964463989254436]
[14:34:23.989][MXC][I]raw async_copy ts:[68789021656122,68789021678030]
[14:34:23.989][MXC][I]sdma_ts_.sdma_counter:68788037387253
[14:34:23.989][MXC][I]DNOCfreq:900000000, async_copy ts translate ret [1788964464262964182, 1788964464262988524]
[14:34:23.989][MXC][I]raw dispatch ts:[113237066052750,113237066053949]
[14:34:23.989][MXC][I]dispatch ts translate ret [1788964463989257206, 1788964463989269196]
[14:34:23.989][MXC][I]raw dispatch ts:[113237066054217,113237066055963]
[14:34:23.989][MXC][I]dispatch ts translate ret [1788964463989271876, 1788964463989289336]
[14:34:23.989][MXC][I]raw dispatch ts:[113237066056234,113237066060029]
[14:34:23.989][MXC][I]dispatch ts translate ret [1788964463989292046, 1788964463989329996]
[14:34:23.989][MXC][I]raw dispatch ts:[113237066060301,113237066060602]
[14:34:23.989][MXC][I]dispatch ts translate ret [1788964463989332716, 1788964463989335726]
[14:34:23.989][MXC][I]raw dispatch ts:[113237066060880,113237066061114]
[14:34:23.989][MXC][I]dispatch ts translate ret [1788964463989338506, 1788964463989340846]
[14:34:23.989][MXC][I]raw dispatch ts:[113237066067131,113237066067786]
[14:34:23.989][MXC][I]dispatch ts translate ret [1788964463989401007, 1788964463989407555]
[14:34:23.989][MXC][I]raw dispatch ts:[113237066070155,113237066071557]
[14:34:23.989][MXC][I]dispatch ts translate ret [1788964463989431241, 1788964463989445258]
[14:34:23.989][MXC][I]raw dispatch ts:[113237066071845,113237066073053]
[14:34:23.989][MXC][I]dispatch ts translate ret [1788964463989448137, 1788964463989460215]
[14:34:23.989][MXC][I]raw dispatch ts:[113237066073335,113237066075259]
[14:34:23.989][MXC][I]dispatch ts translate ret [1788964463989463034, 1788964463989482271]
[14:34:23.989][MXC][I]raw dispatch ts:[113237066075541,113237066076526]
[14:34:23.989][MXC][I]dispatch ts translate ret [1788964463989485090, 1788964463989494938]
[14:34:23.989][MXC][I]raw dispatch ts:[113237066079108,113237066080325]
[14:34:23.989][MXC][I]dispatch ts translate ret [1788964463989520753, 1788964463989532920]
[14:34:23.989][MXC][I]raw dispatch ts:[113237066086872,113237066087421]
[14:34:23.989][MXC][I]dispatch ts translate ret [1788964463989598376, 1788964463989603865]
[14:34:23.989][MXC][I]raw dispatch ts:[113237066089810,113237066090217]
[14:34:23.989][MXC][I]dispatch ts translate ret [1788964463989627750, 1788964463989631820]
[14:34:23.989][MXC][I]raw dispatch ts:[113237066090492,113237066090683]
[14:34:23.989][MXC][I]dispatch ts translate ret [1788964463989634569, 1788964463989636479]
[14:34:23.989][MXC][I]raw dispatch ts:[113237066111292,113237066111674]
[14:34:23.989][MXC][I]dispatch ts translate ret [1788964463989842684, 1788964463989846505]
[14:34:23.989][MXC][I]raw dispatch ts:[113237066090945,113237066091421]
[14:34:23.989][MXC][I]dispatch ts translate ret [1788964463989639149, 1788964463989643911]
[14:34:23.989][MXC][I]raw async_copy ts:[68789022028087,68789022039675]
[14:34:23.989][MXC][I]sdma_ts_.sdma_counter:68788037387253
[14:34:23.989][MXC][I]DNOCfreq:900000000, async_copy ts translate ret [1788964464263377477, 1788964464263390352]
[14:34:23.989][MXC][I]raw dispatch ts:[113237066093833,113237066094253]
[14:34:23.989][MXC][I]dispatch ts translate ret [1788964463989668038, 1788964463989672240]
[14:34:23.989][MXC][I]raw dispatch ts:[113237066094538,113237066094895]
[14:34:23.989][MXC][I]dispatch ts translate ret [1788964463989675091, 1788964463989678662]
[14:34:23.989][MXC][I]raw dispatch ts:[113237066095174,113237066095461]
[14:34:23.989][MXC][I]dispatch ts translate ret [1788964463989681453, 1788964463989684323]
[14:34:23.989][MXC][I]raw dispatch ts:[113237066095743,113237066095919]
[14:34:23.989][MXC][I]dispatch ts translate ret [1788964463989687144, 1788964463989688905]
[14:34:23.989][MXC][I]raw dispatch ts:[113237066096184,113237066096899]
[14:34:23.989][MXC][I]dispatch ts translate ret [1788964463989691556, 1788964463989698708]
[14:34:23.989][MXC][I]raw dispatch ts:[113237066097181,113237066097386]
[14:34:23.989][MXC][I]dispatch ts translate ret [1788964463989701529, 1788964463989703580]
[14:34:23.989][MXC][I]raw dispatch ts:[113237066099727,113237066100259]
[14:34:23.989][MXC][I]dispatch ts translate ret [1788964463989726997, 1788964463989732319]
[14:34:23.990][MXC][I]raw dispatch ts:[113237066130655,113237066130966]
[14:34:23.990][MXC][I]dispatch ts translate ret [1788964463990036252, 1788964463990039361]
[14:34:23.990][MXC][I]raw dispatch ts:[113237066100544,113237066101836]
[14:34:23.990][MXC][I]dispatch ts translate ret [1788964463989735206, 1788964463989748126]
[14:34:23.990][MXC][I]raw async_copy ts:[68789022260304,68789022282142]
[14:34:23.990][MXC][I]sdma_ts_.sdma_counter:68788037387253
[14:34:23.990][MXC][I]DNOCfreq:900000000, async_copy ts translate ret [1788964464263635496, 1788964464263659760]
[14:34:23.990][MXC][I]raw dispatch ts:[113237066102119,113237066103374]
[14:34:23.990][MXC][I]dispatch ts translate ret [1788964463989750956, 1788964463989763506]
[14:34:23.990][MXC][I]raw dispatch ts:[113237066103654,113237066105869]
[14:34:23.990][MXC][I]dispatch ts translate ret [1788964463989766306, 1788964463989788456]
[14:34:23.990][MXC][I]raw dispatch ts:[113237066106146,113237066109946]
[14:34:23.990][MXC][I]dispatch ts translate ret [1788964463989791226, 1788964463989829226]
[14:34:23.990][MXC][I]raw dispatch ts:[113237066110220,113237066110522]
[14:34:23.990][MXC][I]dispatch ts translate ret [1788964463989831966, 1788964463989834986]
[14:34:23.990][MXC][I]raw dispatch ts:[113237066110794,113237066111027]
[14:34:23.990][MXC][I]dispatch ts translate ret [1788964463989837706, 1788964463989840036]
[14:34:23.990][MXC][I]raw dispatch ts:[113237066117054,113237066117725]
[14:34:23.990][MXC][I]dispatch ts translate ret [1788964463989900290, 1788964463989906997]
[14:34:23.990][MXC][I]raw dispatch ts:[113237066120098,113237066121632]
[14:34:23.990][MXC][I]dispatch ts translate ret [1788964463989930719, 1788964463989946054]
[14:34:23.990][MXC][I]raw dispatch ts:[113237066121913,113237066123114]
[14:34:23.990][MXC][I]dispatch ts translate ret [1788964463989948863, 1788964463989960869]
[14:34:23.990][MXC][I]raw dispatch ts:[113237066123397,113237066125197]
[14:34:23.990][MXC][I]dispatch ts translate ret [1788964463989963698, 1788964463989981691]
[14:34:23.990][MXC][I]raw dispatch ts:[113237066127771,113237066128815]
[14:34:23.990][MXC][I]dispatch ts translate ret [1788964463990007422, 1788964463990017859]
[14:34:23.990][MXC][I]raw dispatch ts:[113237066129103,113237066130377]
[14:34:23.990][MXC][I]dispatch ts translate ret [1788964463990020738, 1788964463990033473]
[14:34:23.990][MXC][I]raw dispatch ts:[113237066137242,113237066137779]
[14:34:23.990][MXC][I]dispatch ts translate ret [1788964463990102099, 1788964463990107467]
[14:34:23.990][MXC][I]raw dispatch ts:[113237066140093,113237066140499]
[14:34:23.990][MXC][I]dispatch ts translate ret [1788964463990130599, 1788964463990134657]
[14:34:23.990][MXC][I]raw dispatch ts:[113237066140786,113237066140978]
[14:34:23.990][MXC][I]dispatch ts translate ret [1788964463990137526, 1788964463990139446]
[14:34:23.990][MXC][I]raw dispatch ts:[113237066161213,113237066161600]
[14:34:23.990][MXC][I]dispatch ts translate ret [1788964463990341921, 1788964463990345792]
[14:34:23.990][MXC][I]raw dispatch ts:[113237066141248,113237066141708]
[14:34:23.990][MXC][I]dispatch ts translate ret [1788964463990142209, 1788964463990146811]
[14:34:23.990][MXC][I]raw async_copy ts:[68789022626579,68789022638243]
[14:34:23.990][MXC][I]sdma_ts_.sdma_counter:68788037387253
[14:34:23.990][MXC][I]DNOCfreq:900000000, async_copy ts translate ret [1788964464264042468, 1788964464264055428]
[14:34:23.990][MXC][I]raw dispatch ts:[113237066144050,113237066144461]
[14:34:23.990][MXC][I]dispatch ts translate ret [1788964463990170238, 1788964463990174349]
[14:34:23.990][MXC][I]raw dispatch ts:[113237066144739,113237066145095]
[14:34:23.990][MXC][I]dispatch ts translate ret [1788964463990177130, 1788964463990180691]
[14:34:23.990][MXC][I]raw dispatch ts:[113237066145370,113237066145659]
[14:34:23.990][MXC][I]dispatch ts translate ret [1788964463990183442, 1788964463990186333]
[14:34:23.990][MXC][I]raw dispatch ts:[113237066145927,113237066146102]
[14:34:23.990][MXC][I]dispatch ts translate ret [1788964463990189014, 1788964463990190764]
[14:34:23.990][MXC][I]raw dispatch ts:[113237066146358,113237066147092]
[14:34:23.990][MXC][I]dispatch ts translate ret [1788964463990193325, 1788964463990200667]
[14:34:23.990][MXC][I]raw dispatch ts:[113237066147356,113237066147548]
[14:34:23.990][MXC][I]dispatch ts translate ret [1788964463990203308, 1788964463990205229]
[14:34:23.990][MXC][I]raw dispatch ts:[113237066149965,113237066150522]
[14:34:23.990][MXC][I]dispatch ts translate ret [1788964463990229406, 1788964463990234978]
[14:34:23.990][MXC][I]raw dispatch ts:[113237066180808,113237066181116]
[14:34:23.990][MXC][I]dispatch ts translate ret [1788964463990537868, 1788964463990540948]
[14:34:23.990][MXC][I]raw dispatch ts:[113237066150805,113237066152169]
[14:34:23.990][MXC][I]dispatch ts translate ret [1788964463990237843, 1788964463990251483]
[14:34:23.990][MXC][I]raw async_copy ts:[68789022862069,68789022883907]
[14:34:23.990][MXC][I]sdma_ts_.sdma_counter:68788037387253
[14:34:23.990][MXC][I]DNOCfreq:900000000, async_copy ts translate ret [1788964464264304123, 1788964464264328387]
[14:34:23.990][MXC][I]raw dispatch ts:[113237066152453,113237066153692]
[14:34:23.990][MXC][I]dispatch ts translate ret [1788964463990254323, 1788964463990266713]
[14:34:23.990][MXC][I]raw dispatch ts:[113237066153972,113237066155770]
[14:34:23.990][MXC][I]dispatch ts translate ret [1788964463990269513, 1788964463990287493]
[14:34:23.990][MXC][I]raw dispatch ts:[113237066156055,113237066159850]
[14:34:23.990][MXC][I]dispatch ts translate ret [1788964463990290343, 1788964463990328293]
[14:34:23.990][MXC][I]raw dispatch ts:[113237066160133,113237066160432]
[14:34:23.990][MXC][I]dispatch ts translate ret [1788964463990331123, 1788964463990334113]
[14:34:23.990][MXC][I]raw dispatch ts:[113237066160709,113237066160943]
[14:34:23.990][MXC][I]dispatch ts translate ret [1788964463990336883, 1788964463990339223]
[14:34:23.990][MXC][I]raw dispatch ts:[113237066167037,113237066167698]
[14:34:23.990][MXC][I]dispatch ts translate ret [1788964463990400162, 1788964463990406772]
[14:34:23.990][MXC][I]raw dispatch ts:[113237066170057,113237066171717]
[14:34:23.990][MXC][I]dispatch ts translate ret [1788964463990430361, 1788964463990446961]
[14:34:23.990][MXC][I]raw dispatch ts:[113237066171994,113237066173414]
[14:34:23.990][MXC][I]dispatch ts translate ret [1788964463990449730, 1788964463990463930]
[14:34:23.990][MXC][I]raw dispatch ts:[113237066173692,113237066175430]
[14:34:23.990][MXC][I]dispatch ts translate ret [1788964463990466710, 1788964463990484089]
[14:34:23.990][MXC][I]raw dispatch ts:[113237066178029,113237066179061]
[14:34:23.990][MXC][I]dispatch ts translate ret [1788964463990510079, 1788964463990520398]
[14:34:23.990][MXC][I]raw dispatch ts:[113237066179338,113237066180544]
[14:34:23.990][MXC][I]dispatch ts translate ret [1788964463990523168, 1788964463990535228]
[14:34:23.990][MXC][I]raw dispatch ts:[113237066187349,113237066187895]
[14:34:23.990][MXC][I]dispatch ts translate ret [1788964463990603275, 1788964463990608735]
[14:34:23.990][MXC][I]raw dispatch ts:[113237066190469,113237066190854]
[14:34:23.990][MXC][I]dispatch ts translate ret [1788964463990634474, 1788964463990638324]
[14:34:23.990][MXC][I]raw dispatch ts:[113237066191133,113237066191398]
[14:34:23.990][MXC][I]dispatch ts translate ret [1788964463990641114, 1788964463990643763]
[14:34:23.990][MXC][I]raw dispatch ts:[113237066211677,113237066212065]
[14:34:23.990][MXC][I]dispatch ts translate ret [1788964463990846474, 1788964463990850353]
[14:34:23.990][MXC][I]raw dispatch ts:[113237066191675,113237066192141]
[14:34:23.990][MXC][I]dispatch ts translate ret [1788964463990646510, 1788964463990651168]
[14:34:23.990][MXC][I]raw async_copy ts:[68789023235165,68789023246767]
[14:34:23.990][MXC][I]sdma_ts_.sdma_counter:68788037387253
[14:34:23.990][MXC][I]DNOCfreq:900000000, async_copy ts translate ret [1788964464264718674, 1788964464264731565]
[14:34:23.990][MXC][I]raw dispatch ts:[113237066192421,113237066192750]
[14:34:23.990][MXC][I]dispatch ts translate ret [1788964463990653968, 1788964463990657257]
[14:34:23.990][MXC][I]raw dispatch ts:[113237066195100,113237066195556]
[14:34:23.990][MXC][I]dispatch ts translate ret [1788964463990680750, 1788964463990685309]
[14:34:23.990][MXC][I]raw dispatch ts:[113237066195840,113237066196130]
[14:34:23.990][MXC][I]dispatch ts translate ret [1788964463990688148, 1788964463990691047]
[14:34:23.990][MXC][I]raw dispatch ts:[113237066196410,113237066196596]
[14:34:23.990][MXC][I]dispatch ts translate ret [1788964463990693846, 1788964463990695706]
[14:34:23.990][MXC][I]raw dispatch ts:[113237066196949,113237066197712]
[14:34:23.990][MXC][I]dispatch ts translate ret [1788964463990699235, 1788964463990706863]
[14:34:23.990][MXC][I]raw dispatch ts:[113237066197989,113237066198184]
[14:34:23.990][MXC][I]dispatch ts translate ret [1788964463990709632, 1788964463990711582]
[14:34:23.990][MXC][I]raw dispatch ts:[113237066198449,113237066198955]
[14:34:23.990][MXC][I]dispatch ts translate ret [1788964463990714231, 1788964463990719289]
[14:34:23.991][MXC][I]raw dispatch ts:[113237066231235,113237066231414]
[14:34:23.991][MXC][I]dispatch ts translate ret [1788964463991042054, 1788964463991043844]
[14:34:23.991][MXC][I]raw dispatch ts:[113237066201340,113237066202622]
[14:34:23.991][MXC][I]dispatch ts translate ret [1788964463990743101, 1788964463990755921]
[14:34:23.991][MXC][I]raw async_copy ts:[68789023464102,68789023486071]
[14:34:23.991][MXC][I]sdma_ts_.sdma_counter:68788037387253
[14:34:23.991][MXC][I]DNOCfreq:900000000, async_copy ts translate ret [1788964464264973049, 1788964464264997459]
[14:34:23.991][MXC][I]raw dispatch ts:[113237066202897,113237066204105]
[14:34:23.991][MXC][I]dispatch ts translate ret [1788964463990758671, 1788964463990770751]
[14:34:23.991][MXC][I]raw dispatch ts:[113237066204377,113237066206192]
[14:34:23.991][MXC][I]dispatch ts translate ret [1788964463990773471, 1788964463990791621]
[14:34:23.991][MXC][I]raw dispatch ts:[113237066206522,113237066210320]
[14:34:23.991][MXC][I]dispatch ts translate ret [1788964463990794921, 1788964463990832901]
[14:34:23.991][MXC][I]raw dispatch ts:[113237066210602,113237066210900]
[14:34:23.991][MXC][I]dispatch ts translate ret [1788964463990835721, 1788964463990838701]
[14:34:23.991][MXC][I]raw dispatch ts:[113237066211179,113237066211400]
[14:34:23.991][MXC][I]dispatch ts translate ret [1788964463990841491, 1788964463990843701]
[14:34:23.991][MXC][I]raw dispatch ts:[113237066217768,113237066218430]
[14:34:23.991][MXC][I]dispatch ts translate ret [1788964463990907382, 1788964463990914002]
[14:34:23.991][MXC][I]raw dispatch ts:[113237066220872,113237066222312]
[14:34:23.991][MXC][I]dispatch ts translate ret [1788964463990938423, 1788964463990952823]
[14:34:23.991][MXC][I]raw dispatch ts:[113237066222599,113237066223944]
[14:34:23.991][MXC][I]dispatch ts translate ret [1788964463990955693, 1788964463990969143]
[14:34:23.991][MXC][I]raw dispatch ts:[113237066224228,113237066225869]
[14:34:23.991][MXC][I]dispatch ts translate ret [1788964463990971983, 1788964463990988394]
[14:34:23.991][MXC][I]raw dispatch ts:[113237066226147,113237066227100]
[14:34:23.991][MXC][I]dispatch ts translate ret [1788964463990991174, 1788964463991000704]
[14:34:23.991][MXC][I]raw dispatch ts:[113237066229747,113237066230959]
[14:34:23.991][MXC][I]dispatch ts translate ret [1788964463991027174, 1788964463991039294]
[14:34:23.991][MXC][I]raw dispatch ts:[113237066237522,113237066238058]
[14:34:23.991][MXC][I]dispatch ts translate ret [1788964463991104924, 1788964463991110284]
[14:34:23.991][MXC][I]raw dispatch ts:[113237066240412,113237066240771]
[14:34:23.991][MXC][I]dispatch ts translate ret [1788964463991133825, 1788964463991137415]
[14:34:23.991][MXC][I]raw dispatch ts:[113237066241042,113237066241297]
[14:34:23.991][MXC][I]dispatch ts translate ret [1788964463991140125, 1788964463991142675]
[14:34:23.991][MXC][I]raw dispatch ts:[113237066261765,113237066262149]
[14:34:23.991][MXC][I]dispatch ts translate ret [1788964463991347284, 1788964463991351123]
[14:34:23.991][MXC][I]raw dispatch ts:[113237066241568,113237066242034]
[14:34:23.991][MXC][I]dispatch ts translate ret [1788964463991145362, 1788964463991150021]
[14:34:23.991][MXC][I]raw async_copy ts:[68789023833642,68789023845215]
[14:34:23.991][MXC][I]sdma_ts_.sdma_counter:68788037387253
[14:34:23.991][MXC][I]DNOCfreq:900000000, async_copy ts translate ret [1788964464265383649, 1788964464265396507]
[14:34:23.991][MXC][I]raw dispatch ts:[113237066244349,113237066244765]
[14:34:23.991][MXC][I]dispatch ts translate ret [1788964463991173165, 1788964463991177324]
[14:34:23.991][MXC][I]raw dispatch ts:[113237066245050,113237066245404]
[14:34:23.991][MXC][I]dispatch ts translate ret [1788964463991180173, 1788964463991183713]
[14:34:23.991][MXC][I]raw dispatch ts:[113237066245686,113237066245974]
[14:34:23.991][MXC][I]dispatch ts translate ret [1788964463991186532, 1788964463991189411]
[14:34:23.991][MXC][I]raw dispatch ts:[113237066246254,113237066246430]
[14:34:23.991][MXC][I]dispatch ts translate ret [1788964463991192211, 1788964463991193970]
[14:34:23.991][MXC][I]raw dispatch ts:[113237066246701,113237066247449]
[14:34:23.991][MXC][I]dispatch ts translate ret [1788964463991196679, 1788964463991204158]
[14:34:23.991][MXC][I]raw dispatch ts:[113237066247730,113237066247934]
[14:34:23.991][MXC][I]dispatch ts translate ret [1788964463991206967, 1788964463991209007]
[14:34:23.991][MXC][I]raw dispatch ts:[113237066250209,113237066250719]
[14:34:23.991][MXC][I]dispatch ts translate ret [1788964463991231751, 1788964463991236850]
[14:34:23.991][MXC][I]raw dispatch ts:[113237066281741,113237066281920]
[14:34:23.991][MXC][I]dispatch ts translate ret [1788964463991547120, 1788964463991548910]
[14:34:23.991][MXC][I]raw dispatch ts:[113237066251008,113237066252275]
[14:34:23.991][MXC][I]dispatch ts translate ret [1788964463991239711, 1788964463991252381]
[14:34:23.991][MXC][I]raw async_copy ts:[68789024070099,68789024092007]
[14:34:23.991][MXC][I]sdma_ts_.sdma_counter:68788037387253
[14:34:23.991][MXC][I]DNOCfreq:900000000, async_copy ts translate ret [1788964464265646379, 1788964464265670721]
[14:34:23.991][MXC][I]raw dispatch ts:[113237066252557,113237066254077]
[14:34:23.991][MXC][I]dispatch ts translate ret [1788964463991255201, 1788964463991270401]
[14:34:23.991][MXC][I]raw dispatch ts:[113237066254411,113237066256351]
[14:34:23.991][MXC][I]dispatch ts translate ret [1788964463991273741, 1788964463991293141]
[14:34:23.991][MXC][I]raw dispatch ts:[113237066256625,113237066260424]
[14:34:23.991][MXC][I]dispatch ts translate ret [1788964463991295881, 1788964463991333871]
[14:34:23.991][MXC][I]raw dispatch ts:[113237066260698,113237066260998]
[14:34:23.991][MXC][I]dispatch ts translate ret [1788964463991336611, 1788964463991339611]
[14:34:23.991][MXC][I]raw dispatch ts:[113237066261273,113237066261507]
[14:34:23.991][MXC][I]dispatch ts translate ret [1788964463991342361, 1788964463991344701]
[14:34:23.991][MXC][I]raw dispatch ts:[113237066267515,113237066268162]
[14:34:23.991][MXC][I]dispatch ts translate ret [1788964463991404801, 1788964463991411274]
[14:34:23.991][MXC][I]raw dispatch ts:[113237066270576,113237066271900]
[14:34:23.991][MXC][I]dispatch ts translate ret [1788964463991435424, 1788964463991448669]
[14:34:23.991][MXC][I]raw dispatch ts:[113237066272187,113237066273410]
[14:34:23.991][MXC][I]dispatch ts translate ret [1788964463991451540, 1788964463991463775]
[14:34:23.991][MXC][I]raw dispatch ts:[113237066273765,113237066275666]
[14:34:23.991][MXC][I]dispatch ts translate ret [1788964463991467327, 1788964463991486345]
[14:34:23.991][MXC][I]raw dispatch ts:[113237066275945,113237066276877]
[14:34:23.991][MXC][I]dispatch ts translate ret [1788964463991489136, 1788964463991498460]
[14:34:23.991][MXC][I]raw dispatch ts:[113237066280061,113237066281457]
[14:34:23.991][MXC][I]dispatch ts translate ret [1788964463991530313, 1788964463991544278]
[14:34:23.991][MXC][I]raw dispatch ts:[113237066288037,113237066288597]
[14:34:23.991][MXC][I]dispatch ts translate ret [1788964463991610104, 1788964463991615707]
[14:34:23.991][MXC][I]raw dispatch ts:[113237066291028,113237066291434]
[14:34:23.991][MXC][I]dispatch ts translate ret [1788964463991640027, 1788964463991644088]
[14:34:23.991][MXC][I]raw dispatch ts:[113237066291716,113237066291892]
[14:34:23.991][MXC][I]dispatch ts translate ret [1788964463991646909, 1788964463991648670]
[14:34:23.991][MXC][I]raw dispatch ts:[113237066312532,113237066312909]
[14:34:23.991][MXC][I]dispatch ts translate ret [1788964463991855016, 1788964463991858786]
[14:34:23.991][MXC][I]raw dispatch ts:[113237066292149,113237066292615]
[14:34:23.991][MXC][I]dispatch ts translate ret [1788964463991651197, 1788964463991655857]
[14:34:23.991][MXC][I]raw async_copy ts:[68789024443578,68789024455513]
[14:34:23.991][MXC][I]sdma_ts_.sdma_counter:68788037387253
[14:34:23.991][MXC][I]DNOCfreq:900000000, async_copy ts translate ret [1788964464266061356, 1788964464266074617]
[14:34:23.991][MXC][I]raw dispatch ts:[113237066295058,113237066295460]
[14:34:23.991][MXC][I]dispatch ts translate ret [1788964463991680286, 1788964463991684305]
[14:34:23.991][MXC][I]raw dispatch ts:[113237066295739,113237066296097]
[14:34:23.991][MXC][I]dispatch ts translate ret [1788964463991687095, 1788964463991690675]
[14:34:23.991][MXC][I]raw dispatch ts:[113237066296365,113237066296652]
[14:34:23.991][MXC][I]dispatch ts translate ret [1788964463991693355, 1788964463991696225]
[14:34:23.991][MXC][I]raw dispatch ts:[113237066296922,113237066297098]
[14:34:23.991][MXC][I]dispatch ts translate ret [1788964463991698925, 1788964463991700684]
[14:34:23.991][MXC][I]raw dispatch ts:[113237066297353,113237066298069]
[14:34:23.991][MXC][I]dispatch ts translate ret [1788964463991703234, 1788964463991710394]
[14:34:23.991][MXC][I]raw dispatch ts:[113237066298467,113237066298672]
[14:34:23.991][MXC][I]dispatch ts translate ret [1788964463991714374, 1788964463991716424]
[14:34:23.991][MXC][I]raw dispatch ts:[113237066301440,113237066301947]
[14:34:23.991][MXC][I]dispatch ts translate ret [1788964463991744102, 1788964463991749172]
[14:34:23.992][MXC][I]raw dispatch ts:[113237066331738,113237066332054]
[14:34:23.992][MXC][I]dispatch ts translate ret [1788964463992047064, 1788964463992050224]
[14:34:23.992][MXC][I]raw dispatch ts:[113237066302237,113237066303476]
[14:34:23.992][MXC][I]dispatch ts translate ret [1788964463991752065, 1788964463991764455]
[14:34:24.133][MXC][I]raw dispatch ts:[113237066303757,113237066304903]
[14:34:24.133][MXC][I]dispatch ts translate ret [1788964463991767265, 1788964463991778725]
[14:34:24.133][MXC][I]raw dispatch ts:[113237066305213,113237066307015]
[14:34:24.133][MXC][I]dispatch ts translate ret [1788964463991781825, 1788964463991799845]
[14:34:24.133][MCR][W]mx_command.cpp           :1883: HW exec timestamp will be adjusted!!!
[14:34:24.133][MCR][W]mx_command.cpp           :1885: floor:1788964463969259811, start:1788964463969273600, end:1788964464235985664, ceiling:1788964464133678099
[14:34:24.133][MCR][W]mx_command.cpp           :1883: HW exec timestamp will be adjusted!!!
[14:34:24.133][MCR][W]mx_command.cpp           :1885: floor:1788964463975246865, start:1788964463975258624, end:1788964464243965184, ceiling:1788964464133697311
[14:34:24.133][MCR][W]mx_command.cpp           :1883: HW exec timestamp will be adjusted!!!
[14:34:24.133][MCR][W]mx_command.cpp           :1885: floor:1788964463975860304, start:1788964463975899648, end:1788964464244796160, ceiling:1788964464133727922
[14:34:24.133][MCR][W]mx_command.cpp           :1883: HW exec timestamp will be adjusted!!!
[14:34:24.133][MCR][W]mx_command.cpp           :1885: floor:1788964463976095114, start:1788964463976149760, end:1788964464245152256, ceiling:1788964464133741826
[14:34:24.133][MCR][W]mx_command.cpp           :1883: HW exec timestamp will be adjusted!!!
[14:34:24.133][MCR][W]mx_command.cpp           :1885: floor:1788964463976463211, start:1788964463976518400, end:1788964464245622528, ceiling:1788964464133766771
[14:34:24.133][MCR][W]mx_command.cpp           :1883: HW exec timestamp will be adjusted!!!
[14:34:24.133][MCR][W]mx_command.cpp           :1885: floor:1788964463976632739, start:1788964463976731648, end:1788964464245920512, ceiling:1788964464133779926
[14:34:24.133][MCR][W]mx_command.cpp           :1883: HW exec timestamp will be adjusted!!!
[14:34:24.133][MCR][W]mx_command.cpp           :1885: floor:1788964463976933677, start:1788964463977079552, end:1788964464246375680, ceiling:1788964464133804452
[14:34:24.133][MCR][W]mx_command.cpp           :1883: HW exec timestamp will be adjusted!!!
[14:34:24.133][MCR][W]mx_command.cpp           :1885: floor:1788964463977173283, start:1788964463977279232, end:1788964464246648320, ceiling:1788964464133818536
[14:34:24.133][MCR][W]mx_command.cpp           :1883: HW exec timestamp will be adjusted!!!
[14:34:24.133][MCR][W]mx_command.cpp           :1885: floor:1788964463977480794, start:1788964463977620224, end:1788964464247093248, ceiling:1788964464133841282
[14:34:24.133][MCR][W]mx_command.cpp           :1883: HW exec timestamp will be adjusted!!!
[14:34:24.133][MCR][W]mx_command.cpp           :1885: floor:1788964463977730197, start:1788964463977817856, end:1788964464247384576, ceiling:1788964464133853810
[14:34:24.133][MCR][W]mx_command.cpp           :1883: HW exec timestamp will be adjusted!!!
[14:34:24.133][MCR][W]mx_command.cpp           :1885: floor:1788964463978019930, start:1788964463978169600, end:1788964464247842048, ceiling:1788964464133873786
[14:34:24.133][MCR][W]mx_command.cpp           :1883: HW exec timestamp will be adjusted!!!
[14:34:24.133][MCR][W]mx_command.cpp           :1885: floor:1788964463978280625, start:1788964463978376960, end:1788964464248113920, ceiling:1788964464133886408
[14:34:24.133][MCR][W]mx_command.cpp           :1883: HW exec timestamp will be adjusted!!!
[14:34:24.133][MCR][W]mx_command.cpp           :1885: floor:1788964463978573398, start:1788964463978717184, end:1788964464248553728, ceiling:1788964464133906357
[14:34:24.133][MCR][W]mx_command.cpp           :1883: HW exec timestamp will be adjusted!!!
[14:34:24.133][MCR][W]mx_command.cpp           :1885: floor:1788964463978808539, start:1788964463978915840, end:1788964464248830208, ceiling:1788964464133916849
[14:34:24.133][MCR][W]mx_command.cpp           :1883: HW exec timestamp will be adjusted!!!
[14:34:24.133][MCR][W]mx_command.cpp           :1885: floor:1788964463979129056, start:1788964463979246080, end:1788964464249263104, ceiling:1788964464133936497
[14:34:24.133][MCR][W]mx_command.cpp           :1883: HW exec timestamp will be adjusted!!!
[14:34:24.133][MCR][W]mx_command.cpp           :1885: floor:1788964463979355913, start:1788964463979461888, end:1788964464249559552, ceiling:1788964464133950089
[14:34:24.133][MCR][W]mx_command.cpp           :1883: HW exec timestamp will be adjusted!!!
[14:34:24.133][MCR][W]mx_command.cpp           :1885: floor:1788964463979639513, start:1788964463979772928, end:1788964464249965312, ceiling:1788964464133970659
[14:34:24.133][MCR][W]mx_command.cpp           :1883: HW exec timestamp will be adjusted!!!
[14:34:24.133][MCR][W]mx_command.cpp           :1885: floor:1788964463979881382, start:1788964463979979008, end:1788964464250250240, ceiling:1788964464133983265
[14:34:24.134][MCR][W]mx_command.cpp           :1883: HW exec timestamp will be adjusted!!!
[14:34:24.134][MCR][W]mx_command.cpp           :1885: floor:1788964463980175613, start:1788964463980317184, end:1788964464250691072, ceiling:1788964464134002615
[14:34:24.134][MCR][W]mx_command.cpp           :1883: HW exec timestamp will be adjusted!!!
[14:34:24.134][MCR][W]mx_command.cpp           :1885: floor:1788964463980413196, start:1788964463980514560, end:1788964464250964224, ceiling:1788964464134015223
[14:34:24.134][MCR][W]mx_command.cpp           :1883: HW exec timestamp will be adjusted!!!
[14:34:24.134][MCR][W]mx_command.cpp           :1885: floor:1788964463980721258, start:1788964463980851712, end:1788964464251405568, ceiling:1788964464134037034
[14:34:24.134][MCR][W]mx_command.cpp           :1883: HW exec timestamp will be adjusted!!!
[14:34:24.134][MCR][W]mx_command.cpp           :1885: floor:1788964463980955254, start:1788964463981054464, end:1788964464251682560, ceiling:1788964464134051732
[14:34:24.134][MCR][W]mx_command.cpp           :1883: HW exec timestamp will be adjusted!!!
[14:34:24.134][MCR][W]mx_command.cpp           :1885: floor:1788964463981234515, start:1788964463981362688, end:1788964464252084992, ceiling:1788964464134072424
[14:34:24.134][MCR][W]mx_command.cpp           :1883: HW exec timestamp will be adjusted!!!
[14:34:24.134][MCR][W]mx_command.cpp           :1885: floor:1788964463981462666, start:1788964463981564416, end:1788964464252363776, ceiling:1788964464134085003
[14:34:24.134][MCR][W]mx_command.cpp           :1883: HW exec timestamp will be adjusted!!!
[14:34:24.134][MCR][W]mx_command.cpp           :1885: floor:1788964463981764750, start:1788964463981899520, end:1788964464252800000, ceiling:1788964464134104240
[14:34:24.134][MCR][W]mx_command.cpp           :1883: HW exec timestamp will be adjusted!!!
[14:34:24.134][MCR][W]mx_command.cpp           :1885: floor:1788964463981999700, start:1788964463982094592, end:1788964464253069312, ceiling:1788964464134116405
[14:34:24.134][MCR][W]mx_command.cpp           :1883: HW exec timestamp will be adjusted!!!
[14:34:24.134][MCR][W]mx_command.cpp           :1885: floor:1788964463982285938, start:1788964463982431488, end:1788964464253505536, ceiling:1788964464134136669
[14:34:24.134][MCR][W]mx_command.cpp           :1883: HW exec timestamp will be adjusted!!!
[14:34:24.134][MCR][W]mx_command.cpp           :1885: floor:1788964463982524668, start:1788964463982626816, end:1788964464253781504, ceiling:1788964464134149727
[14:34:24.134][MCR][W]mx_command.cpp           :1883: HW exec timestamp will be adjusted!!!
[14:34:24.134][MCR][W]mx_command.cpp           :1885: floor:1788964463982809594, start:1788964463982938112, end:1788964464254190336, ceiling:1788964464134169844
[14:34:24.134][MCR][W]mx_command.cpp           :1883: HW exec timestamp will be adjusted!!!
[14:34:24.134][MCR][W]mx_command.cpp           :1885: floor:1788964463983034237, start:1788964463983142144, end:1788964464254466304, ceiling:1788964464134181938
[14:34:24.134][MCR][W]mx_command.cpp           :1883: HW exec timestamp will be adjusted!!!
[14:34:24.134][MCR][W]mx_command.cpp           :1885: floor:1788964463983342924, start:1788964463983480064, end:1788964464254910976, ceiling:1788964464134202229
[14:34:24.134][MCR][W]mx_command.cpp           :1883: HW exec timestamp will be adjusted!!!
[14:34:24.134][MCR][W]mx_command.cpp           :1885: floor:1788964463983576266, start:1788964463983680512, end:1788964464255194880, ceiling:1788964464134215303
[14:34:24.134][MCR][W]mx_command.cpp           :1883: HW exec timestamp will be adjusted!!!
[14:34:24.134][MCR][W]mx_command.cpp           :1885: floor:1788964463983900917, start:1788964463984027136, end:1788964464255637760, ceiling:1788964464134236091
[14:34:24.134][MCR][W]mx_command.cpp           :1883: HW exec timestamp will be adjusted!!!
[14:34:24.134][MCR][W]mx_command.cpp           :1885: floor:1788964463984117155, start:1788964463984225024, end:1788964464255915008, ceiling:1788964464134248226
[14:34:24.134][MCR][W]mx_command.cpp           :1883: HW exec timestamp will be adjusted!!!
[14:34:24.134][MCR][W]mx_command.cpp           :1885: floor:1788964463984425150, start:1788964463984558080, end:1788964464256348672, ceiling:1788964464134268714
[14:34:24.134][MCR][W]mx_command.cpp           :1883: HW exec timestamp will be adjusted!!!
[14:34:24.134][MCR][W]mx_command.cpp           :1885: floor:1788964463984659053, start:1788964463984751872, end:1788964464256614656, ceiling:1788964464134281611
[14:34:24.134][MCR][W]mx_command.cpp           :1883: HW exec timestamp will be adjusted!!!
[14:34:24.134][MCR][W]mx_command.cpp           :1885: floor:1788964463984970146, start:1788964463985108480, end:1788964464257074688, ceiling:1788964464134301562
[14:34:24.134][MCR][W]mx_command.cpp           :1883: HW exec timestamp will be adjusted!!!
[14:34:24.134][MCR][W]mx_command.cpp           :1885: floor:1788964463985195689, start:1788964463985303296, end:1788964464257347584, ceiling:1788964464134315243
[14:34:24.134][MCR][W]mx_command.cpp           :1883: HW exec timestamp will be adjusted!!!
[14:34:24.134][MCR][W]mx_command.cpp           :1885: floor:1788964463985510503, start:1788964463985653760, end:1788964464257801728, ceiling:1788964464134336321
[14:34:24.134][MCR][W]mx_command.cpp           :1883: HW exec timestamp will be adjusted!!!
[14:34:24.134][MCR][W]mx_command.cpp           :1885: floor:1788964463985739667, start:1788964463985844736, end:1788964464258075904, ceiling:1788964464134349247
[14:34:24.134][MCR][W]mx_command.cpp           :1883: HW exec timestamp will be adjusted!!!
[14:34:24.134][MCR][W]mx_command.cpp           :1885: floor:1788964463986036138, start:1788964463986182656, end:1788964464258506752, ceiling:1788964464134369790
[14:34:24.134][MCR][W]mx_command.cpp           :1883: HW exec timestamp will be adjusted!!!
[14:34:24.134][MCR][W]mx_command.cpp           :1885: floor:1788964463986271029, start:1788964463986372864, end:1788964464258775808, ceiling:1788964464134382673
[14:34:24.134][MCR][W]mx_command.cpp           :1883: HW exec timestamp will be adjusted!!!
[14:34:24.134][MCR][W]mx_command.cpp           :1885: floor:1788964463986575157, start:1788964463986704384, end:1788964464259211776, ceiling:1788964464134401478
[14:34:24.134][MCR][W]mx_command.cpp           :1883: HW exec timestamp will be adjusted!!!
[14:34:24.134][MCR][W]mx_command.cpp           :1885: floor:1788964463986814160, start:1788964463986903552, end:1788964464259481600, ceiling:1788964464134414928
[14:34:24.134][MCR][W]mx_command.cpp           :1883: HW exec timestamp will be adjusted!!!
[14:34:24.134][MCR][W]mx_command.cpp           :1885: floor:1788964463987094500, start:1788964463987247104, end:1788964464259926528, ceiling:1788964464134434657
[14:34:24.134][MCR][W]mx_command.cpp           :1883: HW exec timestamp will be adjusted!!!
[14:34:24.134][MCR][W]mx_command.cpp           :1885: floor:1788964463987346670, start:1788964463987456000, end:1788964464260220160, ceiling:1788964464134444778
[14:34:24.134][MCR][W]mx_command.cpp           :1883: HW exec timestamp will be adjusted!!!
[14:34:24.134][MCR][W]mx_command.cpp           :1885: floor:1788964463987648222, start:1788964463987792896, end:1788964464260655360, ceiling:1788964464134466188
[14:34:24.134][MCR][W]mx_command.cpp           :1883: HW exec timestamp will be adjusted!!!
[14:34:24.134][MCR][W]mx_command.cpp           :1885: floor:1788964463987889773, start:1788964463987988992, end:1788964464260929280, ceiling:1788964464134478705
[14:34:24.134][MCR][W]mx_command.cpp           :1883: HW exec timestamp will be adjusted!!!
[14:34:24.134][MCR][W]mx_command.cpp           :1885: floor:1788964463988176932, start:1788964463988318464, end:1788964464261354496, ceiling:1788964464134498377
[14:34:24.134][MCR][W]mx_command.cpp           :1883: HW exec timestamp will be adjusted!!!
[14:34:24.134][MCR][W]mx_command.cpp           :1885: floor:1788964463988405699, start:1788964463988514304, end:1788964464261626624, ceiling:1788964464134509916
[14:34:24.134][MCR][W]mx_command.cpp           :1883: HW exec timestamp will be adjusted!!!
[14:34:24.134][MCR][W]mx_command.cpp           :1885: floor:1788964463988688690, start:1788964463988841472, end:1788964464262055168, ceiling:1788964464134528580
[14:34:24.134][MCR][W]mx_command.cpp           :1883: HW exec timestamp will be adjusted!!!
[14:34:24.134][MCR][W]mx_command.cpp           :1885: floor:1788964463988930908, start:1788964463989036800, end:1788964464262324992, ceiling:1788964464134538642
[14:34:24.134][MCR][W]mx_command.cpp           :1883: HW exec timestamp will be adjusted!!!
[14:34:24.134][MCR][W]mx_command.cpp           :1885: floor:1788964463989214433, start:1788964463989343488, end:1788964464262723584, ceiling:1788964464134557344
[14:34:24.134][MCR][W]mx_command.cpp           :1883: HW exec timestamp will be adjusted!!!
[14:34:24.134][MCR][W]mx_command.cpp           :1885: floor:1788964463989429341, start:1788964463989535744, end:1788964464262988544, ceiling:1788964464134569865
[14:34:24.134][MCR][W]mx_command.cpp           :1883: HW exec timestamp will be adjusted!!!
[14:34:24.134][MCR][W]mx_command.cpp           :1885: floor:1788964463989711760, start:1788964463989842688, end:1788964464263390464, ceiling:1788964464134588815
[14:34:24.134][MCR][W]mx_command.cpp           :1883: HW exec timestamp will be adjusted!!!
[14:34:24.134][MCR][W]mx_command.cpp           :1885: floor:1788964463989933954, start:1788964463990036224, end:1788964464263659776, ceiling:1788964464134599038
[14:34:24.134][MCR][W]mx_command.cpp           :1883: HW exec timestamp will be adjusted!!!
[14:34:24.134][MCR][W]mx_command.cpp           :1885: floor:1788964463990215099, start:1788964463990341888, end:1788964464264055552, ceiling:1788964464134618429
[14:34:24.134][MCR][W]mx_command.cpp           :1883: HW exec timestamp will be adjusted!!!
[14:34:24.134][MCR][W]mx_command.cpp           :1885: floor:1788964463990431521, start:1788964463990537984, end:1788964464264328448, ceiling:1788964464134628444
[14:34:24.134][MCR][W]mx_command.cpp           :1883: HW exec timestamp will be adjusted!!!
[14:34:24.134][MCR][W]mx_command.cpp           :1885: floor:1788964463990714632, start:1788964463990846464, end:1788964464264731648, ceiling:1788964464134646675
[14:34:24.134][MCR][W]mx_command.cpp           :1883: HW exec timestamp will be adjusted!!!
[14:34:24.134][MCR][W]mx_command.cpp           :1885: floor:1788964463990936049, start:1788964463991042048, end:1788964464264997376, ceiling:1788964464134656623
[14:34:24.134][MCR][W]mx_command.cpp           :1883: HW exec timestamp will be adjusted!!!
[14:34:24.134][MCR][W]mx_command.cpp           :1885: floor:1788964463991218453, start:1788964463991347200, end:1788964464265396480, ceiling:1788964464134675068
[14:34:24.134][MCR][W]mx_command.cpp           :1883: HW exec timestamp will be adjusted!!!
[14:34:24.134][MCR][W]mx_command.cpp           :1885: floor:1788964463991436240, start:1788964463991547136, end:1788964464265670656, ceiling:1788964464134685546
[14:34:24.134][MXC][I]raw dispatch ts:[113237066307373,113237066311167]
[14:34:24.134][MXC][I]dispatch ts translate ret [1788964463991803425, 1788964463991841365]
[14:34:24.134][MXC][I]raw dispatch ts:[113237066311449,113237066311751]
[14:34:24.134][MXC][I]dispatch ts translate ret [1788964463991844185, 1788964463991847205]
[14:34:24.134][MXC][I]raw dispatch ts:[113237066312033,113237066312266]
[14:34:24.134][MXC][I]dispatch ts translate ret [1788964463991850025, 1788964463991852355]
[14:34:24.134][MCR][W]mx_command.cpp           :1883: HW exec timestamp will be adjusted!!!
[14:34:24.134][MCR][W]mx_command.cpp           :1885: floor:1788964463991725243, start:1788964463991855104, end:1788964464266074624, ceiling:1788964464134712681
[14:34:24.134][MXC][I]raw dispatch ts:[113237066318275,113237066318957]
[14:34:24.134][MXC][I]dispatch ts translate ret [1788964463991912442, 1788964463991919262]
[14:34:24.134][MXC][I]raw dispatch ts:[113237066321342,113237066322704]
[14:34:24.134][MXC][I]dispatch ts translate ret [1788964463991943111, 1788964463991956730]
[14:34:24.134][MXC][I]raw dispatch ts:[113237066322987,113237066324273]
[14:34:24.134][MXC][I]dispatch ts translate ret [1788964463991959560, 1788964463991972419]
[14:34:24.134][MXC][I]raw dispatch ts:[113237066324544,113237066326227]
[14:34:24.134][MXC][I]dispatch ts translate ret [1788964463991975129, 1788964463991991957]
[14:34:24.134][MXC][I]raw dispatch ts:[113237066328827,113237066329915]
[14:34:24.134][MXC][I]dispatch ts translate ret [1788964463992017956, 1788964463992028835]
[14:34:24.134][MXC][I]raw dispatch ts:[113237066330193,113237066331468]
[14:34:24.134][MXC][I]dispatch ts translate ret [1788964463992031615, 1788964463992044364]
[14:34:24.134][MXC][I]raw async_copy ts:[68789024672281,68789024694126]
[14:34:24.134][MXC][I]sdma_ts_.sdma_counter:68788037387253
[14:34:24.134][MXC][I]DNOCfreq:900000000, async_copy ts translate ret [1788964464266315470, 1788964464266339742]
[14:34:24.134][MCR][W]mx_command.cpp           :1883: HW exec timestamp will be adjusted!!!
[14:34:24.134][MCR][W]mx_command.cpp           :1885: floor:1788964463991946755, start:1788964463992047104, end:1788964464266339840, ceiling:1788964464134743969
[14:34:24.134][MXC][I]raw dispatch ts:[113237080482090,113237080490231]
[14:34:24.134][MXC][I]dispatch ts translate ret [1788964464133551205, 1788964464133632616]
[14:34:24.145][MCR][I]mc_memory.cpp            :1671: copy strategy - H2DCpuCopy:0,D2HCpuCopy:0,cpuCopy:0,d2dCrossDevices:0,pageableHToDAsync:0
[14:34:24.145][MCR][I]mc_memory.cpp            :1672: copy strategy - isAsync:0,waitComplete:0
[14:34:24.145][MXC][I]raw dispatch ts:[113237080847595,113237080853674]
[14:34:24.145][MXC][I]dispatch ts translate ret [1788964464137206320, 1788964464137267112]
[14:34:24.145][MXC][I]raw dispatch ts:[113237081684128,113237081684220]
[14:34:24.145][MXC][I]dispatch ts translate ret [1788964464145571852, 1788964464145572772]
[14:34:24.145][MXC][I]raw dispatch ts:[113237080862850,113237080867820]
[14:34:24.145][MXC][I]dispatch ts translate ret [1788964464137358874, 1788964464137408575]
[14:34:24.145][MXC][I]raw async_copy ts:[68789208901670,68789208903373]
[14:34:24.145][MXC][I]sdma_ts_.sdma_counter:68788037387253
[14:34:24.145][MXC][I]DNOCfreq:900000000, async_copy ts translate ret [1788964464471014791, 1788964464471016683]
[14:34:24.145][MXC][I]raw dispatch ts:[113237080921557,113237080926655]
[14:34:24.145][MXC][I]dispatch ts translate ret [1788964464137945958, 1788964464137996939]
[14:34:24.145][MXC][I]raw dispatch ts:[113237080932999,113237080938138]
[14:34:24.145][MXC][I]dispatch ts translate ret [1788964464138060381, 1788964464138111772]
[14:34:24.145][MXC][I]raw dispatch ts:[113237080940934,113237080947979]
[14:34:24.145][MXC][I]dispatch ts translate ret [1788964464138139733, 1788964464138210184]
[14:34:24.145][MXC][I]raw dispatch ts:[113237080948301,113237080953264]
[14:34:24.145][MXC][I]dispatch ts translate ret [1788964464138213404, 1788964464138263036]
[14:34:24.145][MXC][I]raw dispatch ts:[113237080956880,113237080962041]
[14:34:24.145][MXC][I]dispatch ts translate ret [1788964464138299197, 1788964464138350808]
[14:34:24.145][MXC][I]raw dispatch ts:[113237080962419,113237080966357]
[14:34:24.145][MXC][I]dispatch ts translate ret [1788964464138354588, 1788964464138393969]
[14:34:24.145][MXC][I]raw dispatch ts:[113237080969952,113237080973958]
[14:34:24.145][MXC][I]dispatch ts translate ret [1788964464138429920, 1788964464138469981]
[14:34:24.145][MXC][I]raw dispatch ts:[113237080974325,113237080978059]
[14:34:24.145][MXC][I]dispatch ts translate ret [1788964464138473651, 1788964464138510992]
[14:34:24.145][MXC][I]raw dispatch ts:[113237080980716,113237080986613]
[14:34:24.145][MXC][I]dispatch ts translate ret [1788964464138537562, 1788964464138596534]
[14:34:24.145][MXC][I]raw dispatch ts:[113237080986891,113237080990462]
[14:34:24.145][MXC][I]dispatch ts translate ret [1788964464138599314, 1788964464138635025]
[14:34:24.145][MXC][I]raw dispatch ts:[113237080993202,113237080996830]
[14:34:24.145][MXC][I]dispatch ts translate ret [1788964464138662425, 1788964464138698706]
[14:34:24.145][MXC][I]raw dispatch ts:[113237081005550,113237081005936]
[14:34:24.145][MXC][I]dispatch ts translate ret [1788964464138785908, 1788964464138789768]
[14:34:24.145][MXC][I]raw dispatch ts:[113237081670410,113237081673700]
[14:34:24.145][MXC][I]dispatch ts translate ret [1788964464145434670, 1788964464145467570]
[14:34:24.145][MCR][W]mx_command.cpp           :1883: HW exec timestamp will be adjusted!!!
[14:34:24.145][MCR][W]mx_command.cpp           :1885: floor:1788964464145548929, start:1788964464145571840, end:1788964464471016704, ceiling:1788964464145673022
[14:34:24.151][MCR][I]mc_memory.cpp            :1671: copy strategy - H2DCpuCopy:0,D2HCpuCopy:0,cpuCopy:0,d2dCrossDevices:0,pageableHToDAsync:0
[14:34:24.151][MCR][I]mc_memory.cpp            :1672: copy strategy - isAsync:0,waitComplete:0
[14:34:24.151][MXC][I]raw dispatch ts:[113237082317883,113237082317976]
[14:34:24.151][MXC][I]dispatch ts translate ret [1788964464151909307, 1788964464151910237]
[14:34:24.151][MXC][I]raw async_copy ts:[68789216506501,68789216508432]
[14:34:24.151][MXC][I]sdma_ts_.sdma_counter:68788037387253
[14:34:24.151][MXC][I]DNOCfreq:900000000, async_copy ts translate ret [1788964464479464603, 1788964464479466748]
[14:34:24.151][MXC][I]raw dispatch ts:[113237081705788,113237081712738]
[14:34:24.151][MXC][I]dispatch ts translate ret [1788964464145788449, 1788964464145857948]
[14:34:24.151][MXC][I]raw dispatch ts:[113237081715423,113237081720014]
[14:34:24.151][MXC][I]dispatch ts translate ret [1788964464145884798, 1788964464145930707]
[14:34:24.151][MXC][I]raw dispatch ts:[113237081722934,113237081723296]
[14:34:24.151][MXC][I]dispatch ts translate ret [1788964464145959906, 1788964464145963526]
[14:34:24.151][MXC][I]raw dispatch ts:[113237082311402,113237082315379]
[14:34:24.151][MXC][I]dispatch ts translate ret [1788964464151844498, 1788964464151884267]
[14:34:24.151][MCR][W]mx_command.cpp           :1883: HW exec timestamp will be adjusted!!!
[14:34:24.151][MCR][W]mx_command.cpp           :1885: floor:1788964464151897193, start:1788964464151909376, end:1788964464479466752, ceiling:1788964464151963989
[14:34:24.153][MXC][I]raw dispatch ts:[113237082418631,113237082427166]
[14:34:24.153][MXC][I]dispatch ts translate ret [1788964464152916729, 1788964464153002074]
[14:34:24.153][MXC][I]raw dispatch ts:[113237082429959,113237082438065]
[14:34:24.153][MXC][I]dispatch ts translate ret [1788964464153030003, 1788964464153111058]
[14:34:24.153][MXC][I]raw dispatch ts:[113237082438341,113237082446474]
[14:34:24.153][MXC][I]dispatch ts translate ret [1788964464153113818, 1788964464153195143]
[14:34:24.153][MXC][I]raw dispatch ts:[113237082449047,113237082457135]
[14:34:24.153][MXC][I]dispatch ts translate ret [1788964464153220872, 1788964464153301747]
[14:34:24.153][MXC][I]raw dispatch ts:[113237082457411,113237082465547]
[14:34:24.153][MXC][I]dispatch ts translate ret [1788964464153304507, 1788964464153385862]
[14:34:24.153][MXC][I]raw dispatch ts:[113237082465865,113237082473943]
[14:34:24.153][MXC][I]dispatch ts translate ret [1788964464153389042, 1788964464153469817]
[14:34:24.153][MXC][I]raw dispatch ts:[113237082474225,113237082482344]
[14:34:24.153][MXC][I]dispatch ts translate ret [1788964464153472637, 1788964464153553823]
[14:34:24.153][MXC][I]raw dispatch ts:[113237082485071,113237082493162]
[14:34:24.153][MXC][I]dispatch ts translate ret [1788964464153581091, 1788964464153661996]
[14:34:24.153][MXC][I]raw dispatch ts:[113237082493459,113237082501555]
[14:34:24.153][MXC][I]dispatch ts translate ret [1788964464153664966, 1788964464153745921]
[14:34:24.153][MXC][I]raw dispatch ts:[113237082501897,113237082509993]
[14:34:24.153][MXC][I]dispatch ts translate ret [1788964464153749341, 1788964464153830297]
[14:34:24.154][MXC][I]raw dispatch ts:[113237082532931,113237082550984]
[14:34:24.154][MXC][I]dispatch ts translate ret [1788964464154059676, 1788964464154240208]
[14:34:24.157][MXC][I]raw dispatch ts:[113237082890787,113237082898923]
[14:34:24.157][MXC][I]dispatch ts translate ret [1788964464157638363, 1788964464157719726]
[info] MctxStreamProfilerCountDataGet Loop
[14:34:24.849][MCR][I]mc_device.cpp            :1002: tearDown enter!

[14:34:24.849][MCR][I]mx_device.cpp            :1578: deleting hardware queue 0x7fa0c880b000 with refCount 0
[14:34:24.850][MCR][I]mx_device.cpp            :1601: number of allocated hardware queues 0-0-0(H-N-L), number of users 0-0-0
[14:34:24.850][MXC][I]~GpuDevice: Entering
[14:34:24.851][MCTX][I]mcRpcAsyncImpl.cpp       :550 : callback mcRpcAsyncDone!
[14:34:24.851][PTI][I]mcpti_tracer.hpp         :309 : stopProcessThread
[14:34:24.851][MCTX][I]mcRpcAsyncImpl.cpp       :491 : mcRpcServerAsync TearDown!
[14:34:24.851][MCTX][I]server.cpp               :116 : Server will tearDown[3].
[14:34:24.859][MCTX][I]mcRpcAsyncImpl.cpp       :250 : ProfilerCountDataGet the last msg:[
{
"ISU" : {
"26" : {
"dpcId0" : [
4385906614287,
4383889820288,
4384378542322,
4382526498056,
4382077758961,
4380545850696,
4379758420560,
4378430014430,
4378579248501,
4376552328116,
4376628184413,
4373991260469,
4376513380088
],
"dpcId1" : [
4386301630379,
4384461640371,
4384692503226,
4382287100623,
4382066265377,
4380650565030,
4380158220033,
4378816060250,
4379347950463,
4377202160098,
4377188639732,
4374633395287,
4376689603712
],
"dpcId2" : [
4385695355605,
4383487440410,
4383743884206,
4381765600663,
4381021433843,
4379682611306,
4378813784673,
4377733753722,
4377254814903,
4375630610108,
4375891585752,
4373400501302,
4375116415008
],
"dpcId3" : [
4385765830954,
4383762465410,
4384008046027,
4382373084102,
4381768261942,
4380048532076,
4379841186039,
4378582313564,
4377863742663,
4375736874734,
4375996615309,
4373578521409,
[info] MctxStreamProfilerCountDataGet Loop
4374947162958
],
"dpcId4" : [
4385340683398,
4383248650930,
4383885973308,
4382248168307,
4381557717688,
4379948665076,
4379[14:34:24.870][MCTX][I]server.cpp               :348 : HandleRpcs exit. thread_no=[0].
[14:34:25.870][MCTX][I]server.cpp               :89  : Server Shutdown!
[14:34:25.871][MCTX][I]mcRpcAsyncImpl.cpp       :477 : mcRpcServerAsyncRun stop
[14:34:25.952][MCTX][I]mctxTPImpl.cpp           :433 : clear port.
[warning] get_srvrpc_port get rpc server ports failed: cannot retrieve rpc server port.
[warning] get_srvrpc_port get rpc server ports failed: cannot retrieve rpc server port.
[warning] get_srvrpc_port get rpc server ports failed: cannot retrieve rpc server port.
[warning] get_srvrpc_port get rpc server ports failed: cannot retrieve rpc server port.
[warning] get_srvrpc_port get rpc server ports failed: cannot retrieve rpc server port.
[warning] get_srvrpc_port get rpc server ports failed: cannot retrieve rpc server port./tmp/_MEIMBLqfb/phttp/http_server.py:89: UserWarning:

The 'environ['werkzeug.server.shutdown']' function is deprecated and will be removed in Werkzeug 2.1.


[warning] get_srvrpc_port get rpc server ports failed: cannot retrieve rpc server port.
[warning] get_srvrpc_port get rpc server ports failed: cannot retrieve rpc server port.
[warning] get_srvrpc_port get rpc server ports failed: cannot retrieve rpc server port.

[info] profiling task 0039d064-1654-4b9c-b866-1114b566beca
[info] complete task 0039d064-1654-4b9c-b866-1114b566beca
stop server
perf done, please check report file /data/nsa_codex_20260909_r1/results/profile128_d128
PROFILE_DRIVER_COMPLETE
